time,open,high,low,close,,,,,,,,,,,,,,,,,,,,,Red %,Blue %,B,red_green (开盘价),red_green (最高价,red_green (最低价),red_green (关闭),cyan_magenta (开盘价),cyan_magenta (最高价,cyan_magenta (最低价),cyan_magenta (关闭),yellow (开盘价),yellow (最高价,yellow (最低价),yellow (关闭),blue (开盘价),blue (最高价,blue (最低价),blue (关闭),fuchsia (开盘价),fuchsia (最高价,fuchsia (最低价),fuchsia (关闭),white (开盘价),white (最高价,white (最低价),white (关闭),rs,Regular Bullish,Regular Bullish Label,Hidden Bullish,Hidden Bullish Label,Regular Bearish,Regular Bearish Label,Hidden Bearish,Hidden Bearish Label,多头突破,空头突破,空头陷阱,中轴线,超买 1,超买 2（早期）,超卖 1,超卖 2,WT1 — 快线信号,WT2 — 慢线确认,WT 差值（动量）,交叉外圈,交叉内圈,Candle Color (开盘价),Candle Color (最高价,Candle Color (最低价),Candle Color (关闭),Oscillator,Signal Line,Reversal Down,Reversal Down,Reversal Up,Reversal Up
2026-08-17T14:48:00+08:00,19.05,19.1,19.05,19.1,0,0,0,0,0,0,19.400000000000002,19.150000000000002,,,,,19.075000000000003,,,,,,,,,,,35.79237972015506,22.077473224154378,35.79237972015506,22.077473224154378,79.04984841223887,75.39499709418945,79.04984841223887,75.39499709418945,96,101,96,101,-1,4,-1,4,-1,4,-1,4,96,101,96,101,0.13160729488479506,,,,,0.13160729488479506,,0.13160729488479506,,0,0,0,0,52,48,-52,-48,60.86120315760474,58.387867228691164,2.4733359289135777,,,19.05,19.1,19.05,19.1,-0.00043330693283849634,-0.0005582600840379398,,,,
2026-08-18T09:30:00+08:00,19.05,19.13,19,19,0,0,0,0,0,0,19.400000000000002,19.150000000000002,,,,,19.025,,,,,,,,,,,38.482304556831714,24.421020557393998,38.482304556831714,24.421020557393998,80.64391768668092,78.01945739043518,80.64391768668092,78.01945739043518,96,101,96,101,-1,4,-1,4,-1,4,-1,4,96,101,96,101,0.1168971334250294,,,,,,,,,0,0,0,0,52,48,-52,-48,57.87174576351904,58.83916488584105,-0.9674191223220134,58.83916488584105,58.83916488584105,19.05,19.13,19,19,-0.0004016570861002567,-0.0005111880924112955,,,,
2026-08-18T09:38:00+08:00,19,19,18.95,18.95,0,0,0,0,0,0,19.400000000000002,19.150000000000002,,,,,18.975,,,,,,,,,,,40.892298675788176,26.774060288593166,40.892298675788176,26.774060288593166,81.02811992191697,79.52378865617607,81.02811992191697,79.52378865617607,96,101,96,101,-1,4,-1,4,-1,4,-1,4,96,101,96,101,0.08158758212134072,,,,,,,,,0,0,0,0,52,48,-52,-48,48.47602234013472,56.64456685856235,-8.16854451842763,,,19,19,18.95,18.95,-0.0003829652217293895,-0.00046959886913940503,,,,
2026-08-18T09:42:00+08:00,18.95,18.95,18.9,18.9,0,0,0,0,0,0,19.400000000000002,19.150000000000002,,,,,18.924999999999997,,,,,,,,,,,42.89055766525343,29.07641705668749,42.89055766525343,29.07641705668749,80.61338850450029,80.06858858033817,80.61338850450029,80.06858858033817,96,101,96,101,-1,4,-1,4,-1,4,-1,4,96,101,96,101,0.047817706930390794,,,,,,,,,0,0,0,0,52,48,-52,-48,35.63581795330721,50.71119730364143,-15.075379350334217,,,18.95,18.95,18.9,18.9,-0.00037390948050751026,-0.0004353391878137199,,,,
2026-08-18T09:42:00+08:00,18.900000000000002,18.900000000000002,18.85,18.85,0,0,0,0,0,0,19.400000000000002,19.150000000000002,,,,,18.875,,,,,,,,,,,44.40915664603722,31.266808426594594,44.40915664603722,31.266808426594594,79.51385681338128,79.79122269685973,79.51385681338128,79.79122269685973,96,101,96,101,-1,4,-1,4,-1,4,-1,4,96,101,96,101,0.018325690563297928,,,,,,,,,0,0,0,0,52,48,-52,-48,21.246006416419725,40.807398118345176,-19.56139170192545,,,18.900000000000002,18.900000000000002,18.85,18.85,-0.0003774728707725492,-0.0004092866408495767,,,,
2026-08-18T09:42:00+08:00,18.85,18.85,18.8,18.8,0,0,0,0,0,0,19.400000000000002,19.150000000000002,,,,,18.825000000000003,,,,,,,,,,,45.48235704733106,33.2976010866998,45.48235704733106,33.2976010866998,77.82735345908873,78.80928807797423,77.82735345908873,78.80928807797423,96,101,96,101,-1,4,-1,4,-1,4,-1,4,96,101,96,101,-0.0011226398725506016,,,,,,,,,0,0,0,0,52,48,-52,-48,6.165740063569791,27.880896693357865,-21.715156629788076,,,18.85,18.85,18.8,18.8,-0.0003878125197188597,-0.0003928540186111769,,,,
2026-08-18T09:50:00+08:00,18.8,18.8,18.75,18.75,0,0,0,0,0,0,19.400000000000002,19.150000000000002,,,,,18.775,,,,,,,,,,,46.14197305338422,35.132511367654715,46.14197305338422,35.132511367654715,75.63773153636176,77.223509807168,75.63773153636176,77.223509807168,96,101,96,101,-1,4,-1,4,-1,4,-1,4,96,101,96,101,-0.006096368312410979,,,,,,,,,0,0,0,0,52,48,-52,-48,-7.181717284930636,13.966461787091523,-21.14817907202216,,,18.8,18.8,18.75,18.75,-0.00040104975332155537,-0.0003874778220250201,,,,
2026-08-18T10:42:00+08:00,18.75,18.75,18.7,18.7,0,0,0,0,0,0,19.400000000000002,19.150000000000002,,,,,18.725,,,,,,,,,,,46.4175464067139,36.74465923037746,46.4175464067139,36.74465923037746,73.01686512640529,75.12018746678665,73.01686512640529,75.12018746678665,96,101,96,101,-1,4,-1,4,-1,4,-1,4,96,101,96,101,-0.010927807697945498,,,,,,,,,0,0,0,0,52,48,-52,-48,-18.472086323216622,0.4394857179605651,-18.911572041177187,,,18.75,18.75,18.7,18.7,-0.00042162216114133603,-0.0003908053345318667,,,,
2026-08-18T10:50:00+08:00,18.7,18.7,18.65,18.65,0,0,0,0,0,0,19.400000000000002,19.150000000000002,,,,,18.674999999999997,,,,,,,,,,,46.336508725371786,38.11492344394808,46.336508725371786,38.11492344394808,70.0263605845379,72.57327402566227,70.0263605845379,72.57327402566227,96,101,96,101,-1,4,-1,4,-1,4,-1,4,96,101,96,101,-0.030340176641522665,,,,,,,,,0,0,0,0,52,48,-52,-48,-27.13833796439416,-11.65660037724291,-15.481737587151251,,,18.7,18.7,18.65,18.65,-0.0004478185507918938,-0.00040161422270895074,,,,
2026-08-18T14:20:00+08:00,18.7,18.75,18.62,18.75,0,0,0,0,0,0,19.400000000000002,19.150000000000002,,,,,18.725,,,,,,,,,,,47.34223429260713,39.433110708042236,47.34223429260713,39.433110708042236,68.1178328819849,70.34555345382358,68.1178328819849,70.34555345382358,96,101,96,101,-1,4,-1,4,-1,4,-1,4,96,101,96,101,-0.027890276696108815,,,,,,,,,0,0,0,0,52,48,-52,-48,-28.70693005210037,-20.37476790616045,-8.332162145939918,,,18.7,18.75,18.62,18.75,-0.00045837245958632193,-0.00041569138588875274,,,,
2026-08-18T14:20:00+08:00,18.75,18.8,18.75,18.8,0,0,0,0,0,0,19.400000000000002,19.150000000000002,,,,,18.775,,,,,,,,,,,48.64814612884948,40.74954433958613,48.64814612884948,40.74954433958613,67.46409485122517,68.90482415252438,67.46409485122517,68.90482415252438,96,101,96,101,-1,4,-1,4,-1,4,-1,4,96,101,96,101,-0.0056772510860377285,,,,,,,,,0,0,0,0,52,48,-52,-48,-20.50246052212855,-23.70495371545993,3.202493193331378,-23.70495371545993,-23.70495371545993,18.75,18.8,18.75,18.8,-0.0004624769049974528,-0.0004298587249262367,,,,
2026-08-18T14:28:00+08:00,18.8,18.85,18.8,18.85,0,0,0,0,0,0,19.400000000000002,19.150000000000002,,,,,18.825000000000003,,,,,,,,,,,50.2328023577412,42.10429548503686,50.2328023577412,42.10429548503686,67.64779558676446,68.27630986964442,67.64779558676446,68.27630986964442,96,101,96,101,-1,4,-1,4,-1,4,-1,4,96,101,96,101,0.011086131182970874,,,,,0.011086131182970874,,0.011086131182970874,,0,0,0,0,52,48,-52,-48,-8.334419063754924,-21.170536900594506,12.836117836839582,,,18.8,18.85,18.8,18.85,-0.00045723464476492737,-0.0004414290791005814,,,,
2026-08-19T09:30:00+08:00,18.8,18.86,18.75,18.75,0,0,0,0,0,0,19.400000000000002,19.150000000000002,,,,,18.775,,,,,,,,,,,50.960221236950154,43.36942773531018,50.960221236950154,43.36942773531018,67.09096764579812,67.68363875772127,67.09096764579812,67.68363875772127,96,101,96,101,-1,4,-1,4,-1,4,-1,4,96,101,96,101,-0.001159518769280594,,,,,,,,,0,0,0,0,52,48,-52,-48,-6.29092835810727,-15.958684499022784,9.667756140915515,,,18.8,18.86,18.75,18.75,-0.0004595964794102057,-0.00045118686678202307,,,,
2026-08-19T09:30:00+08:00,18.75,18.75,18.7,18.7,0,0,0,0,0,0,19.400000000000002,19.150000000000002,,,,,18.725,,,,,,,,,,,51.26365781526323,44.49717488958919,51.26365781526323,44.49717488958919,65.69106750592218,66.68735313182172,65.69106750592218,66.68735313182172,96,101,96,101,-1,4,-1,4,-1,4,-1,4,96,101,96,101,-0.03343299494798657,,,,,,,,,0,0,0,0,52,48,-52,-48,-15.48866976217477,-12.654119426541383,-2.834550335633386,-12.654119426541383,-12.654119426541383,18.75,18.75,18.7,18.7,-0.0004655500834141978,-0.0004585081871608334,,,,
2026-08-19T09:30:00+08:00,18.7,18.7,18.65,18.65,0,0,0,0,0,0,18.86,18.65,,,,,18.674999999999997,,,,,,,,,,,51.17339654274441,45.450920840039934,51.17339654274441,45.450920840039934,63.74710548126665,65.21722930654418,63.74710548126665,65.21722930654418,96,101,96,101,-1,4,-1,4,-1,4,-1,4,96,101,96,101,-0.06185660994658701,,,,,,,,,0,0,0,0,52,48,-52,-48,-26.89376492572692,-14.251945527440975,-12.641819398285945,,,18.7,18.7,18.65,18.65,-0.0004734329873911939,-0.0004627772599273834,,,,
2026-08-19T09:30:00+08:00,18.650000000000002,18.650000000000002,18.6,18.6,0,0,0,0,0,0,18.86,18.65,,,,,18.625,,,,,,,,,,,50.71755869445315,46.20329767638468,50.71755869445315,46.20329767638468,61.33680469822862,63.2770170023864,61.33680469822862,63.2770170023864,96,101,96,101,-1,4,-1,4,-1,4,-1,4,96,101,96,101,-0.08686362712282576,,,,,,,,,0,0,0,0,52,48,-52,-48,-37.03718150382487,-21.427636137458464,-15.609545366366405,,,18.650000000000002,18.650000000000002,18.6,18.6,-0.00048159265752377813,-0.00046664729291695945,,,,
2026-08-19T09:30:00+08:00,18.6,18.6,18.55,18.55,0,0,0,0,0,0,18.86,18.65,,,,,18.575000000000003,,,,,,,,,,,49.9222568829446,46.7345775630361,49.9222568829446,46.7345775630361,58.52678497943405,60.90190099091022,58.52678497943405,60.90190099091022,96,101,96,101,-1,4,-1,4,-1,4,-1,4,96,101,96,101,-0.11110008938282041,,,,,,,,,0,0,0,0,52,48,-52,-48,-44.385561951607926,-30.951294535833625,-13.4342674157743,,,18.6,18.6,18.55,18.55,-0.0004975009160928797,-0.00047248462809953057,,,,
2026-08-19T09:30:00+08:00,18.55,18.55,18.5,18.5,0,0,0,0,0,0,18.86,18.65,,,,,18.525,,,,,,,,,,,48.811738534162835,47.031314844625626,48.811738534162835,47.031314844625626,55.374149029991074,58.13802501045065,55.374149029991074,58.13802501045065,96,101,96,101,-1,4,-1,4,-1,4,-1,4,96,101,96,101,-0.13535434286148576,,,,,,,,,0,0,0,0,52,48,-52,-48,-49.7795946191962,-39.52402575008898,-10.255568869107222,,,18.55,18.55,18.5,18.5,-0.0005165713664228378,-0.0004823740817091824,,,,
2026-08-19T09:30:00+08:00,18.5,18.5,18.45,18.45,0,0,0,0,0,0,18.86,18.65,,,,,18.475,,,,,,,,,,,47.40851911505596,47.08520116897282,47.40851911505596,47.08520116897282,50.389545984398524,54.263785497424585,50.389545984398524,54.263785497424585,96,101,96,101,-1,4,-1,4,-1,4,-1,4,96,101,96,101,-0.15964834774446696,,,,,,,,,0,0,0,0,52,48,-52,-48,-53.775754029113784,-46.2445230259357,-7.531231003178085,,,18.5,18.5,18.45,18.45,-0.0005368304064090016,-0.0004952464028756483,,,,
2026-08-19T09:30:00+08:00,18.45,18.45,18.4,18.4,0,0,0,0,0,0,18.86,18.65,,,,,18.424999999999997,,,,,,,,,,,45.73350584493289,46.89210183696712,45.73350584493289,46.89210183696712,44.47309069725003,49.368438097337304,44.47309069725003,49.368438097337304,96,101,96,101,-1,4,-1,4,-1,4,-1,4,96,101,96,101,-0.18337417308619444,,,,,,,,,0,0,0,0,52,48,-52,-48,-57.006256707557405,-51.23679182686883,-5.769464880688574,,,18.45,18.45,18.4,18.4,-0.000560761680513004,-0.000511115002392116,,,,
2026-08-19T09:30:00+08:00,18.400000000000002,18.400000000000002,18.35,18.35,1,0,0,1,0,0,18.86,18.65,,,,,18.375,,,,,,,,,,,43.80611257029483,46.4512462274425,43.80611257029483,46.4512462274425,38.486092392514735,43.92726524492602,38.486092392514735,43.92726524492602,96,101,96,101,-1,4,-1,4,-1,4,-1,4,96,101,96,101,-0.2065245505594199,,,,,,,,,0,0,0,0,52,48,-52,-48,-59.39065446168613,-54.988064954388385,-4.402589507297748,,,18.400000000000002,18.400000000000002,18.35,18.35,-0.0005873564302851253,-0.0005301022428744379,,,,
2026-08-19T09:30:00+08:00,18.35,18.35,18.3,18.3,0,0,0,0,0,0,18.86,18.65,,,,,18.325000000000003,,,,,,,,,,,41.644366434321384,45.764549114139484,41.644366434321384,45.764549114139484,33.33231327275789,38.62978925884195,33.33231327275789,38.62978925884195,96,101,96,101,-1,4,-1,4,-1,4,-1,4,96,101,96,101,-0.22955720093533888,,,,,,,,,0,0,0,0,52,48,-52,-48,-61.15745161446273,-57.83252920320502,-3.3249224112577096,,,18.35,18.35,18.3,18.3,-0.0006158231017864202,-0.0005524739835848782,,,,
2026-08-19T09:30:00+08:00,18.3,18.3,18.25,18.25,0,0,0,0,0,0,18.86,18.65,,,,,18.275,,,,,,,,,,,39.26500692710794,44.8360430874207,39.26500692710794,44.8360430874207,28.895229558467793,33.76250940865487,28.895229558467793,33.76250940865487,96,101,96,101,-1,4,-1,4,-1,4,-1,4,96,101,96,101,-0.2526185612644877,,,,,,,,,0,0,0,0,52,48,-52,-48,-62.47173933348574,-60.00652552929801,-2.4652138041877336,,,18.3,18.3,18.25,18.25,-0.0006501775298723882,-0.000577920085881463,,,,
2026-08-19T09:30:00+08:00,18.25,18.25,18.2,18.2,0,1,0,0,1,0,18.86,18.65,,,,,18.225,,,,,,,,,,,36.683577860885926,43.671405197915725,36.683577860885926,43.671405197915725,25.074559283602188,29.41853434612853,25.074559283602188,29.41853434612853,96,101,96,101,-1,4,-1,4,-1,4,-1,4,96,101,96,101,-0.2755629576002091,,,,,,,,,0,0,0,0,52,48,-52,-48,-63.453478125635534,-61.618330883817535,-1.8351472418179995,,,18.25,18.25,18.2,18.2,-0.0006876007347208117,-0.000606424980597792,,,,
2026-08-19T09:30:00+08:00,18.2,18.2,18.15,18.15,0,0,0,0,0,0,18.86,18.65,,,,,18.174999999999997,,,,,,,,,,,34.06332229939407,42.298821926698345,34.06332229939407,42.298821926698345,21.784024575449152,25.60127946078884,21.784024575449152,25.60127946078884,96,101,96,101,-1,4,-1,4,-1,4,-1,4,96,101,96,101,-0.29794178010031147,-0.29794178010031147,,-0.29794178010031147,,,,,,0,0,0,0,52,48,-52,-48,-64.19015195699535,-62.81820525764484,-1.3719466993505094,,,18.2,18.2,18.15,18.15,-0.0007192752908668052,-0.0006368324613407593,,,,
2026-08-19T09:34:00+08:00,18.2,18.25,18.2,18.25,0,0,0,0,0,0,18.86,18.65,,,,,18.225,,,,,,,,,,,32.359090823198294,40.87886034048405,32.359090823198294,40.87886034048405,19.83820182268822,22.719740641738532,19.83820182268822,22.719740641738532,96,101,96,101,-1,4,-1,4,-1,4,-1,4,96,101,96,101,-0.24989295287143287,,,,,,,,,0,0,0,0,52,48,-52,-48,-57.42014816424448,-61.88387939509028,4.463731230845802,-61.88387939509028,-61.88387939509028,18.2,18.25,18.2,18.25,-0.0007291821363887107,-0.0006649025373200437,,,,
2026-08-19T09:34:00+08:00,18.25,18.3,18.25,18.3,0,0,0,0,0,0,18.86,18.65,,,,,18.275,,,,,,,,,,,31.141021653611258,39.48774052807365,31.141021653611258,39.48774052807365,18.899216722654078,20.809478682196307,18.899216722654078,20.809478682196307,96,101,96,101,-1,4,-1,4,-1,4,-1,4,96,101,96,101,-0.17577048103517134,,,,,,,,,0,0,0,0,52,48,-52,-48,-44.046953629132894,-57.27768296900207,13.230729339869178,,,18.25,18.3,18.25,18.3,-0.0007242846646655917,-0.0006877239097167882,,,,
2026-08-19T09:42:00+08:00,18.25,18.25,18.2,18.2,0,0,0,0,0,0,18.86,18.65,,,,,18.225,,,,,,,,,,,29.28109445094807,38.02964823134142,29.28109445094807,38.02964823134142,17.219736782683093,19.0146077324397,17.219736782683093,19.0146077324397,96,101,96,101,-1,4,-1,4,-1,4,-1,4,96,101,96,101,-0.1509805826960804,,,,,,,,,0,0,0,0,52,48,-52,-48,-44.474570119529396,-52.53295596747554,8.058385847946141,,,18.25,18.25,18.2,18.2,-0.0007315100449637107,-0.0007070050669130034,,,,
2026-08-19T10:10:00+08:00,18.2,18.2,18.15,18.15,0,0,0,0,0,0,18.86,18.65,,,,,18.174999999999997,,,,,,,,,,,27.18958770445178,36.48106815607147,27.18958770445178,36.48106815607147,15.051319574661356,17.032963653550528,15.051319574661356,17.032963653550528,96,101,96,101,-1,4,-1,4,-1,4,-1,4,96,101,96,101,-0.14847813695581025,,,,,,,,,0,0,0,0,52,48,-52,-48,-48.87457874949219,-48.70406266559975,-0.1705160838924371,-48.70406266559975,-48.70406266559975,18.2,18.2,18.15,18.15,-0.0007441466079282226,-0.0007226665799223089,,,,
2026-08-19T11:02:00+08:00,18.150000000000002,18.23,18.1,18.1,0,0,0,0,0,0,18.86,18.65,,,,,18.125,,,,,,,,,,,25.24747429699094,34.87626903334568,25.24747429699094,34.87626903334568,13.400437582719462,15.216700618134995,13.400437582719462,15.216700618134995,96,101,96,101,-1,4,-1,4,-1,4,-1,4,96,101,96,101,-0.14957640580960552,,,,,,,,,0,0,0,0,52,48,-52,-48,-52.12978941085657,-47.38147297725277,-4.748316433603797,,,18.150000000000002,18.23,18.1,18.1,-0.0007602526290699271,-0.0007347752289804948,,,,
2026-08-19T11:10:00+08:00,18.1,18.1,18.05,18.05,0,0,0,0,0,0,18.86,18.65,,,,,18.075000000000003,,,,,,,,,,,23.444083275777302,33.24309963940734,23.444083275777302,33.24309963940734,11.750639621166941,13.483670119650968,11.750639621166941,13.483670119650968,96,101,96,101,-1,4,-1,4,-1,4,-1,4,96,101,96,101,-0.1550158701578434,,,,,,,,,0,1,0,0,52,48,-52,-48,-58.65519807247731,-51.03353408808887,-7.621663984388441,,,18.1,18.1,18.05,18.05,-0.0007750183558030315,-0.0007440657398031994,,,,
2026-08-19T13:04:00+08:00,18.05,18.05,18,18,0,0,0,0,0,0,18.86,18.65,,,,,18.025,,,,,,,,,,,21.769505898936067,31.604014819340016,21.769505898936067,31.604014819340016,10.324821318775198,11.904245719213083,10.324821318775198,11.904245719213083,96,101,96,101,-1,4,-1,4,-1,4,-1,4,96,101,96,101,-0.1638127224291745,,,,,,,,,0,0,0,0,52,48,-52,-48,-63.62713139733667,-55.82167440754069,-7.805456989795978,,,18.05,18.05,18,18,-0.0007910361265119152,-0.0007543747381570668,,,,
2026-08-19T13:08:00+08:00,18,18,17.95,17.95,0,0,0,0,0,0,18.86,18.65,,,,,17.975,,,,,,,,,,,20.214541191869206,29.976947158272758,20.214541191869206,29.976947158272758,9.091977595269778,10.49811165724143,9.091977595269778,10.49811165724143,96,101,96,101,-1,4,-1,4,-1,4,-1,4,96,101,96,101,-0.167625299751743,-0.167625299751743,-0.167625299751743,-0.167625299751743,,,,,,0,0,0,0,52,48,-52,-48,-66.9824049890258,-60.34863096742409,-6.6337740216017025,,,18,18,17.95,17.95,-0.0008075333470861336,-0.0007682495185604904,,,,
2026-08-20T09:30:00+08:00,18,18.05,17.93,18.05,0,0,0,0,0,0,18.86,18.65,,,,,18.025,,,,,,,,,,,19.4849311067357,28.47808772233889,19.4849311067357,28.47808772233889,8.81693317689793,9.65752241706968,8.81693317689793,9.65752241706968,96,101,96,101,-1,4,-1,4,-1,4,-1,4,96,101,96,101,-0.1441756827887703,,,,,,,,,0,0,0,0,52,48,-52,-48,-63.46315069392841,-63.18197128819206,-0.2811794057363528,,,18,18.05,17.93,18.05,-0.0008079314903426707,-0.0007809864261236504,,,,
2026-08-20T09:30:00+08:00,18.05,18.1,18.05,18.1,0,0,0,0,0,0,18.86,18.65,,,,,18.075000000000003,,,,,,,,,,,19.105055075302207,27.139083058476505,19.105055075302207,27.139083058476505,9.343085580198252,9.500303998633967,9.343085580198252,9.500303998633967,96,101,96,101,-1,4,-1,4,-1,4,-1,4,96,101,96,101,-0.10638253874065835,,,,,,,,,0,0,0,0,52,48,-52,-48,-51.40576474427677,-61.36961295614192,9.963848211865148,-61.36961295614192,-61.36961295614192,18.05,18.1,18.05,18.1,-0.0008011748819798485,-0.000790491138465588,,,,
2026-08-20T09:30:00+08:00,18.1,18.150000000000002,18.1,18.150000000000002,0,0,0,0,0,0,18.86,18.65,,,,,18.125,,,,,,,,,,,19.04993209373302,25.983490063513152,19.04993209373302,25.983490063513152,10.678586038033785,10.089445018333876,10.678586038033785,10.089445018333876,96,101,96,101,-1,4,-1,4,-1,4,-1,4,96,101,96,101,-0.07522673283830487,,,,,,,,,0,0,0,0,52,48,-52,-48,-35.73333963186121,-54.39616501477306,18.662825382911848,,,18.1,18.150000000000002,18.1,18.150000000000002,-0.000787005424250882,-0.0007949499376624138,,,-0.000787005424250882,18.1
2026-08-20T09:30:00+08:00,18.150000000000002,18.200000000000003,18.150000000000002,18.200000000000003,0,0,0,0,0,0,18.86,18.65,,,,,18.175000000000004,,,,,,,,,,,19.29636551560925,25.028186556669734,19.29636551560925,25.028186556669734,12.654474307110242,11.371959662722059,12.654474307110242,11.371959662722059,96,101,96,101,-1,4,-1,4,-1,4,-1,4,96,101,96,101,-0.04760422793556152,,,,,,,,,0,0,0,0,52,48,-52,-48,-19.43732871639597,-42.50989594661561,23.072567230219637,,,18.150000000000002,18.200000000000003,18.150000000000002,18.200000000000003,-0.0007635044210929615,-0.0007930309485440689,,,,
2026-08-20T09:30:00+08:00,18.2,18.25,18.2,18.25,0,0,0,0,0,0,18.86,18.65,,,,,18.225,,,,,,,,,,,19.82281559782764,24.284562133978003,19.82281559782764,24.284562133978003,15.264954413458263,13.31845703809016,15.264954413458263,13.31845703809016,96,101,96,101,-1,4,-1,4,-1,4,-1,4,96,101,96,101,-0.02031520372715222,,,,,,,,,0,0,0,0,52,48,-52,-48,-4.512696402597777,-27.772282373782954,23.259585971185174,,,18.2,18.25,18.2,18.25,-0.0007338522146531622,-0.0007835002965676099,,,,
2026-08-20T09:30:00+08:00,18.25,18.3,18.25,18.3,0,0,0,0,0,0,18.86,18.65,,,,,18.275,,,,,,,,,,,20.609281150363763,23.759521993461682,20.609281150363763,23.759521993461682,18.46059072612861,15.889523882109387,18.46059072612861,15.889523882109387,96,101,96,101,-1,4,-1,4,-1,4,-1,4,96,101,96,101,0.0067474322204378375,,,,,,,,,0,0,0,0,52,48,-52,-48,9.300154615353556,-12.595802533875366,21.89595714922892,,,18.25,18.3,18.25,18.3,-0.0006986620709630767,-0.0007653550838804339,,,,
2026-08-20T09:30:00+08:00,18.3,18.35,18.3,18.35,0,0,0,0,0,0,18.86,18.65,,,,,18.325000000000003,,,,,,,,,,,21.637189639623507,23.456331657199087,21.637189639623507,23.456331657199087,21.96775672070628,18.92864030140783,21.96775672070628,18.92864030140783,96,101,96,101,-1,4,-1,4,-1,4,-1,4,96,101,96,101,0.03362308994674716,,,,,,,,,0,0,0,0,52,48,-52,-48,20.65659494880535,1.5016811112912745,19.154913837514073,,,18.3,18.35,18.3,18.35,-0.0006610816948097653,-0.000740880117958283,,,,
2026-08-20T09:30:00+08:00,18.35,18.400000000000002,18.35,18.400000000000002,0,0,0,0,0,0,18.86,18.65,,,,,18.375,,,,,,,,,,,22.88929514155518,23.375326440678528,22.88929514155518,23.375326440678528,25.74194815691879,22.33529422916331,25.74194815691879,22.33529422916331,96,101,96,101,-1,4,-1,4,-1,4,-1,4,96,101,96,101,0.06044851238149364,,,,,,,,,0,0,0,0,52,48,-52,-48,29.845150687275193,13.822300962209066,16.022849725066127,,,18.35,18.400000000000002,18.35,18.400000000000002,-0.0006151839153202877,-0.0007098816235150229,,,,
2026-08-20T09:30:00+08:00,18.400000000000002,18.450000000000003,18.400000000000002,18.450000000000003,0,0,0,0,0,0,18.86,18.65,,,,,18.425000000000004,,,,,,,,,,,24.34958358382507,23.514506032556607,24.34958358382507,23.514506032556607,29.745018543104027,26.040156386133667,29.745018543104027,26.040156386133667,96,101,96,101,-1,4,-1,4,-1,4,-1,4,96,101,96,101,0.08726378433989374,,,,,,,,,0,0,0,0,52,48,-52,-48,37.217594571577195,24.25487370575282,12.962720865824373,,,18.400000000000002,18.450000000000003,18.400000000000002,18.450000000000003,-0.000562666691664099,-0.000672491834750559,,,,
2026-08-20T09:30:00+08:00,18.45,18.5,18.45,18.5,0,0,0,0,0,0,18.86,18.65,,,,,18.475,,,,,,,,,,,26.003184756408995,23.870031564535516,26.003184756408995,23.870031564535516,33.94427088640869,29.992213636271178,33.94427088640869,29.992213636271178,96,101,96,101,-1,4,-1,4,-1,4,-1,4,96,101,96,101,0.11407149885591257,,,,,,,,,0,0,0,0,52,48,-52,-48,43.10675906688349,32.7065248186353,10.40023424824819,,,18.45,18.5,18.45,18.5,-0.0005094354719597771,-0.0006301470098950284,,,,
2026-08-20T09:30:00+08:00,18.5,18.55,18.5,18.55,0,0,0,0,0,0,18.86,18.65,,,,,18.525,,,,,,,,,,,27.836290607141695,24.436639999193545,27.836290607141695,24.436639999193545,38.31167919295862,34.1519464146149,38.31167919295862,34.1519464146149,96,101,96,101,-1,4,-1,4,-1,4,-1,4,96,101,96,101,0.1408716623535914,,,,,,,,,0,0,0,0,52,48,-52,-48,47.23475950372785,39.35106595736593,7.883693546361918,,,18.5,18.55,18.5,18.55,-0.0004560383185523207,-0.0005838446938782215,,,,
2026-08-20T09:30:00+08:00,18.55,18.6,18.55,18.6,0,0,0,0,0,0,18.86,18.65,,,,,18.575000000000003,,,,,,,,,,,29.83607937329825,25.207988481208503,29.83607937329825,25.207988481208503,42.82322118229022,38.48758379845256,42.82322118229022,38.48758379845256,96,101,96,101,-1,4,-1,4,-1,4,-1,4,96,101,96,101,0.1507151937995105,,,,,,,,,0,0,0,0,52,48,-52,-48,50.306177327870834,44.46632261751484,5.8398547103559935,,,18.55,18.6,18.55,18.6,-0.00040324358435510653,-0.0005346082794435598,,,,
2026-08-20T09:38:00+08:00,18.6,18.650000000000002,18.6,18.650000000000002,0,0,0,0,0,0,18.86,18.65,,,,,18.625,,,,,,,,,,,31.99064513234839,26.176939431371345,31.99064513234839,26.176939431371345,47.45830632829182,42.972945063372194,47.45830632829182,42.972945063372194,96,101,96,101,-1,4,-1,4,-1,4,-1,4,96,101,96,101,0.1615036216459653,,,,,,,,,0,0,0,0,52,48,-52,-48,52.70889426004506,48.33914753963181,4.3697467204132465,,,18.6,18.650000000000002,18.6,18.650000000000002,-0.00035355659136589857,-0.0004833540955362487,,,,
2026-08-20T09:38:00+08:00,18.650000000000002,18.700000000000003,18.650000000000002,18.700000000000003,0,0,0,0,0,0,18.86,18.65,,,,,18.675000000000004,,,,,,,,,,,34.288932384799715,27.335795567575396,34.288932384799715,27.335795567575396,53.744750371985376,48.358847717678785,53.744750371985376,48.358847717678785,96,101,96,101,-1,4,-1,4,-1,4,-1,4,96,101,96,101,0.18729693140097997,,,,,,,,,0,0,0,0,52,48,-52,-48,54.66551154269147,51.2288356585838,3.4366758841076717,,,18.650000000000002,18.700000000000003,18.650000000000002,18.700000000000003,-0.000304771677439849,-0.0004316187225561756,,,,
2026-08-20T09:42:00+08:00,18.7,18.75,18.7,18.75,0,0,0,0,0,0,18.86,18.65,,,,,18.725,,,,,,,,,,,36.720675309694975,28.67649267359248,36.720675309694975,28.67649267359248,60.004211120238345,54.18152941895856,60.004211120238345,54.18152941895856,96,101,96,101,-1,4,-1,4,-1,4,-1,4,96,101,96,101,0.20516281196029298,,,,,,,,,0,0,0,0,52,48,-52,-48,56.306767422386486,53.49683763824846,2.8099297841380277,,,18.7,18.75,18.7,18.75,-0.0002581070059106557,-0.00038085877493060165,,,,
2026-08-20T09:42:00+08:00,18.75,18.8,18.75,18.8,0,0,0,0,0,0,18.86,18.65,,,,,18.775,,,,,,,,,,,39.276341359002494,30.190756771508198,39.276341359002494,30.190756771508198,65.38948802095963,59.7855087199591,65.38948802095963,59.7855087199591,96,101,96,101,-1,4,-1,4,-1,4,-1,4,96,101,96,101,0.21776253130332607,,,,,0.21776253130332607,,0.21776253130332607,,0,0,0,0,52,48,-52,-48,57.82806887304414,55.377310524541784,2.4507583485023545,,,18.75,18.8,18.75,18.8,-0.00020895016563544176,-0.00033077789054321245,,,,
2026-08-20T10:06:00+08:00,18.75,18.81,18.7,18.7,0,0,0,0,0,0,18.86,18.65,,,,,18.725,,,,,,,,,,,41.05422173812136,31.74268033816722,41.05422173812136,31.74268033816722,69.0676131088745,64.4265609144168,69.0676131088745,64.4265609144168,96,101,96,101,-1,4,-1,4,-1,4,-1,4,96,101,96,101,0.20439023931261868,,,,,,,,,0,0,0,0,52,48,-52,-48,53.656438293414105,55.614196532884044,-1.957758239469939,55.614196532884044,55.614196532884044,18.75,18.81,18.7,18.7,-0.0001791991445303781,-0.00028463802820622195,,,,
2026-08-20T10:10:00+08:00,18.7,18.7,18.65,18.65,0,0,0,0,0,0,18.86,18.65,,,,,18.674999999999997,,,,,,,,,,,42.40749161396983,33.26622480613902,42.40749161396983,33.26622480613902,71.2137982491652,67.820179581791,71.2137982491652,67.820179581791,96,101,96,101,-1,4,-1,4,-1,4,-1,4,96,101,96,101,0.16985652532272494,,,,,,,,,0,0,0,0,52,48,-52,-48,42.0388574441929,52.457533008259404,-10.418675564066504,,,18.7,18.7,18.65,18.65,-0.0001610400083686754,-0.0002442707655418168,,,,
2026-08-20T10:14:00+08:00,18.650000000000002,18.650000000000002,18.6,18.6,0,0,0,0,0,0,18.86,18.65,,,,,18.625,,,,,,,,,,,43.36648030821009,34.709118449292035,43.36648030821009,34.709118449292035,72.24169720058325,70.03093839118712,72.24169720058325,70.03093839118712,96,101,96,101,-1,4,-1,4,-1,4,-1,4,96,101,96,101,0.14683143632871173,,,,,,,,,0,0,0,0,52,48,-52,-48,27.14683311152355,45.167549430543666,-18.020716319020117,,,18.650000000000002,18.650000000000002,18.6,18.6,-0.00015488688646259533,-0.00021115914805793293,,,,
2026-08-20T10:14:00+08:00,18.6,18.6,18.55,18.55,0,0,0,0,0,0,18.86,18.65,,,,,18.575000000000003,,,,,,,,,,,43.95935076238557,36.0305802083054,43.95935076238557,36.0305802083054,72.31106513296749,71.17100176207731,72.31106513296749,71.17100176207731,96,101,96,101,-1,4,-1,4,-1,4,-1,4,96,101,96,101,0.13404902311906416,,,,,,,,,0,0,0,0,52,48,-52,-48,11.612017921223304,33.61353669258846,-22.001518771365156,,,18.6,18.6,18.55,18.55,-0.0001581740365223998,-0.00018672620790502473,,,,
2026-08-20T10:22:00+08:00,18.55,18.55,18.5,18.5,0,0,0,0,0,0,18.86,18.65,,,,,18.525,,,,,,,,,,,44.212254279358035,37.199390789884355,44.212254279358035,37.199390789884355,71.55883504903707,71.36491840555719,71.55883504903707,71.36491840555719,96,101,96,101,-1,4,-1,4,-1,4,-1,4,96,101,96,101,0.12043692844102646,,,,,,,,,0,0,0,0,52,48,-52,-48,-2.682760942760954,19.528736883544692,-22.211497826305646,,,18.55,18.55,18.5,18.5,-0.00017019733228162197,-0.0001720745956335191,,,,
2026-08-20T10:34:00+08:00,18.5,18.5,18.45,18.45,0,0,0,0,0,0,18.86,18.65,,,,,18.475,,,,,,,,,,,44.14947421178484,38.19225985015585,44.14947421178484,38.19225985015585,70.10237809397982,70.7336482497685,70.10237809397982,70.7336482497685,96,101,96,101,-1,4,-1,4,-1,4,-1,4,96,101,96,101,0.1025986412285418,,,,,,,,,0,0,0,0,52,48,-52,-48,-14.972614508265156,5.275868895430182,-20.24848340369534,,,18.5,18.5,18.45,18.45,-0.00018741583241698928,-0.00016848554009711038,,,,
2026-08-20T11:10:00+08:00,18.45,18.53,18.4,18.4,0,0,0,0,0,0,18.86,18.65,,,,,18.424999999999997,,,,,,,,,,,43.79355938713354,38.992445498295524,43.79355938713354,38.992445498295524,68.30203836626843,69.51784330801847,68.30203836626843,69.51784330801847,96,101,96,101,-1,4,-1,4,-1,4,-1,4,96,101,96,101,0.0798770799600843,,,,,,,,,0,0,0,0,52,48,-52,-48,-22.985848667095937,-7.257301549224688,-15.728547117871248,,,18.45,18.53,18.4,18.4,-0.00021056147967890194,-0.00017371259595519767,,,,
2026-08-20T11:10:00+08:00,18.400000000000002,18.400000000000002,18.35,18.35,0,0,0,0,0,0,18.86,18.65,,,,,18.375,,,,,,,,,,,43.165448002338294,39.58858871315878,43.165448002338294,39.58858871315878,65.6874614568016,67.60265238241004,65.6874614568016,67.60265238241004,96,101,96,101,-1,4,-1,4,-1,4,-1,4,96,101,96,101,0.057560454125303875,,,,,,,,,0,0,0,0,52,48,-52,-48,-31.85230763349447,-18.123382937904132,-13.728924695590337,,,18.400000000000002,18.400000000000002,18.35,18.35,-0.00023848530002578978,-0.00018662014456471672,,,,
2026-08-20T11:22:00+08:00,18.35,18.35,18.3,18.3,0,0,0,0,0,0,18.86,18.65,,,,,18.325000000000003,,,,,,,,,,,42.284582668837956,39.97373070682723,42.284582668837956,39.97373070682723,62.634707222713075,65.11867980256156,62.634707222713075,65.11867980256156,96,101,96,101,-1,4,-1,4,-1,4,-1,4,96,101,96,101,0.031703663710120074,,,,,,,,,0,0,0,0,52,48,-52,-48,-38.7140471161193,-27.131204481243717,-11.582842634875586,,,18.35,18.35,18.3,18.3,-0.00027115367357650463,-0.0002059979424170349,,,,
2026-08-20T13:04:00+08:00,18.35,18.400000000000002,18.35,18.400000000000002,0,0,0,0,0,0,18.86,18.65,,,,,18.375,,,,,,,,,,,42.06187438296859,40.272036946275996,42.06187438296859,40.272036946275996,60.99208671037749,63.055383256469526,60.99208671037749,63.055383256469526,96,101,96,101,-1,4,-1,4,-1,4,-1,4,96,101,96,101,0.031791675053586876,,,,,,,,,0,0,0,0,52,48,-52,-48,-37.55015185866095,-32.775588818842664,-4.77456303981829,,,18.35,18.400000000000002,18.35,18.400000000000002,-0.0002870452102110877,-0.00022747647136514958,,,,
2026-08-20T13:12:00+08:00,18.35,18.35,18.3,18.3,0,0,0,0,0,0,18.86,18.65,,,,,18.325000000000003,,,,,,,,,,,41.25983573656608,40.41315105917458,41.25983573656608,40.41315105917458,58.6101002972067,60.83274177683811,58.6101002972067,60.83274177683811,96,101,96,101,-1,4,-1,4,-1,4,-1,4,96,101,96,101,0.032551711323848924,,,,,,,,,0,0,0,0,52,48,-52,-48,-40.847804405786704,-37.241077753515356,-3.606726652271348,,,18.35,18.35,18.3,18.3,-0.0003127756999340355,-0.00025123953264055183,,,,
2026-08-20T13:24:00+08:00,18.3,18.3,18.25,18.25,0,0,0,0,0,0,18.86,18.65,,,,,18.275,,,,,,,,,,,40.217466517287555,40.38519612461929,40.217466517287555,40.38519612461929,55.7567093456577,58.2947255612479,55.7567093456577,58.2947255612479,96,101,96,101,-1,4,-1,4,-1,4,-1,4,96,101,96,101,0.00339189810391481,,,,,,,,,0,0,0,0,52,48,-52,-48,-45.00263290241381,-40.52865907074519,-4.473973831668616,,,18.3,18.3,18.25,18.25,-0.00033861009981355264,-0.0002764385772066457,,,,
2026-08-20T13:28:00+08:00,18.25,18.25,18.2,18.2,0,0,0,0,0,0,18.86,18.65,,,,,18.225,,,,,,,,,,,39.14719354175366,40.20833861278135,39.14719354175366,40.20833861278135,52.49925736121308,55.39699146123049,52.49925736121308,55.39699146123049,96,101,96,101,-1,4,-1,4,-1,4,-1,4,96,101,96,101,-0.025485351245602843,,,,,,,,,0,0,0,0,52,48,-52,-48,-49.4193677985839,-43.204989241361346,-6.2143785572225525,,,18.25,18.25,18.2,18.2,-0.0003647940959066928,-0.0003021440132446108,,,,
2026-08-20T13:32:00+08:00,18.2,18.2,18.15,18.15,0,0,0,0,0,0,18.86,18.65,,,,,18.174999999999997,,,,,,,,,,,37.89158167812699,39.87737333640216,37.89158167812699,39.87737333640216,48.89546734857229,52.14622940490139,48.89546734857229,52.14622940490139,96,101,96,101,-1,4,-1,4,-1,4,-1,4,96,101,96,101,-0.03651955910245228,-0.03651955910245228,,-0.03651955910245228,,,,,,0,0,0,0,52,48,-52,-48,-53.31260506261841,-47.14560254235071,-6.167002520267701,,,18.2,18.2,18.15,18.15,-0.000390110987914618,-0.00032741496122608223,,,,
2026-08-20T14:32:00+08:00,18.2,18.25,18.14,18.25,0,0,0,0,0,0,18.86,18.65,,,,,18.225,,,,,,,,,,,37.54144660980717,39.54366951831715,37.54144660980717,39.54366951831715,46.58572525981522,49.365977332358305,46.58572525981522,49.365977332358305,96,101,96,101,-1,4,-1,4,-1,4,-1,4,96,101,96,101,-0.025365254091464413,,,,,,,,,0,0,0,0,52,48,-52,-48,-51.05416702494533,-49.697193197140365,-1.3569738278049641,,,18.2,18.25,18.14,18.25,-0.0003946461018491441,-0.0003479970326048555,,,,
2026-08-21T09:34:00+08:00,18.25,18.3,18.25,18.3,0,0,0,0,0,0,18.86,18.65,,,,,18.275,,,,,,,,,,,37.7016965831466,39.2805305275785,37.7016965831466,39.2805305275785,45.6124398330884,47.48920858272335,45.6124398330884,47.48920858272335,96,101,96,101,-1,4,-1,4,-1,4,-1,4,96,101,96,101,0.017077856430333146,,,,,,,,,0,0,0,0,52,48,-52,-48,-41.43878648254215,-48.806231592172445,7.367445109630296,-48.806231592172445,-48.806231592172445,18.25,18.3,18.25,18.3,-0.0003922348627726667,-0.0003655286413651187,,,,
2026-08-21T09:34:00+08:00,18.3,18.35,18.3,18.35,0,0,0,0,0,0,18.86,18.65,,,,,18.325000000000003,,,,,,,,,,,38.234524707391905,39.1311011246947,38.234524707391905,39.1311011246947,45.5898834932966,46.53954603800997,45.5898834932966,46.53954603800997,96,101,96,101,-1,4,-1,4,-1,4,-1,4,96,101,96,101,0.06139002064165948,,,,,,,,,0,0,0,0,52,48,-52,-48,-28.329758894935146,-43.53382936626026,15.20407047132511,,,18.3,18.35,18.3,18.35,-0.00038144907590361907,-0.0003769742040267159,,,,
2026-08-21T09:42:00+08:00,18.35,18.400000000000002,18.35,18.400000000000002,0,0,0,0,0,0,18.86,18.65,,,,,18.375,,,,,,,,,,,39.113318257478376,39.12856071509237,39.113318257478376,39.12856071509237,46.382237799449086,46.46089191872953,46.382237799449086,46.46089191872953,96,101,96,101,-1,4,-1,4,-1,4,-1,4,96,101,96,101,0.09128521356365296,,,,,,,,,0,0,0,0,52,48,-52,-48,-13.328532379581409,-33.53781119550101,20.209278815919596,,,18.35,18.400000000000002,18.35,18.400000000000002,-0.0003617838918723537,-0.00038083650270318275,,,-0.0003617838918723537,18.35
2026-08-21T09:46:00+08:00,18.400000000000002,18.450000000000003,18.400000000000002,18.450000000000003,0,0,0,0,0,0,18.86,18.65,,,,,18.425000000000004,,,,,,,,,,,40.31336541727449,39.29781852968982,40.31336541727449,39.29781852968982,46.89906097095643,46.67997644484298,46.89906097095643,46.67997644484298,96,101,96,101,-1,4,-1,4,-1,4,-1,4,96,101,96,101,0.09841438539397887,,,,,,,,,0,0,0,0,52,48,-52,-48,0.535512147593888,-20.640391402366202,21.17590354996009,,,18.400000000000002,18.450000000000003,18.400000000000002,18.450000000000003,-0.0003349791777208746,-0.00037586734967221306,,,,
2026-08-21T10:18:00+08:00,18.45,18.5,18.39,18.5,0,0,0,0,0,0,18.86,18.65,,,,,18.475,,,,,,,,,,,41.811719500372405,39.65694723978733,41.811719500372405,39.65694723978733,47.603621677318785,47.14179906108088,47.603621677318785,47.14179906108088,96,101,96,101,-1,4,-1,4,-1,4,-1,4,96,101,96,101,0.10055380842223602,,,,,,,,,0,0,0,0,52,48,-52,-48,10.599422306148027,-7.630839205193652,18.23026151134168,,,18.45,18.5,18.39,18.5,-0.00030156545173928655,-0.0003611097603096578,,,,
2026-08-21T10:18:00+08:00,18.5,18.55,18.5,18.55,0,0,0,0,0,0,18.86,18.65,,,,,18.525,,,,,,,,,,,43.587072869393424,40.21839375830249,43.587072869393424,40.21839375830249,49.11866932682765,48.130234193954266,49.11866932682765,48.130234193954266,96,101,96,101,-1,4,-1,4,-1,4,-1,4,96,101,96,101,0.11745719174444996,,,,,,,,,0,0,0,0,52,48,-52,-48,20.849738493196725,4.6640351418393085,16.185703351357418,,,18.5,18.55,18.5,18.55,-0.0002628248854389693,-0.0003391395575746287,,,,
2026-08-21T10:22:00+08:00,18.55,18.6,18.55,18.6,0,0,0,0,0,0,18.86,18.65,,,,,18.575000000000003,,,,,,,,,,,45.61963986105735,40.990000344410326,45.61963986105735,40.990000344410326,51.48337967885872,49.80680693640649,51.48337967885872,49.80680693640649,96,101,96,101,-1,4,-1,4,-1,4,-1,4,96,101,96,101,0.1458976137314134,,,,,,,,,0,0,0,0,52,48,-52,-48,29.645716599260624,15.407597386549819,14.238119212710805,,,18.55,18.6,18.55,18.6,-0.00022258692354908436,-0.00031086490103736494,,,,
2026-08-21T10:46:00+08:00,18.6,18.650000000000002,18.6,18.650000000000002,0,0,0,0,0,0,18.86,18.65,,,,,18.625,,,,,,,,,,,47.89104807374682,41.97586430574411,47.89104807374682,41.97586430574411,54.5763723473374,52.19158964187194,54.5763723473374,52.19158964187194,96,101,96,101,-1,4,-1,4,-1,4,-1,4,96,101,96,101,0.1705192677431902,,,,,,,,,0,0,0,0,52,48,-52,-48,36.64406289766775,24.434735074068286,12.209327823599466,,,18.6,18.650000000000002,18.6,18.650000000000002,-0.00018057951405234317,-0.0002773866407288189,,,,
2026-08-21T10:50:00+08:00,18.650000000000002,18.700000000000003,18.650000000000002,18.700000000000003,0,0,0,0,0,0,18.86,18.65,,,,,18.675000000000004,,,,,,,,,,,50.72025892562208,43.22506353715524,50.72025892562208,43.22506353715524,58.29360700134259,55.24259832160727,58.29360700134259,55.24259832160727,96,101,96,101,-1,4,-1,4,-1,4,-1,4,96,101,96,101,0.1868795349348384,,,,,0.1868795349348384,,0.1868795349348384,,0,0,1,0,52,48,-52,-48,42.23425697894885,32.34344374226849,9.890813236680359,,,18.650000000000002,18.700000000000003,18.650000000000002,18.700000000000003,-0.00013678959168721467,-0.0002398875906979624,,,,
2026-08-21T11:10:00+08:00,18.650000000000002,18.650000000000002,18.6,18.6,0,0,0,0,0,0,18.86,18.65,,,,,18.625,,,,,,,,,,,52.53569497638936,44.55515374276012,52.53569497638936,44.55515374276012,60.200490436118926,57.7215443788631,60.200490436118926,57.7215443788631,96,101,96,101,-1,4,-1,4,-1,4,-1,4,96,101,96,101,0.17324343943512432,,,,,,,,,0,0,0,0,52,48,-52,-48,40.503144585533406,37.256795265352665,3.246349320180741,,,18.650000000000002,18.650000000000002,18.6,18.6,-0.0001045115140891678,-0.0002014763134260113,,,,
2026-08-21T13:00:00+08:00,18.6,18.6,18.55,18.55,0,0,0,0,0,0,18.86,18.65,,,,,18.575000000000003,,,,,,,,,,,53.815612867686234,45.87807647489242,53.815612867686234,45.87807647489242,60.76886387061795,59.245204124740525,60.76886387061795,59.245204124740525,96,101,96,101,-1,4,-1,4,-1,4,-1,4,96,101,96,101,0.13497283309991517,,,,,,,,,0,0,0,0,52,48,-52,-48,33.39637811893761,38.19446064527191,-4.798082526334298,38.19446064527191,38.19446064527191,18.6,18.6,18.55,18.55,-0.00008553021700041318,-0.00016547044096953237,,,,
2026-08-21T13:04:00+08:00,18.55,18.55,18.5,18.5,0,0,0,0,0,0,18.86,18.65,,,,,18.525,,,,,,,,,,,54.598263896617745,47.12381753513889,54.598263896617745,47.12381753513889,60.189943019165064,59.7175735719528,60.189943019165064,59.7175735719528,96,101,96,101,-1,4,-1,4,-1,4,-1,4,96,101,96,101,0.10215915351967664,,,,,,,,,0,0,0,0,52,48,-52,-48,21.67104425633466,34.45120598493864,-12.780161728603979,,,18.55,18.55,18.5,18.5,-0.00007790768490703892,-0.00013465090754754397,,,,
2026-08-21T13:08:00+08:00,18.5,18.5,18.45,18.45,0,0,0,0,0,0,18.86,18.65,,,,,18.475,,,,,,,,,,,54.91916712478142,48.23743890508782,54.91916712478142,48.23743890508782,58.62762706546769,59.172600318710245,58.62762706546769,59.172600318710245,96,101,96,101,-1,4,-1,4,-1,4,-1,4,96,101,96,101,0.0742926323180266,,,,,,,,,0,0,0,0,52,48,-52,-48,8.12265576838735,25.92330568229826,-17.80064991391091,,,18.5,18.5,18.45,18.45,-0.0000831978371112097,-0.00011141939314123151,,,,
2026-08-21T13:56:00+08:00,18.5,18.55,18.41,18.55,0,0,0,0,0,0,18.650000000000002,18.41,,,,,18.525,,,,,,,,,,,56.02883700547886,49.35049577657225,56.02883700547886,49.35049577657225,58.1840214932154,58.67831090596282,58.1840214932154,58.67831090596282,96,101,96,101,-1,4,-1,4,-1,4,-1,4,96,101,96,101,0.06770916720557399,0.06770916720557399,,0.06770916720557399,,,,,,0,0,0,0,52,48,-52,-48,3.2509092480444908,16.61024684792603,-13.359337599881542,,,18.5,18.55,18.41,18.55,-0.00008123475171781481,-0.00009486193275214345,,,,
2026-08-21T14:28:00+08:00,18.55,18.6,18.49,18.6,0,0,0,0,0,0,18.650000000000002,18.41,,,,,18.575000000000003,,,,,,,,,,,57.465088907684944,50.509723366731215,57.465088907684944,50.509723366731215,58.99781799631687,58.83806445113984,58.99781799631687,58.83806445113984,96,101,96,101,-1,4,-1,4,-1,4,-1,4,96,101,96,101,0.08265852873796459,,,,,,,,,0,0,1,0,52,48,-52,-48,8.431456018916787,10.369016322920825,-1.9375603040040374,,,18.55,18.6,18.49,18.6,-0.00007167986471435291,-0.00008401031158999986,,,,
2026-08-21T14:32:00+08:00,18.6,18.650000000000002,18.6,18.650000000000002,0,0,0,0,0,0,18.650000000000002,18.41,,,,,18.625,,,,,,,,,,,59.20459554414903,51.75184796350519,59.20459554414903,51.75184796350519,61.01731947658724,59.92769196386354,61.01731947658724,59.92769196386354,96,101,96,101,-1,4,-1,4,-1,4,-1,4,96,101,96,101,0.10513965037173853,,,,,,,,,0,0,0,0,52,48,-52,-48,20.162534454036745,9.991888872346344,10.170645581690401,9.991888872346344,9.991888872346344,18.6,18.650000000000002,18.6,18.650000000000002,-0.000054103887668493737,-0.00007560904051988751,,,,
2026-08-24T09:30:00+08:00,18.650000000000002,18.700000000000003,18.650000000000002,18.700000000000003,0,0,0,0,0,0,18.700000000000003,18.41,,,,,18.675000000000004,,,,,,,,,,,61.22569586242413,53.105254806207896,61.22569586242413,53.105254806207896,63.814418826413885,61.87105539513871,63.814418826413885,61.87105539513871,96,101,96,101,-1,4,-1,4,-1,4,-1,4,96,101,96,101,0.12897895118453478,,,,,,,,,0,0,0,0,52,48,-52,-48,30.17922519819573,15.50603122979844,14.67319396839729,,,18.650000000000002,18.700000000000003,18.650000000000002,18.700000000000003,-0.00003343960273722145,-0.00006692727147602221,,,,
2026-08-24T09:30:00+08:00,18.7,18.75,18.7,18.75,0,0,0,0,0,0,18.700000000000003,18.41,,,,,18.725,,,,,,,,,,,63.50827602809515,54.59140069504894,63.50827602809515,54.59140069504894,67.27803063586012,64.57454301549942,67.27803063586012,64.57454301549942,96,101,96,101,-1,4,-1,4,-1,4,-1,4,96,101,96,101,0.15001269343036078,,,,,,,,,0,0,0,0,52,48,-52,-48,38.271408309048866,24.261155995049535,14.010252313999331,,,18.7,18.75,18.7,18.75,-0.00000932368880563937,-0.00005549660545912228,,,,
2026-08-24T09:30:00+08:00,18.75,18.8,18.75,18.8,0,0,0,0,0,0,18.700000000000003,18.41,,,,,18.775,,,,,,,,,,,66.03365890920526,56.226009011356986,66.03365890920526,56.226009011356986,71.31293883926608,67.94374092738275,71.31293883926608,67.94374092738275,96,101,96,101,-1,4,-1,4,-1,4,-1,4,96,101,96,101,0.16943208754555766,,,,,,,,,0,0,0,0,52,48,-52,-48,44.65861773944849,33.317946425182456,11.340671314266032,,,18.75,18.8,18.75,18.8,0.00001676974093982115,-0.00003883534245061715,,,,
2026-08-24T09:30:00+08:00,18.8,18.85,18.8,18.85,0,0,0,0,0,0,18.700000000000003,18.41,,,,,18.825000000000003,,,,,,,,,,,68.45982612997632,57.97369717115975,68.45982612997632,57.97369717115975,75.00867594673512,71.47620843705894,75.00867594673512,71.47620843705894,96,101,96,101,-1,4,-1,4,-1,4,-1,4,96,101,96,101,0.18801199233098337,,,,,,,,,0,0,0,0,52,48,-52,-48,50.0024410785373,40.7779230813076,9.224517997229704,,,18.8,18.85,18.8,18.85,0.00004495069263105099,-0.00001780443505913951,,,,
2026-08-24T09:30:00+08:00,18.85,18.900000000000002,18.85,18.900000000000002,0,0,0,0,0,0,18.700000000000003,18.41,,,,,18.875,,,,,,,,,,,70.71269569212087,59.79355410272562,70.71269569212087,59.79355410272562,78.20292524757748,74.83956684231822,78.20292524757748,74.83956684231822,96,101,96,101,-1,4,-1,4,-1,4,-1,4,96,101,96,101,0.20590892721045617,,,,,,,,,0,0,0,0,52,48,-52,-48,54.10142372081508,46.75847271196243,7.342951008852644,,,18.85,18.900000000000002,18.85,18.900000000000002,0.00007920696523941284,0.000007343369933154782,,,,
2026-08-24T09:30:00+08:00,18.900000000000002,18.950000000000003,18.900000000000002,18.950000000000003,0,0,0,0,0,0,18.700000000000003,18.41,,,,,18.925000000000004,,,,,,,,,,,72.80464599982653,61.65228151659718,72.80464599982653,61.65228151659718,80.96405938328512,77.90181311280168,80.96405938328512,77.90181311280168,96,101,96,101,-1,4,-1,4,-1,4,-1,4,96,101,96,101,0.22366827410930562,,,,,,,,,0,0,0,0,52,48,-52,-48,57.230722957278836,51.49830137401993,5.732421583258905,,,18.900000000000002,18.950000000000003,18.900000000000002,18.950000000000003,0.00011979420674778043,0.000036326385669200485,,,,
2026-08-24T09:30:00+08:00,18.95,19,18.95,19,0,0,0,0,0,0,18.700000000000003,18.41,,,,,18.975,,,,,,,,,,,74.74717128555322,63.52298005501947,74.74717128555322,63.52298005501947,83.35125355776599,80.62653333528382,83.35125355776599,80.62653333528382,96,101,96,101,-1,4,-1,4,-1,4,-1,4,96,101,96,101,0.24157885310706345,,,,,,,,,0,0,0,0,52,48,-52,-48,59.61047821893981,55.23626649389276,4.374211725047054,,,18.95,19,18.95,19,0.00016378862932486614,0.00006919775767954841,,,,
2026-08-24T09:30:00+08:00,19,19.05,19,19.05,0,0,0,0,0,0,18.700000000000003,18.41,,,,,19.025,,,,,,,,,,,76.55094476515657,65.38411787075334,76.55094476515657,65.38411787075334,85.4156741641134,83.02110374969861,85.4156741641134,83.02110374969861,96,101,96,101,-1,4,-1,4,-1,4,-1,4,96,101,96,101,0.2595228032384925,,,,,,,,,0,0,0,0,52,48,-52,-48,61.41372741614673,58.08908807829511,3.3246393378516146,,,19,19.05,19,19.05,0.00021134634101913923,0.00010597609598367818,,,,
2026-08-24T09:30:00+08:00,19.05,19.1,19.05,19.1,0,0,0,0,0,0,18.700000000000003,18.41,,,,,19.075000000000003,,,,,,,,,,,78.22587728193109,67.21865492949301,78.22587728193109,67.21865492949301,87.20153023590673,85.11131699280267,87.20153023590673,85.11131699280267,96,101,96,101,-1,4,-1,4,-1,4,-1,4,96,101,96,101,0.2774409166223915,,,,,,,,,0,0,0,0,52,48,-52,-48,62.77525293846895,60.257545382708585,2.517707555760367,,,19.05,19.1,19.05,19.1,0.00025409144256717146,0.0001455297129215699,,,,
2026-08-24T09:34:00+08:00,19.1,19.150000000000002,19.1,19.150000000000002,0,0,0,0,0,0,18.700000000000003,18.41,,,,,19.125,,,,,,,,,,,79.78117176179316,69.01330019125018,79.78117176179316,69.01330019125018,88.74699762794835,86.9291573103755,88.74699762794835,86.9291573103755,96,101,96,101,-1,4,-1,4,-1,4,-1,4,96,101,96,101,0.2972089779387885,,,,,,,,,0,0,0,0,52,48,-52,-48,63.87825538044461,61.919428488500024,1.9588268919445824,,,19.1,19.150000000000002,19.1,19.150000000000002,0.0002937611716448493,0.0001869981260905363,,,,
2026-08-24T09:34:00+08:00,19.150000000000002,19.200000000000003,19.150000000000002,19.200000000000003,0,0,0,0,0,0,18.700000000000003,18.41,,,,,19.175000000000004,,,,,,,,,,,81.22537377880793,70.75788213232985,81.22537377880793,70.75788213232985,90.08502761640857,88.50709246339204,90.08502761640857,88.50709246339204,96,101,96,101,-1,4,-1,4,-1,4,-1,4,96,101,96,101,0.3172033479414986,,,,,,,,,0,0,0,0,52,48,-52,-48,64.69265402487923,63.189972439984885,1.502681584894347,,,19.150000000000002,19.200000000000003,19.150000000000002,19.200000000000003,0.00033230507608076644,0.00022918114456409522,,,,
2026-08-24T09:34:00+08:00,19.200000000000003,19.250000000000004,19.200000000000003,19.250000000000004,0,0,0,0,0,0,18.700000000000003,18.41,,,,,19.225,,,,,,,,,,,82.56641850889308,72.44481590041032,82.56641850889308,72.44481590041032,91.24405198523566,89.87557222431386,91.24405198523566,89.87557222431386,96,101,96,101,-1,4,-1,4,-1,4,-1,4,96,101,96,101,0.33555031633226295,,,,,0.33555031633226295,,0.33555031633226295,,0,0,0,0,52,48,-52,-48,65.29009287361322,64.15906380435152,1.1310290692617002,,,19.200000000000003,19.250000000000004,19.200000000000003,19.250000000000004,0.0003692072484046388,0.00027074998484023826,,,,
2026-08-24T09:38:00+08:00,19.200000000000003,19.200000000000003,19.150000000000002,19.150000000000002,0,0,0,0,0,0,18.700000000000003,18.41,,,,,19.175000000000004,,,,,,,,,,,83.27054878856087,73.99134917014611,83.27054878856087,73.99134917014611,91.46530067202951,90.67043644817169,91.46530067202951,90.67043644817169,96,101,96,101,-1,4,-1,4,-1,4,-1,4,96,101,96,101,0.32035402475154096,,,,,,,,,0,0,0,0,52,48,-52,-48,59.95428607744326,63.453822089095084,-3.499536011651827,63.453822089095084,63.453822089095084,19.200000000000003,19.200000000000003,19.150000000000002,19.150000000000002,0.0003908982176481155,0.00030860158289411317,,,,
2026-08-24T09:42:00+08:00,19.150000000000002,19.150000000000002,19.1,19.1,0,0,0,0,0,0,18.700000000000003,18.41,,,,,19.125,,,,,,,,,,,83.57265244652079,75.36010678105677,83.57265244652079,75.36010678105677,91.0114417600665,90.84093910411909,91.0114417600665,90.84093910411909,96,101,96,101,-1,4,-1,4,-1,4,-1,4,96,101,96,101,0.28766409522599534,,,,,,,,,0,0,0,0,52,48,-52,-48,50.539203747375964,60.11905918082793,-9.579855433451968,,,19.150000000000002,19.150000000000002,19.1,19.1,0.0004030750821934492,0.0003405563730898315,,,,
2026-08-24T09:42:00+08:00,19.1,19.1,19.05,19.05,0,0,0,0,0,0,18.700000000000003,18.41,,,,,19.075000000000003,,,,,,,,,,,83.50379838978172,76.5234912965889,83.50379838978172,76.5234912965889,89.97891919202608,90.40992914807259,89.97891919202608,90.40992914807259,96,101,96,101,-1,4,-1,4,-1,4,-1,4,96,101,96,101,0.2605173693440944,,,,,,,,,0,0,0,0,52,48,-52,-48,36.1807224907361,52.99107629729215,-16.81035380655605,,,19.1,19.1,19.05,19.05,0.00040246442697906316,0.0003652852038251468,,,,
2026-08-24T09:46:00+08:00,19.05,19.05,19,19,0,0,0,0,0,0,18.700000000000003,18.41,,,,,19.025,,,,,,,,,,,83.07334689604568,77.45918495365416,83.07334689604568,77.45918495365416,88.45039920449078,89.43016417628169,88.45039920449078,89.43016417628169,96,101,96,101,-1,4,-1,4,-1,4,-1,4,96,101,96,101,0.23832294666834852,0.23832294666834852,,0.23832294666834852,,,,,,0,0,0,0,52,48,-52,-48,20.15858695624055,41.70819981794898,-21.54961286170843,,,19.05,19.05,19,19,0.00039126982993977497,0.00038153664687430106,,,,
2026-08-24T09:50:00+08:00,19.05,19.1,19.05,19.1,0,0,0,0,0,0,19.200000000000003,19,,,,,19.075000000000003,,,,,,,,,,,83.31714258107715,78.29603604328601,83.31714258107715,78.29603604328601,87.9124399873756,88.67130208182866,87.9124399873756,88.67130208182866,96,101,96,101,-1,4,-1,4,-1,4,-1,4,96,101,96,101,0.24318111445778823,,,,,,,,,0,0,0,0,52,48,-52,-48,17.602845060238675,31.12033956364784,-13.517494503409164,,,19.05,19.1,19.05,19.1,0.0003909051321600916,0.00039130332288752186,0.0003909051321600916,19.1,,
2026-08-24T09:50:00+08:00,19.1,19.150000000000002,19.1,19.150000000000002,0,0,0,0,0,0,19.200000000000003,19,,,,,19.125,,,,,,,,,,,83.86527461035669,79.09164155286753,83.86527461035669,79.09164155286753,87.92494856060766,88.29812532121815,87.92494856060766,88.29812532121815,96,101,96,101,-1,4,-1,4,-1,4,-1,4,96,101,96,101,0.2753522368097957,,,,,,,,,0,0,0,0,52,48,-52,-48,23.222231591793495,24.29109652475222,-1.068864932958725,,,19.1,19.150000000000002,19.1,19.150000000000002,0.00039438317396882345,0.0003954993104815527,,,,
2026-08-24T10:06:00+08:00,19.150000000000002,19.200000000000003,19.08,19.200000000000003,0,0,0,0,0,0,19.200000000000003,19,,,,,19.175000000000004,,,,,,,,,,,84.6960046735809,79.89226485582658,84.6960046735809,79.89226485582658,88.38679801435545,88.34246166778681,88.38679801435545,88.34246166778681,96,101,96,101,-1,4,-1,4,-1,4,-1,4,96,101,96,101,0.29497046488490536,,,,,0.29497046488490536,,0.29497046488490536,,0,0,0,0,52,48,-52,-48,29.339195582234808,22.580714797626896,6.758480784607912,22.580714797626896,22.580714797626896,19.150000000000002,19.200000000000003,19.08,19.200000000000003,0.0004038586937691503,0.00039765938983505846,,,,
2026-08-24T10:30:00+08:00,19.150000000000002,19.24,19.1,19.1,0,0,0,0,0,0,19.24,19,,,,,19.125,,,,,,,,,,,84.82389623164558,80.59678362380073,84.82389623164558,80.59678362380073,88.26804909166967,88.30525537972824,88.26804909166967,88.30525537972824,96,101,96,101,-1,4,-1,4,-1,4,-1,4,96,101,96,101,0.276671979318335,,,,,,,,,0,0,0,0,52,48,-52,-48,30.826709244644,25.24774536972776,5.578963874916241,,,19.150000000000002,19.24,19.1,19.1,0.00039958906624923483,0.00039707838717768936,,,,
2026-08-24T10:34:00+08:00,19.1,19.1,19.05,19.05,0,0,0,0,0,0,19.24,19,,,,,19.075000000000003,,,,,,,,,,,84.62090235666959,81.17165772849629,84.62090235666959,81.17165772849629,86.9540088559826,87.62963211785541,86.9540088559826,87.62963211785541,96,101,96,101,-1,4,-1,4,-1,4,-1,4,96,101,96,101,0.24273215039368834,,,,,,,,,0,0,0,0,52,48,-52,-48,17.293653315362057,25.170447433508606,-7.876794118146549,25.170447433508606,25.170447433508606,19.1,19.1,19.05,19.05,0.000386712678822407,0.0003944530958182467,0.000386712678822407,19.1,,
2026-08-24T10:38:00+08:00,19.05,19.05,19,19,0,0,0,0,0,0,19.24,19,,,,,19.025,,,,,,,,,,,84.11065772244156,81.59151487048847,84.11065772244156,81.59151487048847,84.99712386991193,86.31337799388368,84.99712386991193,86.31337799388368,96,101,96,101,-1,4,-1,4,-1,4,-1,4,96,101,96,101,0.21369386619899738,,,,,,,,,0,0,0,0,52,48,-52,-48,2.578647613176459,20.00955143885435,-17.430903825677888,,,19.05,19.05,19,19,0.0003671314553501159,0.0003904300333866368,,,,
2026-08-24T10:42:00+08:00,19,19,18.95,18.95,0,0,0,0,0,0,19.24,19,,,,,18.975,,,,,,,,,,,83.31510881176521,81.83774257638514,83.31510881176521,81.83774257638514,82.37848712659112,84.3459325602374,82.37848712659112,84.3459325602374,96,101,96,101,-1,4,-1,4,-1,4,-1,4,96,101,96,101,0.1898488782985165,,,,,,,,,0,0,0,0,52,48,-52,-48,-10.601247806471367,10.024440591677802,-20.62568839814917,,,19,19,18.95,18.95,0.0003432027346742118,0.0003824796338056569,,,,
2026-08-24T10:46:00+08:00,18.95,18.95,18.9,18.9,0,0,0,0,0,0,19.24,19,,,,,18.924999999999997,,,,,,,,,,,82.25463450152971,81.8972985656915,82.25463450152971,81.8972985656915,79.28360121054749,81.81476688539244,79.28360121054749,81.81476688539244,96,101,96,101,-1,4,-1,4,-1,4,-1,4,96,101,96,101,0.17448689209220344,,,,,,,,,0,0,0,0,52,48,-52,-48,-22.366288017807207,-3.273808723934998,-19.09247929387221,,,18.95,18.95,18.9,18.9,0.00031589286925856597,0.00036939791635394735,,,,
2026-08-24T11:14:00+08:00,18.95,19,18.95,19,0,0,0,0,0,0,19.24,19,,,,,18.975,,,,,,,,,,,81.91340899981167,81.8996000562801,81.91340899981167,81.8996000562801,77.65125001720394,79.73300845129819,77.65125001720394,79.73300845129819,96,101,96,101,-1,4,-1,4,-1,4,-1,4,96,101,96,101,0.18749474872680685,,,,,,,,,0,0,0,0,52,48,-52,-48,-22.66963274375584,-13.264630238714474,-9.405002505041367,,,18.95,19,18.95,19,0.0003062097236283172,0.0003531230879971418,,,,
2026-08-24T11:14:00+08:00,19,19.05,19,19.05,0,0,0,0,0,0,19.24,19,,,,,19.025,,,,,,,,,,,81.91830706996667,81.90227248680675,81.91830706996667,81.90227248680675,77.10243198753533,78.41772021941676,77.10243198753533,78.41772021941676,96,101,96,101,-1,4,-1,4,-1,4,-1,4,96,101,96,101,0.21584711452947156,,,,,,,,,0,0,1,0,52,48,-52,-48,-15.410574949216755,-17.76193587931278,2.3513609300960248,-17.76193587931278,-17.76193587931278,19,19.05,19,19.05,0.00030659118010107776,0.0003376234403057823,,,,
2026-08-24T11:18:00+08:00,19,19,18.95,18.95,0,0,0,0,0,0,19.24,19,,,,,18.975,,,,,,,,,,,81.27935463446711,81.81328422218681,81.27935463446711,81.81328422218681,75.61160837026831,77.01466429484253,75.61160837026831,77.01466429484253,96,101,96,101,-1,4,-1,4,-1,4,-1,4,96,101,96,101,0.21378270343588732,,,,,,,,,0,0,0,0,52,48,-52,-48,-20.318025432264932,-20.191130285761183,-0.1268951465037489,-20.191130285761183,-20.191130285761183,19,19,18.95,18.95,0.00029645603417342967,0.0003225806661976194,,,,
2026-08-24T13:08:00+08:00,18.95,18.95,18.9,18.9,0,0,0,0,0,0,19.24,19,,,,,18.924999999999997,,,,,,,,,,,80.36429133689576,81.6062852385738,80.36429133689576,81.6062852385738,73.48341941941365,75.24904185712809,73.48341941941365,75.24904185712809,96,101,96,101,-1,4,-1,4,-1,4,-1,4,96,101,96,101,0.18085167230635968,,,,,,,,,0,0,0,0,52,48,-52,-48,-28.90081493947322,-21.824762016177687,-7.076052923295535,,,18.95,18.95,18.9,18.9,0.0002771091049312007,0.0003075769411278002,,,,
2026-08-24T13:20:00+08:00,18.900000000000002,18.900000000000002,18.85,18.85,0,0,0,0,0,0,19.24,19,,,,,18.875,,,,,,,,,,,79.19283938168634,81.26150725901846,79.19283938168634,81.26150725901846,70.80891732548385,73.02897959130597,70.80891732548385,73.02897959130597,96,101,96,101,-1,4,-1,4,-1,4,-1,4,96,101,96,101,0.14385823196975603,,,,,,,,,0,0,0,0,52,48,-52,-48,-38.16329488708952,-25.698177552011106,-12.465117335078414,,,18.900000000000002,18.900000000000002,18.85,18.85,0.0002521588842014762,0.0002924029660490109,,,,
2026-08-24T13:28:00+08:00,18.85,18.85,18.8,18.8,0,0,0,0,0,0,19.24,19,,,,,18.825000000000003,,,,,,,,,,,77.78331224438442,80.76462225692788,77.78331224438442,80.76462225692788,67.66614682320382,70.3475632072549,67.66614682320382,70.3475632072549,96,101,96,101,-1,4,-1,4,-1,4,-1,4,96,101,96,101,0.11930421764542087,0.11930421764542087,,0.11930421764542087,,,,,,0,0,0,0,52,48,-52,-48,-45.96640947683668,-33.33713618391609,-12.629273292920594,,,18.85,18.85,18.8,18.8,0.0002219763310524071,0.00027675020968131775,,,,
2026-08-24T14:04:00+08:00,18.85,18.900000000000002,18.79,18.900000000000002,0,0,0,0,0,0,19.24,19,,,,,18.875,,,,,,,,,,,77.11796626039042,80.24367140027968,77.11796626039042,80.24367140027968,65.78867006614749,68.06811663670119,65.78867006614749,68.06811663670119,96,101,96,101,-1,4,-1,4,-1,4,-1,4,96,101,96,101,0.12928153787897156,,,,,,,,,0,0,0,0,52,48,-52,-48,-44.89785934025261,-39.482094660913006,-5.415764679339603,,,18.85,18.900000000000002,18.79,18.900000000000002,0.0002066005735056368,0.000260148684660871,,,,
2026-08-24T14:08:00+08:00,18.900000000000002,18.950000000000003,18.900000000000002,18.950000000000003,0,0,0,0,0,0,19.24,19,,,,,18.925000000000004,,,,,,,,,,,76.82189531128917,79.75484624470961,76.82189531128917,79.75484624470961,64.66096531985578,66.36454097827848,64.66096531985578,66.36454097827848,96,101,96,101,-1,4,-1,4,-1,4,-1,4,96,101,96,101,0.15477574905393277,,,,,,,,,0,0,0,0,52,48,-52,-48,-33.83439907509397,-40.71549069481819,6.881091619724224,-40.71549069481819,-40.71549069481819,18.900000000000002,18.950000000000003,18.900000000000002,18.950000000000003,0.00020529697171920973,0.00024326631659722634,,,,
2026-08-24T14:12:00+08:00,18.95,19,18.95,19,0,0,0,0,0,0,19.24,19,,,,,18.975,,,,,,,,,,,76.86872260887402,79.34254286816167,76.86872260887402,79.34254286816167,63.775332911524686,65.06993694490158,63.775332911524686,65.06993694490158,96,101,96,101,-1,4,-1,4,-1,4,-1,4,96,101,96,101,0.16518316374423264,,,,,,,,,0,0,0,0,52,48,-52,-48,-18.45971651764668,-35.78959610245748,17.3298795848108,,,18.95,19,18.95,19,0.0002145767585437547,0.0002296197706589472,,,,
2026-08-24T14:16:00+08:00,19,19.05,19,19.05,0,0,0,0,0,0,19.24,19,,,,,19.025,,,,,,,,,,,77.23395542123886,79.04131609002984,77.23395542123886,79.04131609002984,63.71219011464016,64.39106352977088,63.71219011464016,64.39106352977088,96,101,96,101,-1,4,-1,4,-1,4,-1,4,96,101,96,101,0.17545320816480842,,,,,,,,,0,0,0,0,52,48,-52,-48,-3.286899605201386,-25.11971863454866,21.832819029347277,,,19,19.05,19,19.05,0.00023130586597422062,0.00022198589749945056,,,,
2026-08-24T14:16:00+08:00,19.05,19.1,19.05,19.1,0,0,0,0,0,0,19.24,19,,,,,19.075000000000003,,,,,,,,,,,77.89485049732797,78.87753529107242,77.89485049732797,78.87753529107242,64.48057853982142,64.43582103479615,64.48057853982142,64.43582103479615,96,101,96,101,-1,4,-1,4,-1,4,-1,4,96,101,96,101,0.19270488098880192,,,,,0.19270488098880192,,0.19270488098880192,,0,0,0,0,52,48,-52,-48,10.020063796670192,-11.39023785031796,21.410301646988152,,,19.05,19.1,19.05,19.1,0.0002499619803825608,0.00022161974686296464,,,,
2026-08-24T14:20:00+08:00,19.05,19.05,19,19,0,0,0,0,0,0,19.1,18.900000000000002,,,,,19.025,,,,,,,,,,,77.86503813876719,78.7328928407431,77.86503813876719,78.7328928407431,62.98335303413258,63.70958703446436,62.98335303413258,63.70958703446436,96,101,96,101,-1,4,-1,4,-1,4,-1,4,96,101,96,101,0.1697650238539902,,,,,,,,,0,0,0,0,52,48,-52,-48,11.560183742617497,-0.041592145890097854,11.601775888507595,,,19.05,19.05,19,19,0.00025301969586258435,0.00022679364099799422,,,,
2026-08-24T14:28:00+08:00,19,19,18.95,18.95,0,0,0,0,0,0,19.1,18.900000000000002,,,,,18.975,,,,,,,,,,,77.515604912639,78.55899456529967,77.515604912639,78.55899456529967,59.57579328391482,61.64269015918959,59.57579328391482,61.64269015918959,96,101,96,101,-1,4,-1,4,-1,4,-1,4,96,101,96,101,0.11265317003259329,,,,,,,,,0,0,0,0,52,48,-52,-48,4.69106509260163,5.746103256671979,-1.055038164070349,5.746103256671979,5.746103256671979,19,19,18.95,18.95,0.00024791669462780264,0.00023367966118502184,,,,
2026-08-25T09:30:00+08:00,18.95,18.95,18.9,18.9,0,0,0,0,0,0,19.1,18.9,,,,,18.924999999999997,,,,,,,,,,,76.86938088091252,78.3176211818158,76.86938088091252,78.3176211818158,55.10223275267237,58.37246145593098,55.10223275267237,58.37246145593098,96,101,96,101,-1,4,-1,4,-1,4,-1,4,96,101,96,101,0.06503917670816771,,,,,,,,,0,0,0,0,52,48,-52,-48,-6.804215440708558,4.866774297795187,-11.670989738503746,,,18.95,18.95,18.9,18.9,0.0002381668250290913,0.00023915797007000212,0.0002381668250290913,18.95,,
2026-08-25T09:30:00+08:00,18.900000000000002,18.900000000000002,18.85,18.85,0,0,0,0,0,0,19.1,18.85,,,,,18.875,,,,,,,,,,,75.94756538684476,77.97904178253421,75.94756538684476,77.97904178253421,49.714957266265905,54.04370936109844,49.714957266265905,54.04370936109844,96,101,96,101,-1,4,-1,4,-1,4,-1,4,96,101,96,101,0.03002760628620482,,,,,,,,,0,0,0,0,52,48,-52,-48,-18.733601988291003,-2.321642148445112,-16.411959839845892,,,18.900000000000002,18.900000000000002,18.85,18.85,0.00022213280227220447,0.00024041731069141038,,,,
2026-08-25T09:30:00+08:00,18.85,18.85,18.8,18.8,0,0,0,0,0,0,19.1,18.8,,,,,18.825000000000003,,,,,,,,,,,74.76984353488865,77.52058489001342,74.76984353488865,77.52058489001342,43.544497532575775,48.79410344683711,43.544497532575775,48.79410344683711,96,101,96,101,-1,4,-1,4,-1,4,-1,4,96,101,96,101,-0.0016730629716274585,,,,,,,,,0,0,0,0,52,48,-52,-48,-29.19135042476295,-12.509525690290223,-16.681824734472727,,,18.85,18.85,18.8,18.8,0.00020585383501070116,0.00023617530553082385,,,,
2026-08-25T09:30:00+08:00,18.8,18.8,18.75,18.75,0,0,0,0,0,0,19.1,18.8,,,,,18.775,,,,,,,,,,,73.35449435060765,76.92542909866974,73.35449435060765,76.92542909866974,37.89528359935065,43.34469352309388,37.89528359935065,43.34469352309388,96,101,96,101,-1,4,-1,4,-1,4,-1,4,96,101,96,101,-0.0325832866643807,,,,,,,,,0,0,0,0,52,48,-52,-48,-38.40176731265477,-23.282733791604322,-15.119033521050447,,,18.8,18.8,18.75,18.75,0.00018595841242665726,0.0002255080442048399,,,,
2026-08-25T09:30:00+08:00,18.75,18.75,18.7,18.7,0,0,0,0,0,0,19.1,18.8,,,,,18.725,,,,,,,,,,,71.71849121488212,76.18158082955722,71.71849121488212,76.18158082955722,33.001152176066775,38.17292284958033,33.001152176066775,38.17292284958033,96,101,96,101,-1,4,-1,4,-1,4,-1,4,96,101,96,101,-0.06257509274547936,,,,,,,,,0,0,0,0,52,48,-52,-48,-45.59856416958194,-32.98132097382267,-12.617243195759272,,,18.75,18.75,18.7,18.7,0.00015692141891206207,0.0002094916647130862,,,,
2026-08-25T09:30:00+08:00,18.7,18.7,18.65,18.65,0,0,0,0,0,0,19.1,18.8,,,,,18.674999999999997,,,,,,,,,,,69.8775951242438,75.28101144308388,69.8775951242438,75.28101144308388,28.76289234139064,33.467907595485485,28.76289234139064,33.467907595485485,96,101,96,101,-1,4,-1,4,-1,4,-1,4,96,101,96,101,-0.07432723393537297,,,,,,,,,0,0,0,0,52,48,-52,-48,-51.12325709606604,-41.07873475076643,-10.044522345299612,,,18.7,18.7,18.65,18.65,0.00012129250036158622,0.0001883876323353835,,,,
2026-08-25T09:38:00+08:00,18.650000000000002,18.650000000000002,18.6,18.6,0,0,0,0,0,0,19.1,18.8,,,,,18.625,,,,,,,,,,,67.38633832965495,74.15320099830832,67.38633832965495,74.15320099830832,25.093468160752483,29.280687878118982,25.093468160752483,29.280687878118982,96,101,96,101,-1,4,-1,4,-1,4,-1,4,96,101,96,101,-0.07916194004234794,,,,,,,,,0,0,0,0,52,48,-52,-48,-55.316576568279636,-47.6100412866456,-7.706535281634039,,,18.650000000000002,18.650000000000002,18.6,18.6,0.00008110523602676831,0.0001622107008349963,,,,
2026-08-25T09:46:00+08:00,18.6,18.6,18.55,18.55,0,0,0,0,0,0,19.1,18.8,,,,,18.575000000000003,,,,,,,,,,,64.4527276970856,72.76741909813366,64.4527276970856,72.76741909813366,21.916850260236814,25.598769069177898,21.916850260236814,25.598769069177898,96,101,96,101,-1,4,-1,4,-1,4,-1,4,96,101,96,101,-0.09016427537590516,,,,,,,,,0,0,0,0,52,48,-52,-48,-57.87259596615944,-52.477748450021764,-5.394847516137673,,,18.6,18.6,18.55,18.55,0.000035155218246310446,0.000131047770164014,,,,
2026-08-25T09:46:00+08:00,18.55,18.55,18.5,18.5,0,0,0,0,0,0,19.1,18.8,,,,,18.525,,,,,,,,,,,61.03943762348424,71.09199317318374,61.03943762348424,71.09199317318374,19.171972037731933,22.385370553454916,19.171972037731933,22.385370553454916,96,101,96,101,-1,4,-1,4,-1,4,-1,4,96,101,96,101,-0.10806460365465696,,,,,,,,,0,0,0,0,52,48,-52,-48,-59.53142106695584,-55.96096267436525,-3.570458392590595,,,18.55,18.55,18.5,18.5,-0.000006383071324521818,0.00009567495244147682,,,,
2026-08-25T09:50:00+08:00,18.5,18.5,18.45,18.45,0,0,0,0,0,0,19.1,18.8,,,,,18.475,,,,,,,,,,,57.17781666366724,69.10425367182424,57.17781666366724,69.10425367182424,16.7947825422874,19.590076547871156,16.7947825422874,19.590076547871156,96,101,96,101,-1,4,-1,4,-1,4,-1,4,96,101,96,101,-0.1460790160744287,,,,,,,,,0,0,0,0,52,48,-52,-48,-60.682301270456314,-58.350723717962815,-2.331577552493499,,,18.5,18.5,18.45,18.45,-0.000046814922411349785,0.00005687939663514258,,,,
2026-08-25T09:58:00+08:00,18.45,18.45,18.4,18.4,0,0,0,0,0,0,19.1,18.8,,,,,18.424999999999997,,,,,,,,,,,53.176743380382014,66.82889505876106,53.176743380382014,66.82889505876106,14.735663947811023,17.16287024784109,14.735663947811023,17.16287024784109,96,101,96,101,-1,4,-1,4,-1,4,-1,4,96,101,96,101,-0.19580308945501965,,,,,,,,,0,0,0,0,52,48,-52,-48,-61.53803539998044,-59.906088425888015,-1.631946974092422,,,18.45,18.45,18.4,18.4,-0.00008828516304317996,0.00001601163297593559,,,,
2026-08-25T10:14:00+08:00,18.400000000000002,18.400000000000002,18.35,18.35,0,0,0,0,0,0,19.1,18.8,,,,,18.375,,,,,,,,,,,49.37840456749758,64.33596784572342,49.37840456749758,64.33596784572342,12.951596385443208,15.05723331664215,12.951596385443208,15.05723331664215,96,101,96,101,-1,4,-1,4,-1,4,-1,4,96,101,96,101,-0.24092488353840405,,,,,,,,,0,0,0,0,52,48,-52,-48,-62.21617915871684,-60.99198422402736,-1.2241949346894785,,,18.400000000000002,18.400000000000002,18.35,18.35,-0.0001287856117017524,-0.00002566805236795417,,,,
2026-08-25T10:22:00+08:00,18.400000000000002,18.450000000000003,18.400000000000002,18.450000000000003,0,0,0,0,0,0,19.1,18.8,,,,,18.425000000000004,,,,,,,,,,,46.64502646346999,61.8086905054015,46.64502646346999,61.8086905054015,12.385477479657615,13.721355398149882,12.385477479657615,13.721355398149882,96,101,96,101,-1,4,-1,4,-1,4,-1,4,96,101,96,101,-0.24623332825301703,,,,,,,,,0,0,0,0,52,48,-52,-48,-55.84725648191919,-60.0709430777682,4.22368659584901,-60.0709430777682,-60.0709430777682,18.400000000000002,18.450000000000003,18.400000000000002,18.450000000000003,-0.00014702693352972122,-0.00006369008062736909,,,,
2026-08-25T10:30:00+08:00,18.400000000000002,18.400000000000002,18.35,18.35,0,0,0,0,0,0,19.1,18.8,,,,,18.375,,,,,,,,,,,43.313238858936415,59.16648312733506,43.313238858936415,59.16648312733506,10.937150841311714,12.329253119730797,10.937150841311714,12.329253119730797,96,101,96,101,-1,4,-1,4,-1,4,-1,4,96,101,96,101,-0.2432613434974486,,,,,,,,,0,0,0,0,52,48,-52,-48,-56.039195464811215,-58.910166626356926,2.870971161545711,,,18.400000000000002,18.400000000000002,18.35,18.35,-0.00017807994877698627,-0.00009922927513125188,,,,
2026-08-25T10:42:00+08:00,18.35,18.35,18.3,18.3,0,0,0,0,0,0,19.1,18.8,,,,,18.325000000000003,,,,,,,,,,,40.2194360832981,56.45976212104407,40.2194360832981,56.45976212104407,9.678652088905476,11.003952604318137,9.678652088905476,11.003952604318137,96,101,96,101,-1,4,-1,4,-1,4,-1,4,96,101,96,101,-0.2587929954361103,,,,,,,,,0,0,0,0,52,48,-52,-48,-58.08527093236346,-58.04697550945268,-0.03829542291077814,-58.04697550945268,-58.04697550945268,18.35,18.35,18.3,18.3,-0.00020751342204551357,-0.0001327510002514172,,,,
2026-08-25T10:50:00+08:00,18.3,18.3,18.25,18.25,0,0,0,0,0,0,19.1,18.8,,,,,18.275,,,,,,,,,,,37.346619220205376,53.72931313520997,37.346619220205376,53.72931313520997,8.584587793376405,9.794270198847272,8.584587793376405,9.794270198847272,96,101,96,101,-1,4,-1,4,-1,4,-1,4,96,101,96,101,-0.2845999568115656,-0.2845999568115656,,-0.2845999568115656,,,,,,0,0,0,0,52,48,-52,-48,-60.659666356212675,-57.65784730882663,-3.001819047386043,,,18.3,18.3,18.25,18.25,-0.00023723747381292816,-0.00016448809215168024,,,,
2026-08-25T13:00:00+08:00,18.3,18.35,18.21,18.35,0,0,0,0,0,0,19.1,18.8,,,,,18.325000000000003,,,,,,,,,,,35.64054202315774,51.145202976345374,35.64054202315774,51.145202976345374,8.995457273937404,9.394863736392338,8.995457273937404,9.394863736392338,96,101,96,101,-1,4,-1,4,-1,4,-1,4,96,101,96,101,-0.2824043810386858,,,,,,,,,0,0,0,0,52,48,-52,-48,-57.75505202244415,-58.13479619395788,0.3797441715137353,-58.13479619395788,-58.13479619395788,18.3,18.35,18.21,18.35,-0.0002492085976421688,-0.00019130866458484503,,,,
2026-08-25T13:00:00+08:00,18.35,18.400000000000002,18.35,18.400000000000002,0,0,0,0,0,0,19.1,18.8,,,,,18.375,,,,,,,,,,,34.399734076448674,48.75299313350298,34.399734076448674,48.75299313350298,10.439123891304318,9.916993813848329,10.439123891304318,9.916993813848329,96,101,96,101,-1,4,-1,4,-1,4,-1,4,96,101,96,101,-0.2499855593509911,,,,,,,,,0,0,0,0,52,48,-52,-48,-45.88420442806165,-55.59604843477049,9.711844006708837,,,18.35,18.400000000000002,18.35,18.400000000000002,-0.0002505440770615107,-0.00021160174214480477,,,,
2026-08-25T13:04:00+08:00,18.400000000000002,18.450000000000003,18.400000000000002,18.450000000000003,0,0,0,0,0,0,19.1,18.8,,,,,18.425000000000004,,,,,,,,,,,33.590961862196856,46.586988666173546,33.590961862196856,46.586988666173546,12.479120638774523,11.198057226311427,12.479120638774523,11.198057226311427,96,101,96,101,-1,4,-1,4,-1,4,-1,4,96,101,96,101,-0.2309904982040899,,,,,,,,,0,0,0,0,52,48,-52,-48,-30.193214157980076,-48.623034241174636,18.42982008319456,,,18.400000000000002,18.450000000000003,18.400000000000002,18.450000000000003,-0.00024127974182078544,-0.0002273105435266488,,,,
2026-08-26T09:30:00+08:00,18.45,18.5,18.38,18.5,0,0,0,0,0,0,19.1,18.8,,,,,18.475,,,,,,,,,,,33.18336568522674,44.67218538318115,33.18336568522674,44.67218538318115,14.805538396638195,13.00179781147481,14.805538396638195,13.00179781147481,96,101,96,101,-1,4,-1,4,-1,4,-1,4,96,101,96,101,-0.21636973961610279,,,,,,,,,0,0,0,0,52,48,-52,-48,-17.182487659224865,-37.75373956692769,20.571251907702827,,,18.45,18.5,18.38,18.5,-0.0002267492457128854,-0.00023542209301596534,,,-0.0002267492457128854,18.38
2026-08-26T09:30:00+08:00,18.5,18.55,18.5,18.55,0,0,0,0,0,0,19.1,18.8,,,,,18.525,,,,,,,,,,,33.14829011430395,43.02591463048441,33.14829011430395,43.02591463048441,17.826898079943494,15.414347945709153,17.826898079943494,15.414347945709153,96,101,96,101,-1,4,-1,4,-1,4,-1,4,96,101,96,101,-0.19081760242843093,,,,,,,,,0,0,0,0,52,48,-52,-48,-2.6330615726301065,-23.973241954474183,21.34018038184408,,,18.5,18.55,18.5,18.55,-0.0002037365536332809,-0.00023479261494725986,,,,
2026-08-26T09:30:00+08:00,18.55,18.6,18.55,18.6,0,0,0,0,0,0,19.1,18.8,,,,,18.575000000000003,,,,,,,,,,,33.459126534710805,41.65923061680246,33.459126534710805,41.65923061680246,21.2192031696466,18.31677555767788,21.2192031696466,18.31677555767788,96,101,96,101,-1,4,-1,4,-1,4,-1,4,96,101,96,101,-0.16135265836346557,,,,,,,,,0,0,0,0,52,48,-52,-48,9.422019493122301,-10.146685974178196,19.568705467300497,,,18.55,18.6,18.55,18.6,-0.00017459310913223373,-0.00022435188750047745,,,,
2026-08-26T09:30:00+08:00,18.6,18.650000000000002,18.6,18.650000000000002,0,0,0,0,0,0,19.1,18.8,,,,,18.625,,,,,,,,,,,34.091166947066625,40.57807866398306,34.091166947066625,40.57807866398306,24.929461464833544,21.62311851125571,24.929461464833544,21.62311851125571,96,101,96,101,-1,4,-1,4,-1,4,-1,4,96,101,96,101,-0.13160424280275435,,,,,,,,,0,0,0,0,52,48,-52,-48,20.02502638528769,2.4078741616387545,17.617152223648933,,,18.6,18.650000000000002,18.6,18.650000000000002,-0.00014149086871750714,-0.00020639893267970053,,,,
2026-08-26T09:30:00+08:00,18.650000000000002,18.700000000000003,18.650000000000002,18.700000000000003,0,0,0,0,0,0,19.1,18.8,,,,,18.675000000000004,,,,,,,,,,,35.02146820908935,39.78427717042681,35.02146820908935,39.78427717042681,28.912251079006634,25.267684795131174,28.912251079006634,25.267684795131174,96,101,96,101,-1,4,-1,4,-1,4,-1,4,96,101,96,101,-0.10183409694409522,,,,,,,,,0,0,0,0,52,48,-52,-48,28.603073846295253,13.854264538018784,14.748809308276469,,,18.650000000000002,18.700000000000003,18.650000000000002,18.700000000000003,-0.00010486462163914096,-0.0001821190234426389,,,,
2026-08-26T09:30:00+08:00,18.7,18.75,18.7,18.75,0,0,0,0,0,0,19.1,18.8,,,,,18.725,,,,,,,,,,,36.228725974374164,39.27634128527644,36.228725974374164,39.27634128527644,33.12863896659636,29.19816188086377,33.12863896659636,29.19816188086377,96,101,96,101,-1,4,-1,4,-1,4,-1,4,96,101,96,101,-0.07743999065096645,,,,,,,,,0,0,0,0,52,48,-52,-48,35.53806777155399,23.397046874064806,12.141020897489184,,,18.7,18.75,18.7,18.75,-0.0000650794757421853,-0.0001527523124295389,,,,
2026-08-26T09:42:00+08:00,18.75,18.8,18.75,18.8,0,0,0,0,0,0,19.1,18.8,,,,,18.775,,,,,,,,,,,37.69315763554523,39.050172192457694,37.69315763554523,39.050172192457694,37.54525394568613,33.371707913274946,37.54525394568613,33.371707913274946,96,101,96,101,-1,4,-1,4,-1,4,-1,4,96,101,96,101,-0.053437790236524,,,,,,,,,0,0,0,0,52,48,-52,-48,41.14869197950366,31.32871499566015,9.81997698384351,,,18.75,18.8,18.75,18.8,-0.00002600409980560679,-0.00011929478811165913,,,,
2026-08-26T09:42:00+08:00,18.8,18.85,18.8,18.85,0,0,0,0,0,0,19.1,18.8,,,,,18.825000000000003,,,,,,,,,,,39.39639362861067,39.09963239762241,39.39639362861067,39.09963239762241,42.133492146061634,37.75260002966829,42.133492146061634,37.75260002966829,96,101,96,101,-1,4,-1,4,-1,4,-1,4,96,101,96,101,-0.024704596654727184,,,,,,,,,0,0,0,0,52,48,-52,-48,46.04419919762987,37.83350819874569,8.210690998884182,,,18.8,18.85,18.8,18.85,0.000014104789555957875,-0.00008298789758011934,,,,
2026-08-26T09:46:00+08:00,18.85,18.900000000000002,18.85,18.900000000000002,0,0,0,0,0,0,19.1,18.8,,,,,18.875,,,,,,,,,,,41.32137650129232,39.4170244124324,41.32137650129232,39.4170244124324,46.86883596468206,42.310717997175175,46.86883596468206,42.310717997175175,96,101,96,101,-1,4,-1,4,-1,4,-1,4,96,101,96,101,-0.0016137045332661635,,,,,,,,,0,0,0,0,52,48,-52,-48,49.964465637550255,43.173856146559444,6.790609490990811,,,18.85,18.900000000000002,18.85,18.900000000000002,0.0000608250320836481,-0.00004375154071080571,,,,
2026-08-26T09:46:00+08:00,18.900000000000002,18.950000000000003,18.900000000000002,18.950000000000003,0,0,0,0,0,0,19.1,18.8,,,,,18.925000000000004,,,,,,,,,,,43.45226719076045,39.99348766647926,43.45226719076045,39.99348766647926,51.73027031322671,47.02049415520094,51.73027031322671,47.02049415520094,96,101,96,101,-1,4,-1,4,-1,4,-1,4,96,101,96,101,0.019641431878115338,,,,,,,,,0,0,1,0,52,48,-52,-48,53.108535275140746,47.56647302245614,5.542062252684609,,,18.900000000000002,18.950000000000003,18.900000000000002,18.950000000000003,0.00010316938100154568,-0.000002974832424296901,,,,
2026-08-26T09:50:00+08:00,18.95,19,18.95,19,1,0,0,1,0,0,19.1,18.8,,,,,18.975,,,,,,,,,,,45.774357995816004,40.819326284955935,45.774357995816004,40.819326284955935,56.699782258849204,51.860138207025074,56.699782258849204,51.860138207025074,96,101,96,101,-1,4,-1,4,-1,4,-1,4,96,101,96,101,0.04033772368610541,,,,,,,,,0,0,0,0,52,48,-52,-48,55.63455653584747,51.18793916154209,4.446617374305383,,,18.95,19,18.95,19,0.00014268222809847212,0.000038282975865305275,,,,
2026-08-26T09:50:00+08:00,19,19.05,19,19.05,0,0,0,0,0,0,19.1,18.8,,,,,19.025,,,,,,,,,,,48.27399176534561,41.884278496440174,48.27399176534561,41.884278496440174,61.76193214482419,56.81103517592463,61.76193214482419,56.81103517592463,96,101,96,101,-1,4,-1,4,-1,4,-1,4,96,101,96,101,0.06142717453627054,,,,,,,,,0,0,0,0,52,48,-52,-48,57.17151898053534,53.96976910726845,3.201749873266891,,,19,19.05,19,19.05,0.00017878741315447013,0.00007892745734808117,,,,
2026-08-26T09:50:00+08:00,19.05,19.1,19.05,19.1,0,0,0,0,0,0,19.1,18.8,,,,,19.075000000000003,,,,,,,,,,,50.9384868590297,43.17773683395296,50.9384868590297,43.17773683395296,66.90348597967275,61.85726057779869,66.90348597967275,61.85726057779869,96,101,96,101,-1,4,-1,4,-1,4,-1,4,96,101,96,101,0.08676550118123483,,,,,,,,,0,0,0,0,52,48,-52,-48,58.21304649217598,56.031914320924884,2.181132171251093,,,19.05,19.1,19.05,19.1,0.00021592824939777714,0.00011924951554864517,,,,
2026-08-26T09:50:00+08:00,19.1,19.150000000000002,19.1,19.150000000000002,0,1,0,0,1,0,19.1,18.8,,,,,19.125,,,,,,,,,,,53.7560674680001,44.688926924531124,53.7560674680001,44.688926924531124,71.32760804336692,66.5924343105828,71.32760804336692,66.5924343105828,96,101,96,101,-1,4,-1,4,-1,4,-1,4,96,101,96,101,0.11388206066388656,,,,,,,,,0,0,0,0,52,48,-52,-48,59.01546815665764,57.50864754130411,1.5068206153535328,,,19.1,19.150000000000002,19.1,19.150000000000002,0.00025346000687465894,0.00015914205176842868,,,,
2026-08-26T09:54:00+08:00,19.150000000000002,19.200000000000003,19.150000000000002,19.200000000000003,0,0,0,0,0,0,19.1,18.8,,,,,19.175000000000004,,,,,,,,,,,56.71579891259349,46.40705149425431,56.71579891259349,46.40705149425431,75.13506374857137,70.8637490295771,75.13506374857137,70.8637490295771,96,101,96,101,-1,4,-1,4,-1,4,-1,4,96,101,96,101,0.1430867336047824,,,,,,,,,0,0,0,0,52,48,-52,-48,59.708080784549466,58.52702860347961,1.1810521810698589,,,19.150000000000002,19.200000000000003,19.150000000000002,19.200000000000003,0.00029411553150543137,0.00019802380167205922,,,,
2026-08-26T09:54:00+08:00,19.200000000000003,19.250000000000004,19.200000000000003,19.250000000000004,0,0,0,0,0,0,19.1,18.8,,,,,19.225,,,,,,,,,,,59.80752756169396,48.32140521817426,59.80752756169396,48.32140521817426,78.41247222405019,74.63811062681364,78.41247222405019,74.63811062681364,96,101,96,101,-1,4,-1,4,-1,4,-1,4,96,101,96,101,0.17180670316406949,,,,,,,,,0,0,0,0,52,48,-52,-48,60.35050923942496,59.32177616820201,1.0287330712229519,,,19.200000000000003,19.250000000000004,19.200000000000003,19.250000000000004,0.00033209862483196386,0.00023617867564379558,,,,
2026-08-26T09:54:00+08:00,19.25,19.3,19.25,19.3,0,0,1,0,0,1,19.1,18.8,,,,,19.275,,,,,,,,,,,62.678418450144385,50.372407108455704,62.678418450144385,50.372407108455704,81.23428156556858,77.93619609619111,81.23428156556858,77.93619609619111,96,101,96,101,-1,4,-1,4,-1,4,-1,4,96,101,96,101,0.20609307737526586,,,,,,,,,0,0,0,0,52,48,-52,-48,60.96510921037519,60.00979184775181,0.9553173626233757,,,19.25,19.3,19.25,19.3,0.00036840402364496643,0.00027379897490154465,,,,
2026-08-26T10:06:00+08:00,19.3,19.35,19.3,19.35,0,0,0,0,0,0,19.1,18.8,,,,,19.325000000000003,,,,,,,,,,,65.3442457037055,52.51124119349139,65.3442457037055,52.51124119349139,83.66447191835704,80.80033400727407,83.66447191835704,80.80033400727407,96,101,96,101,-1,4,-1,4,-1,4,-1,4,96,101,96,101,0.2395168361386894,,,,,,,,,0,0,0,0,52,48,-52,-48,61.555759354085176,60.644864647108705,0.910894706976471,,,19.3,19.35,19.3,19.35,0.00040294969440292594,0.0003111593551096206,,,,
2026-08-26T10:06:00+08:00,19.35,19.400000000000002,19.35,19.400000000000002,0,0,0,0,0,0,19.1,18.8,,,,,19.375,,,,,,,,,,,67.81965672486939,54.698157697973954,67.81965672486939,54.698157697973954,85.75802274874782,83.27917837801095,85.75802274874782,83.27917837801095,96,101,96,101,-1,4,-1,4,-1,4,-1,4,96,101,96,101,0.26474647092982195,,,,,,,,,0,0,0,0,52,48,-52,-48,62.11856271934505,61.2474851308076,0.8710775885374531,,,19.35,19.400000000000002,19.35,19.400000000000002,0.00043750105733246156,0.00034808815643206796,,,,
2026-08-26T10:10:00+08:00,19.400000000000002,19.450000000000003,19.400000000000002,19.450000000000003,0,0,0,0,0,0,19.1,18.8,,,,,19.425000000000004,,,,,,,,,,,70.11825267309301,56.90102840870525,70.11825267309301,56.90102840870525,87.56217618095435,85.42067727948265,87.56217618095435,85.42067727948265,96,101,96,101,-1,4,-1,4,-1,4,-1,4,96,101,96,101,0.2837605601499973,,,,,,,,,0,0,0,0,52,48,-52,-48,62.691688911062975,61.8327800487171,0.8589088623458778,,,19.400000000000002,19.450000000000003,19.400000000000002,19.450000000000003,0.000472153908146201,0.000384537139977325,,,,
2026-08-26T10:14:00+08:00,19.450000000000003,19.500000000000004,19.450000000000003,19.500000000000004,0,0,0,0,0,0,19.1,18.8,,,,,19.475,,,,,,,,,,,72.2526631964435,59.09411909266786,72.2526631964435,59.09411909266786,89.11752421268956,87.26910074608611,89.11752421268956,87.26910074608611,96,101,96,101,-1,4,-1,4,-1,4,-1,4,96,101,96,101,0.29258391989498594,,,,,,,,,0,0,0,0,52,48,-52,-48,63.215302733081785,62.39532842939374,0.819974303688042,,,19.450000000000003,19.500000000000004,19.450000000000003,19.500000000000004,0.0005085295821523938,0.00042027281508515206,,,,
2026-08-26T10:30:00+08:00,19.5,19.55,19.5,19.55,0,0,0,0,0,0,19.1,18.8,,,,,19.525,,,,,,,,,,,74.23461582526897,61.257047197325164,74.23461582526897,61.257047197325164,90.45894399467208,88.8640223703791,90.45894399467208,88.8640223703791,96,101,96,101,-1,4,-1,4,-1,4,-1,4,96,101,96,101,0.3033452766785546,,,,,,,,,0,0,0,0,52,48,-52,-48,63.687565955466404,62.928280079739054,0.7592858757273504,,,19.5,19.55,19.5,19.55,0.0005430413817727171,0.0004554299412419443,,,,
2026-08-26T10:30:00+08:00,19.55,19.6,19.55,19.6,0,0,0,0,0,0,19.1,18.8,,,,,19.575000000000003,,,,,,,,,,,76.07500040917833,63.373897656161326,76.07500040917833,63.373897656161326,91.6164021495956,90.24021225998735,91.6164021495956,90.24021225998735,96,101,96,101,-1,4,-1,4,-1,4,-1,4,96,101,96,101,0.3228728498278173,,,,,,,,,0,0,0,0,52,48,-52,-48,64.10855297080951,63.42577764260517,0.6827753282043432,,,19.55,19.6,19.55,19.6,0.0005763737080345848,0.0004900915553068807,,,,
2026-08-26T10:30:00+08:00,19.6,19.650000000000002,19.6,19.650000000000002,0,0,0,0,0,0,19.1,18.8,,,,,19.625,,,,,,,,,,,77.78392895137988,65.43247355547827,77.78392895137988,65.43247355547827,92.61564628695497,91.42792927347116,92.61564628695497,91.42792927347116,96,101,96,101,-1,4,-1,4,-1,4,-1,4,96,101,96,101,0.3440666898197832,,,,,,,,,0,0,0,0,52,48,-52,-48,64.47998083648106,63.87285062395969,0.6071302125213691,,,19.6,19.650000000000002,19.6,19.650000000000002,0.0006085799481927921,0.0005243632642718584,,,,
2026-08-26T10:30:00+08:00,19.650000000000002,19.700000000000003,19.650000000000002,19.700000000000003,0,0,0,0,0,0,19.1,18.8,,,,,19.675000000000004,,,,,,,,,,,79.37079116913846,67.42366178600115,79.37079116913846,67.42366178600115,93.47879940607646,92.45336433977381,93.47879940607646,92.45336433977381,96,101,96,101,-1,4,-1,4,-1,4,-1,4,96,101,96,101,0.3642414635705537,,,,,,,,,0,0,0,0,52,48,-52,-48,64.80477704947555,64.27021920305813,0.5345578464174139,,,19.650000000000002,19.700000000000003,19.650000000000002,19.700000000000003,0.0006404465193167739,0.0005581875079359105,,,,
2026-08-26T10:30:00+08:00,19.700000000000003,19.750000000000004,19.700000000000003,19.750000000000004,0,0,0,0,0,0,19.1,18.8,,,,,19.725,,,,,,,,,,,80.84430608562856,69.34089668594791,80.84430608562856,69.34089668594791,94.22487073396536,93.3391175368696,94.22487073396536,93.3391175368696,96,101,96,101,-1,4,-1,4,-1,4,-1,4,96,101,96,101,0.3835182142823437,,,,,,,,,0,0,0,0,52,48,-52,-48,65.08664144921752,64.6199880764959,0.4666533727216233,,,19.700000000000003,19.750000000000004,19.700000000000003,19.750000000000004,0.0006722860821086262,0.0005915428702629814,,,,
2026-08-26T10:30:00+08:00,19.75,19.8,19.75,19.8,0,0,0,0,0,0,19.1,18.8,,,,,19.775,,,,,,,,,,,82.21256993665509,71.17970715033465,82.21256993665509,71.17970715033465,94.87019468122458,94.10465610904708,94.87019468122458,94.10465610904708,96,101,96,101,-1,4,-1,4,-1,4,-1,4,96,101,96,101,0.4025872791856101,,,,,0.4025872791856101,,0.4025872791856101,,0,0,0,0,52,48,-52,-48,65.32967181444522,64.92526778740483,0.40440402704038547,,,19.75,19.8,19.75,19.8,0.000705178293266553,0.0006243176554486746,,,,
2026-08-26T10:34:00+08:00,19.75,19.75,19.7,19.7,0,0,0,0,0,0,19.1,18.8,,,,,19.725,,,,,,,,,,,83.03386435717253,72.87315817988292,83.03386435717253,72.87315817988292,94.88424593520955,94.49445102212832,94.88424593520955,94.49445102212832,96,101,96,101,-1,4,-1,4,-1,4,-1,4,96,101,96,101,0.3807399262484313,,,,,,,,,0,0,0,0,52,48,-52,-48,58.397295864205574,63.40459654433596,-5.007300680130385,63.40459654433596,63.40459654433596,19.75,19.75,19.7,19.7,0.0007186515056597042,0.0006535860094298391,,,,
2026-08-26T10:34:00+08:00,19.700000000000003,19.700000000000003,19.650000000000002,19.650000000000002,0,0,0,0,0,0,19.1,18.8,,,,,19.675000000000004,,,,,,,,,,,83.57187674136374,74.40154654580876,83.57187674136374,74.40154654580876,94.4470535689038,94.47075229551606,94.4470535689038,94.47075229551606,96,101,96,101,-1,4,-1,4,-1,4,-1,4,96,101,96,101,0.326061026185487,,,,,,,,,0,0,0,0,52,48,-52,-48,46.28795501180203,58.77539103491758,-12.48743602311555,,,19.700000000000003,19.700000000000003,19.650000000000002,19.650000000000002,0.0007207786949869063,0.0006776535072552261,,,,
2026-08-26T10:46:00+08:00,19.650000000000002,19.74,19.6,19.6,0,0,0,0,0,0,19.1,18.8,,,,,19.625,,,,,,,,,,,83.84684152039482,75.75087439932106,83.84684152039482,75.75087439932106,93.78480602401994,94.12777915976801,93.78480602401994,94.12777915976801,96,101,96,101,-1,4,-1,4,-1,4,-1,4,96,101,96,101,0.2845514598646347,0.2845514598646347,,0.2845514598646347,,,,,,0,0,0,0,52,48,-52,-48,35.365531210492605,51.34511347523635,-15.979582264743748,,,19.650000000000002,19.74,19.6,19.6,0.0007127736258153922,0.000695019120192326,,,,
2026-08-26T10:54:00+08:00,19.650000000000002,19.700000000000003,19.650000000000002,19.700000000000003,0,0,0,0,0,0,19.1,18.8,,,,,19.675000000000004,,,,,,,,,,,84.55140225635944,77.00809266461226,84.55140225635944,77.00809266461226,93.59452376182844,93.86115146079823,93.59452376182844,93.86115146079823,96,101,96,101,-1,4,-1,4,-1,4,-1,4,96,101,96,101,0.2891282491875074,,,,,,,,,0,0,0,0,52,48,-52,-48,32.13775360938752,43.04713392397193,-10.90938031458441,,,19.650000000000002,19.700000000000003,19.650000000000002,19.700000000000003,0.0007141850332780099,0.0007073088725191987,,,,
2026-08-26T10:54:00+08:00,19.700000000000003,19.750000000000004,19.700000000000003,19.750000000000004,0,0,0,0,0,0,19.750000000000004,19.6,,,,,19.725,,,,,,,,,,,85.43025537461588,78.21125876604135,85.43025537461588,78.21125876604135,93.81993662343919,93.84054404211871,93.81993662343919,93.84054404211871,96,101,96,101,-1,4,-1,4,-1,4,-1,4,96,101,96,101,0.32103039518282594,,,,,,,,,0,0,0,0,52,48,-52,-48,36.753945467252976,37.63629632473378,-0.8823508574808017,,,19.700000000000003,19.750000000000004,19.700000000000003,19.750000000000004,0.0007187844255506488,0.0007150585964262024,,,,
2026-08-26T11:18:00+08:00,19.75,19.8,19.75,19.8,0,0,0,0,0,0,19.8,19.6,,,,,19.775,,,,,,,,,,,86.47095141928618,79.39121485936205,86.47095141928618,79.39121485936205,94.50159557662998,94.17106980937434,94.50159557662998,94.17106980937434,96,101,96,101,-1,4,-1,4,-1,4,-1,4,96,101,96,101,0.34859335672437575,,,,,,,,,0,0,0,0,52,48,-52,-48,43.981329891158396,37.059640044572866,6.921689846585529,37.059640044572866,37.059640044572866,19.75,19.8,19.75,19.8,0.0007273054446759045,0.0007187464549944277,,,,
2026-08-26T11:22:00+08:00,19.8,19.85,19.8,19.85,0,0,0,0,0,0,19.8,19.6,,,,,19.825000000000003,,,,,,,,,,,87.43731203219431,80.54065731262381,87.43731203219431,80.54065731262381,95.09271846315612,94.63189413626523,95.09271846315612,94.63189413626523,96,101,96,101,-1,4,-1,4,-1,4,-1,4,96,101,96,101,0.36837417317988175,,,,,,,,,0,0,0,0,52,48,-52,-48,50.83209286598738,40.92628045844656,9.905812407540814,,,19.8,19.85,19.8,19.85,0.0007379756790591102,0.0007219671505609954,,,,
2026-08-26T11:22:00+08:00,19.85,19.900000000000002,19.85,19.900000000000002,0,0,0,0,0,0,19.8,19.6,,,,,19.875,,,,,,,,,,,88.33464688703758,81.65408439468293,88.33464688703758,81.65408439468293,95.58967705005219,95.11078559315871,95.58967705005219,95.11078559315871,96,101,96,101,-1,4,-1,4,-1,4,-1,4,96,101,96,101,0.3845009392626303,,,,,,,,,0,0,0,0,52,48,-52,-48,56.801074590093805,47.092110703623135,9.70896388647067,,,19.85,19.900000000000002,19.85,19.900000000000002,0.0007511296648662454,0.0007270256455408852,,,,
2026-08-26T11:22:00+08:00,19.900000000000002,19.950000000000003,19.900000000000002,19.950000000000003,0,0,0,0,0,0,19.8,19.6,,,,,19.925000000000004,,,,,,,,,,,89.16788639510632,82.72748468045769,89.16788639510632,82.72748468045769,96.01564155310597,95.56321357313234,96.01564155310597,95.56321357313234,96,101,96,101,-1,4,-1,4,-1,4,-1,4,96,101,96,101,0.4024682138064192,,,,,0.4024682138064192,0.4024682138064192,0.4024682138064192,,0,0,0,0,52,48,-52,-48,61.284430906626596,53.22473206346654,8.059698843160056,,,19.900000000000002,19.950000000000003,19.900000000000002,19.950000000000003,0.0007669095033332754,0.0007360482917938659,,,,
2026-08-26T13:00:00+08:00,19.900000000000002,19.900000000000002,19.85,19.85,0,0,0,0,0,0,19.8,19.6,,,,,19.875,,,,,,,,,,,89.53109976425718,83.69942969242905,89.53109976425718,83.69942969242905,95.73827477038714,95.65074417175974,95.73827477038714,95.65074417175974,96,101,96,101,-1,4,-1,4,-1,4,-1,4,96,101,96,101,0.38938010513485577,,,,,,,,,0,0,0,0,52,48,-52,-48,56.7739108520858,56.422877303698385,0.35103354838741296,,,19.900000000000002,19.900000000000002,19.85,19.85,0.0007675661493247498,0.0007449451444683225,,,,
2026-08-26T13:00:00+08:00,19.85,19.85,19.8,19.8,0,0,0,0,0,0,19.8,19.6,,,,,19.825000000000003,,,,,,,,,,,89.6631148057265,84.55138470861439,89.6631148057265,84.55138470861439,94.91852123176038,95.28463270176006,94.91852123176038,95.28463270176006,96,101,96,101,-1,4,-1,4,-1,4,-1,4,96,101,96,101,0.35310584336065076,,,,,,,,,0,0,0,0,52,48,-52,-48,46.148259270338166,55.25191890478608,-9.103659634447915,55.25191890478608,55.25191890478608,19.85,19.85,19.8,19.8,0.0007610019691443965,0.0007519814017339471,,,,
2026-08-26T13:08:00+08:00,19.8,19.8,19.75,19.75,0,0,0,0,0,0,19.8,19.6,,,,,19.775,,,,,,,,,,,89.58044568577722,85.26982199106622,89.58044568577722,85.26982199106622,93.58730391293744,94.43596830734876,93.58730391293744,94.43596830734876,96,101,96,101,-1,4,-1,4,-1,4,-1,4,96,101,96,101,0.3210908489095925,,,,,,,,,0,0,0,0,52,48,-52,-48,30.302125953048296,48.62718174552471,-18.325055792476412,,,19.8,19.8,19.75,19.75,0.000748793620974582,0.0007555627644503933,0.000748793620974582,19.8,,
2026-08-26T13:12:00+08:00,19.75,19.75,19.7,19.7,0,0,0,0,0,0,19.8,19.6,,,,,19.725,,,,,,,,,,,89.29842698736783,85.84533699053789,89.29842698736783,85.84533699053789,91.7653081158511,93.10063821159993,91.7653081158511,93.10063821159993,96,101,96,101,-1,4,-1,4,-1,4,-1,4,96,101,96,101,0.28813438136592107,,,,,,,,,0,0,0,0,52,48,-52,-48,13.91311761560251,36.78435342276869,-22.87123580716618,,,19.75,19.75,19.7,19.7,0.0007306573359945323,0.0007543430406062968,,,,
2026-08-26T13:16:00+08:00,19.700000000000003,19.700000000000003,19.650000000000002,19.650000000000002,0,0,0,0,0,0,19.900000000000002,19.650000000000002,,,,,19.675000000000004,,,,,,,,,,,88.83129796610264,86.27190284419,88.83129796610264,86.27190284419,89.46343180116429,91.2820350063821,89.46343180116429,91.2820350063821,96,101,96,101,-1,4,-1,4,-1,4,-1,4,96,101,96,101,0.2544546964176509,,,,,,,,,0,0,0,0,52,48,-52,-48,-0.8354306821820359,22.382018039201725,-23.21744872138376,,,19.700000000000003,19.700000000000003,19.650000000000002,19.650000000000002,0.0007079514455327539,0.0007471466707173817,,,,
2026-08-26T13:16:00+08:00,19.650000000000002,19.650000000000002,19.6,19.6,0,0,0,0,0,0,19.900000000000002,19.650000000000002,,,,,19.625,,,,,,,,,,,88.19228078789989,86.54624255043427,88.19228078789989,86.54624255043427,86.68294154385514,88.98248827511861,86.68294154385514,88.98248827511861,96,101,96,101,-1,4,-1,4,-1,4,-1,4,96,101,96,101,0.22132836346230805,,,,,,,,,0,0,0,0,52,48,-52,-48,-13.29619240397426,7.520905120623622,-20.817097524597884,,,19.650000000000002,19.650000000000002,19.6,19.6,0.0006818607434808221,0.0007329718774086395,,,,
2026-08-26T13:24:00+08:00,19.650000000000002,19.700000000000003,19.650000000000002,19.700000000000003,0,0,0,0,0,0,19.900000000000002,19.650000000000002,,,,,19.675000000000004,,,,,,,,,,,88.00941672505319,86.75526743252269,88.00941672505319,86.75526743252269,84.91190907840645,86.94719867676253,84.91190907840645,86.94719867676253,96,101,96,101,-1,4,-1,4,-1,4,-1,4,96,101,96,101,0.21175994128389775,,,,,,,,,0,0,0,0,52,48,-52,-48,-14.910478927960714,-3.782246099628627,-11.128232828332088,,,19.650000000000002,19.700000000000003,19.650000000000002,19.700000000000003,0.0006645992307485909,0.0007158107243126129,,,,
2026-08-26T13:36:00+08:00,19.650000000000002,19.650000000000002,19.6,19.6,0,0,0,0,0,0,19.900000000000002,19.650000000000002,,,,,19.625,,,,,,,,,,,87.42910534978253,86.85152999213122,87.42910534978253,86.85152999213122,82.35306492434843,84.65013180055547,82.35306492434843,84.65013180055547,96,101,96,101,-1,4,-1,4,-1,4,-1,4,96,101,96,101,0.19831064487489203,,,,,,,,,0,0,0,0,52,48,-52,-48,-22.285162771556752,-12.831816196418442,-9.45334657513831,,,19.650000000000002,19.650000000000002,19.6,19.6,0.0006332617481521563,0.0006945206874805729,,,,
2026-08-26T13:36:00+08:00,19.6,19.6,19.55,19.55,0,0,0,0,0,0,19.900000000000002,19.650000000000002,,,,,19.575000000000003,,,,,,,,,,,86.68499027143189,86.82773860345989,86.68499027143189,86.82773860345989,79.15976993515578,81.90495086785563,79.15976993515578,81.90495086785563,96,101,96,101,-1,4,-1,4,-1,4,-1,4,96,101,96,101,0.16269112865525814,,,,,,,,,0,0,0,0,52,48,-52,-48,-30.217188244515366,-20.177255587001774,-10.039932657513592,,,19.6,19.6,19.55,19.55,0.0005952545451640917,0.0006689308415121579,,,,
2026-08-27T09:30:00+08:00,19.55,19.61,19.5,19.5,0,0,0,0,0,0,19.900000000000002,19.650000000000002,,,,,19.525,,,,,,,,,,,85.78877175450693,86.67931476789518,85.78877175450693,86.67931476789518,75.50202502378428,78.70348794581996,75.50202502378428,78.70348794581996,96,101,96,101,-1,4,-1,4,-1,4,-1,4,96,101,96,101,0.12566303664304226,,,,,,,,,0,0,0,0,52,48,-52,-48,-36.308717328263796,-25.930386818074158,-10.378330510189638,,,19.55,19.61,19.5,19.5,0.0005570854744866198,0.0006400021979275058,,,,
2026-08-27T09:30:00+08:00,19.5,19.5,19.45,19.45,0,0,0,0,0,0,19.900000000000002,19.650000000000002,,,,,19.475,,,,,,,,,,,84.75131433033441,86.40388613395793,84.75131433033441,86.40388613395793,70.93450884391589,74.81899839486792,70.93450884391589,74.81899839486792,96,101,96,101,-1,4,-1,4,-1,4,-1,4,96,101,96,101,0.0903882749476055,,,,,,,,,0,0,0,0,52,48,-52,-48,-44.0179393023568,-33.20725191167318,-10.810687390683619,,,19.5,19.5,19.45,19.45,0.000517990332884006,0.0006083420124860479,,,,
2026-08-27T09:30:00+08:00,19.450000000000003,19.450000000000003,19.400000000000002,19.400000000000002,0,0,0,0,0,0,19.900000000000002,19.650000000000002,,,,,19.425000000000004,,,,,,,,,,,83.58270649228918,86.00086047086238,83.58270649228918,86.00086047086238,65.6224361519279,70.22071727339791,65.6224361519279,70.22071727339791,96,101,96,101,-1,4,-1,4,-1,4,-1,4,96,101,96,101,0.055381203266033005,,,,,,,,,0,0,0,0,52,48,-52,-48,-49.55823181264123,-40.025519171944296,-9.532712640696936,,,19.450000000000003,19.450000000000003,19.400000000000002,19.400000000000002,0.00047910732837659425,0.0005745497766353431,,,,
2026-08-27T09:30:00+08:00,19.400000000000002,19.400000000000002,19.35,19.35,0,0,0,0,0,0,19.900000000000002,19.650000000000002,,,,,19.375,,,,,,,,,,,82.2923161270764,85.4710684217501,82.2923161270764,85.4710684217501,59.48589765403347,64.8533074637157,59.48589765403347,64.8533074637157,96,101,96,101,-1,4,-1,4,-1,4,-1,4,96,101,96,101,0.020400591193421296,,,,,,,,,0,0,0,0,52,48,-52,-48,-53.62734158938649,-45.87805750816208,-7.74928408122441,,,19.400000000000002,19.400000000000002,19.35,19.35,0.00043799814554824104,0.0005367829291019515,,,,
2026-08-27T09:30:00+08:00,19.35,19.35,19.3,19.3,0,0,0,0,0,0,19.900000000000002,19.650000000000002,,,,,19.325000000000003,,,,,,,,,,,80.88884198663663,84.81646464530533,80.88884198663663,84.81646464530533,52.41648370345726,58.63489558358648,52.41648370345726,58.63489558358648,96,101,96,101,-1,4,-1,4,-1,4,-1,4,96,101,96,101,-0.014032596238766645,,,,,,,,,0,0,0,0,52,48,-52,-48,-56.6579424769983,-50.96536379534571,-5.692578681652591,,,19.35,19.35,19.3,19.3,0.0003968276856110736,0.0004973772520117712,,,,
2026-08-27T09:30:00+08:00,19.3,19.3,19.25,19.25,0,0,0,0,0,0,19.900000000000002,19.650000000000002,,,,,19.275,,,,,,,,,,,79.38036148348606,84.03987847933115,79.38036148348606,84.03987847933115,45.33657786826948,51.98573672592798,45.33657786826948,51.98573672592798,96,101,96,101,-1,4,-1,4,-1,4,-1,4,96,101,96,101,-0.04747177091604011,,,,,,,,,0,0,0,0,52,48,-52,-48,-59.09984677900385,-54.73584066450747,-4.364006114496377,,,19.3,19.3,19.25,19.25,0.0003567460330333723,0.00045762583332331787,,,,
2026-08-27T09:46:00+08:00,19.25,19.25,19.2,19.2,0,0,0,0,0,0,19.900000000000002,19.650000000000002,,,,,19.225,,,,,,,,,,,77.77437507210402,83.144806564013,77.77437507210402,83.144806564013,39.240876268040495,45.61330649698424,39.240876268040495,45.61330649698424,96,101,96,101,-1,4,-1,4,-1,4,-1,4,96,101,96,101,-0.08255127516728122,,,,,,,,,0,0,0,0,52,48,-52,-48,-60.926304153850744,-57.57785874980985,-3.348445404040895,,,19.25,19.25,19.2,19.2,0.00031437141299390646,0.000417173489741199,,,,
2026-08-27T10:06:00+08:00,19.25,19.3,19.17,19.3,0,0,0,0,0,0,19.900000000000002,19.650000000000002,,,,,19.275,,,,,,,,,,,76.69361100701941,82.2232071987282,76.69361100701941,82.2232071987282,35.35664852278931,40.484977509886775,35.35664852278931,40.484977509886775,96,101,96,101,-1,4,-1,4,-1,4,-1,4,96,101,96,101,-0.09227575994815468,-0.09227575994815468,,-0.09227575994815468,,,,,,0,0,0,0,52,48,-52,-48,-58.27695096322561,-58.74026109326963,0.46331013004402166,-58.74026109326963,-58.74026109326963,19.25,19.3,19.17,19.3,0.00028984981070175335,0.0003791500693774902,,,,
2026-08-27T10:18:00+08:00,19.3,19.35,19.3,19.35,0,0,0,0,0,0,19.900000000000002,19.650000000000002,,,,,19.325000000000003,,,,,,,,,,,75.89529889075447,81.3192202975891,75.89529889075447,81.3192202975891,33.23610166422233,36.860539587054554,33.23610166422233,36.860539587054554,96,101,96,101,-1,4,-1,4,-1,4,-1,4,96,101,96,101,-0.07072298535699623,,,,,,,,,0,0,0,0,52,48,-52,-48,-49.29040151508022,-56.89837585279011,7.607974337709891,,,19.3,19.35,19.3,19.35,0.0002759131383428171,0.00034528437103852733,,,,
2026-08-27T10:30:00+08:00,19.3,19.3,19.25,19.25,0,0,0,0,0,0,19.900000000000002,19.650000000000002,,,,,19.275,,,,,,,,,,,74.74350003730977,80.37983168897777,74.74350003730977,80.37983168897777,30.319588972263787,33.590064279659174,30.319588972263787,33.590064279659174,96,101,96,101,-1,4,-1,4,-1,4,-1,4,96,101,96,101,-0.07753486164799081,,,,,,,,,0,0,0,0,52,48,-52,-48,-48.16233538093372,-54.16399800327258,6.001662622338863,,,19.3,19.3,19.25,19.25,0.0002513920449408705,0.0003141833542706323,,,,
2026-08-27T10:46:00+08:00,19.3,19.35,19.3,19.35,0,0,0,0,0,0,19.900000000000002,19.650000000000002,,,,,19.325000000000003,,,,,,,,,,,74.08448156173837,79.480495956515,74.08448156173837,79.480495956515,28.918622049486174,31.254343164572674,28.918622049486174,31.254343164572674,96,101,96,101,-1,4,-1,4,-1,4,-1,4,96,101,96,101,-0.08650801953627138,,,,,,,,,0,0,0,0,52,48,-52,-48,-39.416255239005864,-48.786485774561356,9.370230535555493,,,19.3,19.35,19.3,19.35,0.00024270268264159797,0.0002884958537757197,,,,
2026-08-27T10:46:00+08:00,19.35,19.400000000000002,19.35,19.400000000000002,0,0,0,0,0,0,19.900000000000002,19.650000000000002,,,,,19.375,,,,,,,,,,,73.67779035002143,78.6515380127302,73.67779035002143,78.6515380127302,28.633544174284864,29.94394366942877,28.633544174284864,29.94394366942877,96,101,96,101,-1,4,-1,4,-1,4,-1,4,96,101,96,101,-0.07853652549984298,,,,,,,,,0,0,0,0,52,48,-52,-48,-26.753660573760808,-40.90566317719515,14.152002603434344,,,19.35,19.400000000000002,19.35,19.400000000000002,0.00024266910076288175,0.00026948303173063797,,,,
2026-08-27T11:10:00+08:00,19.400000000000002,19.450000000000003,19.400000000000002,19.450000000000003,0,0,0,0,0,0,19.900000000000002,19.650000000000002,,,,,19.425000000000004,,,,,,,,,,,73.3258053250199,77.89071905734302,73.3258053250199,77.89071905734302,29.304942625577524,29.624443147503147,29.304942625577524,29.624443147503147,96,101,96,101,-1,4,-1,4,-1,4,-1,4,96,101,96,101,-0.07084464787995615,,,,,,,,,0,0,0,0,52,48,-52,-48,-12.021483734799427,-31.588433732124955,19.56694999732553,,,19.400000000000002,19.450000000000003,19.400000000000002,19.450000000000003,0.00025558554385267477,0.000259685386873766,,,,
2026-08-27T11:22:00+08:00,19.450000000000003,19.500000000000004,19.450000000000003,19.500000000000004,0,0,0,0,0,0,19.900000000000002,19.650000000000002,,,,,19.475,,,,,,,,,,,73.18378920307808,77.21830050673374,73.18378920307808,77.21830050673374,30.796177928150733,30.210310537826942,30.796177928150733,30.210310537826942,96,101,96,101,-1,4,-1,4,-1,4,-1,4,96,101,96,101,-0.058273872869465976,,,,,-0.058273872869465976,,-0.058273872869465976,,0,0,0,0,52,48,-52,-48,1.75198139753555,-19.10985453750764,20.86183593504319,,,19.450000000000003,19.500000000000004,19.450000000000003,19.500000000000004,0.0002726859990652703,0.0002568247516010188,,,,
2026-08-27T13:00:00+08:00,19.450000000000003,19.450000000000003,19.400000000000002,19.400000000000002,0,0,0,0,0,0,19.900000000000002,19.650000000000002,,,,,19.425000000000004,,,,,,,,,,,72.59695803616123,76.55810872522339,72.59695803616123,76.55810872522339,30.975478517169485,30.592894527498213,30.975478517169485,30.592894527498213,96,101,96,101,-1,4,-1,4,-1,4,-1,4,96,101,96,101,-0.07114366984410819,,,,,,,,,0,0,0,0,52,48,-52,-48,4.588909683615461,-8.108563306852306,12.697472990467766,,,19.450000000000003,19.450000000000003,19.400000000000002,19.400000000000002,0.00027697699252607864,0.00025700206063156237,,,,
2026-08-27T13:12:00+08:00,19.450000000000003,19.500000000000004,19.36,19.500000000000004,0,0,0,0,0,0,19.900000000000002,19.650000000000002,,,,,19.475,,,,,,,,,,,72.33756940796253,75.95517453704326,72.33756940796253,75.95517453704326,31.898395505559215,31.245645016528712,31.898395505559215,31.245645016528712,96,101,96,101,-1,4,-1,4,-1,4,-1,4,96,101,96,101,-0.07584453008370749,,,,,,,,,0,0,0,0,52,48,-52,-48,10.37270798032755,1.1730288316697837,9.199679148657767,,,19.450000000000003,19.500000000000004,19.36,19.500000000000004,0.0002922280486769597,0.00026380806125424395,,,,
2026-08-27T13:16:00+08:00,19.5,19.55,19.5,19.55,0,0,0,0,0,0,19.900000000000002,19.650000000000002,,,,,19.525,,,,,,,,,,,72.27264098086316,75.42909831473182,72.27264098086316,75.42909831473182,33.93488845531447,32.59026673592159,33.93488845531447,32.59026673592159,96,101,96,101,-1,4,-1,4,-1,4,-1,4,96,101,96,101,-0.07287606198562992,,,,,,,,,0,0,0,0,52,48,-52,-48,21.24546356829716,9.48976565744393,11.75569791085323,,,19.5,19.55,19.5,19.55,0.00031154949036486313,0.00027528252920812146,,,,
2026-08-28T09:30:00+08:00,19.5,19.56,19.45,19.45,0,0,0,0,0,0,19.900000000000002,19.650000000000002,,,,,19.475,,,,,,,,8.241267252798872,91.75873274720112,-0.8351746549440225,71.60766397958456,74.88317912399648,71.60766397958456,74.88317912399648,34.801332961698066,33.69579984880983,34.801332961698066,33.69579984880983,96,101,96,101,-1,4,-1,4,-1,4,-1,4,96,101,96,101,-0.10195866769133569,,,,,,,,,0,0,0,0,52,48,-52,-48,23.546684083228083,14.938441328867064,8.608242754361019,,,19.5,19.56,19.45,19.45,0.00031603230189021167,0.00028750972939600977,,,,
2026-08-28T09:34:00+08:00,19.450000000000003,19.450000000000003,19.400000000000002,19.400000000000002,0,0,0,0,0,0,19.900000000000002,19.650000000000002,,,,,19.425000000000004,,,,,,,,13.850617283649619,86.14938271635037,-0.7229876543270076,70.61370995906478,74.27325495757768,70.61370995906478,74.27325495757768,34.40846854592434,34.05213419736708,34.40846854592434,34.05213419736708,96,101,96,101,-1,4,-1,4,-1,4,-1,4,96,101,96,101,-0.1407488899297813,,,,,,,,,0,0,0,0,52,48,-52,-48,16.021401084732876,17.79656417914642,-1.7751630944135428,17.79656417914642,17.79656417914642,19.450000000000003,19.450000000000003,19.400000000000002,19.400000000000002,0.0003147808984009803,0.00029737562182072735,,,,
2026-08-28T09:38:00+08:00,19.400000000000002,19.400000000000002,19.35,19.35,0,0,0,0,0,0,19.900000000000002,19.650000000000002,,,,,19.375,,,,,,,,17.489464727150295,82.51053527284971,-0.6502107054569941,69.284159247703,73.56052699902416,69.284159247703,73.56052699902416,33.15597670236743,33.60405544986726,33.15597670236743,33.60405544986726,96,101,96,101,-1,4,-1,4,-1,4,-1,4,96,101,96,101,-0.17359135679633522,,,,,,,,,0,0,0,0,52,48,-52,-48,4.59613017791829,16.352419728544103,-11.756289550625812,,,19.400000000000002,19.400000000000002,19.35,19.35,0.00030391891795229244,0.0003025811083018977,,,,
2026-08-28T09:38:00+08:00,19.35,19.35,19.3,19.3,0,0,0,0,0,0,19.900000000000002,19.650000000000002,,,,,19.325000000000003,,,,,,,,21.62511271054478,78.37488728945522,-0.5674977457891044,67.60910025381945,72.71032317828063,67.60910025381945,72.71032317828063,31.166661349281945,32.3853583995746,31.166661349281945,32.3853583995746,96,101,96,101,-1,4,-1,4,-1,4,-1,4,96,101,96,101,-0.19702831456334957,,,,,,,,,0,0,0,0,52,48,-52,-48,-7.4983154614208765,9.166474971114592,-16.66479043253547,,,19.35,19.35,19.3,19.3,0.0002847227529597724,0.00030387206837417997,0.0002847227529597724,19.35,,
2026-08-28T09:46:00+08:00,19.3,19.3,19.25,19.25,0,0,0,0,0,0,19.900000000000002,19.650000000000002,,,,,19.275,,,,,,,,26.236858706422854,73.76314129357715,-0.4752628258715429,65.57490986301868,71.69097841895749,65.57490986301868,71.69097841895749,28.54578298802917,30.465570693801887,28.54578298802917,30.465570693801887,96,101,96,101,-1,4,-1,4,-1,4,-1,4,96,101,96,101,-0.22379059989755795,,,,,,,,,0,0,0,0,52,48,-52,-48,-19.258396148773855,-1.5347950868858922,-17.723601061887962,,,19.3,19.3,19.25,19.25,0.0002563209591096676,0.0002978875534462979,,,,
2026-08-28T09:50:00+08:00,19.25,19.25,19.2,19.2,0,0,0,0,0,0,19.900000000000002,19.650000000000002,,,,,19.225,,,,,,,,31.28172705467611,68.71827294532389,-0.37436545890647777,63.16371500267318,70.47279793091687,63.16371500267318,70.47279793091687,25.38356490549015,27.92456779964602,25.38356490549015,27.92456779964602,96,101,96,101,-1,4,-1,4,-1,4,-1,4,96,101,96,101,-0.2553970554840294,,,,,,,,,0,0,0,0,52,48,-52,-48,-28.589675197737783,-12.687564157503557,-15.902111040234226,,,19.25,19.25,19.2,19.2,0.00022651942575544826,0.00028371587601139545,,,,
2026-08-28T09:50:00+08:00,19.200000000000003,19.200000000000003,19.150000000000002,19.150000000000002,0,0,0,0,0,0,19.900000000000002,19.650000000000002,,,,,19.175000000000004,,,,,,,,36.693452956484784,63.306547043515216,-0.26613094087030437,60.35270134601966,69.02706984736012,60.35270134601966,69.02706984736012,22.114484204705835,25.01952600217593,22.114484204705835,25.01952600217593,96,101,96,101,-1,4,-1,4,-1,4,-1,4,96,101,96,101,-0.2824813357482227,-0.2824813357482227,,-0.2824813357482227,,,,,,0,0,0,0,52,48,-52,-48,-35.988495039620624,-22.833720461888284,-13.15477457773234,,,19.200000000000003,19.200000000000003,19.150000000000002,19.150000000000002,0.00019411968634048304,0.00026339710675310734,,,,
2026-08-28T10:10:00+08:00,19.200000000000003,19.250000000000004,19.200000000000003,19.250000000000004,0,0,0,0,0,0,19.900000000000002,19.650000000000002,,,,,19.225,,,,,,,,31.281727054675994,68.718272945324,-0.3743654589064801,58.184651249875415,67.47815290486231,58.184651249875415,67.47815290486231,20.479081699271703,22.749303850723816,20.479081699271703,22.749303850723816,96,101,96,101,-1,4,-1,4,-1,4,-1,4,96,101,96,101,-0.2735770554893116,,,,,,,,,0,0,0,0,52,48,-52,-48,-35.115062451335895,-29.73790720936704,-5.377155241968854,,,19.200000000000003,19.250000000000004,19.200000000000003,19.250000000000004,0.00017250356388167845,0.00023968421766655705,,,,
2026-08-28T10:18:00+08:00,19.25,19.3,19.25,19.3,0,0,0,0,0,0,19.900000000000002,19.650000000000002,,,,,19.275,,,,,,,,26.23685870642305,73.76314129357695,-0.475262825871539,56.28424382977153,65.8790230369922,56.28424382977153,65.8790230369922,20.206559823865522,21.47793183729467,20.206559823865522,21.47793183729467,96,101,96,101,-1,4,-1,4,-1,4,-1,4,96,101,96,101,-0.23892041476112955,,,,,,,,,0,0,0,0,52,48,-52,-48,-28.343583109697747,-32.00920394959802,3.6656208399002708,-32.00920394959802,-32.00920394959802,19.25,19.3,19.25,19.3,0.00016076825122228933,0.00021582577321155652,,,,
2026-08-28T10:22:00+08:00,19.3,19.35,19.3,19.35,0,0,0,0,0,0,19.900000000000002,19.650000000000002,,,,,19.325000000000003,,,,,,,,21.62511271054499,78.374887289455,-0.5674977457891002,54.64489308002595,64.27414732885417,54.64489308002595,64.27414732885417,21.275952376500122,21.376942106897395,21.275952376500122,21.376942106897395,96,101,96,101,-1,4,-1,4,-1,4,-1,4,96,101,96,101,-0.2115471910461365,,,,,,,,,0,0,0,0,52,48,-52,-48,-16.1003415721401,-28.886870543198594,12.786528971058495,,,19.3,19.35,19.3,19.35,0.00015712240476623856,0.0001945590485126342,,,,
2026-08-28T10:26:00+08:00,19.35,19.400000000000002,19.35,19.400000000000002,0,0,0,0,0,0,19.900000000000002,19.650000000000002,,,,,19.375,,,,,,,,17.48946472714996,82.51053527285003,-0.6502107054570008,53.26269483481401,62.70108268684844,53.26269483481401,62.70108268684844,23.712721084619183,22.54483159575829,23.712721084619183,22.54483159575829,96,101,96,101,-1,4,-1,4,-1,4,-1,4,96,101,96,101,-0.18544664900376318,,,,,,,,,0,0,0,0,52,48,-52,-48,-2.410250788208609,-20.49230948034559,18.082058692136982,,,19.35,19.400000000000002,19.35,19.400000000000002,0.00016038003791357287,0.00017856889497995174,,,,
2026-08-28T10:30:00+08:00,19.400000000000002,19.450000000000003,19.400000000000002,19.450000000000003,0,0,0,0,0,0,19.900000000000002,19.650000000000002,,,,,19.425000000000004,,,,,,,,13.850617283649703,86.1493827163503,-0.722987654327006,52.13678806089873,61.19189774028418,52.13678806089873,61.19189774028418,27.59791677382945,25.071374184793868,27.59791677382945,25.071374184793868,96,101,96,101,-1,4,-1,4,-1,4,-1,4,96,101,96,101,-0.15446811358657786,,,,,,,,,0,0,0,0,52,48,-52,-48,10.349437355499186,-9.126184528636816,19.475621884136004,,,19.400000000000002,19.450000000000003,19.400000000000002,19.450000000000003,0.00017411333891555604,0.00016983454717330306,,,,
2026-08-28T10:30:00+08:00,19.450000000000003,19.500000000000004,19.450000000000003,19.500000000000004,0,0,0,0,0,0,19.900000000000002,19.650000000000002,,,,,19.475,,,,,,,,10.709675521966705,89.29032447803328,-0.7858064895606659,51.53773177083455,59.81273117321995,51.53773177083455,59.81273117321995,32.22678580613957,28.649079995466717,32.22678580613957,28.649079995466717,96,101,96,101,-1,4,-1,4,-1,4,-1,4,96,101,96,101,-0.123279705537336,,,,,,,,,0,0,0,0,52,48,-52,-48,21.288632526898486,3.2818693805122416,18.006763146386245,,,19.450000000000003,19.500000000000004,19.450000000000003,19.500000000000004,0.00019004582872952442,0.00016915557090480993,,,,
2026-08-28T10:30:00+08:00,19.5,19.55,19.5,19.55,0,0,0,0,0,0,19.900000000000002,19.650000000000002,,,,,19.525,,,,,,,,8.051806751917951,91.94819324808205,-0.838963864961641,51.427893787203494,58.61489726093189,51.427893787203494,58.61489726093189,37.493089132535175,33.07108456400095,37.493089132535175,33.07108456400095,96,101,96,101,-1,4,-1,4,-1,4,-1,4,96,101,96,101,-0.09363686865202486,,,,,,,,,0,0,0,0,52,48,-52,-48,31.000791571565486,15.057152666438636,15.94363890512685,,,19.5,19.55,19.5,19.55,0.00021376024473720488,0.00017603168438073098,,,,
2026-08-28T10:34:00+08:00,19.55,19.6,19.55,19.6,0,0,0,0,0,0,19.900000000000002,19.650000000000002,,,,,19.575000000000003,,,,,,,,5.850251154175462,94.14974884582455,-0.8829949769164908,51.77232994526038,57.63738764440739,51.77232994526038,57.63738764440739,44.42264782788728,38.746866195944115,44.42264782788728,38.746866195944115,96,101,96,101,-1,4,-1,4,-1,4,-1,4,96,101,96,101,-0.05900608079302991,,,,,,,,,0,0,0,0,52,48,-52,-48,38.7496575003003,25.34712973856586,13.40252776173444,,,19.55,19.6,19.55,19.6,0.00024581019022406144,0.00019020534088102635,,,,
2026-08-28T10:42:00+08:00,19.55,19.55,19.5,19.5,0,0,0,0,0,0,19.900000000000002,19.650000000000002,,,,,19.525,,,,,,,,8.0518067519182,91.9481932480818,-0.838963864961636,51.19930637774176,56.717661749169444,51.19930637774176,56.717661749169444,49.567238510859895,44.15705235340201,49.567238510859895,44.15705235340201,96,101,96,101,-1,4,-1,4,-1,4,-1,4,96,101,96,101,-0.053887895481773335,,,,,,,,,0,0,0,0,52,48,-52,-48,37.246117471039526,32.07129976745095,5.174817703588573,,,19.55,19.55,19.5,19.5,0.0002601514273733481,0.00020737684464887797,,,,
2026-08-28T10:46:00+08:00,19.5,19.5,19.45,19.45,0,0,0,0,0,0,19.900000000000002,19.650000000000002,,,,,19.475,,,,,,,,10.709675521967116,89.29032447803289,-0.7858064895606577,50.22078449361732,55.78953642694771,50.22078449361732,55.78953642694771,52.42409263663763,48.290572495019816,52.42409263663763,48.290572495019816,96,101,96,101,-1,4,-1,4,-1,4,-1,4,96,101,96,101,-0.07700849338975271,,,,,,,,,0,0,0,0,52,48,-52,-48,29.631702502082526,34.15706726124696,-4.525364759164432,34.15706726124696,34.15706726124696,19.5,19.5,19.45,19.45,0.00026509205493465397,0.0002248288474857248,,,,
2026-08-28T11:22:00+08:00,19.5,19.55,19.41,19.55,0,0,0,0,0,0,19.900000000000002,19.650000000000002,,,,,19.525,,,,,,,,9.15075975412098,90.84924024587902,-0.8169848049175804,50.205014172644645,54.99174753347585,50.205014172644645,54.99174753347585,56.427000037752855,52.35878626638633,56.427000037752855,52.35878626638633,96,101,96,101,-1,4,-1,4,-1,4,-1,4,96,101,96,101,-0.06768946517677372,,,,,,,,,0,0,0,0,52,48,-52,-48,28.95148339356979,33.64474021674803,-4.693256823178242,,,19.5,19.55,19.41,19.55,0.0002816570059359886,0.00024275279198913025,,,,
2026-08-28T11:26:00+08:00,19.55,19.6,19.55,19.6,0,0,0,0,0,0,19.900000000000002,19.650000000000002,,,,,19.575000000000003,,,,,,,,5.85025115417534,94.14974884582466,-0.8829949769164932,50.63679887459859,54.3696120107791,50.63679887459859,54.3696120107791,62.01679368315325,57.18778997476979,62.01679368315325,57.18778997476979,96,101,96,101,-1,4,-1,4,-1,4,-1,4,96,101,96,101,-0.03307818924898418,,,,,-0.03307818924898418,,-0.03307818924898418,,0,0,0,0,52,48,-52,-48,37.50044148141562,33.33243621202686,4.1680052693887575,33.33243621202686,33.33243621202686,19.55,19.6,19.55,19.6,0.0002983736438558025,0.0002608074278435099,,,,
2026-08-28T13:00:00+08:00,19.55,19.55,19.5,19.5,0,0,0,0,0,0,19.6,19.41,,,,,19.525,,,,,,,,8.051806751917907,91.9481932480821,-0.8389638649616419,50.14488466927009,53.76607953342067,50.14488466927009,53.76607953342067,64.90328347444876,61.04553672460928,64.90328347444876,61.04553672460928,96,101,96,101,-1,4,-1,4,-1,4,-1,4,96,101,96,101,-0.03316824018410337,,,,,,,,,0,0,0,0,52,48,-52,-48,32.88604021852296,32.24241689889772,0.6436233196252346,,,19.55,19.55,19.5,19.5,0.0002991121865661081,0.00027503275148166046,,,,
2026-08-28T13:00:00+08:00,19.5,19.5,19.45,19.45,0,0,0,0,0,0,19.6,19.41,,,,,19.475,,,,,,,,10.709675521966622,89.29032447803338,-0.7858064895606676,49.241678621465056,53.119736545998435,49.241678621465056,53.119736545998435,65.79011599397187,63.41782635929057,65.79011599397187,63.41782635929057,96,101,96,101,-1,4,-1,4,-1,4,-1,4,96,101,96,101,-0.06011474115014098,,,,,,,,,0,0,0,0,52,48,-52,-48,20.112089614359018,29.86251367696685,-9.75042406260783,29.86251367696685,29.86251367696685,19.5,19.5,19.45,19.45,0.0002913118837790387,0.0002826163670741567,,,,
2026-08-28T13:36:00+08:00,19.450000000000003,19.52,19.400000000000002,19.400000000000002,0,0,0,0,0,0,19.6,19.41,,,,,19.425000000000004,,,,,,,,10.59326905124548,89.40673094875451,-0.7881346189750904,47.956558719931834,52.38213971370321,47.956558719931834,52.38213971370321,65.40740101070614,64.41261368499835,65.40740101070614,64.41261368499835,96,101,96,101,-1,4,-1,4,-1,4,-1,4,96,101,96,101,-0.08433735104102874,,,,,,,,,0,0,0,0,52,48,-52,-48,6.948801020125384,24.361843083605745,-17.41304206348036,,,19.450000000000003,19.52,19.400000000000002,19.400000000000002,0.00027151392189020765,0.00028451011616029994,0.00027151392189020765,19.52,,
2026-08-28T14:28:00+08:00,19.450000000000003,19.500000000000004,19.450000000000003,19.500000000000004,0,0,0,0,0,0,19.6,19.41,,,,,19.475,,,,,,,,10.709675521966577,89.29032447803343,-0.7858064895606685,47.65609023993671,51.70698978887942,47.65609023993671,51.70698978887942,66.53967705679581,65.47614537089709,66.53967705679581,65.47614537089709,96,101,96,101,-1,4,-1,4,-1,4,-1,4,96,101,96,101,-0.06694959310491683,,,,,,,,,0,0,0,0,52,48,-52,-48,5.536572948467041,16.3708759503686,-10.834303001901558,,,19.450000000000003,19.500000000000004,19.450000000000003,19.500000000000004,0.0002659442592065978,0.00028465215020562386,,,,
2026-08-31T09:30:00+08:00,19.450000000000003,19.51,19.400000000000002,19.400000000000002,0,0,0,0,0,0,19.6,19.41,,,,,19.425000000000004,,,,,,,,11.04171100879876,88.95828899120124,-0.7791657798240248,46.4842266513698,50.96088076923519,46.4842266513698,50.96088076923519,65.98638985820595,65.73126761455151,65.98638985820595,65.73126761455151,96,101,96,101,-1,4,-1,4,-1,4,-1,4,96,101,96,101,-0.05283169150843111,,,,,,,,,0,0,0,0,52,48,-52,-48,-4.836192647465561,6.940317733871469,-11.77651038133703,,,19.450000000000003,19.51,19.400000000000002,19.400000000000002,0.00024892001143954063,0.00027919598445621586,,,,
2026-08-31T09:30:00+08:00,19.400000000000002,19.400000000000002,19.35,19.35,0,0,0,0,0,0,19.6,19.41,,,,,19.375,,,,,,,,17.489464727150267,82.51053527284972,-0.6502107054569947,44.94963903341481,50.10213194983228,44.94963903341481,50.10213194983228,63.54388971973218,64.63757866714184,63.54388971973218,64.63757866714184,96,101,96,101,-1,4,-1,4,-1,4,-1,4,96,101,96,101,-0.0717513761850064,,,,,,,,,0,0,0,0,52,48,-52,-48,-19.52863196017343,-2.9698626597616427,-16.55876930041179,,,19.400000000000002,19.400000000000002,19.35,19.35,0.0002253740596663744,0.0002670293870913112,,,,
2026-08-31T09:30:00+08:00,19.35,19.35,19.3,19.3,0,0,0,0,0,0,19.6,19.41,,,,,19.325000000000003,,,,,,,,21.62511271054493,78.37488728945507,-0.5674977457891014,43.07823624531374,49.0987182777582,43.07823624531374,49.0987182777582,59.863016585167216,62.25029762615453,59.863016585167216,62.25029762615453,96,101,96,101,-1,4,-1,4,-1,4,-1,4,96,101,96,101,-0.09248560445209271,,,,,,,,,0,0,0,0,52,48,-52,-48,-32.11990751632865,-12.737039793875152,-19.3828677224535,,,19.35,19.35,19.3,19.3,0.0001976894679794094,0.0002501256006601948,,,,
2026-08-31T09:30:00+08:00,19.3,19.3,19.25,19.25,0,0,0,0,0,0,19.6,19.41,,,,,19.275,,,,,,,,26.236858706423504,73.7631412935765,-0.4752628258715299,40.894076513505595,47.92662659715069,40.894076513505595,47.92662659715069,55.120680882524205,58.685489254339366,55.120680882524205,58.685489254339366,96,101,96,101,-1,4,-1,4,-1,4,-1,4,96,101,96,101,-0.11056472565737616,,,,,,,,,0,0,0,0,52,48,-52,-48,-41.060109633881105,-24.38621043946219,-16.673899194418915,,,19.3,19.3,19.25,19.25,0.00016695013907502682,0.00022939864320952613,,,,
2026-08-31T09:30:00+08:00,19.25,19.25,19.2,19.2,0,0,0,0,0,0,19.6,19.41,,,,,19.225,,,,,,,,31.281727054676455,68.71827294532355,-0.3743654589064708,38.41949961968374,46.56846560036969,38.41949961968374,46.56846560036969,49.468520121528584,54.07700468793398,49.468520121528584,54.07700468793398,96,101,96,101,-1,4,-1,4,-1,4,-1,4,96,101,96,101,-0.12848780114670555,,,,,,,,,0,0,0,0,52,48,-52,-48,-47.57347991113852,-35.07053225538043,-12.502947655758092,,,19.25,19.25,19.2,19.2,0.0001316773574402147,0.0002060925491345273,,,,
2026-08-31T09:30:00+08:00,19.200000000000003,19.200000000000003,19.150000000000002,19.150000000000002,0,0,0,0,0,0,19.6,19.41,,,,,19.175000000000004,,,,,,,,36.69345295648464,63.30654704351536,-0.26613094087030725,35.67524964684919,45.01229189272391,35.67524964684919,45.01229189272391,43.03650931051655,48.556756999225264,43.03650931051655,48.556756999225264,96,101,96,101,-1,4,-1,4,-1,4,-1,4,96,101,96,101,-0.14637262035013737,,,,,,,,,0,0,0,0,52,48,-52,-48,-52.73001215478197,-43.37087730403256,-9.359134850749406,,,19.200000000000003,19.200000000000003,19.150000000000002,19.150000000000002,0.00009633175543687233,0.00017782379850623975,,,,
2026-08-31T09:30:00+08:00,19.150000000000002,19.150000000000002,19.1,19.1,0,0,0,0,0,0,19.6,19.41,,,,,19.125,,,,,,,,42.38369322646086,57.61630677353914,-0.1523261354707827,33.127017529217106,43.314395555080075,33.127017529217106,43.314395555080075,37.45986512329999,43.00831106126263,37.45986512329999,43.00831106126263,96,101,96,101,-1,4,-1,4,-1,4,-1,4,96,101,96,101,-0.16424938391919625,,,,,,,,,0,0,0,0,52,48,-52,-48,-56.5221395672451,-49.47143531676167,-7.050704250483427,,,19.150000000000002,19.150000000000002,19.1,19.1,0.00006198485107184145,0.00014666793844495655,,,,
2026-08-31T09:30:00+08:00,19.1,19.1,19.05,19.05,0,0,0,0,0,0,19.6,19.41,,,,,19.075000000000003,,,,,,,,48.245743359336934,51.754256640663066,-0.03508513281326127,30.760801991415885,41.52102504598519,30.760801991415885,41.52102504598519,32.62793633945193,37.818123700357276,32.62793633945193,37.818123700357276,96,101,96,101,-1,4,-1,4,-1,4,-1,4,96,101,96,101,-0.1821387425924058,,,,,,,,,0,0,0,0,52,48,-52,-48,-59.318207595981455,-54.03595980728676,-5.282247788694697,,,19.1,19.1,19.05,19.05,0.000020877381818913035,0.00011258515880371303,,,,
2026-08-31T09:30:00+08:00,19.05,19.05,19,19,0,0,0,0,0,0,19.6,19.41,,,,,19.025,,,,,,,,54.16060640831151,45.839393591688484,0.08321212816623025,28.563601849171896,39.66996458929758,28.563601849171896,39.66996458929758,28.442993052863546,33.13055837661041,28.442993052863546,33.13055837661041,96,101,96,101,-1,4,-1,4,-1,4,-1,4,96,101,96,101,-0.20003446056263774,,,,,,,,,0,0,0,0,52,48,-52,-48,-61.53874775278882,-57.527276767699334,-4.011470985089488,,,19.05,19.05,19,19,-0.000023583955653696756,0.000075706254864862,,,,
2026-08-31T09:30:00+08:00,19,19,18.95,18.95,0,0,0,0,0,0,19.6,19.41,,,,,18.975,,,,,,,,60.00477693375136,39.995223066248634,0.20009553867502725,26.523344574231043,37.791876015716646,26.523344574231043,37.791876015716646,24.819268770586326,28.974913573598368,24.819268770586326,28.974913573598368,96,101,96,101,-1,4,-1,4,-1,4,-1,4,96,101,96,101,-0.2174807121544505,,,,,,,,,0,0,0,0,52,48,-52,-48,-63.14905987024652,-60.13203869656547,-3.0170211736810444,,,19,19,18.95,18.95,-0.00006376811157507689,0.00003725321308984472,,,,
2026-08-31T09:30:00+08:00,18.95,18.95,18.9,18.9,0,0,0,0,0,0,19.6,19.41,,,,,18.924999999999997,,,,,,,,65.65871332210494,34.341286677895056,0.3131742664420989,24.628819961785968,35.9114394365837,24.628819961785968,35.9114394365837,21.681822211523034,25.3283678925607,21.681822211523034,25.3283678925607,96,101,96,101,-1,4,-1,4,-1,4,-1,4,96,101,96,101,-0.2345356673383508,,,,,,,,,0,0,0,0,52,48,-52,-48,-64.30999823399576,-62.079003363253136,-2.23099487074262,,,18.95,18.95,18.9,18.9,-0.000102301932654357,-0.000001743335259250589,,,,
2026-08-31T09:30:00+08:00,18.900000000000002,18.900000000000002,18.85,18.85,0,0,0,0,0,0,19.6,19.41,,,,,18.875,,,,,,,,71.01480316031406,28.985196839685944,0.42029606320628116,22.869618535944113,34.04832216506376,22.869618535944113,34.04832216506376,18.965371419400757,22.14686965598073,18.965371419400757,22.14686965598073,96,101,96,101,-1,4,-1,4,-1,4,-1,4,96,101,96,101,-0.251611596035311,,,,,,,,,0,0,0,0,52,48,-52,-48,-65.1403018477381,-63.5345269261923,-1.6057749215458017,,,18.900000000000002,18.900000000000002,18.85,18.85,-0.0001431930581203937,-0.00004166413751879494,,,,
2026-08-31T09:30:00+08:00,18.85,18.85,18.8,18.8,0,0,0,0,0,0,19.6,19.41,,,,,18.825000000000003,,,,,,,,75.98373914060697,24.016260859393025,0.5196747828121395,21.23607435480525,32.21800104931255,21.23607435480525,32.21800104931255,16.6131755023435,19.380022579162116,16.6131755023435,19.380022579162116,96,101,96,101,-1,4,-1,4,-1,4,-1,4,96,101,96,101,-0.2687444735292686,,,,,,,,,0,0,0,0,52,48,-52,-48,-65.2299137584416,-64.45731842760549,-0.7725953308361113,,,18.85,18.85,18.8,18.8,-0.0001836851228499498,-0.0000826091331724268,,,,
2026-08-31T09:30:00+08:00,18.8,18.8,18.75,18.75,0,0,0,0,0,0,19.6,19.41,,,,,18.775,,,,,,,,88.34575507773174,11.654244922268264,0.7669151015546347,19.719211900890592,30.432459742395128,19.719211900890592,30.432459742395128,14.575999170075931,16.978010874619024,14.575999170075931,16.978010874619024,96,101,96,101,-1,4,-1,4,-1,4,-1,4,96,101,96,101,-0.2859130960021573,,,,,,,,,0,0,0,0,52,48,-52,-48,-65.0399039505691,-64.93002944768614,-0.10987450288295975,,,18.8,18.8,18.75,18.75,-0.00022809624383660619,-0.00012410473744834668,,,,
2026-08-31T09:30:00+08:00,18.75,18.75,18.7,18.7,0,0,0,0,0,0,19.6,19.41,,,,,18.725,,,,,,,,92.8147787124883,7.185221287511684,0.8562955742497663,18.31069676511269,28.700779317069067,18.31069676511269,28.700779317069067,12.811173891811109,14.894592383215066,12.811173891811109,14.894592383215066,96,101,96,101,-1,4,-1,4,-1,4,-1,4,96,101,96,101,-0.3031171811679364,,,,,,,,,0,0,0,0,52,48,-52,-48,-64.79633312332935,-65.05161317001954,0.25528004669018856,-65.05161317001954,-65.05161317001954,18.75,18.75,18.7,18.7,-0.00026734986066092247,-0.0001647323882828843,,,,
2026-08-31T09:30:00+08:00,18.7,18.7,18.65,18.65,0,0,0,0,0,0,19.6,19.41,,,,,18.674999999999997,,,,,,,,95.16614131227146,4.833858687728537,0.9033228262454293,17.002789853318927,27.02963796510476,17.002789853318927,27.02963796510476,11.281758072680244,13.088175227947655,11.281758072680244,13.088175227947655,96,101,96,101,-1,4,-1,4,-1,4,-1,4,96,101,96,101,-0.3203568953837321,-0.3203568953837321,,-0.3203568953837321,,,,,,0,0,0,0,52,48,-52,-48,-64.58539471403695,-64.91288638659425,0.3274916725573007,,,18.7,18.7,18.65,18.65,-0.00030615792048928786,-0.00020513068976858612,,,,
2026-08-31T09:34:00+08:00,18.7,18.75,18.7,18.75,0,0,0,0,0,0,19.6,19.41,,,,,18.725,,,,,,,,97.08319441332446,2.916805586675536,0.9416638882664893,16.468576972639692,25.520914966181177,16.468576972639692,25.520914966181177,10.873085866808655,11.980630547378155,10.873085866808655,11.980630547378155,96,101,96,101,-1,4,-1,4,-1,4,-1,4,96,101,96,101,-0.28946548158431884,,,,,,,,,0,0,0,0,52,48,-52,-48,-57.878838163730755,-63.075117487916536,5.196279324185781,,,18.7,18.75,18.7,18.75,-0.0003251010439012259,-0.00024226387497639762,,,,
2026-08-31T09:34:00+08:00,18.75,18.8,18.75,18.8,0,0,0,0,0,0,19.6,19.41,,,,,18.775,,,,,,,,96.84062717783372,3.159372822166268,0.9368125435566746,16.363678617451153,24.212738344934028,16.363678617451153,24.212738344934028,11.274675103881135,11.627652825629646,11.274675103881135,11.627652825629646,96,101,96,101,-1,4,-1,4,-1,4,-1,4,96,101,96,101,-0.2394175218201981,,,,,,,,,0,0,0,0,52,48,-52,-48,-46.47655955314533,-58.4342813885606,11.95772183541527,,,18.75,18.8,18.75,18.8,-0.0003340055329310619,-0.00027406595411150897,,,,
2026-08-31T09:46:00+08:00,18.75,18.82,18.7,18.7,0,0,0,0,0,0,19.6,19.41,,,,,18.725,,,,,,,,99.16147490771823,0.8385250922817666,0.9832294981543647,15.566868240014172,22.977614044231192,15.566868240014172,22.977614044231192,10.927165126635002,11.277408976132325,10.927165126635002,11.277408976132325,96,101,96,101,-1,4,-1,4,-1,4,-1,4,96,101,96,101,-0.23824952327347762,,,,,,,,,0,0,0,0,52,48,-52,-48,-43.62845628438078,-53.14231217882345,9.51385589444267,,,18.75,18.82,18.7,18.7,-0.00035134889560282484,-0.00030200991623698814,,,,
2026-08-31T09:46:00+08:00,18.7,18.7,18.65,18.65,0,0,0,0,0,0,19.6,19.41,,,,,18.674999999999997,,,,,,,,100,0,1,14.45494908001316,21.760090477914332,14.45494908001316,21.760090477914332,9.666893416815011,10.472151196473668,9.666893416815011,10.472151196473668,96,101,96,101,-1,4,-1,4,-1,4,-1,4,96,101,96,101,-0.2581303789585738,,,,,,,,,0,0,0,0,52,48,-52,-48,-49.34116501808552,-49.3312547548356,-0.009910263249921059,-49.3312547548356,-49.3312547548356,18.7,18.7,18.65,18.65,-0.00037303343615957665,-0.00032616611495748317,,,,
2026-08-31T09:54:00+08:00,18.7,18.75,18.7,18.75,0,0,0,0,0,0,18.82,18.65,,,,,18.725,,,,,,,,99.8140774543755,0.1859225456245006,0.99628154908751,14.174332416403207,20.676410754841317,14.174332416403207,20.676410754841317,9.488916161781312,9.98053367912749,9.488916161781312,9.98053367912749,96,101,96,101,-1,4,-1,4,-1,4,-1,4,96,101,96,101,-0.24557027169694562,,,,,,,,,0,0,0,0,52,48,-52,-48,-42.301144343952664,-45.43683129989107,3.1356869559384037,-45.43683129989107,-45.43683129989107,18.7,18.75,18.7,18.75,-0.0003751637840222583,-0.00034413510218437253,,,,
2026-08-31T10:42:00+08:00,18.7,18.79,18.65,18.65,0,0,0,0,0,0,18.82,18.65,,,,,18.674999999999997,,,,,,,,100,0,1,13.161880100945835,19.602906375713392,13.161880100945835,19.602906375713392,8.70478528152684,9.342659480327164,8.70478528152684,9.342659480327164,96,101,96,101,-1,4,-1,4,-1,4,-1,4,96,101,96,101,-0.24260294841368663,,,,,,,,,0,0,0,0,52,48,-52,-48,-43.207505188800184,-44.61956770880479,1.4120625200046035,,,18.7,18.79,18.65,18.65,-0.00038688380440499604,-0.00035758941617032385,,,,
2026-08-31T11:14:00+08:00,18.7,18.75,18.63,18.75,0,0,0,0,0,0,18.82,18.65,,,,,18.725,,,,,,,,100,0,1,13.10539823806532,18.67469092747795,13.10539823806532,18.67469092747795,8.727813010086361,9.035236245206763,8.727813010086361,9.035236245206763,96,101,96,101,-1,4,-1,4,-1,4,-1,4,96,101,96,101,-0.23782625056219714,,,,,,,,,0,0,0,0,52,48,-52,-48,-40.5722795492112,-43.85552352501239,3.2832439758011844,,,18.7,18.75,18.63,18.75,-0.0003823641280443929,-0.0003671332635275184,,,,
2026-08-31T11:22:00+08:00,18.75,18.8,18.75,18.8,0,0,0,0,0,0,18.82,18.65,,,,,18.775,,,,,,,,98.84407368617315,1.155926313826866,0.9768814737234627,13.421139306480399,17.924183553049726,13.421139306480399,17.924183553049726,9.690113655184506,9.362674950195634,9.690113655184506,9.362674950195634,96,101,96,101,-1,4,-1,4,-1,4,-1,4,96,101,96,101,-0.20958056117018092,,,,,,,,,0,0,0,0,52,48,-52,-48,-22.59419358199422,-37.168780665989566,14.574587083995347,,,18.75,18.8,18.75,18.8,-0.00037063915857630576,-0.00037323886780172574,,,-0.00037063915857630576,18.75
2026-08-31T13:12:00+08:00,18.8,18.85,18.8,18.85,0,0,0,0,0,0,18.82,18.65,,,,,18.825000000000003,,,,,,,,97.49902290535137,2.5009770946486376,0.9499804581070272,14.082515953955673,17.37537389603629,14.082515953955673,17.37537389603629,11.251319804591171,10.306997377393403,11.251319804591171,10.306997377393403,96,101,96,101,-1,4,-1,4,-1,4,-1,4,96,101,96,101,-0.17905442197483581,,,,,,,,,0,0,0,0,52,48,-52,-48,-5.499254086410495,-27.968308101604023,22.469054015193528,,,18.8,18.85,18.8,18.85,-0.0003517411431794326,-0.000373304242397827,,,,
2026-08-31T13:16:00+08:00,18.85,18.900000000000002,18.85,18.900000000000002,0,0,0,0,0,0,18.82,18.65,,,,,18.875,,,,,,,,95.49763518855971,4.502364811440285,0.9099527037711943,15.064839924843982,17.045297614437388,15.064839924843982,17.045297614437388,13.325873529119427,11.816435453256414,13.325873529119427,11.816435453256414,96,101,96,101,-1,4,-1,4,-1,4,-1,4,96,101,96,101,-0.1553611484268121,,,,,,,,,0,0,0,0,52,48,-52,-48,8.835298721765374,-14.957607123962637,23.79290584572801,,,18.85,18.900000000000002,18.85,18.900000000000002,-0.00032876404270872073,-0.0003659260101560177,,,,
2026-08-31T13:24:00+08:00,18.900000000000002,18.950000000000003,18.900000000000002,18.950000000000003,0,0,0,0,0,0,18.82,18.65,,,,,18.925000000000004,,,,,,,,92.7396330477371,7.260366952262897,0.854792660954742,16.34518641033011,16.945281728136347,16.34518641033011,16.945281728136347,15.840439460894759,13.828437457075587,15.840439460894759,13.828437457075587,96,101,96,101,-1,4,-1,4,-1,4,-1,4,96,101,96,101,-0.15010310248740055,,,,,,,,,0,0,0,0,52,48,-52,-48,21.212702658696628,0.48863842801432256,20.724064230682306,,,18.900000000000002,18.950000000000003,18.900000000000002,18.950000000000003,-0.00029981712577053756,-0.0003533682337807309,,,,
2026-08-31T14:20:00+08:00,18.95,19,18.95,19,0,0,0,0,0,0,18.82,18.65,,,,,18.975,,,,,,,,89.13898271342329,10.861017286576713,0.7827796542684657,17.902268087942762,17.081994065251546,17.902268087942762,17.081994065251546,18.732158713167532,16.280298085121558,18.732158713167532,16.280298085121558,96,101,96,101,-1,4,-1,4,-1,4,-1,4,96,101,96,101,-0.14858224433327433,,,,,,,,,0,0,0,0,52,48,-52,-48,30.94508291196457,13.87345755150402,17.07162536046055,,,18.95,19,18.95,19,-0.0002671572362029044,-0.00033341380574704896,,,,
2026-08-31T14:32:00+08:00,19,19.05,19,19.05,0,0,0,0,0,0,18.82,18.65,,,,,19.025,,,,,,,,84.63887992581154,15.361120074188461,0.6927775985162308,19.716318158244352,17.45832607853623,19.716318158244352,17.45832607853623,21.94715224015245,19.113725162637003,21.94715224015245,19.113725162637003,96,101,96,101,-1,4,-1,4,-1,4,-1,4,96,101,96,101,-0.13659316897360885,,,,,,,,,0,0,0,0,52,48,-52,-48,38.56382130621256,24.889226399659783,13.674594906552777,,,19,19.05,19,19.05,-0.00023215555763050647,-0.00030837904401140125,,,,
2026-09-01T09:30:00+08:00,19.05,19.1,19.05,19.1,0,0,0,0,0,0,18.82,18.65,,,,,19.075000000000003,,,,,,,,79.2287516834923,20.771248316507695,0.5845750336698461,21.76898173604281,18.074134029608597,21.76898173604281,18.074134029608597,25.799422417025113,22.456573789831058,25.799422417025113,22.456573789831058,96,101,96,101,-1,4,-1,4,-1,4,-1,4,96,101,96,101,-0.11426969563257958,,,,,,,,,0,0,0,0,52,48,-52,-48,44.52169589862941,33.81082569387579,10.710870204753618,,,19.05,19.1,19.05,19.1,-0.00019652907431305186,-0.0002793606966341922,,,,
2026-09-01T09:30:00+08:00,19.1,19.150000000000002,19.1,19.150000000000002,0,0,0,0,0,0,18.82,18.65,,,,,19.125,,,,,,,,72.96011409054317,27.039885909456835,0.4592022818108633,24.043214999374083,18.926859882432236,24.043214999374083,18.926859882432236,30.139472826149987,26.298023307990523,30.139472826149987,26.298023307990523,96,101,96,101,-1,4,-1,4,-1,4,-1,4,96,101,96,101,-0.08561851402017026,,,,,,,,,0,0,0,0,52,48,-52,-48,49.182079657008316,40.80316994345371,8.378909713554606,,,19.1,19.150000000000002,19.1,19.150000000000002,-0.00016060025279476475,-0.0002475038815700809,,,,
2026-09-01T09:30:00+08:00,19.150000000000002,19.200000000000003,19.150000000000002,19.200000000000003,0,0,0,0,0,0,18.82,18.65,,,,,19.175000000000004,,,,,,,,65.95671889520962,34.04328110479039,0.3191343779041923,26.523191542128675,20.012050119531725,26.523191542128675,20.012050119531725,34.66208425226988,30.4800537801302,34.66208425226988,30.4800537801302,96,101,96,101,-1,4,-1,4,-1,4,-1,4,96,101,96,101,-0.05621259265928473,,,,,,,,,0,0,0,0,52,48,-52,-48,53.111309257850195,46.34472652992512,6.766582727925076,,,19.150000000000002,19.200000000000003,19.150000000000002,19.200000000000003,-0.00011955916254347298,-0.00021263640154253963,,,,
2026-09-01T09:30:00+08:00,19.200000000000003,19.250000000000004,19.200000000000003,19.250000000000004,0,0,0,0,0,0,18.82,18.65,,,,,19.225,,,,,,,,58.41420807376385,41.58579192623615,0.16828416147527697,29.194215415776352,21.32378801899524,29.194215415776352,21.32378801899524,39.45061767077683,34.965335725453514,39.45061767077683,34.965335725453514,96,101,96,101,-1,4,-1,4,-1,4,-1,4,96,101,96,101,-0.023947610052013773,,,,,,,,,0,0,0,0,52,48,-52,-48,56.147852501073466,50.74073432864034,5.4071181724331225,,,19.200000000000003,19.250000000000004,19.200000000000003,19.250000000000004,-0.00007400390493955157,-0.0001750008647373753,,,,
2026-09-01T09:54:00+08:00,19.200000000000003,19.26,19.150000000000002,19.150000000000002,0,0,0,0,0,0,18.82,18.65,,,,,19.175000000000004,,,,,,,,62.04601620795087,37.95398379204913,0.24092032415901743,30.93807484484094,22.697257565544625,30.93807484484094,22.697257565544625,42.77585410741912,38.87059491643632,42.77585410741912,38.87059491643632,96,101,96,101,-1,4,-1,4,-1,4,-1,4,96,101,96,101,-0.022974762825976172,,,,,,,,,0,0,0,0,52,48,-52,-48,53.497205287604764,52.98461167588419,0.5125936117205754,,,19.200000000000003,19.26,19.150000000000002,19.150000000000002,-0.00005101833658843148,-0.0001389777148016298,,,,
2026-09-01T09:54:00+08:00,19.150000000000002,19.150000000000002,19.1,19.1,0,0,0,0,0,0,18.82,18.65,,,,,19.125,,,,,,,,72.96011409054357,27.039885909456423,0.4592022818108715,32.18918437359679,24.05324710955208,32.18918437359679,24.05324710955208,45.7559268972684,42.31326090685236,45.7559268972684,42.31326090685236,96,101,96,101,-1,4,-1,4,-1,4,-1,4,96,101,96,101,-0.052072881588696655,,,,,,,,,0,0,0,0,52,48,-52,-48,44.250748322845126,51.75177884234339,-7.501030519498265,51.75177884234339,51.75177884234339,19.150000000000002,19.150000000000002,19.1,19.1,-0.00004200794373500786,-0.00010728644581904668,,,,
2026-09-01T10:02:00+08:00,19.150000000000002,19.200000000000003,19.150000000000002,19.200000000000003,0,0,0,0,0,0,18.82,18.65,,,,,19.175000000000004,,,,,,,,65.95671889520929,34.0432811047907,0.319134377904186,34.08730596104976,25.486684088337462,34.08730596104976,25.486684088337462,50.132064324642805,46.22266261574758,50.132064324642805,46.22266261574758,96,101,96,101,-1,4,-1,4,-1,4,-1,4,96,101,96,101,-0.04885545275375887,,,,,,,,,0,0,0,0,52,48,-52,-48,43.951824757184106,49.461907717176864,-5.510082959992758,,,19.150000000000002,19.200000000000003,19.150000000000002,19.200000000000003,-0.00002138650819643399,-0.00007809601813294372,,,,
2026-09-01T10:10:00+08:00,19.200000000000003,19.250000000000004,19.12,19.250000000000004,0,0,0,0,0,0,18.82,18.65,,,,,19.225,,,,,,,,65.43165150470071,34.56834849529928,0.30863303009401427,36.21803594763164,27.01973435395092,36.21803594763164,27.01973435395092,55.42236643604789,50.82251452589773,55.42236643604789,50.82251452589773,96,101,96,101,-1,4,-1,4,-1,4,-1,4,96,101,96,101,-0.013776208100152256,,,,,,,,,0,0,1,0,52,48,-52,-48,45.05802654512518,46.689451228189796,-1.6314246830646155,,,19.200000000000003,19.250000000000004,19.12,19.250000000000004,-0.00000533479969255584,-0.000052218442615908884,,,,
2026-09-01T10:14:00+08:00,19.25,19.3,19.25,19.3,0,0,0,0,0,0,18.82,18.65,,,,,19.275,,,,,,,,50.58631453241319,49.4136854675868,0.01172629064826388,38.56475944769035,28.669023653056552,38.56475944769035,28.669023653056552,61.36416056991739,56.09333754790756,61.36416056991739,56.09333754790756,96,101,96,101,-1,4,-1,4,-1,4,-1,4,96,101,96,101,0.016023380700018942,,,,,,,,,0,0,0,0,52,48,-52,-48,50.82506298526616,46.02141565260514,4.803647332661015,46.02141565260514,46.02141565260514,19.25,19.3,19.25,19.3,0.000017138942156472204,-0.00002943542516591809,,,,
2026-09-01T10:18:00+08:00,19.3,19.35,19.3,19.35,0,0,0,0,0,0,18.82,18.65,,,,,19.325000000000003,,,,,,,,42.75845295059371,57.24154704940629,-0.14483094098812588,41.11204835312042,30.446598610208532,41.11204835312042,30.446598610208532,66.48674080596095,61.29003917693426,66.48674080596095,61.29003917693426,96,101,96,101,-1,4,-1,4,-1,4,-1,4,96,101,96,101,0.03628031981375024,,,,,0.03628031981375024,,0.03628031981375024,,0,0,0,0,52,48,-52,-48,56.024785952887534,48.96492506011574,7.059860892771795,,,19.3,19.35,19.3,19.35,0.00004393746646463632,-0.000009778529931886764,,,,
2026-09-01T10:22:00+08:00,19.3,19.3,19.25,19.25,0,0,0,0,0,0,18.82,18.65,,,,,19.275,,,,,,,,50.586314532412594,49.413685467587406,0.011726290648251838,42.74101102598296,32.20294324103345,42.74101102598296,32.20294324103345,69.68704767495062,65.48854342594244,69.68704767495062,65.48854342594244,96,101,96,101,-1,4,-1,4,-1,4,-1,4,96,101,96,101,0.03296238366542138,,,,,,,,,0,0,0,0,52,48,-52,-48,51.84892392278434,50.9391998515158,0.9097240712685348,,,19.3,19.3,19.25,19.25,0.000052259458802913944,0.0000074344359666708075,,,,
2026-09-01T10:30:00+08:00,19.25,19.25,19.2,19.2,0,0,0,0,0,0,18.82,18.65,,,,,19.225,,,,,,,,58.41420807376472,41.58579192623528,0.1682841614752944,43.885430709694035,33.87187002227068,43.885430709694035,33.87187002227068,71.43810435630684,68.46332389112465,71.43810435630684,68.46332389112465,96,101,96,101,-1,4,-1,4,-1,4,-1,4,96,101,96,101,0.011292259648314049,,,,,,,,,0,0,0,0,52,48,-52,-48,40.506014379613724,49.80119681013794,-9.295182430524214,49.80119681013794,49.80119681013794,19.25,19.25,19.2,19.2,0.00005024682155701618,0.000022810230182008155,,,,
2026-09-01T10:30:00+08:00,19.200000000000003,19.200000000000003,19.150000000000002,19.150000000000002,0,0,0,0,0,0,18.82,18.65,,,,,19.175000000000004,,,,,,,,65.95671889520975,34.04328110479026,0.3191343779041948,44.57991761776451,35.401591107341225,44.57991761776451,35.401591107341225,71.94694659112017,70.2051352411224,71.94694659112017,70.2051352411224,96,101,96,101,-1,4,-1,4,-1,4,-1,4,96,101,96,101,-0.009966494563306116,,,,,,,,,0,0,0,0,52,48,-52,-48,24.957926949530048,43.33441280120391,-18.376485851673863,,,19.200000000000003,19.200000000000003,19.150000000000002,19.150000000000002,0.000041883125856505134,0.00003335516919083134,,,,
2026-09-01T10:42:00+08:00,19.150000000000002,19.150000000000002,19.1,19.1,0,0,0,0,0,0,18.82,18.65,,,,,19.125,,,,,,,,72.96011409054371,27.039885909456284,0.45920228181087425,44.856609805597245,36.752308064234946,44.856609805597245,36.752308064234946,71.39103358603958,70.798084413581,71.39103358603958,70.798084413581,96,101,96,101,-1,4,-1,4,-1,4,-1,4,96,101,96,101,-0.02909950635361494,,,,,,,,,0,0,0,0,52,48,-52,-48,9.077334228161076,31.5975498700223,-22.52021564186122,,,19.150000000000002,19.150000000000002,19.1,19.1,0.00002367816983029017,0.00003819066411130568,0.00002367816983029017,19.150000000000002,,
2026-09-01T11:02:00+08:00,19.150000000000002,19.200000000000003,19.09,19.200000000000003,0,0,0,0,0,0,18.82,18.65,,,,,19.175000000000004,,,,,,,,71.16516119126585,28.83483880873414,0.42330322382531715,45.849915290764464,38.05196623945345,45.849915290764464,38.05196623945345,71.86691767692285,71.33250104525192,71.86691767692285,71.33250104525192,96,101,96,101,-1,4,-1,4,-1,4,-1,4,96,101,96,101,-0.03122875573928886,,,,,,,,,0,0,0,0,52,48,-52,-48,3.998611300464444,19.634971714442326,-15.636360413977883,,,19.150000000000002,19.200000000000003,19.09,19.200000000000003,0.00002091487263203444,0.00003881998585723272,,,,
2026-09-01T13:24:00+08:00,19.150000000000002,19.150000000000002,19.1,19.1,0,0,0,0,0,0,18.82,18.65,,,,,19.125,,,,,,,,72.96011409054304,27.039885909456952,0.459202281810861,46.0358933590972,39.19252725654542,46.0358933590972,39.19252725654542,71.32243737387046,71.32746920956119,71.32243737387046,71.32746920956119,96,101,96,101,-1,4,-1,4,-1,4,-1,4,96,101,96,101,-0.037883788803553774,,,,,,,,,0,0,0,0,52,48,-52,-48,-5.630504305898701,8.100842043064224,-13.731346348962926,,,19.150000000000002,19.150000000000002,19.1,19.1,0.000007395840801467953,0.000032729714913371325,,,,
2026-09-01T14:08:00+08:00,19.1,19.16,19.05,19.05,0,0,0,0,0,0,18.82,18.65,,,,,19.075000000000003,,,,,,,,76.66065812635655,23.33934187364345,0.533213162527131,45.840398767173475,40.14222318663514,45.840398767173475,40.14222318663514,70.1017717172858,70.7146204634235,70.1017717172858,70.7146204634235,96,101,96,101,-1,4,-1,4,-1,4,-1,4,96,101,96,101,-0.0574372706070351,,,,,,,,,0,0,0,0,52,48,-52,-48,-15.44617857608359,-2.0001843383391806,-13.445994237744408,,,19.1,19.16,19.05,19.05,-0.000011711512108392778,0.000022067886428153516,,,,
2026-09-01T14:16:00+08:00,19.05,19.05,19,19,0,0,0,0,0,0,18.82,18.65,,,,,19.025,,,,,,,,84.63887992581114,15.361120074188861,0.6927775985162228,45.290679562154466,40.87771695456648,45.290679562154466,40.87771695456648,67.8253281386259,69.2699743010247,67.8253281386259,69.2699743010247,96,101,96,101,-1,4,-1,4,-1,4,-1,4,96,101,96,101,-0.07092849946293225,,,,,,,,,0,0,0,0,52,48,-52,-48,-26.790776594527205,-10.967212044011253,-15.823564550515952,,,19.05,19.05,19,19,-0.00003513909299734002,0.000007836900669094149,,,,
2026-09-02T09:30:00+08:00,19,19.07,18.95,18.95,0,0,0,0,0,0,18.82,18.65,,,,,18.975,,,,,,,,87.52598405351381,12.474015946486183,0.7505196810702763,44.412037502118395,41.38261988993104,44.412037502118395,41.38261988993104,65.1598050712032,67.21488968611395,65.1598050712032,67.21488968611395,96,101,96,101,-1,4,-1,4,-1,4,-1,4,96,101,96,101,-0.08360415784774716,,,,,,,,,0,0,0,0,52,48,-52,-48,-34.37145879819826,-20.559729568676932,-13.81172922952133,,,19,19.07,18.95,18.95,-0.000060103432741270854,-0.00000916085909720185,,,,
2026-09-02T09:30:00+08:00,18.95,18.95,18.9,18.9,0,0,0,0,0,0,18.82,18.65,,,,,18.924999999999997,,,,,,,,92.7396330477375,7.260366952262498,0.85479266095475,43.227967076709334,41.64624091661365,43.227967076709334,41.64624091661365,61.60522974357103,64.41005971484249,61.60522974357103,64.41005971484249,96,101,96,101,-1,4,-1,4,-1,4,-1,4,96,101,96,101,-0.10092654888790718,,,,,,,,,0,0,0,0,52,48,-52,-48,-43.13682397358831,-29.93630948559933,-13.200514487988976,,,18.95,18.95,18.9,18.9,-0.00009534796431654802,-0.000028998548121674885,,,,
2026-09-02T09:30:00+08:00,18.900000000000002,18.900000000000002,18.85,18.85,0,0,0,0,0,0,18.82,18.65,,,,,18.875,,,,,,,,95.49763518855983,4.502364811440174,0.9099527037711965,41.76028459773969,41.66253287106023,41.76028459773969,41.66253287106023,57.566387399251454,60.98822355704697,57.566387399251454,60.98822355704697,96,101,96,101,-1,4,-1,4,-1,4,-1,4,96,101,96,101,-0.11994749477784607,,,,,,,,,0,0,0,0,52,48,-52,-48,-49.12848368331275,-38.35688576240662,-10.771597920906132,,,18.900000000000002,18.900000000000002,18.85,18.85,-0.0001349814241886327,-0.00005498126425845275,,,,
2026-09-02T09:30:00+08:00,18.85,18.85,18.8,18.8,0,0,0,0,0,0,18.82,18.65,,,,,18.825000000000003,,,,,,,,97.49902290535158,2.5009770946484213,0.9499804581070316,40.02924806903518,41.42920647077094,40.02924806903518,41.42920647077094,53.112459040628245,57.05034129883761,53.112459040628245,57.05034129883761,96,101,96,101,-1,4,-1,4,-1,4,-1,4,96,101,96,101,-0.13916745879968828,,,,,,,,,0,0,0,0,52,48,-52,-48,-53.381169508321705,-45.00448399085525,-8.376685517466456,,,18.85,18.85,18.8,18.8,-0.0001716736978322953,-0.00008482618736407996,,,,
2026-09-02T09:30:00+08:00,18.8,18.8,18.75,18.75,0,0,0,0,0,0,18.82,18.65,,,,,18.775,,,,,,,,98.74111095364523,1.2588890463547553,0.9748222190729049,38.05366849414828,40.946986759824846,38.05366849414828,40.946986759824846,48.302742669744845,52.67654198429123,48.302742669744845,52.67654198429123,96,101,96,101,-1,4,-1,4,-1,4,-1,4,96,101,96,101,-0.15767902665081138,,,,,,,,,0,0,0,0,52,48,-52,-48,-56.69380821839826,-50.58507134590525,-6.108736872493012,,,18.8,18.8,18.75,18.75,-0.00020822532341220458,-0.0001175784892480486,,,,
2026-09-02T09:30:00+08:00,18.75,18.75,18.7,18.7,0,0,0,0,0,0,18.82,18.65,,,,,18.725,,,,,,,,99.56911656270037,0.4308834372996173,0.9913823312540077,35.85101323352061,40.21899054178139,35.85101323352061,40.21899054178139,43.18806514549557,47.9323035648934,43.18806514549557,47.9323035648934,96,101,96,101,-1,4,-1,4,-1,4,-1,4,96,101,96,101,-0.175552337799238,,,,,,,,,0,0,0,0,52,48,-52,-48,-59.112006682525816,-54.57886702313962,-4.533139659386194,,,18.75,18.75,18.7,18.7,-0.0002434569231754178,-0.00015229812761106154,,,,
2026-09-02T09:30:00+08:00,18.7,18.7,18.65,18.65,0,0,0,0,0,0,18.82,18.65,,,,,18.674999999999997,,,,,,,,99.96477468276139,0.03522531723861855,0.9992954936552276,33.43750197899079,39.25020646138273,33.43750197899079,39.25020646138273,37.81199234693276,42.87214795591308,37.81199234693276,42.87214795591308,96,101,96,101,-1,4,-1,4,-1,4,-1,4,96,101,96,101,-0.1934514741141603,,,,,,,,,0,0,0,0,52,48,-52,-48,-60.89728637407874,-57.52106769583112,-3.376218678247618,,,18.7,18.7,18.65,18.65,-0.0002751372535921878,-0.00018813709775288102,,,,
2026-09-02T09:30:00+08:00,18.650000000000002,18.650000000000002,18.6,18.6,0,0,0,0,0,0,18.82,18.65,,,,,18.625,,,,,,,,100,0,1,31.049108980491447,38.07862110696969,31.049108980491447,38.07862110696969,32.79123153546624,37.83168974568966,32.79123153546624,37.83168974568966,96,101,96,101,-1,4,-1,4,-1,4,-1,4,96,101,96,101,-0.21143219505462338,,,,,,,,,0,0,0,0,52,48,-52,-48,-62.22727895453861,-59.73259505738535,-2.4946838971532586,,,18.650000000000002,18.650000000000002,18.6,18.6,-0.000314619114090151,-0.00022468228938181487,,,,
2026-09-02T09:30:00+08:00,18.6,18.6,18.55,18.55,0,0,0,0,0,0,18.82,18.65,,,,,18.575000000000003,,,,,,,,99.52845094215972,0.471549057840287,0.9905690188431943,28.831315481884918,36.757577446243296,28.831315481884918,36.757577446243296,28.463912744685338,33.147801245187495,28.463912744685338,33.147801245187495,96,101,96,101,-1,4,-1,4,-1,4,-1,4,96,101,96,101,-0.22945062794516993,,,,,,,,,0,0,0,0,52,48,-52,-48,-63.30261698449192,-61.38479724890877,-1.9178197355831514,,,18.6,18.6,18.55,18.55,-0.00035630184787993434,-0.00026156902666369845,,,,
2026-09-02T09:34:00+08:00,18.55,18.55,18.5,18.5,0,0,0,0,0,0,18.82,18.65,,,,,18.525,,,,,,,,98.86010617866037,1.1398938213396215,0.9772021235732076,26.771935804607427,35.33105721172389,26.771935804607427,35.33105721172389,24.73377394922608,28.940787597206786,24.73377394922608,28.940787597206786,96,101,96,101,-1,4,-1,4,-1,4,-1,4,96,101,96,101,-0.21024927444643665,,,,,,,,,0,0,0,0,52,48,-52,-48,-64.10384009881206,-62.632755602980325,-1.4710844958317324,,,18.55,18.55,18.5,18.5,-0.00039646773832305955,-0.0002990347000788258,,,,
2026-09-02T09:42:00+08:00,18.5,18.5,18.45,18.45,0,0,0,0,0,0,18.82,18.65,,,,,18.475,,,,,,,,97.99708440868822,2.0029155913117878,0.9599416881737642,24.8596546757069,33.83514256372146,24.8596546757069,33.83514256372146,21.517837988225523,25.229312792716154,21.517837988225523,25.229312792716154,96,101,96,101,-1,4,-1,4,-1,4,-1,4,96,101,96,101,-0.19387774336627703,,,,,,,,,0,0,0,0,52,48,-52,-48,-64.70374508977922,-63.58437028190544,-1.1193748078737755,,,18.5,18.5,18.45,18.45,-0.00043702925481892276,-0.0003371686886466122,,,,
2026-09-02T09:50:00+08:00,18.45,18.45,18.4,18.4,0,0,0,0,0,0,18.82,18.65,,,,,18.424999999999997,,,,,,,,96.99836206132787,3.0016379386721304,0.9399672412265574,23.083965056013547,32.29926006262033,23.083965056013547,32.29926006262033,18.74461301246403,21.986962902590093,18.74461301246403,21.986962902590093,96,101,96,101,-1,4,-1,4,-1,4,-1,4,96,101,96,101,-0.2111355480185091,,,,,,,,,0,0,0,0,52,48,-52,-48,-65.15503462465047,-64.3163091994334,-0.8387254252170635,,,18.45,18.45,18.4,18.4,-0.00047020924125116615,-0.00037496074165923693,,,,
2026-09-02T09:50:00+08:00,18.400000000000002,18.400000000000002,18.35,18.35,0,0,0,0,0,0,18.82,18.65,,,,,18.375,,,,,,,,95.90981055907388,4.090189440926128,0.9181962111814774,21.43511040915544,30.747238683553913,21.43511040915544,30.747238683553913,16.352525439254926,19.16974417092251,16.352525439254926,19.16974417092251,96,101,96,101,-1,4,-1,4,-1,4,-1,4,96,101,96,101,-0.23485154199247588,,,,,,,,,0,0,0,0,52,48,-52,-48,-65.02023087220041,-64.74571267136054,-0.27451820083987855,,,18.400000000000002,18.400000000000002,18.35,18.35,-0.0005034251588285448,-0.0004130087258652964,,,,
2026-09-02T09:58:00+08:00,18.35,18.35,18.3,18.3,0,0,0,0,0,0,18.82,18.65,,,,,18.325000000000003,,,,,,,,94.76661921405758,5.233380785942426,0.8953323842811515,19.904031094215764,29.198209027934176,19.904031094215764,29.198209027934176,14.28855922004163,16.72915169548207,14.28855922004163,16.72915169548207,96,101,96,101,-1,4,-1,4,-1,4,-1,4,96,101,96,101,-0.24367111292823646,,,,,,,,,0,0,0,0,52,48,-52,-48,-64.70060009451512,-64.8949026702863,0.19430257577117516,-64.8949026702863,-64.8949026702863,18.35,18.35,18.3,18.3,-0.0005409610800819791,-0.00045073238686393446,,,,
2026-09-02T10:06:00+08:00,18.3,18.3,18.25,18.25,0,0,0,0,0,0,18.82,18.65,,,,,18.275,,,,,,,,93.59544194040362,6.404558059596388,0.8719088388080722,18.482314587486066,27.667366965013013,18.482314587486066,27.667366965013013,12.507076734061652,14.618114214771861,12.507076734061652,14.618114214771861,96,101,96,101,-1,4,-1,4,-1,4,-1,4,96,101,96,101,-0.2488375522116106,-0.2488375522116106,-0.2488375522116106,-0.2488375522116106,,,,,,0,0,0,0,52,48,-52,-48,-64.38916018900377,-64.81625644509245,0.4270962560886744,,,18.3,18.3,18.25,18.25,-0.0005794035123627238,-0.00048791599761106603,,,,
2026-09-02T10:34:00+08:00,18.3,18.35,18.3,18.35,0,0,0,0,0,0,18.82,18.65,,,,,18.325000000000003,,,,,,,,94.76661921405727,5.233380785942732,0.8953323842811454,17.811499909159146,26.25938595703389,17.811499909159146,26.25938595703389,11.75931252529962,13.18871337003574,11.75931252529962,13.18871337003574,96,101,96,101,-1,4,-1,4,-1,4,-1,4,96,101,96,101,-0.2360361016361308,,,,,,,,,0,0,0,0,52,48,-52,-48,-57.80056400779737,-62.97763879087916,5.1770747830817925,,,18.3,18.35,18.3,18.35,-0.0005970002885318591,-0.0005213380893125326,,,,
2026-09-02T13:16:00+08:00,18.35,18.400000000000002,18.35,18.400000000000002,0,0,0,0,0,0,18.82,18.65,,,,,18.375,,,,,,,,95.90981055907378,4.090189440926234,0.9181962111814753,17.513275889673768,25.00994166169673,17.513275889673768,25.00994166169673,11.767722424282823,12.478217897159283,11.767722424282823,12.478217897159283,96,101,96,101,-1,4,-1,4,-1,4,-1,4,96,101,96,101,-0.20889000086320614,,,,,,,,,0,0,0,0,52,48,-52,-48,-46.66890896786302,-58.38980831479481,11.720899346931795,,,18.35,18.400000000000002,18.35,18.400000000000002,-0.0006033579846823953,-0.000549059544289778,,,,
2026-09-02T13:24:00+08:00,18.400000000000002,18.450000000000003,18.400000000000002,18.450000000000003,0,0,0,0,0,0,18.82,18.65,,,,,18.425000000000004,,,,,,,,96.9983620613279,3.001637938672097,0.9399672412265581,17.561028910541243,23.945811268674515,17.561028910541243,23.945811268674515,12.424281558476226,12.451249727817753,12.424281558476226,12.451249727817753,96,101,96,101,-1,4,-1,4,-1,4,-1,4,96,101,96,101,-0.18452244726717104,,,,,,,,,0,0,0,0,52,48,-52,-48,-32.097352670404774,-50.238996458767225,18.14164378836245,,,18.400000000000002,18.450000000000003,18.400000000000002,18.450000000000003,-0.000595713007894277,-0.0005699768387302965,,,,
2026-09-02T13:32:00+08:00,18.45,18.5,18.45,18.5,0,0,0,0,0,0,18.82,18.65,,,,,18.475,,,,,,,,96.56154135617894,3.438458643821063,0.9312308271235787,17.93004632602206,23.08641627686702,17.93004632602206,23.08641627686702,13.63639717999261,13.043823453905182,13.63639717999261,13.043823453905182,96,101,96,101,-1,4,-1,4,-1,4,-1,4,96,101,96,101,-0.1564695789521259,,,,,,,,,0,0,0,0,52,48,-52,-48,-16.664485289385333,-38.30782773386262,21.643342444477284,,,18.45,18.5,18.45,18.5,-0.0005788287251964482,-0.0005825440997916138,,,-0.0005788287251964482,18.45
2026-09-02T13:44:00+08:00,18.5,18.55,18.5,18.55,0,0,0,0,0,0,18.82,18.65,,,,,18.525,,,,,,,,94.24521464837359,5.754785351626407,0.8849042929674719,18.59738067935815,22.44512547722289,18.59738067935815,22.44512547722289,15.324704076357312,14.184263765131247,15.324704076357312,14.184263765131247,96,101,96,101,-1,4,-1,4,-1,4,-1,4,96,101,96,101,-0.13164120957149178,,,,,,,,,0,0,0,0,52,48,-52,-48,-1.1901924584669992,-24.15523484653002,22.965042388063022,,,18.5,18.55,18.5,18.55,-0.0005568849693184347,-0.0005851980813310231,,,,
2026-09-02T14:16:00+08:00,18.5,18.5,18.45,18.45,0,0,0,0,0,0,18.82,18.65,,,,,18.475,,,,,,,,96.561541356179,3.4384586438210016,0.93123082712358,18.567697643819574,21.891207215308132,18.567697643819574,21.891207215308132,15.992603494020535,15.088433629575892,15.992603494020535,15.088433629575892,96,101,96,101,-1,4,-1,4,-1,4,-1,4,96,101,96,101,-0.1330003174627685,,,,,,,,,0,0,0,0,52,48,-52,-48,0.2235744903055441,-12.43211398198788,12.655688472293425,,,18.5,18.5,18.45,18.45,-0.000547944840498966,-0.0005799549693537301,,,,
2026-09-02T14:36:00+08:00,18.45,18.45,18.4,18.4,0,0,0,0,0,0,18.82,18.65,,,,,18.424999999999997,,,,,,,,98.20029522715681,1.7997047728431914,0.9640059045431362,18.215459500429855,21.36610039889695,18.215459500429855,21.36610039889695,15.91573805980983,15.50208584469286,15.91573805980983,15.50208584469286,96,101,96,101,-1,4,-1,4,-1,4,-1,4,96,101,96,101,-0.15189977343456235,,,,,,,,,0,0,0,0,52,48,-52,-48,-6.988494354061168,-6.154899402901979,-0.8335949511591894,-6.154899402901979,-6.154899402901979,18.45,18.45,18.4,18.4,-0.000543499452066425,-0.0005710381632761577,,,,
2026-09-03T09:30:00+08:00,18.45,18.5,18.45,18.5,0,0,0,0,0,0,18.82,18.65,,,,,18.475,,,,,,,,96.56154135617905,3.4384586438209466,0.9312308271235811,18.537731873775773,20.96204775245107,18.537731873775773,20.96204775245107,16.6290741811357,16.065580012914282,16.6290741811357,16.065580012914282,96,101,96,101,-1,4,-1,4,-1,4,-1,4,96,101,96,101,-0.14029227115614967,,,,,,,,,0,0,0,0,52,48,-52,-48,1.323931101945651,-1.657795305069233,2.981726407014884,-1.657795305069233,-1.657795305069233,18.45,18.5,18.45,18.5,-0.0005252855686820711,-0.0005580260939427704,,,,
2026-09-03T09:30:00+08:00,18.5,18.55,18.5,18.55,0,0,0,0,0,0,18.82,18.65,,,,,18.525,,,,,,,,94.24521464837386,5.754785351626146,0.8849042929674771,19.16166011655802,20.704849518752063,19.16166011655802,20.704849518752063,17.889855791622818,16.97771790226855,17.889855791622818,16.97771790226855,96,101,96,101,-1,4,-1,4,-1,4,-1,4,96,101,96,101,-0.12510040575750914,,,,,,,,,0,0,0,0,52,48,-52,-48,14.311004119555957,2.217503839436506,12.09350028011945,,,18.5,18.55,18.5,18.55,-0.0004991286702534719,-0.0005419287043359695,,,,
2026-09-03T09:46:00+08:00,18.55,18.6,18.55,18.6,0,0,0,0,0,0,18.82,18.65,,,,,18.575000000000003,,,,,,,,91.16284931225216,8.83715068774784,0.8232569862450432,20.06569738095973,20.613542070496013,20.06569738095973,20.613542070496013,19.619876392819577,18.298797147544065,19.619876392819577,18.298797147544065,96,101,96,101,-1,4,-1,4,-1,4,-1,4,96,101,96,101,-0.11720096140242146,,,,,,,,,0,0,0,0,52,48,-52,-48,26.932243394184766,8.89467106540631,18.037572328778456,,,18.55,18.6,18.55,18.6,-0.00046827946208986593,-0.0005235038271515392,,,,
2026-09-03T09:46:00+08:00,18.6,18.650000000000002,18.6,18.650000000000002,0,0,0,0,0,0,18.82,18.65,,,,,18.625,,,,,,,,87.24540149935248,12.754598500647518,0.7449080299870496,21.229835879722355,20.701584043242633,21.229835879722355,20.701584043242633,21.987104935341982,20.142951041443023,21.987104935341982,20.142951041443023,96,101,96,101,-1,4,-1,4,-1,4,-1,4,96,101,96,101,-0.0855150593097342,,,,,,,,,0,0,0,0,52,48,-52,-48,37.43264673146588,19.999956336788063,17.432690394677817,,,18.6,18.650000000000002,18.6,18.650000000000002,-0.0004360699734087595,-0.0005033679944999268,,,,
2026-09-03T11:06:00+08:00,18.650000000000002,18.700000000000003,18.59,18.700000000000003,0,0,0,0,0,0,18.82,18.65,,,,,18.675000000000004,,,,,,,,86.63979066112957,13.360209338870439,0.7327958132225912,22.635496953248694,20.977857316100643,22.635496953248694,20.977857316100643,24.817518516007453,22.48023477872524,24.817518516007453,22.48023477872524,96,101,96,101,-1,4,-1,4,-1,4,-1,4,96,101,96,101,-0.04376016153716255,,,,,,,,,0,0,0,0,52,48,-52,-48,43.84682355316793,30.630679449593632,13.216144103574297,,,18.650000000000002,18.700000000000003,18.59,18.700000000000003,-0.00040200908331734667,-0.00047904536830299015,,,,
2026-09-03T13:12:00+08:00,18.650000000000002,18.72,18.6,18.6,0,0,0,0,0,0,18.82,18.65,,,,,18.625,,,,,,,,85.39640600631037,14.603593993689628,0.7079281201262074,23.291403015029637,21.30836384451907,23.291403015029637,21.30836384451907,27.046594818231995,24.763414798478617,27.046594818231995,24.763414798478617,96,101,96,101,-1,4,-1,4,-1,4,-1,4,96,101,96,101,-0.03642768193092484,,,,,,,,,0,0,0,0,52,48,-52,-48,44.343602022972064,38.138828925447655,6.204773097524409,,,18.650000000000002,18.72,18.6,18.6,-0.00038519175118882426,-0.00045266075149005667,,,,
2026-09-03T13:24:00+08:00,18.6,18.6,18.55,18.55,0,0,0,0,0,0,18.82,18.65,,,,,18.575000000000003,,,,,,,,91.16284931225196,8.837150687748046,0.8232569862450391,23.5757833191509,21.632280912323615,23.5757833191509,21.632280912323615,27.994825633672527,26.37912021607557,27.994825633672527,26.37912021607557,96,101,96,101,-1,4,-1,4,-1,4,-1,4,96,101,96,101,-0.05090136467318471,,,,,,,,,0,0,0,0,52,48,-52,-48,34.043017140185334,39.9165223619478,-5.873505221762464,39.9165223619478,39.9165223619478,18.6,18.6,18.55,18.55,-0.000379545950491127,-0.00042837081512489935,,,,
2026-09-03T13:24:00+08:00,18.55,18.55,18.5,18.5,0,0,0,0,0,0,18.82,18.65,,,,,18.525,,,,,,,,94.24521464837336,5.7547853516266345,0.8849042929674673,23.51517541973103,21.90126584195325,23.51517541973103,21.90126584195325,28.055715204802,27.217417710438784,28.055715204802,27.217417710438784,96,101,96,101,-1,4,-1,4,-1,4,-1,4,96,101,96,101,-0.06844444909554212,,,,,,,,,0,0,0,0,52,48,-52,-48,19.58807698167076,35.45537992449902,-15.86730294282826,,,18.55,18.55,18.5,18.5,-0.0003835779151600925,-0.0004091123559426694,,,,
2026-09-03T13:48:00+08:00,18.55,18.6,18.55,18.6,0,0,0,0,0,0,18.82,18.65,,,,,18.575000000000003,,,,,,,,91.16284931225198,8.837150687748025,0.8232569862450395,24.108247305334665,22.216548908150596,24.108247305334665,22.216548908150596,29.228289641792635,28.22285367611571,29.228289641792635,28.22285367611571,96,101,96,101,-1,4,-1,4,-1,4,-1,4,96,101,96,101,-0.0656679419065778,,,,,,,,,0,0,0,0,52,48,-52,-48,19.575803958398797,29.387625025806738,-9.81182106740794,,,18.55,18.6,18.55,18.6,-0.0003718686277384206,-0.00039304388355076184,,,,
2026-09-03T14:00:00+08:00,18.6,18.650000000000002,18.6,18.650000000000002,0,0,0,0,0,0,18.82,18.65,,,,,18.625,,,,,,,,87.2454014993524,12.754598500647601,0.744908029987048,24.98363223807051,22.611846526710583,24.98363223807051,22.611846526710583,31.018282801285405,29.620568238700557,31.018282801285405,29.620568238700557,96,101,96,101,-1,4,-1,4,-1,4,-1,4,96,101,96,101,-0.04726500030953862,,,,,,,,,0,0,0,0,52,48,-52,-48,27.095907226749475,25.07570132675109,2.020205899998384,25.07570132675109,25.07570132675109,18.6,18.650000000000002,18.6,18.650000000000002,-0.000355776267804409,-0.00037966159928337016,,,,