time,open,high,low,close,EMA 曲线,Cloud Candle,Cloud Reach,PlotCandle (开盘价),PlotCandle (最高价,PlotCandle (最低价),PlotCandle (关闭),Red %,Blue %,B,red_green (开盘价),red_green (最高价,red_green (最低价),red_green (关闭),cyan_magenta (开盘价),cyan_magenta (最高价,cyan_magenta (最低价),cyan_magenta (关闭),yellow (开盘价),yellow (最高价,yellow (最低价),yellow (关闭),blue (开盘价),blue (最高价,blue (最低价),blue (关闭),fuchsia (开盘价),fuchsia (最高价,fuchsia (最低价),fuchsia (关闭),white (开盘价),white (最高价,white (最低价),white (关闭),rs,Regular Bullish,Regular Bullish Label,Hidden Bullish,Hidden Bullish Label,Regular Bearish,Regular Bearish Label,Hidden Bearish,Hidden Bearish Label
2026-08-18T13:00:00+08:00,18.667791143972213,18.68,18.6,18.6525,19.141864932282513,18.859999999999964,18.89566176470595,18.667791143972213,18.68,18.6,18.6525,,,,64.97674346107546,69.13687756489007,64.97674346107546,69.13687756489007,41.379116417202184,46.78755008797291,41.379116417202184,46.78755008797291,96,101,96,101,-1,4,-1,4,-1,4,-1,4,96,101,96,101,-0.07004615251340642,,,,,,,,
2026-08-18T13:10:00+08:00,18.660145571986106,18.69,18.63,18.665,19.137120007583185,18.84357142857139,18.888235294117713,18.660145571986106,18.69,18.63,18.665,,,,64.01630551706278,68.40536727234331,64.01630551706278,68.40536727234331,37.108795934247894,41.9481730111104,37.108795934247894,41.9481730111104,96,101,96,101,-1,4,-1,4,-1,4,-1,4,96,101,96,101,-0.07561076737794542,,,,,,,,
2026-08-18T13:20:00+08:00,18.662572785993053,18.72,18.66,18.6875,19.13264617666196,18.827023809523773,18.88132352941183,18.662572785993053,18.72,18.66,18.6875,,,,63.288464452432926,67.67438115521325,63.288464452432926,67.67438115521325,34.016919192281485,37.982546101695945,34.016919192281485,37.982546101695945,96,101,96,101,-1,4,-1,4,-1,4,-1,4,96,101,96,101,-0.07323650112163521,,,,,,,,
2026-08-18T13:30:00+08:00,18.675036392996525,18.68,18.63,18.665,19.12799298087428,18.808333333333298,18.87382352941183,18.675036392996525,18.68,18.63,18.665,,,,62.44861786618042,66.92784354249427,62.44861786618042,66.92784354249427,30.824218529873573,34.40338231578476,30.824218529873573,34.40338231578476,96,101,96,101,-1,4,-1,4,-1,4,-1,4,96,101,96,101,-0.07830182282635093,,,,,,,,
2026-08-18T13:40:00+08:00,18.670018196498262,18.69,18.65,18.675,19.12348558802976,18.789999999999964,18.866544117647123,18.670018196498262,18.69,18.65,18.675,,,,61.7416466191792,66.18695826773498,61.7416466191792,66.18695826773498,28.32561692242211,31.364499619103434,28.32561692242211,31.364499619103434,96,101,96,101,-1,4,-1,4,-1,4,-1,4,96,101,96,101,-0.08894307667046547,,,,,,,,
2026-08-18T13:50:00+08:00,18.67250909824913,18.71,18.67250909824913,18.69,19.119172298596627,18.77249999999996,18.860147058823593,18.67250909824913,18.71,18.67250909824913,18.69,,,,61.194502764456495,65.4737503386952,61.194502764456495,65.4737503386952,26.580783798574746,28.97264170883909,26.580783798574746,28.97264170883909,96,101,96,101,-1,4,-1,4,-1,4,-1,4,96,101,96,101,-0.09094227597123673,,,,,,,,
2026-08-18T14:00:00+08:00,18.681254549124567,18.72,18.65,18.6775,19.11477754935686,18.754404761904723,18.853602941176536,18.681254549124567,18.72,18.65,18.6775,,,,60.59533274192241,64.77683353915623,60.59533274192241,64.77683353915623,24.933023939119877,26.952832823979485,24.933023939119877,26.952832823979485,96,101,96,101,-1,4,-1,4,-1,4,-1,4,96,101,96,101,-0.08947170997120507,,,,,,,,
2026-08-18T14:10:00+08:00,18.679377274562285,18.71,18.65,18.68,19.11045140458714,18.735357142857104,18.844705882353008,18.679377274562285,18.71,18.65,18.68,,,,60.057182152484806,64.1025976267746,60.057182152484806,64.1025976267746,23.48427064920471,25.218551736592097,23.48427064920471,25.218551736592097,96,101,96,101,-1,4,-1,4,-1,4,-1,4,96,101,96,101,-0.09495131773407567,,,,,,,,
2026-08-18T14:20:00+08:00,18.679688637281142,18.87,18.679688637281142,18.7775,19.107138455287764,18.719404761904723,18.838088235294183,18.679688637281142,18.87,18.679688637281142,18.7775,,,,60.268112290281074,63.554814007275525,60.268112290281074,63.554814007275525,24.279519152028794,24.749035444310444,24.279519152028794,24.749035444310444,96,101,96,101,-1,4,-1,4,-1,4,-1,4,96,101,96,101,-0.09099030153273083,,,,,,,,
2026-08-18T14:30:00+08:00,18.72859431864057,18.88,18.72859431864057,18.855,19.10462961493664,18.717142857142818,18.833602941176537,18.72859431864057,18.88,18.72859431864057,18.855,,,,61.02884479432805,63.19396126256874,61.02884479432805,63.19396126256874,26.35169703655987,25.550366240435157,26.35169703655987,25.550366240435157,96,101,96,101,-1,4,-1,4,-1,4,-1,4,96,101,96,101,-0.06763773491193566,,,,,,,,
2026-08-18T14:40:00+08:00,18.791797159320286,18.86,18.791797159320286,18.8425,19.10202136006165,18.716785714285674,18.829558823529478,18.791797159320286,18.86,18.791797159320286,18.8425,,,,61.644131390651566,62.972556995152004,61.644131390651566,62.972556995152004,28.558567399805607,27.054466820120382,28.558567399805607,27.054466820120382,96,101,96,101,-1,4,-1,4,-1,4,-1,4,96,101,96,101,-0.05047014221733152,,,,,-0.05047014221733152,,-0.05047014221733152,
2026-08-18T14:50:00+08:00,18.81714857966014,18.85,18.81714857966014,18.8325,19.099339555483922,18.719285714285675,18.825147058823596,18.81714857966014,18.85,18.81714857966014,18.8325,,,,62.14258264700443,62.853989231130925,62.14258264700443,62.853989231130925,30.559709407877218,28.8070881139988,30.559709407877218,28.8070881139988,96,101,96,101,-1,4,-1,4,-1,4,-1,4,96,101,96,101,-0.05176921686489715,,,,,,,,
2026-08-19T09:30:00+08:00,18.82482428983007,18.82482428983007,18.06,18.225,19.090639659409455,18.693452380952344,18.803161764705948,18.82482428983007,18.82482428983007,18.06,18.225,,,,58.795096584916834,62.27414742452891,58.795096584916834,62.27414742452891,31.113741872519483,29.960414993259143,31.113741872519483,29.960414993259143,96,101,96,101,-1,4,-1,4,-1,4,-1,4,96,101,96,101,-0.15083232310899305,,,,,,,,
2026-08-19T09:40:00+08:00,18.524912144915035,18.524912144915035,18.15,18.22,19.0819765782213,18.666547619047577,18.78095588235301,18.524912144915035,18.524912144915035,18.15,18.22,,,,55.6536478870524,61.32836177631798,55.6536478870524,61.32836177631798,30.213430308270848,30.086922650764997,30.213430308270848,30.086922650764997,96,101,96,101,-1,4,-1,4,-1,4,-1,4,96,101,96,101,-0.2532286213198455,,,,,,,,
2026-08-19T09:50:00+08:00,18.372456072457517,18.372456072457517,18.17,18.215,19.073349945602185,18.638928571428533,18.75757352941183,18.372456072457517,18.372456072457517,18.17,18.215,,,,52.703519598823796,60.09624146524738,52.703519598823796,60.09624146524738,28.661543822208472,29.374233236486734,28.661543822208472,29.374233236486734,96,101,96,101,-1,4,-1,4,-1,4,-1,4,96,101,96,101,-0.26867614300886405,-0.26867614300886405,,-0.26867614300886405,,,,,
2026-08-19T10:00:00+08:00,18.293728036228757,18.293728036228757,18.17,18.2125,19.064784274501665,18.61392857142853,18.733382352941238,18.293728036228757,18.293728036228757,18.17,18.2125,,,,49.947580368219974,58.64643273710061,49.947580368219974,58.64643273710061,26.901577436119194,28.137905336302964,26.901577436119194,28.137905336302964,96,101,96,101,-1,4,-1,4,-1,4,-1,4,96,101,96,101,-0.2528563378947119,,,,,,,,
2026-08-19T10:10:00+08:00,18.253114018114378,18.253114018114378,18.11,18.155,19.05573169465588,18.587857142857104,18.70683823529418,18.253114018114378,18.253114018114378,18.11,18.155,,,,47.008202934511154,56.98382847958783,47.008202934511154,56.98382847958783,24.71518287177613,26.426544104039547,24.71518287177613,26.426544104039547,96,101,96,101,-1,4,-1,4,-1,4,-1,4,96,101,96,101,-0.23408360556180122,,,,,,,,
2026-08-19T10:20:00+08:00,18.204057009057188,18.29,18.11,18.185,19.04706769769413,18.56595238095234,18.681102941176533,18.204057009057188,18.29,18.11,18.185,,,,44.47719373019421,55.19716637253159,44.47719373019421,55.19716637253159,22.96766206220282,24.697103083121185,22.96766206220282,24.697103083121185,96,101,96,101,-1,4,-1,4,-1,4,-1,4,96,101,96,101,-0.22173218317965074,,,,,,,,
2026-08-19T10:30:00+08:00,18.19452850452859,18.23,18.12,18.175,19.03839040716981,18.543452380952342,18.655147058823594,18.19452850452859,18.23,18.12,18.175,,,,42.060833331476644,53.320547366666595,42.060833331476644,53.320547366666595,21.259394213445283,22.978248648283234,21.259394213445283,22.978248648283234,96,101,96,101,-1,4,-1,4,-1,4,-1,4,96,101,96,101,-0.2055670963548941,,,,,-0.2055670963548941,,-0.2055670963548941,
2026-08-19T10:40:00+08:00,18.184764252264294,18.22,18.12,18.1625,19.029675079735284,18.5203571428571,18.62882352941183,18.184764252264294,18.22,18.12,18.1625,,,,39.7343981464241,51.37966890663195,39.7343981464241,51.37966890663195,19.6767406810068,21.327494664645016,19.6767406810068,21.327494664645016,96,101,96,101,-1,4,-1,4,-1,4,-1,4,96,101,96,101,-0.20613159943101406,,,,,,,,
2026-08-19T10:50:00+08:00,18.173632126132148,18.18,18.11,18.15,19.02092209386727,18.495238095238054,18.601470588235358,18.173632126132148,18.18,18.11,18.15,,,,37.49146494548904,49.395639769325825,37.49146494548904,49.395639769325825,18.092317742799885,19.70990620372245,18.092317742799885,19.70990620372245,96,101,96,101,-1,4,-1,4,-1,4,-1,4,96,101,96,101,-0.21581925507686067,,,,,,,,
2026-08-19T11:00:00+08:00,18.161816063066073,18.161816063066073,18.06,18.095,19.011708938704412,18.46869047619044,18.57154411764712,18.161816063066073,18.161816063066073,18.06,18.095,,,,35.04498464514988,47.34554618015783,35.04498464514988,47.34554618015783,16.266717000290967,17.98831160200671,16.266717000290967,17.98831160200671,96,101,96,101,-1,4,-1,4,-1,4,-1,4,96,101,96,101,-0.21951392699075017,,,,,,,,
2026-08-19T11:10:00+08:00,18.128408031533034,18.128408031533034,18.02,18.044999999999998,19.002089944289445,18.439166666666626,18.546323529411826,18.128408031533034,18.128408031533034,18.02,18.044999999999998,,,,32.7012102317208,45.25349818752397,32.7012102317208,45.25349818752397,14.723767451797036,16.356039526901874,14.723767451797036,16.356039526901874,96,101,96,101,-1,4,-1,4,-1,4,-1,4,96,101,96,101,-0.226986995607845,-0.226986995607845,-0.226986995607845,-0.226986995607845,,,,,
2026-08-19T11:20:00+08:00,18.086704015766514,18.086704015766514,18.01,18.0475,18.99259153688358,18.408690476190436,18.522720588235355,18.086704015766514,18.086704015766514,18.01,18.0475,,,,30.60245122022619,43.16049147791,30.60245122022619,43.16049147791,13.33504948107618,14.845544503989027,13.33504948107618,14.845544503989027,96,101,96,101,-1,4,-1,4,-1,4,-1,4,96,101,96,101,-0.2268480528000688,,,,,,,,
2026-08-19T13:00:00+08:00,18.067102007883257,18.08,17.95,18.015,18.982864257909615,18.37773809523806,18.500220588235358,18.067102007883257,18.08,17.95,18.015,,,,28.806717909777866,41.10995239674827,28.806717909777866,41.10995239674827,12.588573926585273,13.71705921528715,12.588573926585273,13.71705921528715,96,101,96,101,-1,4,-1,4,-1,4,-1,4,96,101,96,101,-0.21674348756013542,,,,,,,,
2026-08-19T13:10:00+08:00,18.04105100394163,18.04105100394163,17.91,17.945,18.972537250368227,18.34297619047615,18.47602941176477,18.04105100394163,18.04105100394163,17.91,17.945,,,,26.952347234456916,39.08743737356379,26.952347234456916,39.08743737356379,11.768415377082718,12.742737296184934,11.768415377082718,12.742737296184934,96,101,96,101,-1,4,-1,4,-1,4,-1,4,96,101,96,101,-0.21186137173698474,,,,,,,,
2026-08-19T13:20:00+08:00,17.993025501970813,18.05,17.93,17.98,18.96266125782725,18.309166666666627,18.452352941176535,17.993025501970813,18.05,17.93,17.98,,,,25.433683639893502,37.13690112589661,25.433683639893502,37.13690112589661,11.215417898974604,11.979077597579769,11.215417898974604,11.979077597579769,96,101,96,101,-1,4,-1,4,-1,4,-1,4,96,101,96,101,-0.21812843204763713,,,,,,,,
2026-08-19T13:30:00+08:00,17.986512750985405,18.05,17.98,18.0175,18.953256668197128,18.277738095238057,18.42948529411771,17.986512750985405,18.05,17.98,18.0175,,,,24.241266051213525,35.29466754379903,24.241266051213525,35.29466754379903,11.0904252123329,11.534751404956335,11.0904252123329,11.534751404956335,96,101,96,101,-1,4,-1,4,-1,4,-1,4,96,101,96,101,-0.20982359530654066,,,,,,,,
2026-08-19T13:40:00+08:00,18.0020063754927,18.06,18,18.0275,18.94404515906084,18.24666666666663,18.408602941176532,18.0020063754927,18.06,18,18.0275,,,,23.192093156730788,33.56572834564643,23.192093156730788,33.56572834564643,11.176200625277085,11.355476015116711,11.176200625277085,11.355476015116711,96,101,96,101,-1,4,-1,4,-1,4,-1,4,96,101,96,101,-0.18619419551780095,,,,,,,,
2026-08-19T13:50:00+08:00,18.01475318774635,18.02,17.99,18.002499999999998,18.934676550512968,18.209761904761866,18.388014705882416,18.01475318774635,18.02,17.99,18.002499999999998,,,,22.07268116005372,31.923864461990327,22.07268116005372,31.923864461990327,10.99271743653012,11.174096725823414,10.99271743653012,11.174096725823414,96,101,96,101,-1,4,-1,4,-1,4,-1,4,96,101,96,101,-0.1696751940225855,,,,,,,,
2026-08-19T14:00:00+08:00,18.008626593873174,18.01,17.96,17.9825,18.925202156975526,18.16821428571425,18.36852941176477,18.008626593873174,18.01,17.96,17.9825,,,,20.91708314455628,30.35146713092832,20.91708314455628,30.35146713092832,10.581759551998333,10.877928138910875,10.581759551998333,10.877928138910875,96,101,96,101,-1,4,-1,4,-1,4,-1,4,96,101,96,101,-0.15953495894166866,,,,,,,,
2026-08-19T14:10:00+08:00,17.995563296936588,18.04,17.93,17.9925,18.915921538498157,18.12773809523806,18.349264705882415,17.995563296936588,18.04,17.93,17.9925,,,,19.902099853743028,28.85870037704471,19.902099853743028,28.85870037704471,10.249942051746993,10.563935095328933,10.249942051746993,10.563935095328933,96,101,96,101,-1,4,-1,4,-1,4,-1,4,96,101,96,101,-0.14994261859287558,,,,,,,,
2026-08-19T14:20:00+08:00,17.994031648468294,18.07,17.98,18.020000000000003,18.907006896324045,18.089047619047584,18.330808823529473,17.994031648468294,18.07,17.98,18.020000000000003,,,,19.119313394968138,27.4673593796052,19.119313394968138,27.4673593796052,10.358659162081487,10.46129712870521,10.358659162081487,10.46129712870521,96,101,96,101,-1,4,-1,4,-1,4,-1,4,96,101,96,101,-0.1351329916616733,,,,,,,,
2026-08-19T14:30:00+08:00,18.00701582423415,18.00701582423415,17.94,17.9725,18.897708320241218,18.077023809523773,18.310073529411827,18.00701582423415,18.00701582423415,17.94,17.9725,,,,18.116598210542424,26.131536355453374,18.116598210542424,26.131536355453374,9.90692625812668,10.184111693415945,9.90692625812668,10.184111693415945,96,101,96,101,-1,4,-1,4,-1,4,-1,4,96,101,96,101,-0.12173159934367525,,,,,,,,
2026-08-19T14:40:00+08:00,17.989757912117074,18,17.92,17.97,18.888477391681604,18.065119047619014,18.29000000000006,17.989757912117074,18,17.92,17.97,,,,17.170987536967086,24.851457952812474,17.170987536967086,24.851457952812474,9.37459043661834,9.779351065017142,9.37459043661834,9.779351065017142,96,101,96,101,-1,4,-1,4,-1,4,-1,4,96,101,96,101,-0.12559434494898453,,,,,,,,
2026-08-19T14:50:00+08:00,17.979878956058535,18.01,17.96,17.9925,18.879562193754424,18.054523809523772,18.270220588235354,17.979878956058535,18.01,17.96,17.9925,,,,16.42358250383877,23.64747574581623,16.42358250383877,23.64747574581623,9.169027314033867,9.474189189525504,9.169027314033867,9.474189189525504,96,101,96,101,-1,4,-1,4,-1,4,-1,4,96,101,96,101,-0.1278232093252475,,,,,,,,
2026-08-20T09:30:00+08:00,17.986189478029267,18.85,17.986189478029267,18.615000000000002,18.876929734115077,18.07369047619044,18.26808823529418,17.986189478029267,18.85,17.986189478029267,18.615000000000002,,,,19.34454612290256,23.032771513971422,19.34454612290256,23.032771513971422,15.229943753880374,12.352066471702939,15.229943753880374,12.352066471702939,96,101,96,101,-1,4,-1,4,-1,4,-1,4,96,101,96,101,-0.0018882713277117297,,,,,,,,
2026-08-20T09:40:00+08:00,18.300594739014635,18.87,18.300594739014635,18.7325,18.87549262233284,18.10119047619044,18.270073529411825,18.300594739014635,18.87,18.300594739014635,18.7325,,,,22.739215592637173,22.990834953780816,22.739215592637173,22.990834953780816,23.028286039494713,17.690176255598825,23.028286039494713,17.690176255598825,96,101,96,101,-1,4,-1,4,-1,4,-1,4,96,101,96,101,0.15353534320209353,,,,,,,,
2026-08-20T09:50:00+08:00,18.516547369507318,18.78,18.516547369507318,18.745,18.874194188279777,18.127857142857106,18.272132352941235,18.516547369507318,18.78,18.516547369507318,18.745,,,,25.96399868329085,23.415572629425103,25.96399868329085,23.415572629425103,30.793301845383212,24.24173905049102,30.793301845383212,24.24173905049102,96,101,96,101,-1,4,-1,4,-1,4,-1,4,96,101,96,101,0.2110576647913458,,,,,,,,
2026-08-20T10:00:00+08:00,18.63077368475366,18.87,18.63077368475366,18.745,18.872908673968535,18.154999999999966,18.27375000000006,18.63077368475366,18.87,18.63077368475366,18.745,,,,28.95844012461212,24.207410843023247,28.95844012461212,24.207410843023247,38.38703448163133,31.314386766061176,38.38703448163133,31.314386766061176,96,101,96,101,-1,4,-1,4,-1,4,-1,4,96,101,96,101,0.22212003662035623,,,,,0.22212003662035623,,0.22212003662035623,
2026-08-20T10:10:00+08:00,18.68788684237683,18.69,18.54,18.615000000000002,18.870342418506162,18.176547619047582,18.271911764705948,18.68788684237683,18.69,18.54,18.615000000000002,,,,30.984056770763527,25.175503118414717,30.984056770763527,25.175503118414717,43.500777250461134,37.40758200826116,43.500777250461134,37.40758200826116,96,101,96,101,-1,4,-1,4,-1,4,-1,4,96,101,96,101,0.20980856398051806,,,,,,,,
2026-08-20T10:20:00+08:00,18.651443421188418,18.651443421188418,18.45,18.5275,18.86693105115784,18.194523809523773,18.267426470588298,18.651443421188418,18.651443421188418,18.45,18.5275,,,,32.35685643231758,26.201410734686554,32.35685643231758,26.201410734686554,46.88251258397944,42.145047296120296,46.88251258397944,42.145047296120296,96,101,96,101,-1,4,-1,4,-1,4,-1,4,96,101,96,101,0.1750773987550715,,,,,,,,
2026-08-20T10:30:00+08:00,18.58947171059421,18.58947171059421,18.42,18.505,18.863329747166222,18.214047619047584,18.259411764705945,18.58947171059421,18.58947171059421,18.42,18.505,,,,33.50093695428327,27.24420019462894,33.50093695428327,27.24420019462894,49.195153411270816,45.67010035369556,49.195153411270816,45.67010035369556,96,101,96,101,-1,4,-1,4,-1,4,-1,4,96,101,96,101,0.14907543903363515,,,,,,,,
2026-08-20T10:40:00+08:00,18.547235855297103,18.547235855297103,18.46,18.497500000000002,18.859689650179494,18.235595238095204,18.248897058823587,18.547235855297103,18.547235855297103,18.46,18.497500000000002,,,,34.51974343199708,28.28356351425296,34.51974343199708,28.28356351425296,51.09427349119106,48.38218692244331,51.09427349119106,48.38218692244331,96,101,96,101,-1,4,-1,4,-1,4,-1,4,96,101,96,101,0.1347588099790818,,,,,,,,
2026-08-20T10:50:00+08:00,18.522367927648553,18.56,18.49,18.5175,18.856284778038404,18.257976190476153,18.23933823529418,18.522367927648553,18.56,18.49,18.5175,,,,35.58192203702863,29.32618616036377,35.58192203702863,29.32618616036377,52.894400872355845,50.63829389739958,52.894400872355845,50.63829389739958,96,101,96,101,-1,4,-1,4,-1,4,-1,4,96,101,96,101,0.131286157868658,,,,,,,,
2026-08-20T11:00:00+08:00,18.519933963824275,18.53,18.42,18.4675,18.85241627278429,18.279523809523774,18.228602941176533,18.519933963824275,18.53,18.42,18.4675,,,,36.2778706952432,30.319283951060832,36.2778706952432,30.319283951060832,53.83488516387727,52.236589530638426,53.83488516387727,52.236589530638426,96,101,96,101,-1,4,-1,4,-1,4,-1,4,96,101,96,101,0.12558920730707532,,,,,,,,
2026-08-20T11:10:00+08:00,18.493716981912137,18.493716981912137,18.28,18.355,18.847466857134695,18.29904761904758,18.2324264705883,18.493716981912137,18.493716981912137,18.28,18.355,,,,36.27079863048425,31.169500333835604,36.27079863048425,31.169500333835604,53.36869312803844,52.80264132933843,53.36869312803844,52.80264132933843,96,101,96,101,-1,4,-1,4,-1,4,-1,4,96,101,96,101,0.09561006887905743,,,,,,,,
2026-08-20T11:20:00+08:00,18.424358490956067,18.424358490956067,18.27,18.3475,18.84249206253634,18.316547619047583,18.236176470588298,18.424358490956067,18.424358490956067,18.27,18.3475,,,,36.32827468371737,31.906468098104426,36.32827468371737,31.906468098104426,52.481847032104774,52.642244180721605,52.481847032104774,52.642244180721605,96,101,96,101,-1,4,-1,4,-1,4,-1,4,96,101,96,101,0.06338386489540149,,,,,,,,
2026-08-20T13:00:00+08:00,18.38592924547803,18.42,18.33,18.3825,18.83791502708822,18.333928571428537,18.241102941176536,18.38592924547803,18.42,18.33,18.3825,,,,36.840380714118986,32.61131275753508,36.840380714118986,32.61131275753508,51.98125354382205,52.31174886227183,51.98125354382205,52.31174886227183,96,101,96,101,-1,4,-1,4,-1,4,-1,4,96,101,96,101,0.0579028057006107,,,,,,,,
2026-08-20T13:10:00+08:00,18.384214622739016,18.384214622739016,18.25,18.3125,18.832687016868434,18.34749999999996,18.24404411764712,18.384214622739016,18.384214622739016,18.25,18.3125,,,,37.0466614179923,33.244933994743256,37.0466614179923,33.244933994743256,50.785804363389275,51.54877661283055,50.785804363389275,51.54877661283055,96,101,96,101,-1,4,-1,4,-1,4,-1,4,96,101,96,101,0.051427860749438156,,,,,,,,
2026-08-20T13:20:00+08:00,18.348357311369508,18.348357311369508,18.18,18.2325,18.82671500675034,18.358452380952343,18.24632352941183,18.348357311369508,18.348357311369508,18.18,18.2325,,,,36.77528722245089,33.74927017013006,36.77528722245089,33.74927017013006,48.86317345058077,50.20597503170566,48.86317345058077,50.20597503170566,96,101,96,101,-1,4,-1,4,-1,4,-1,4,96,101,96,101,0.021748370255809717,,,,,,,,
2026-08-20T13:30:00+08:00,18.290428655684757,18.290428655684757,18.13,18.174999999999997,18.820230280315013,18.367619047619012,18.24602941176477,18.290428655684757,18.290428655684757,18.13,18.174999999999997,,,,36.099880108623374,34.08507158991482,36.099880108623374,34.08507158991482,46.37931924147851,48.29264713659209,46.37931924147851,48.29264713659209,96,101,96,101,-1,4,-1,4,-1,4,-1,4,96,101,96,101,-0.0027494085696290645,,,,,,,,
2026-08-20T13:40:00+08:00,18.232714327842377,18.24,18.16,18.1975,18.814033959117847,18.377380952380914,18.24669117647065,18.232714327842377,18.24,18.16,18.1975,,,,35.63840119070257,34.30697581859879,35.63840119070257,34.30697581859879,44.15166151603626,46.222154326314175,44.15166151603626,46.222154326314175,96,101,96,101,-1,4,-1,4,-1,4,-1,4,96,101,96,101,-0.012528865963752085,-0.012528865963752085,,-0.012528865963752085,,,,,
2026-08-20T13:50:00+08:00,18.21510716392119,18.23,18.16,18.1975,18.807899292857968,18.385833333333295,18.247720588235357,18.21510716392119,18.23,18.16,18.1975,,,,35.20988505263325,34.43596285203228,35.20988505263325,34.43596285203228,42.160076430177455,44.19111537824581,42.160076430177455,44.19111537824581,96,101,96,101,-1,4,-1,4,-1,4,-1,4,96,101,96,101,-0.008066762974089287,,,,,,,,
2026-08-20T14:00:00+08:00,18.206303581960597,18.21,18.13,18.17,18.801552036212616,18.395238095238057,18.248308823529474,18.206303581960597,18.21,18.13,18.17,,,,34.60947352825519,34.4607500914927,34.60947352825519,34.4607500914927,40.11430236265387,42.15270887044984,40.11430236265387,42.15270887044984,96,101,96,101,-1,4,-1,4,-1,4,-1,4,96,101,96,101,-0.004313552005726125,,,,,,,,
2026-08-20T14:10:00+08:00,18.1881517909803,18.23,18.17,18.185000000000002,18.795417190081146,18.40547619047615,18.250955882353004,18.1881517909803,18.23,18.17,18.185000000000002,,,,34.162405095088225,34.41812937772063,34.162405095088225,34.41812937772063,38.57461568876375,40.3636622796068,38.57461568876375,40.3636622796068,96,101,96,101,-1,4,-1,4,-1,4,-1,4,96,101,96,101,-0.004289428293566943,,,,,,,,
2026-08-20T14:20:00+08:00,18.18657589549015,18.19,18.16,18.1775,18.789268760329094,18.414285714285676,18.254852941176537,18.18657589549015,18.19,18.16,18.1775,,,,33.692041844555405,34.314402587268454,33.692041844555405,34.314402587268454,37.05674170789911,38.71020199375295,37.05674170789911,38.71020199375295,96,101,96,101,-1,4,-1,4,-1,4,-1,4,96,101,96,101,-0.006402172567271201,,,,,,,,
2026-08-20T14:30:00+08:00,18.182037947745073,18.28,18.18,18.2225,18.783629270176565,18.3955952380952,18.26000000000007,18.182037947745073,18.28,18.18,18.2225,,,,33.586645630327226,34.21043730770542,33.586645630327226,34.21043730770542,36.33743916553577,37.523820579644365,36.33743916553577,37.523820579644365,96,101,96,101,-1,4,-1,4,-1,4,-1,4,96,101,96,101,-0.003966541476197939,,,,,,,,
2026-08-20T14:40:00+08:00,18.202268973872535,18.29,18.202268973872535,18.2575,18.77839415306038,18.372976190476155,18.267132352941246,18.202268973872535,18.29,18.202268973872535,18.2575,,,,33.74650967587823,34.1441619317301,33.74650967587823,34.1441619317301,36.08547746255761,36.804649021100985,36.08547746255761,36.804649021100985,96,101,96,101,-1,4,-1,4,-1,4,-1,4,96,101,96,101,0.0058504280100222985,,,,,,,,
2026-08-20T14:50:00+08:00,18.229884486936268,18.27,18.229884486936268,18.255,18.773186251039878,18.349642857142822,18.27625000000007,18.229884486936268,18.27,18.229884486936268,18.255,,,,33.876545435406804,34.105931003683914,33.876545435406804,34.105931003683914,35.862045265267554,36.33334714318427,35.862045265267554,36.33334714318427,96,101,96,101,-1,4,-1,4,-1,4,-1,4,96,101,96,101,0.012268916902435173,,,,,,,,
2026-08-21T09:30:00+08:00,18.242442243468133,18.41,18.2,18.345,18.76892569132804,18.330595238095203,18.286985294117713,18.242442243468133,18.41,18.2,18.345,,,,34.66003224893076,34.185088324433465,34.66003224893076,34.185088324433465,36.58082750096054,36.457087322072404,36.58082750096054,36.457087322072404,96,101,96,101,-1,4,-1,4,-1,4,-1,4,96,101,96,101,0.05195447513943964,,,,,,,,
2026-08-21T09:40:00+08:00,18.293721121734066,18.49,18.293721121734066,18.4275,18.765528420767563,18.321666666666633,18.299044117647128,18.293721121734066,18.49,18.293721121734066,18.4275,,,,35.99506676428695,34.44365667298396,35.99506676428695,34.44365667298396,38.36985889095301,37.41347310651271,38.36985889095301,37.41347310651271,96,101,96,101,-1,4,-1,4,-1,4,-1,4,96,101,96,101,0.09512104575145103,,,,,,,,
2026-08-21T09:50:00+08:00,18.36061056086703,18.53,18.35,18.470000000000002,18.76258783946639,18.31892857142854,18.312058823529476,18.36061056086703,18.53,18.35,18.470000000000002,,,,37.54770190704409,34.887091706421124,37.54770190704409,34.887091706421124,40.64968524748463,39.031579176998676,40.64968524748463,39.031579176998676,96,101,96,101,-1,4,-1,4,-1,4,-1,4,96,101,96,101,0.11289492838158766,,,,,,,,
2026-08-21T10:00:00+08:00,18.415305280433515,18.52,18.36,18.47,18.759676517680656,18.317261904761875,18.325808823529474,18.415305280433515,18.52,18.36,18.47,,,,38.98943453960427,35.47314068259014,38.98943453960427,35.47314068259014,42.76831752170415,40.89994834935141,42.76831752170415,40.89994834935141,96,101,96,101,-1,4,-1,4,-1,4,-1,4,96,101,96,101,0.11751019218375583,,,,,,,,
2026-08-21T10:10:00+08:00,18.442652640216757,18.56,18.41,18.5025,18.757117547355477,18.317499999999967,18.341102941176533,18.442652640216757,18.56,18.41,18.5025,,,,40.567508802975695,36.200907556930936,40.567508802975695,36.200907556930936,45.132701154593754,43.01632475197258,45.132701154593754,43.01632475197258,96,101,96,101,-1,4,-1,4,-1,4,-1,4,96,101,96,101,0.12279690962230136,,,,,,,,
2026-08-21T10:20:00+08:00,18.47257632010838,18.65,18.47257632010838,18.599999999999998,18.755554188675323,18.32142857142854,18.35897058823536,18.47257632010838,18.65,18.47257632010838,18.599999999999998,,,,42.75083107551718,37.13661091672897,42.75083107551718,37.13661091672897,48.29465404293519,45.65548939745389,48.29465404293519,45.65548939745389,96,101,96,101,-1,4,-1,4,-1,4,-1,4,96,101,96,101,0.1524532786906834,,,,,,,,
2026-08-21T10:30:00+08:00,18.53628816005419,18.7,18.53628816005419,18.645,18.75445414699696,18.329880952380922,18.377352941176536,18.53628816005419,18.7,18.53628816005419,18.645,,,,45.10957141842943,38.27560527411475,45.10957141842943,38.27560527411475,51.80918111983427,48.732335258644085,51.80918111983427,48.732335258644085,96,101,96,101,-1,4,-1,4,-1,4,-1,4,96,101,96,101,0.19171192946435311,,,,,,,,
2026-08-21T10:40:00+08:00,18.590644080027097,18.67,18.590644080027097,18.645,18.75336505100694,18.343690476190446,18.397132352941238,18.590644080027097,18.67,18.590644080027097,18.645,,,,47.29983030827652,39.564780278995,47.29983030827652,39.564780278995,55.058360238216366,51.895347748430225,55.058360238216366,51.895347748430225,96,101,96,101,-1,4,-1,4,-1,4,-1,4,96,101,96,101,0.2084342746284047,,,,,0.2084342746284047,,0.2084342746284047,
2026-08-21T10:50:00+08:00,18.61782204001355,18.72,18.61,18.6475,18.752311667414833,18.35797619047616,18.417058823529477,18.61782204001355,18.72,18.61,18.6475,,,,49.352051560189025,40.96296189059415,49.352051560189025,40.96296189059415,58.00236855587632,54.94885815215328,58.00236855587632,54.94885815215328,96,101,96,101,-1,4,-1,4,-1,4,-1,4,96,101,96,101,0.19993336403762896,,,,,,,,
2026-08-21T11:00:00+08:00,18.632661020006775,18.66,18.6,18.630000000000003,18.75109463589827,18.369761904761873,18.435808823529474,18.632661020006775,18.66,18.6,18.630000000000003,,,,51.1840478773184,42.42311703155475,51.1840478773184,42.42311703155475,60.131326652804795,57.54009240247903,60.131326652804795,57.54009240247903,96,101,96,101,-1,4,-1,4,-1,4,-1,4,96,101,96,101,0.18650929173102654,,,,,,,,
2026-08-21T11:10:00+08:00,18.631330510003387,18.64,18.57,18.61,18.749690709172913,18.38392857142854,18.435661764705944,18.631330510003387,18.64,18.57,18.61,,,,52.736377790843264,43.8964399971674,52.736377790843264,43.8964399971674,60.851293540255035,59.19569297136704,60.851293540255035,59.19569297136704,96,101,96,101,-1,4,-1,4,-1,4,-1,4,96,101,96,101,0.17535831085068235,,,,,,,,
2026-08-21T11:20:00+08:00,18.620665255001693,18.620665255001693,18.54,18.58,18.748002244405022,18.40047619047616,18.4311764705883,18.620665255001693,18.620665255001693,18.54,18.58,,,,53.954612710544914,45.333321813364186,53.954612710544914,45.333321813364186,61.00508755189197,60.1003902616295,61.00508755189197,60.1003902616295,96,101,96,101,-1,4,-1,4,-1,4,-1,4,96,101,96,101,0.15972887540530056,,,,,,,,
2026-08-21T13:00:00+08:00,18.600332627500848,18.62,18.43,18.509999999999998,18.745634062868653,18.416428571428543,18.42426470588242,18.600332627500848,18.62,18.43,18.509999999999998,,,,54.56499751693455,46.652132628159954,54.56499751693455,46.652132628159954,60.09058711977166,60.09548869070058,60.09058711977166,60.09548869070058,96,101,96,101,-1,4,-1,4,-1,4,-1,4,96,101,96,101,0.14087240442339577,,,,,,,,
2026-08-21T13:10:00+08:00,18.555166313750423,18.555166313750423,18.4,18.43,18.742493425427174,18.42749999999997,18.415000000000063,18.555166313750423,18.555166313750423,18.4,18.43,,,,54.536545313343986,47.77847729747196,54.536545313343986,47.77847729747196,59.8371261389851,59.96630741484284,59.8371261389851,59.96630741484284,96,101,96,101,-1,4,-1,4,-1,4,-1,4,96,101,96,101,0.10409814035001563,,,,,,,,
2026-08-21T13:20:00+08:00,18.492583156875213,18.492583156875213,18.39,18.4225,18.73930941124382,18.438214285714253,18.409338235294182,18.492583156875213,18.492583156875213,18.39,18.4225,,,,54.454321838581315,48.7321693747733,54.454321838581315,48.7321693747733,58.892676224459066,59.42949181965095,58.892676224459066,59.42949181965095,96,101,96,101,-1,4,-1,4,-1,4,-1,4,96,101,96,101,0.06820823269605891,,,,,,,,
2026-08-21T13:30:00+08:00,18.457541578437606,18.5,18.39,18.4325,18.736256581281197,18.450714285714255,18.406544117647126,18.457541578437606,18.5,18.39,18.4325,,,,54.45237623106361,49.54934178281478,54.45237623106361,49.54934178281478,58.04622406860462,58.73785794412778,58.04622406860462,58.73785794412778,96,101,96,101,-1,4,-1,4,-1,4,-1,4,96,101,96,101,0.0557418822872134,,,,,,,,
2026-08-21T13:40:00+08:00,18.445020789218802,18.49,18.4,18.445,18.733358505845562,18.463095238095207,18.40477941176477,18.445020789218802,18.49,18.4,18.445,,,,54.543575547892395,50.26280374925443,54.543575547892395,50.26280374925443,57.38112566276917,58.05949180344848,57.38112566276917,58.05949180344848,96,101,96,101,-1,4,-1,4,-1,4,-1,4,96,101,96,101,0.05417529146735951,0.05417529146735951,,0.05417529146735951,,,,,
2026-08-21T13:50:00+08:00,18.4450103946094,18.56,18.44,18.509999999999998,18.73113603315058,18.47892857142854,18.405147058823594,18.4450103946094,18.56,18.44,18.509999999999998,,,,55.11189158018578,50.95553058224463,55.11189158018578,50.95553058224463,57.97321858072419,58.01635519208634,57.97321858072419,58.01635519208634,96,101,96,101,-1,4,-1,4,-1,4,-1,4,96,101,96,101,0.0696250340130243,,,,,,,,
2026-08-21T14:00:00+08:00,18.4775051973047,18.55,18.4775051973047,18.525,18.729084928343113,18.4933333333333,18.40536764705889,18.4775051973047,18.55,18.4775051973047,18.525,,,,55.751220753029635,51.64062917807106,55.751220753029635,51.64062917807106,58.916562147203905,58.46645866964512,58.916562147203905,58.46645866964512,96,101,96,101,-1,4,-1,4,-1,4,-1,4,96,101,96,101,0.08616981493451872,,,,,,,,
2026-08-21T14:10:00+08:00,18.50125259865235,18.59,18.50125259865235,18.555,18.72735274000139,18.50749999999997,18.40794117647065,18.50125259865235,18.59,18.50125259865235,18.555,,,,56.56809784209894,52.34455327293218,56.56809784209894,52.34455327293218,60.43940289278357,59.45293078121435,60.43940289278357,59.45293078121435,96,101,96,101,-1,4,-1,4,-1,4,-1,4,96,101,96,101,0.09102478096478252,,,,,,,,
2026-08-21T14:20:00+08:00,18.528126299326175,18.59,18.528126299326175,18.57,18.725787041095902,18.52249999999997,18.414264705882417,18.528126299326175,18.59,18.528126299326175,18.57,,,,57.43823371052044,53.07222190687336,57.43823371052044,53.07222190687336,62.15025138341427,60.80159108231431,62.15025138341427,60.80159108231431,96,101,96,101,-1,4,-1,4,-1,4,-1,4,96,101,96,101,0.08671645213831582,,,,,,,,
2026-08-21T14:30:00+08:00,18.549063149663088,18.69,18.549063149663088,18.625,18.724784184965596,18.535833333333304,18.422426470588302,18.549063149663088,18.69,18.549063149663088,18.625,,,,58.655443207388025,53.86982494980403,58.655443207388025,53.86982494980403,64.83642031084989,62.819005696582096,64.83642031084989,62.819005696582096,96,101,96,101,-1,4,-1,4,-1,4,-1,4,96,101,96,101,0.09006502297141944,,,,,,,,
2026-08-21T14:40:00+08:00,18.587031574831542,18.66,18.587031574831542,18.64,18.723940561234595,18.54595238095235,18.430000000000064,18.587031574831542,18.66,18.587031574831542,18.64,,,,59.89731631162221,54.73089514434948,59.89731631162221,54.73089514434948,67.50658375149406,65.16279472403808,67.50658375149406,65.16279472403808,96,101,96,101,-1,4,-1,4,-1,4,-1,4,96,101,96,101,0.10424244008423458,,,,,,,,
2026-08-21T14:50:00+08:00,18.61351578741577,18.65,18.61351578741577,18.630000000000003,18.723005829282013,18.553571428571395,18.43933823529418,18.61351578741577,18.65,18.61351578741577,18.630000000000003,,,,60.97607943222064,55.62306432833107,60.97607943222064,55.62306432833107,69.90652251257148,67.53465861830477,69.90652251257148,67.53465861830477,96,101,96,101,-1,4,-1,4,-1,4,-1,4,96,101,96,101,0.10814554991103852,,,,,,,,
2026-08-24T09:30:00+08:00,18.621757893707887,19.34,18.621757893707887,19.1325,18.727080398144878,18.585119047619017,18.46580882352948,18.621757893707887,19.34,18.621757893707887,19.1325,,,,62.72703879345563,56.637917823348864,62.72703879345563,56.637917823348864,69.8337271770466,68.68419289767569,69.8337271770466,68.68419289767569,96,101,96,101,-1,4,-1,4,-1,4,-1,4,96,101,96,101,0.21561729641439517,,,,,,,,
2026-08-24T09:40:00+08:00,18.877128946853944,19.17,18.877128946853944,19.0725,18.73051740910861,18.612261904761873,18.49220588235301,18.877128946853944,19.17,18.877128946853944,19.0725,,,,64.04381972470779,57.69590380925729,64.04381972470779,57.69590380925729,70.29256401174928,69.48837845471249,70.29256401174928,69.48837845471249,96,101,96,101,-1,4,-1,4,-1,4,-1,4,96,101,96,101,0.3311422461856894,,,,,,,,
2026-08-24T09:50:00+08:00,18.974814473426974,19.19,18.974814473426974,19.072499999999998,18.733920220958275,18.634761904761874,18.517941176470657,18.974814473426974,19.19,18.974814473426974,19.072499999999998,,,,65.26654487515621,58.77742396152856,65.26654487515621,58.77742396152856,71.19440302979675,70.34139074225462,71.19440302979675,70.34139074225462,96,101,96,101,-1,4,-1,4,-1,4,-1,4,96,101,96,101,0.3561553419789227,,,,,,,,
2026-08-24T10:00:00+08:00,19.023657236713486,19.24,19.023657236713486,19.134999999999998,18.73791106453083,18.658095238095207,18.545514705882425,19.023657236713486,19.24,19.023657236713486,19.134999999999998,,,,66.71631883276577,59.91155180027673,66.71631883276577,59.91155180027673,72.61129344331334,71.47634209278398,72.61129344331334,71.47634209278398,96,101,96,101,-1,4,-1,4,-1,4,-1,4,96,101,96,101,0.3564600171821379,,,,,,,,
2026-08-24T10:10:00+08:00,19.07932861835674,19.29,19.07932861835674,19.2525,18.743031352445946,18.687023809523776,18.577352941176542,19.07932861835674,19.29,19.07932861835674,19.2525,,,,68.65358378535494,61.160413512430765,68.65358378535494,61.160413512430765,74.7168404737201,73.09659128325204,74.7168404737201,73.09659128325204,96,101,96,101,-1,4,-1,4,-1,4,-1,4,96,101,96,101,0.3786832844554208,,,,,,,,
2026-08-24T10:20:00+08:00,19.16591430917837,19.27,19.12,19.207500000000003,18.747652931028576,18.713690476190443,18.607426470588308,19.16591430917837,19.27,19.12,19.207500000000003,,,,70.22611452100867,62.455513656513325,70.22611452100867,62.455513656513325,76.56337975030335,74.8299855167777,76.56337975030335,74.8299855167777,96,101,96,101,-1,4,-1,4,-1,4,-1,4,96,101,96,101,0.39496477846704,,,,,0.39496477846704,,0.39496477846704,
2026-08-24T10:30:00+08:00,19.186707154589186,19.19,18.95,19.075000000000003,18.75091011579446,18.73488095238092,18.63382352941184,19.186707154589186,19.19,18.95,19.075000000000003,,,,71.01982263872335,63.67898636825761,71.01982263872335,63.67898636825761,76.89843179235162,75.86420865456466,76.89843179235162,75.86420865456466,96,101,96,101,-1,4,-1,4,-1,4,-1,4,96,101,96,101,0.3667715926027063,,,,,,,,
2026-08-24T10:40:00+08:00,19.130853577294594,19.130853577294594,18.87,18.9375,18.7527667315577,18.75047619047616,18.65485294117654,19.130853577294594,19.130853577294594,18.87,18.9375,,,,71.06518742006202,64.73415794708681,71.06518742006202,64.73415794708681,75.95481410419407,75.90951137937937,75.95481410419407,75.90951137937937,96,101,96,101,-1,4,-1,4,-1,4,-1,4,96,101,96,101,0.3131424483820796,,,,,,,,
2026-08-24T10:50:00+08:00,19.034176788647297,19.034176788647297,18.87,18.9075,18.754306366069564,18.766071428571397,18.673970588235363,19.034176788647297,19.034176788647297,18.87,18.9075,,,,70.95640642728092,65.62305058711453,70.95640642728092,65.62305058711453,74.51102757125055,75.21026947531496,74.51102757125055,75.21026947531496,96,101,96,101,-1,4,-1,4,-1,4,-1,4,96,101,96,101,0.2757209097759653,,,,,,,,
2026-08-24T11:00:00+08:00,18.97083839432365,19,18.89,18.945,18.7562038151634,18.786785714285685,18.694264705882425,18.97083839432365,19,18.89,18.945,,,,71.04402729615724,66.39747583126349,71.04402729615724,66.39747583126349,73.2671925405798,74.23873100794738,73.2671925405798,74.23873100794738,96,101,96,101,-1,4,-1,4,-1,4,-1,4,96,101,96,101,0.26817065421778463,,,,,,,,
2026-08-24T11:10:00+08:00,18.957919197161825,19.06,18.91,18.9725,18.758356016007543,18.812619047619016,18.712720588235364,18.957919197161825,19.06,18.91,18.9725,,,,71.21013714767396,67.084998876465,71.21013714767396,67.084998876465,72.09683477715215,73.16778289254977,72.09683477715215,73.16778289254977,96,101,96,101,-1,4,-1,4,-1,4,-1,4,96,101,96,101,0.2667452281705641,,,,,,,,
2026-08-24T11:20:00+08:00,18.965209598580913,18.98,18.91,18.9525,18.76028779694279,18.83785714285711,18.728161764705952,18.965209598580913,18.98,18.91,18.9525,,,,71.2220621787466,67.67600791964809,71.2220621787466,67.67600791964809,70.48476054082282,71.82627171668629,70.48476054082282,71.82627171668629,96,101,96,101,-1,4,-1,4,-1,4,-1,4,96,101,96,101,0.26125723806635426,,,,,,,,
2026-08-24T13:00:00+08:00,18.958854799290457,18.98,18.88,18.939999999999998,18.762075978067738,18.86202380952378,18.741985294117715,18.958854799290457,18.98,18.88,18.939999999999998,,,,70.91635407743115,68.1389145136171,70.91635407743115,68.1389145136171,68.86698075303892,70.34662623486261,68.86698075303892,70.34662623486261,96,101,96,101,-1,4,-1,4,-1,4,-1,4,96,101,96,101,0.2553484759138872,,,,,,,,
2026-08-24T13:10:00+08:00,18.949427399645227,18.949427399645227,18.87,18.8975,18.763423480773533,18.8835714285714,18.75455882352948,18.949427399645227,18.949427399645227,18.87,18.8975,,,,70.38159679090863,68.45929769608732,70.38159679090863,68.45929769608732,66.89005808693702,68.61834216089981,66.89005808693702,68.61834216089981,96,101,96,101,-1,4,-1,4,-1,4,-1,4,96,101,96,101,0.24580740806917,,,,,,,,
2026-08-24T13:20:00+08:00,18.923463699822612,18.923463699822612,18.76,18.825,18.764036182457378,18.898571428571397,18.764044117647128,18.923463699822612,18.923463699822612,18.76,18.825,,,,69.45705534362413,68.60183450287829,69.45705534362413,68.60183450287829,64.27246302081889,66.44540259085935,64.27246302081889,66.44540259085935,96,101,96,101,-1,4,-1,4,-1,4,-1,4,96,101,96,101,0.2209655415413575,,,,,,,,
2026-08-24T13:30:00+08:00,18.874231849911304,18.874231849911304,18.73,18.792500000000004,18.764319404522478,18.911309523809496,18.76970588235301,18.874231849911304,18.874231849911304,18.73,18.792500000000004,,,,68.40669897020119,68.57395799821013,68.40669897020119,68.57395799821013,61.44696439325116,63.946183492055255,61.44696439325116,63.946183492055255,96,101,96,101,-1,4,-1,4,-1,4,-1,4,96,101,96,101,0.19526715710132214,,,,,,,,
2026-08-24T13:40:00+08:00,18.833365924955654,18.87,18.81,18.83,18.764972942785935,18.924404761904732,18.775147058823595,18.833365924955654,18.87,18.81,18.83,,,,67.65273759157405,68.44235508297642,67.65273759157405,68.44235508297642,59.35564143468343,61.65091246336934,59.35564143468343,61.65091246336934,96,101,96,101,-1,4,-1,4,-1,4,-1,4,96,101,96,101,0.1949644729757552,,,,,,,,
2026-08-24T13:50:00+08:00,18.831682962477828,18.831682962477828,18.77,18.807499999999997,18.765396097584084,18.935714285714255,18.779926470588304,18.831682962477828,18.831682962477828,18.77,18.807499999999997,,,,66.81980887340376,68.21056276732318,66.81980887340376,68.21056276732318,57.187139049144136,59.41902575625674,57.187139049144136,59.41902575625674,96,101,96,101,-1,4,-1,4,-1,4,-1,4,96,101,96,101,0.19394157280163474,,,,,,,,
2026-08-24T14:00:00+08:00,18.819591481238913,18.99,18.8,18.8925,18.76666081303101,18.948452380952354,18.787132352941246,18.819591481238913,18.99,18.8,18.8925,,,,66.54814601999061,67.97307466056138,66.54814601999061,67.97307466056138,56.36970258720298,57.89436417172986,56.36970258720298,57.89436417172986,96,101,96,101,-1,4,-1,4,-1,4,-1,4,96,101,96,101,0.19109798816357032,,,,,,,,
2026-08-24T14:10:00+08:00,18.856045740619457,19.14,18.856045740619457,19.04,18.769380605936174,18.96749999999997,18.799191176470657,18.856045740619457,19.14,18.856045740619457,19.04,,,,67.16660784500898,67.85786511548245,67.16660784500898,67.85786511548245,57.28558411606547,57.58997414389766,57.28558411606547,57.58997414389766,96,101,96,101,-1,4,-1,4,-1,4,-1,4,96,101,96,101,0.21854022469585027,,,,,,,,
2026-08-24T14:20:00+08:00,18.948022870309728,19.13,18.91,19.0225,18.77189920687213,18.986190476190444,18.81132352941183,18.948022870309728,19.13,18.91,19.0225,,,,67.63758804025923,67.82639696187913,67.63758804025923,67.82639696187913,58.37417847635606,57.98207631012686,58.37417847635606,57.98207631012686,96,101,96,101,-1,4,-1,4,-1,4,-1,4,96,101,96,101,0.24091833841585825,,,,,0.24091833841585825,,0.24091833841585825,
2026-08-24T14:30:00+08:00,18.985261435154865,19,18.89,18.947499999999998,18.773646478445542,18.977380952380923,18.82213235294124,18.985261435154865,19,18.89,18.947499999999998,,,,67.63218771388888,67.7986527835948,67.63218771388888,67.7986527835948,58.51699940125214,58.249537855689496,58.51699940125214,58.249537855689496,96,101,96,101,-1,4,-1,4,-1,4,-1,4,96,101,96,101,0.2206562771390287,,,,,,,,
2026-08-24T14:40:00+08:00,18.96638071757743,18.99,18.91,18.96,18.775500742341606,18.97202380952378,18.835367647058888,18.96638071757743,18.99,18.91,18.96,,,,67.70096297163354,67.78469709617177,67.70096297163354,67.78469709617177,58.68789638175726,58.468717118723376,58.68789638175726,58.468717118723376,96,101,96,101,-1,4,-1,4,-1,4,-1,4,96,101,96,101,0.18771945571643148,,,,,,,,
2026-08-24T14:50:00+08:00,18.963190358788715,19,18.963190358788715,18.985,18.77758531206955,18.967857142857113,18.851691176470652,18.963190358788715,19,18.963190358788715,18.985,,,,67.9124054040021,67.80294114014752,67.9124054040021,67.80294114014752,59.16520657557371,58.81696184714855,59.16520657557371,58.81696184714855,96,101,96,101,-1,4,-1,4,-1,4,-1,4,96,101,96,101,0.1709657736565624,,,,,,,,
2026-08-25T09:30:00+08:00,18.974095179394357,18.974095179394357,18.58,18.7375,18.777186453242987,18.948928571428546,18.860955882353004,18.974095179394357,18.974095179394357,18.58,18.7375,,,,66.64770584444824,67.6379075264762,66.64770584444824,67.6379075264762,56.88804280549539,57.85250232632197,56.88804280549539,57.85250232632197,96,101,96,101,-1,4,-1,4,-1,4,-1,4,96,101,96,101,0.1289767327307962,,,,,,,,
2026-08-25T09:40:00+08:00,18.85579758969718,18.85579758969718,18.49,18.592499999999998,18.775348777091317,18.917499999999972,18.865661764705948,18.85579758969718,18.85579758969718,18.49,18.592499999999998,,,,64.61737974812105,67.20640355813974,64.61737974812105,67.20640355813974,52.97575456092418,55.41412844362307,52.97575456092418,55.41412844362307,96,101,96,101,-1,4,-1,4,-1,4,-1,4,96,101,96,101,0.05979585919116452,,,,,,,,
2026-08-25T09:50:00+08:00,18.72414879484859,18.72414879484859,18.39,18.485,18.772459734533193,18.883095238095212,18.86683823529418,18.72414879484859,18.72414879484859,18.39,18.485,,,,62.09748426434145,66.47655794473998,62.09748426434145,66.47655794473998,47.9891357580769,51.701632100849984,47.9891357580769,51.701632100849984,96,101,96,101,-1,4,-1,4,-1,4,-1,4,96,101,96,101,-0.019920309706977446,,,,,,,,
2026-08-25T10:00:00+08:00,18.604574397424294,18.604574397424294,18.34,18.42,18.76895267249804,18.851904761904734,18.86419117647065,18.604574397424294,18.604574397424294,18.34,18.42,,,,59.373874113228524,65.46188882595263,59.373874113228524,65.46188882595263,43.10254149220471,47.40208679652734,43.10254149220471,47.40208679652734,96,101,96,101,-1,4,-1,4,-1,4,-1,4,96,101,96,101,-0.09383664657539115,,,,,,,,
2026-08-25T10:10:00+08:00,18.512287198712148,18.512287198712148,18.3,18.392500000000002,18.765206874761738,18.825952380952355,18.86029411764712,18.512287198712148,18.512287198712148,18.3,18.392500000000002,,,,56.68246988200029,64.20768611967372,56.68246988200029,64.20768611967372,38.61969050272572,43.01088864962653,38.61969050272572,43.01088864962653,96,101,96,101,-1,4,-1,4,-1,4,-1,4,96,101,96,101,-0.14148154371076288,,,,,,,,
2026-08-25T10:20:00+08:00,18.452393599356075,18.5,18.4,18.4325,18.761896358594953,18.803333333333306,18.85669117647065,18.452393599356075,18.5,18.4,18.4325,,,,54.419436319000276,62.809364719577516,54.419436319000276,62.809364719577516,35.0734533961717,39.04217102289911,35.0734533961717,39.04217102289911,96,101,96,101,-1,4,-1,4,-1,4,-1,4,96,101,96,101,-0.15171207732259062,,,,,,,,
2026-08-25T10:30:00+08:00,18.442446799678038,18.442446799678038,18.32,18.369999999999997,18.757996892340277,18.775952380952354,18.850808823529476,18.442446799678038,18.442446799678038,18.32,18.369999999999997,,,,51.803520165463915,61.237101211847005,51.803520165463915,61.237101211847005,31.285195216927587,35.16368311991335,31.285195216927587,35.16368311991335,96,101,96,101,-1,4,-1,4,-1,4,-1,4,96,101,96,101,-0.15600737435512912,,,,,,,,
2026-08-25T10:40:00+08:00,18.406223399839018,18.406223399839018,18.25,18.305,18.753489460575697,18.74416666666664,18.841397058823592,18.406223399839018,18.406223399839018,18.25,18.305,,,,48.98099269601794,59.48622856672857,48.98099269601794,59.48622856672857,27.923212675264402,31.543447897588877,27.923212675264402,31.543447897588877,96,101,96,101,-1,4,-1,4,-1,4,-1,4,96,101,96,101,-0.17320128906439883,,,,,,,,
2026-08-25T10:50:00+08:00,18.355611699919507,18.355611699919507,18.19,18.2325,18.748305485843602,18.709880952380924,18.82941176470595,18.355611699919507,18.355611699919507,18.19,18.2325,,,,45.80562622265707,57.53185680328978,45.80562622265707,57.53185680328978,24.968277696410503,28.25586279699969,24.968277696410503,28.25586279699969,96,101,96,101,-1,4,-1,4,-1,4,-1,4,96,101,96,101,-0.19771864267644956,,,,,,,,
2026-08-25T11:00:00+08:00,18.294055849959754,18.31,18.2,18.255,18.743396973546652,18.677261904761878,18.81838235294124,18.294055849959754,18.31,18.2,18.255,,,,42.93752248625608,55.44695190085639,42.93752248625608,55.44695190085639,22.305867466388474,25.280865131694082,22.305867466388474,25.280865131694082,96,101,96,101,-1,4,-1,4,-1,4,-1,4,96,101,96,101,-0.21392040841164062,-0.21392040841164062,,-0.21392040841164062,,,,,
2026-08-25T11:10:00+08:00,18.27452792497988,18.36,18.27452792497988,18.3175,18.73915919271534,18.64964285714283,18.79441176470594,18.27452792497988,18.36,18.27452792497988,18.3175,,,,40.66248206021913,53.33488478076536,40.66248206021913,53.33488478076536,20.66231717887779,22.971591155285935,20.66231717887779,22.971591155285935,96,101,96,101,-1,4,-1,4,-1,4,-1,4,96,101,96,101,-0.20265471365075205,,,,,,,,
2026-08-25T11:20:00+08:00,18.296013962489937,18.34,18.29,18.3075,18.734864076369917,18.62499999999997,18.771911764705948,18.296013962489937,18.34,18.29,18.3075,,,,38.48783272051404,51.2138773435866,38.48783272051404,51.2138773435866,19.24565878316779,21.108624969226863,19.24565878316779,21.108624969226863,96,101,96,101,-1,4,-1,4,-1,4,-1,4,96,101,96,101,-0.19335823502436483,,,,,,,,
2026-08-25T13:00:00+08:00,18.30175698124497,18.5,18.29,18.395,18.731482344266734,18.606071428571404,18.75198529411771,18.30175698124497,18.5,18.29,18.395,,,,37.011993737371725,49.18503682841305,37.011993737371725,49.18503682841305,18.91642696023462,20.01252596473074,18.91642696023462,20.01252596473074,96,101,96,101,-1,4,-1,4,-1,4,-1,4,96,101,96,101,-0.1893934323507066,,,,,,,,
2026-08-25T13:10:00+08:00,18.348378490622487,18.5,18.348378490622487,18.467499999999998,18.72885565427403,18.5888095238095,18.732352941176533,18.348378490622487,18.5,18.348378490622487,18.467499999999998,,,,36.09188238346006,47.314586193419764,36.09188238346006,47.314586193419764,19.28357890421399,19.648052434472365,19.28357890421399,19.648052434472365,96,101,96,101,-1,4,-1,4,-1,4,-1,4,96,101,96,101,-0.1694342510267685,,,,,,,,
2026-08-25T13:20:00+08:00,18.40793924531124,18.49,18.40793924531124,18.4625,18.72620534925638,18.57238095238093,18.709117647058886,18.40793924531124,18.49,18.40793924531124,18.4625,,,,35.2064373684924,45.58485064700157,35.2064373684924,45.58485064700157,19.91734935340689,19.782700893939626,19.91734935340689,19.782700893939626,96,101,96,101,-1,4,-1,4,-1,4,-1,4,96,101,96,101,-0.15328615656047803,,,,,-0.15328615656047803,,-0.15328615656047803,
2026-08-25T13:30:00+08:00,18.43521962265562,18.45,18.38,18.412499999999998,18.72308390299512,18.549523809523784,18.68573529411771,18.43521962265562,18.45,18.38,18.412499999999998,,,,34.07367941981125,43.94039761454581,34.07367941981125,43.94039761454581,20.329784081936214,20.056242487937922,20.329784081936214,20.056242487937922,96,101,96,101,-1,4,-1,4,-1,4,-1,4,96,101,96,101,-0.1579254295182994,,,,,,,,
2026-08-25T13:40:00+08:00,18.42385981132781,18.42385981132781,18.37,18.39,18.719769635303628,18.518571428571402,18.665588235294177,18.42385981132781,18.42385981132781,18.37,18.39,,,,32.88208120038374,42.360638126808375,32.88208120038374,42.360638126808375,20.5765656722028,20.316404080070363,20.5765656722028,20.316404080070363,96,101,96,101,-1,4,-1,4,-1,4,-1,4,96,101,96,101,-0.16687004671743766,,,,,,,,
2026-08-25T13:50:00+08:00,18.406929905663905,18.43,18.38,18.405,18.716637599131452,18.48916666666664,18.649926470588298,18.406929905663905,18.43,18.38,18.405,,,,31.868764841350117,40.861799086028626,31.868764841350117,40.861799086028626,20.87594322478706,20.59617365242871,20.87594322478706,20.59617365242871,96,101,96,101,-1,4,-1,4,-1,4,-1,4,96,101,96,101,-0.1687537284388823,,,,,,,,
2026-08-25T14:00:00+08:00,18.40596495283195,18.47,18.40596495283195,18.442500000000003,18.71390986182666,18.465119047619027,18.63625000000006,18.40596495283195,18.47,18.40596495283195,18.442500000000003,,,,31.160747476905865,39.47593457043966,31.160747476905865,39.47593457043966,21.5536051871525,21.074889419790605,21.5536051871525,21.074889419790605,96,101,96,101,-1,4,-1,4,-1,4,-1,4,96,101,96,101,-0.16256971575185175,,,,,,,,
2026-08-25T14:10:00+08:00,18.424232476415977,18.46,18.39,18.439999999999998,18.711184390564704,18.440357142857117,18.62139705882359,18.424232476415977,18.46,18.39,18.439999999999998,,,,30.4877748310399,38.19191175052541,30.4877748310399,38.19191175052541,22.096270540614828,21.585579980202716,22.096270540614828,21.585579980202716,96,101,96,101,-1,4,-1,4,-1,4,-1,4,96,101,96,101,-0.15809158820000657,,,,,,,,
2026-08-25T14:20:00+08:00,18.43211623820799,18.48,18.43211623820799,18.4625,18.708709919016798,18.415476190476166,18.606397058823593,18.43211623820799,18.48,18.43211623820799,18.4625,,,,30.002623212673683,37.02201338797517,30.002623212673683,37.02201338797517,22.9072769338081,22.246428457005408,22.9072769338081,22.246428457005408,96,101,96,101,-1,4,-1,4,-1,4,-1,4,96,101,96,101,-0.15469300689121507,,,,,,,,
2026-08-25T14:30:00+08:00,18.447308119103994,18.49,18.447308119103994,18.465,18.706284944698222,18.40249999999998,18.59205882352947,18.447308119103994,18.49,18.447308119103994,18.465,,,,29.56765323164419,35.957104794213606,29.56765323164419,35.957104794213606,23.73891778749862,22.992673122252015,23.73891778749862,22.992673122252015,96,101,96,101,-1,4,-1,4,-1,4,-1,4,96,101,96,101,-0.15066528852291503,,,,,,,,
2026-08-25T14:40:00+08:00,18.456154059552,18.46,18.41,18.435,18.703585592014658,18.39499999999998,18.577205882353002,18.456154059552,18.46,18.41,18.435,,,,28.97741713124723,34.96000655664698,28.97741713124723,34.96000655664698,24.095475575907052,23.544074349079533,24.095475575907052,23.544074349079533,96,101,96,101,-1,4,-1,4,-1,4,-1,4,96,101,96,101,-0.15386868564784323,,,,,,,,
2026-08-25T14:50:00+08:00,18.445577029775997,18.445577029775997,18.4,18.42,18.700763844830433,18.39190476190474,18.563161764705942,18.445577029775997,18.445577029775997,18.4,18.42,,,,28.336173050443858,34.01374462718939,28.336173050443858,34.01374462718939,24.205607815595457,23.874841082337497,24.205607815595457,23.874841082337497,96,101,96,101,-1,4,-1,4,-1,4,-1,4,96,101,96,101,-0.16178107981573683,,,,,,,,
2026-08-26T09:30:00+08:00,18.432788514888,18.79,18.432788514888,18.662499999999998,18.700383110056002,18.40345238095236,18.558382352941237,18.432788514888,18.79,18.432788514888,18.662499999999998,,,,29.2469432983935,33.33277300878997,29.2469432983935,33.33277300878997,26.85466242773142,25.364751755034458,26.85466242773142,25.364751755034458,96,101,96,101,-1,4,-1,4,-1,4,-1,4,96,101,96,101,-0.12162027994699678,,,,,,,,
2026-08-26T09:40:00+08:00,18.547644257444,19.06,18.547644257444,18.877499999999998,18.702145467169874,18.4265476190476,18.56088235294124,18.547644257444,19.06,18.547644257444,18.877499999999998,,,,31.42806225534053,33.06067147258291,31.42806225534053,33.06067147258291,31.921405433959297,28.643078594496878,31.921405433959297,28.643078594496878,96,101,96,101,-1,4,-1,4,-1,4,-1,4,96,101,96,101,-0.03652894446548302,,,,,,,,
2026-08-26T09:50:00+08:00,18.712572128721998,19.34,18.712572128721998,19.147499999999997,18.706576855556243,18.460595238095216,18.570220588235355,18.712572128721998,19.34,18.712572128721998,19.147499999999997,,,,35.13040563461743,33.35634778144499,35.13040563461743,33.35634778144499,37.57274318549058,33.10791088999373,37.57274318549058,33.10791088999373,96,101,96,101,-1,4,-1,4,-1,4,-1,4,96,101,96,101,0.07848109564970746,,,,,,,,
2026-08-26T10:00:00+08:00,18.930036064360998,19.49,18.930036064360998,19.35,18.712979075898968,18.507261904761883,18.5861764705883,18.930036064360998,19.49,18.930036064360998,19.35,,,,38.99471732005686,34.16182914410383,38.99471732005686,34.16182914410383,43.41415817816114,38.26103453407744,43.41415817816114,38.26103453407744,96,101,96,101,-1,4,-1,4,-1,4,-1,4,96,101,96,101,0.20192865616172384,,,,,,,,
2026-08-26T10:10:00+08:00,19.1400180321805,19.63,19.1400180321805,19.4875,18.72068575176067,18.563571428571407,18.603676470588294,19.1400180321805,19.63,19.1400180321805,19.4875,,,,42.64539227338614,35.3737667340013,42.64539227338614,35.3737667340013,48.98800078834646,43.624517661211954,48.98800078834646,43.624517661211954,96,101,96,101,-1,4,-1,4,-1,4,-1,4,96,101,96,101,0.2918336742476707,,,,,,,,
2026-08-26T10:20:00+08:00,19.313759016090252,19.57,19.313759016090252,19.5175,18.72861425174315,18.624761904761883,18.617720588235358,19.313759016090252,19.57,19.313759016090252,19.5175,,,,46.18411425385856,36.91810209398091,46.18411425385856,36.91810209398091,54.455028517353554,49.039773089282754,54.455028517353554,49.039773089282754,96,101,96,101,-1,4,-1,4,-1,4,-1,4,96,101,96,101,0.33276771749215084,,,,,,,,
2026-08-26T10:30:00+08:00,19.415629508045125,19.81,19.415629508045125,19.64,18.73768276665118,18.690714285714265,18.63588235294124,19.415629508045125,19.81,19.415629508045125,19.64,,,,49.27854700997625,38.68387993912311,49.27854700997625,38.68387993912311,58.9707281755275,54.00525063240512,58.9707281755275,54.00525063240512,96,101,96,101,-1,4,-1,4,-1,4,-1,4,96,101,96,101,0.350737183924872,,,,,,,,
2026-08-26T10:40:00+08:00,19.527814754022565,19.75,19.527814754022565,19.66,18.74686005255515,18.754642857142834,18.656838235294178,19.527814754022565,19.75,19.527814754022565,19.66,,,,52.24013227645943,40.62048741588544,52.24013227645943,40.62048741588544,63.20176966728661,58.60351014984587,63.20176966728661,58.60351014984587,96,101,96,101,-1,4,-1,4,-1,4,-1,4,96,101,96,101,0.3651026678917887,,,,,,,,
2026-08-26T10:50:00+08:00,19.593907377011284,19.82,19.593907377011284,19.7125,18.75646841024117,18.821547619047596,18.678970588235355,19.593907377011284,19.82,19.593907377011284,19.7125,,,,55.18047339781661,42.700485413304186,55.18047339781661,42.700485413304186,67.28918513816951,62.94634764400769,67.28918513816951,62.94634764400769,96,101,96,101,-1,4,-1,4,-1,4,-1,4,96,101,96,101,0.3854661235892639,,,,,,,,
2026-08-26T11:00:00+08:00,19.65320368850564,19.81,19.65320368850564,19.78,18.766652804169116,18.887499999999978,18.702352941176535,19.65320368850564,19.81,19.65320368850564,19.78,,,,58.2065833172539,44.91564225672557,58.2065833172539,44.91564225672557,71.21966504746042,67.08300634573405,71.21966504746042,67.08300634573405,96,101,96,101,-1,4,-1,4,-1,4,-1,4,96,101,96,101,0.4154116555912891,,,,,,,,
2026-08-26T11:10:00+08:00,19.71660184425282,19.82,19.71660184425282,19.7825,18.776760736465942,18.950119047619026,18.73308823529418,19.71660184425282,19.82,19.71660184425282,19.7825,,,,61.02749783052629,47.21733591012567,61.02749783052629,47.21733591012567,74.83719526154917,70.96010080364161,74.83719526154917,70.96010080364161,96,101,96,101,-1,4,-1,4,-1,4,-1,4,96,101,96,101,0.4317692903832543,,,,,,,,
2026-08-26T11:20:00+08:00,19.74955092212641,19.99,19.74955092212641,19.88,18.787738241575735,19.017619047619025,18.770955882353004,19.74955092212641,19.99,19.74955092212641,19.88,,,,63.37474004898076,49.52553650139068,63.37474004898076,49.52553650139068,77.31934489760219,74.1397228506219,77.31934489760219,74.1397228506219,96,101,96,101,-1,4,-1,4,-1,4,-1,4,96,101,96,101,0.4524182137065531,,,,,,,,
2026-08-26T13:00:00+08:00,19.814775461063206,19.91,19.76,19.835,18.798158756584932,19.08535714285712,18.810661764705944,19.814775461063206,19.91,19.76,19.835,,,,65.37575068040277,51.78985281267813,65.37575068040277,51.78985281267813,79.29717731074348,76.71845008068269,79.29717731074348,76.71845008068269,96,101,96,101,-1,4,-1,4,-1,4,-1,4,96,101,96,101,0.46733145237038665,,,,,0.46733145237038665,,0.46733145237038665,
2026-08-26T13:10:00+08:00,19.824887730531604,19.824887730531604,19.53,19.6675,18.806808918210955,19.146190476190455,18.847352941176535,19.824887730531604,19.824887730531604,19.53,19.6675,,,,66.56914944132639,53.90118090248502,66.56914944132639,53.90118090248502,79.97658922042014,78.34751965055142,79.97658922042014,78.34751965055142,96,101,96,101,-1,4,-1,4,-1,4,-1,4,96,101,96,101,0.4284089838370684,,,,,,,,
2026-08-26T13:20:00+08:00,19.746193865265802,19.746193865265802,19.55,19.647499999999997,18.81517400360189,19.20535714285712,18.88426470588242,19.746193865265802,19.746193865265802,19.55,19.647499999999997,,,,67.59794035424751,55.85786082416537,67.59794035424751,55.85786082416537,80.27737445961662,79.31244705508402,80.27737445961662,79.31244705508402,96,101,96,101,-1,4,-1,4,-1,4,-1,4,96,101,96,101,0.3738818295384183,,,,,,,,
2026-08-26T13:30:00+08:00,19.6968469326329,19.72,19.55,19.627499999999998,18.823256849337195,19.26178571428569,18.919411764705945,19.6968469326329,19.72,19.55,19.627499999999998,,,,68.47388112259492,57.66014943822673,68.47388112259492,57.66014943822673,80.35179228702522,79.83211967105461,80.35179228702522,79.83211967105461,96,101,96,101,-1,4,-1,4,-1,4,-1,4,96,101,96,101,0.34718960880654226,,,,,,,,
2026-08-26T13:40:00+08:00,19.66217346631645,19.66217346631645,19.55,19.57,18.83068712944329,19.315595238095213,18.954705882353007,19.66217346631645,19.66217346631645,19.55,19.57,,,,69.05908009002862,59.28856810276985,69.05908009002862,59.28856810276985,80.08621391686748,79.95916679396105,80.08621391686748,79.95916679396105,96,101,96,101,-1,4,-1,4,-1,4,-1,4,96,101,96,101,0.3222349912722571,,,,,,,,
2026-08-26T13:50:00+08:00,19.616086733158227,19.616086733158227,19.53,19.58,18.838142978901566,19.3688095238095,18.992205882353005,19.616086733158227,19.616086733158227,19.53,19.58,,,,69.64216167089958,60.76765289821695,69.64216167089958,60.76765289821695,79.71226822448396,79.8357175092225,79.71226822448396,79.8357175092225,96,101,96,101,-1,4,-1,4,-1,4,-1,4,96,101,96,101,0.3019058641659146,,,,,,,,
2026-08-26T14:00:00+08:00,19.598043366579113,19.61,19.54,19.575,18.845474889559263,19.421666666666642,19.031691176470655,19.598043366579113,19.61,19.54,19.575,,,,70.16375329758135,62.10995295526901,70.16375329758135,62.10995295526901,79.3352456554302,79.58548158232635,79.3352456554302,79.58548158232635,96,101,96,101,-1,4,-1,4,-1,4,-1,4,96,101,96,101,0.2977836116501281,,,,,,,,
2026-08-26T14:10:00+08:00,19.586521683289554,19.6,19.54,19.56,18.852584592150713,19.475238095238073,19.07007352941183,19.586521683289554,19.6,19.54,19.56,,,,70.58856456997633,63.32118318594148,70.58856456997633,63.32118318594148,78.78398071164989,79.18473114698813,78.78398071164989,79.18473114698813,96,101,96,101,-1,4,-1,4,-1,4,-1,4,96,101,96,101,0.290543015175775,,,,,,,,
2026-08-26T14:20:00+08:00,19.573260841644775,19.573260841644775,19.5,19.537499999999998,18.85939967083578,19.528452380952356,19.105955882353005,19.573260841644775,19.573260841644775,19.5,19.537499999999998,,,,70.89374646577167,64.40297794020293,70.89374646577167,64.40297794020293,78.06949890122857,78.62711502410835,78.06949890122857,78.62711502410835,96,101,96,101,-1,4,-1,4,-1,4,-1,4,96,101,96,101,0.2722416152179112,,,,,,,,
2026-08-26T14:30:00+08:00,19.555380420822388,19.56,19.51,19.53,18.866072310926967,19.56976190476188,19.14191176470595,19.555380420822388,19.56,19.51,19.53,,,,71.14736774996258,65.36646219874002,71.14736774996258,65.36646219874002,77.39634430327558,78.01172966369197,77.39634430327558,78.01172966369197,96,101,96,101,-1,4,-1,4,-1,4,-1,4,96,101,96,101,0.25431913539762563,,,,,,,,
2026-08-26T14:40:00+08:00,19.542690210411195,19.56,19.53,19.544999999999998,18.87282781032073,19.601547619047597,19.17573529411771,19.542690210411195,19.56,19.53,19.544999999999998,,,,71.44239703766367,66.23445289001484,71.44239703766367,66.23445289001484,76.74894012158497,77.38033489263847,76.74894012158497,77.38033489263847,96,101,96,101,-1,4,-1,4,-1,4,-1,4,96,101,96,101,0.24860518475180213,,,,,,,,
2026-08-26T14:50:00+08:00,19.543845105205598,19.59,19.543845105205598,19.5725,18.879789722655847,19.621785714285693,19.208235294117713,19.543845105205598,19.59,19.543845105205598,19.5725,,,,71.82547978894166,67.03317101843295,71.82547978894166,67.03317101843295,76.31865098677513,76.8494929397068,76.31865098677513,76.8494929397068,96,101,96,101,-1,4,-1,4,-1,4,-1,4,96,101,96,101,0.25703973766651583,,,,,,,,
2026-08-27T09:30:00+08:00,19.558172552602798,19.558172552602798,19.19,19.2875,18.88384654133589,19.6188095238095,19.232500000000066,19.558172552602798,19.558172552602798,19.19,19.2875,,,,71.05024710560457,67.60703903088604,71.05024710560457,67.60703903088604,74.28961108426509,75.56955201198595,74.28961108426509,75.56955201198595,96,101,96,101,-1,4,-1,4,-1,4,-1,4,96,101,96,101,0.20012310802501873,,,,,,,,
2026-08-27T09:40:00+08:00,19.4228362763014,19.4228362763014,19.17,19.26,18.88758936182011,19.607976190476165,19.2574264705883,19.4228362763014,19.4228362763014,19.17,19.26,,,,70.22126120123599,67.98049934093603,70.22126120123599,67.98049934093603,71.9407822567119,73.75516713434892,71.9407822567119,73.75516713434892,96,101,96,101,-1,4,-1,4,-1,4,-1,4,96,101,96,101,0.12210556161855468,,,,,,,,
2026-08-27T09:50:00+08:00,19.3414181381507,19.3414181381507,19.16,19.22,18.89089693035921,19.593809523809497,19.28183823529418,19.3414181381507,19.3414181381507,19.16,19.22,,,,69.29275841702072,68.16796492323384,69.29275841702072,68.16796492323384,69.44140923920719,71.59828818677806,69.44140923920719,71.59828818677806,96,101,96,101,-1,4,-1,4,-1,4,-1,4,96,101,96,101,0.09092142179221427,,,,,,,,
2026-08-27T10:00:00+08:00,19.28070906907535,19.32,19.21,19.265,18.894619348962603,19.575952380952355,19.307132352941238,19.28070906907535,19.32,19.21,19.265,,,,68.60914868882084,68.23099117546055,68.60914868882084,68.23099117546055,67.36175982838358,69.48002400758082,67.36175982838358,69.48002400758082,96,101,96,101,-1,4,-1,4,-1,4,-1,4,96,101,96,101,0.0848898731287571,,,,,,,,
2026-08-27T10:10:00+08:00,19.272854534537675,19.38,19.272854534537675,19.3275,18.89892661912218,19.560119047619022,19.33316176470595,19.272854534537675,19.38,19.272854534537675,19.3275,,,,68.22238409993682,68.22976159324287,68.22238409993682,68.22976159324287,66.00777461910619,67.7438993133435,66.00777461910619,67.7438993133435,96,101,96,101,-1,4,-1,4,-1,4,-1,4,96,101,96,101,0.09632550794933714,,,,,,,,
2026-08-27T10:20:00+08:00,19.300177267268836,19.42,19.27,19.32,18.903116404006536,19.541428571428543,19.359044117647127,19.300177267268836,19.42,19.27,19.32,,,,67.83348364835403,68.17315045825875,67.83348364835403,68.17315045825875,64.89826731461363,66.32108331397856,64.89826731461363,66.32108331397856,96,101,96,101,-1,4,-1,4,-1,4,-1,4,96,101,96,101,0.1073797013605593,,,,,,,,
2026-08-27T10:30:00+08:00,19.310088633634418,19.310088633634418,19.18,19.259999999999998,18.906667484563684,19.51666666666664,19.382500000000068,19.310088633634418,19.310088633634418,19.18,19.259999999999998,,,,67.23426656236049,68.03902418741613,67.23426656236049,68.03902418741613,63.39020804373681,64.85564567885768,63.39020804373681,64.85564567885768,96,101,96,101,-1,4,-1,4,-1,4,-1,4,96,101,96,101,0.09342965924848193,,,,,,,,
2026-08-27T10:40:00+08:00,19.285044316817206,19.41,19.25,19.3375,18.91095437526454,19.495476190476165,19.408161764705948,19.285044316817206,19.41,19.25,19.3375,,,,66.98539037933475,67.88850507197593,66.98539037933475,67.88850507197593,62.636430464833175,63.74603807184543,62.636430464833175,63.74603807184543,96,101,96,101,-1,4,-1,4,-1,4,-1,4,96,101,96,101,0.08195332880968927,,,,,,,,
2026-08-27T10:50:00+08:00,19.311272158408602,19.42,19.311272158408602,19.3875,18.915696122774346,19.472023809523783,19.4361764705883,19.311272158408602,19.42,19.311272158408602,19.3875,,,,66.95270376493782,67.75481917097048,66.95270376493782,67.75481917097048,62.34523207285291,63.04563507234917,62.34523207285291,63.04563507234917,96,101,96,101,-1,4,-1,4,-1,4,-1,4,96,101,96,101,0.08919032248235052,,,,,,,,
2026-08-27T11:00:00+08:00,19.3493860792043,19.42,19.3493860792043,19.3825,18.92034093747311,19.450476190476166,19.46448529411771,19.3493860792043,19.42,19.3493860792043,19.3825,,,,66.90251063887084,67.63306080924197,66.90251063887084,67.63306080924197,62.0986264510046,62.57213076167689,62.0986264510046,62.57213076167689,96,101,96,101,-1,4,-1,4,-1,4,-1,4,96,101,96,101,0.09124806509622307,,,,,,,,
2026-08-27T11:10:00+08:00,19.36594303960215,19.49,19.36594303960215,19.43,18.925412171926116,19.43916666666664,19.487058823529477,19.36594303960215,19.49,19.36594303960215,19.43,,,,67.04439479958641,67.54896566500547,67.04439479958641,67.54896566500547,61.831700561518446,62.20191566159767,61.831700561518446,62.20191566159767,96,101,96,101,-1,4,-1,4,-1,4,-1,4,96,101,96,101,0.08907726217444446,,,,,,,,
2026-08-27T11:20:00+08:00,19.397971519801075,19.52,19.397971519801075,19.4725,18.93085583190695,19.430833333333307,19.504558823529475,19.397971519801075,19.52,19.397971519801075,19.4725,,,,67.34479517104452,67.51979845158247,67.34479517104452,67.51979845158247,61.26986959981861,61.735892630708136,61.26986959981861,61.735892630708136,96,101,96,101,-1,4,-1,4,-1,4,-1,4,96,101,96,101,0.09381622796289993,,,,,0.09381622796289993,,0.09381622796289993,
2026-08-27T13:00:00+08:00,19.435235759900536,19.46,19.32,19.4075,18.935598559947678,19.420357142857117,19.512205882353005,19.435235759900536,19.46,19.32,19.4075,,,,67.36580186517627,67.49779893923873,67.36580186517627,67.49779893923873,58.93249312716047,60.3341928789343,58.93249312716047,60.3341928789343,96,101,96,101,-1,4,-1,4,-1,4,-1,4,96,101,96,101,0.08039203702040502,,,,,,,,
2026-08-27T13:10:00+08:00,19.421367879950267,19.61,19.39,19.490000000000002,18.941114992187003,19.41654761904759,19.51632352941183,19.421367879950267,19.61,19.39,19.490000000000002,,,,67.7126890335367,67.52849752413844,67.7126890335367,67.52849752413844,56.23226742422293,58.28323015157862,56.23226742422293,58.28323015157862,96,101,96,101,-1,4,-1,4,-1,4,-1,4,96,101,96,101,0.0726494818160586,,,,,,,,
2026-08-27T13:20:00+08:00,19.455683939975135,19.61,19.455683939975135,19.5625,18.947297927588128,19.41571428571426,19.518529411764774,19.455683939975135,19.61,19.455683939975135,19.5625,,,,68.32249695971267,67.64192601493475,68.32249695971267,67.64192601493475,54.554913833327994,56.41907199245331,54.554913833327994,56.41907199245331,96,101,96,101,-1,4,-1,4,-1,4,-1,4,96,101,96,101,0.08927533505347787,,,,,,,,
2026-08-27T13:30:00+08:00,19.509091969987566,19.55,19.44,19.512500000000003,18.952921828806158,19.41273809523807,19.518382352941245,19.509091969987566,19.55,19.44,19.512500000000003,,,,68.69033447846336,67.79169865258169,68.69033447846336,67.79169865258169,52.696266831277946,54.55766941186563,52.696266831277946,54.55766941186563,96,101,96,101,-1,4,-1,4,-1,4,-1,4,96,101,96,101,0.08742381081236517,,,,,,,,
2026-08-27T13:40:00+08:00,19.510795984993784,19.59,19.48,19.535,18.958713651405102,19.411547619047592,19.515294117647123,19.510795984993784,19.59,19.48,19.535,,,,69.12118360301757,67.98162507407253,69.12118360301757,67.98162507407253,51.53929922885368,53.048484320359655,51.53929922885368,53.048484320359655,96,101,96,101,-1,4,-1,4,-1,4,-1,4,96,101,96,101,0.07174837681080033,,,,,,,,
2026-08-27T13:50:00+08:00,19.522897992496894,19.56,19.43,19.5125,18.96422396333142,19.41035714285712,19.510955882353006,19.522897992496894,19.56,19.43,19.5125,,,,69.43197207581791,68.18881750289329,69.43197207581791,68.18881750289329,50.158979347612565,51.60373183398611,50.158979347612565,51.60373183398611,96,101,96,101,-1,4,-1,4,-1,4,-1,4,96,101,96,101,0.05830457548095132,,,,,,,,
2026-08-27T14:00:00+08:00,19.51769899624845,19.54,19.49,19.507499999999997,18.969629695039565,19.40928571428569,19.5049264705883,19.51769899624845,19.54,19.49,19.507499999999997,,,,69.70072010214837,68.40480358850115,69.70072010214837,68.40480358850115,49.0612215277245,50.33247668085531,49.0612215277245,50.33247668085531,96,101,96,101,-1,4,-1,4,-1,4,-1,4,96,101,96,101,0.04527289240242893,,,,,,,,
2026-08-27T14:10:00+08:00,19.512599498124224,19.512599498124224,19.46,19.485,18.97475775777549,19.40642857142855,19.496250000000064,19.512599498124224,19.512599498124224,19.46,19.485,,,,69.86098612659809,68.61282966537215,69.86098612659809,68.61282966537215,47.75023461842286,49.04135564963909,47.75023461842286,49.04135564963909,96,101,96,101,-1,4,-1,4,-1,4,-1,4,96,101,96,101,0.030594857527130044,,,,,,,,
2026-08-27T14:20:00+08:00,19.498799749062112,19.52,19.48,19.5,18.979984048742896,19.402976190476167,19.487941176470652,19.498799749062112,19.52,19.48,19.5,,,,70.05846556927126,68.81934908021488,70.05846556927126,68.81934908021488,46.776620203268166,47.90898792645363,46.776620203268166,47.90898792645363,96,101,96,101,-1,4,-1,4,-1,4,-1,4,96,101,96,101,0.01604966148084736,,,,,,,,
2026-08-27T14:30:00+08:00,19.499399874531058,19.53,19.49,19.5075,18.985232963680776,19.41345238095236,19.476985294117714,19.499399874531058,19.53,19.49,19.5075,,,,70.18812026751154,69.01488782125726,70.18812026751154,69.01488782125726,46.70148350577676,47.30523571611519,46.70148350577676,47.30523571611519,96,101,96,101,-1,4,-1,4,-1,4,-1,4,96,101,96,101,0.00183348173370946,,,,,,,,
2026-08-27T14:40:00+08:00,19.50344993726553,19.53,19.5,19.5125,18.990479401853108,19.425476190476168,19.46750000000006,19.50344993726553,19.53,19.5,19.5125,,,,70.31123772739518,69.20008066499125,70.31123772739518,69.20008066499125,47.5862204912446,47.4457281036799,47.5862204912446,47.4457281036799,96,101,96,101,-1,4,-1,4,-1,4,-1,4,96,101,96,101,-0.013096757269075566,,,,,,,,
2026-08-27T14:50:00+08:00,19.507974968632766,19.53,19.5,19.512500000000003,18.99567363666054,19.43940476190474,19.46294117647065,19.507974968632766,19.53,19.5,19.512500000000003,,,,70.42556108300143,69.37514929613556,70.42556108300143,69.37514929613556,49.38103111762883,48.41337961065436,49.38103111762883,48.41337961065436,96,101,96,101,-1,4,-1,4,-1,4,-1,4,96,101,96,101,-0.024166584496592754,,,,,,,,
2026-08-28T09:30:00+08:00,19.510237484316384,19.53,19.31,19.4125,18.99982116266392,19.446428571428548,19.45602941176477,19.510237484316384,19.53,19.31,19.4125,,,,70.02526153189426,69.46802247267252,70.02526153189426,69.46802247267252,49.343115877949224,48.87824774430179,49.343115877949224,48.87824774430179,96,101,96,101,-1,4,-1,4,-1,4,-1,4,96,101,96,101,-0.056231631308572914,,,,,,,,
2026-08-28T09:40:00+08:00,19.461368742158193,19.461368742158193,19.22,19.2725,19.002534384925973,19.443809523809502,19.44558823529418,19.461368742158193,19.461368742158193,19.22,19.2725,,,,69.00273403270252,69.40155269553394,69.00273403270252,69.40155269553394,47.34492933084137,48.11158853757158,47.34492933084137,48.11158853757158,96,101,96,101,-1,4,-1,4,-1,4,-1,4,96,101,96,101,-0.1220175328582743,,,,,,,,
2026-08-28T09:50:00+08:00,19.366934371079097,19.366934371079097,19.12,19.195,19.004449465672977,19.43785714285712,19.43455882352948,19.366934371079097,19.366934371079097,19.12,19.195,,,,67.71153345364705,69.16012137526438,67.71153345364705,69.16012137526438,44.289640875639364,46.20061470660547,44.289640875639364,46.20061470660547,96,101,96,101,-1,4,-1,4,-1,4,-1,4,96,101,96,101,-0.18693787879020696,,,,,,,,
2026-08-28T10:00:00+08:00,19.28096718553955,19.28096718553955,19.15,19.2075,19.006469868999613,19.43535714285712,19.423602941176537,19.28096718553955,19.28096718553955,19.15,19.2075,,,,66.56767612582924,68.7897720539165,66.56767612582924,68.7897720539165,41.03505294342901,43.61783382501724,41.03505294342901,43.61783382501724,96,101,96,101,-1,4,-1,4,-1,4,-1,4,96,101,96,101,-0.2192974131557983,,,,,,,,
2026-08-28T10:10:00+08:00,19.244233592769774,19.26,19.2,19.2275,19.008669173785687,19.430119047619023,19.41338235294124,19.244233592769774,19.26,19.2,19.2275,,,,65.57282437061251,68.33020809915878,65.57282437061251,68.33020809915878,38.433739798564694,41.025786811790965,38.433739798564694,41.025786811790965,96,101,96,101,-1,4,-1,4,-1,4,-1,4,96,101,96,101,-0.22272176520012382,-0.22272176520012382,,-0.22272176520012382,,,,,
2026-08-28T10:20:00+08:00,19.235866796384887,19.42,19.235866796384887,19.33,19.011866495439563,19.427380952380933,19.406617647058887,19.235866796384887,19.42,19.235866796384887,19.33,,,,65.08547977271161,67.8666754810949,65.08547977271161,67.8666754810949,38.492672554861606,39.75922968332628,38.492672554861606,39.75922968332628,96,101,96,101,-1,4,-1,4,-1,4,-1,4,96,101,96,101,-0.19951906589387636,,,,,,,,
2026-08-28T10:30:00+08:00,19.28293339819244,19.72,19.28293339819244,19.560000000000002,19.017320560161558,19.435833333333314,19.40727941176477,19.28293339819244,19.72,19.28293339819244,19.560000000000002,,,,65.65973121751793,67.55139772915534,65.65973121751793,67.55139772915534,41.59308502980939,40.676157356567835,41.59308502980939,40.676157356567835,96,101,96,101,-1,4,-1,4,-1,4,-1,4,96,101,96,101,-0.1258182217509711,,,,,,,,
2026-08-28T10:40:00+08:00,19.42146669909622,19.67,19.38,19.54,19.02252135060771,19.44107142857141,19.407573529411827,19.42146669909622,19.67,19.38,19.54,,,,66.09104421680573,67.34277579881969,66.09104421680573,67.34277579881969,44.94391430696144,42.81003583176464,44.94391430696144,42.81003583176464,96,101,96,101,-1,4,-1,4,-1,4,-1,4,96,101,96,101,-0.06106648468019452,,,,,,,,
2026-08-28T10:50:00+08:00,19.48073334954811,19.49,19.37,19.4325,19.026600740153903,19.439166666666647,19.40426470588241,19.48073334954811,19.49,19.37,19.4325,,,,66.00862012405096,67.15218213099558,66.00862012405096,67.15218213099558,46.16970440381515,44.48987011778989,46.16970440381515,44.48987011778989,96,101,96,101,-1,4,-1,4,-1,4,-1,4,96,101,96,101,-0.06812537179177719,,,,,,,,
2026-08-28T11:00:00+08:00,19.456616674774054,19.57,19.43,19.475,19.031062424331477,19.442380952380933,19.40139705882359,19.456616674774054,19.57,19.43,19.475,,,,66.12300889326745,67.0051573827487,66.12300889326745,67.0051573827487,48.17696889267042,46.333419505230154,48.17696889267042,46.333419505230154,96,101,96,101,-1,4,-1,4,-1,4,-1,4,96,101,96,101,-0.0803007430719797,,,,,,,,
2026-08-28T11:10:00+08:00,19.465808337387028,19.54,19.46,19.4975,19.035703594238626,19.442738095238074,19.407573529411827,19.465808337387028,19.54,19.46,19.4975,,,,66.33030520322724,66.90874992853135,66.33030520322724,66.90874992853135,50.15553684794151,48.24447817658583,50.15553684794151,48.24447817658583,96,101,96,101,-1,4,-1,4,-1,4,-1,4,96,101,96,101,-0.06885967650377733,,,,,,,,
2026-08-28T11:20:00+08:00,19.481654168693513,19.64,19.481654168693513,19.5725,19.041044852007396,19.443214285714266,19.416764705882414,19.481654168693513,19.64,19.481654168693513,19.5725,,,,66.82023019047283,66.89610425166585,66.82023019047283,66.89610425166585,53.220499857221434,50.73248901690363,53.220499857221434,50.73248901690363,96,101,96,101,-1,4,-1,4,-1,4,-1,4,96,101,96,101,-0.044565010184969035,,,,,,,,
2026-08-28T13:00:00+08:00,19.527077084346757,19.63,19.43,19.5375,19.04598470422623,19.44440476190474,19.426102941176534,19.527077084346757,19.63,19.43,19.5375,,,,66.94933602182412,66.90370879025988,66.94933602182412,66.90370879025988,55.43698599355525,53.08473750522944,55.43698599355525,53.08473750522944,96,101,96,101,-1,4,-1,4,-1,4,-1,4,96,101,96,101,-0.02763572429047178,,,,,-0.02763572429047178,-0.02763572429047178,-0.02763572429047178,
2026-08-28T13:10:00+08:00,19.53228854217338,19.53228854217338,19.4,19.4725,19.05022863751751,19.441428571428553,19.432205882353003,19.53228854217338,19.53228854217338,19.4,19.4725,,,,66.41644819508188,66.83410013380589,66.41644819508188,66.83410013380589,56.134450300889,54.60959390305922,56.134450300889,54.60959390305922,96,101,96,101,-1,4,-1,4,-1,4,-1,4,96,101,96,101,-0.044078570247933144,,,,,,,,
2026-08-28T13:20:00+08:00,19.50239427108669,19.56,19.46,19.51,19.054803476945196,19.441309523809505,19.437573529411825,19.50239427108669,19.56,19.46,19.51,,,,65.58066192517009,66.65503753257221,65.58066192517009,66.65503753257221,57.364739644031935,55.98716677354558,57.364739644031935,55.98716677354558,96,101,96,101,-1,4,-1,4,-1,4,-1,4,96,101,96,101,-0.051258849509183496,,,,,,,,
2026-08-28T13:30:00+08:00,19.506197135543346,19.506197135543346,19.4,19.445,19.0586860294134,19.438333333333315,19.44125000000006,19.506197135543346,19.506197135543346,19.4,19.445,,,,63.56463763330654,66.21355183267711,63.56463763330654,66.21355183267711,57.276416223868694,56.63179149870714,57.276416223868694,56.63179149870714,96,101,96,101,-1,4,-1,4,-1,4,-1,4,96,101,96,101,-0.04846555949498488,,,,,,,,
2026-08-28T13:40:00+08:00,19.475598567771673,19.49,19.4,19.447499999999998,19.06255482514063,19.4365476190476,19.446764705882416,19.475598567771673,19.49,19.4,19.447499999999998,,,,61.71314052813602,65.57063593202838,61.71314052813602,65.57063593202838,57.001683276514406,56.81673738761077,57.001683276514406,56.81673738761077,96,101,96,101,-1,4,-1,4,-1,4,-1,4,96,101,96,101,-0.05204828060324977,-0.05204828060324977,,-0.05204828060324977,,,,,
2026-08-28T13:50:00+08:00,19.461549283885837,19.51,19.46,19.4775,19.066683632850673,19.435476190476173,19.450882352941242,19.461549283885837,19.51,19.46,19.4775,,,,60.24019863491119,64.80914488958307,60.24019863491119,64.80914488958307,57.365963207897316,57.09135029775405,57.365963207897316,57.09135029775405,96,101,96,101,-1,4,-1,4,-1,4,-1,4,96,101,96,101,-0.045544745593644145,,,,,,,,
2026-08-28T14:00:00+08:00,19.469524641942918,19.469524641942918,19.42,19.4375,19.070373347946685,19.43214285714284,19.452352941176535,19.469524641942918,19.469524641942918,19.42,19.4375,13.98348713441866,86.01651286558135,-0.7203302573116268,58.54405965195776,63.91413271277945,58.54405965195776,63.91413271277945,56.95201267289219,57.021681485323114,56.95201267289219,57.021681485323114,96,101,96,101,-1,4,-1,4,-1,4,-1,4,96,101,96,101,-0.04286989949558377,,,,,,,,
2026-08-28T14:10:00+08:00,19.45351232097146,19.49,19.44,19.46,19.074250230056666,19.429642857142838,19.454632352941243,19.45351232097146,19.49,19.44,19.46,12.683962725860031,87.31603727413997,-0.7463207454827994,57.15380251754042,62.948371256316726,57.15380251754042,62.948371256316726,56.927974295676435,56.974827890499775,56.927974295676435,56.974827890499775,96,101,96,101,-1,4,-1,4,-1,4,-1,4,96,101,96,101,-0.042319513451323135,,,,,,,,
2026-08-28T14:20:00+08:00,19.45675616048573,19.5,19.45,19.4775,19.07826266557849,19.42797619047617,19.45602941176477,19.45675616048573,19.5,19.45,19.4775,12.073075010586598,87.92692498941341,-0.758538499788268,56.006527625072415,61.95667930899611,56.006527625072415,61.95667930899611,57.184721589083296,57.07977473979153,57.184721589083296,57.07977473979153,96,101,96,101,-1,4,-1,4,-1,4,-1,4,96,101,96,101,-0.03514667216829375,,,,,,,,
2026-08-28T14:30:00+08:00,19.467128080242865,19.51,19.467128080242865,19.5,19.082459056965767,19.43214285714284,19.45683823529418,19.467128080242865,19.51,19.467128080242865,19.5,11.371012290531308,88.6289877094687,-0.7725797541893739,55.12593000324869,60.98085797960362,55.12593000324869,60.98085797960362,57.79764784057491,57.43871129018322,57.79764784057491,57.43871129018322,96,101,96,101,-1,4,-1,4,-1,4,-1,4,96,101,96,101,-0.022906446321024263,,,,,,,,
2026-08-28T14:40:00+08:00,19.483564040121433,19.51,19.45,19.4875,19.08648931510541,19.442380952380933,19.459191176470654,19.483564040121433,19.51,19.45,19.4875,11.636857932027478,88.36314206797252,-0.7672628413594504,54.20560495375556,60.012964690196746,54.20560495375556,60.012964690196746,58.200669768690084,57.819690529436656,58.200669768690084,57.819690529436656,96,101,96,101,-1,4,-1,4,-1,4,-1,4,96,101,96,101,-0.008252250117217967,,,,,,,,
2026-08-28T14:50:00+08:00,19.485532020060717,19.52,19.46,19.49,19.090504346795903,19.456428571428553,19.459191176470654,19.485532020060717,19.52,19.46,19.49,11.054509681965147,88.94549031803484,-0.7789098063606971,53.67916481691405,59.10813613687065,53.67916481691405,59.10813613687065,58.6745360877378,58.24711330858723,58.6745360877378,58.24711330858723,96,101,96,101,-1,4,-1,4,-1,4,-1,4,96,101,96,101,0.003264830098178952,,,,,0.003264830098178952,,0.003264830098178952,
2026-08-31T09:30:00+08:00,19.487766010030356,19.487766010030356,18.48,18.765,19.087265497574055,19.43535714285712,19.435735294117713,19.487766010030356,19.487766010030356,18.48,18.765,72.1291983252155,27.870801674784502,0.44258396650431,51.3586073269495,58.0010605925962,51.3586073269495,58.0010605925962,56.249906554606405,57.248509931596814,56.249906554606405,57.248509931596814,96,101,96,101,-1,4,-1,4,-1,4,-1,4,96,101,96,101,-0.12893995758345433,,,,,,,,
2026-08-31T09:40:00+08:00,19.126383005015178,19.126383005015178,18.65,18.7475,19.083884746354414,19.412499999999984,19.41323529411771,19.126383005015178,19.126383005015178,18.65,18.7475,75.77002970713386,24.229970292866142,0.5154005941426771,49.199157285593635,56.74364583445298,49.199157285593635,56.74364583445298,52.81735310678328,55.03293151919004,52.81735310678328,55.03293151919004,96,101,96,101,-1,4,-1,4,-1,4,-1,4,96,101,96,101,-0.27908681804537866,,,,,,,,
2026-08-31T09:50:00+08:00,18.936941502507587,18.936941502507587,18.56,18.6875,19.07994061952502,19.381904761904742,19.388308823529478,18.936941502507587,18.936941502507587,18.56,18.6875,87.83851235792798,12.161487642072021,0.7567702471585596,46.880208262889944,55.33458332422968,46.880208262889944,55.33458332422968,48.51829115377543,51.77561133648274,48.51829115377543,51.77561133648274,96,101,96,101,-1,4,-1,4,-1,4,-1,4,96,101,96,101,-0.3236539690659682,-0.3236539690659682,,-0.3236539690659682,,,,,
2026-08-31T10:00:00+08:00,18.812220751253793,18.83,18.66,18.754999999999995,19.076707379529743,19.343571428571412,19.36602941176477,18.812220751253793,18.83,18.66,18.754999999999995,84.59538146189014,15.404618538109865,0.6919076292378027,45.115723340886255,53.874746183752045,45.115723340886255,53.874746183752045,44.84107156787611,48.30834145217942,44.84107156787611,48.30834145217942,96,101,96,101,-1,4,-1,4,-1,4,-1,4,96,101,96,101,-0.3235522595649234,,,,,,,,
2026-08-31T10:10:00+08:00,18.783610375626893,18.82,18.65,18.735,19.073307306101587,19.305238095238078,19.34330882352948,18.783610375626893,18.82,18.65,18.735,85.36324497687333,14.636755023126668,0.7072648995374666,43.36206568289668,52.37293468362985,43.36206568289668,52.37293468362985,41.48499769326451,44.89666957272196,41.48499769326451,44.89666957272196,96,101,96,101,-1,4,-1,4,-1,4,-1,4,96,101,96,101,-0.31702990557486177,,,,,,,,
2026-08-31T10:20:00+08:00,18.759305187813446,18.759305187813446,18.68,18.7075,19.069667432409034,19.270714285714266,19.32044117647066,18.759305187813446,18.759305187813446,18.68,18.7075,85.10656120980302,14.893438790196978,0.7021312241960604,41.57525914794322,50.830409607103185,41.57525914794322,50.830409607103185,38.35490672239933,41.62578814756064,38.35490672239933,41.62578814756064,96,101,96,101,-1,4,-1,4,-1,4,-1,4,96,101,96,101,-0.3209747144312747,,,,,,,,
2026-08-31T10:30:00+08:00,18.733402593906725,18.733402593906725,18.63,18.685,19.065839895768146,19.233095238095217,19.296470588235362,18.733402593906725,18.733402593906725,18.63,18.685,88.06476456023827,11.935235439761726,0.7612952912047655,39.786473356269845,49.252704428412706,39.786473356269845,49.252704428412706,35.33371080310136,38.479749475331005,35.33371080310136,38.479749475331005,96,101,96,101,-1,4,-1,4,-1,4,-1,4,96,101,96,101,-0.3232754419301166,,,,,,,,
2026-08-31T10:40:00+08:00,18.70920129695336,18.70920129695336,18.62,18.65,19.061702185362492,19.192738095238077,19.271250000000066,18.70920129695336,18.70920129695336,18.62,18.65,88.92840375771141,11.071596242288589,0.7785680751542282,37.92384507506163,47.63429594936256,37.92384507506163,47.63429594936256,32.44825578954017,35.46400263243559,32.44825578954017,35.46400263243559,96,101,96,101,-1,4,-1,4,-1,4,-1,4,96,101,96,101,-0.3232961849916145,,,,,,,,
2026-08-31T10:50:00+08:00,18.67960064847668,18.67960064847668,18.6,18.6425,19.057531019338985,19.148452380952364,19.245661764705947,18.67960064847668,18.67960064847668,18.6,18.6425,90.24622900374317,9.753770996256838,0.8049245800748632,36.151058906105604,45.99383351461157,36.151058906105604,45.99383351461157,29.757954955443076,32.61097879393933,29.757954955443076,32.61097879393933,96,101,96,101,-1,4,-1,4,-1,4,-1,4,96,101,96,101,-0.3230437900174819,,,,,,,,
2026-08-31T11:00:00+08:00,18.66105032423834,18.74,18.66,18.7,19.0539734967585,19.108571428571413,19.22176470588242,18.66105032423834,18.74,18.66,18.7,86.49937042340437,13.500629576595635,0.7299874084680873,34.836121518803125,44.39987465806751,34.836121518803125,44.39987465806751,27.951634948532593,30.281306871235962,27.951634948532593,30.281306871235962,96,101,96,101,-1,4,-1,4,-1,4,-1,4,96,101,96,101,-0.30948412769697076,,,,,,,,
2026-08-31T11:10:00+08:00,18.680525162119167,18.78,18.680525162119167,18.752499999999998,19.050973760472345,19.074285714285697,19.20235294117654,18.680525162119167,18.78,18.680525162119167,18.752499999999998,84.62986871657989,15.370131283420108,0.6925973743315978,33.91752758543238,42.902396504833916,33.91752758543238,42.902396504833916,26.829627938001057,28.55546740461851,26.829627938001057,28.55546740461851,96,101,96,101,-1,4,-1,4,-1,4,-1,4,96,101,96,101,-0.28455763833577785,,,,,,,,
2026-08-31T11:20:00+08:00,18.716512581059582,18.82,18.716512581059582,18.7725,19.048202877283565,19.03916666666665,19.1876470588236,18.716512581059582,18.82,18.716512581059582,18.7725,81.7105420534088,18.28945794659121,0.6342108410681758,33.17975487771717,41.5134477009601,33.17975487771717,41.5134477009601,26.218080080773156,27.386773742695834,26.218080080773156,27.386773742695834,96,101,96,101,-1,4,-1,4,-1,4,-1,4,96,101,96,101,-0.26288266960328327,,,,,,,,
2026-08-31T13:00:00+08:00,18.74450629052979,18.83,18.74450629052979,18.79,19.04563369442502,19.00797619047617,19.175735294117715,18.74450629052979,18.83,18.74450629052979,18.79,79.85185399904297,20.148146000957023,0.5970370799808595,32.59548667216594,40.23945326827522,32.59548667216594,40.23945326827522,25.92658610854188,26.656679925618857,25.92658610854188,26.656679925618857,96,101,96,101,-1,4,-1,4,-1,4,-1,4,96,101,96,101,-0.24806252295864006,,,,,,,,
2026-08-31T13:10:00+08:00,18.767253145264895,18.93,18.767253145264895,18.8625,19.043811468609846,18.98011904761903,19.165588235294184,18.767253145264895,18.93,18.767253145264895,18.8625,75.91130804573372,24.088691954266285,0.5182261609146743,32.47057863797898,39.12961403537576,32.47057863797898,39.12961403537576,26.346074476745137,26.501377201181995,26.346074476745137,26.501377201181995,96,101,96,101,-1,4,-1,4,-1,4,-1,4,96,101,96,101,-0.2314389225416968,,,,,,,,
2026-08-31T13:20:00+08:00,18.81487657263245,18.97,18.81487657263245,18.9175,19.042554638076414,18.953452380952363,19.15647058823536,18.81487657263245,18.97,18.81487657263245,18.9175,76.36135645970245,23.638643540297544,0.5272271291940491,32.67141288273164,38.207013870712316,32.67141288273164,38.207013870712316,27.27072085394951,26.886049027565754,27.27072085394951,26.886049027565754,96,101,96,101,-1,4,-1,4,-1,4,-1,4,96,101,96,101,-0.21397468830285707,,,,,,,,
2026-08-31T13:30:00+08:00,18.866188286316223,18.98,18.866188286316223,18.9375,19.04150931829456,18.92964285714284,19.144926470588302,18.866188286316223,18.98,18.866188286316223,18.9375,73.64321478312924,26.356785216870758,0.4728642956625848,32.97310919755956,37.459313203119066,32.97310919755956,37.459313203119066,28.414941774888653,27.650495401227204,28.414941774888653,27.650495401227204,96,101,96,101,-1,4,-1,4,-1,4,-1,4,96,101,96,101,-0.19682583385914887,,,,,,,,
2026-08-31T13:40:00+08:00,18.90184414315811,19.01,18.90184414315811,18.975,19.04084753403292,18.9065476190476,19.127720588235363,18.90184414315811,19.01,18.90184414315811,18.975,70.00311704451437,29.99688295548564,0.40006234089028725,33.46926960049886,36.88930697417332,33.46926960049886,36.88930697417332,30.03078631440934,28.840640857818272,30.03078631440934,28.840640857818272,96,101,96,101,-1,4,-1,4,-1,4,-1,4,96,101,96,101,-0.17797243495417248,,,,,,,,
2026-08-31T13:50:00+08:00,18.938422071579055,19,18.93,18.9725,19.04016745906742,18.882499999999983,19.111029411764775,18.938422071579055,19,18.93,18.9725,72.59666524398621,27.403334756013788,0.4519333048797242,33.915589052997795,36.464490128291104,33.915589052997795,36.464490128291104,31.68506332264408,30.262852090231178,31.68506332264408,30.262852090231178,96,101,96,101,-1,4,-1,4,-1,4,-1,4,96,101,96,101,-0.1693346959762732,,,,,,,,
2026-08-31T14:00:00+08:00,18.955461035789526,19.01,18.91,18.962500000000002,19.039394648529434,18.856904761904747,19.097205882353006,18.955461035789526,19.01,18.91,18.962500000000002,75.06419070364129,24.935809296358713,0.5012838140728257,34.27242485796801,36.151337946816376,34.27242485796801,36.151337946816376,33.07109131051643,31.666971700373804,33.07109131051643,31.666971700373804,96,101,96,101,-1,4,-1,4,-1,4,-1,4,96,101,96,101,-0.16905292441458425,,,,,,,,
2026-08-31T14:10:00+08:00,18.958980517894766,19,18.95,18.9725,19.038729030136107,18.832380952380937,19.082426470588302,18.958980517894766,19,18.95,18.9725,72.7518937625426,27.248106237457403,0.455037875250852,34.66137607779057,35.938486251241265,34.66137607779057,35.938486251241265,34.390936684616975,33.02895419249539,34.390936684616975,33.02895419249539,96,101,96,101,-1,4,-1,4,-1,4,-1,4,96,101,96,101,-0.17138890870680018,,,,,,,,
2026-08-31T14:20:00+08:00,18.965740258947385,19.04,18.965740258947385,19.0075,19.038418293517836,18.809404761904748,19.068014705882423,18.965740258947385,19.04,18.965740258947385,19.0075,69.94711288184307,30.052887118156935,0.39894225763686125,35.224157970851614,35.836439354042746,35.224157970851614,35.836439354042746,35.84858739936323,34.438770795929315,35.84858739936323,34.438770795929315,96,101,96,101,-1,4,-1,4,-1,4,-1,4,96,101,96,101,-0.1654425943888877,,,,,,,,
2026-08-31T14:30:00+08:00,18.986620129473692,19.08,18.986620129473692,19.027499999999996,19.03830965378134,18.821904761904747,19.051985294117713,18.986620129473692,19.08,18.986620129473692,19.027499999999996,67.3072681734203,32.6927318265797,0.346145363468406,35.861948530537305,35.840083522113396,35.861948530537305,35.840083522113396,37.4559078552241,35.947339325576706,37.4559078552241,35.947339325576706,96,101,96,101,-1,4,-1,4,-1,4,-1,4,96,101,96,101,-0.15338567478919052,,,,,,,,
2026-08-31T14:40:00+08:00,19.007060064736844,19.09,19.007060064736844,19.057499999999997,19.038500602499933,18.836666666666652,19.037867647058892,19.007060064736844,19.09,19.007060064736844,19.057499999999997,66.08291684177645,33.917083158223555,0.3216583368355289,36.62699368158186,35.95249925918032,36.62699368158186,35.95249925918032,39.5630536364188,37.75519648099775,39.5630536364188,37.75519648099775,96,101,96,101,-1,4,-1,4,-1,4,-1,4,96,101,96,101,-0.13830600280671132,,,,,,,,
2026-08-31T14:50:00+08:00,19.03228003236842,19.07,19.01,19.05,19.038615024365605,18.853928571428554,19.025441176470654,19.03228003236842,19.07,19.01,19.05,66.87725337330684,33.12274662669316,0.3375450674661369,37.294189985432006,36.14416936293056,37.294189985432006,36.14416936293056,41.35108309674106,39.5531397888694,41.35108309674106,39.5531397888694,96,101,96,101,-1,4,-1,4,-1,4,-1,4,96,101,96,101,-0.1299651335937036,,,,,,,,
2026-09-01T09:30:00+08:00,19.041140016184208,19.4,19.041140016184208,19.2275,19.04049447685948,18.876428571428555,19.017132352941243,19.041140016184208,19.4,19.041140016184208,19.2275,43.34520988818424,56.65479011181576,-0.13309580223631517,38.93619484822373,36.54303014654387,38.93619484822373,36.54303014654387,45.161587798218775,42.35736379354409,45.161587798218775,42.35736379354409,96,101,96,101,-1,4,-1,4,-1,4,-1,4,96,101,96,101,-0.09281421613322395,,,,,,,,
2026-09-01T09:40:00+08:00,19.134320008092104,19.32,19.134320008092104,19.23,19.042380103955406,18.899999999999984,19.01080882352948,19.134320008092104,19.32,19.134320008092104,19.23,43.14733685645725,56.85266314354275,-0.137053262870855,40.47531457104646,37.10478506432996,40.47531457104646,37.10478506432996,48.733668706671594,45.54551625010784,48.733668706671594,45.54551625010784,96,101,96,101,-1,4,-1,4,-1,4,-1,4,96,101,96,101,-0.04309203311001733,,,,,,,,
2026-09-01T09:50:00+08:00,19.182160004046054,19.26,19.1,19.1575,19.04352557555784,18.921428571428557,19.00227941176477,19.182160004046054,19.26,19.1,19.1575,49.81764299101478,50.18235700898522,-0.0036471401797045153,41.48687044269982,37.73079726123994,41.48687044269982,37.73079726123994,51.269408353097795,48.40746230160282,51.269408353097795,48.40746230160282,96,101,96,101,-1,4,-1,4,-1,4,-1,4,96,101,96,101,-0.035000315128874394,,,,,,,,
2026-09-01T10:00:00+08:00,19.169830002023026,19.22,19.1,19.1425,19.044510395701543,18.94321428571427,18.9924264705883,19.169830002023026,19.22,19.1,19.1425,52.53441112833751,47.46558887166249,0.05068822256675015,42.33976679356687,38.389221480143796,42.33976679356687,38.389221480143796,53.21671815436683,50.812090227984825,53.21671815436683,50.812090227984825,96,101,96,101,-1,4,-1,4,-1,4,-1,4,96,101,96,101,-0.04576599214459286,,,,,,,,
2026-09-01T10:10:00+08:00,19.156165001011512,19.42,19.13,19.269999999999996,19.046754073356254,18.97273809523808,18.987500000000065,19.156165001011512,19.42,19.13,19.269999999999996,37.777417567949044,62.222582432050956,-0.24445164864101906,43.86618898112313,39.17164540885513,43.86618898112313,39.17164540885513,56.18071721201638,53.4964037200006,56.18071721201638,53.4964037200006,96,101,96,101,-1,4,-1,4,-1,4,-1,4,96,101,96,101,-0.029783643613980552,,,,,,,,
2026-09-01T10:20:00+08:00,19.213082500505756,19.41,19.2,19.307499999999997,19.04934856018853,19.004404761904745,18.983014705882418,19.213082500505756,19.41,19.2,19.307499999999997,37.242724049860264,62.757275950139736,-0.25514551900279464,45.49959483731017,40.075638184348705,45.49959483731017,40.075638184348705,59.24853371059025,56.372468715295426,59.24853371059025,56.372468715295426,96,101,96,101,-1,4,-1,4,-1,4,-1,4,96,101,96,101,0.008684284226221362,,,,,0.008684284226221362,,0.008684284226221362,
2026-09-01T10:30:00+08:00,19.260291250252877,19.260291250252877,19.11,19.16,19.05044956953989,19.02630952380951,18.973676470588302,19.260291250252877,19.260291250252877,19.11,19.16,55.16780159594362,44.83219840405638,0.10335603191887249,46.16667446874654,40.94578622497697,46.16667446874654,40.94578622497697,60.53880499508214,58.455636855188786,60.53880499508214,58.455636855188786,96,101,96,101,-1,4,-1,4,-1,4,-1,4,96,101,96,101,0.004103384233939817,,,,,,,,
2026-09-01T10:40:00+08:00,19.210145625126437,19.210145625126437,19.07,19.1025,19.050967484270835,19.042976190476175,18.961985294117714,19.210145625126437,19.210145625126437,19.07,19.1025,61.58699040127031,38.41300959872969,0.23173980802540628,46.45488435692363,41.732800243826496,46.45488435692363,41.732800243826496,60.94340222175412,59.69951953847145,60.94340222175412,59.69951953847145,96,101,96,101,-1,4,-1,4,-1,4,-1,4,96,101,96,101,-0.036996828079323765,,,,,,,,
2026-09-01T10:50:00+08:00,19.156322812563218,19.17,19.09,19.125,19.05170412621839,19.059761904761892,18.951323529411834,19.156322812563218,19.17,19.09,19.125,62.455032133978015,37.54496786602199,0.24910064267956025,46.85211611944752,42.46413108320093,46.85211611944752,42.46413108320093,61.21061622458929,60.45506788153037,61.21061622458929,60.45506788153037,96,101,96,101,-1,4,-1,4,-1,4,-1,4,96,101,96,101,-0.05446190803650275,-0.05446190803650275,,-0.05446190803650275,,,,,
2026-09-01T11:00:00+08:00,19.14066140628161,19.21,19.14,19.1675,19.05285632396746,19.077738095238082,18.941838235294185,19.14066140628161,19.21,19.14,19.1675,56.26404343662769,43.73595656337231,0.12528086873255379,47.465789852851046,43.17865376457952,47.465789852851046,43.17865376457952,62.17842161556958,61.31674474854998,62.17842161556958,61.31674474854998,96,101,96,101,-1,4,-1,4,-1,4,-1,4,96,101,96,101,-0.0414001509253875,,,,,,,,
2026-09-01T11:10:00+08:00,19.154080703140806,19.2,19.14,19.165,19.05397218144042,19.092142857142843,18.953602941176538,19.154080703140806,19.2,19.14,19.165,56.902649328986556,43.097350671013444,0.13805298657973114,48.021228826495324,43.870450201996064,48.021228826495324,43.870450201996064,63.34256970085634,62.329657224703155,63.34256970085634,62.329657224703155,96,101,96,101,-1,4,-1,4,-1,4,-1,4,96,101,96,101,-0.027401294702139825,,,,,,,,
2026-09-01T11:20:00+08:00,19.159540351570403,19.2,19.12,19.155,19.05497743336639,19.10345238095237,18.965588235294184,19.159540351570403,19.2,19.12,19.155,58.37950545382821,41.62049454617179,0.16759010907656413,48.479389901100504,44.528870159010985,48.479389901100504,44.528870159010985,64.22565891824367,63.27765807147341,64.22565891824367,63.27765807147341,96,101,96,101,-1,4,-1,4,-1,4,-1,4,96,101,96,101,-0.03133970015377015,,,,,,,,
2026-09-01T13:00:00+08:00,19.1572701757852,19.19,19.09,19.15,19.055922931541847,19.11357142857142,18.97919117647066,19.1572701757852,19.19,19.09,19.15,61.265510959660816,38.73448904033918,0.22531021919321648,48.87602334134448,45.149892042201486,48.87602334134448,45.149892042201486,64.58809153196214,63.93287480171777,64.58809153196214,63.93287480171777,96,101,96,101,-1,4,-1,4,-1,4,-1,4,96,101,96,101,-0.0455094756177864,,,,,,,,
2026-09-01T13:10:00+08:00,19.1536350878926,19.17,19.11,19.1375,19.05673464366581,19.121309523809515,18.990441176470657,19.1536350878926,19.17,19.11,19.1375,60.955417671420406,39.04458232857959,0.2191083534284083,49.1723212132761,45.72452478092644,49.1723212132761,45.72452478092644,64.7989742325968,64.36592451715728,64.7989742325968,64.36592451715728,96,101,96,101,-1,4,-1,4,-1,4,-1,4,96,101,96,101,-0.05323835441757154,,,,,,,,
2026-09-01T13:20:00+08:00,19.1455675439463,19.1455675439463,19.08,19.1,19.05716514472386,19.127380952380943,19.001176470588305,19.1455675439463,19.1455675439463,19.08,19.1,64.59825731936719,35.401742680632815,0.2919651463873437,49.231441126613525,46.22551283031031,49.231441126613525,46.22551283031031,64.50063675648576,64.43328063682152,64.50063675648576,64.43328063682152,96,101,96,101,-1,4,-1,4,-1,4,-1,4,96,101,96,101,-0.052155462302966096,,,,,,,,
2026-09-01T13:30:00+08:00,19.12278377197315,19.16,19.08,19.119999999999997,19.05779036716442,19.134880952380943,19.01330882352948,19.12278377197315,19.16,19.08,19.119999999999997,63.78859097222483,36.21140902777517,0.27577181944449664,49.401545562270144,46.679231792018854,49.401545562270144,46.679231792018854,64.35519308037848,64.39423685860001,64.35519308037848,64.39423685860001,96,101,96,101,-1,4,-1,4,-1,4,-1,4,96,101,96,101,-0.04941867594540395,,,,,,,,
2026-09-01T13:40:00+08:00,19.121391885986576,19.17,19.12,19.145,19.058658124705072,19.143095238095228,19.026838235294186,19.121391885986576,19.17,19.12,19.145,55.30981225636356,44.690187743636436,0.10619624512727117,49.703508897684024,47.11127137854244,49.703508897684024,47.11127137854244,64.57410935107895,64.48417310483947,64.57410935107895,64.48417310483947,96,101,96,101,-1,4,-1,4,-1,4,-1,4,96,101,96,101,-0.040791989597912005,,,,,,,,
2026-09-01T13:50:00+08:00,19.13319594299329,19.13319594299329,19.09,19.115,19.05921874037965,19.14821428571427,19.040514705882423,19.13319594299329,19.13319594299329,19.09,19.115,54.459036214390025,45.540963785609975,0.08918072428780044,49.81109236351765,47.49696009068176,49.81109236351765,47.49696009068176,64.36105500471078,64.42261405477512,64.36105500471078,64.42261405477512,96,101,96,101,-1,4,-1,4,-1,4,-1,4,96,101,96,101,-0.034204071320340895,,,,,,,,
2026-09-01T14:00:00+08:00,19.124097971496646,19.124097971496646,19.03,19.07,19.059326016594778,19.150238095238084,19.053088235294187,19.124097971496646,19.124097971496646,19.03,19.07,54.36719326378,45.632806736220004,0.08734386527559992,49.79457376132161,47.82519061505888,49.79457376132161,47.82519061505888,63.12976121829832,63.77618763653672,63.12976121829832,63.77618763653672,96,101,96,101,-1,4,-1,4,-1,4,-1,4,96,101,96,101,-0.040156760133777905,,,,,,,,
2026-09-01T14:10:00+08:00,19.097048985748323,19.097048985748323,19,19.015,19.05888496170329,19.148214285714275,19.062352941176538,19.097048985748323,19.097048985748323,19,19.015,57.22941302690444,42.77058697309556,0.14458826053808882,49.532153468025236,48.06904245119693,49.532153468025236,48.06904245119693,61.14892945594649,62.4625585462416,61.14892945594649,62.4625585462416,96,101,96,101,-1,4,-1,4,-1,4,-1,4,96,101,96,101,-0.05137188164985833,,,,,,,,
2026-09-01T14:20:00+08:00,19.056024492874162,19.06,18.98,19.025,19.058547797905245,19.147023809523798,19.07036764705889,19.056024492874162,19.06,18.98,19.025,61.918158239729884,38.081841760270116,0.23836316479459774,49.35005383607268,48.25204407760775,49.35005383607268,48.25204407760775,58.76320889413182,60.612883720186716,58.76320889413182,60.612883720186716,96,101,96,101,-1,4,-1,4,-1,4,-1,4,96,101,96,101,-0.05442020742938886,,,,,,,,
2026-09-01T14:30:00+08:00,19.040512246437082,19.06,19.02,19.042499999999997,19.0583881183241,19.138214285714273,19.07830882352948,19.040512246437082,19.06,19.02,19.042499999999997,58.279768461079016,41.720231538920984,0.1655953692215804,49.28871994137781,48.40014062957489,49.28871994137781,48.40014062957489,56.64104424841181,58.626963984299266,56.64104424841181,58.626963984299266,96,101,96,101,-1,4,-1,4,-1,4,-1,4,96,101,96,101,-0.04210067521988127,,,,,,,,
2026-09-01T14:40:00+08:00,19.04150612321854,19.08,19.04,19.055,19.05835440570396,19.129880952380944,19.086102941176538,19.04150612321854,19.08,19.04,19.055,54.98348445016674,45.01651554983326,0.0996696890033349,49.30873748251092,48.529940179994334,49.30873748251092,48.529940179994334,54.831667352647905,56.72931566847359,54.831667352647905,56.72931566847359,96,101,96,101,-1,4,-1,4,-1,4,-1,4,96,101,96,101,-0.02862813535640043,,,,,,,,
2026-09-01T14:50:00+08:00,19.04825306160927,19.08,19.04825306160927,19.0625,19.058395655398446,19.125357142857133,19.091985294117716,19.04825306160927,19.08,19.04825306160927,19.0625,54.26905136354474,45.73094863645525,0.08538102727089489,49.404697227548965,48.65490547250214,49.404697227548965,48.65490547250214,52.792541145392455,54.76092840693302,52.792541145392455,54.76092840693302,96,101,96,101,-1,4,-1,4,-1,4,-1,4,96,101,96,101,-0.018017882322352245,,,,,-0.018017882322352245,,-0.018017882322352245,
2026-09-02T09:30:00+08:00,19.055376530804637,19.055376530804637,18.48,18.560000000000002,19.053436494648214,19.097619047619034,19.081470588235362,19.055376530804637,19.055376530804637,18.48,18.560000000000002,100,0,1,46.404890811824586,48.333474806691065,46.404890811824586,48.333474806691065,49.23480141218832,51.99786490956067,49.23480141218832,51.99786490956067,96,101,96,101,-1,4,-1,4,-1,4,-1,4,96,101,96,101,-0.08077197952721285,,,,,,,,
2026-09-02T09:40:00+08:00,18.80768826540232,18.80768826540232,18.38,18.474999999999998,19.04768090763679,19.059761904761892,19.06786764705889,18.80768826540232,18.80768826540232,18.38,18.474999999999998,100,0,1,43.665316286524764,47.66659501809588,43.665316286524764,47.66659501809588,45.073171899470886,48.53551840451578,45.073171899470886,48.53551840451578,96,101,96,101,-1,4,-1,4,-1,4,-1,4,96,101,96,101,-0.17660144629101962,,,,,,,,
2026-09-02T09:50:00+08:00,18.641344132701157,18.641344132701157,18.3,18.3625,19.040863187162792,19.014761904761894,19.049852941176535,18.641344132701157,18.641344132701157,18.3,18.3625,97.06122009952931,2.938779900470684,0.9412244019905863,40.91229018174958,46.70169432718927,40.91229018174958,46.70169432718927,40.694576590878896,44.61504749769733,40.694576590878896,44.61504749769733,96,101,96,101,-1,4,-1,4,-1,4,-1,4,96,101,96,101,-0.23201398688841257,,,,,,,,
2026-09-02T10:00:00+08:00,18.50192206635058,18.50192206635058,18.23,18.27,19.03319290669351,18.97238095238094,19.02919117647065,18.50192206635058,18.50192206635058,18.23,18.27,95.6355958423757,4.364404157624318,0.9127119168475136,38.21146768261021,45.48880480653512,38.21146768261021,45.48880480653512,36.378890697826925,40.49696909776213,36.378890697826925,40.49696909776213,96,101,96,101,-1,4,-1,4,-1,4,-1,4,96,101,96,101,-0.2586348372380789,,,,,,,,
2026-09-02T10:10:00+08:00,18.385961033175292,18.385961033175292,18.25,18.29,19.025797952398054,18.933690476190463,19.009411764705945,18.385961033175292,18.385961033175292,18.25,18.29,96.9022055346643,3.0977944653356904,0.9380441106932862,35.814303047473594,44.10673312666919,35.814303047473594,44.10673312666919,32.266953290455675,36.381961194108904,32.266953290455675,36.381961194108904,96,101,96,101,-1,4,-1,4,-1,4,-1,4,96,101,96,101,-0.2692545491818653,-0.2692545491818653,,-0.2692545491818653,,,,,
2026-09-02T10:20:00+08:00,18.337980516587645,18.34,18.29,18.31,19.0186755847125,18.89488095238094,18.989926470588298,18.337980516587645,18.34,18.29,18.31,98.01115149511548,1.9888485048845106,0.9602230299023098,33.699106428910966,42.61992931270373,33.699106428910966,42.61992931270373,28.708962404034395,32.545461799071646,28.708962404034395,32.545461799071646,96,101,96,101,-1,4,-1,4,-1,4,-1,4,96,101,96,101,-0.26416516781153143,,,,,,,,
2026-09-02T10:30:00+08:00,18.323990258293822,18.36,18.25,18.3125,19.01164896197904,18.854166666666657,18.96948529411771,18.323990258293822,18.36,18.25,18.3125,97.01988858912584,2.9801114108741644,0.9403977717825167,31.748838029503702,41.06691627224659,31.748838029503702,41.06691627224659,25.589651468269118,29.06755663367038,25.589651468269118,29.06755663367038,96,101,96,101,-1,4,-1,4,-1,4,-1,4,96,101,96,101,-0.2512798396286081,,,,,,,,
2026-09-02T10:40:00+08:00,18.31824512914691,18.42,18.31824512914691,18.36,19.00516489270562,18.81583333333332,18.949852941176534,18.31824512914691,18.42,18.31824512914691,18.36,99.50109699802788,0.49890300197212856,0.9900219399605574,30.200886697385215,39.51462633298068,30.200886697385215,39.51462633298068,23.43816526402375,26.252860948847065,23.43816526402375,26.252860948847065,96,101,96,101,-1,4,-1,4,-1,4,-1,4,96,101,96,101,-0.23930863946295294,,,,,,,,
2026-09-02T10:50:00+08:00,18.339122564573454,18.37,18.28,18.317500000000003,18.998322455962278,18.77595238095237,18.92808823529418,18.339122564573454,18.37,18.28,18.317500000000003,99.85104331214754,0.14895668785246952,0.9970208662429506,28.52817662874586,37.945133518089996,28.52817662874586,37.945133518089996,21.22820543536603,23.740533192106547,21.22820543536603,23.740533192106547,96,101,96,101,-1,4,-1,4,-1,4,-1,4,96,101,96,101,-0.23373356711949533,,,,,,,,
2026-09-02T11:00:00+08:00,18.328311282286727,18.328311282286727,18.27,18.29,18.991274471325838,18.734999999999985,18.905735294117708,18.328311282286727,18.328311282286727,18.27,18.29,99.9103925232136,0.08960747678638525,0.9982078504642723,26.82267564031384,36.35621096412198,26.82267564031384,36.35621096412198,19.051841308521333,21.39618725031394,19.051841308521333,21.39618725031394,96,101,96,101,-1,4,-1,4,-1,4,-1,4,96,101,96,101,-0.24197526992154894,,,,,,,,
2026-09-02T11:10:00+08:00,18.309155641143363,18.37,18.29,18.33,18.984694625840007,18.696547619047607,18.879338235294178,18.309155641143363,18.37,18.29,18.33,99.78575986788634,0.21424013211366888,0.9957151973577266,25.460480093469705,34.79967798260022,25.460480093469705,34.79967798260022,17.480583405247224,19.43838532778058,17.480583405247224,19.43838532778058,96,101,96,101,-1,4,-1,4,-1,4,-1,4,96,101,96,101,-0.24845535214180847,,,,,,,,
2026-09-02T11:20:00+08:00,18.31957782057168,18.38,18.31957782057168,18.3625,18.978503634538114,18.66142857142856,18.853823529411827,18.31957782057168,18.38,18.31957782057168,18.3625,99.51714368211363,0.48285631788637096,0.9903428736422726,24.394342290928858,33.313201455218596,24.394342290928858,33.313201455218596,16.40990136090427,17.924143344342426,16.40990136090427,17.924143344342426,96,101,96,101,-1,4,-1,4,-1,4,-1,4,96,101,96,101,-0.23835950993069002,,,,,,,,
2026-09-02T13:00:00+08:00,18.34103891028584,18.37,18.3,18.337500000000002,18.97212548892082,18.62416666666665,18.829705882353004,18.34103891028584,18.37,18.3,18.337500000000002,99.70877965383762,0.2912203461623797,0.9941755930767524,23.29714737338953,31.88233658638587,23.29714737338953,31.88233658638587,15.35263792587917,16.6383906351108,15.35263792587917,16.6383906351108,96,101,96,101,-1,4,-1,4,-1,4,-1,4,96,101,96,101,-0.22548991840712473,,,,,,,,
2026-09-02T13:10:00+08:00,18.33926945514292,18.42,18.29,18.36,18.966034688036036,18.5867857142857,18.80669117647065,18.33926945514292,18.42,18.29,18.36,99.76838173454186,0.23161826545813335,0.9953676346908373,22.413377542997353,30.529628151616084,22.413377542997353,30.529628151616084,14.646245365382441,15.64231800024662,14.646245365382441,15.64231800024662,96,101,96,101,-1,4,-1,4,-1,4,-1,4,96,101,96,101,-0.220483951066096,,,,,,,,
2026-09-02T13:20:00+08:00,18.34963472757146,18.48,18.34963472757146,18.424999999999997,18.960651258304335,18.553928571428557,18.781838235294178,18.34963472757146,18.48,18.34963472757146,18.424999999999997,98.99576889269979,1.004231107300213,0.9799153778539957,21.982890191486717,29.30866558588332,21.982890191486717,29.30866558588332,14.682906330480117,15.162612165363369,14.682906330480117,15.162612165363369,96,101,96,101,-1,4,-1,4,-1,4,-1,4,96,101,96,101,-0.2065415021975631,,,,,,,,
2026-09-02T13:30:00+08:00,18.387317363785726,18.52,18.387317363785726,18.48,18.95586865871922,18.52583333333332,18.75750000000006,18.387317363785726,18.52,18.387317363785726,18.48,98.16128719915834,1.8387128008416576,0.9632257439831668,21.913283989333703,28.252182500661945,21.913283989333703,28.252182500661945,15.64865608177523,15.4056341235693,15.64865608177523,15.4056341235693,96,101,96,101,-1,4,-1,4,-1,4,-1,4,96,101,96,101,-0.175693403575467,,,,,,,,
2026-09-02T13:40:00+08:00,18.433658681892865,18.6,18.433658681892865,18.5225,18.951556532761813,18.50238095238094,18.73875000000006,18.433658681892865,18.6,18.433658681892865,18.5225,96.5157530756938,3.4842469243062113,0.9303150615138758,22.103751699579373,27.373835243364432,22.103751699579373,27.373835243364432,17.384314418481,16.39497427102515,17.384314418481,16.39497427102515,96,101,96,101,-1,4,-1,4,-1,4,-1,4,96,101,96,101,-0.15058126720544876,,,,,,,,
2026-09-02T13:50:00+08:00,18.478079340946433,18.57,18.478079340946433,18.545,18.94751119412737,18.479523809523794,18.722352941176528,18.478079340946433,18.57,18.478079340946433,18.545,95.18334178024075,4.816658219759251,0.903666835604815,22.415668594987576,26.66552572216774,22.415668594987576,26.66552572216774,19.17535603768594,17.785165154355546,19.17535603768594,17.785165154355546,96,101,96,101,-1,4,-1,4,-1,4,-1,4,96,101,96,101,-0.1381590671564531,,,,,,,,
2026-09-02T14:00:00+08:00,18.51153967047322,18.57,18.5,18.53,18.943356853887295,18.455119047619036,18.704852941176533,18.51153967047322,18.57,18.5,18.53,94.35112232032697,5.648877679673042,0.8870224464065392,22.615269697746573,26.086917718679,22.615269697746573,26.086917718679,20.78453161968767,19.284848387021608,20.78453161968767,19.284848387021608,96,101,96,101,-1,4,-1,4,-1,4,-1,4,96,101,96,101,-0.13055331964488698,,,,,,,,
2026-09-02T14:10:00+08:00,18.52076983523661,18.54,18.44,18.482499999999998,18.93877121355011,18.427857142857132,18.684705882353,18.52076983523661,18.54,18.44,18.482499999999998,96.66907963375763,3.3309203662423736,0.9333815926751525,22.515499533261657,25.576715120762234,22.515499533261657,25.576715120762234,21.690923524493993,20.4878859557578,21.690923524493993,20.4878859557578,96,101,96,101,-1,4,-1,4,-1,4,-1,4,96,101,96,101,-0.13044176684330733,,,,,,,,
2026-09-02T14:20:00+08:00,18.501634917618304,18.501634917618304,18.43,18.4375,18.93378344028095,18.398095238095227,18.663308823529473,18.501634917618304,18.501634917618304,18.43,18.4375,97.15604432590595,2.8439556740940453,0.9431208865181191,22.152747765879816,25.087576927207603,22.152747765879816,25.087576927207603,22.00391334569768,21.24589965072774,22.00391334569768,21.24589965072774,96,101,96,101,-1,4,-1,4,-1,4,-1,4,96,101,96,101,-0.14000457470646843,,,,,,,,
2026-09-02T14:30:00+08:00,18.469567458809152,18.469567458809152,18.39,18.4175,18.92864629162144,18.39130952380951,18.641617647058883,18.469567458809152,18.469567458809152,18.39,18.4175,98.25173430329734,1.7482656967026555,0.9650346860659469,21.69585881981757,24.603045769009025,21.69585881981757,24.603045769009025,21.87875583684296,21.56232774378535,21.87875583684296,21.56232774378535,96,101,96,101,-1,4,-1,4,-1,4,-1,4,96,101,96,101,-0.1486500454715917,,,,,,,,
2026-09-02T14:40:00+08:00,18.443533729404578,18.443533729404578,18.38,18.402499999999996,18.923411005137645,18.387857142857133,18.619632352941238,18.443533729404578,18.443533729404578,18.38,18.402499999999996,98.52266667512845,1.4773333248715548,0.9704533335025689,21.181568784068272,24.114263342588917,21.181568784068272,24.114263342588917,21.555855941637837,21.559091842711595,21.555855941637837,21.559091842711595,96,101,96,101,-1,4,-1,4,-1,4,-1,4,96,101,96,101,-0.15097131869675692,-0.15097131869675692,,-0.15097131869675692,,,,,
2026-09-02T14:50:00+08:00,18.423016864702287,18.46,18.38,18.424999999999997,18.918451691653686,18.390833333333322,18.598676470588295,18.423016864702287,18.46,18.38,18.424999999999997,98.48307261450846,1.5169273854915455,0.9696614522901691,20.839067772481144,23.64637826114495,20.839067772481144,23.64637826114495,21.403550882201078,21.481321362456335,21.403550882201078,21.481321362456335,96,101,96,101,-1,4,-1,4,-1,4,-1,4,96,101,96,101,-0.14330804672109076,,,,,,,,
2026-09-03T09:30:00+08:00,18.424008432351144,18.66,18.424008432351144,18.6,18.915283018104894,18.406547619047608,18.583970588235356,18.424008432351144,18.66,18.424008432351144,18.6,96.45899614258799,3.541003857412001,0.92917992285176,21.571451286931772,23.349960121971638,21.571451286931772,23.349960121971638,23.08151432669601,22.281417844576172,23.08151432669601,22.281417844576172,96,101,96,101,-1,4,-1,4,-1,4,-1,4,96,101,96,101,-0.11674736713180661,,,,,,,,
2026-09-03T09:40:00+08:00,18.512004216175573,18.65,18.51,18.597499999999997,18.91212099802425,18.421190476190468,18.568602941176533,18.512004216175573,18.65,18.51,18.597499999999997,93.05332045846839,6.946679541531603,0.8610664091693679,22.236515690806367,23.19089663180517,22.236515690806367,23.19089663180517,25.003012937093725,23.64221539083495,25.003012937093725,23.64221539083495,96,101,96,101,-1,4,-1,4,-1,4,-1,4,96,101,96,101,-0.09794139214352407,,,,,,,,
2026-09-03T09:50:00+08:00,18.554752108087783,18.67,18.55,18.6125,18.909139694561322,18.435595238095225,18.55294117647065,18.554752108087783,18.67,18.55,18.6125,90.81465777059142,9.185342229408578,0.8162931554118285,22.94411150880999,23.15564161423443,22.94411150880999,23.15564161423443,27.282604081687527,25.462409736261236,27.282604081687527,25.462409736261236,96,101,96,101,-1,4,-1,4,-1,4,-1,4,96,101,96,101,-0.08642084513458241,,,,,,,,
2026-09-03T10:00:00+08:00,18.58362605404389,18.67,18.58362605404389,18.610000000000003,18.906163180187576,18.449761904761893,18.538088235294182,18.58362605404389,18.67,18.58362605404389,18.610000000000003,89.02395485626747,10.976045143732533,0.7804790971253494,23.58615876598384,23.217144064484348,23.58615876598384,23.217144064484348,29.479825932020045,27.471117834140642,29.479825932020045,27.471117834140642,96,101,96,101,-1,4,-1,4,-1,4,-1,4,96,101,96,101,-0.07451018215375638,,,,,,,,
2026-09-03T10:10:00+08:00,18.596813027021945,18.66,18.59,18.627499999999998,18.903390412225512,18.46249999999999,18.52507352941183,18.596813027021945,18.66,18.59,18.627499999999998,88.86766721049041,11.132332789509592,0.7773533442098082,24.287387521594816,23.370035986928702,24.287387521594816,23.370035986928702,31.700133399820995,29.58562561698082,31.700133399820995,29.58562561698082,96,101,96,101,-1,4,-1,4,-1,4,-1,4,96,101,96,101,-0.06276167271974378,,,,,,,,
2026-09-03T10:20:00+08:00,18.61215651351097,18.7,18.58,18.634999999999998,18.900719860860086,18.477619047619037,18.51389705882359,18.61215651351097,18.7,18.58,18.634999999999998,88.6355407784477,11.364459221552298,0.772710815568954,24.98354651615075,23.600537491103278,24.98354651615075,23.600537491103278,33.935094220051525,31.760359918516173,33.935094220051525,31.760359918516173,96,101,96,101,-1,4,-1,4,-1,4,-1,4,96,101,96,101,-0.04830054420434764,,,,,,,,
2026-09-03T10:30:00+08:00,18.623578256755486,18.7,18.61,18.6525,18.898250011498295,18.494880952380942,18.502941176470653,18.623578256755486,18.7,18.61,18.6525,86.8890528926388,13.11094710736121,0.7377810578527758,25.735021885045136,23.905463833094974,25.735021885045136,23.905463833094974,36.107654732331554,33.93400732542386,36.107654732331554,33.93400732542386,96,101,96,101,-1,4,-1,4,-1,4,-1,4,96,101,96,101,-0.03915733134257116,,,,,,,,
2026-09-03T10:40:00+08:00,18.63803912837774,18.74,18.62,18.6725,18.896003742727167,18.511190476190468,18.492058823529476,18.63803912837774,18.74,18.62,18.6725,85.29143073808243,14.708569261917582,0.7058286147616484,26.552868461083317,24.283664494236167,26.552868461083317,24.283664494236167,38.32097843738583,36.12749288140485,38.32097843738583,36.12749288140485,96,101,96,101,-1,4,-1,4,-1,4,-1,4,96,101,96,101,-0.02388856572433836,,,,,,,,
2026-09-03T10:50:00+08:00,18.65526956418887,18.65526956418887,18.59,18.615,18.893207685585605,18.523214285714275,18.479117647058885,18.65526956418887,18.65526956418887,18.59,18.615,88.95793289669794,11.042067103302072,0.7791586579339586,26.967159369325252,24.66702090496318,26.967159369325252,24.66702090496318,39.50382732743235,37.8156601044186,39.50382732743235,37.8156601044186,96,101,96,101,-1,4,-1,4,-1,4,-1,4,96,101,96,101,-0.016082793348224114,,,,,,,,
2026-09-03T11:00:00+08:00,18.635134782094433,18.7,18.6,18.65,18.890787708614603,18.538095238095227,18.466985294117713,18.635134782094433,18.7,18.6,18.65,87.47889224989225,12.521107750107745,0.7495778449978451,27.561942103449063,25.080581076175452,27.561942103449063,25.080581076175452,41.07837514190483,39.44701762316171,41.07837514190483,39.44701762316171,96,101,96,101,-1,4,-1,4,-1,4,-1,4,96,101,96,101,-0.01566358775811936,,,,,,,,
2026-09-03T11:10:00+08:00,18.642567391047216,18.76,18.642567391047216,18.715,18.8890385771856,18.55499999999999,18.471544117647124,18.642567391047216,18.76,18.642567391047216,18.715,83.25847068264267,16.741529317357333,0.6651694136528533,28.50439641898901,25.56969755372025,28.50439641898901,25.56969755372025,46.709736682237164,43.07837715269944,46.709736682237164,43.07837715269944,96,101,96,101,-1,4,-1,4,-1,4,-1,4,96,101,96,101,0.0038731080361229277,,,,,,,,
2026-09-03T11:20:00+08:00,18.678783695523606,18.73,18.678783695523606,18.705,18.887207347561866,18.56833333333332,18.478308823529478,18.678783695523606,18.73,18.678783695523606,18.705,80.21462660436819,19.78537339563181,0.6042925320873638,29.319508559529392,26.105384840264414,29.319508559529392,26.105384840264414,52.69226697316937,47.88532206293441,52.69226697316937,47.88532206293441,96,101,96,101,-1,4,-1,4,-1,4,-1,4,96,101,96,101,0.02193594124950214,,,,,,,,
2026-09-03T13:00:00+08:00,18.691891847761802,18.75,18.62,18.672500000000003,18.885070956043837,18.57749999999999,18.487426470588304,18.691891847761802,18.75,18.62,18.672500000000003,82.75768550025234,17.242314499747668,0.6551537100050466,29.881320373104437,26.644804202098705,29.881320373104437,26.644804202098705,57.331333134747894,52.60832759884115,57.331333134747894,52.60832759884115,96,101,96,101,-1,4,-1,4,-1,4,-1,4,96,101,96,101,0.0284056404527333,,,,,0.0284056404527333,,0.0284056404527333,
2026-09-03T13:10:00+08:00,18.682195923880904,18.682195923880904,18.56,18.605000000000004,18.882284180361808,18.581428571428564,18.497279411764772,18.682195923880904,18.682195923880904,18.56,18.605000000000004,88.59332418013466,11.406675819865347,0.771866483602693,29.997840706598197,27.123809417027207,29.997840706598197,27.123809417027207,59.69795976122258,56.15314368003186,59.69795976122258,56.15314368003186,96,101,96,101,-1,4,-1,4,-1,4,-1,4,96,101,96,101,0.02440675101234148,,,,,,,,
2026-09-03T13:20:00+08:00,18.643597961940454,18.643597961940454,18.5,18.5625,18.879102248218903,18.582261904761896,18.505294117647125,18.643597961940454,18.643597961940454,18.5,18.5625,92.61512215534187,7.384877844658128,0.8523024431068374,29.85093611831177,27.513398945782146,29.85093611831177,27.513398945782146,60.48170177785978,58.31742272894582,60.48170177785978,58.31742272894582,96,101,96,101,-1,4,-1,4,-1,4,-1,4,96,101,96,101,0.01974998404170648,,,,,,,,
2026-09-03T13:30:00+08:00,18.60304898097023,18.60304898097023,18.53,18.560000000000002,18.875927101470456,18.58369047619047,18.512647058823596,18.60304898097023,18.60304898097023,18.53,18.560000000000002,91.69688642605047,8.303113573949528,0.8339377285210094,29.699518712501995,27.82570176959927,29.699518712501995,27.82570176959927,60.83920635267792,59.578314540811874,60.83920635267792,59.578314540811874,96,101,96,101,-1,4,-1,4,-1,4,-1,4,96,101,96,101,0.019582182627663335,,,,,,,,
2026-09-03T13:40:00+08:00,18.581524490485116,18.59,18.54,18.57,18.872883050709557,18.587857142857136,18.52022058823536,18.581524490485116,18.59,18.54,18.57,91.24481837699548,8.755181623004516,0.8248963675399097,29.63623589889713,28.084349502356105,29.63623589889713,28.084349502356105,60.90313600191715,60.24072527136451,60.90313600191715,60.24072527136451,96,101,96,101,-1,4,-1,4,-1,4,-1,4,96,101,96,101,0.020531985421249756,,,,,,,,
2026-09-03T13:50:00+08:00,18.575762245242558,18.62,18.57,18.5975,18.87014292085175,18.595476190476184,18.52720588235301,18.575762245242558,18.62,18.57,18.5975,87.65965592562561,12.340344074374393,0.7531931185125121,30.06718515450189,28.36761173837693,30.06718515450189,28.36761173837693,61.59488768235779,60.91780647686115,61.59488768235779,60.91780647686115,96,101,96,101,-1,4,-1,4,-1,4,-1,4,96,101,96,101,0.02067077558174045,,,,,,,,
2026-09-03T14:00:00+08:00,18.586631122621277,18.67,18.586631122621277,18.6325,18.867778314674123,18.605714285714278,18.53647058823536,18.586631122621277,18.67,18.586631122621277,18.6325,85.24561139123217,14.754388608767833,0.7049122278246434,30.852766670918893,28.722633871597214,30.852766670918893,28.722633871597214,63.04787600320192,61.98284124003153,63.04787600320192,61.98284124003153,96,101,96,101,-1,4,-1,4,-1,4,-1,4,96,101,96,101,0.022927627350129647,,,,,,,,
2026-09-03T14:10:00+08:00,18.60956556131064,18.68,18.60956556131064,18.6525,18.865636241891295,18.61761904761904,18.547132352941247,18.60956556131064,18.68,18.60956556131064,18.6525,82.00187556237657,17.998124437623435,0.6400375112475313,31.728443687136053,29.152035273817052,31.728443687136053,29.152035273817052,64.7044476539376,63.34364444698457,64.7044476539376,63.34364444698457,96,101,96,101,-1,4,-1,4,-1,4,-1,4,96,101,96,101,0.03174438478123784,,,,,,,,
2026-09-03T14:20:00+08:00,18.631032780655318,18.68,18.631032780655318,18.6625,18.863614985753074,18.628928571428567,18.556911764705955,18.631032780655318,18.68,18.631032780655318,18.6625,80.33871032410929,19.661289675890714,0.6067742064821857,32.61445864242809,29.64666718361863,32.61445864242809,29.64666718361863,66.50694638611444,64.9252954165495,66.50694638611444,64.9252954165495,96,101,96,101,-1,4,-1,4,-1,4,-1,4,96,101,96,101,0.042561240525991806,,,,,,,,
2026-09-03T14:30:00+08:00,18.64676639032766,18.66,18.6,18.635,18.86134020977543,18.630595238095232,18.564926470588308,18.64676639032766,18.66,18.6,18.635,83.41226267945613,16.58773732054386,0.6682452535891228,33.267181405082354,30.16388350097059,33.267181405082354,30.16388350097059,67.50301416881325,66.21415479268137,67.50301416881325,66.21415479268137,96,101,96,101,-1,4,-1,4,-1,4,-1,4,96,101,96,101,0.050291541350998364,,,,,,,,
2026-09-03T14:40:00+08:00,18.64088319516383,18.64088319516383,18.59,18.605,18.858789560921945,18.630952380952376,18.572794117647135,18.64088319516383,18.64088319516383,18.59,18.605,84.74032699498248,15.259673005017522,0.6948065398996496,33.65236800575026,30.662238430224825,33.65236800575026,30.662238430224825,67.77927895519953,66.99671687394044,67.77927895519953,66.99671687394044,96,101,96,101,-1,4,-1,4,-1,4,-1,4,96,101,96,101,0.05123618858158857,,,,,,,,
2026-09-03T14:50:00+08:00,18.622941597581914,18.622941597581914,18.59,18.6,18.85621454041526,18.630357142857136,18.57985294117654,18.622941597581914,18.622941597581914,18.59,18.6,85.26753064605327,14.732469353946726,0.7053506129210655,34.00160362438715,31.139290600819443,34.00160362438715,31.139290600819443,67.06212305750084,67.02941996572065,67.06212305750084,67.02941996572065,96,101,96,101,-1,4,-1,4,-1,4,-1,4,96,101,96,101,0.04869559036932605,,,,,,,,