epoch,dt,open,high,low,close,renko_009_rg_close,renko_009_cm_close,renko_需求强度 %,renko_供给强度 %,renko_成交量压力 %,renko_趋势力度 %,renko_通道位置,10m_rg_close,10m_cm_close,Cloud Reach,EMA 曲线,Red %,Blue %,4m_01688_rg_close,4m_01688_cm_close,WT1 — 快线信号,WT2 — 慢线确认,WT 差值（动量）,range_4r_rg_close,range_4r_cm_close,买入形状,卖出形状,多头反转形状,空头反转形状,支撑,阻力,10m_rg_close_d1,4m_01688_rg_close_d1,renko_009_rg_close_d1,range_4r_rg_close_d1,renko_cross_up,renko_cross_dn,range_cross_up,range_cross_dn,renko_min_past5,renko_max_past5,raw_buy,raw_sell
1787893200.0,2026-08-28 13:00:00+08:00,19.62,19.62,19.6,19.6,47.06617877075774,82.88780125741386,70.45399942893155,29.546000571068447,61.44222987637031,100.0,5,66.90370879025988,53.08473750522944,19.42610294117653,19.04598470422623,,,53.11973654599844,63.41782635929057,20.112089614359014,29.86251367696685,-9.75042406260783,,,,,,,,,,,,,False,False,False,False,47.06617877075774,47.06617877075774,False,False
1787893200.001,2026-08-28 13:00:00.000999928+08:00,19.6,19.6,19.58,19.58,47.88988027331719,83.2942223788956,69.6624929091203,30.337507090879697,57.34167850989566,100.0,5,66.90370879025988,53.08473750522944,19.42610294117653,19.04598470422623,,,53.11973654599844,63.41782635929057,20.112089614359014,29.86251367696685,-9.75042406260783,,,,,,,,,0.0,0.0,0.8237015025594516,,False,False,False,False,47.06617877075774,47.88988027331719,False,False
1787893200.002,2026-08-28 13:00:00.002000093+08:00,19.58,19.58,19.56,19.56,48.669052078687805,82.68365071158755,70.7367501511571,29.263249848842904,53.06512371407425,96.21201890567365,4,66.90370879025988,53.08473750522944,19.42610294117653,19.04598470422623,,,53.11973654599844,63.41782635929057,20.112089614359014,29.86251367696685,-9.75042406260783,,,,,,,,,0.0,0.0,0.7791718053706163,,False,False,False,False,47.06617877075774,48.669052078687805,False,False
1787893200.003,2026-08-28 13:00:00.003000021+08:00,19.56,19.56,19.54,19.54,49.37567662851512,81.13138670444104,71.84465831338,28.155341686620005,48.6216260531389,77.86686121688577,3,66.90370879025988,53.08473750522944,19.42610294117653,19.04598470422623,,,53.11973654599844,63.41782635929057,20.112089614359014,29.86251367696685,-9.75042406260783,,,,,,,,,0.0,0.0,0.7066245498273176,,False,False,False,False,47.06617877075774,49.37567662851512,False,False
1787893200.004,2026-08-28 13:00:00.003999949+08:00,19.54,19.54,19.52,19.52,49.98370920100664,78.73696571699503,73.41586221299737,26.584137787002632,44.022536670668615,57.49633938663989,3,66.90370879025988,53.08473750522944,19.42610294117653,19.04598470422623,,,53.11973654599844,63.41782635929057,20.112089614359014,29.86251367696685,-9.75042406260783,,,,,,,,,0.0,0.0,0.608032572491517,,False,False,False,False,47.06617877075774,49.98370920100664,False,False
1787893200.005,2026-08-28 13:00:00.005000114+08:00,19.52,19.52,19.5,19.5,50.428573258222734,75.30100202830417,75.05732540795655,24.94267459204345,39.281472049601724,35.14136210767852,2,66.90370879025988,53.08473750522944,19.42610294117653,19.04598470422623,,,53.11973654599844,63.41782635929057,20.112089614359014,29.86251367696685,-9.75042406260783,,,,,,,,,0.0,0.0,0.444864057216094,,False,False,False,False,47.06617877075774,50.428573258222734,False,False
1787893200.006,2026-08-28 13:00:00.006000042+08:00,19.5,19.5,19.48,19.48,50.660536132367326,70.6575953674928,73.01768096780035,26.98231903219965,34.41422558496798,42.716383874908416,1,66.90370879025988,53.08473750522944,19.42610294117653,19.04598470422623,,,53.11973654599844,63.41782635929057,20.112089614359014,29.86251367696685,-9.75042406260783,,,,,,,,,0.0,0.0,0.2319628741445925,,False,False,False,False,47.88988027331719,50.660536132367326,False,False
1787893200.007,2026-08-28 13:00:00.006999969+08:00,19.48,19.48,19.46,19.46,50.64218714073611,64.91310985055557,71.81465627707097,28.185343722929037,29.438613349294645,43.8315840047884,0,66.90370879025988,53.08473750522944,19.42610294117653,19.04598470422623,,,53.11973654599844,63.41782635929057,20.112089614359014,29.86251367696685,-9.75042406260783,,,,,,,,,0.0,0.0,-0.018348991631214062,,False,False,False,False,48.669052078687805,50.660536132367326,False,False
1787893200.008,2026-08-28 13:00:00.007999897+08:00,19.46,19.46,19.44,19.44,50.34630463654175,58.42678168050199,70.59709697765203,29.40290302234797,24.37425452909536,42.31227635872861,0,66.90370879025988,53.08473750522944,19.42610294117653,19.04598470422623,,,53.11973654599844,63.41782635929057,20.112089614359014,29.86251367696685,-9.75042406260783,,,,,,,,,0.0,0.0,-0.2958825041943598,,False,False,False,False,49.37567662851512,50.660536132367326,False,False
1787893200.009,2026-08-28 13:00:00.009000063+08:00,19.46,19.48,19.46,19.48,49.989533192642114,52.616442344728895,70.70477613904879,29.29522386095121,31.2383155877512,44.37149467632536,0,66.90370879025988,53.08473750522944,19.42610294117653,19.04598470422623,,,53.11973654599844,63.41782635929057,20.112089614359014,29.86251367696685,-9.75042406260783,,,,,,,,,0.0,0.0,-0.356771443899639,,False,False,False,False,49.98370920100664,50.660536132367326,False,False
1787893320.0,2026-08-28 13:02:00+08:00,19.48,19.5,19.48,19.5,49.66643258383631,48.225122461916925,70.68143476949098,29.318565230509023,36.417042130332106,39.60240940600914,1,66.90370879025988,53.08473750522944,19.42610294117653,19.04598470422623,,,53.11973654599844,63.41782635929057,20.112089614359014,29.86251367696685,-9.75042406260783,,,,,,,,,0.0,0.0,-0.3231006088058024,,True,False,False,False,49.66643258383631,50.660536132367326,False,False
1787893320.001,2026-08-28 13:02:00.000999928+08:00,19.48,19.48,19.46,19.46,49.21644228484185,43.89847662200353,69.39242499929107,30.60757500070893,33.64898636321861,45.09469590896558,0,66.90370879025988,53.08473750522944,19.42610294117653,19.04598470422623,,,53.11973654599844,63.41782635929057,20.112089614359014,29.86251367696685,-9.75042406260783,,,,,,,,,0.0,0.0,-0.4499902989944644,,False,False,False,False,49.21644228484185,50.660536132367326,False,False
1787893320.002,2026-08-28 13:02:00.002000093+08:00,19.46,19.46,19.44,19.44,48.59155695290831,39.19430864618322,69.39053292513877,30.60946707486123,30.731038005413858,44.21931140162416,0,66.90370879025988,53.08473750522944,19.42610294117653,19.04598470422623,,,53.11973654599844,63.41782635929057,20.112089614359014,29.86251367696685,-9.75042406260783,,,,,,,,,0.0,0.0,-0.6248853319335339,,False,False,False,False,48.59155695290831,50.64218714073611,False,False
1787893800.0,2026-08-28 13:10:00+08:00,19.44,19.47,19.42,19.42,47.7553528972031,34.83318863636401,62.93051263892131,37.06948736107869,-13.42322100895334,78.05393260537201,0,66.83410013380589,54.60959390305922,19.432205882353003,19.05022863751751,,,53.11973654599844,63.41782635929057,20.112089614359014,29.86251367696685,-9.75042406260783,,,,,,,,,-0.06960865645399394,0.0,-0.8362040557052097,,False,False,False,False,47.7553528972031,50.34630463654175,False,False
1787893800.001,2026-08-28 13:10:00.000999928+08:00,19.42,19.42,19.4,19.4,46.68099614669391,30.71414753908213,56.87382597707169,43.12617402292831,-36.87547936079473,92.12528761647684,0,66.83410013380589,54.60959390305922,19.432205882353003,19.05022863751751,,,53.11973654599844,63.41782635929057,20.112089614359014,29.86251367696685,-9.75042406260783,,,,,,,,,0.0,0.0,-1.074356750509196,,False,False,False,False,46.68099614669391,49.989533192642114,False,False
1787893920.0,2026-08-28 13:12:00+08:00,19.42,19.44,19.42,19.44,45.58503798741341,27.70735748269356,57.18141742963716,42.81858257036284,-29.213735067457748,87.52824104047465,0,66.83410013380589,54.60959390305922,19.432205882353003,19.05022863751751,,,53.11973654599844,63.41782635929057,20.112089614359014,29.86251367696685,-9.75042406260783,,,,,,,,,0.0,0.0,-1.0959581592804994,,False,False,False,False,45.58503798741341,49.66643258383631,False,False
1787893920.001,2026-08-28 13:12:00.000999928+08:00,19.44,19.46,19.44,19.46,44.56156305229033,25.98725525738225,57.53231466014954,42.46768533985046,-21.27159560911497,82.76295736546899,0,66.83410013380589,54.60959390305922,19.432205882353003,19.05022863751751,,,53.11973654599844,63.41782635929057,20.112089614359014,29.86251367696685,-9.75042406260783,,,,,,,,,0.0,0.0,-1.023474935123076,,False,False,False,False,44.56156305229033,49.21644228484185,False,False
1787894040.0,2026-08-28 13:14:00+08:00,19.46,19.48,19.46,19.48,43.68471540402143,25.53669321386437,58.439461096239086,41.560538903760914,-8.590042826897688,64.53845068716593,1,66.83410013380589,54.60959390305922,19.432205882353003,19.05022863751751,,,53.11973654599844,63.41782635929057,20.112089614359014,29.86251367696685,-9.75042406260783,,,,,,,,,0.0,0.0,-0.8768476482688996,,False,False,False,False,43.68471540402143,48.59155695290831,False,False
1787894160.0,2026-08-28 13:16:00+08:00,19.48,19.5,19.48,19.5,43.01201146713213,26.257640918033047,62.26780354905447,37.73219645094553,-2.699700858526667,39.23623768166141,2,66.83410013380589,54.60959390305922,19.432205882353003,19.05022863751751,,,53.11973654599844,63.41782635929057,20.112089614359014,29.86251367696685,-9.75042406260783,,,,,,,,,0.0,0.0,-0.6727039368892989,,False,False,False,False,43.01201146713213,47.7553528972031,False,False
1787894160.001,2026-08-28 13:16:00.000999928+08:00,19.5,19.52,19.5,19.52,42.58714652123067,28.02440605900771,63.75713126370233,36.24286873629767,3.0831561311518256,18.6801776462402,2,66.83410013380589,54.60959390305922,19.432205882353003,19.05022863751751,,,53.11973654599844,63.41782635929057,20.112089614359014,29.86251367696685,-9.75042406260783,,,,,,,,,0.0,0.0,-0.4248649459014615,,False,False,False,False,42.58714652123067,46.68099614669391,False,False
1787894400.0,2026-08-28 13:20:00+08:00,19.52,19.54,19.52,19.54,42.442369472627774,30.708419258067693,66.41477391971638,33.58522608028362,18.88462502145794,15.549902421198794,3,66.65503753257221,55.98716677354558,19.437573529411825,19.0548034769452,,,53.11973654599844,63.41782635929057,20.112089614359014,29.86251367696685,-9.75042406260783,,,,,,,,,-0.17906260123368156,0.0,-0.1447770486028972,,False,False,False,False,42.442369472627774,45.58503798741341,False,False
1787894400.001,2026-08-28 13:20:00.000999928+08:00,19.54,19.56,19.54,19.56,42.600489778414655,34.18906163446947,68.8873750597972,31.112624940202807,31.220016819506828,26.449716783534186,4,66.65503753257221,55.98716677354558,19.437573529411825,19.0548034769452,,,53.11973654599844,63.41782635929057,20.112089614359014,29.86251367696685,-9.75042406260783,,,,,,,,,0.0,0.0,0.15812030578688052,,False,False,False,False,42.442369472627774,44.56156305229033,False,False
1787894400.002,2026-08-28 13:20:00.002000093+08:00,19.54,19.54,19.52,19.52,42.841092308201546,37.04821348856043,66.99390775195697,33.00609224804303,27.756028381884324,46.82236382504909,3,66.65503753257221,55.98716677354558,19.437573529411825,19.0548034769452,,,53.11973654599844,63.41782635929057,20.112089614359014,29.86251367696685,-9.75042406260783,,,,,,,,,0.0,0.0,0.24060252978689078,,False,False,False,False,42.442369472627774,43.68471540402143,False,False
1787894400.003,2026-08-28 13:20:00.003000021+08:00,19.52,19.52,19.5,19.5,43.0663958915589,38.84154903398788,69.76309033832004,30.23690966167996,24.150914786113447,29.89505750636967,2,66.65503753257221,55.98716677354558,19.437573529411825,19.0548034769452,,,53.11973654599844,63.41782635929057,20.112089614359014,29.86251367696685,-9.75042406260783,,,,,,,,,0.0,0.0,0.225303583357352,,False,False,False,False,42.442369472627774,43.0663958915589,False,False
1787894520.0,2026-08-28 13:22:00+08:00,19.5,19.5,19.48,19.48,43.19873081065944,39.45477267007664,66.05018123617192,33.94981876382808,13.1704826690484,34.31274355920817,1,66.65503753257221,55.98716677354558,19.437573529411825,19.0548034769452,,,53.11973654599844,63.41782635929057,20.112089614359014,29.86251367696685,-9.75042406260783,,,,,,,,,0.0,0.0,0.1323349191005434,,False,False,False,False,42.442369472627774,43.19873081065944,False,False
1787894520.001,2026-08-28 13:22:00.000999928+08:00,19.48,19.48,19.46,19.46,43.17722697033712,38.92319427577593,63.46956547851416,36.53043452148584,3.1364739891995628,35.94094219675987,0,66.65503753257221,55.98716677354558,19.437573529411825,19.0548034769452,,,53.11973654599844,63.41782635929057,20.112089614359014,29.86251367696685,-9.75042406260783,,,,,,,,,0.0,0.0,-0.021503840322324663,,False,False,False,False,42.442369472627774,43.19873081065944,False,False
1787894760.0,2026-08-28 13:26:00+08:00,19.48,19.5,19.48,19.5,43.19048533399393,38.65324203947256,65.25793271848109,34.74206728151891,23.86213120148676,15.79980898271249,2,66.65503753257221,55.98716677354558,19.437573529411825,19.0548034769452,,,53.11973654599844,63.41782635929057,20.112089614359014,29.86251367696685,-9.75042406260783,,,,,,,,,0.0,0.0,0.01325836365680999,,False,False,False,False,42.600489778414655,43.19873081065944,False,False
1787895000.0,2026-08-28 13:30:00+08:00,19.48,19.48,19.46,19.46,43.07429041359053,37.80041188776123,56.69957455196543,43.300425448034574,-0.9494376305284132,30.35189357907013,0,66.21355183267711,56.63179149870714,19.44125000000006,19.0586860294134,,,53.11973654599844,63.41782635929057,20.112089614359014,29.86251367696685,-9.75042406260783,,,,,,,,,-0.4414856998950967,0.0,-0.11619492040339452,,False,False,False,False,42.841092308201546,43.19873081065944,False,False
1787895240.0,2026-08-28 13:34:00+08:00,19.46,19.49,19.44,19.44,42.77775397350756,36.34202668790197,47.56442141173712,52.43557858826288,-19.533315190505675,81.7199891143034,0,66.21355183267711,56.63179149870714,19.44125000000006,19.0586860294134,,,53.11973654599844,63.41782635929057,20.112089614359014,29.86251367696685,-9.75042406260783,,,,,,,,,0.0,0.0,-0.2965364400829742,,False,False,False,False,42.77775397350756,43.19873081065944,False,False
1787895360.0,2026-08-28 13:36:00+08:00,19.44,19.44,19.42,19.42,42.2622133519222,33.9544787435883,44.5563008173516,55.4436991826484,-25.227334038311326,85.1364004229868,0,66.21355183267711,56.63179149870714,19.44125000000006,19.0586860294134,,,52.38213971370321,64.41261368499835,6.948801020125384,24.361843083605745,-17.41304206348036,,,,,,,,,0.0,-0.7375968322952318,-0.5155406215853588,,False,False,False,False,42.2622133519222,43.19873081065944,False,False
1787895480.0,2026-08-28 13:38:00+08:00,19.42,19.45,19.4,19.4,41.49913096270513,30.92259066672135,40.99119555822504,59.00880444177496,-32.8068023678864,89.68408142073184,0,66.21355183267711,56.63179149870714,19.44125000000006,19.0586860294134,,,52.38213971370321,64.41261368499835,6.948801020125384,24.361843083605745,-17.41304206348036,,,,,,,,,0.0,0.0,-0.7630823892170682,,False,False,False,False,41.49913096270513,43.19048533399393,False,False
1787895840.0,2026-08-28 13:44:00+08:00,19.42,19.44,19.42,19.44,40.638387180511565,28.36683453853638,52.55774414830506,47.44225585169494,15.648627242257918,60.35071480689321,0,65.57063593202838,56.81673738761077,19.446764705882416,19.06255482514063,,,52.38213971370321,64.41261368499835,6.948801020125384,24.361843083605745,-17.41304206348036,,,,,,,,,-0.642915900648731,0.0,-0.8607437821935662,,False,False,False,False,40.638387180511565,43.19048533399393,False,False
1787895960.0,2026-08-28 13:46:00+08:00,19.44,19.46,19.44,19.46,39.793730015291054,26.79292706418069,52.56421328218392,47.435786717816086,19.622001923588268,49.53220462122695,1,65.57063593202838,56.81673738761077,19.446764705882416,19.06255482514063,,,52.38213971370321,64.41261368499835,6.948801020125384,24.361843083605745,-17.41304206348036,,,,,,,,,0.0,0.0,-0.8446571652205108,,False,False,False,False,39.793730015291054,43.07429041359053,False,False
1787895960.001,2026-08-28 13:46:00.000999928+08:00,19.46,19.48,19.46,19.48,39.05552944825882,26.54227712253482,51.08381818977208,48.91618181022792,23.581659692108385,35.26527045547109,2,65.57063593202838,56.81673738761077,19.446764705882416,19.06255482514063,,,52.38213971370321,64.41261368499835,6.948801020125384,24.361843083605745,-17.41304206348036,,,,,,,,,0.0,0.0,-0.7382005670322371,,False,False,False,False,39.05552944825882,42.77775397350756,False,False
1787896200.0,2026-08-28 13:50:00+08:00,19.48,19.5,19.48,19.5,38.49462631550264,27.82469306736264,54.4937183629351,45.5062816370649,33.57791115396543,29.08014707760393,3,64.80914488958307,57.09135029775405,19.45088235294124,19.066683632850676,,,52.38213971370321,64.41261368499835,6.948801020125384,24.361843083605745,-17.41304206348036,,,,,,,,,-0.7614910424453143,0.0,-0.5609031327561738,,False,False,False,False,38.49462631550264,42.2622133519222,False,False
1787896560.0,2026-08-28 13:56:00+08:00,19.48,19.51,19.46,19.46,37.91049294131401,29.323329761128093,46.02492822596537,53.97507177403463,-7.4276671394872125,19.44775871219255,2,64.80914488958307,57.09135029775405,19.45088235294124,19.066683632850676,,,52.38213971370321,64.41261368499835,6.948801020125384,24.361843083605745,-17.41304206348036,,,,,,,,,0.0,0.0,-0.5841333741886316,,False,False,False,False,37.91049294131401,41.49913096270513,False,False
1787896800.0,2026-08-28 14:00:00+08:00,19.46,19.49,19.44,19.44,37.22879672232053,30.28179336123269,43.06251473193136,56.93748526806864,-19.962902376365637,46.26990213932307,1,63.91413271277945,57.02168148532312,19.45235294117653,19.070373347946685,13.98348713441866,86.01651286558135,52.38213971370321,64.41261368499835,6.948801020125384,24.361843083605745,-17.41304206348036,,,,,,,,,-0.8950121768036183,0.0,-0.6816962189934799,,False,False,False,False,37.22879672232053,40.638387180511565,False,False
1787897160.0,2026-08-28 14:06:00+08:00,19.44,19.44,19.42,19.42,36.3913705134381,29.77957823547516,39.72015778795495,60.279842212045054,-32.79754911544895,73.05454769191907,1,63.91413271277945,57.02168148532312,19.45235294117653,19.070373347946685,13.98348713441866,86.01651286558135,52.38213971370321,64.41261368499835,6.948801020125384,24.361843083605745,-17.41304206348036,,,,,,,,,0.0,0.0,-0.8374262088824338,,False,False,False,False,36.3913705134381,39.793730015291054,False,False
1787897400.0,2026-08-28 14:10:00+08:00,19.44,19.46,19.44,19.46,35.60860913786393,29.758659021902304,43.08454140950194,56.91545859049806,-18.861265891431465,26.600554583129515,2,62.948371256316726,56.974827890499775,19.454632352941243,19.074250230056663,12.683962725860033,87.31603727413997,52.38213971370321,64.41261368499835,6.948801020125384,24.361843083605745,-17.41304206348036,,,,,,,,,-0.9657614564627224,0.0,-0.782761375574168,,False,False,False,False,35.60860913786393,39.05552944825882,False,False
1787897520.0,2026-08-28 14:12:00+08:00,19.46,19.48,19.46,19.48,34.96237788174846,30.83836085737809,45.15089740969831,54.84910259030169,-10.699694162304716,12.38118255738775,3,62.948371256316726,56.974827890499775,19.454632352941243,19.074250230056663,12.683962725860033,87.31603727413997,52.38213971370321,64.41261368499835,6.948801020125384,24.361843083605745,-17.41304206348036,,,,,,,,,0.0,0.0,-0.6462312561154704,,False,False,False,False,34.96237788174846,38.49462631550264,False,False
1787898480.0,2026-08-28 14:28:00+08:00,19.48,19.5,19.45,19.5,34.516441665502654,32.93763586848358,56.36282159004522,43.63717840995478,29.967445329759677,73.81292351198609,4,61.95667930899611,57.07977473979153,19.45602941176477,19.07826266557849,12.073075010586598,87.92692498941341,51.70698978887942,65.47614537089709,5.536572948467041,16.3708759503686,-10.834303001901558,,,,,,,,,-0.9916919473206178,-0.675149924823792,-0.44593621624580493,,False,False,False,False,34.516441665502654,37.91049294131401,False,False
1787899320.0,2026-08-28 14:42:00+08:00,19.48,19.51,19.46,19.46,34.06440629272025,34.78820831120868,46.06364458024373,53.93635541975627,-10.798831072540215,39.85170213575536,2,60.012964690196746,57.819690529436656,19.459191176470654,19.08648931510541,11.636857932027478,88.36314206797252,51.70698978887942,65.47614537089709,5.536572948467041,16.3708759503686,-10.834303001901558,,,,,,,,,-1.943714618799362,0.0,-0.45203537278240447,,False,True,False,False,34.06440629272025,37.22879672232053,False,False
1787900040.0,2026-08-28 14:54:00+08:00,19.48,19.5,19.45,19.5,33.782197122280635,36.935724478718825,53.28604201401988,46.71395798598012,13.44404492673954,62.94827323977135,4,59.10813613687065,58.24711330858723,19.459191176470654,19.090504346795903,11.054509681965149,88.94549031803484,51.70698978887942,65.47614537089709,5.536572948467041,16.3708759503686,-10.834303001901558,,,,,,,,,-0.904828553326098,0.0,-0.28220917043961435,,False,False,False,False,33.782197122280635,36.3913705134381,False,False
1787900160.0,2026-08-28 14:56:00+08:00,19.5,19.52,19.5,19.52,33.72306944456052,40.21782251631472,53.620068602386205,46.3799313976138,15.560788693223357,78.08310725682317,4,59.10813613687065,58.24711330858723,19.459191176470654,19.090504346795903,11.054509681965149,88.94549031803484,51.70698978887942,65.47614537089709,5.536572948467041,16.3708759503686,-10.834303001901558,,,,,,,,,0.0,0.0,-0.05912767772011307,,False,False,False,False,33.72306944456052,35.60860913786393,False,False
1788139800.0,2026-08-31 09:30:00+08:00,19.5,19.5,19.48,19.48,33.67203174075036,42.68030578126188,53.36220966045499,46.63779033954501,15.507367627577985,48.49012014740814,3,58.0010605925962,57.248509931596814,19.435735294117716,19.08726549757405,72.1291983252155,27.870801674784506,27.02963796510476,13.088175227947657,-64.58539471403695,-64.91288638659425,0.3274916725573007,,,,,,,,,-1.1070755442744513,-24.677351823774657,-0.051037703810159485,,False,False,False,False,33.67203174075036,34.96237788174846,False,False
1788139800.001,2026-08-31 09:30:00.000999928+08:00,19.48,19.48,19.46,19.46,33.54291977505705,43.7227767675778,53.420277907495496,46.5797220925045,15.44866147255576,22.48533844159533,2,58.0010605925962,57.248509931596814,19.435735294117716,19.08726549757405,72.1291983252155,27.870801674784506,27.02963796510476,13.088175227947657,-64.58539471403695,-64.91288638659425,0.3274916725573007,,,,,,,,,0.0,0.0,-0.12911196569331196,,False,False,False,False,33.54291977505705,34.516441665502654,False,False
1788139800.002,2026-08-31 09:30:00.002000093+08:00,19.46,19.46,19.44,19.44,33.26795052574615,43.18935170688617,53.4784726708338,46.52152732916621,15.384153587375712,29.88859852522475,1,58.0010605925962,57.248509931596814,19.435735294117716,19.08726549757405,72.1291983252155,27.870801674784506,27.02963796510476,13.088175227947657,-64.58539471403695,-64.91288638659425,0.3274916725573007,,,,,,,,,0.0,0.0,-0.2749692493108995,,False,False,False,False,33.26795052574615,34.06440629272025,False,False
1788139800.003,2026-08-31 09:30:00.003000021+08:00,19.44,19.44,19.42,19.42,32.79466258045367,41.12578727324072,55.013310295863405,44.9866897041366,15.31327812488746,37.3908414203712,1,58.0010605925962,57.248509931596814,19.435735294117716,19.08726549757405,72.1291983252155,27.870801674784506,27.02963796510476,13.088175227947657,-64.58539471403695,-64.91288638659425,0.3274916725573007,,,,,,,,,0.0,0.0,-0.4732879452924834,,False,False,False,False,32.79466258045367,33.782197122280635,False,False
1788139800.004,2026-08-31 09:30:00.003999949+08:00,19.42,19.42,19.4,19.4,32.083324597665225,37.66098913930401,56.63885110457005,43.36114889542996,15.235415615737384,39.57062468472121,0,58.0010605925962,57.248509931596814,19.435735294117716,19.08726549757405,72.1291983252155,27.870801674784506,27.02963796510476,13.088175227947657,-64.58539471403695,-64.91288638659425,0.3274916725573007,,,,,,,,,0.0,0.0,-0.711337982788443,,False,False,False,False,32.083324597665225,33.72306944456052,False,False
1788139800.005,2026-08-31 09:30:00.005000114+08:00,19.4,19.4,19.380000000000003,19.380000000000003,31.1897767685309,33.803465317984134,56.36606092132751,43.63393907867249,15.14988821327798,39.54496646398339,0,58.0010605925962,57.248509931596814,19.435735294117716,19.08726549757405,72.1291983252155,27.870801674784506,27.02963796510476,13.088175227947657,-64.58539471403695,-64.91288638659425,0.3274916725573007,,,,,,,,,0.0,0.0,-0.8935478291343237,,False,False,False,False,31.1897767685309,33.67203174075036,False,False
1788139800.006,2026-08-31 09:30:00.006000042+08:00,19.38,19.38,19.36,19.36,30.16032261096959,30.021421871848148,56.07337665011178,43.92662334988822,15.055954585593517,39.51678637567805,0,58.0010605925962,57.248509931596814,19.435735294117716,19.08726549757405,72.1291983252155,27.870801674784506,27.02963796510476,13.088175227947657,-64.58539471403695,-64.91288638659425,0.3274916725573007,,,,,,,,,0.0,0.0,-1.029454157561311,,True,False,False,False,30.16032261096959,33.54291977505705,False,False
1788139800.007,2026-08-31 09:30:00.006999969+08:00,19.36,19.36,19.34,19.34,29.033202744635396,26.51589909239809,55.56959918457427,44.43040081542573,14.95280444353457,39.48584133306037,0,58.0010605925962,57.248509931596814,19.435735294117716,19.08726549757405,72.1291983252155,27.870801674784506,27.02963796510476,13.088175227947657,-64.58539471403695,-64.91288638659425,0.3274916725573007,,,,,,,,,0.0,0.0,-1.1271198663341941,,False,False,False,False,29.033202744635396,33.26795052574615,False,False
1788139800.008,2026-08-31 09:30:00.007999897+08:00,19.34,19.34,19.32,19.32,27.83985016995475,23.357634632700663,55.307173574998,44.692826425002,14.839552697120444,39.45186580913614,0,58.0010605925962,57.248509931596814,19.435735294117716,19.08726549757405,72.1291983252155,27.870801674784506,27.02963796510476,13.088175227947657,-64.58539471403695,-64.91288638659425,0.3274916725573007,,,,,,,,,0.0,0.0,-1.1933525746806453,,False,False,False,False,27.83985016995475,32.79466258045367,False,False
1788139800.009,2026-08-31 09:30:00.009000063+08:00,19.32,19.32,19.3,19.3,26.605958833270616,20.555470467417635,55.041935975500536,44.95806402449946,14.71523323728604,39.41456997118581,0,58.0010605925962,57.248509931596814,19.435735294117716,19.08726549757405,72.1291983252155,27.870801674784506,27.02963796510476,13.088175227947657,-64.58539471403695,-64.91288638659425,0.3274916725573007,,,,,,,,,0.0,0.0,-1.2338913366841346,,False,False,False,False,26.605958833270616,32.083324597665225,False,False
1788139800.01,2026-08-31 09:30:00.009999990+08:00,19.3,19.3,19.28,19.28,25.352392679243756,18.09037671013383,54.2194115277246,45.7805884722754,14.578792345953548,39.37363770378607,0,58.0010605925962,57.248509931596814,19.435735294117716,19.08726549757405,72.1291983252155,27.870801674784506,27.02963796510476,13.088175227947657,-64.58539471403695,-64.91288638659425,0.3274916725573007,,,,,,,,,0.0,0.0,-1.25356615402686,,False,False,False,False,25.352392679243756,31.1897767685309,False,False
1788139800.011,2026-08-31 09:30:00.010999918+08:00,19.28,19.28,19.26,19.26,24.09595846808723,15.945819824655684,53.3672252299749,46.6327747700251,14.429081745070263,39.32872452352108,0,58.0010605925962,57.248509931596814,19.435735294117716,19.08726549757405,72.1291983252155,27.870801674784506,27.02963796510476,13.088175227947657,-64.58539471403695,-64.91288638659425,0.3274916725573007,,,,,,,,,0.0,0.0,-1.2564342111565274,,False,False,False,False,24.09595846808723,30.16032261096959,False,False
1788139800.012,2026-08-31 09:30:00.012000084+08:00,19.26,19.26,19.24,19.24,22.85006227483931,14.0918185189142,53.5116398094764,46.4883601905236,14.26485130487897,39.27945539146369,0,58.0010605925962,57.248509931596814,19.435735294117716,19.08726549757405,72.1291983252155,27.870801674784506,27.02963796510476,13.088175227947657,-64.58539471403695,-64.91288638659425,0.3274916725573007,,,,,,,,,0.0,0.0,-1.2458961932479191,,False,False,False,False,22.85006227483931,29.033202744635396,False,False
1788139800.013,2026-08-31 09:30:00.013000011+08:00,19.24,19.24,19.22,19.22,21.625266710062,12.481164255578722,53.65683809696014,46.34316190303986,14.084741443620535,39.22542243308616,0,58.0010605925962,57.248509931596814,19.435735294117716,19.08726549757405,72.1291983252155,27.870801674784506,27.02963796510476,13.088175227947657,-64.58539471403695,-64.91288638659425,0.3274916725573007,,,,,,,,,0.0,0.0,-1.2247955647773097,,False,False,False,False,21.625266710062,27.83985016995475,False,False
1788139800.014,2026-08-31 09:30:00.013999939+08:00,19.22,19.22,19.2,19.2,20.429763436973296,11.077943553036446,54.1470017168447,45.8529982831553,13.887275265489508,39.16618257964685,0,58.0010605925962,57.248509931596814,19.435735294117716,19.08726549757405,72.1291983252155,27.870801674784506,27.02963796510476,13.088175227947657,-64.58539471403695,-64.91288638659425,0.3274916725573007,,,,,,,,,0.0,0.0,-1.195503273088704,,False,False,False,False,20.429763436973296,26.605958833270616,False,False
1788139800.015,2026-08-31 09:30:00.015000105+08:00,19.2,19.2,19.18,19.18,19.26977344985195,9.853348796477968,54.64620334321063,45.35379665678937,13.670850501385912,39.101255150415774,0,58.0010605925962,57.248509931596814,19.435735294117716,19.08726549757405,72.1291983252155,27.870801674784506,27.02963796510476,13.088175227947657,-64.58539471403695,-64.91288638659425,0.3274916725573007,,,,,,,,,0.0,0.0,-1.159989987121346,,False,False,False,False,19.26977344985195,25.352392679243756,False,False
1788139800.016,2026-08-31 09:30:00.016000032+08:00,19.18,19.18,19.16,19.16,18.14988577183851,8.783442002648904,53.39681258944458,46.60318741055542,13.433731338266522,39.03011940147996,0,58.0010605925962,57.248509931596814,19.435735294117716,19.08726549757405,72.1291983252155,27.870801674784506,27.02963796510476,13.088175227947657,-64.58539471403695,-64.91288638659425,0.3274916725573007,,,,,,,,,0.0,0.0,-1.1198876780134412,,False,False,False,False,18.14988577183851,24.09595846808723,False,False
1788139800.017,2026-08-31 09:30:00.016999960+08:00,19.16,19.16,19.14,19.14,17.07334368350293,7.847897744953992,54.97329593391493,45.02670406608507,13.174040248146891,38.95221207444406,0,58.0010605925962,57.248509931596814,19.435735294117716,19.08726549757405,72.1291983252155,27.870801674784506,27.02963796510476,13.088175227947657,-64.58539471403695,-64.91288638659425,0.3274916725573007,,,,,,,,,0.0,0.0,-1.0765420883355787,,False,False,False,False,17.07334368350293,22.85006227483931,False,False
1788139800.018,2026-08-31 09:30:00.017999887+08:00,19.14,19.14,19.12,19.12,16.042286269485807,7.029243224159444,56.72956340263931,43.27043659736069,12.88974995748718,38.86692498724615,0,58.0010605925962,57.248509931596814,19.435735294117716,19.08726549757405,72.1291983252155,27.870801674784506,27.02963796510476,13.088175227947657,-64.58539471403695,-64.91288638659425,0.3274916725573007,,,,,,,,,0.0,0.0,-1.0310574140171234,,False,False,False,False,16.042286269485807,21.625266710062,False,False
1788139800.019,2026-08-31 09:30:00.019000053+08:00,19.12,19.12,19.1,19.1,15.05795193721212,6.312356906719145,57.39533370849084,42.60466629150916,12.578675732219574,38.773602719665874,0,58.0010605925962,57.248509931596814,19.435735294117716,19.08726549757405,72.1291983252155,27.870801674784506,27.02963796510476,13.088175227947657,-64.58539471403695,-64.91288638659425,0.3274916725573007,,,,,,,,,0.0,0.0,-0.9843343322736864,,False,False,False,False,15.05795193721212,20.429763436973296,False,False
1788139800.02,2026-08-31 09:30:00.019999981+08:00,19.1,19.1,19.08,19.08,14.120849591757429,5.684107407206337,58.396414310144976,41.603585689855024,12.238468193388169,38.67154045801645,0,58.0010605925962,57.248509931596814,19.435735294117716,19.08726549757405,72.1291983252155,27.870801674784506,27.02963796510476,13.088175227947657,-64.58539471403695,-64.91288638659425,0.3274916725573007,,,,,,,,,0.0,0.0,-0.9371023454546918,,False,False,False,False,14.120849591757429,19.26977344985195,False,False
1788139800.021,2026-08-31 09:30:00.020999908+08:00,19.08,19.08,19.06,19.06,13.230902320969436,5.1330735522419975,54.19097021873118,45.80902978126882,11.86660692349434,38.5599820770483,0,58.0010605925962,57.248509931596814,19.435735294117716,19.08726549757405,72.1291983252155,27.870801674784506,27.02963796510476,13.088175227947657,-64.58539471403695,-64.91288638659425,0.3274916725573007,,,,,,,,,0.0,0.0,-0.8899472707879923,,False,False,False,False,13.230902320969436,18.14988577183851,False,False
1788139800.022,2026-08-31 09:30:00.022000074+08:00,19.06,19.06,19.04,19.04,12.38756773482216,4.649315694001939,53.59783053844522,46.40216946155478,11.460395174212186,38.43811855226366,0,58.0010605925962,57.248509931596814,19.435735294117716,19.08726549757405,72.1291983252155,27.870801674784506,27.02963796510476,13.088175227947657,-64.58539471403695,-64.91288638659425,0.3274916725573007,,,,,,,,,0.0,0.0,-0.843334586147277,,False,False,False,False,12.38756773482216,17.07334368350293,False,False
1788139800.023,2026-08-31 09:30:00.023000002+08:00,19.04,19.04,19.02,19.02,11.589938495492472,4.224182633756049,52.990038136079896,47.0099618639201,11.01695604193318,38.30508681257996,0,58.0010605925962,57.248509931596814,19.435735294117716,19.08726549757405,72.1291983252155,27.870801674784506,27.02963796510476,13.088175227947657,-64.58539471403695,-64.91288638659425,0.3274916725573007,,,,,,,,,0.0,0.0,-0.7976292393296873,,False,False,False,False,11.589938495492472,16.042286269485807,False,False
1788139800.024,2026-08-31 09:30:00.023999929+08:00,19.02,19.02,19.0,19.0,10.83682605505157,3.850145529701048,51.25318348901571,48.74681651098429,10.533230538024064,38.15996916140722,0,58.0010605925962,57.248509931596814,19.435735294117716,19.08726549757405,72.1291983252155,27.870801674784506,27.02963796510476,13.088175227947657,-64.58539471403695,-64.91288638659425,0.3274916725573007,,,,,,,,,0.0,0.0,-0.7531124404409013,,False,False,False,False,10.83682605505157,15.05795193721212,False,False
1788139800.025,2026-08-31 09:30:00.025000095+08:00,19.0,19.0,18.98,18.98,10.126830173322572,3.520653624518924,57.72618577010245,42.27381422989755,10.00597804465878,38.00179341339764,0,58.0010605925962,57.248509931596814,19.435735294117716,19.08726549757405,72.1291983252155,27.870801674784506,27.02963796510476,13.088175227947657,-64.58539471403695,-64.91288638659425,0.3274916725573007,,,,,,,,,0.0,0.0,-0.7099958817289984,,False,False,False,False,10.126830173322572,14.120849591757429,False,False
1788139800.026,2026-08-31 09:30:00.026000023+08:00,18.98,18.98,18.96,18.96,9.45839640854518,3.230008365444655,61.30387753699414,38.69612246300586,9.431779712910004,37.829533913873,0,58.0010605925962,57.248509931596814,19.435735294117716,19.08726549757405,72.1291983252155,27.870801674784506,27.02963796510476,13.088175227947657,-64.58539471403695,-64.91288638659425,0.3274916725573007,,,,,,,,,0.0,0.0,-0.6684337647773919,,False,False,False,False,9.45839640854518,13.230902320969436,False,False
1788139800.027,2026-08-31 09:30:00.026999950+08:00,18.96,18.96,18.94,18.94,8.829863448737203,2.97325339579731,66.6048079756207,33.3951920243793,8.80704542497714,37.642113627493146,0,58.0010605925962,57.248509931596814,19.435735294117716,19.08726549757405,72.1291983252155,27.870801674784506,27.02963796510476,13.088175227947657,-64.58539471403695,-64.91288638659425,0.3274916725573007,,,,,,,,,0.0,0.0,-0.628532959807977,,False,False,False,False,8.829863448737203,12.38756773482216,False,False
1788139800.028,2026-08-31 09:30:00.028000116+08:00,18.94,18.94,18.92,18.92,8.239501874107004,2.7460784043438684,64.52474006484114,35.47525993515886,8.128025003562577,37.43840750106877,0,58.0010605925962,57.248509931596814,19.435735294117716,19.08726549757405,72.1291983252155,27.870801674784506,27.02963796510476,13.088175227947657,-64.58539471403695,-64.91288638659425,0.3274916725573007,,,,,,,,,0.0,0.0,-0.5903615746301991,,False,False,False,False,8.239501874107004,11.589938495492472,False,False
1788139800.029,2026-08-31 09:30:00.029000044+08:00,18.92,18.92,18.9,18.9,7.685545703747183,2.544735134885333,63.0468148988413,36.9531851011587,7.390824403970586,37.21724732119118,0,58.0010605925962,57.248509931596814,19.435735294117716,19.08726549757405,72.1291983252155,27.870801674784506,27.02963796510476,13.088175227947657,-64.58539471403695,-64.91288638659425,0.3274916725573007,,,,,,,,,0.0,0.0,-0.5539561703598217,,False,False,False,False,7.685545703747183,10.83682605505157,False,False
1788139800.03,2026-08-31 09:30:00.029999971+08:00,18.9,18.9,18.880000000000003,18.880000000000003,7.166217877300109,2.3659640811970384,46.16889716632639,53.83110283367361,6.59142766274711,36.97742829882414,0,58.0010605925962,57.248509931596814,19.435735294117716,19.08726549757405,72.1291983252155,27.870801674784506,27.02963796510476,13.088175227947657,-64.58539471403695,-64.91288638659425,0.3274916725573007,,,,,,,,,0.0,0.0,-0.519327826447074,,False,False,False,False,7.166217877300109,10.126830173322572,False,False
1788139800.031,2026-08-31 09:30:00.030999899+08:00,18.88,18.88,18.86,18.86,6.679750649339171,2.2069305675394864,94.94974710545192,5.0502528945480805,5.046140471887984,36.5138421415664,0,58.0010605925962,57.248509931596814,19.435735294117716,19.08726549757405,72.1291983252155,27.870801674784506,27.02963796510476,13.088175227947657,-64.58539471403695,-64.91288638659425,0.3274916725573007,,,,,,,,,0.0,0.0,-0.48646722796093744,,False,False,False,False,6.679750649339171,9.45839640854518,False,False
1788139800.032,2026-08-31 09:30:00.032000065+08:00,18.86,18.86,18.84,18.84,6.224401726581087,2.0651690631645128,62.70607262103521,37.29392737896479,3.39726199416899,36.0191785982507,0,58.0010605925962,57.248509931596814,19.435735294117716,19.08726549757405,72.1291983252155,27.870801674784506,27.02963796510476,13.088175227947657,-64.58539471403695,-64.91288638659425,0.3274916725573007,,,,,,,,,0.0,0.0,-0.45534892275808403,,False,False,False,False,6.224401726581087,8.829863448737203,False,False
1788139800.033,2026-08-31 09:30:00.032999992+08:00,18.84,18.84,18.82,18.82,5.798466852073825,1.9409356702231797,6.289268192718121e-13,99.99999999999936,1.64226821237035,35.4926804637111,0,58.0010605925962,57.248509931596814,19.435735294117716,19.08726549757405,72.1291983252155,27.870801674784506,27.02963796510476,13.088175227947657,-64.58539471403695,-64.91288638659425,0.3274916725573007,,,,,,,,,0.0,0.0,-0.425934874507262,,False,False,False,False,5.798466852073825,8.239501874107004,False,False
1788139800.034,2026-08-31 09:30:00.033999920+08:00,18.82,18.82,18.8,18.8,5.400289433057088,1.8330881388206064,6.864687252220539e-13,99.99999999999932,-0.2206757311468502,35.066202719344055,0,58.0010605925962,57.248509931596814,19.435735294117716,19.08726549757405,72.1291983252155,27.870801674784506,27.02963796510476,13.088175227947657,-64.58539471403695,-64.91288638659425,0.3274916725573007,,,,,,,,,0.0,0.0,-0.3981774190167373,,False,False,False,False,5.400289433057088,7.685545703747183,False,False
1788139800.035,2026-08-31 09:30:00.035000086+08:00,18.8,18.8,18.78,18.78,5.028267717584,1.7399665146062584,5.677853144676348e-13,99.99999999999945,-2.192598248439245,35.65777947453177,0,58.0010605925962,57.248509931596814,19.435735294117716,19.08726549757405,72.1291983252155,27.870801674784506,27.02963796510476,13.088175227947657,-64.58539471403695,-64.91288638659425,0.3274916725573007,,,,,,,,,0.0,0.0,-0.37202171547308804,,False,False,False,False,5.028267717584,7.166217877300109,False,False
1788139800.036,2026-08-31 09:30:00.036000013+08:00,18.78,18.78,18.76,18.76,4.680859946925991,1.6598075380593167,2.72386561543454e-13,99.99999999999972,-4.273605879955065,36.28208176398652,0,58.0010605925962,57.248509931596814,19.435735294117716,19.08726549757405,72.1291983252155,27.870801674784506,27.02963796510476,13.088175227947657,-64.58539471403695,-64.91288638659425,0.3274916725573007,,,,,,,,,0.0,0.0,-0.347407770658009,,False,False,False,False,4.680859946925991,6.679750649339171,False,False
1788139800.037,2026-08-31 09:30:00.036999941+08:00,18.76,18.76,18.74,18.74,4.35658784429078,1.5909296231232253,1.5569408350888896e-13,99.99999999999984,-6.462774034282491,36.93883221028474,0,58.0010605925962,57.248509931596814,19.435735294117716,19.08726549757405,72.1291983252155,27.870801674784506,27.02963796510476,13.088175227947657,-64.58539471403695,-64.91288638659425,0.3274916725573007,,,,,,,,,0.0,0.0,-0.3242721026352111,,False,False,False,False,4.35658784429078,6.224401726581087,False,False
1788139800.038,2026-08-31 09:30:00.038000107+08:00,18.74,18.74,18.72,18.72,4.054038743782237,1.5318062999443247,1.9622854762834846e-13,99.9999999999998,-8.758048743541183,37.62741462306235,0,58.0010605925962,57.248509931596814,19.435735294117716,19.08726549757405,72.1291983252155,27.870801674784506,27.02963796510476,13.088175227947657,-64.58539471403695,-64.91288638659425,0.3274916725573007,,,,,,,,,0.0,0.0,-0.3025491005085428,,False,False,False,False,4.054038743782237,5.798466852073825,False,False
1788139800.039,2026-08-31 09:30:00.039000034+08:00,18.72,18.72,18.7,18.7,3.7718666153797,1.4810866106027132,3.741729907807242e-13,99.99999999999964,-11.15616464743102,76.69369878845862,0,58.0010605925962,57.248509931596814,19.435735294117716,19.08726549757405,72.1291983252155,27.870801674784506,27.02963796510476,13.088175227947657,-64.58539471403695,-64.91288638659425,0.3274916725573007,,,,,,,,,0.0,0.0,-0.28217212840253714,,False,False,False,False,3.7718666153797,5.400289433057088,False,False
1788139800.04,2026-08-31 09:30:00.039999962+08:00,18.7,18.7,18.68,18.68,3.5087922007799293,1.4375913135729492,6.712150504377161e-13,99.99999999999932,-13.652584530929,78.19155071855741,0,58.0010605925962,57.248509931596814,19.435735294117716,19.08726549757405,72.1291983252155,27.870801674784506,27.02963796510476,13.088175227947657,-64.58539471403695,-64.91288638659425,0.3274916725573007,,,,,,,,,0.0,0.0,-0.26307441459977055,,False,False,False,False,3.5087922007799293,5.028267717584,False,False
1788139800.041,2026-08-31 09:30:00.040999889+08:00,18.68,18.68,18.66,18.66,3.263602440172153,1.4002989916074944,8.233898683340383e-13,99.99999999999918,-16.241465537872678,79.7448793227236,0,58.0010605925962,57.248509931596814,19.435735294117716,19.08726549757405,72.1291983252155,27.870801674784506,27.02963796510476,13.088175227947657,-64.58539471403695,-64.91288638659425,0.3274916725573007,,,,,,,,,0.0,0.0,-0.2451897606077762,,False,False,False,False,3.263602440172153,4.680859946925991,False,False
1788139800.042,2026-08-31 09:30:00.042000055+08:00,18.66,18.66,18.64,18.64,3.0351493405029824,1.36832882480999,8.386450068133299e-13,99.99999999999916,-18.9156566175172,81.34939397051032,0,58.0010605925962,57.248509931596814,19.435735294117716,19.08726549757405,72.1291983252155,27.870801674784506,27.02963796510476,13.088175227947657,-64.58539471403695,-64.91288638659425,0.3274916725573007,,,,,,,,,0.0,0.0,-0.2284530996691707,,False,False,False,False,3.0351493405029824,4.35658784429078,False,False
1788139800.043,2026-08-31 09:30:00.042999983+08:00,18.64,18.64,18.62,18.62,2.822348410761163,1.3409231649985722,7.739706214589506e-13,99.99999999999925,-21.666730811373487,83.0000384868241,0,58.0010605925962,57.248509931596814,19.435735294117716,19.08726549757405,72.1291983252155,27.870801674784506,27.02963796510476,13.088175227947657,-64.58539471403695,-64.91288638659425,0.3274916725573007,,,,,,,,,0.0,0.0,-0.2128009297418192,,False,False,False,False,2.822348410761163,4.054038743782237,False,False
1788139800.044,2026-08-31 09:30:00.043999910+08:00,18.62,18.62,18.6,18.6,2.624176768611948,1.31743126959633,6.433446536478525e-13,99.99999999999936,-24.48505466484842,84.69103279890905,0,58.0010605925962,57.248509931596814,19.435735294117716,19.08726549757405,72.1291983252155,27.870801674784506,27.02963796510476,13.088175227947657,-64.58539471403695,-64.91288638659425,0.3274916725573007,,,,,,,,,0.0,0.0,-0.198171642149215,,False,False,False,False,2.624176768611948,3.7718666153797,False,False
1788139800.045,2026-08-31 09:30:00.045000076+08:00,18.6,18.6,18.58,18.58,2.4396710047726557,1.2972946943267143,4.98090408884785e-13,99.9999999999995,-27.359895403479484,86.4159372420877,0,58.0010605925962,57.248509931596814,19.435735294117716,19.08726549757405,72.1291983252155,27.870801674784506,27.02963796510476,13.088175227947657,-64.58539471403695,-64.91288638659425,0.3274916725573007,,,,,,,,,0.0,0.0,-0.1845057638392924,,False,False,False,False,2.4396710047726557,3.5087922007799293,False,False
1788139800.046,2026-08-31 09:30:00.046000004+08:00,18.58,18.58,18.56,18.56,2.2679248763620685,1.2800344402046255,3.389557075614387e-13,99.99999999999966,-30.27956463852884,88.1677387831173,0,58.0010605925962,57.248509931596814,19.435735294117716,19.08726549757405,72.1291983252155,27.870801674784506,27.02963796510476,13.088175227947657,-64.58539471403695,-64.91288638659425,0.3274916725573007,,,,,,,,,0.0,0.0,-0.17174612841058723,,False,False,False,False,2.2679248763620685,3.263602440172153,False,False
1788139800.047,2026-08-31 09:30:00.046999931+08:00,18.56,18.56,18.54,18.54,2.1080868876642334,1.265239770440235,2.129266542157893e-13,99.9999999999998,-33.231595389148985,89.93895723348939,0,58.0010605925962,57.248509931596814,19.435735294117716,19.08726549757405,72.1291983252155,27.870801674784506,27.02963796510476,13.088175227947657,-64.58539471403695,-64.91288638659425,0.3274916725573007,,,,,,,,,0.0,0.0,-0.15983798869783516,,False,False,False,False,2.1080868876642334,3.0351493405029824,False,False
1788139800.048,2026-08-31 09:30:00.048000097+08:00,18.54,18.54,18.52,18.52,1.9593578059693824,1.2525585418122769,1.274717387562056e-13,99.99999999999989,-36.20294728176721,91.72176836906031,0,58.0010605925962,57.248509931596814,19.435735294117716,19.08726549757405,72.1291983252155,27.870801674784506,27.02963796510476,13.088175227947657,-64.58539471403695,-64.91288638659425,0.3274916725573007,,,,,,,,,0.0,0.0,-0.148729081694851,,False,False,False,False,1.9593578059693824,2.822348410761163,False,False
1788139800.049,2026-08-31 09:30:00.049000025+08:00,18.52,18.52,18.5,18.5,1.82098815109012,1.2416888757162154,2.6872542567425304e-14,99.99999999999996,-39.18023307546563,93.50813984527936,0,58.0010605925962,57.248509931596814,19.435735294117716,19.08726549757405,72.1291983252155,27.870801674784506,27.02963796510476,13.088175227947657,-64.58539471403695,-64.91288638659425,0.3274916725573007,,,,,,,,,0.0,0.0,-0.13836965487926234,,False,False,False,False,1.82098815109012,2.624176768611948,False,False
1788139800.05,2026-08-31 09:30:00.049999952+08:00,18.5,18.5,18.48,18.48,1.6922756895424402,1.2323719982835426,-7.93315247639258e-14,100.00000000000009,-42.14995832000555,95.28997499200332,0,58.0010605925962,57.248509931596814,19.435735294117716,19.08726549757405,72.1291983252155,27.870801674784506,27.02963796510476,13.088175227947657,-64.58539471403695,-64.91288638659425,0.3274916725573007,,,,,,,,,0.0,0.0,-0.1287124615476798,,False,False,False,False,1.6922756895424402,2.4396710047726557,False,False
1788139800.051,2026-08-31 09:30:00.051000118+08:00,18.5,18.52,18.5,18.52,1.6118094258270557,1.4866728258267763,10.90415288695324,89.09584711304676,-20.564452587137296,82.33867155228238,0,58.0010605925962,57.248509931596814,19.435735294117716,19.08726549757405,72.1291983252155,27.870801674784506,27.02963796510476,13.088175227947657,-64.58539471403695,-64.91288638659425,0.3274916725573007,,,,,,,,,0.0,0.0,-0.08046626371538457,,False,False,False,False,1.6118094258270557,2.2679248763620685,False,False
1788139800.052,2026-08-31 09:30:00.052000046+08:00,18.52,18.54,18.52,18.54,1.5901875153536231,2.0698251215005303,19.9923392014004,80.0076607985996,-3.3083197652221994,59.127849001990455,0,58.0010605925962,57.248509931596814,19.435735294117716,19.08726549757405,72.1291983252155,27.870801674784506,27.02963796510476,13.088175227947657,-64.58539471403695,-64.91288638659425,0.3274916725573007,,,,,,,,,0.0,0.0,-0.021621910473432537,,False,True,False,False,1.5901875153536231,2.1080868876642334,False,False
1788139800.053,2026-08-31 09:30:00.052999973+08:00,18.54,18.56,18.54,18.56,1.635244772088584,3.00139596995398,27.68333178985758,72.31666821014242,10.744175498830808,51.90105075384394,0,58.0010605925962,57.248509931596814,19.435735294117716,19.08726549757405,72.1291983252155,27.870801674784506,27.02963796510476,13.088175227947657,-64.58539471403695,-64.91288638659425,0.3274916725573007,,,,,,,,,0.0,0.0,0.04505725673496097,,False,False,False,False,1.5901875153536231,1.9593578059693824,False,False
1788139920.0,2026-08-31 09:32:00+08:00,18.54,18.54,18.52,18.52,1.6936669669803404,3.7576837642944376,18.28461804272928,81.71538195727072,-40.41103131776496,94.24661879065896,0,58.0010605925962,57.248509931596814,19.435735294117716,19.08726549757405,72.1291983252155,27.870801674784506,27.02963796510476,13.088175227947657,-64.58539471403695,-64.91288638659425,0.3274916725573007,,,,,,,,,0.0,0.0,0.05842219489175626,,False,False,False,False,1.5901875153536231,1.82098815109012,False,False
1788139920.001,2026-08-31 09:32:00.000999928+08:00,18.54,18.56,18.54,18.56,1.8013768846016076,4.700100628951329,21.920621524943133,78.07937847505687,-32.025520252000014,85.0463242217664,0,58.0010605925962,57.248509931596814,19.435735294117716,19.08726549757405,72.1291983252155,27.870801674784506,27.02963796510476,13.088175227947657,-64.58539471403695,-64.91288638659425,0.3274916725573007,,,,,,,,,0.0,0.0,0.10770991762126725,,False,False,False,False,1.5901875153536231,1.8013768846016076,False,False
1788139920.002,2026-08-31 09:32:00.002000093+08:00,18.56,18.58,18.56,18.58,1.96683995914489,5.941741485205705,25.328098350965245,74.67190164903475,-23.886977489498307,75.69348911948745,0,58.0010605925962,57.248509931596814,19.435735294117716,19.08726549757405,72.1291983252155,27.870801674784506,27.02963796510476,13.088175227947657,-64.58539471403695,-64.91288638659425,0.3274916725573007,,,,,,,,,0.0,0.0,0.16546307454328235,,False,False,False,False,1.5901875153536231,1.96683995914489,False,False
1788139920.003,2026-08-31 09:32:00.003000021+08:00,18.58,18.6,18.58,18.6,2.196204667243796,7.530944656138682,28.527936807642284,71.47206319235772,-16.019891411545157,66.9460118129059,0,58.0010605925962,57.248509931596814,19.435735294117716,19.08726549757405,72.1291983252155,27.870801674784506,27.02963796510476,13.088175227947657,-64.58539471403695,-64.91288638659425,0.3274916725573007,,,,,,,,,0.0,0.0,0.22936470809890608,,False,False,False,False,1.5901875153536231,2.196204667243796,False,False
1788139920.004,2026-08-31 09:32:00.003999949+08:00,18.6,18.62,18.6,18.62,2.4937126368969524,9.487293924286886,31.538554749361666,68.46144525063833,-8.44477091646588,45.7125533151428,1,58.0010605925962,57.248509931596814,19.435735294117716,19.08726549757405,72.1291983252155,27.870801674784506,27.02963796510476,13.088175227947657,-64.58539471403695,-64.91288638659425,0.3274916725573007,,,,,,,,,0.0,0.0,0.2975079696531564,,False,False,False,False,1.635244772088584,2.4937126368969524,False,False
1788140040.0,2026-08-31 09:34:00+08:00,18.62,18.64,18.62,18.64,2.865122672670965,11.819494044615638,36.35691659957026,63.64308340042974,4.160915849852089,13.10829638845298,2,58.0010605925962,57.248509931596814,19.435735294117716,19.08726549757405,72.1291983252155,27.870801674784506,24.212738344934028,11.627652825629646,-46.47655955314533,-58.4342813885606,11.95772183541527,,,,,,,,,0.0,-2.8168996201707337,0.37141003577401266,,False,False,False,False,1.6936669669803404,2.865122672670965,False,False
1788140040.001,2026-08-31 09:34:00.000999928+08:00,18.64,18.66,18.64,18.66,3.3151722657087404,14.534282616807802,40.64670162796791,59.35329837203209,15.02607872028046,15.609749986838326,3,58.0010605925962,57.248509931596814,19.435735294117716,19.08726549757405,72.1291983252155,27.870801674784506,24.212738344934028,11.627652825629646,-46.47655955314533,-58.4342813885606,11.95772183541527,,,,,,,,,0.0,0.0,0.45004959303777525,,False,False,False,False,1.8013768846016076,3.3151722657087404,False,False
1788140040.002,2026-08-31 09:34:00.002000093+08:00,18.66,18.68,18.66,18.68,3.847793278530616,17.640966849031212,44.49036488522771,55.50963511477229,24.44786044557637,27.94420023369269,4,58.0010605925962,57.248509931596814,19.435735294117716,19.08726549757405,72.1291983252155,27.870801674784506,24.212738344934028,11.627652825629646,-46.47655955314533,-58.4342813885606,11.95772183541527,,,,,,,,,0.0,0.0,0.5326210128218758,,False,False,False,False,1.96683995914489,3.847793278530616,False,False
1788140040.003,2026-08-31 09:34:00.003000021+08:00,18.68,18.7,18.68,18.7,4.46629646616574,21.153892329468874,47.9540590735948,52.0459409264052,32.660958270550765,32.41550918042731,5,58.0010605925962,57.248509931596814,19.435735294117716,19.08726549757405,72.1291983252155,27.870801674784506,24.212738344934028,11.627652825629646,-46.47655955314533,-58.4342813885606,11.95772183541527,,,,,,,,,0.0,0.0,0.6185031876351235,,False,False,False,False,2.196204667243796,4.46629646616574,False,False
1788140040.004,2026-08-31 09:34:00.003999949+08:00,18.7,18.72,18.7,18.72,5.173529803543196,25.09401774312973,51.09147374435277,48.90852625564723,39.85321722061769,36.22497824879441,5,58.0010605925962,57.248509931596814,19.435735294117716,19.08726549757405,72.1291983252155,27.870801674784506,24.212738344934028,11.627652825629646,-46.47655955314533,-58.4342813885606,11.95772183541527,,,,,,,,,0.0,0.0,0.7072333373774562,,False,False,False,False,2.4937126368969524,5.173529803543196,False,False
1788140040.005,2026-08-31 09:34:00.005000114+08:00,18.72,18.74,18.72,18.74,5.972014906370906,29.490213081617963,53.94663834239566,46.05336165760434,46.17676580027802,39.58589170826626,5,58.0010605925962,57.248509931596814,19.435735294117716,19.08726549757405,72.1291983252155,27.870801674784506,24.212738344934028,11.627652825629646,-46.47655955314533,-58.4342813885606,11.95772183541527,,,,,,,,,0.0,0.0,0.7984851028277102,,False,False,False,False,2.865122672670965,5.972014906370906,False,False
1788140040.006,2026-08-31 09:34:00.006000042+08:00,18.74,18.76,18.74,18.76,6.864065255608679,34.38063496145605,56.83987975289845,43.16012024710155,51.75611352688392,100.0,5,58.0010605925962,57.248509931596814,19.435735294117716,19.08726549757405,72.1291983252155,27.870801674784506,24.212738344934028,11.627652825629646,-46.47655955314533,-58.4342813885606,11.95772183541527,,,,,,,,,0.0,0.0,0.8920503492377732,,False,False,False,False,3.3151722657087404,6.864065255608679,False,False
1788140040.007,2026-08-31 09:34:00.006999969+08:00,18.76,18.78,18.76,18.78,7.851889450260178,39.81442120636206,59.51998668533296,40.48001331466704,56.6941356862735,100.0,5,58.0010605925962,57.248509931596814,19.435735294117716,19.08726549757405,72.1291983252155,27.870801674784506,24.212738344934028,11.627652825629646,-46.47655955314533,-58.4342813885606,11.95772183541527,,,,,,,,,0.0,0.0,0.9878241946514992,,False,False,False,False,3.847793278530616,7.851889450260178,False,False
1788140040.008,2026-08-31 09:34:00.007999897+08:00,18.78,18.8,18.78,18.8,8.937682307996281,45.85392135960687,62.00967374138643,37.99032625861357,61.07656203248716,100.0,5,58.0010605925962,57.248509931596814,19.435735294117716,19.08726549757405,72.1291983252155,27.870801674784506,24.212738344934028,11.627652825629646,-46.47655955314533,-58.4342813885606,11.95772183541527,,,,,,,,,0.0,0.0,1.0857928577361031,,False,False,False,False,4.46629646616574,8.937682307996281,False,False
1788140160.0,2026-08-31 09:36:00+08:00,18.8,18.82,18.77,18.82,10.123706298522915,52.01573796682392,67.74592495485898,32.25407504514102,71.72462767252085,100.0,5,58.0010605925962,57.248509931596814,19.435735294117716,19.08726549757405,72.1291983252155,27.870801674784506,24.212738344934028,11.627652825629646,-46.47655955314533,-58.4342813885606,11.95772183541527,,,,,,,,,0.0,0.0,1.1860239905266337,,False,False,False,False,5.173529803543196,10.123706298522915,False,False
1788140160.001,2026-08-31 09:36:00.000999928+08:00,18.82,18.84,18.82,18.84,11.412365522879496,57.92523364212794,72.19097269858676,27.80902730141324,78.26510863314596,100.0,5,58.0010605925962,57.248509931596814,19.435735294117716,19.08726549757405,72.1291983252155,27.870801674784506,24.212738344934028,11.627652825629646,-46.47655955314533,-58.4342813885606,11.95772183541527,,,,,,,,,0.0,0.0,1.2886592243565804,,False,False,False,False,5.972014906370906,11.412365522879496,False,False
1788140160.002,2026-08-31 09:36:00.002000093+08:00,18.84,18.86,18.84,18.86,12.806274236929838,63.31283916011378,75.7366795900045,24.2633204099955,82.67370018205233,100.0,5,58.0010605925962,57.248509931596814,19.435735294117716,19.08726549757405,72.1291983252155,27.870801674784506,24.212738344934028,11.627652825629646,-46.47655955314533,-58.4342813885606,11.95772183541527,,,,,,,,,0.0,0.0,1.3939087140503421,,False,False,False,False,6.864065255608679,12.806274236929838,False,False
1788140160.003,2026-08-31 09:36:00.003000021+08:00,18.86,18.88,18.86,18.88,14.308321754695632,68.09946729924246,78.63090891987642,21.36909108012358,85.83432144636811,100.0,5,58.0010605925962,57.248509931596814,19.435735294117716,19.08726549757405,72.1291983252155,27.870801674784506,24.212738344934028,11.627652825629646,-46.47655955314533,-58.4342813885606,11.95772183541527,,,,,,,,,0.0,0.0,1.502047517765794,,False,False,False,False,7.851889450260178,14.308321754695632,False,False
1788140160.004,2026-08-31 09:36:00.003999949+08:00,18.86,18.86,18.84,18.84,15.841176914733056,71.85806026606599,75.02938549062014,24.970614509379857,67.22032652416607,100.0,5,58.0010605925962,57.248509931596814,19.435735294117716,19.08726549757405,72.1291983252155,27.870801674784506,24.212738344934028,11.627652825629646,-46.47655955314533,-58.4342813885606,11.95772183541527,,,,,,,,,0.0,0.0,1.5328551600374247,,False,False,False,False,8.937682307996281,15.841176914733056,False,False
1788140160.005,2026-08-31 09:36:00.005000114+08:00,18.84,18.84,18.82,18.82,17.36839601181604,74.55045294712858,71.74333299274548,28.25666700725452,50.62439392154892,100.0,5,58.0010605925962,57.248509931596814,19.435735294117716,19.08726549757405,72.1291983252155,27.870801674784506,24.212738344934028,11.627652825629646,-46.47655955314533,-58.4342813885606,11.95772183541527,,,,,,,,,0.0,0.0,1.5272190970829822,,False,False,False,False,10.123706298522915,17.36839601181604,False,False
1788140280.0,2026-08-31 09:38:00+08:00,18.82,18.82,18.8,18.8,18.860223950643604,76.23644602850337,70.21744695830266,29.78255304169734,41.983018265559146,95.18981095933547,5,58.0010605925962,57.248509931596814,19.435735294117716,19.08726549757405,72.1291983252155,27.870801674784506,24.212738344934028,11.627652825629646,-46.47655955314533,-58.4342813885606,11.95772183541527,,,,,,,,,0.0,0.0,1.4918279388275657,,False,False,False,False,11.412365522879496,18.860223950643604,False,False
1788140280.001,2026-08-31 09:38:00.000999928+08:00,18.8,18.8,18.78,18.78,20.292463727531864,77.01355406134235,68.75511634920822,31.244883650791778,33.554727252076304,88.78466539321546,5,58.0010605925962,57.248509931596814,19.435735294117716,19.08726549757405,72.1291983252155,27.870801674784506,24.212738344934028,11.627652825629646,-46.47655955314533,-58.4342813885606,11.95772183541527,,,,,,,,,0.0,0.0,1.4322397768882595,,False,False,False,False,12.806274236929838,20.292463727531864,False,False
1788140280.002,2026-08-31 09:38:00.002000093+08:00,18.8,18.82,18.8,18.82,21.735547797631373,77.77420364246319,69.96232148749549,30.037678512504517,37.62748923601274,92.57649354160765,5,58.0010605925962,57.248509931596814,19.435735294117716,19.08726549757405,72.1291983252155,27.870801674784506,24.212738344934028,11.627652825629646,-46.47655955314533,-58.4342813885606,11.95772183541527,,,,,,,,,0.0,0.0,1.4430840700995091,,False,False,False,False,14.308321754695632,21.735547797631373,False,False
1788140400.0,2026-08-31 09:40:00+08:00,18.8,18.8,18.78,18.78,23.12615550298521,78.04489605991049,66.81380637895845,33.186193621041554,21.10177277930716,75.24736054973555,5,56.74364583445298,55.03293151919004,19.41323529411771,19.08388474635441,75.77002970713386,24.229970292866145,24.212738344934028,11.627652825629646,-46.47655955314533,-58.4342813885606,11.95772183541527,,,,,,,,,-1.25741475814322,0.0,1.3906077053538368,,False,False,False,False,15.841176914733056,23.12615550298521,False,False
1788140400.001,2026-08-31 09:40:00.000999928+08:00,18.78,18.78,18.76,18.76,24.44341311027719,77.72912880596576,63.93647261234642,36.06352738765358,6.972496234512882,49.69697800487238,4,56.74364583445298,55.03293151919004,19.41323529411771,19.08388474635441,75.77002970713386,24.229970292866145,24.212738344934028,11.627652825629646,-46.47655955314533,-58.4342813885606,11.95772183541527,,,,,,,,,0.0,0.0,1.3172576072919817,,False,False,False,False,17.36839601181604,24.44341311027719,False,False
1788140400.002,2026-08-31 09:40:00.002000093+08:00,18.76,18.76,18.74,18.74,25.6703331524146,76.82743363956341,61.29673144609056,38.70326855390944,-5.194804637031942,24.818546041164176,3,56.74364583445298,55.03293151919004,19.41323529411771,19.08388474635441,75.77002970713386,24.229970292866145,24.212738344934028,11.627652825629646,-46.47655955314533,-58.4342813885606,11.95772183541527,,,,,,,,,0.0,0.0,1.226920042137408,,False,False,False,False,18.860223950643604,25.6703331524146,False,False
1788140400.003,2026-08-31 09:40:00.003000021+08:00,18.76,18.78,18.76,18.78,26.895123255825848,76.16760473685078,62.335949306678685,37.66405069332132,0.0294682286114439,51.438312779083546,4,56.74364583445298,55.03293151919004,19.41323529411771,19.08388474635441,75.77002970713386,24.229970292866145,24.212738344934028,11.627652825629646,-46.47655955314533,-58.4342813885606,11.95772183541527,,,,,,,,,0.0,0.0,1.224790103411248,,False,False,False,False,20.292463727531864,26.895123255825848,False,False
1788140400.004,2026-08-31 09:40:00.003999949+08:00,18.78,18.8,18.78,18.8,28.15849997626825,76.01570629734178,63.346198215038505,36.653801784961495,5.207878880588169,56.72162231977122,5,56.74364583445298,55.03293151919004,19.41323529411771,19.08388474635441,75.77002970713386,24.229970292866145,24.212738344934028,11.627652825629646,-46.47655955314533,-58.4342813885606,11.95772183541527,,,,,,,,,0.0,0.0,1.2633767204424018,,False,False,False,False,21.735547797631373,28.15849997626825,False,False
1788140400.005,2026-08-31 09:40:00.005000114+08:00,18.8,18.82,18.8,18.82,29.49624660823279,76.44948508774212,64.32867281622866,35.67132718377134,10.317902720383548,61.05314783983977,5,56.74364583445298,55.03293151919004,19.41323529411771,19.08388474635441,75.77002970713386,24.229970292866145,24.212738344934028,11.627652825629646,-46.47655955314533,-58.4342813885606,11.95772183541527,,,,,,,,,0.0,0.0,1.3377466319645421,,False,False,False,False,23.12615550298521,29.49624660823279,False,False
1788140520.0,2026-08-31 09:42:00+08:00,18.82,18.84,18.82,18.84,30.94027372406614,77.460427063075,66.66239226210648,33.33760773789352,24.849368731553184,73.45832587506271,5,56.74364583445298,55.03293151919004,19.41323529411771,19.08388474635441,75.77002970713386,24.229970292866145,24.212738344934028,11.627652825629646,-46.47655955314533,-58.4342813885606,11.95772183541527,,,,,,,,,0.0,0.0,1.4440271158333502,,False,False,False,False,24.44341311027719,30.94027372406614,False,False
1788140520.001,2026-08-31 09:42:00.000999928+08:00,18.84,18.86,18.84,18.86,32.51956723822796,78.97734161566721,68.76239863571504,31.23760136428496,36.21769589555589,83.4089752594703,5,56.74364583445298,55.03293151919004,19.41323529411771,19.08388474635441,75.77002970713386,24.229970292866145,24.212738344934028,11.627652825629646,-46.47655955314533,-58.4342813885606,11.95772183541527,,,,,,,,,0.0,0.0,1.5792935141618152,,False,False,False,False,25.6703331524146,32.51956723822796,False,False
1788140520.002,2026-08-31 09:42:00.002000093+08:00,18.86,18.88,18.86,18.88,34.26105016543605,80.97033614978608,69.96452832714253,30.03547167285747,45.31701380613325,91.55880589944704,5,56.74364583445298,55.03293151919004,19.41323529411771,19.08388474635441,75.77002970713386,24.229970292866145,24.212738344934028,11.627652825629646,-46.47655955314533,-58.4342813885606,11.95772183541527,,,,,,,,,0.0,0.0,1.7414829272080965,,False,False,False,False,26.895123255825848,34.26105016543605,False,False
1788140640.0,2026-08-31 09:44:00+08:00,18.86,18.86,18.84,18.84,36.062831983362535,82.54881773307451,66.47278545674702,33.52721454325298,27.83463112062465,76.20541477043143,5,56.74364583445298,55.03293151919004,19.41323529411771,19.08388474635441,75.77002970713386,24.229970292866145,24.212738344934028,11.627652825629646,-46.47655955314533,-58.4342813885606,11.95772183541527,,,,,,,,,0.0,0.0,1.8017818179264822,,False,False,False,False,28.15849997626825,36.062831983362535,False,False
1788140640.001,2026-08-31 09:44:00.000999928+08:00,18.84,18.84,18.82,18.82,37.8831298741091,83.44007682751828,63.18960815573084,36.81039184426916,12.894645265067,62.907719346598576,5,56.74364583445298,55.03293151919004,19.41323529411771,19.08388474635441,75.77002970713386,24.229970292866145,24.212738344934028,11.627652825629646,-46.47655955314533,-58.4342813885606,11.95772183541527,,,,,,,,,0.0,0.0,1.8202978907465663,,False,False,False,False,29.49624660823279,37.8831298741091,False,False
1788140640.002,2026-08-31 09:44:00.002000093+08:00,18.82,18.82,18.8,18.8,39.687490877490696,83.49229162401181,65.25306241809183,34.74693758190817,0.03454512099116,35.19710176472199,4,56.74364583445298,55.03293151919004,19.41323529411771,19.08388474635441,75.77002970713386,24.229970292866145,24.212738344934028,11.627652825629646,-46.47655955314533,-58.4342813885606,11.95772183541527,,,,,,,,,0.0,0.0,1.8043610033815938,,False,False,False,False,30.94027372406614,39.687490877490696,False,False
1788140640.003,2026-08-31 09:44:00.003000021+08:00,18.8,18.8,18.78,18.78,41.4475035184585,82.64021999222251,62.1398250747175,37.8601749252825,-11.104397576707836,17.189717580311626,3,56.74364583445298,55.03293151919004,19.41323529411771,19.08388474635441,75.77002970713386,24.229970292866145,24.212738344934028,11.627652825629646,-46.47655955314533,-58.4342813885606,11.95772183541527,,,,,,,,,0.0,0.0,1.7600126409678012,,False,False,False,False,32.51956723822796,41.4475035184585,False,False
1788140640.004,2026-08-31 09:44:00.003999949+08:00,18.78,18.78,18.76,18.76,43.13968191108126,80.84836405534455,59.22825250192456,40.77174749807544,-20.80471566551537,17.164706555005345,2,56.74364583445298,55.03293151919004,19.41323529411771,19.08388474635441,75.77002970713386,24.229970292866145,24.212738344934028,11.627652825629646,-46.47655955314533,-58.4342813885606,11.95772183541527,,,,,,,,,0.0,0.0,1.6921783926227647,,False,False,False,False,34.26105016543605,43.13968191108126,False,False
1788140760.0,2026-08-31 09:46:00+08:00,18.76,18.76,18.74,18.74,44.70958224489244,78.08105285395399,56.410348509536426,43.58965149046357,-29.58906100663886,27.751230141341956,1,56.74364583445298,55.03293151919004,19.41323529411771,19.08388474635441,75.77002970713386,24.229970292866145,21.76009047791433,10.472151196473668,-49.34116501808552,-49.3312547548356,-0.009910263249921,,,,,,,,,0.0,-2.4526478670196994,1.5699003338111766,,False,False,False,False,36.062831983362535,44.70958224489244,False,False
1788140760.001,2026-08-31 09:46:00.000999928+08:00,18.74,18.74,18.72,18.72,46.115119426447336,74.28487724510862,53.7719475724104,46.2280524275896,-37.24582700027708,31.737346715035784,0,56.74364583445298,55.03293151919004,19.41323529411771,19.08388474635441,75.77002970713386,24.229970292866145,21.76009047791433,10.472151196473668,-49.34116501808552,-49.3312547548356,-0.009910263249921,,,,,,,,,0.0,0.0,1.405537181554898,,False,False,False,False,37.8831298741091,46.115119426447336,False,False
1788140760.002,2026-08-31 09:46:00.002000093+08:00,18.72,18.72,18.7,18.7,47.32447433190482,69.37569170476232,50.9638831094118,49.0361168905882,-43.950390586483984,34.99935550204879,0,56.74364583445298,55.03293151919004,19.41323529411771,19.08388474635441,75.77002970713386,24.229970292866145,21.76009047791433,10.472151196473668,-49.34116501808552,-49.3312547548356,-0.009910263249921,,,,,,,,,0.0,0.0,1.2093549054574808,,False,False,False,False,39.687490877490696,47.32447433190482,False,False
1788140880.0,2026-08-31 09:48:00+08:00,18.7,18.7,18.68,18.68,48.31432339612707,63.22543940336472,45.04642571183751,54.95357428816249,-58.11051926055077,100.0,0,56.74364583445298,55.03293151919004,19.41323529411771,19.08388474635441,75.77002970713386,24.229970292866145,21.76009047791433,10.472151196473668,-49.34116501808552,-49.3312547548356,-0.009910263249921,,,,,,,,,0.0,0.0,0.9898490642222555,,False,False,False,False,41.4475035184585,48.31432339612707,False,False
1788140880.001,2026-08-31 09:48:00.000999928+08:00,18.68,18.68,18.66,18.66,49.068342820751646,56.333254433694215,40.098502346491486,59.901497653508514,-67.22004303373272,100.0,0,56.74364583445298,55.03293151919004,19.41323529411771,19.08388474635441,75.77002970713386,24.229970292866145,21.76009047791433,10.472151196473668,-49.34116501808552,-49.3312547548356,-0.009910263249921,,,,,,,,,0.0,0.0,0.7540194246245733,,False,False,False,False,43.13968191108126,49.068342820751646,False,False
1788141000.0,2026-08-31 09:50:00+08:00,18.66,18.66,18.64,18.64,49.57594661973088,49.5937522252382,38.16396043417989,61.83603956582012,-69.55612331898159,100.0,0,55.33458332422968,51.77561133648274,19.38830882352948,19.07994061952502,87.83851235792798,12.16148764207202,21.76009047791433,10.472151196473668,-49.34116501808552,-49.3312547548356,-0.009910263249921,,,,,,,,,-1.4090625102232934,0.0,0.5076037989792326,,False,False,False,False,44.70958224489244,49.57594661973088,False,False
1788141000.001,2026-08-31 09:50:00.000999928+08:00,18.64,18.64,18.62,18.62,49.831223657492615,43.3827634824488,36.29569109710943,63.704308902890574,-71.76919429928226,100.0,0,55.33458332422968,51.77561133648274,19.38830882352948,19.07994061952502,87.83851235792798,12.16148764207202,21.76009047791433,10.472151196473668,-49.34116501808552,-49.3312547548356,-0.009910263249921,,,,,,,,,0.0,0.0,0.2552770377617364,,True,False,False,False,46.115119426447336,49.831223657492615,False,False
1788141000.002,2026-08-31 09:50:00.002000093+08:00,18.62,18.62,18.6,18.6,49.83204391553264,37.82622397658871,34.490346185494296,65.5096538145057,-73.85946505831338,100.0,0,55.33458332422968,51.77561133648274,19.38830882352948,19.07994061952502,87.83851235792798,12.16148764207202,21.76009047791433,10.472151196473668,-49.34116501808552,-49.3312547548356,-0.009910263249921,,,,,,,,,0.0,0.0,0.0008202580400222814,,False,False,False,False,47.32447433190482,49.83204391553264,False,False
1788141000.003,2026-08-31 09:50:00.003000021+08:00,18.6,18.6,18.58,18.58,49.57930857075296,32.93345295193993,32.74479934973056,67.25520065026944,-75.82817359299796,100.0,0,55.33458332422968,51.77561133648274,19.38830882352948,19.07994061952502,87.83851235792798,12.16148764207202,21.76009047791433,10.472151196473668,-49.34116501808552,-49.3312547548356,-0.009910263249921,,,,,,,,,0.0,0.0,-0.25273534477967985,,False,False,False,False,48.31432339612707,49.83204391553264,False,False
1788141000.004,2026-08-31 09:50:00.003999949+08:00,18.58,18.58,18.56,18.56,49.07632218847164,28.66273301623758,31.05612797301044,68.94387202698957,-77.67745634622398,100.0,0,55.33458332422968,51.77561133648274,19.38830882352948,19.07994061952502,87.83851235792798,12.16148764207202,21.76009047791433,10.472151196473668,-49.34116501808552,-49.3312547548356,-0.009910263249921,,,,,,,,,0.0,0.0,-0.5029863822813141,,False,False,False,False,49.068342820751646,49.83204391553264,False,False
1788141000.005,2026-08-31 09:50:00.005000114+08:00,18.58,18.6,18.58,18.6,48.481329739426606,25.499372114062467,32.235968870942955,67.76403112905705,-63.37560212365503,100.0,0,55.33458332422968,51.77561133648274,19.38830882352948,19.07994061952502,87.83851235792798,12.16148764207202,21.76009047791433,10.472151196473668,-49.34116501808552,-49.3312547548356,-0.009910263249921,,,,,,,,,0.0,0.0,-0.5949924490450371,,False,False,False,False,48.481329739426606,49.83204391553264,False,False
1788141120.0,2026-08-31 09:52:00+08:00,18.6,18.62,18.6,18.62,47.8701997316211,23.48297657641153,31.79595352352827,68.20404647647173,-48.60340946594878,99.16204567956927,0,55.33458332422968,51.77561133648274,19.38830882352948,19.07994061952502,87.83851235792798,12.16148764207202,21.76009047791433,10.472151196473668,-49.34116501808552,-49.3312547548356,-0.009910263249921,,,,,,,,,0.0,0.0,-0.6111300078055066,,False,False,False,False,47.8701997316211,49.83204391553264,False,False
1788141120.001,2026-08-31 09:52:00.000999928+08:00,18.62,18.64,18.62,18.64,47.30348197304509,22.54859444767459,31.350186483980774,68.64981351601922,-35.16030396945202,91.0961823816712,0,55.33458332422968,51.77561133648274,19.38830882352948,19.07994061952502,87.83851235792798,12.16148764207202,21.76009047791433,10.472151196473668,-49.34116501808552,-49.3312547548356,-0.009910263249921,,,,,,,,,0.0,0.0,-0.5667177585760115,,False,False,False,False,47.30348197304509,49.83204391553264,False,False
1788141120.002,2026-08-31 09:52:00.002000093+08:00,18.64,18.66,18.64,18.66,46.82891598180045,22.591102503382,30.898554234891417,69.10144576510858,-22.927844518588,79.20058942096068,0,55.33458332422968,51.77561133648274,19.38830882352948,19.07994061952502,87.83851235792798,12.16148764207202,21.76009047791433,10.472151196473668,-49.34116501808552,-49.3312547548356,-0.009910263249921,,,,,,,,,0.0,0.0,-0.4745659912446385,,False,False,False,False,46.82891598180045,49.57930857075296,False,False
1788141240.0,2026-08-31 09:54:00+08:00,18.66,18.68,18.66,18.68,46.483558193036345,23.495670062729303,31.98938489907241,68.0106151009276,-5.188548652581481,59.03765749343568,0,55.33458332422968,51.77561133648274,19.38830882352948,19.07994061952502,87.83851235792798,12.16148764207202,20.67641075484132,9.98053367912749,-42.30114434395266,-45.43683129989107,3.135686955938404,,,,,,,,,0.0,-1.0836797230730078,-0.3453577887641046,,False,False,False,False,46.483558193036345,49.07632218847164,False,False
1788141240.001,2026-08-31 09:54:00.000999928+08:00,18.68,18.7,18.68,18.7,46.29558405307066,25.151508297968896,34.18557040456597,65.81442959543404,1.234290010379405,42.28270527063442,1,55.33458332422968,51.77561133648274,19.38830882352948,19.07994061952502,87.83851235792798,12.16148764207202,20.67641075484132,9.98053367912749,-42.30114434395266,-45.43683129989107,3.135686955938404,,,,,,,,,0.0,0.0,-0.18797413996568224,,False,False,False,False,46.29558405307066,48.481329739426606,False,False
1788141240.002,2026-08-31 09:54:00.002000093+08:00,18.7,18.72,18.7,18.72,46.28581296153603,27.45747409178806,36.37792079173272,63.62207920826728,7.450495105670983,23.354514179167243,2,55.33458332422968,51.77561133648274,19.38830882352948,19.07994061952502,87.83851235792798,12.16148764207202,20.67641075484132,9.98053367912749,-42.30114434395266,-45.43683129989107,3.135686955938404,,,,,,,,,0.0,0.0,-0.009771091534631182,,False,False,False,False,46.28581296153603,47.8701997316211,False,False
1788141360.0,2026-08-31 09:56:00+08:00,18.72,18.74,18.72,18.74,46.46899706254381,30.323782711154244,39.6660004261234,60.3339995738766,19.199717754209583,12.469449723259558,3,55.33458332422968,51.77561133648274,19.38830882352948,19.07994061952502,87.83851235792798,12.16148764207202,20.67641075484132,9.98053367912749,-42.30114434395266,-45.43683129989107,3.135686955938404,,,,,,,,,0.0,0.0,0.18318410100777527,,False,False,False,False,46.28581296153603,47.30348197304509,False,False
1788141360.001,2026-08-31 09:56:00.000999928+08:00,18.74,18.76,18.74,18.76,46.85490892801385,33.67193049722878,42.740286298568506,57.25971370143149,29.100527659729305,22.839418318428933,4,55.33458332422968,51.77561133648274,19.38830882352948,19.07994061952502,87.83851235792798,12.16148764207202,20.67641075484132,9.98053367912749,-42.30114434395266,-45.43683129989107,3.135686955938404,,,,,,,,,0.0,0.0,0.3859118654700424,,False,False,False,False,46.28581296153603,46.85490892801385,False,False
1788141480.0,2026-08-31 09:58:00+08:00,18.76,18.78,18.76,18.78,47.43583165357472,37.43385594145871,45.2950628012679,54.7049371987321,39.84529110257997,35.030922132199265,5,55.33458332422968,51.77561133648274,19.38830882352948,19.07994061952502,87.83851235792798,12.16148764207202,20.67641075484132,9.98053367912749,-42.30114434395266,-45.43683129989107,3.135686955938404,,,,,,,,,0.0,0.0,0.5809227255608747,,False,False,False,False,46.28581296153603,47.43583165357472,False,False
1788141480.001,2026-08-31 09:58:00.000999928+08:00,18.76,18.76,18.74,18.74,48.03774238879191,40.56869142173887,46.0240086226064,53.975991377393605,37.48939497468898,20.97665049459661,3,55.33458332422968,51.77561133648274,19.38830882352948,19.07994061952502,87.83851235792798,12.16148764207202,20.67641075484132,9.98053367912749,-42.30114434395266,-45.43683129989107,3.135686955938404,,,,,,,,,0.0,0.0,0.6019107352171886,,False,False,False,False,46.28581296153603,48.03774238879191,False,False
1788141480.002,2026-08-31 09:58:00.002000093+08:00,18.74,18.74,18.72,18.72,48.59352657770728,42.76442866887761,46.77680045281687,53.22319954718313,34.98792158791246,26.76367266397194,2,55.33458332422968,51.77561133648274,19.38830882352948,19.07994061952502,87.83851235792798,12.16148764207202,20.67641075484132,9.98053367912749,-42.30114434395266,-45.43683129989107,3.135686955938404,,,,,,,,,0.0,0.0,0.5557841889153678,,False,False,False,False,46.28581296153603,48.59352657770728,False,False
1788141480.003,2026-08-31 09:58:00.003000021+08:00,18.72,18.72,18.7,18.7,49.05023719156127,43.95442829844576,47.554627861029616,52.445372138970384,32.339370014944194,39.47644216689539,2,55.33458332422968,51.77561133648274,19.38830882352948,19.07994061952502,87.83851235792798,12.16148764207202,20.67641075484132,9.98053367912749,-42.30114434395266,-45.43683129989107,3.135686955938404,,,,,,,,,0.0,0.0,0.4567106138539927,,False,False,False,False,46.46899706254381,49.05023719156127,False,False
1788141480.004,2026-08-31 09:58:00.003999949+08:00,18.72,18.74,18.72,18.74,49.51346902932469,45.16411183265738,47.99412899929379,52.00587100070621,36.45386559666416,22.176996247010077,3,55.33458332422968,51.77561133648274,19.38830882352948,19.07994061952502,87.83851235792798,12.16148764207202,20.67641075484132,9.98053367912749,-42.30114434395266,-45.43683129989107,3.135686955938404,,,,,,,,,0.0,0.0,0.46323183776341637,,False,False,False,False,46.85490892801385,49.51346902932469,False,False
1788141600.0,2026-08-31 10:00:00+08:00,18.72,18.72,18.7,18.7,49.82335284887797,45.76011107355821,45.12370181745557,54.87629818254443,13.99716997094484,23.4993365389986,2,53.874746183752045,48.30834145217942,19.36602941176477,19.076707379529743,84.59538146189014,15.404618538109863,20.67641075484132,9.98053367912749,-42.30114434395266,-45.43683129989107,3.135686955938404,,,,,,,,,-1.4598371404776387,0.0,0.3098838195532778,,False,False,False,False,47.43583165357472,49.82335284887797,False,False
1788141720.0,2026-08-31 10:02:00+08:00,18.72,18.74,18.72,18.74,50.13557310475836,46.586245671547246,46.88482600514087,53.115173994859134,25.362192472039567,18.86036947124232,3,53.874746183752045,48.30834145217942,19.36602941176477,19.076707379529743,84.59538146189014,15.404618538109863,20.67641075484132,9.98053367912749,-42.30114434395266,-45.43683129989107,3.135686955938404,,,,,,,,,0.0,0.0,0.3122202558803906,,False,False,False,False,48.03774238879191,50.13557310475836,False,False
1788141720.001,2026-08-31 10:02:00.000999928+08:00,18.72,18.72,18.7,18.7,50.31891603183908,46.91628580843197,45.14630575266027,54.85369424733973,23.55508715455125,30.36928899046013,2,53.874746183752045,48.30834145217942,19.36602941176477,19.076707379529743,84.59538146189014,15.404618538109863,20.67641075484132,9.98053367912749,-42.30114434395266,-45.43683129989107,3.135686955938404,,,,,,,,,0.0,0.0,0.18334292708072297,,False,False,False,False,48.59352657770728,50.31891603183908,False,False
1788141720.002,2026-08-31 10:02:00.002000093+08:00,18.7,18.7,18.68,18.68,50.33403676939476,46.5637111664946,43.31930688093245,56.68069311906755,21.62650651496396,42.83583971555127,1,53.874746183752045,48.30834145217942,19.36602941176477,19.076707379529743,84.59538146189014,15.404618538109863,20.67641075484132,9.98053367912749,-42.30114434395266,-45.43683129989107,3.135686955938404,,,,,,,,,0.0,0.0,0.015120737555676556,,False,False,False,False,49.05023719156127,50.33403676939476,False,False
1788141720.003,2026-08-31 10:02:00.003000021+08:00,18.68,18.68,18.66,18.66,50.151336573067695,45.65805695091464,41.39689860368768,58.603101396312326,19.57343274851315,54.67546363464447,1,53.874746183752045,48.30834145217942,19.36602941176477,19.076707379529743,84.59538146189014,15.404618538109863,20.67641075484132,9.98053367912749,-42.30114434395266,-45.43683129989107,3.135686955938404,,,,,,,,,0.0,0.0,-0.1827001963270618,,False,False,False,False,49.51346902932469,50.33403676939476,False,False
1788141840.0,2026-08-31 10:04:00+08:00,18.68,18.7,18.68,18.7,49.940602370143424,45.3759765865191,43.591267821191984,56.408732178808016,25.32082151200377,25.626044995152625,2,53.874746183752045,48.30834145217942,19.36602941176477,19.076707379529743,84.59538146189014,15.404618538109863,20.67641075484132,9.98053367912749,-42.30114434395266,-45.43683129989107,3.135686955938404,,,,,,,,,0.0,0.0,-0.21073420292427159,,False,False,False,False,49.82335284887797,50.33403676939476,False,False
1788141840.001,2026-08-31 10:04:00.000999928+08:00,18.7,18.72,18.7,18.72,49.77348124567161,46.189767992850925,45.822555912870975,54.17744408712903,30.763339108734645,18.30405679619102,3,53.874746183752045,48.30834145217942,19.36602941176477,19.076707379529743,84.59538146189014,15.404618538109863,20.67641075484132,9.98053367912749,-42.30114434395266,-45.43683129989107,3.135686955938404,,,,,,,,,0.0,0.0,-0.16712112447181227,,False,False,False,False,49.77348124567161,50.33403676939476,False,False
1788141840.002,2026-08-31 10:04:00.002000093+08:00,18.72,18.74,18.72,18.74,49.70655339919739,48.358314215122775,48.09170248795103,51.908297512048975,35.90186324240147,29.382257482730765,4,53.874746183752045,48.30834145217942,19.36602941176477,19.076707379529743,84.59538146189014,15.404618538109863,20.67641075484132,9.98053367912749,-42.30114434395266,-45.43683129989107,3.135686955938404,,,,,,,,,0.0,0.0,-0.06692784647422201,,False,False,False,False,49.70655339919739,50.33403676939476,False,False
1788141840.003,2026-08-31 10:04:00.003000021+08:00,18.74,18.76,18.74,18.76,49.78382967037917,52.06729210021107,50.399679313353296,49.600320686646704,40.73977834066536,36.3270478940725,5,53.874746183752045,48.30834145217942,19.36602941176477,19.076707379529743,84.59538146189014,15.404618538109863,20.67641075484132,9.98053367912749,-42.30114434395266,-45.43683129989107,3.135686955938404,,,,,,,,,0.0,0.0,0.07727627118178049,,False,True,False,False,49.70655339919739,50.33403676939476,False,False
1788141840.004,2026-08-31 10:04:00.003999949+08:00,18.76,18.78,18.76,18.78,50.038867624275085,56.82087864120789,52.74749170129415,47.252508298705855,45.28265106856966,38.23217971621453,5,53.874746183752045,48.30834145217942,19.36602941176477,19.076707379529743,84.59538146189014,15.404618538109863,20.67641075484132,9.98053367912749,-42.30114434395266,-45.43683129989107,3.135686955938404,,,,,,,,,0.0,0.0,0.2550379538959149,,False,False,False,False,49.70655339919739,50.151336573067695,False,False
1788141960.0,2026-08-31 10:06:00+08:00,18.78,18.8,18.78,18.8,50.49656244855678,61.70425773202503,56.7327392069307,43.2672607930693,55.84719502468478,41.06934833212205,5,53.874746183752045,48.30834145217942,19.36602941176477,19.076707379529743,84.59538146189014,15.404618538109863,20.67641075484132,9.98053367912749,-42.30114434395266,-45.43683129989107,3.135686955938404,22.14375088810959,49.77388532991273,0.0,0.0,0.0,0.0,18.56,18.88,0.0,0.0,0.4576948242816954,,False,False,False,False,49.70655339919739,50.49656244855678,False,False
1788141960.001,2026-08-31 10:06:00.000999928+08:00,18.8,18.82,18.8,18.82,51.17466075310184,66.31276442745039,60.52513878575533,39.47486121424467,63.581781351536485,100.0,5,53.874746183752045,48.30834145217942,19.36602941176477,19.076707379529743,84.59538146189014,15.404618538109863,20.67641075484132,9.98053367912749,-42.30114434395266,-45.43683129989107,3.135686955938404,22.14375088810959,49.77388532991273,0.0,0.0,0.0,0.0,18.56,18.88,0.0,0.0,0.6780983045450597,0.0,False,False,False,False,49.70655339919739,51.17466075310184,False,False
1788142200.0,2026-08-31 10:10:00+08:00,18.8,18.83,18.78,18.78,51.89371184495299,69.74168888543389,54.62540925723823,45.37459074276177,8.666026457902667,72.0742162790892,5,52.37293468362985,44.89666957272196,19.34330882352948,19.073307306101587,85.36324497687333,14.636755023126668,20.67641075484132,9.98053367912749,-42.30114434395266,-45.43683129989107,3.135686955938404,22.283488829140826,52.2859395599148,0.0,0.0,0.0,0.0,18.56,18.88,-1.5018115001221943,0.0,0.7190510918511492,0.13973794103123538,False,False,False,False,49.70655339919739,51.89371184495299,False,False
1788142200.001,2026-08-31 10:10:00.000999928+08:00,18.8,18.82,18.8,18.82,52.76557177678399,72.89634539941972,59.64301879123959,40.35698120876041,13.622402597113997,66.26356131409698,5,52.37293468362985,44.89666957272196,19.34330882352948,19.073307306101587,85.36324497687333,14.636755023126668,20.67641075484132,9.98053367912749,-42.30114434395266,-45.43683129989107,3.135686955938404,22.283488829140826,52.2859395599148,0.0,0.0,0.0,0.0,18.56,18.88,0.0,0.0,0.8718599318310041,0.0,False,False,False,False,49.78382967037917,52.76557177678399,False,False
1788142320.0,2026-08-31 10:12:00+08:00,18.8,18.8,18.78,18.78,53.6226075207231,75.07320526577257,62.03191773825021,37.96808226174979,2.4292423182796776,66.09380953770726,5,52.37293468362985,44.89666957272196,19.34330882352948,19.073307306101587,85.36324497687333,14.636755023126668,20.67641075484132,9.98053367912749,-42.30114434395266,-45.43683129989107,3.135686955938404,22.451863175629708,54.38972902325505,0.0,0.0,0.0,0.0,18.56,18.88,0.0,0.0,0.8570357439391074,0.16837434648888205,False,False,False,False,50.038867624275085,53.6226075207231,False,False
1788142320.001,2026-08-31 10:12:00.000999928+08:00,18.78,18.78,18.76,18.76,54.39532364834074,76.14641890644273,61.23140532441504,38.76859467558496,-7.585120899728674,71.88324632898812,4,52.37293468362985,44.89666957272196,19.34330882352948,19.073307306101587,85.36324497687333,14.636755023126668,20.67641075484132,9.98053367912749,-42.30114434395266,-45.43683129989107,3.135686955938404,22.451863175629708,54.38972902325505,0.0,0.0,0.0,0.0,18.56,18.88,0.0,0.0,0.7727161276176417,0.0,False,False,False,False,50.49656244855678,54.39532364834074,False,False
1788142440.0,2026-08-31 10:14:00+08:00,18.78,18.8,18.78,18.8,55.22059440656356,77.30490382526453,65.23217714143819,34.767822858561814,10.034707352901282,57.78021086904114,5,52.37293468362985,44.89666957272196,19.34330882352948,19.073307306101587,85.36324497687333,14.636755023126668,20.67641075484132,9.98053367912749,-42.30114434395266,-45.43683129989107,3.135686955938404,22.670746508484136,56.254857282938985,0.0,0.0,0.0,0.0,18.56,18.83,0.0,0.0,0.8252707582228211,0.2188833328544284,False,False,False,False,51.17466075310184,55.22059440656356,False,False
1788142680.0,2026-08-31 10:18:00+08:00,18.78,18.78,18.76,18.76,55.95172220998005,77.78226401988624,64.85984385052286,35.140156149477136,1.8111397264330584,47.37242774201948,4,52.37293468362985,44.89666957272196,19.34330882352948,19.073307306101587,85.36324497687333,14.636755023126668,20.67641075484132,9.98053367912749,-42.30114434395266,-45.43683129989107,3.135686955938404,23.12023765044749,59.00919756305814,0.0,0.0,0.0,0.0,18.56,18.83,0.0,0.0,0.7311278034164843,0.44949114196335316,False,False,False,False,51.89371184495299,55.95172220998005,False,False
1788142680.001,2026-08-31 10:18:00.000999928+08:00,18.76,18.76,18.74,18.74,56.53668390851583,77.40451593256306,64.4917368568121,35.508263143187904,-5.922912893729385,34.320273895320724,3,52.37293468362985,44.89666957272196,19.34330882352948,19.073307306101587,85.36324497687333,14.636755023126668,20.67641075484132,9.98053367912749,-42.30114434395266,-45.43683129989107,3.135686955938404,23.12023765044749,59.00919756305814,0.0,0.0,0.0,0.0,18.56,18.83,0.0,0.0,0.5849616985357855,0.0,False,False,False,False,52.76557177678399,56.53668390851583,False,False
1788142680.002,2026-08-31 10:18:00.002000093+08:00,18.74,18.74,18.72,18.72,56.93556481236557,75.94230132852724,64.12778460833141,35.87221539166859,-13.177871473552516,18.40432714084107,2,52.37293468362985,44.89666957272196,19.34330882352948,19.073307306101587,85.36324497687333,14.636755023126668,20.67641075484132,9.98053367912749,-42.30114434395266,-45.43683129989107,3.135686955938404,23.12023765044749,59.00919756305814,0.0,0.0,0.0,0.0,18.56,18.83,0.0,0.0,0.3988809038497365,0.0,False,False,False,False,53.6226075207231,56.93556481236557,False,False
1788142680.003,2026-08-31 10:18:00.003000021+08:00,18.72,18.72,18.7,18.7,57.11849487040552,73.2452250989835,61.412546952054825,38.587453047945175,-19.966983090545224,30.922954318956755,1,52.37293468362985,44.89666957272196,19.34330882352948,19.073307306101587,85.36324497687333,14.636755023126668,20.67641075484132,9.98053367912749,-42.30114434395266,-45.43683129989107,3.135686955938404,23.12023765044749,59.00919756305814,0.0,0.0,0.0,0.0,18.56,18.83,0.0,0.0,0.18293005803995044,0.0,False,False,False,False,54.39532364834074,57.11849487040552,False,False
1788142680.004,2026-08-31 10:18:00.003999949+08:00,18.7,18.7,18.68,18.68,57.063903540371946,69.17045866360547,58.60052789804093,41.39947210195907,-26.30580411325229,41.172052847813326,0,52.37293468362985,44.89666957272196,19.34330882352948,19.073307306101587,85.36324497687333,14.636755023126668,20.67641075484132,9.98053367912749,-42.30114434395266,-45.43683129989107,3.135686955938404,23.12023765044749,59.00919756305814,0.0,0.0,0.0,0.0,18.56,18.83,0.0,0.0,-0.05459133003357408,0.0,False,False,False,False,55.22059440656356,57.11849487040552,False,False
1788142680.005,2026-08-31 10:18:00.005000114+08:00,18.68,18.68,18.66,18.66,56.757046119116936,63.53601472284754,55.79815207986984,44.20184792013016,-32.211711790918706,43.9104966570061,0,52.37293468362985,44.89666957272196,19.34330882352948,19.073307306101587,85.36324497687333,14.636755023126668,20.67641075484132,9.98053367912749,-42.30114434395266,-45.43683129989107,3.135686955938404,23.12023765044749,59.00919756305814,0.0,0.0,0.0,0.0,18.56,18.83,0.0,0.0,-0.30685742125501037,0.0,False,False,False,False,55.95172220998005,57.11849487040552,False,False
1788142800.0,2026-08-31 10:20:00+08:00,18.68,18.7,18.68,18.7,56.3800877009842,57.92750408315967,56.34440933422963,43.65559066577037,-17.911011421397326,32.205642095238346,1,50.83040960710319,41.62578814756064,19.32044117647066,19.069667432409037,85.10656120980302,14.893438790196978,20.67641075484132,9.98053367912749,-42.30114434395266,-45.43683129989107,3.135686955938404,23.450781463921224,53.58677608244482,0.0,0.0,0.0,0.0,18.61,18.83,-1.5425250765266583,0.0,-0.37695841813273745,0.33054381347373507,False,False,False,False,56.3800877009842,57.11849487040552,False,False
1788142800.001,2026-08-31 10:20:00.000999928+08:00,18.7,18.72,18.7,18.72,56.01495663654197,53.57105175264759,56.073784538817286,43.92621546118272,-5.373496695976736,18.68744539452669,2,50.83040960710319,41.62578814756064,19.32044117647066,19.069667432409037,85.10656120980302,14.893438790196978,20.67641075484132,9.98053367912749,-42.30114434395266,-45.43683129989107,3.135686955938404,23.450781463921224,53.58677608244482,0.0,0.0,0.0,0.0,18.61,18.83,0.0,0.0,-0.365131064442231,0.0,True,False,False,False,56.01495663654197,57.11849487040552,False,False
1788143040.0,2026-08-31 10:24:00+08:00,18.72,18.74,18.72,18.74,55.72674051753139,50.90270714127263,62.81464957235231,37.18535042764769,33.94304774017551,13.567522200085332,2,50.83040960710319,41.62578814756064,19.32044117647066,19.069667432409037,85.10656120980302,14.893438790196978,20.67641075484132,9.98053367912749,-42.30114434395266,-45.43683129989107,3.135686955938404,23.48801987089301,52.83512441555865,0.0,0.0,0.0,0.0,18.65,18.83,0.0,0.0,-0.28821611901057764,0.0372384069717846,False,False,False,False,55.72674051753139,57.11849487040552,False,False
1788143160.0,2026-08-31 10:26:00+08:00,18.72,18.72,18.7,18.7,55.37513237671142,48.14002994899576,58.13924967158096,41.86075032841904,14.727891262888727,23.14042491305888,1,50.83040960710319,41.62578814756064,19.32044117647066,19.069667432409037,85.10656120980302,14.893438790196978,20.67641075484132,9.98053367912749,-42.30114434395266,-45.43683129989107,3.135686955938404,23.50365212077353,52.44440767149611,0.0,0.0,0.0,0.0,18.65,18.83,0.0,0.0,-0.3516081408199696,0.015632249880521698,False,False,False,False,55.37513237671142,57.063903540371946,False,False
1788143280.0,2026-08-31 10:28:00+08:00,18.72,18.74,18.72,18.74,55.1042082199699,46.54266195426816,58.12818921934751,41.87181078065249,20.68228454146208,8.250248377286796,2,50.83040960710319,41.62578814756064,19.32044117647066,19.069667432409037,85.10656120980302,14.893438790196978,20.67641075484132,9.98053367912749,-42.30114434395266,-45.43683129989107,3.135686955938404,23.531362971486868,52.19164280464818,0.0,0.0,0.0,0.0,18.65,18.83,0.0,0.0,-0.2709241567415219,0.02771085071333701,False,False,False,False,55.1042082199699,56.757046119116936,False,False
1788143400.0,2026-08-31 10:30:00+08:00,18.72,18.72,18.7,18.7,54.77271543991061,44.55040653962621,53.77811928182622,46.22188071817378,6.55633708657349,21.344348771715712,1,49.25270442841271,38.479749475331005,19.29647058823536,19.065839895768143,88.06476456023827,11.935235439761726,20.67641075484132,9.98053367912749,-42.30114434395266,-45.43683129989107,3.135686955938404,23.885726689443636,52.06069766138136,0.0,0.0,0.0,0.0,18.65,18.83,-1.5777051786904792,0.0,-0.3314927800592855,0.3543637179567689,False,False,False,False,54.77271543991061,56.3800877009842,False,False
1788143520.0,2026-08-31 10:32:00+08:00,18.7,18.7,18.68,18.68,54.3326220492521,41.69088148304176,50.05205331746946,49.94794668253054,-1.5645482076075097,23.72260289144656,0,49.25270442841271,38.479749475331005,19.29647058823536,19.065839895768143,88.06476456023827,11.935235439761726,20.67641075484132,9.98053367912749,-42.30114434395266,-45.43683129989107,3.135686955938404,24.396911451951983,51.05381419559695,0.0,0.0,0.0,0.0,18.65,18.83,0.0,0.0,-0.44009339065851094,0.5111847625083463,False,False,False,False,54.3326220492521,56.01495663654197,False,False
1788143520.001,2026-08-31 10:32:00.000999928+08:00,18.68,18.68,18.66,18.66,53.7680651799941,37.823585092355486,48.60535771910676,51.39464228089325,-9.17842439446543,27.10462736520985,0,49.25270442841271,38.479749475331005,19.29647058823536,19.065839895768143,88.06476456023827,11.935235439761726,20.67641075484132,9.98053367912749,-42.30114434395266,-45.43683129989107,3.135686955938404,24.396911451951983,51.05381419559695,0.0,0.0,0.0,0.0,18.65,18.83,0.0,0.0,-0.5645568692579985,0.0,False,False,False,False,53.7680651799941,55.72674051753139,False,False
1788143640.0,2026-08-31 10:34:00+08:00,18.66,18.66,18.64,18.64,53.06161546151768,33.7652395837352,45.94908057608082,54.050919423919176,-21.67871278326854,83.00722766996113,0,49.25270442841271,38.479749475331005,19.29647058823536,19.065839895768143,88.06476456023827,11.935235439761726,20.67641075484132,9.98053367912749,-42.30114434395266,-45.43683129989107,3.135686955938404,25.02769679315947,49.20773455343237,0.0,0.0,0.0,0.0,18.63,18.83,0.0,0.0,-0.7064497184764207,0.6307853412074884,False,False,False,False,53.06161546151768,55.37513237671142,False,False
1788143880.0,2026-08-31 10:38:00+08:00,18.66,18.68,18.63,18.68,52.41140883847447,30.89986010977405,50.52075854702955,49.47924145297045,0.9761635223227728,52.798210814801706,0,49.25270442841271,38.479749475331005,19.29647058823536,19.065839895768143,88.06476456023827,11.935235439761726,20.67641075484132,9.98053367912749,-42.30114434395266,-45.43683129989107,3.135686955938404,25.02769679315947,49.20773455343237,0.0,0.0,0.0,0.0,18.63,18.83,0.0,0.0,-0.6502066230432106,0.0,False,False,False,False,52.41140883847447,55.1042082199699,False,False
1788144240.0,2026-08-31 10:44:00+08:00,18.66,18.66,18.64,18.64,51.661430309839616,28.10756461309257,40.93998094633217,59.06001905366783,-34.808892534072335,90.8853355204434,0,47.63429594936256,35.46400263243559,19.271250000000062,19.06170218536249,88.92840375771141,11.071596242288589,19.602906375713392,9.342659480327164,-43.20750518880018,-44.61956770880479,1.4120625200046035,25.67257383463832,47.04457652440239,0.0,0.0,0.0,0.0,18.63,18.83,-1.618408479050153,-1.0735043791279288,-0.7499785286348555,0.6448770414788498,False,False,False,False,51.661430309839616,54.77271543991061,False,False
1788144480.0,2026-08-31 10:48:00+08:00,18.64,18.67,18.62,18.62,50.7641085412566,25.37937383262722,37.41995599998808,62.58004400001192,-48.2186465298913,98.93118791793478,0,47.63429594936256,35.46400263243559,19.271250000000062,19.06170218536249,88.92840375771141,11.071596242288589,19.602906375713392,9.342659480327164,-43.20750518880018,-44.61956770880479,1.4120625200046035,25.67257383463832,47.04457652440239,0.0,0.0,0.0,0.0,18.63,18.83,0.0,0.0,-0.8973217685830193,0.0,False,False,False,False,50.7641085412566,54.3326220492521,False,False
1788144840.0,2026-08-31 10:54:00+08:00,18.62,18.62,18.6,18.6,49.683084136400296,22.645784000780584,31.60571441477468,68.39428558522532,-59.8376392082113,100.0,0,45.99383351461157,32.61097879393933,19.245661764705947,19.057531019338985,90.24622900374315,9.753770996256838,19.602906375713392,9.342659480327164,-43.20750518880018,-44.61956770880479,1.4120625200046035,26.346974345198085,44.8206739665671,0.0,0.0,1.0,0.0,18.61,18.83,-1.6404624347509866,0.0,-1.0810244048563007,0.6744005105597637,False,False,False,False,49.683084136400296,53.7680651799941,False,False
1788144840.001,2026-08-31 10:54:00.000999928+08:00,18.62,18.64,18.62,18.64,48.6180498702211,20.850478321237773,31.882708856359603,68.1172911436404,-58.8302996274112,100.0,0,45.99383351461157,32.61097879393933,19.245661764705947,19.057531019338985,90.24622900374315,9.753770996256838,19.602906375713392,9.342659480327164,-43.20750518880018,-44.61956770880479,1.4120625200046035,26.346974345198085,44.8206739665671,0.0,0.0,1.0,0.0,18.61,18.83,0.0,0.0,-1.0650342661791967,0.0,False,False,False,False,48.6180498702211,53.06161546151768,False,False
1788144840.002,2026-08-31 10:54:00.002000093+08:00,18.64,18.66,18.64,18.66,47.65219593557658,20.206648553643447,32.15892044041918,67.84107955958082,-57.73679021243168,94.85023355595048,1,45.99383351461157,32.61097879393933,19.245661764705947,19.057531019338985,90.24622900374315,9.753770996256838,19.602906375713392,9.342659480327164,-43.20750518880018,-44.61956770880479,1.4120625200046035,26.346974345198085,44.8206739665671,0.0,0.0,1.0,0.0,18.61,18.83,0.0,0.0,-0.965853934644521,0.0,False,False,False,False,47.65219593557658,52.41140883847447,False,False
1788144960.0,2026-08-31 10:56:00+08:00,18.64,18.64,18.62,18.62,46.62396552113141,19.35695468823405,31.689072580539868,68.31092741946013,-59.330759331452256,100.0,0,45.99383351461157,32.61097879393933,19.245661764705947,19.057531019338985,90.24622900374315,9.753770996256838,19.602906375713392,9.342659480327164,-43.20750518880018,-44.61956770880479,1.4120625200046035,27.57696632488382,40.40261036542816,0.0,0.0,0.0,0.0,18.6,18.83,0.0,0.0,-1.0282304144451686,1.2299919796857353,False,False,False,False,46.62396552113141,51.661430309839616,False,False
1788145080.0,2026-08-31 10:58:00+08:00,18.64,18.66,18.64,18.66,45.70775224755163,19.225067386197168,34.724401787340405,65.27559821265959,-40.21138728513727,82.99736872070697,1,45.99383351461157,32.61097879393933,19.245661764705947,19.057531019338985,90.24622900374315,9.753770996256838,19.602906375713392,9.342659480327164,-43.20750518880018,-44.61956770880479,1.4120625200046035,28.225232723181453,39.34634194201266,0.0,0.0,0.0,0.0,18.6,18.83,0.0,0.0,-0.9162132735797783,0.6482663982976327,False,False,False,False,45.70775224755163,50.7641085412566,False,False
1788145200.0,2026-08-31 11:00:00+08:00,18.66,18.68,18.66,18.68,44.96563037875234,20.03135000245921,35.909256814190066,64.09074318580994,-31.59964991180624,60.13274470749903,2,44.39987465806751,30.28130687123596,19.22176470588242,19.0539734967585,86.49937042340437,13.500629576595635,19.602906375713392,9.342659480327164,-43.20750518880018,-44.61956770880479,1.4120625200046035,28.225232723181453,39.34634194201266,0.0,0.0,0.0,0.0,18.6,18.83,-1.593958856544063,0.0,-0.7421218687992948,0.0,False,False,False,False,44.96563037875234,49.683084136400296,False,False
1788145320.0,2026-08-31 11:02:00+08:00,18.68,18.7,18.68,18.7,44.44522951861719,21.80323183782442,36.688191089445525,63.31180891055448,-25.12014743243947,23.502872850455457,3,44.39987465806751,30.28130687123596,19.22176470588242,19.0539734967585,86.49937042340437,13.500629576595635,19.602906375713392,9.342659480327164,-43.20750518880018,-44.61956770880479,1.4120625200046035,28.225232723181453,39.34634194201266,0.0,0.0,0.0,0.0,18.6,18.83,0.0,0.0,-0.5204008601351475,0.0,False,False,False,False,44.44522951861719,48.6180498702211,False,False
1788145320.001,2026-08-31 11:02:00.000999928+08:00,18.7,18.72,18.7,18.72,44.182196484434535,24.483496934130123,37.448418978946805,62.5515810210532,-18.69178614547536,28.38801517213096,4,44.39987465806751,30.28130687123596,19.22176470588242,19.0539734967585,86.49937042340437,13.500629576595635,19.602906375713392,9.342659480327164,-43.20750518880018,-44.61956770880479,1.4120625200046035,28.225232723181453,39.34634194201266,0.0,0.0,0.0,0.0,18.6,18.83,0.0,0.0,-0.263033034182655,0.0,False,False,False,False,44.182196484434535,47.65219593557658,False,False
1788145680.0,2026-08-31 11:08:00+08:00,18.72,18.74,18.69,18.74,44.20227703051601,27.796404244084123,42.81789660376285,57.18210339623715,8.944942610672493,26.66827860767625,4,44.39987465806751,30.28130687123596,19.22176470588242,19.0539734967585,86.49937042340437,13.500629576595635,19.602906375713392,9.342659480327164,-43.20750518880018,-44.61956770880479,1.4120625200046035,29.03233785686299,40.157276553050565,0.0,0.0,0.0,0.0,18.6,18.81,0.0,0.0,0.02008054608147347,0.8071051336815387,False,False,False,False,44.182196484434535,46.62396552113141,False,False
1788146040.0,2026-08-31 11:14:00+08:00,18.74,18.76,18.74,18.76,44.523073761515136,31.951261111039862,46.73161396061424,53.26838603938576,27.33995966175016,86.4039757970501,5,42.90239650483392,28.55546740461851,19.20235294117654,19.050973760472345,84.62986871657989,15.370131283420108,18.67469092747795,9.035236245206764,-40.5722795492112,-43.85552352501239,3.2832439758011844,30.00206207810184,42.39834782303942,0.0,0.0,0.0,0.0,18.6,18.81,-1.4974781532335868,-0.9282154482354414,0.32079673099912753,0.9697242212388488,False,False,False,False,44.182196484434535,45.70775224755163,False,False
1788146160.0,2026-08-31 11:16:00+08:00,18.76,18.78,18.76,18.78,45.14041122331531,36.79129602435043,47.27771004826147,52.72228995173853,32.083121214473046,89.24987272868383,5,42.90239650483392,28.55546740461851,19.20235294117654,19.050973760472345,84.62986871657989,15.370131283420108,18.67469092747795,9.035236245206764,-40.5722795492112,-43.85552352501239,3.2832439758011844,31.20470135770133,45.79619203213437,0.0,0.0,0.0,0.0,18.6,18.81,0.0,0.0,0.6173374618001759,1.2026392795994916,False,False,False,False,44.182196484434535,45.14041122331531,False,False
1788146520.0,2026-08-31 11:22:00+08:00,18.78,18.8,18.78,18.8,46.05845645327684,42.47141321922477,51.50339788928385,48.49660211071615,39.104153398376894,93.46249203902612,5,41.5134477009601,27.386773742695837,19.1876470588236,19.048202877283565,81.7105420534088,18.28945794659121,17.924183553049726,9.362674950195634,-22.59419358199422,-37.168780665989566,14.574587083995349,31.20470135770133,45.79619203213437,0.0,0.0,0.0,0.0,18.6,18.81,-1.3889488038738236,-0.7505073744282242,0.9180452299615283,0.0,False,False,False,False,44.182196484434535,46.05845645327684,False,False
1788146520.001,2026-08-31 11:22:00.000999928+08:00,18.8,18.82,18.8,18.82,47.29520385528466,48.75519367020035,53.17694457332558,46.82305542667442,45.32185277074692,97.19311166244816,5,41.5134477009601,27.386773742695837,19.1876470588236,19.048202877283565,81.7105420534088,18.28945794659121,17.924183553049726,9.362674950195634,-22.59419358199422,-37.168780665989566,14.574587083995349,31.20470135770133,45.79619203213437,0.0,0.0,0.0,0.0,18.6,18.81,0.0,0.0,1.236747402007822,0.0,False,True,False,False,44.182196484434535,47.29520385528466,False,False
1788146880.0,2026-08-31 11:28:00+08:00,18.8,18.8,18.78,18.78,48.595530009024905,54.06962470521452,51.785688913222415,48.21431108677759,31.422526995361935,88.85351619721716,5,41.5134477009601,27.386773742695837,19.1876470588236,19.048202877283565,81.7105420534088,18.28945794659121,17.924183553049726,9.362674950195634,-22.59419358199422,-37.168780665989566,14.574587083995349,32.55210550969627,49.94398732441999,0.0,0.0,0.0,0.0,18.6,18.82,0.0,0.0,1.3003261537402437,1.3474041519949367,False,False,False,False,44.20227703051601,48.595530009024905,False,False
1788146880.001,2026-08-31 11:28:00.000999928+08:00,18.78,18.78,18.76,18.76,49.84445988018837,57.93966741010787,50.46537538804359,49.53462461195641,18.911854759996174,76.51346198543176,5,41.5134477009601,27.386773742695837,19.1876470588236,19.048202877283565,81.7105420534088,18.28945794659121,17.924183553049726,9.362674950195634,-22.59419358199422,-37.168780665989566,14.574587083995349,32.55210550969627,49.94398732441999,0.0,0.0,0.0,0.0,18.6,18.82,0.0,0.0,1.2489298711634618,0.0,False,False,False,False,44.523073761515136,49.84445988018837,False,False
1788152400.0,2026-08-31 13:00:00+08:00,18.78,18.8,18.75,18.8,51.21720061294034,61.49867050758696,50.05084571432293,49.94915428567707,21.55305491812572,79.65128413221392,5,40.23945326827522,26.656679925618857,19.175735294117715,19.04563369442502,79.85185399904297,20.148146000957023,17.924183553049726,9.362674950195634,-22.59419358199422,-37.168780665989566,14.574587083995349,34.02932633182005,53.62002472154352,0.0,0.0,0.0,0.0,18.6,18.82,-1.27399443268488,0.0,1.3727407327519714,1.4772208221237833,False,False,False,False,45.14041122331531,51.21720061294034,False,False
1788152400.001,2026-08-31 13:00:00.000999928+08:00,18.8,18.82,18.8,18.82,52.76320827064195,65.51431225336727,51.09233458263805,48.90766541736195,24.266521864718506,82.69988370647388,5,40.23945326827522,26.656679925618857,19.175735294117715,19.04563369442502,79.85185399904297,20.148146000957023,17.924183553049726,9.362674950195634,-22.59419358199422,-37.168780665989566,14.574587083995349,34.02932633182005,53.62002472154352,0.0,0.0,0.0,0.0,18.6,18.82,0.0,0.0,1.5460076577016082,0.0,False,False,False,False,46.05845645327684,52.76320827064195,False,False
1788152760.0,2026-08-31 13:06:00+08:00,18.8,18.83,18.78,18.78,54.25388437875727,68.58055256110097,48.32822130778101,51.671778692218986,2.399743438512962,52.546105594340425,5,40.23945326827522,26.656679925618857,19.175735294117715,19.04563369442502,79.85185399904297,20.148146000957023,17.924183553049726,9.362674950195634,-22.59419358199422,-37.168780665989566,14.574587083995349,37.31976989567212,61.89441941799568,0.0,0.0,0.0,0.0,18.6,18.83,0.0,0.0,1.4906761081153235,3.2904435638520653,False,False,False,False,47.29520385528466,54.25388437875727,False,False
1788152880.0,2026-08-31 13:08:00+08:00,18.78,18.78,18.76,18.76,55.59657896493628,70.21343595725608,47.615640876804,52.384359123196,-4.534864356391268,49.01889111582993,5,40.23945326827522,26.656679925618857,19.175735294117715,19.04563369442502,79.85185399904297,20.148146000957023,17.924183553049726,9.362674950195634,-22.59419358199422,-37.168780665989566,14.574587083995349,38.995617896984506,65.05589500533065,0.0,0.0,0.0,0.0,18.6,18.83,0.0,0.0,1.3426945861790074,1.6758480013123886,False,False,False,False,48.595530009024905,55.59657896493628,False,False
1788152880.001,2026-08-31 13:08:00.000999928+08:00,18.78,18.8,18.78,18.8,56.98525366387667,71.8607306207733,48.52173492315925,51.47826507684075,-1.3827790389610666,48.60166218673291,5,40.23945326827522,26.656679925618857,19.175735294117715,19.04563369442502,79.85185399904297,20.148146000957023,17.924183553049726,9.362674950195634,-22.59419358199422,-37.168780665989566,14.574587083995349,38.995617896984506,65.05589500533065,0.0,0.0,0.0,0.0,18.6,18.83,0.0,0.0,1.3886746989403917,0.0,False,False,False,False,49.84445988018837,56.98525366387667,False,False
1788153000.0,2026-08-31 13:10:00+08:00,18.8,18.82,18.8,18.82,58.4850857737391,74.01765564961681,49.88933393449641,50.11066606550359,4.805072422480277,53.32103045209666,5,39.12961403537576,26.501377201181995,19.165588235294184,19.04381146860985,75.91130804573372,24.088691954266285,17.924183553049726,9.362674950195634,-22.59419358199422,-37.168780665989566,14.574587083995349,38.995617896984506,65.05589500533065,0.0,0.0,0.0,0.0,18.6,18.83,-1.1098392328994606,0.0,1.4998321098624317,0.0,False,False,False,False,51.21720061294034,58.4850857737391,False,False
1788153120.0,2026-08-31 13:12:00+08:00,18.82,18.84,18.82,18.84,60.10245127165268,76.55983859176763,50.753177598162594,49.246822401837406,7.770359521978984,56.2828187139712,5,39.12961403537576,26.501377201181995,19.165588235294184,19.04381146860985,75.91130804573372,24.088691954266285,17.37537389603629,10.306997377393404,-5.499254086410495,-27.968308101604023,22.469054015193528,40.82826395906786,68.50682061380786,0.0,0.0,0.0,0.0,18.6,18.85,0.0,-0.548809657013436,1.6173654979135819,1.8326460620833558,False,False,False,False,52.76320827064195,60.10245127165268,False,False
1788153120.001,2026-08-31 13:12:00.000999928+08:00,18.84,18.86,18.84,18.86,61.79686002232212,79.10386259064009,50.63084531430483,49.36915468569517,10.825874960150449,59.24362166813437,5,39.12961403537576,26.501377201181995,19.165588235294184,19.04381146860985,75.91130804573372,24.088691954266285,17.37537389603629,10.306997377393404,-5.499254086410495,-27.968308101604023,22.469054015193528,40.82826395906786,68.50682061380786,0.0,0.0,0.0,0.0,18.6,18.85,0.0,0.0,1.6944087506694387,0.0,False,False,False,False,54.25388437875727,61.79686002232212,False,False
1788153240.0,2026-08-31 13:14:00+08:00,18.86,18.88,18.86,18.88,63.53529902772922,81.48265820102952,51.0828540122506,48.9171459877494,17.73636810056264,65.79894440598787,5,39.12961403537576,26.501377201181995,19.165588235294184,19.04381146860985,75.91130804573372,24.088691954266285,17.37537389603629,10.306997377393404,-5.499254086410495,-27.968308101604023,22.469054015193528,42.89069384563351,71.85434916407377,0.0,0.0,0.0,0.0,18.6,18.9,0.0,0.0,1.7384390054070948,2.0624298865656456,False,False,False,False,55.59657896493628,63.53529902772922,False,False
1788153360.0,2026-08-31 13:16:00+08:00,18.88,18.9,18.88,18.9,65.2910433480764,83.63433311493243,48.71440310762479,51.28559689237521,21.53051239230502,69.33576329408989,5,39.12961403537576,26.501377201181995,19.165588235294184,19.04381146860985,75.91130804573372,24.088691954266285,17.045297614437388,11.816435453256414,8.835298721765374,-14.957607123962635,23.79290584572801,42.89069384563351,71.85434916407377,0.0,0.0,0.0,0.0,18.6,18.9,0.0,-0.33007628159890245,1.7557443203471834,0.0,False,False,False,False,56.98525366387667,65.2910433480764,False,False
1788153360.001,2026-08-31 13:16:00.000999928+08:00,18.9,18.92,18.9,18.92,67.04264552806623,85.54688428410995,50.56847212247315,49.43152787752685,25.319356198779168,72.80049399581921,5,39.12961403537576,26.501377201181995,19.165588235294184,19.04381146860985,75.91130804573372,24.088691954266285,17.045297614437388,11.816435453256414,8.835298721765374,-14.957607123962635,23.79290584572801,42.89069384563351,71.85434916407377,0.0,0.0,0.0,0.0,18.6,18.9,0.0,0.0,1.7516021799898311,0.0,False,False,False,False,58.4850857737391,67.04264552806623,False,False
1788153600.0,2026-08-31 13:20:00+08:00,18.92,18.94,18.92,18.94,68.77307741083298,87.23084725228745,52.31540077052532,47.68459922947468,38.21376042968334,84.64891168386934,5,38.20701387071232,26.886049027565758,19.15647058823536,19.04255463807641,76.36135645970245,23.638643540297544,17.045297614437388,11.816435453256414,8.835298721765374,-14.957607123962635,23.79290584572801,45.1149676956997,75.00529024112365,0.0,0.0,0.0,0.0,18.6,18.94,-0.9226001646634359,0.0,1.7304318827667515,2.22427385006619,False,False,False,False,60.10245127165268,68.77307741083298,False,False
1788153840.0,2026-08-31 13:24:00+08:00,18.94,18.96,18.94,18.96,70.46900199700619,88.70589784761285,55.2405561184093,44.7594438815907,46.99706138488644,92.90571255280268,5,38.20701387071232,26.886049027565758,19.15647058823536,19.04255463807641,76.36135645970245,23.638643540297544,16.945281728136347,13.828437457075587,21.212702658696628,0.4886384280143225,20.724064230682306,47.44535945702076,77.94261727279496,0.0,0.0,0.0,0.0,18.6,18.96,0.0,-0.10001588630104052,1.6959245861732057,2.33039176132106,False,False,False,False,61.79686002232212,70.46900199700619,False,False
1788154080.0,2026-08-31 13:28:00+08:00,18.94,18.97,18.92,18.92,71.98226324405711,89.4498032757993,54.76107752204703,45.23892247795297,35.749472100324795,82.79409642359403,5,38.20701387071232,26.886049027565758,19.15647058823536,19.04255463807641,76.36135645970245,23.638643540297544,16.945281728136347,13.828437457075587,21.212702658696628,0.4886384280143225,20.724064230682306,49.73688088931716,80.31367858927683,0.0,0.0,0.0,0.0,18.6,18.97,0.0,0.0,1.5132612470509201,2.291521432296406,False,False,False,False,63.53529902772922,71.98226324405711,False,False
1788154080.001,2026-08-31 13:28:00.000999928+08:00,18.92,18.92,18.9,18.9,73.2795407451489,89.3252941712681,54.28985088480668,45.710149115193325,25.210813879803588,73.36468282165228,5,38.20701387071232,26.886049027565758,19.15647058823536,19.04255463807641,76.36135645970245,23.638643540297544,16.945281728136347,13.828437457075587,21.212702658696628,0.4886384280143225,20.724064230682306,49.73688088931716,80.31367858927683,0.0,0.0,0.0,0.0,18.6,18.97,0.0,0.0,1.2972775010917985,0.0,False,False,False,False,65.2910433480764,73.2795407451489,False,False
1788154080.002,2026-08-31 13:28:00.002000093+08:00,18.9,18.9,18.880000000000003,18.880000000000003,74.33651809224776,88.4514005312241,54.40477807572274,45.59522192427726,15.359519555787069,64.57619015644835,5,38.20701387071232,26.886049027565758,19.15647058823536,19.04255463807641,76.36135645970245,23.638643540297544,16.945281728136347,13.828437457075587,21.212702658696628,0.4886384280143225,20.724064230682306,49.73688088931716,80.31367858927683,0.0,0.0,0.0,0.0,18.6,18.97,0.0,0.0,1.0569773470988508,0.0,False,False,False,False,67.04264552806623,74.33651809224776,False,False
1788154200.0,2026-08-31 13:30:00+08:00,18.9,18.92,18.9,18.92,75.30176504600236,87.78208352785532,53.24442276391075,46.75557723608925,18.70878305118016,67.35394318903437,5,37.459313203119066,27.650495401227204,19.144926470588302,19.04150931829456,73.64321478312924,26.35678521687076,16.945281728136347,13.828437457075587,21.212702658696628,0.4886384280143225,20.724064230682306,53.91767207843184,81.81093935532951,0.0,0.0,0.0,0.0,18.6,18.97,-0.7477006675932572,0.0,0.9652469537546011,4.180791189114679,False,False,False,False,68.77307741083298,75.30176504600236,False,False
1788154200.001,2026-08-31 13:30:00.000999928+08:00,18.92,18.94,18.92,18.94,76.23930983415286,87.63435096940265,59.327111811907926,40.67288818809208,22.099594191313493,70.13063259815213,5,37.459313203119066,27.650495401227204,19.144926470588302,19.04150931829456,73.64321478312924,26.35678521687076,16.945281728136347,13.828437457075587,21.212702658696628,0.4886384280143225,20.724064230682306,53.91767207843184,81.81093935532951,0.0,0.0,0.0,0.0,18.6,18.97,0.0,0.0,0.9375447881505039,0.0,False,False,False,False,70.46900199700619,76.23930983415286,False,False
1788154200.002,2026-08-31 13:30:00.002000093+08:00,18.94,18.96,18.94,18.96,77.20039637434556,88.10680731333244,64.17976298851677,35.82023701148323,25.517099831319467,72.8986437371755,5,37.459313203119066,27.650495401227204,19.144926470588302,19.04150931829456,73.64321478312924,26.35678521687076,16.945281728136347,13.828437457075587,21.212702658696628,0.4886384280143225,20.724064230682306,53.91767207843184,81.81093935532951,0.0,0.0,0.0,0.0,18.6,18.97,0.0,0.0,0.9610865401926958,0.0,False,False,False,False,71.98226324405711,77.20039637434556,False,False
1788154320.0,2026-08-31 13:32:00+08:00,18.94,18.94,18.92,18.92,78.06009882584729,88.30165950977864,69.93934568175194,30.06065431824805,19.73109078406615,68.15562414650137,5,37.459313203119066,27.650495401227204,19.144926470588302,19.04150931829456,73.64321478312924,26.35678521687076,16.945281728136347,13.828437457075587,21.212702658696628,0.4886384280143225,20.724064230682306,55.889634340976045,82.44894305749398,0.0,0.0,0.0,0.0,18.6,18.97,0.0,0.0,0.8597024515017324,1.9719622625442028,False,False,False,False,73.2795407451489,78.06009882584729,False,False
1788154320.001,2026-08-31 13:32:00.000999928+08:00,18.92,18.92,18.9,18.9,78.77517814699392,87.95545722082247,69.45833961372094,30.541660386279062,17.08137696759863,66.0116947719493,5,37.459313203119066,27.650495401227204,19.144926470588302,19.04150931829456,73.64321478312924,26.35678521687076,16.945281728136347,13.828437457075587,21.212702658696628,0.4886384280143225,20.724064230682306,55.889634340976045,82.44894305749398,0.0,0.0,0.0,0.0,18.6,18.97,0.0,0.0,0.7150793211466322,0.0,False,False,False,False,74.33651809224776,78.77517814699392,False,False
1788154320.002,2026-08-31 13:32:00.002000093+08:00,18.92,18.94,18.92,18.94,79.4781669306096,87.89189909141521,69.55326044421,30.446739555790003,19.05194367701121,67.51290433139798,5,37.459313203119066,27.650495401227204,19.144926470588302,19.04150931829456,73.64321478312924,26.35678521687076,16.945281728136347,13.828437457075587,21.212702658696628,0.4886384280143225,20.724064230682306,55.889634340976045,82.44894305749398,0.0,0.0,0.0,0.0,18.6,18.97,0.0,0.0,0.7029887836156803,0.0,False,False,False,False,75.30176504600236,79.4781669306096,False,False
1788154560.0,2026-08-31 13:36:00+08:00,18.94,18.96,18.91,18.96,80.21951647641278,88.21004372423056,71.01997101997102,28.980028980028976,24.994358255920744,72.01726146726965,5,37.459313203119066,27.650495401227204,19.144926470588302,19.04150931829456,73.64321478312924,26.35678521687076,16.945281728136347,13.828437457075587,21.212702658696628,0.4886384280143225,20.724064230682306,59.71866899892933,83.83351836672308,0.0,0.0,0.0,0.0,18.6,18.97,0.0,0.0,0.7413495458031747,3.8290346579532866,False,False,False,False,76.23930983415286,80.21951647641278,False,False
1788154560.001,2026-08-31 13:36:00.000999928+08:00,18.96,18.98,18.96,18.98,81.01141186514987,89.00995972942067,70.21196989538214,29.78803010461786,30.59860690320648,76.27941433738908,5,37.459313203119066,27.650495401227204,19.144926470588302,19.04150931829456,73.64321478312924,26.35678521687076,16.945281728136347,13.828437457075587,21.212702658696628,0.4886384280143225,20.724064230682306,59.71866899892933,83.83351836672308,0.0,0.0,0.0,0.0,18.6,18.97,0.0,0.0,0.791895388737089,0.0,False,False,False,False,77.20039637434556,81.01141186514987,False,False
1788154920.0,2026-08-31 13:42:00+08:00,18.98,19.0,18.95,19.0,81.8354570534799,89.82528375097212,72.14957468850682,27.850425311493183,51.33940371067355,92.04067238744562,5,36.88930697417332,28.840640857818272,19.127720588235363,19.04084753403292,70.00311704451437,29.99688295548564,16.945281728136347,13.828437457075587,21.212702658696628,0.4886384280143225,20.724064230682306,61.64907924950546,85.10101075435614,0.0,0.0,0.0,0.0,18.64,18.99,-0.5700062289457435,0.0,0.8240451883300324,1.9304102505761307,False,False,False,False,78.06009882584729,81.8354570534799,False,False
1788155160.0,2026-08-31 13:46:00+08:00,18.98,19.01,18.96,18.96,82.55224221353136,90.09790234942476,67.2690820535955,32.7309179464045,21.406262926630752,69.27160564931762,5,36.88930697417332,28.840640857818272,19.127720588235363,19.04084753403292,70.00311704451437,29.99688295548564,16.945281728136347,13.828437457075587,21.212702658696628,0.4886384280143225,20.724064230682306,63.48616120263346,86.25547362269958,0.0,0.0,0.0,0.0,18.69,19.01,0.0,0.0,0.7167851600514581,1.8370819531279992,False,False,False,False,78.77517814699392,82.55224221353136,False,False
1788155400.0,2026-08-31 13:50:00+08:00,18.96,18.99,18.94,18.94,83.12656700474335,89.67203158094554,63.69099607493498,36.30900392506502,4.026437856277147,55.02887837209225,5,36.464490128291104,30.262852090231178,19.111029411764772,19.04016745906742,72.59666524398621,27.403334756013788,16.945281728136347,13.828437457075587,21.212702658696628,0.4886384280143225,20.724064230682306,65.18486424149079,86.86091516813826,0.0,0.0,0.0,0.0,18.71,19.01,-0.42481684588221924,0.0,0.5743247912119926,1.6987030388573245,False,False,False,False,79.4781669306096,83.12656700474335,False,False
1788155640.0,2026-08-31 13:54:00+08:00,18.96,18.98,18.96,18.98,83.68119653065212,89.22193656195304,61.44152124906918,38.55847875093082,10.817401402015149,60.2202663400921,5,36.464490128291104,30.262852090231178,19.111029411764772,19.04016745906742,72.59666524398621,27.403334756013788,16.945281728136347,13.828437457075587,21.212702658696628,0.4886384280143225,20.724064230682306,66.82412246723275,87.25750244737905,0.0,0.0,0.0,0.0,18.75,19.01,0.0,0.0,0.5546295259087657,1.639258225741969,False,False,False,False,80.21951647641278,83.68119653065212,False,False
1788155640.001,2026-08-31 13:54:00.000999928+08:00,18.98,19.0,18.98,19.0,84.2642667561622,89.30439487631125,58.93822504514037,41.06177495485963,17.25761821218076,65.14977671403028,5,36.464490128291104,30.262852090231178,19.111029411764772,19.04016745906742,72.59666524398621,27.403334756013788,16.945281728136347,13.828437457075587,21.212702658696628,0.4886384280143225,20.724064230682306,66.82412246723275,87.25750244737905,0.0,0.0,0.0,0.0,18.75,19.01,0.0,0.0,0.5830702255100846,0.0,False,False,False,False,81.01141186514987,84.2642667561622,False,False
1788155760.0,2026-08-31 13:56:00+08:00,18.98,18.98,18.96,18.96,84.76447174475815,88.94985979459643,57.02375114621656,42.97624885378344,12.880377308921847,61.69206682474055,5,36.464490128291104,30.262852090231178,19.111029411764772,19.04016745906742,72.59666524398621,27.403334756013788,16.945281728136347,13.828437457075587,21.212702658696628,0.4886384280143225,20.724064230682306,68.35398887569734,87.71046912046387,0.0,0.0,0.0,0.0,18.75,19.01,0.0,0.0,0.5002049885959536,1.529866408464585,False,False,False,False,81.8354570534799,84.76447174475815,False,False
1788155760.001,2026-08-31 13:56:00.000999928+08:00,18.96,18.96,18.94,18.94,85.14384262877876,87.88391521380791,54.25579080426146,45.74420919573854,8.550856851712114,58.30435205026832,5,36.464490128291104,30.262852090231178,19.111029411764772,19.04016745906742,72.59666524398621,27.403334756013788,16.945281728136347,13.828437457075587,21.212702658696628,0.4886384280143225,20.724064230682306,68.35398887569734,87.71046912046387,0.0,0.0,0.0,0.0,18.75,19.01,0.0,0.0,0.37937088402060226,0.0,False,False,False,False,82.55224221353136,85.14384262877876,False,False
1788155880.0,2026-08-31 13:58:00+08:00,18.96,18.98,18.96,18.98,85.52272031402465,87.2485604056705,53.53987160530367,46.46012839469633,17.548003336463395,64.96142795822595,5,36.464490128291104,30.262852090231178,19.111029411764772,19.04016745906742,72.59666524398621,27.403334756013788,16.945281728136347,13.828437457075587,21.212702658696628,0.4886384280143225,20.724064230682306,69.80385318279583,87.87649798394793,0.0,0.0,0.0,0.0,18.75,19.01,0.0,0.0,0.3788776852458966,1.449864307098494,False,False,False,False,83.12656700474335,85.52272031402465,False,False
1788156000.0,2026-08-31 14:00:00+08:00,18.98,19.0,18.98,19.0,85.9471153624421,87.39257710727249,57.155391116132606,42.844608883867394,23.44504124486896,69.35516936022061,5,36.151337946816376,31.666971700373804,19.09720588235301,19.039394648529434,75.06419070364129,24.935809296358716,16.945281728136347,13.828437457075587,21.212702658696628,0.4886384280143225,20.724064230682306,71.17524781424478,88.32581276282457,0.0,0.0,0.0,0.0,18.76,19.01,-0.31315218147472734,0.0,0.4243950484174519,1.3713946314489505,False,False,False,False,83.68119653065212,85.9471153624421,False,False
1788156000.001,2026-08-31 14:00:00.000999928+08:00,18.98,18.98,18.96,18.96,86.30385593859414,87.2009826035935,59.72514994180258,40.27485005819742,21.95258378861808,68.24045423472107,5,36.151337946816376,31.666971700373804,19.09720588235301,19.039394648529434,75.06419070364129,24.935809296358716,16.945281728136347,13.828437457075587,21.212702658696628,0.4886384280143225,20.724064230682306,71.17524781424478,88.32581276282457,0.0,0.0,0.0,0.0,18.76,19.01,0.0,0.0,0.3567405761520348,0.0,False,False,False,False,84.2642667561622,86.30385593859414,False,False
1788156000.002,2026-08-31 14:00:00.002000093+08:00,18.96,18.96,18.94,18.94,86.55333285971207,86.26165763033151,58.84971769355857,41.15028230644143,20.35201493403365,59.221445192754885,4,36.151337946816376,31.666971700373804,19.09720588235301,19.039394648529434,75.06419070364129,24.935809296358716,16.945281728136347,13.828437457075587,21.212702658696628,0.4886384280143225,20.724064230682306,71.17524781424478,88.32581276282457,0.0,0.0,0.0,0.0,18.76,19.01,0.0,0.0,0.24947692111793174,0.0,True,False,False,False,84.76447174475815,86.55333285971207,False,False
1788156120.0,2026-08-31 14:02:00+08:00,18.94,18.94,18.92,18.92,86.66511497680688,84.49754281105267,56.51551483483055,43.48448516516945,8.76244293002863,31.84117197076467,3,36.151337946816376,31.666971700373804,19.09720588235301,19.039394648529434,75.06419070364129,24.935809296358716,16.945281728136347,13.828437457075587,21.212702658696628,0.4886384280143225,20.724064230682306,72.35681448198737,88.06304815015528,0.0,0.0,0.0,0.0,18.76,19.01,0.0,0.0,0.11178211709480479,1.1815666677425867,False,False,False,False,85.14384262877876,86.66511497680688,False,False
1788156240.0,2026-08-31 14:04:00+08:00,18.94,18.96,18.94,18.96,86.76571465237187,83.19166911628655,63.19141439082443,36.80858560917557,17.915527450196663,62.49941453291042,4,36.151337946816376,31.666971700373804,19.09720588235301,19.039394648529434,75.06419070364129,24.935809296358716,16.945281728136347,13.828437457075587,21.212702658696628,0.4886384280143225,20.724064230682306,73.44326399493228,87.47903235072488,0.0,0.0,0.0,0.0,18.76,19.01,0.0,0.0,0.10059967556499316,1.0864495129449097,False,False,False,False,85.52272031402465,86.76571465237187,False,False
1788156600.0,2026-08-31 14:10:00+08:00,18.96,18.98,18.96,18.98,86.90616349799396,82.65247980090669,69.15614588919274,30.843854110807257,41.15696472905213,82.26581884995383,5,35.938486251241265,33.02895419249539,19.082426470588302,19.038729030136107,72.7518937625426,27.248106237457403,16.945281728136347,13.828437457075587,21.212702658696628,0.4886384280143225,20.724064230682306,74.51094900868843,87.39138738027259,0.0,0.0,0.0,0.0,18.81,19.01,-0.21285169557511097,0.0,0.14044884562208892,1.0676850137561473,False,False,False,False,85.9471153624421,86.90616349799396,False,False
1788157080.0,2026-08-31 14:18:00+08:00,18.98,19.0,18.98,19.0,87.12667188646627,83.04826235343421,72.45012960667194,27.549870393328064,57.67047862827815,91.0721823744683,5,35.938486251241265,33.02895419249539,19.082426470588302,19.038729030136107,72.7518937625426,27.248106237457403,16.945281728136347,13.828437457075587,21.212702658696628,0.4886384280143225,20.724064230682306,74.51094900868843,87.39138738027259,0.0,0.0,0.0,0.0,18.81,19.01,0.0,0.0,0.2205083884723109,0.0,False,False,False,False,86.30385593859414,87.12667188646627,False,False
1788157200.0,2026-08-31 14:20:00+08:00,19.0,19.02,19.0,19.02,87.43353905395986,84.14300756498645,72.46430339219316,27.53569660780684,60.177310224326106,91.71627851257637,5,35.836439354042746,34.438770795929315,19.068014705882423,19.03841829351784,69.94711288184307,30.05288711815693,17.081994065251546,16.280298085121558,30.94508291196457,13.87345755150402,17.07162536046055,75.62083147873223,88.01634519910691,0.0,0.0,0.0,0.0,18.86,19.02,-0.10204689719851956,0.13671233711519903,0.3068671674935928,1.1098824700438001,False,False,False,False,86.55333285971207,87.43353905395986,False,False
1788157320.0,2026-08-31 14:22:00+08:00,19.02,19.04,19.02,19.04,87.80600946223069,85.45911211529554,73.22237255037237,26.77762744962763,64.01452666171639,92.72579545446364,5,35.836439354042746,34.438770795929315,19.068014705882423,19.03841829351784,69.94711288184307,30.05288711815693,17.081994065251546,16.280298085121558,30.94508291196457,13.87345755150402,17.07162536046055,75.62083147873223,88.01634519910691,0.0,0.0,0.0,0.0,18.86,19.02,0.0,0.0,0.37247040827082856,0.0,False,False,False,False,86.66511497680688,87.80600946223069,False,False
1788157440.0,2026-08-31 14:24:00+08:00,19.02,19.02,19.0,19.0,88.1341295978632,85.79195050163705,71.10202114921903,28.897978850780973,53.34177683763413,91.31773218596534,5,35.836439354042746,34.438770795929315,19.068014705882423,19.03841829351784,69.94711288184307,30.05288711815693,17.081994065251546,16.280298085121558,30.94508291196457,13.87345755150402,17.07162536046055,76.66020996948505,88.71808168516463,0.0,0.0,0.0,1.0,18.87,19.04,0.0,0.0,0.32812013563250275,1.0393784907528243,False,False,False,False,86.76571465237187,88.1341295978632,False,False
1788157440.001,2026-08-31 14:24:00.000999928+08:00,19.02,19.04,19.02,19.04,88.51636675073534,86.59231334566653,70.56947232381005,29.430527676189957,54.26067035374291,91.50164503920836,5,35.836439354042746,34.438770795929315,19.068014705882423,19.03841829351784,69.94711288184307,30.05288711815693,17.081994065251546,16.280298085121558,30.94508291196457,13.87345755150402,17.07162536046055,76.66020996948505,88.71808168516463,0.0,0.0,0.0,1.0,18.87,19.04,0.0,0.0,0.38223715287215043,0.0,False,False,False,False,86.90616349799396,88.51636675073534,False,False
1788157680.0,2026-08-31 14:28:00+08:00,19.02,19.02,19.0,19.0,88.84501187402498,86.46444646841724,65.85037776598912,34.14962223401088,29.126135027041165,68.93209527433473,4,35.836439354042746,34.438770795929315,19.068014705882423,19.03841829351784,69.94711288184307,30.05288711815693,17.081994065251546,16.280298085121558,30.94508291196457,13.87345755150402,17.07162536046055,76.66020996948505,88.71808168516463,0.0,0.0,0.0,1.0,18.87,19.04,0.0,0.0,0.3286451232896326,0.0,False,False,False,False,87.12667188646627,88.84501187402498,False,False
1788157920.0,2026-08-31 14:32:00+08:00,19.02,19.04,18.99,19.04,89.22041297343891,86.75147163042345,67.36592876173127,32.63407123826873,39.77044292560397,83.64935516132027,5,35.8400835221134,35.947339325576706,19.051985294117717,19.03830965378134,67.3072681734203,32.6927318265797,17.45832607853623,19.113725162637003,38.56382130621256,24.889226399659783,13.674594906552777,77.70244042904126,89.40259927959974,0.0,0.0,0.0,0.0,18.87,19.04,0.003644168070657372,0.376332013284685,0.37540109941393496,1.0422304595562082,False,False,False,False,87.43353905395986,89.22041297343891,False,False
1788158040.0,2026-08-31 14:34:00+08:00,19.04,19.06,19.04,19.06,89.62919738957002,87.50334555164987,65.92244855484006,34.07755144515994,41.371795113266856,84.86667525371303,5,35.8400835221134,35.947339325576706,19.051985294117717,19.03830965378134,67.3072681734203,32.6927318265797,17.45832607853623,19.113725162637003,38.56382130621256,24.889226399659783,13.674594906552777,78.75949691288147,90.2401551997966,0.0,0.0,0.0,0.0,18.87,19.07,0.0,0.0,0.4087844161311125,1.0570564838402134,False,False,False,False,87.80600946223069,89.62919738957002,False,False
1788158040.001,2026-08-31 14:34:00.000999928+08:00,19.06,19.08,19.06,19.08,90.06038093108693,88.43248112134337,64.60115619010814,35.39884380989186,43.03772678830863,86.11949136084019,5,35.8400835221134,35.947339325576706,19.051985294117717,19.03830965378134,67.3072681734203,32.6927318265797,17.45832607853623,19.113725162637003,38.56382130621256,24.889226399659783,13.674594906552777,78.75949691288147,90.2401551997966,0.0,0.0,0.0,0.0,18.87,19.07,0.0,0.0,0.4311835415169014,0.0,False,False,False,False,88.1341295978632,90.06038093108693,False,False
1788158160.0,2026-08-31 14:36:00+08:00,19.06,19.06,19.04,19.04,90.41626137122284,88.51407628540187,65.2234019294458,34.7765980705542,36.24347171986639,81.23906627076768,5,35.8400835221134,35.947339325576706,19.051985294117717,19.03830965378134,67.3072681734203,32.6927318265797,17.45832607853623,19.113725162637003,38.56382130621256,24.889226399659783,13.674594906552777,79.73253339750723,90.90662911885656,0.0,0.0,0.0,0.0,18.87,19.08,0.0,0.0,0.3558804401359197,0.9730364846257515,False,False,False,False,88.51636675073534,90.41626137122284,False,False
1788158520.0,2026-08-31 14:42:00+08:00,19.06,19.08,19.03,19.08,90.79730640142056,88.86946876389825,69.19306402459561,30.806935975404382,47.71621915377413,89.75707980469517,5,35.95249925918032,37.75519648099775,19.03786764705889,19.038500602499933,66.08291684177645,33.917083158223555,17.45832607853623,19.113725162637003,38.56382130621256,24.889226399659783,13.674594906552777,80.69254338801709,91.36559681377346,0.0,0.0,0.0,0.0,18.87,19.08,0.1124157370669181,0.0,0.3810450301977113,0.9600099905098602,False,False,False,False,88.84501187402498,90.79730640142056,False,False
1788159120.0,2026-08-31 14:52:00+08:00,19.06,19.09,19.04,19.04,91.0758400644538,88.46343431290028,66.34969927015784,33.65030072984216,22.98009120372094,71.72021106131338,5,36.14416936293056,39.5531397888694,19.02544117647065,19.038615024365605,66.87725337330684,33.12274662669316,17.45832607853623,19.113725162637003,38.56382130621256,24.889226399659783,13.674594906552777,81.57034921011534,91.69031853467132,1.0,0.0,0.0,1.0,18.89,19.09,0.19167010375024063,0.0,0.2785336630332438,0.877805822098253,False,False,False,False,89.22041297343891,91.0758400644538,False,False
1788159120.001,2026-08-31 14:52:00.000999928+08:00,19.04,19.04,19.02,19.02,91.214376951397,86.78263288673902,61.87560611094696,38.124393889053046,3.85053261566355,43.2109771879187,4,36.14416936293056,39.5531397888694,19.02544117647065,19.038615024365605,66.87725337330684,33.12274662669316,17.45832607853623,19.113725162637003,38.56382130621256,24.889226399659783,13.674594906552777,81.57034921011534,91.69031853467132,1.0,0.0,0.0,1.0,18.89,19.09,0.0,0.0,0.1385368869432,0.0,False,False,False,False,89.62919738957002,91.214376951397,False,False
1788159480.0,2026-08-31 14:58:00+08:00,19.04,19.06,19.01,19.06,91.3377596068069,85.3522517309855,64.01978228151134,35.98021771848866,19.530976592860107,68.56015277271031,5,36.14416936293056,39.5531397888694,19.02544117647065,19.038615024365605,66.87725337330684,33.12274662669316,17.45832607853623,19.113725162637003,38.56382130621256,24.889226399659783,13.674594906552777,82.37377002243602,91.33059668778976,0.0,0.0,0.0,0.0,18.89,19.09,0.0,0.0,0.12338265540989823,0.803420812320681,False,False,False,False,90.06038093108693,91.3377596068069,False,False
1788226200.0,2026-09-01 09:30:00+08:00,19.06,19.08,19.06,19.08,91.49884213247184,85.10880723984026,63.7083404573658,36.2916595426342,19.90007431788314,68.82742361456954,5,36.54303014654387,42.35736379354409,19.017132352941243,19.04049447685948,43.34520988818424,56.65479011181576,21.32378801899524,34.965335725453514,56.147852501073466,50.74073432864034,5.4071181724331225,84.01669535272052,91.85912081819716,0.0,0.0,0.0,0.0,18.91,19.16,0.39886078361330846,3.86546194045901,0.16108252566493775,1.6429253302844984,False,False,False,False,90.41626137122284,91.49884213247184,False,False
1788226200.001,2026-09-01 09:30:00.000999928+08:00,19.08,19.1,19.08,19.1,91.71379718215954,85.78241622650374,64.43944033065216,35.56055966934784,20.302190644942065,69.11440846246211,5,36.54303014654387,42.35736379354409,19.017132352941243,19.04049447685948,43.34520988818424,56.65479011181576,21.32378801899524,34.965335725453514,56.147852501073466,50.74073432864034,5.4071181724331225,84.8353153985055,92.35929847824102,0.0,0.0,0.0,0.0,18.91,19.22,0.0,0.0,0.21495504968770263,0.8186200457849822,False,False,False,False,90.79730640142056,91.71379718215954,False,False
1788226200.002,2026-09-01 09:30:00.002000093+08:00,19.1,19.12,19.1,19.12,91.96943694433791,86.81453864678616,64.80390429137306,35.19609570862694,20.739881022548,69.42264089422677,5,36.54303014654387,42.35736379354409,19.017132352941243,19.04049447685948,43.34520988818424,56.65479011181576,21.32378801899524,34.965335725453514,56.147852501073466,50.74073432864034,5.4071181724331225,84.8353153985055,92.35929847824102,0.0,0.0,0.0,0.0,18.91,19.22,0.0,0.0,0.2556397621783759,0.0,False,False,False,False,91.0758400644538,91.96943694433791,False,False
1788226200.003,2026-09-01 09:30:00.003000021+08:00,19.12,19.14,19.12,19.14,92.25484984745604,87.95024829002497,64.66469425242612,35.335305747573884,20.946306618261005,69.56618450612969,5,36.54303014654387,42.35736379354409,19.017132352941243,19.04049447685948,43.34520988818424,56.65479011181576,21.32378801899524,34.965335725453514,56.147852501073466,50.74073432864034,5.4071181724331225,84.8353153985055,92.35929847824102,0.0,0.0,0.0,0.0,18.91,19.22,0.0,0.0,0.2854129031181287,0.0,False,False,False,False,91.214376951397,92.25484984745604,False,False
1788226200.004,2026-09-01 09:30:00.003999949+08:00,19.14,19.16,19.14,19.16,92.56104736373926,89.05958230688748,64.1802721822978,35.8197278177022,21.172136427719803,69.72135263426452,5,36.54303014654387,42.35736379354409,19.017132352941243,19.04049447685948,43.34520988818424,56.65479011181576,21.32378801899524,34.965335725453514,56.147852501073466,50.74073432864034,5.4071181724331225,84.8353153985055,92.35929847824102,0.0,0.0,0.0,0.0,18.91,19.22,0.0,0.0,0.3061975162832198,0.0,False,False,False,False,91.3377596068069,92.56104736373926,False,False
1788226200.005,2026-09-01 09:30:00.005000114+08:00,19.16,19.18,19.16,19.18,92.88066327094695,90.0966893581278,63.682383323539405,36.3176166764606,21.41906365950257,69.88916122848462,5,36.54303014654387,42.35736379354409,19.017132352941243,19.04049447685948,43.34520988818424,56.65479011181576,21.32378801899524,34.965335725453514,56.147852501073466,50.74073432864034,5.4071181724331225,84.8353153985055,92.35929847824102,0.0,0.0,0.0,0.0,18.91,19.22,0.0,0.0,0.31961590720769095,0.0,False,False,False,False,91.49884213247184,92.88066327094695,False,False
1788226200.006,2026-09-01 09:30:00.006000042+08:00,19.18,19.2,19.18,19.2,93.2076977351434,91.04446150756864,60.72325101488549,39.27674898511452,21.68890297371567,70.07069910951509,5,36.54303014654387,42.35736379354409,19.017132352941243,19.04049447685948,43.34520988818424,56.65479011181576,21.32378801899524,34.965335725453514,56.147852501073466,50.74073432864034,5.4071181724331225,84.8353153985055,92.35929847824102,0.0,0.0,0.0,0.0,18.91,19.22,0.0,0.0,0.3270344641964442,0.0,False,False,False,False,91.71379718215954,93.2076977351434,False,False
1788226200.007,2026-09-01 09:30:00.006999969+08:00,19.2,19.22,19.2,19.22,93.53729967873709,91.89985470202647,64.75063052587926,35.24936947412074,21.983593823335344,70.26712997375783,5,36.54303014654387,42.35736379354409,19.017132352941243,19.04049447685948,43.34520988818424,56.65479011181576,21.32378801899524,34.965335725453514,56.147852501073466,50.74073432864034,5.4071181724331225,84.8353153985055,92.35929847824102,0.0,0.0,0.0,0.0,18.91,19.22,0.0,0.0,0.329601943593687,0.0,False,False,False,False,91.96943694433791,93.53729967873709,False,False
1788226200.008,2026-09-01 09:30:00.007999897+08:00,19.22,19.24,19.22,19.24,93.86558184120209,92.66646216379226,68.22337817461046,31.77662182538954,22.3052026550469,70.47969371379534,5,36.54303014654387,42.35736379354409,19.017132352941243,19.04049447685948,43.34520988818424,56.65479011181576,21.32378801899524,34.965335725453514,56.147852501073466,50.74073432864034,5.4071181724331225,84.8353153985055,92.35929847824102,0.0,0.0,0.0,0.0,18.91,19.22,0.0,0.0,0.3282821624650012,0.0,False,False,False,False,92.25484984745604,93.86558184120209,False,False
1788226200.009,2026-09-01 09:30:00.009000063+08:00,19.24,19.26,19.24,19.26,94.18946374764155,93.3507651231017,67.41714100768291,32.582858992317085,22.655923653078485,70.70970686469084,5,36.54303014654387,42.35736379354409,19.017132352941243,19.04049447685948,43.34520988818424,56.65479011181576,21.32378801899524,34.965335725453514,56.147852501073466,50.74073432864034,5.4071181724331225,84.8353153985055,92.35929847824102,0.0,0.0,0.0,0.0,18.91,19.22,0.0,0.0,0.32388190643946757,0.0,False,False,False,False,92.56104736373926,94.18946374764155,False,False
1788226200.01,2026-09-01 09:30:00.009999990+08:00,19.26,19.28,19.26,19.28,94.50653849207664,93.96025300956832,66.56892706994651,33.43107293005349,23.038077664002746,70.95856195886961,5,36.54303014654387,42.35736379354409,19.017132352941243,19.04049447685948,43.34520988818424,56.65479011181576,21.32378801899524,34.965335725453514,56.147852501073466,50.74073432864034,5.4071181724331225,84.8353153985055,92.35929847824102,0.0,0.0,0.0,0.0,18.91,19.22,0.0,0.0,0.31707474443508943,0.0,False,False,False,False,92.88066327094695,94.50653849207664,False,False
1788226200.011,2026-09-01 09:30:00.010999918+08:00,19.28,19.3,19.28,19.3,94.81495983466702,94.50249666323526,67.49152989173301,32.50847010826699,23.45410889426889,71.22772554463813,5,36.54303014654387,42.35736379354409,19.017132352941243,19.04049447685948,43.34520988818424,56.65479011181576,21.32378801899524,34.965335725453514,56.147852501073466,50.74073432864034,5.4071181724331225,84.8353153985055,92.35929847824102,0.0,0.0,0.0,0.0,18.91,19.22,0.0,0.0,0.30842134259037834,0.0,False,False,False,False,93.2076977351434,94.81495983466702,False,False
1788226200.012,2026-09-01 09:30:00.012000084+08:00,19.3,19.32,19.3,19.32,95.11334661923216,94.98470846743288,68.4106614561571,31.5893385438429,23.906578927312054,71.51873459644992,5,36.54303014654387,42.35736379354409,19.017132352941243,19.04049447685948,43.34520988818424,56.65479011181576,21.32378801899524,34.965335725453514,56.147852501073466,50.74073432864034,5.4071181724331225,84.8353153985055,92.35929847824102,0.0,0.0,0.0,0.0,18.91,19.22,0.0,0.0,0.2983867845651389,0.0,False,False,False,False,93.53729967873709,95.11334661923216,False,False
1788226200.013,2026-09-01 09:30:00.013000011+08:00,19.32,19.34,19.32,19.34,95.40070195164898,95.41355135693225,67.33464355857453,32.66535644142547,24.398157566152506,71.83319102046514,5,36.54303014654387,42.35736379354409,19.017132352941243,19.04049447685948,43.34520988818424,56.65479011181576,21.32378801899524,34.965335725453514,56.147852501073466,50.74073432864034,5.4071181724331225,84.8353153985055,92.35929847824102,0.0,0.0,0.0,0.0,18.91,19.22,0.0,0.0,0.28735533241682276,0.0,False,True,False,False,93.86558184120209,95.40070195164898,False,True
1788226200.014,2026-09-01 09:30:00.013999939+08:00,19.34,19.36,19.34,19.36,95.67634495141289,95.7950745113524,66.53338021654791,33.46661978345209,24.931609973937856,72.17275393887601,5,36.54303014654387,42.35736379354409,19.017132352941243,19.04049447685948,43.34520988818424,56.65479011181576,21.32378801899524,34.965335725453514,56.147852501073466,50.74073432864034,5.4071181724331225,84.8353153985055,92.35929847824102,0.0,0.0,0.0,0.0,18.91,19.22,0.0,0.0,0.27564299976390316,0.0,False,False,False,False,94.18946374764155,95.67634495141289,False,False
1788226200.015,2026-09-01 09:30:00.015000105+08:00,19.36,19.38,19.36,19.38,95.9398532068228,96.13471265280856,66.83529117847354,33.16470882152646,25.5097795632772,72.53912942350735,5,36.54303014654387,42.35736379354409,19.017132352941243,19.04049447685948,43.34520988818424,56.65479011181576,21.32378801899524,34.965335725453514,56.147852501073466,50.74073432864034,5.4071181724331225,84.8353153985055,92.35929847824102,0.0,0.0,0.0,0.0,18.91,19.22,0.0,0.0,0.26350825540991707,0.0,False,False,False,False,94.50653849207664,95.9398532068228,False,False
1788226200.016,2026-09-01 09:30:00.016000032+08:00,19.36,19.36,19.34,19.34,96.109381683508,96.0594693997227,66.86785433792677,33.13214566207323,22.14714998611184,70.40749709290327,5,36.54303014654387,42.35736379354409,19.017132352941243,19.04049447685948,43.34520988818424,56.65479011181576,21.32378801899524,34.965335725453514,56.147852501073466,50.74073432864034,5.4071181724331225,84.8353153985055,92.35929847824102,0.0,0.0,0.0,0.0,18.91,19.22,0.0,0.0,0.1695284766852012,0.0,True,False,False,False,94.81495983466702,96.109381683508,False,False
1788226200.017,2026-09-01 09:30:00.016999960+08:00,19.34,19.34,19.32,19.32,96.16156371920128,95.46453291854992,68.65211438784162,31.34788561215838,18.65040960557848,68.19573464484353,5,36.54303014654387,42.35736379354409,19.017132352941243,19.04049447685948,43.34520988818424,56.65479011181576,21.32378801899524,34.965335725453514,56.147852501073466,50.74073432864034,5.4071181724331225,84.8353153985055,92.35929847824102,0.0,0.0,0.0,0.0,18.91,19.22,0.0,0.0,0.05218203569327784,0.0,False,False,False,False,95.11334661923216,96.16156371920128,False,False
1788226320.0,2026-09-01 09:32:00+08:00,19.32,19.32,19.3,19.3,96.07899877088366,94.30903227937536,66.86719815494472,33.13280184505528,8.33425823581702,61.66419343291757,5,36.54303014654387,42.35736379354409,19.017132352941243,19.04049447685948,43.34520988818424,56.65479011181576,21.32378801899524,34.965335725453514,56.147852501073466,50.74073432864034,5.4071181724331225,89.70611264606518,89.51813027714363,0.0,0.0,0.0,0.0,18.98,19.38,0.0,0.0,-0.08256494831762495,4.870797247559679,False,False,True,False,95.40070195164898,96.16156371920128,False,True
1788226320.001,2026-09-01 09:32:00.000999928+08:00,19.3,19.3,19.28,19.28,95.84921239598918,92.57745827120236,61.718282094708485,38.28171790529152,-1.122427264743612,56.998266197998944,5,36.54303014654387,42.35736379354409,19.017132352941243,19.04049447685948,43.34520988818424,56.65479011181576,21.32378801899524,34.965335725453514,56.147852501073466,50.74073432864034,5.4071181724331225,89.70611264606518,89.51813027714363,0.0,0.0,0.0,0.0,18.98,19.38,0.0,0.0,-0.2297863748944735,0.0,False,False,False,False,95.67634495141289,96.16156371920128,False,True
1788226320.002,2026-09-01 09:32:00.002000093+08:00,19.28,19.28,19.26,19.26,95.46377821601207,90.31425462561744,53.45732290415124,46.54267709584876,-9.78495771303112,61.85993766345732,5,36.54303014654387,42.35736379354409,19.017132352941243,19.04049447685948,43.34520988818424,56.65479011181576,21.32378801899524,34.965335725453514,56.147852501073466,50.74073432864034,5.4071181724331225,89.70611264606518,89.51813027714363,0.0,0.0,0.0,0.0,18.98,19.38,0.0,0.0,-0.3854341799771106,0.0,False,False,False,False,95.46377821601207,96.16156371920128,False,True
1788226440.0,2026-09-01 09:34:00+08:00,19.28,19.3,19.28,19.3,95.04002674403016,88.42442754967252,52.25281798768682,47.74718201231318,-0.550086765106413,56.50280784243466,5,36.54303014654387,42.35736379354409,19.017132352941243,19.04049447685948,43.34520988818424,56.65479011181576,21.32378801899524,34.965335725453514,56.147852501073466,50.74073432864034,5.4071181724331225,90.02003754819025,86.43298927432559,0.0,0.0,0.0,0.0,19.01,19.38,0.0,0.0,-0.423751471981916,0.3139249021250663,False,False,False,False,95.04002674403016,96.16156371920128,False,True
1788226440.001,2026-09-01 09:34:00.000999928+08:00,19.3,19.32,19.3,19.32,94.63091815669732,87.19590701815545,49.661207982496855,50.338792017503145,7.965800728501391,61.13450029282079,5,36.54303014654387,42.35736379354409,19.017132352941243,19.04049447685948,43.34520988818424,56.65479011181576,21.32378801899524,34.965335725453514,56.147852501073466,50.74073432864034,5.4071181724331225,90.02003754819025,86.43298927432559,0.0,0.0,0.0,0.0,19.01,19.38,0.0,0.0,-0.40910858733283817,0.0,False,False,False,False,94.63091815669732,96.16156371920128,False,True
1788226440.002,2026-09-01 09:34:00.002000093+08:00,19.32,19.34,19.32,19.34,94.2750536536158,86.70485540994477,52.77872482179019,47.22127517820981,15.809207656592251,66.0212988395326,5,36.54303014654387,42.35736379354409,19.017132352941243,19.04049447685948,43.34520988818424,56.65479011181576,21.32378801899524,34.965335725453514,56.147852501073466,50.74073432864034,5.4071181724331225,90.02003754819025,86.43298927432559,0.0,0.0,0.0,0.0,19.01,19.38,0.0,0.0,-0.35586450308151996,0.0,False,False,False,False,94.2750536536158,96.07899877088366,False,True
1788226440.003,2026-09-01 09:34:00.003000021+08:00,19.34,19.36,19.34,19.36,94.00771537238474,86.93123739289507,52.89115248475776,47.108847515242246,23.025210632562608,70.53016401203514,5,36.54303014654387,42.35736379354409,19.017132352941243,19.04049447685948,43.34520988818424,56.65479011181576,21.32378801899524,34.965335725453514,56.147852501073466,50.74073432864034,5.4071181724331225,90.02003754819025,86.43298927432559,0.0,0.0,0.0,0.0,19.01,19.38,0.0,0.0,-0.26733828123106207,0.0,False,False,False,False,94.00771537238474,95.84921239598918,False,True
1788226440.004,2026-09-01 09:34:00.003999949+08:00,19.36,19.38,19.36,19.38,93.85608168556426,87.81522113957543,60.674849224373006,39.325150775626994,29.65720868238593,74.68715359856611,5,36.54303014654387,42.35736379354409,19.017132352941243,19.04049447685948,43.34520988818424,56.65479011181576,21.32378801899524,34.965335725453514,56.147852501073466,50.74073432864034,5.4071181724331225,90.02003754819025,86.43298927432559,0.0,0.0,0.0,0.0,19.01,19.38,0.0,0.0,-0.15163368682047462,0.0,False,False,False,False,93.85608168556426,95.46377821601207,False,True
1788226440.005,2026-09-01 09:34:00.005000114+08:00,19.38,19.4,19.38,19.4,93.79808669314016,88.9178925173772,55.6855315430426,44.3144684569574,35.746738267431965,78.51720754797688,5,36.54303014654387,42.35736379354409,19.017132352941243,19.04049447685948,43.34520988818424,56.65479011181576,21.32378801899524,34.965335725453514,56.147852501073466,50.74073432864034,5.4071181724331225,90.02003754819025,86.43298927432559,0.0,0.0,0.0,0.0,19.01,19.38,0.0,0.0,-0.05799499242409922,0.0,False,False,False,False,93.79808669314016,95.04002674403016,False,True
1788226440.006,2026-09-01 09:34:00.006000042+08:00,19.38,19.38,19.36,19.36,93.73357959005628,89.59596448482756,53.700461346925735,46.299538653074265,25.858325792404653,72.32492300029713,5,36.54303014654387,42.35736379354409,19.017132352941243,19.04049447685948,43.34520988818424,56.65479011181576,21.32378801899524,34.965335725453514,56.147852501073466,50.74073432864034,5.4071181724331225,90.02003754819025,86.43298927432559,0.0,0.0,0.0,0.0,19.01,19.38,0.0,0.0,-0.06450710308388352,0.0,False,False,False,False,93.73357959005628,94.63091815669732,False,True
1788226440.007,2026-09-01 09:34:00.006999969+08:00,19.36,19.36,19.34,19.34,93.62123232893607,89.67733119815195,51.68268991530569,48.31731008469431,16.521566342896868,66.46536840949737,5,36.54303014654387,42.35736379354409,19.017132352941243,19.04049447685948,43.34520988818424,56.65479011181576,21.32378801899524,34.965335725453514,56.147852501073466,50.74073432864034,5.4071181724331225,90.02003754819025,86.43298927432559,0.0,0.0,0.0,0.0,19.01,19.38,0.0,0.0,-0.1123472611202061,0.0,False,False,False,False,93.62123232893607,94.2750536536158,False,True
1788226560.0,2026-09-01 09:36:00+08:00,19.34,19.34,19.32,19.32,93.43030529517527,89.13085481388458,53.15143749612184,46.84856250387816,10.14142398562588,62.45554006506049,5,36.54303014654387,42.35736379354409,19.017132352941243,19.04049447685948,43.34520988818424,56.65479011181576,21.32378801899524,34.965335725453514,56.147852501073466,50.74073432864034,5.4071181724331225,90.40072314706866,87.05297107440228,0.0,0.0,0.0,0.0,19.01,19.4,0.0,0.0,-0.19092703376080067,0.380685598878415,False,False,False,False,93.43030529517527,94.00771537238474,False,True
1788226560.001,2026-09-01 09:36:00.000999928+08:00,19.32,19.32,19.3,19.3,93.13279562923802,87.98803647751086,42.97045972629952,57.02954027370048,3.884410107522684,58.520449715122325,5,36.54303014654387,42.35736379354409,19.017132352941243,19.04049447685948,43.34520988818424,56.65479011181576,21.32378801899524,34.965335725453514,56.147852501073466,50.74073432864034,5.4071181724331225,90.40072314706866,87.05297107440228,0.0,0.0,0.0,0.0,19.01,19.4,0.0,0.0,-0.29750966593725536,0.0,False,False,False,False,93.13279562923802,93.85608168556426,False,True
1788226560.002,2026-09-01 09:36:00.002000093+08:00,19.3,19.3,19.28,19.28,92.71097369482636,86.30497253367503,53.06951937856547,46.93048062143453,-2.225498667799165,57.34507563255515,5,36.54303014654387,42.35736379354409,19.017132352941243,19.04049447685948,43.34520988818424,56.65479011181576,21.32378801899524,34.965335725453514,56.147852501073466,50.74073432864034,5.4071181724331225,90.40072314706866,87.05297107440228,0.0,0.0,0.0,0.0,19.01,19.4,0.0,0.0,-0.4218219344116534,0.0,False,False,False,False,92.71097369482636,93.79808669314016,False,True
1788226560.003,2026-09-01 09:36:00.003000021+08:00,19.28,19.28,19.26,19.26,92.1519966412998,84.14429324490048,69.37403457153363,30.62596542846637,-8.166737958075776,60.730640747219695,5,36.54303014654387,42.35736379354409,19.017132352941243,19.04049447685948,43.34520988818424,56.65479011181576,21.32378801899524,34.965335725453514,56.147852501073466,50.74073432864034,5.4071181724331225,90.40072314706866,87.05297107440228,0.0,0.0,0.0,0.0,19.01,19.4,0.0,0.0,-0.5589770535265615,0.0,False,False,False,False,92.1519966412998,93.73357959005628,False,True
1788226680.0,2026-09-01 09:38:00+08:00,19.26,19.26,19.24,19.24,91.4470421499763,81.15756100700854,48.163242048725856,51.836757951274144,-16.847278604614218,65.66080747302905,5,36.54303014654387,42.35736379354409,19.017132352941243,19.04049447685948,43.34520988818424,56.65479011181576,21.32378801899524,34.965335725453514,56.147852501073466,50.74073432864034,5.4071181724331225,89.99043526903851,81.69029561460276,0.0,0.0,0.0,0.0,19.21,19.4,0.0,0.0,-0.7049544913235053,-0.41028787803014666,False,False,False,False,91.4470421499763,93.62123232893607,False,True
1788226680.001,2026-09-01 09:38:00.000999928+08:00,19.24,19.24,19.22,19.22,90.590577941066,77.38413569026855,44.92258342806346,55.07741657193654,-24.67897217549388,41.11711751472924,3,36.54303014654387,42.35736379354409,19.017132352941243,19.04049447685948,43.34520988818424,56.65479011181576,21.32378801899524,34.965335725453514,56.147852501073466,50.74073432864034,5.4071181724331225,89.99043526903851,81.69029561460276,0.0,0.0,0.0,0.0,19.21,19.4,0.0,0.0,-0.8564642089102961,0.0,False,False,False,False,90.590577941066,93.43030529517527,False,True
1788226680.002,2026-09-01 09:38:00.002000093+08:00,19.22,19.22,19.2,19.2,89.57974678899726,72.81094371950361,41.91950961935807,58.08049038064193,-31.74988218240169,26.98683069106999,2,36.54303014654387,42.35736379354409,19.017132352941243,19.04049447685948,43.34520988818424,56.65479011181576,21.32378801899524,34.965335725453514,56.147852501073466,50.74073432864034,5.4071181724331225,89.99043526903851,81.69029561460276,0.0,0.0,0.0,0.0,19.21,19.4,0.0,0.0,-1.0108311520687465,0.0,False,False,False,False,89.57974678899726,93.13279562923802,False,True
1788226680.003,2026-09-01 09:38:00.003000021+08:00,19.22,19.24,19.22,19.24,88.5414007687555,68.50736546635407,42.686552962725074,57.313447037274926,-24.833025196460845,16.081209755042487,2,36.54303014654387,42.35736379354409,19.017132352941243,19.04049447685948,43.34520988818424,56.65479011181576,21.32378801899524,34.965335725453514,56.147852501073466,50.74073432864034,5.4071181724331225,89.99043526903851,81.69029561460276,0.0,0.0,0.0,0.0,19.21,19.4,0.0,0.0,-1.038346020241761,0.0,False,False,False,False,88.5414007687555,92.71097369482636,False,True
1788226680.004,2026-09-01 09:38:00.003999949+08:00,19.24,19.26,19.24,19.26,87.53426753391592,64.84651461575928,43.85469209570357,56.14530790429643,-18.017524794861227,29.2373785454278,3,36.54303014654387,42.35736379354409,19.017132352941243,19.04049447685948,43.34520988818424,56.65479011181576,21.32378801899524,34.965335725453514,56.147852501073466,50.74073432864034,5.4071181724331225,89.99043526903851,81.69029561460276,0.0,0.0,0.0,0.0,19.21,19.4,0.0,0.0,-1.0071332348395714,0.0,False,False,False,False,87.53426753391592,92.1519966412998,False,True
1788226800.0,2026-09-01 09:40:00+08:00,19.26,19.28,19.26,19.28,86.60477100481998,61.979017969140685,50.342576822727935,49.65742317727207,10.20434679400466,32.88409351172996,3,37.10478506432996,45.54551625010784,19.01080882352948,19.04238010395541,43.14733685645725,56.85266314354275,21.32378801899524,34.965335725453514,56.147852501073466,50.74073432864034,5.4071181724331225,88.27257485174275,73.83270119164936,0.0,0.0,0.0,0.0,19.2,19.4,0.5617549177860894,0.0,-0.9294965290959425,-1.7178604172957677,False,False,False,False,86.60477100481998,91.4470421499763,False,True
1788226800.001,2026-09-01 09:40:00.000999928+08:00,19.28,19.3,19.28,19.3,85.78906862106858,59.95938175915781,51.89317893892462,48.10682106107538,16.952647205742846,46.47655551344185,4,37.10478506432996,45.54551625010784,19.01080882352948,19.04238010395541,43.14733685645725,56.85266314354275,21.32378801899524,34.965335725453514,56.147852501073466,50.74073432864034,5.4071181724331225,88.27257485174275,73.83270119164936,0.0,0.0,0.0,0.0,19.2,19.4,0.0,0.0,-0.8157023837514004,0.0,False,False,False,False,85.78906862106858,90.590577941066,False,True
1788226800.002,2026-09-01 09:40:00.002000093+08:00,19.3,19.32,19.3,19.32,85.11477758820793,58.81101040065396,53.34987519138315,46.65012480861685,23.293719479632543,60.922140417752,4,37.10478506432996,45.54551625010784,19.01080882352948,19.04238010395541,43.14733685645725,56.85266314354275,21.32378801899524,34.965335725453514,56.147852501073466,50.74073432864034,5.4071181724331225,88.27257485174275,73.83270119164936,0.0,0.0,0.0,0.0,19.2,19.4,0.0,0.0,-0.6742910328606513,0.0,False,False,False,False,85.11477758820793,89.57974678899726,False,True
1788226800.003,2026-09-01 09:40:00.003000021+08:00,19.3,19.3,19.28,19.28,84.47488495401059,57.26092193267707,52.21141873607827,47.78858126392173,18.32465265264212,14.825457510226176,2,37.10478506432996,45.54551625010784,19.01080882352948,19.04238010395541,43.14733685645725,56.85266314354275,21.32378801899524,34.965335725453514,56.147852501073466,50.74073432864034,5.4071181724331225,88.27257485174275,73.83270119164936,0.0,0.0,0.0,0.0,19.2,19.4,0.0,0.0,-0.6398926341973379,0.0,False,False,False,False,84.47488495401059,88.5414007687555,False,True
1788226800.004,2026-09-01 09:40:00.003999949+08:00,19.28,19.28,19.26,19.26,83.82638314698947,54.935103879781536,51.10134845530733,48.89865154469268,13.301656698495314,22.19903341476201,1,37.10478506432996,45.54551625010784,19.01080882352948,19.04238010395541,43.14733685645725,56.85266314354275,21.32378801899524,34.965335725453514,56.147852501073466,50.74073432864034,5.4071181724331225,88.27257485174275,73.83270119164936,0.0,0.0,0.0,0.0,19.2,19.4,0.0,0.0,-0.6485018070211197,0.0,False,False,False,False,83.82638314698947,87.53426753391592,False,True
1788226800.005,2026-09-01 09:40:00.005000114+08:00,19.26,19.26,19.24,19.24,83.12034097566,51.72867443712782,50.01861575423519,49.981384245764815,8.246950187903487,29.209092451109854,1,37.10478506432996,45.54551625010784,19.01080882352948,19.04238010395541,43.14733685645725,56.85266314354275,21.32378801899524,34.965335725453514,56.147852501073466,50.74073432864034,5.4071181724331225,88.27257485174275,73.83270119164936,0.0,0.0,0.0,0.0,19.2,19.4,0.0,0.0,-0.7060421713294716,0.0,False,False,False,False,83.12034097566,86.60477100481998,False,True
1788226800.006,2026-09-01 09:40:00.006000042+08:00,19.24,19.24,19.22,19.22,82.3131907588391,47.65958507333861,48.962223057067845,51.03777694293216,3.1833212608811903,28.673479387654343,0,37.10478506432996,45.54551625010784,19.01080882352948,19.04238010395541,43.14733685645725,56.85266314354275,21.32378801899524,34.965335725453514,56.147852501073466,50.74073432864034,5.4071181724331225,88.27257485174275,73.83270119164936,0.0,0.0,0.0,0.0,19.2,19.4,0.0,0.0,-0.8071502168209008,0.0,False,False,False,False,82.3131907588391,85.78906862106858,False,True
1788226800.007,2026-09-01 09:40:00.006999969+08:00,19.24,19.26,19.24,19.26,81.51110666695948,44.36857641219059,51.94609020997362,48.05390979002638,19.709203249228853,26.136402222218567,1,37.10478506432996,45.54551625010784,19.01080882352948,19.04238010395541,43.14733685645725,56.85266314354275,21.32378801899524,34.965335725453514,56.147852501073466,50.74073432864034,5.4071181724331225,88.27257485174275,73.83270119164936,0.0,0.0,0.0,0.0,19.2,19.4,0.0,0.0,-0.802084091879621,0.0,False,False,False,False,81.51110666695948,85.11477758820793,False,True
1788226920.0,2026-09-01 09:42:00+08:00,19.26,19.28,19.26,19.28,80.76271933515851,42.36038867082794,55.49108622795124,44.50891377204877,35.829728275942294,23.73837234717935,2,37.10478506432996,45.54551625010784,19.01080882352948,19.04238010395541,43.14733685645725,56.85266314354275,21.32378801899524,34.965335725453514,56.147852501073466,50.74073432864034,5.4071181724331225,86.91028264917539,70.77921203787454,0.0,0.0,0.0,0.0,19.2,19.4,0.0,0.0,-0.74838733180097,-1.3622922025673603,False,False,False,False,80.76271933515851,84.47488495401059,False,True
1788226920.001,2026-09-01 09:42:00.000999928+08:00,19.28,19.3,19.28,19.3,80.11448285436184,41.75970901947061,58.54897901880859,41.45102098119141,47.438228052499184,49.8618021584817,3,37.10478506432996,45.54551625010784,19.01080882352948,19.04238010395541,43.14733685645725,56.85266314354275,21.32378801899524,34.965335725453514,56.147852501073466,50.74073432864034,5.4071181724331225,86.91028264917539,70.77921203787454,0.0,0.0,0.0,0.0,19.2,19.4,0.0,0.0,-0.648236480796669,0.0,False,False,False,False,80.11448285436184,83.82638314698947,False,True
1788226920.002,2026-09-01 09:42:00.002000093+08:00,19.28,19.28,19.26,19.26,79.45302091742393,40.94800995321249,54.44463758039285,45.55536241960715,22.96851706392306,27.31914656505936,1,37.10478506432996,45.54551625010784,19.01080882352948,19.04238010395541,43.14733685645725,56.85266314354275,21.32378801899524,34.965335725453514,56.147852501073466,50.74073432864034,5.4071181724331225,86.91028264917539,70.77921203787454,0.0,0.0,0.0,0.0,19.2,19.4,0.0,0.0,-0.6614619369379113,0.0,False,False,False,False,79.45302091742393,83.12034097566,False,False
1788227040.0,2026-09-01 09:44:00+08:00,19.26,19.26,19.24,19.24,78.73800620066389,39.38956678530117,46.8041600930001,53.1958399069999,-13.998011278572251,77.18205321095205,1,37.10478506432996,45.54551625010784,19.01080882352948,19.04238010395541,43.14733685645725,56.85266314354275,21.32378801899524,34.965335725453514,56.147852501073466,50.74073432864034,5.4071181724331225,85.93166912241692,69.07681408799644,0.0,0.0,0.0,0.0,19.2,19.4,0.0,0.0,-0.715014716760038,-0.9786135267584655,False,False,False,False,78.73800620066389,82.3131907588391,False,True
1788227040.001,2026-09-01 09:44:00.000999928+08:00,19.26,19.28,19.26,19.28,78.08721592728763,38.47955065724634,49.28676270543152,50.713237294568486,-4.097600383571085,39.71941825108601,2,37.10478506432996,45.54551625010784,19.01080882352948,19.04238010395541,43.14733685645725,56.85266314354275,21.32378801899524,34.965335725453514,56.147852501073466,50.74073432864034,5.4071181724331225,85.93166912241692,69.07681408799644,0.0,0.0,0.0,0.0,19.2,19.4,0.0,0.0,-0.6507902733762592,0.0,False,False,False,False,78.08721592728763,81.51110666695948,False,False
1788227160.0,2026-09-01 09:46:00+08:00,19.26,19.29,19.24,19.24,77.39463176918012,37.2695758411339,44.04080542391605,55.95919457608395,-27.272953736459787,81.81581760175716,1,37.10478506432996,45.54551625010784,19.01080882352948,19.04238010395541,43.14733685645725,56.85266314354275,21.32378801899524,34.965335725453514,56.147852501073466,50.74073432864034,5.4071181724331225,85.45151524991014,68.24236922143962,0.0,0.0,0.0,0.0,19.2,19.4,0.0,0.0,-0.6925841581075076,-0.48015387250677577,False,False,False,False,77.39463176918012,80.76271933515851,False,True
1788227280.0,2026-09-01 09:48:00+08:00,19.24,19.24,19.22,19.22,76.60310072575756,35.088902645576226,40.68892594249465,59.31107405750535,-41.77216816214518,95.0633008972871,0,37.10478506432996,45.54551625010784,19.01080882352948,19.04238010395541,43.14733685645725,56.85266314354275,21.32378801899524,34.965335725453514,56.147852501073466,50.74073432864034,5.4071181724331225,84.32037238252003,62.94528353164931,0.0,0.0,0.0,0.0,19.2,19.4,0.0,0.0,-0.791531043422566,-1.1311428673901105,False,False,False,False,76.60310072575756,80.11448285436184,False,True
1788227280.001,2026-09-01 09:48:00.000999928+08:00,19.22,19.22,19.2,19.2,75.68856426254563,31.933692515653178,37.81117431774205,62.18882568225796,-52.244919457589326,100.0,0,37.10478506432996,45.54551625010784,19.01080882352948,19.04238010395541,43.14733685645725,56.85266314354275,21.32378801899524,34.965335725453514,56.147852501073466,50.74073432864034,5.4071181724331225,84.32037238252003,62.94528353164931,0.0,0.0,0.0,0.0,19.2,19.4,0.0,0.0,-0.914536463211931,0.0,False,False,False,False,75.68856426254563,79.45302091742393,False,False
1788227280.002,2026-09-01 09:48:00.002000093+08:00,19.2,19.2,19.18,19.18,74.63312890740956,28.560221825737,35.313596480673084,64.68640351932692,-60.1324704660065,100.0,0,37.10478506432996,45.54551625010784,19.01080882352948,19.04238010395541,43.14733685645725,56.85266314354275,21.32378801899524,34.965335725453514,56.147852501073466,50.74073432864034,5.4071181724331225,84.32037238252003,62.94528353164931,0.0,0.0,0.0,0.0,19.2,19.4,0.0,0.0,-1.0554353551360691,0.0,False,False,False,False,74.63312890740956,78.73800620066389,False,False
1788227280.003,2026-09-01 09:48:00.003000021+08:00,19.18,19.18,19.16,19.16,73.42399066101687,25.312528066315487,31.298259146613105,68.7017408533869,-66.26208929306067,100.0,0,37.10478506432996,45.54551625010784,19.01080882352948,19.04238010395541,43.14733685645725,56.85266314354275,21.32378801899524,34.965335725453514,56.147852501073466,50.74073432864034,5.4071181724331225,84.32037238252003,62.94528353164931,0.0,0.0,0.0,0.0,19.2,19.4,0.0,0.0,-1.2091382463926834,0.0,False,False,False,False,73.42399066101687,78.08721592728763,False,False
1788227400.0,2026-09-01 09:50:00+08:00,19.18,19.2,19.15,19.2,72.20951285324443,23.14119302182663,32.635969383806,67.364030616194,-54.056813912338505,100.0,0,37.73079726123994,48.40746230160282,19.00227941176477,19.04352557555784,49.81764299101478,50.18235700898522,21.32378801899524,34.965335725453514,56.147852501073466,50.74073432864034,5.4071181724331225,82.70596807121167,51.56046928083464,0.0,0.0,0.0,0.0,19.15,19.34,0.6260121969099828,0.0,-1.2144778077724396,-1.6144043113083626,False,False,False,False,72.20951285324443,77.39463176918012,False,True
1788227400.001,2026-09-01 09:50:00.000999928+08:00,19.2,19.22,19.2,19.22,71.05550644494505,22.32910707262954,33.92258074312857,66.07741925687142,-42.54609721114959,85.41807629531044,1,37.73079726123994,48.40746230160282,19.00227941176477,19.04352557555784,49.81764299101478,50.18235700898522,21.32378801899524,34.965335725453514,56.147852501073466,50.74073432864034,5.4071181724331225,82.70596807121167,51.56046928083464,0.0,0.0,0.0,0.0,19.15,19.34,0.0,0.0,-1.1540064082993808,0.0,False,False,False,False,71.05550644494505,76.60310072575756,False,False
1788227400.002,2026-09-01 09:50:00.002000093+08:00,19.22,19.24,19.22,19.24,70.01373453353752,22.728991160642984,35.160966223062346,64.83903377693765,-31.72013963160664,60.87379577497399,2,37.73079726123994,48.40746230160282,19.00227941176477,19.04352557555784,49.81764299101478,50.18235700898522,21.32378801899524,34.965335725453514,56.147852501073466,50.74073432864034,5.4071181724331225,82.70596807121167,51.56046928083464,0.0,0.0,0.0,0.0,19.15,19.34,0.0,0.0,-1.0417719114075368,0.0,False,False,False,False,70.01373453353752,75.68856426254563,False,False
1788227400.003,2026-09-01 09:50:00.003000021+08:00,19.24,19.26,19.24,19.26,69.07038336811344,24.191156401174357,36.35378740786789,63.64621259213211,-21.564431772674094,23.68125106089048,3,37.73079726123994,48.40746230160282,19.00227941176477,19.04352557555784,49.81764299101478,50.18235700898522,21.32378801899524,34.965335725453514,56.147852501073466,50.74073432864034,5.4071181724331225,82.70596807121167,51.56046928083464,0.0,0.0,0.0,0.0,19.15,19.34,0.0,0.0,-0.943351165424076,0.0,False,False,False,False,69.07038336811344,74.63312890740956,False,False
1788227400.004,2026-09-01 09:50:00.003999949+08:00,19.24,19.24,19.22,19.22,68.06118158983598,25.51221915262264,34.99897226160426,65.00102773839575,-23.012864957531463,64.51406499848864,1,37.73079726123994,48.40746230160282,19.00227941176477,19.04352557555784,49.81764299101478,50.18235700898522,21.32378801899524,34.965335725453514,56.147852501073466,50.74073432864034,5.4071181724331225,82.70596807121167,51.56046928083464,0.0,0.0,0.0,0.0,19.15,19.34,0.0,0.0,-1.0092017782774576,0.0,False,False,False,False,68.06118158983598,73.42399066101687,False,False
1788227400.005,2026-09-01 09:50:00.005000114+08:00,19.22,19.22,19.2,19.2,66.90357355961001,26.228876650845105,35.21093900786239,64.7890609921376,-24.54558473795161,78.62181411277527,1,37.73079726123994,48.40746230160282,19.00227941176477,19.04352557555784,49.81764299101478,50.18235700898522,21.32378801899524,34.965335725453514,56.147852501073466,50.74073432864034,5.4071181724331225,82.70596807121167,51.56046928083464,0.0,0.0,0.0,0.0,19.15,19.34,0.0,0.0,-1.1576080302259726,0.0,False,False,False,False,66.90357355961001,72.20951285324443,False,False
1788227520.0,2026-09-01 09:52:00+08:00,19.2,19.2,19.18,19.18,65.51818143217466,26.091095817880213,34.02138440178498,65.97861559821501,-33.56215161796465,90.1372909707788,0,37.73079726123994,48.40746230160282,19.00227941176477,19.04352557555784,49.81764299101478,50.18235700898522,21.32378801899524,34.965335725453514,56.147852501073466,50.74073432864034,5.4071181724331225,80.18700487947136,42.16845959796524,0.0,0.0,0.0,0.0,19.15,19.34,0.0,0.0,-1.3853921274353524,-2.518963191740312,False,False,False,False,65.51818143217466,71.05550644494505,False,True
1788227520.001,2026-09-01 09:52:00.000999928+08:00,19.18,19.18,19.16,19.16,63.82546245584992,24.92469970919796,32.78555788423897,67.21444211576103,-41.28061320777823,94.76836792466692,0,37.73079726123994,48.40746230160282,19.00227941176477,19.04352557555784,49.81764299101478,50.18235700898522,21.32378801899524,34.965335725453514,56.147852501073466,50.74073432864034,5.4071181724331225,80.18700487947136,42.16845959796524,0.0,0.0,0.0,0.0,19.15,19.34,0.0,0.0,-1.6927189763247341,0.0,False,False,False,False,63.82546245584992,70.01373453353752,False,False
1788227640.0,2026-09-01 09:54:00+08:00,19.16,19.16,19.14,19.14,61.82691610269502,22.96194028656599,32.04396961888497,67.95603038111503,-46.168804770915145,97.70128286254908,0,37.73079726123994,48.40746230160282,19.00227941176477,19.04352557555784,49.81764299101478,50.18235700898522,24.05324710955208,42.31326090685236,44.250748322845126,51.75177884234339,-7.501030519498265,78.04311116465863,34.84436244479768,0.0,0.0,0.0,0.0,19.11,19.32,0.0,2.729459090556837,-1.9985463531549001,-2.1438937148127337,False,False,False,False,61.82691610269502,69.07038336811344,False,True
1788227640.001,2026-09-01 09:54:00.000999928+08:00,19.14,19.14,19.12,19.12,59.605349453217706,20.76633337068326,31.335187793593423,68.66481220640658,-50.68467344723066,100.0,0,37.73079726123994,48.40746230160282,19.00227941176477,19.04352557555784,49.81764299101478,50.18235700898522,24.05324710955208,42.31326090685236,44.250748322845126,51.75177884234339,-7.501030519498265,78.04311116465863,34.84436244479768,0.0,0.0,0.0,0.0,19.11,19.32,0.0,0.0,-2.2215666494773174,0.0,False,False,False,False,59.605349453217706,68.06118158983598,False,False
1788227640.002,2026-09-01 09:54:00.002000093+08:00,19.14,19.16,19.14,19.16,57.37471849580204,19.48490659454186,31.9893567661235,68.0106432338765,-48.26353507687791,98.95812104612672,0,37.73079726123994,48.40746230160282,19.00227941176477,19.04352557555784,49.81764299101478,50.18235700898522,24.05324710955208,42.31326090685236,44.250748322845126,51.75177884234339,-7.501030519498265,78.04311116465863,34.84436244479768,0.0,0.0,0.0,0.0,19.11,19.32,0.0,0.0,-2.230630957415663,0.0,False,False,False,False,57.37471849580204,66.90357355961001,False,False
1788227640.003,2026-09-01 09:54:00.003000021+08:00,19.16,19.18,19.16,19.18,55.23252092696886,19.40108750515684,32.81145563456045,67.18854436543955,-45.68858542964246,92.99417485888225,1,37.73079726123994,48.40746230160282,19.00227941176477,19.04352557555784,49.81764299101478,50.18235700898522,24.05324710955208,42.31326090685236,44.250748322845126,51.75177884234339,-7.501030519498265,78.04311116465863,34.84436244479768,0.0,0.0,0.0,0.0,19.11,19.32,0.0,0.0,-2.1421975688331827,0.0,False,False,False,False,55.23252092696886,65.51818143217466,False,False
1788227640.004,2026-09-01 09:54:00.003999949+08:00,19.18,19.2,19.18,19.2,53.255454572636935,20.550801645052037,33.64746060837555,66.35253939162445,-42.95750780816022,74.85040187699668,2,37.73079726123994,48.40746230160282,19.00227941176477,19.04352557555784,49.81764299101478,50.18235700898522,24.05324710955208,42.31326090685236,44.250748322845126,51.75177884234339,-7.501030519498265,78.04311116465863,34.84436244479768,0.0,0.0,0.0,0.0,19.11,19.32,0.0,0.0,-1.9770663543319245,0.0,False,False,False,False,53.255454572636935,63.82546245584992,False,False
1788227760.0,2026-09-01 09:56:00+08:00,19.18,19.18,19.16,19.16,51.28422073666945,21.289907587503343,33.63396604165869,66.36603395834132,-45.84551896152891,97.50731137691734,0,37.73079726123994,48.40746230160282,19.00227941176477,19.04352557555784,49.81764299101478,50.18235700898522,24.05324710955208,42.31326090685236,44.250748322845126,51.75177884234339,-7.501030519498265,75.79236426581954,30.802256295435903,0.0,0.0,0.0,0.0,19.11,19.32,0.0,0.0,-1.9712338359674888,-2.2507468988390826,False,False,False,False,51.28422073666945,61.82691610269502,False,False
1788227760.001,2026-09-01 09:56:00.000999928+08:00,19.16,19.16,19.14,19.14,49.26485744279928,21.085959592303624,32.65525597579574,67.34474402420426,-48.70238722511229,99.22143233506738,0,37.73079726123994,48.40746230160282,19.00227941176477,19.04352557555784,49.81764299101478,50.18235700898522,24.05324710955208,42.31326090685236,44.250748322845126,51.75177884234339,-7.501030519498265,75.79236426581954,30.802256295435903,0.0,0.0,0.0,0.0,19.11,19.32,0.0,0.0,-2.019363293870164,0.0,False,False,False,False,49.26485744279928,59.605349453217706,False,False
1788227760.002,2026-09-01 09:56:00.002000093+08:00,19.14,19.14,19.12,19.12,47.15490647989447,19.778127623482025,31.689880087726834,68.31011991227317,-51.51589356017459,100.0,0,37.73079726123994,48.40746230160282,19.00227941176477,19.04352557555784,49.81764299101478,50.18235700898522,24.05324710955208,42.31326090685236,44.250748322845126,51.75177884234339,-7.501030519498265,75.79236426581954,30.802256295435903,0.0,0.0,0.0,0.0,19.11,19.32,0.0,0.0,-2.1099509629048114,0.0,False,False,False,False,47.15490647989447,57.37471849580204,False,False
1788227760.003,2026-09-01 09:56:00.003000021+08:00,19.12,19.12,19.1,19.1,44.99438523921621,18.064645066335828,28.5042635206168,71.4957364793832,-54.27457275580284,100.0,0,37.73079726123994,48.40746230160282,19.00227941176477,19.04352557555784,49.81764299101478,50.18235700898522,24.05324710955208,42.31326090685236,44.250748322845126,51.75177884234339,-7.501030519498265,75.79236426581954,30.802256295435903,0.0,0.0,0.0,0.0,19.11,19.32,0.0,0.0,-2.160521240678264,0.0,False,False,False,False,44.99438523921621,55.23252092696886,False,False
1788228000.0,2026-09-01 10:00:00+08:00,19.12,19.14,19.12,19.14,42.95171474249389,17.078924647495946,29.208000713230717,70.79199928676928,-40.83917803786886,94.50350682272132,0,38.3892214801438,50.812090227984825,18.9924264705883,19.044510395701543,52.53441112833751,47.46558887166249,24.05324710955208,42.31326090685236,44.250748322845126,51.75177884234339,-7.501030519498265,74.58681705061436,28.63551254371287,0.0,0.0,0.0,0.0,19.1,19.32,0.6584242189038605,0.0,-2.042670496722316,-1.2055472152051863,False,False,False,False,42.95171474249389,53.255454572636935,False,False
1788228000.001,2026-09-01 10:00:00.000999928+08:00,19.14,19.16,19.14,19.16,41.09171460487311,17.293692707457705,29.89801907906985,70.10198092093015,-28.52678664673604,87.11607198804163,0,38.3892214801438,50.812090227984825,18.9924264705883,19.044510395701543,52.53441112833751,47.46558887166249,24.05324710955208,42.31326090685236,44.250748322845126,51.75177884234339,-7.501030519498265,74.58681705061436,28.63551254371287,0.0,0.0,0.0,0.0,19.1,19.32,0.0,0.0,-1.86000013762078,0.0,False,False,False,False,41.09171460487311,51.28422073666945,False,False
1788228000.002,2026-09-01 10:00:00.002000093+08:00,19.16,19.18,19.16,19.18,39.46411196535651,18.721900968337174,31.58160544780173,68.41839455219827,-17.251442405183763,62.73323017460222,1,38.3892214801438,50.812090227984825,18.9924264705883,19.044510395701543,52.53441112833751,47.46558887166249,24.05324710955208,42.31326090685236,44.250748322845126,51.75177884234339,-7.501030519498265,74.58681705061436,28.63551254371287,0.0,0.0,0.0,0.0,19.1,19.32,0.0,0.0,-1.6276026395166028,0.0,False,False,False,False,39.46411196535651,49.26485744279928,False,False
1788228000.003,2026-09-01 10:00:00.003000021+08:00,19.18,19.2,19.18,19.2,38.10611416419,21.282425868118544,33.213671101571066,66.78632889842893,-6.932426814629592,37.99197226124196,2,38.3892214801438,50.812090227984825,18.9924264705883,19.044510395701543,52.53441112833751,47.46558887166249,24.05324710955208,42.31326090685236,44.250748322845126,51.75177884234339,-7.501030519498265,74.58681705061436,28.63551254371287,0.0,0.0,0.0,0.0,19.1,19.32,0.0,0.0,-1.357997801166512,0.0,False,False,False,False,38.10611416419,47.15490647989447,False,False
1788228000.004,2026-09-01 10:00:00.003999949+08:00,19.18,19.18,19.16,19.16,36.84050250444328,23.28819183458774,33.090441491641705,66.90955850835829,-10.839933888287003,69.8879095460616,1,38.3892214801438,50.812090227984825,18.9924264705883,19.044510395701543,52.53441112833751,47.46558887166249,24.05324710955208,42.31326090685236,44.250748322845126,51.75177884234339,-7.501030519498265,74.58681705061436,28.63551254371287,0.0,0.0,0.0,0.0,19.1,19.32,0.0,0.0,-1.2656116597467175,0.0,False,False,False,False,36.84050250444328,44.99438523921621,False,False
1788228120.0,2026-09-01 10:02:00+08:00,19.16,19.16,19.14,19.14,35.59330986534783,24.19864926060393,32.6681045073576,67.3318954926424,-18.26227137555632,78.12100143359288,0,38.3892214801438,50.812090227984825,18.9924264705883,19.044510395701543,52.53441112833751,47.46558887166249,25.486684088337466,46.22266261574758,43.951824757184106,49.461907717176864,-5.510082959992758,71.08270691249432,25.28780656029421,0.0,0.0,0.0,0.0,19.1,19.3,0.0,1.4334369787853873,-1.2471926390954522,-3.5041101381200406,False,False,False,False,35.59330986534783,42.95171474249389,False,False
1788228120.001,2026-09-01 10:02:00.000999928+08:00,19.14,19.14,19.12,19.12,34.305476507713884,23.860370353139118,30.503144654088093,69.49685534591191,-25.119255652194965,82.90854967294581,0,38.3892214801438,50.812090227984825,18.9924264705883,19.044510395701543,52.53441112833751,47.46558887166249,25.486684088337466,46.22266261574758,43.951824757184106,49.461907717176864,-5.510082959992758,71.08270691249432,25.28780656029421,0.0,0.0,0.0,0.0,19.1,19.3,0.0,0.0,-1.287833357633943,0.0,False,False,False,False,34.305476507713884,41.09171460487311,False,False
1788228120.002,2026-09-01 10:02:00.002000093+08:00,19.12,19.12,19.1,19.1,32.93041040155918,22.29679579614435,27.75124488624798,72.24875511375203,-31.445410369356686,87.35053874077033,0,38.3892214801438,50.812090227984825,18.9924264705883,19.044510395701543,52.53441112833751,47.46558887166249,25.486684088337466,46.22266261574758,43.951824757184106,49.461907717176864,-5.510082959992758,71.08270691249432,25.28780656029421,0.0,0.0,0.0,0.0,19.1,19.3,0.0,0.0,-1.375066106154705,0.0,False,False,False,False,32.93041040155918,39.46411196535651,False,False
1788228240.0,2026-09-01 10:04:00+08:00,19.12,19.14,19.12,19.14,31.63599985718884,21.23707166221901,26.28791933608045,73.71208066391955,-24.400157620335317,82.05294393563281,0,38.3892214801438,50.812090227984825,18.9924264705883,19.044510395701543,52.53441112833751,47.46558887166249,25.486684088337466,46.22266261574758,43.951824757184106,49.461907717176864,-5.510082959992758,69.88508270211739,23.63033761745499,0.0,0.0,0.0,0.0,19.1,19.3,0.0,0.0,-1.29441054437034,-1.1976242103769295,False,False,False,False,31.63599985718884,38.10611416419,False,False
1788228240.001,2026-09-01 10:04:00.000999928+08:00,19.14,19.16,19.14,19.16,30.48702003761664,21.220857704137625,28.026669668687937,71.97333033131207,-17.474102066067054,65.673184217664,1,38.3892214801438,50.812090227984825,18.9924264705883,19.044510395701543,52.53441112833751,47.46558887166249,25.486684088337466,46.22266261574758,43.951824757184106,49.461907717176864,-5.510082959992758,69.88508270211739,23.63033761745499,0.0,0.0,0.0,0.0,19.1,19.3,0.0,0.0,-1.1489798195721974,0.0,False,False,False,False,30.48702003761664,36.84050250444328,False,False
1788228240.002,2026-09-01 10:04:00.002000093+08:00,19.16,19.18,19.16,19.18,29.5335426978454,22.404900231957576,31.24885851431856,68.75114148568144,-10.694800589076095,43.11662169546027,2,38.3892214801438,50.812090227984825,18.9924264705883,19.044510395701543,52.53441112833751,47.46558887166249,25.486684088337466,46.22266261574758,43.951824757184106,49.461907717176864,-5.510082959992758,69.88508270211739,23.63033761745499,0.0,0.0,0.0,0.0,19.1,19.3,0.0,0.0,-0.9534773397712399,0.0,False,False,False,False,29.5335426978454,35.59330986534783,False,False
1788228240.003,2026-09-01 10:04:00.003000021+08:00,19.18,19.2,19.18,19.2,28.813425944103876,24.77064362956765,30.4952014491099,69.5047985508901,-4.0873567777027,16.400566035702543,3,38.3892214801438,50.812090227984825,18.9924264705883,19.044510395701543,52.53441112833751,47.46558887166249,25.486684088337466,46.22266261574758,43.951824757184106,49.461907717176864,-5.510082959992758,69.88508270211739,23.63033761745499,0.0,0.0,0.0,0.0,19.1,19.3,0.0,0.0,-0.7201167537415252,0.0,False,False,False,False,28.813425944103876,34.305476507713884,False,False
1788228240.004,2026-09-01 10:04:00.003999949+08:00,19.2,19.22,19.2,19.22,28.354420508022823,29.015201969288483,34.06092572081894,65.93907427918106,2.3258962717100222,24.214704578671416,4,38.3892214801438,50.812090227984825,18.9924264705883,19.044510395701543,52.53441112833751,47.46558887166249,25.486684088337466,46.22266261574758,43.951824757184106,49.461907717176864,-5.510082959992758,69.88508270211739,23.63033761745499,0.0,0.0,0.0,0.0,19.1,19.3,0.0,0.0,-0.4590054360810534,0.0,False,True,False,False,28.354420508022823,32.93041040155918,False,False
1788228360.0,2026-09-01 10:06:00+08:00,19.2,19.2,19.18,19.18,27.991304018727757,32.69035540279113,35.12088757185277,64.87911242814724,-17.72485719531297,39.81284969983157,2,38.3892214801438,50.812090227984825,18.9924264705883,19.044510395701543,52.53441112833751,47.46558887166249,25.486684088337466,46.22266261574758,43.951824757184106,49.461907717176864,-5.510082959992758,67.7122144144424,24.56073817996204,0.0,0.0,0.0,0.0,19.1,19.29,0.0,0.0,-0.36311648929506646,-2.172868287674987,False,False,False,False,27.991304018727757,31.63599985718884,False,False
1788228360.001,2026-09-01 10:06:00.000999928+08:00,19.18,19.18,19.16,19.16,27.652146191107136,34.96611005980708,36.24893950232067,63.75106049767933,-32.31419066916964,62.72588852902823,2,38.3892214801438,50.812090227984825,18.9924264705883,19.044510395701543,52.53441112833751,47.46558887166249,25.486684088337466,46.22266261574758,43.951824757184106,49.461907717176864,-5.510082959992758,67.7122144144424,24.56073817996204,0.0,0.0,0.0,0.0,19.1,19.29,0.0,0.0,-0.3391578276206211,0.0,False,False,False,False,27.652146191107136,30.48702003761664,False,False
1788228360.002,2026-09-01 10:06:00.002000093+08:00,19.18,19.2,19.18,19.2,27.525209557649493,37.550997051399065,42.43572408532816,57.564275914671846,-13.604991617036424,23.321687751770316,3,38.3892214801438,50.812090227984825,18.9924264705883,19.044510395701543,52.53441112833751,47.46558887166249,25.486684088337466,46.22266261574758,43.951824757184106,49.461907717176864,-5.510082959992758,67.7122144144424,24.56073817996204,0.0,0.0,0.0,0.0,19.1,19.29,0.0,0.0,-0.1269366334576425,0.0,False,False,False,False,27.525209557649493,29.5335426978454,False,False
1788228480.0,2026-09-01 10:08:00+08:00,19.18,19.18,19.16,19.16,27.421602009745214,39.0123059726956,45.02678883461348,54.97321116538652,-21.73654438465336,51.33063899782735,2,38.3892214801438,50.812090227984825,18.9924264705883,19.044510395701543,52.53441112833751,47.46558887166249,25.486684088337466,46.22266261574758,43.951824757184106,49.461907717176864,-5.510082959992758,65.55973292679158,26.481447182845063,0.0,0.0,0.0,0.0,19.1,19.29,0.0,0.0,-0.10360754790427862,-2.1524814876508174,False,False,False,False,27.421602009745214,28.813425944103876,False,False
1788228480.001,2026-09-01 10:08:00.000999928+08:00,19.16,19.16,19.14,19.14,27.24485535092419,38.99484508377292,41.07203587977729,58.92796412022271,-29.07916912968247,70.2615714787799,1,38.3892214801438,50.812090227984825,18.9924264705883,19.044510395701543,52.53441112833751,47.46558887166249,25.486684088337466,46.22266261574758,43.951824757184106,49.461907717176864,-5.510082959992758,65.55973292679158,26.481447182845063,0.0,0.0,0.0,0.0,19.1,19.29,0.0,0.0,-0.17674665882102403,0.0,False,False,False,False,27.24485535092419,28.354420508022823,False,False
1788228480.002,2026-09-01 10:08:00.002000093+08:00,19.14,19.14,19.12,19.12,26.918935089209334,37.45201576825079,37.02800087057697,62.97199912942303,-35.71360598326952,87.06944865026645,0,38.3892214801438,50.812090227984825,18.9924264705883,19.044510395701543,52.53441112833751,47.46558887166249,25.486684088337466,46.22266261574758,43.951824757184106,49.461907717176864,-5.510082959992758,65.55973292679158,26.481447182845063,0.0,0.0,0.0,0.0,19.1,19.29,0.0,0.0,-0.325920261714856,0.0,False,False,False,False,26.918935089209334,27.991304018727757,False,False
1788228600.0,2026-09-01 10:10:00+08:00,19.14,19.16,19.14,19.16,26.663139290941576,36.43708779243766,35.23541863562761,64.76458136437239,-28.88462614934734,51.16406232999002,2,39.17164540885513,53.4964037200006,18.987500000000065,19.04675407335625,37.77741756794904,62.22258243205096,27.01973435395092,50.82251452589773,45.05802654512518,46.6894512281898,-1.6314246830646155,64.41003063937974,26.45491589662701,0.0,0.0,0.0,0.0,19.1,19.26,0.7824239287113244,1.5330502656134541,-0.25579579826775856,-1.1497022874118414,False,False,False,False,26.663139290941576,27.652146191107136,False,False
1788228600.001,2026-09-01 10:10:00.000999928+08:00,19.16,19.18,19.16,19.18,26.558531380817172,37.0729389196701,33.33778959794069,66.66221040205932,-22.12489639683949,22.762363172048765,3,39.17164540885513,53.4964037200006,18.987500000000065,19.04675407335625,37.77741756794904,62.22258243205096,27.01973435395092,50.82251452589773,45.05802654512518,46.6894512281898,-1.6314246830646155,64.41003063937974,26.45491589662701,0.0,0.0,0.0,0.0,19.1,19.26,0.0,0.0,-0.10460791012440396,0.0,False,False,False,False,26.558531380817172,27.525209557649493,False,False
1788228600.002,2026-09-01 10:10:00.002000093+08:00,19.18,19.2,19.18,19.2,26.668088493919463,40.173569956126656,34.90616493352738,65.09383506647262,-15.463495028861072,28.79627072245133,4,39.17164540885513,53.4964037200006,18.987500000000065,19.04675407335625,37.77741756794904,62.22258243205096,27.01973435395092,50.82251452589773,45.05802654512518,46.6894512281898,-1.6314246830646155,64.41003063937974,26.45491589662701,0.0,0.0,0.0,0.0,19.1,19.26,0.0,0.0,0.10955711310229077,0.0,False,False,False,False,26.558531380817172,27.421602009745214,False,False
1788228720.0,2026-09-01 10:12:00+08:00,19.2,19.22,19.2,19.22,27.039749931404288,45.29953778440856,36.530339391701816,63.46966060829818,-8.500955911808306,33.67383664968128,5,39.17164540885513,53.4964037200006,18.987500000000065,19.04675407335625,37.77741756794904,62.22258243205096,27.01973435395092,50.82251452589773,45.05802654512518,46.6894512281898,-1.6314246830646155,62.43457807975933,29.953800542548453,0.0,0.0,0.0,0.0,19.1,19.26,0.0,0.0,0.37166143748482483,-1.9754525596204076,False,False,False,False,26.558531380817172,27.24485535092419,False,False
1788228720.001,2026-09-01 10:12:00.000999928+08:00,19.22,19.24,19.22,19.24,27.708996929657086,50.99539374662268,40.28566030385098,59.71433969614902,-1.7516794171897725,31.22513555092512,5,39.17164540885513,53.4964037200006,18.987500000000065,19.04675407335625,37.77741756794904,62.22258243205096,27.01973435395092,50.82251452589773,45.05802654512518,46.6894512281898,-1.6314246830646155,62.43457807975933,29.953800542548453,0.0,0.0,0.0,0.0,19.1,19.26,0.0,0.0,0.6692469982527989,0.0,False,False,False,False,26.558531380817172,27.708996929657086,False,False
1788228720.002,2026-09-01 10:12:00.002000093+08:00,19.24,19.26,19.24,19.26,28.701033069058457,56.57966103424143,44.41363025638981,55.58636974361019,4.764811391466782,31.71380765708984,5,39.17164540885513,53.4964037200006,18.987500000000065,19.04675407335625,37.77741756794904,62.22258243205096,27.01973435395092,50.82251452589773,45.05802654512518,46.6894512281898,-1.6314246830646155,62.43457807975933,29.953800542548453,0.0,0.0,0.0,0.0,19.1,19.26,0.0,0.0,0.992036139401371,0.0,False,False,False,False,26.558531380817172,28.701033069058457,False,False
1788228720.003,2026-09-01 10:12:00.003000021+08:00,19.26,19.28,19.26,19.28,30.03262457540979,61.75691090902908,47.93743834798735,52.06256165201265,11.032349831175988,76.61940989870558,5,39.17164540885513,53.4964037200006,18.987500000000065,19.04675407335625,37.77741756794904,62.22258243205096,27.01973435395092,50.82251452589773,45.05802654512518,46.6894512281898,-1.6314246830646155,62.43457807975933,29.953800542548453,0.0,0.0,0.0,0.0,19.1,19.26,0.0,0.0,1.3315915063513337,0.0,False,False,False,False,26.558531380817172,30.03262457540979,False,False
1788228840.0,2026-09-01 10:14:00+08:00,19.28,19.3,19.28,19.3,31.71365114509434,66.42166721900746,52.62241455467289,47.37758544532711,21.69444968334257,83.01666981000554,5,39.17164540885513,53.4964037200006,18.987500000000065,19.04675407335625,37.77741756794904,62.22258243205096,28.669023653056552,56.09333754790756,50.82506298526616,46.02141565260514,4.803647332661015,61.78739341436428,34.29360340330858,0.0,0.0,0.0,0.0,19.1,19.28,0.0,1.6492892991056323,1.6810265696845477,-0.6471846653950521,False,False,False,False,26.668088493919463,31.71365114509434,False,False
1788228840.001,2026-09-01 10:14:00.000999928+08:00,19.3,19.32,19.3,19.32,33.74841054601577,70.55956057647171,54.10963363478815,45.890366365211854,30.814892609195297,88.48893556551718,5,39.17164540885513,53.4964037200006,18.987500000000065,19.04675407335625,37.77741756794904,62.22258243205096,28.669023653056552,56.09333754790756,50.82506298526616,46.02141565260514,4.803647332661015,61.78739341436428,34.29360340330858,0.0,0.0,0.0,0.0,19.1,19.28,0.0,0.0,2.0347594009214305,0.0,False,False,False,False,27.039749931404288,33.74841054601577,False,False
1788228840.002,2026-09-01 10:14:00.002000093+08:00,19.32,19.34,19.32,19.34,36.04394955342246,74.1977367361132,55.50632454790308,44.49367545209692,38.67219536316188,93.20331721789714,5,39.17164540885513,53.4964037200006,18.987500000000065,19.04675407335625,37.77741756794904,62.22258243205096,28.669023653056552,56.09333754790756,50.82506298526616,46.02141565260514,4.803647332661015,61.78739341436428,34.29360340330858,0.0,0.0,0.0,0.0,19.1,19.28,0.0,0.0,2.2955390074066884,0.0,False,False,False,False,27.708996929657086,36.04394955342246,False,False
1788228840.003,2026-09-01 10:14:00.003000021+08:00,19.34,19.36,19.34,19.36,38.52362397203776,77.38019367502841,56.82050893094167,43.17949106905833,45.48281987805998,97.289691926836,5,39.17164540885513,53.4964037200006,18.987500000000065,19.04675407335625,37.77741756794904,62.22258243205096,28.669023653056552,56.09333754790756,50.82506298526616,46.02141565260514,4.803647332661015,61.78739341436428,34.29360340330858,0.0,0.0,0.0,0.0,19.1,19.28,0.0,0.0,2.4796744186153035,0.0,False,False,False,False,28.701033069058457,38.52362397203776,False,False
1788228960.0,2026-09-01 10:16:00+08:00,19.36,19.38,19.36,19.38,41.12455234632301,80.155722610837,60.9030924335612,39.0969075664388,55.53773285910222,100.0,5,39.17164540885513,53.4964037200006,18.987500000000065,19.04675407335625,37.77741756794904,62.22258243205096,28.669023653056552,56.09333754790756,50.82506298526616,46.02141565260514,4.803647332661015,61.53668947765637,46.835859057295394,0.0,0.0,0.0,0.0,19.1,19.37,0.0,0.0,2.600928374285246,-0.25070393670791447,False,False,False,False,30.03262457540979,41.12455234632301,False,False
1788228960.001,2026-09-01 10:16:00.000999928+08:00,19.38,19.4,19.38,19.4,43.79544888558758,82.57220720636187,64.62494215763974,35.37505784236026,63.036799106159535,100.0,5,39.17164540885513,53.4964037200006,18.987500000000065,19.04675407335625,37.77741756794904,62.22258243205096,28.669023653056552,56.09333754790756,50.82506298526616,46.02141565260514,4.803647332661015,61.53668947765637,46.835859057295394,0.0,0.0,0.0,0.0,19.1,19.37,0.0,0.0,2.670896539264575,0.0,False,False,False,False,31.71365114509434,43.79544888558758,False,False
1788228960.002,2026-09-01 10:16:00.002000093+08:00,19.38,19.38,19.36,19.36,46.358725904401005,84.09078104208477,64.47704800807678,35.52295199192322,53.18067548368616,100.0,5,39.17164540885513,53.4964037200006,18.987500000000065,19.04675407335625,37.77741756794904,62.22258243205096,28.669023653056552,56.09333754790756,50.82506298526616,46.02141565260514,4.803647332661015,61.53668947765637,46.835859057295394,0.0,0.0,0.0,0.0,19.1,19.37,0.0,0.0,2.563277018813423,0.0,False,False,False,False,33.74841054601577,46.358725904401005,False,False
1788228960.003,2026-09-01 10:16:00.003000021+08:00,19.36,19.36,19.34,19.34,48.74216347137087,84.63987594486471,64.32982922432214,35.67017077567786,43.62949976963213,96.17769986177927,5,39.17164540885513,53.4964037200006,18.987500000000065,19.04675407335625,37.77741756794904,62.22258243205096,28.669023653056552,56.09333754790756,50.82506298526616,46.02141565260514,4.803647332661015,61.53668947765637,46.835859057295394,0.0,0.0,0.0,0.0,19.1,19.37,0.0,0.0,2.3834375669698673,0.0,False,False,False,False,36.04394955342246,48.74216347137087,False,False
1788229080.0,2026-09-01 10:18:00+08:00,19.36,19.38,19.36,19.38,51.09419714571384,85.30568738332772,64.30797920351668,35.69202079648332,48.37205373099239,99.02323223859544,5,39.17164540885513,53.4964037200006,18.987500000000065,19.04675407335625,37.77741756794904,62.22258243205096,30.44659861020853,61.29003917693426,56.024785952887534,48.96492506011574,7.059860892771795,62.37807351924226,57.65352845577061,0.0,0.0,0.0,0.0,19.1,19.41,0.0,1.7775749571519768,2.3520336743429695,0.84138404158589,False,False,False,False,38.52362397203776,51.09419714571384,False,False
1788229080.001,2026-09-01 10:18:00.000999928+08:00,19.38,19.4,19.38,19.4,53.4652627523775,86.45015271052657,64.28610239752759,35.713897602472414,52.74524611440423,100.0,5,39.17164540885513,53.4964037200006,18.987500000000065,19.04675407335625,37.77741756794904,62.22258243205096,30.44659861020853,61.29003917693426,56.024785952887534,48.96492506011574,7.059860892771795,62.37807351924226,57.65352845577061,0.0,0.0,0.0,0.0,19.1,19.41,0.0,0.0,2.371065606663656,0.0,False,False,False,False,41.12455234632301,53.4652627523775,False,False
1788229080.002,2026-09-01 10:18:00.002000093+08:00,19.4,19.42,19.4,19.42,55.82728167653452,87.72991265714562,64.26419875707211,35.73580124292789,56.77298803445677,100.0,5,39.17164540885513,53.4964037200006,18.987500000000065,19.04675407335625,37.77741756794904,62.22258243205096,30.44659861020853,61.29003917693426,56.024785952887534,48.96492506011574,7.059860892771795,62.37807351924226,57.65352845577061,0.0,0.0,0.0,0.0,19.1,19.41,0.0,0.0,2.36201892415702,0.0,False,False,False,False,43.79544888558758,55.82728167653452,False,False
1788229200.0,2026-09-01 10:20:00+08:00,19.4,19.4,19.380000000000003,19.380000000000003,58.03044692559281,88.4405303016149,60.95863465585206,39.04136534414794,41.25311583883085,94.75186950329852,5,40.07563818434871,56.37246871529543,18.983014705882415,19.04934856018853,37.24272404986026,62.757275950139736,30.44659861020853,61.29003917693426,56.024785952887534,48.96492506011574,7.059860892771795,64.80592352505825,69.30989157426441,0.0,0.0,0.0,0.0,19.1,19.42,0.9039927754935846,0.0,2.2031652490582943,2.4278500058159906,False,False,False,True,46.358725904401005,58.03044692559281,False,False
1788229200.001,2026-09-01 10:20:00.000999928+08:00,19.38,19.38,19.36,19.36,60.02092082866377,88.41004284198631,59.70540242101697,40.29459757898303,27.381819847407545,86.42909190844452,5,40.07563818434871,56.37246871529543,18.983014705882415,19.04934856018853,37.24272404986026,62.757275950139736,30.44659861020853,61.29003917693426,56.024785952887534,48.96492506011574,7.059860892771795,64.80592352505825,69.30989157426441,0.0,0.0,0.0,0.0,19.1,19.42,0.0,0.0,1.9904739030709564,0.0,False,False,False,False,48.74216347137087,60.02092082866377,False,False
1788229320.0,2026-09-01 10:22:00+08:00,19.36,19.39,19.34,19.34,61.75802331448897,87.7516165848607,60.18731715201285,39.81268284798715,20.369138542851097,80.758245761332,5,40.07563818434871,56.37246871529543,18.983014705882415,19.04934856018853,37.24272404986026,62.757275950139736,32.20294324103345,65.48854342594244,51.84892392278434,50.9391998515158,0.9097240712685348,65.65020590366343,71.5881150738476,0.0,0.0,0.0,0.0,19.1,19.42,0.0,1.7563446308249233,1.7371024858252042,0.8442823786051861,False,False,False,False,51.09419714571384,61.75802331448897,False,False
1788229320.001,2026-09-01 10:22:00.000999928+08:00,19.34,19.34,19.32,19.32,63.21196178979384,86.29074700431684,60.67707477835347,39.32292522164653,13.496077652880295,73.46882838809907,5,40.07563818434871,56.37246871529543,18.983014705882415,19.04934856018853,37.24272404986026,62.757275950139736,32.20294324103345,65.48854342594244,51.84892392278434,50.9391998515158,0.9097240712685348,65.65020590366343,71.5881150738476,0.0,0.0,0.0,0.0,19.1,19.42,0.0,0.0,1.4539384753048665,0.0,False,False,False,False,53.4652627523775,63.21196178979384,False,False
1788229320.002,2026-09-01 10:22:00.002000093+08:00,19.32,19.32,19.3,19.3,64.361913211059,83.97722573139443,61.17486832892498,38.82513167107502,6.788696160009103,59.25329464185504,4,40.07563818434871,56.37246871529543,18.983014705882415,19.04934856018853,37.24272404986026,62.757275950139736,32.20294324103345,65.48854342594244,51.84892392278434,50.9391998515158,0.9097240712685348,65.65020590366343,71.5881150738476,0.0,0.0,0.0,0.0,19.1,19.42,0.0,0.0,1.1499514212651647,0.0,False,False,False,False,55.82728167653452,64.361913211059,False,False
1788229320.003,2026-09-01 10:22:00.003000021+08:00,19.3,19.3,19.28,19.28,65.19440604419802,80.98734334789947,59.39370772711244,40.606292272887565,0.2703506873564453,33.62563572172276,3,40.07563818434871,56.37246871529543,18.983014705882415,19.04934856018853,37.24272404986026,62.757275950139736,32.20294324103345,65.48854342594244,51.84892392278434,50.9391998515158,0.9097240712685348,65.65020590366343,71.5881150738476,0.0,0.0,0.0,0.0,19.1,19.42,0.0,0.0,0.832492833139014,0.0,False,False,False,False,58.03044692559281,65.19440604419802,False,False
1788229440.0,2026-09-01 10:24:00+08:00,19.28,19.28,19.26,19.26,65.70195742114338,77.44496446821833,54.32417957030475,45.67582042969525,-21.99238464494313,13.717971919323691,2,40.07563818434871,56.37246871529543,18.983014705882415,19.04934856018853,37.24272404986026,62.757275950139736,32.20294324103345,65.48854342594244,51.84892392278434,50.9391998515158,0.9097240712685348,66.63307223605209,71.28739916321237,0.0,0.0,0.0,0.0,19.1,19.42,0.0,0.0,0.5075513769453579,0.9828663323886531,False,False,False,False,60.02092082866377,65.70195742114338,False,False
1788229560.0,2026-09-01 10:26:00+08:00,19.26,19.26,19.24,19.24,65.88192731890454,73.44263796252994,51.399364543749485,48.60063545625052,-31.46228791879995,23.07453812507685,1,40.07563818434871,56.37246871529543,18.983014705882415,19.04934856018853,37.24272404986026,62.757275950139736,32.20294324103345,65.48854342594244,51.84892392278434,50.9391998515158,0.9097240712685348,66.57693325590813,68.58576099831315,0.0,0.0,0.0,0.0,19.1,19.42,0.0,0.0,0.17996989776116834,-0.05613898014395602,False,False,False,False,61.75802331448897,65.88192731890454,False,False
1788229560.001,2026-09-01 10:26:00.000999928+08:00,19.24,19.24,19.22,19.22,65.73555716284808,69.05288103419707,49.51735930228311,50.48264069771689,-36.15766704901434,31.904540513447657,1,40.07563818434871,56.37246871529543,18.983014705882415,19.04934856018853,37.24272404986026,62.757275950139736,32.20294324103345,65.48854342594244,51.84892392278434,50.9391998515158,0.9097240712685348,66.57693325590813,68.58576099831315,0.0,0.0,0.0,0.0,19.1,19.42,0.0,0.0,-0.14637015605646297,0.0,False,False,False,False,63.21196178979384,65.88192731890454,False,False
1788229680.0,2026-09-01 10:28:00+08:00,19.22,19.25,19.2,19.2,65.26716502677408,64.47730322913552,44.99986491597774,55.00013508402226,-49.92399848245603,37.06999241190431,0,40.07563818434871,56.37246871529543,18.983014705882415,19.04934856018853,37.24272404986026,62.757275950139736,32.20294324103345,65.48854342594244,51.84892392278434,50.9391998515158,0.9097240712685348,66.57693325590813,68.58576099831315,0.0,0.0,0.0,0.0,19.1,19.42,0.0,0.0,-0.46839213607400154,0.0,True,False,False,False,64.361913211059,65.88192731890454,False,False
1788229800.0,2026-09-01 10:30:00+08:00,19.2,19.2,19.18,19.18,64.48347368350319,59.52986727250424,46.389886250490285,53.61011374950972,-52.86221710375426,37.897173782321104,0,40.94578622497697,58.45563685518879,18.973676470588305,19.05044956953989,55.16780159594362,44.83219840405638,35.401591107341225,70.2051352411224,24.957926949530048,43.33441280120391,-18.376485851673863,66.07610903440676,64.40393314204825,0.0,0.0,0.0,0.0,19.12,19.42,0.8701480406282585,3.1986478663077733,-0.7836913432708883,-0.5008242215013752,False,False,True,False,64.48347368350319,65.88192731890454,False,False
1788229800.001,2026-09-01 10:30:00.000999928+08:00,19.18,19.18,19.16,19.16,63.39305125025184,54.30026134305477,47.868518740270616,52.13148125972938,-55.72015779902368,38.656483790523694,0,40.94578622497697,58.45563685518879,18.973676470588305,19.05044956953989,55.16780159594362,44.83219840405638,35.401591107341225,70.2051352411224,24.957926949530048,43.33441280120391,-18.376485851673863,66.07610903440676,64.40393314204825,0.0,0.0,0.0,0.0,19.12,19.42,0.0,0.0,-1.090422433251355,0.0,False,False,False,False,63.39305125025184,65.88192731890454,False,False
1788229920.0,2026-09-01 10:32:00+08:00,19.16,19.16,19.14,19.14,62.00584715796758,48.847078229739154,42.39302230287419,57.60697769712581,-63.41637978220264,40.79550336531577,0,40.94578622497697,58.45563685518879,18.973676470588305,19.05044956953989,55.16780159594362,44.83219840405638,35.401591107341225,70.2051352411224,24.957926949530048,43.33441280120391,-18.376485851673863,65.09891109245252,58.99358312207406,0.0,0.0,0.0,0.0,19.12,19.42,0.0,0.0,-1.3872040922842572,-0.9771979419542305,False,False,False,False,62.00584715796758,65.88192731890454,False,False
1788230160.0,2026-09-01 10:36:00+08:00,19.14,19.14,19.12,19.12,60.33280872576206,43.211398926670114,38.45581988105352,61.544180118946485,-73.48401216458582,100.0,0,40.94578622497697,58.45563685518879,18.973676470588305,19.05044956953989,55.16780159594362,44.83219840405638,35.401591107341225,70.2051352411224,24.957926949530048,43.33441280120391,-18.376485851673863,65.09891109245252,58.99358312207406,0.0,0.0,0.0,0.0,19.12,19.42,0.0,0.0,-1.673038432205523,0.0,False,False,False,False,60.33280872576206,65.73555716284808,False,False
1788230400.0,2026-09-01 10:40:00+08:00,19.12,19.12,19.1,19.1,58.385565802927445,37.88815073059273,36.06214520466089,63.93785479533911,-78.54066505238985,100.0,0,41.732800243826496,59.69951953847145,18.961985294117717,19.050967484270835,61.58699040127031,38.41300959872969,35.401591107341225,70.2051352411224,24.957926949530048,43.33441280120391,-18.376485851673863,63.65686669893332,52.72889146193698,0.0,0.0,0.0,0.0,19.1,19.42,0.7870140188495256,0.0,-1.9472429228346115,-1.442044393519204,False,False,False,False,58.385565802927445,65.26716502677408,False,False
1788230520.0,2026-09-01 10:42:00+08:00,19.12,19.14,19.12,19.14,56.367499335743496,33.61474788008865,39.85178684608259,60.14821315391741,-60.626402102450015,100.0,0,41.732800243826496,59.69951953847145,18.961985294117717,19.050967484270835,61.58699040127031,38.41300959872969,36.75230806423495,70.798084413581,9.077334228161076,31.5975498700223,-22.52021564186122,63.65686669893332,52.72889146193698,0.0,0.0,0.0,0.0,19.1,19.42,0.0,1.3507169568937272,-2.0180664671839494,0.0,False,False,False,False,56.367499335743496,64.48347368350319,False,False
1788230520.001,2026-09-01 10:42:00.000999928+08:00,19.12,19.12,19.1,19.1,54.18610460333439,29.56080752415206,38.700371601799326,61.299628398200674,-61.5373791578929,100.0,0,41.732800243826496,59.69951953847145,18.961985294117717,19.050967484270835,61.58699040127031,38.41300959872969,36.75230806423495,70.798084413581,9.077334228161076,31.5975498700223,-22.52021564186122,63.65686669893332,52.72889146193698,0.0,0.0,0.0,0.0,19.1,19.42,0.0,0.0,-2.181394732409103,0.0,False,False,False,False,54.18610460333439,63.39305125025184,False,False
1788230640.0,2026-09-01 10:44:00+08:00,19.1,19.1,19.08,19.08,51.89697303464823,25.879985489630545,37.14341160489035,62.85658839510965,-63.48434420116112,100.0,0,41.732800243826496,59.69951953847145,18.961985294117717,19.050967484270835,61.58699040127031,38.41300959872969,36.75230806423495,70.798084413581,9.077334228161076,31.5975498700223,-22.52021564186122,61.85955721532688,46.48775825106757,0.0,0.0,0.0,0.0,19.08,19.42,0.0,0.0,-2.289131568686166,-1.7973094836064405,False,False,False,False,51.89697303464823,62.00584715796758,False,False
1788230640.001,2026-09-01 10:44:00.000999928+08:00,19.1,19.12,19.1,19.12,49.66549824373173,23.12618884742502,37.68457505651484,62.31542494348516,-54.49189969297722,100.0,0,41.732800243826496,59.69951953847145,18.961985294117717,19.050967484270835,61.58699040127031,38.41300959872969,36.75230806423495,70.798084413581,9.077334228161076,31.5975498700223,-22.52021564186122,61.85955721532688,46.48775825106757,0.0,0.0,0.0,0.0,19.08,19.42,0.0,0.0,-2.2314747909164936,0.0,False,False,False,False,49.66549824373173,60.33280872576206,False,False
1788230760.0,2026-09-01 10:46:00+08:00,19.1,19.1,19.08,19.08,47.38263567296419,20.462186881411604,36.13328871253047,63.86671128746953,-56.891757629605465,100.0,0,41.732800243826496,59.69951953847145,18.961985294117717,19.050967484270835,61.58699040127031,38.41300959872969,36.75230806423495,70.798084413581,9.077334228161076,31.5975498700223,-22.52021564186122,61.85955721532688,46.48775825106757,0.0,0.0,0.0,0.0,19.08,19.42,0.0,0.0,-2.2828625707675414,0.0,False,False,False,False,47.38263567296419,58.385565802927445,False,False
1788230880.0,2026-09-01 10:48:00+08:00,19.1,19.12,19.07,19.12,45.22793973513647,18.5935808534275,41.806063774176685,58.19393622582332,-17.665819093781955,59.83396867421936,0,41.732800243826496,59.69951953847145,18.961985294117717,19.050967484270835,61.58699040127031,38.41300959872969,36.75230806423495,70.798084413581,9.077334228161076,31.5975498700223,-22.52021564186122,59.914443689734455,40.9822286325575,0.0,0.0,0.0,0.0,19.07,19.42,0.0,0.0,-2.154695937827725,-1.9451135255924257,False,False,False,False,45.22793973513647,56.367499335743496,False,False
1788231000.0,2026-09-01 10:50:00+08:00,19.12,19.14,19.09,19.14,43.25554970569056,17.607493923332363,45.26570246240833,54.73429753759167,2.367981688439761,43.64471392447081,0,42.46413108320093,60.45506788153037,18.951323529411837,19.05170412621839,62.455032133978015,37.54496786602199,36.75230806423495,70.798084413581,9.077334228161076,31.5975498700223,-22.52021564186122,57.92984734745805,36.71582205699296,0.0,0.0,0.0,0.0,19.07,19.42,0.7313308393744364,0.0,-1.9723900294459042,-1.9845963422764044,False,False,False,False,43.25554970569056,54.18610460333439,False,False
1788231240.0,2026-09-01 10:54:00+08:00,19.12,19.15,19.1,19.1,41.33176865027175,16.82516628529847,40.42676491297604,59.57323508702396,-19.54688378660582,61.57621090039094,0,42.46413108320093,60.45506788153037,18.951323529411837,19.05170412621839,62.455032133978015,37.54496786602199,36.75230806423495,70.798084413581,9.077334228161076,31.5975498700223,-22.52021564186122,55.87576785137187,33.36684419400666,0.0,0.0,0.0,0.0,19.07,19.42,0.0,0.0,-1.9237810554188144,-2.0540794960861817,False,False,False,False,41.33176865027175,51.89697303464823,False,False
1788231360.0,2026-09-01 10:56:00+08:00,19.12,19.14,19.12,19.14,39.5829248648336,16.553391542497337,41.23777903488065,58.76222096511935,-10.357230290714474,51.57816209648004,0,42.46413108320093,60.45506788153037,18.951323529411837,19.05170412621839,62.455032133978015,37.54496786602199,36.75230806423495,70.798084413581,9.077334228161076,31.5975498700223,-22.52021564186122,53.87480898865663,30.650262769481483,0.0,0.0,0.0,0.0,19.07,19.42,0.0,0.0,-1.7488437854381473,-2.000958862715237,False,False,False,False,39.5829248648336,49.66549824373173,False,False
1788231480.0,2026-09-01 10:58:00+08:00,19.14,19.16,19.14,19.16,38.04947124835683,16.92800093030215,42.04208020214856,57.957919797851446,-1.6896879377044849,42.404753680472176,0,42.46413108320093,60.45506788153037,18.951323529411837,19.05170412621839,62.455032133978015,37.54496786602199,36.75230806423495,70.798084413581,9.077334228161076,31.5975498700223,-22.52021564186122,52.02401131815645,29.092627471354607,0.0,0.0,0.0,0.0,19.07,19.42,0.0,0.0,-1.5334536164767698,-1.8507976705001852,False,False,False,False,38.04947124835683,47.38263567296419,False,False
1788231600.0,2026-09-01 11:00:00+08:00,19.16,19.18,19.16,19.18,36.76140714728568,17.96103754025814,42.802903631268805,57.1970963687312,6.309291685662936,32.29117059944608,1,43.17865376457952,61.31674474854998,18.941838235294185,19.05285632396746,56.26404343662769,43.73595656337231,36.75230806423495,70.798084413581,9.077334228161076,31.5975498700223,-22.52021564186122,52.02401131815645,29.092627471354607,0.0,0.0,0.0,0.0,19.07,19.42,0.7145226813785897,0.0,-1.28806410107115,0.0,False,False,False,False,36.76140714728568,45.22793973513647,False,False
1788231720.0,2026-09-01 11:02:00+08:00,19.18,19.2,19.18,19.2,35.740105617816496,19.61063218144532,43.47508981455893,56.52491018544107,13.50372624791416,21.137168717025347,2,43.17865376457952,61.31674474854998,18.941838235294185,19.05285632396746,56.26404343662769,43.73595656337231,38.05196623945345,71.33250104525192,3.998611300464444,19.63497171444233,-15.636360413977885,50.36992442701914,28.59192262624427,0.0,0.0,0.0,0.0,19.07,19.42,0.0,1.2996581752184966,-1.0213015294691843,-1.654086891137304,False,False,False,False,35.740105617816496,43.25554970569056,False,False
1788232080.0,2026-09-01 11:08:00+08:00,19.18,19.21,19.16,19.16,34.82492868718255,21.039290851442683,37.07176531179501,62.92823468820499,-13.941545608757108,47.480563178984525,1,43.17865376457952,61.31674474854998,18.941838235294185,19.05285632396746,56.26404343662769,43.73595656337231,38.05196623945345,71.33250104525192,3.998611300464444,19.63497171444233,-15.636360413977885,48.83097265799567,28.66158526013872,0.0,0.0,0.0,0.0,19.07,19.42,0.0,0.0,-0.9151769306339474,-1.5389517690234698,False,False,False,False,34.82492868718255,41.33176865027175,False,False
1788232320.0,2026-09-01 11:12:00+08:00,19.18,19.2,19.18,19.2,34.12017488989914,22.638562567562985,40.758652201012666,59.24134779898733,7.821453902281089,3.9825710184296472,3,43.870450201996064,62.32965722470316,18.953602941176538,19.05397218144042,56.90264932898656,43.09735067101344,38.05196623945345,71.33250104525192,3.998611300464444,19.63497171444233,-15.636360413977885,47.37020811791872,28.64418458465498,0.0,0.0,0.0,0.0,19.07,19.42,0.6917964374165422,0.0,-0.7047537972834093,-1.4607645400769513,False,False,False,False,34.12017488989914,39.5829248648336,False,False
1788232440.0,2026-09-01 11:14:00+08:00,19.18,19.18,19.16,19.16,33.473474018840776,23.706924548217152,39.359167041848735,60.64083295815127,-2.778497054040676,28.36781927116348,1,43.870450201996064,62.32965722470316,18.953602941176538,19.05397218144042,56.90264932898656,43.09735067101344,38.05196623945345,71.33250104525192,3.998611300464444,19.63497171444233,-15.636360413977885,47.37020811791872,28.64418458465498,0.0,0.0,0.0,0.0,19.07,19.42,0.0,0.0,-0.6467008710583642,0.0,False,False,False,False,33.473474018840776,38.04947124835683,False,False
1788232560.0,2026-09-01 11:16:00+08:00,19.18,19.2,19.15,19.2,32.9961956023251,24.838789153828927,41.42320809466385,58.57679190533615,3.820497365669905,5.327272935412426,3,43.870450201996064,62.32965722470316,18.953602941176538,19.05397218144042,56.90264932898656,43.09735067101344,38.05196623945345,71.33250104525192,3.998611300464444,19.63497171444233,-15.636360413977885,47.37020811791872,28.64418458465498,0.0,0.0,0.0,0.0,19.07,19.42,0.0,0.0,-0.4772784165156736,0.0,False,False,False,False,32.9961956023251,36.76140714728568,False,False
1788232560.001,2026-09-01 11:16:00.000999928+08:00,19.18,19.18,19.16,19.16,32.54201574134284,25.549674759531875,40.4016125243504,59.5983874756496,2.297038119127266,21.707142043536283,2,43.870450201996064,62.32965722470316,18.953602941176538,19.05397218144042,56.90264932898656,43.09735067101344,38.05196623945345,71.33250104525192,3.998611300464444,19.63497171444233,-15.636360413977885,47.37020811791872,28.64418458465498,0.0,0.0,0.0,0.0,19.07,19.42,0.0,0.0,-0.4541798609822649,0.0,False,False,False,False,32.54201574134284,35.740105617816496,False,False
1788232680.0,2026-09-01 11:18:00+08:00,19.16,19.16,19.14,19.14,32.052545895445284,25.62119998527472,37.77605472576328,62.223945274236726,-9.541996931872482,40.21890633032402,1,43.870450201996064,62.32965722470316,18.953602941176538,19.05397218144042,56.90264932898656,43.09735067101344,38.05196623945345,71.33250104525192,3.998611300464444,19.63497171444233,-15.636360413977885,45.98657999006531,28.223367028911117,0.0,0.0,0.0,0.0,19.07,19.42,0.0,0.0,-0.4894698458975526,-1.383628127853413,False,False,False,False,32.052545895445284,34.82492868718255,False,False
1788232800.0,2026-09-01 11:20:00+08:00,19.14,19.14,19.12,19.12,31.48167365473365,25.077179195627565,35.28032771251078,64.71967228748922,-19.980649792710015,58.23169625376936,0,44.528870159010985,63.27765807147341,18.965588235294184,19.05497743336639,58.37950545382821,41.62049454617179,38.05196623945345,71.33250104525192,3.998611300464444,19.63497171444233,-15.636360413977885,45.98657999006531,28.223367028911117,0.0,0.0,0.0,0.0,19.07,19.42,0.658419957014921,0.0,-0.5708722407116333,0.0,False,False,False,False,31.48167365473365,34.12017488989914,False,False
1788232920.0,2026-09-01 11:22:00+08:00,19.14,19.16,19.14,19.16,30.968455055591253,24.883157486091115,37.62996149531975,62.37003850468025,-11.05103159601484,21.15449852368237,2,44.528870159010985,63.27765807147341,18.965588235294184,19.05497743336639,58.37950545382821,41.62049454617179,38.05196623945345,71.33250104525192,3.998611300464444,19.63497171444233,-15.636360413977885,45.98657999006531,28.223367028911117,0.0,0.0,0.0,0.0,19.07,19.42,0.0,0.0,-0.5132185991423981,0.0,False,False,False,False,30.968455055591253,33.473474018840776,False,False
1788233160.0,2026-09-01 11:26:00+08:00,19.16,19.18,19.16,19.18,30.56467001110016,25.29942264728328,41.18516064153202,58.81483935846798,3.000595605216646,4.35753682220707,3,44.528870159010985,63.27765807147341,18.965588235294184,19.05497743336639,58.37950545382821,41.62049454617179,38.05196623945345,71.33250104525192,3.998611300464444,19.63497171444233,-15.636360413977885,44.765928360709005,28.2311434927518,0.0,0.0,0.0,0.0,19.07,19.41,0.0,0.0,-0.4037850444910944,-1.2206516293563041,False,False,False,False,30.56467001110016,32.9961956023251,False,False
1788233280.0,2026-09-01 11:28:00+08:00,19.18,19.2,19.18,19.2,30.31041443621701,26.898233611930053,42.49471166041975,57.50528833958025,7.5636568197092995,14.695506711362196,4,44.528870159010985,63.27765807147341,18.965588235294184,19.05497743336639,58.37950545382821,41.62049454617179,38.05196623945345,71.33250104525192,3.998611300464444,19.63497171444233,-15.636360413977885,44.765928360709005,28.2311434927518,0.0,0.0,0.0,0.0,19.07,19.41,0.0,0.0,-0.25425557488314965,0.0,False,False,False,False,30.31041443621701,32.54201574134284,False,False
1788233280.001,2026-09-01 11:28:00.000999928+08:00,19.18,19.18,19.16,19.16,30.06114848149439,28.46213591021221,42.570504791221865,57.429495208778135,5.7644530516085615,8.186300653714337,2,44.528870159010985,63.27765807147341,18.965588235294184,19.05497743336639,58.37950545382821,41.62049454617179,38.05196623945345,71.33250104525192,3.998611300464444,19.63497171444233,-15.636360413977885,44.765928360709005,28.2311434927518,0.0,0.0,0.0,0.0,19.07,19.41,0.0,0.0,-0.24926595472262036,0.0,False,False,False,False,30.06114848149439,32.052545895445284,False,False
1788238800.0,2026-09-01 13:00:00+08:00,19.16,19.16,19.14,19.14,29.76008834935297,29.521730292908018,42.4023614970526,57.5976385029474,1.9712752014607409,18.51386937874238,2,45.149892042201486,63.93287480171777,18.97919117647066,19.055922931541847,61.265510959660816,38.73448904033918,38.05196623945345,71.33250104525192,3.998611300464444,19.63497171444233,-15.636360413977885,43.59998479197212,28.381231319609363,0.0,0.0,0.0,0.0,19.07,19.41,0.621021883190501,0.0,-0.30106013214141925,-1.1659435687368855,False,False,False,False,29.76008834935297,31.48167365473365,False,False
1788238800.001,2026-09-01 13:00:00.000999928+08:00,19.14,19.14,19.12,19.12,29.36256728434614,29.83993626593046,42.23554122869913,57.76445877130087,-1.8988949803796504,32.61394360300268,1,45.149892042201486,63.93287480171777,18.97919117647066,19.055922931541847,61.265510959660816,38.73448904033918,38.05196623945345,71.33250104525192,3.998611300464444,19.63497171444233,-15.636360413977885,43.59998479197212,28.381231319609363,0.0,0.0,0.0,0.0,19.07,19.41,0.0,0.0,-0.3975210650068277,0.0,False,True,False,False,29.36256728434614,30.968455055591253,False,False
1788238800.002,2026-09-01 13:00:00.002000093+08:00,19.12,19.12,19.1,19.1,28.83401849063747,29.27345766394518,43.09589642122487,56.90410357877513,-5.83037209259982,45.17422654957461,0,45.149892042201486,63.93287480171777,18.97919117647066,19.055922931541847,61.265510959660816,38.73448904033918,38.05196623945345,71.33250104525192,3.998611300464444,19.63497171444233,-15.636360413977885,43.59998479197212,28.381231319609363,0.0,0.0,0.0,0.0,19.07,19.41,0.0,0.0,-0.5285487937086728,0.0,False,False,False,False,28.83401849063747,30.56467001110016,False,False
1788238920.0,2026-09-01 13:02:00+08:00,19.12,19.14,19.12,19.14,28.323193751862835,29.400037318844344,45.30865392302481,54.69134607697519,3.5860193095065087,14.36587814165984,2,45.149892042201486,63.93287480171777,18.97919117647066,19.055922931541847,61.265510959660816,38.73448904033918,38.05196623945345,71.33250104525192,3.998611300464444,19.63497171444233,-15.636360413977885,41.08666476266486,26.179850598765835,0.0,0.0,0.0,0.0,19.07,19.34,0.0,0.0,-0.5108247387746339,-2.513320029307259,False,False,False,False,28.323193751862835,30.31041443621701,False,False
1788239040.0,2026-09-01 13:04:00+08:00,19.14,19.16,19.14,19.16,27.889997449189384,30.60825133070911,46.77215381231045,53.22784618768955,10.126157283283916,5.712255476664561,3,45.149892042201486,63.93287480171777,18.97919117647066,19.055922931541847,61.265510959660816,38.73448904033918,38.05196623945345,71.33250104525192,3.998611300464444,19.63497171444233,-15.636360413977885,39.95845354481549,25.513780890690285,0.0,0.0,0.0,0.0,19.07,19.3,0.0,0.0,-0.43319630267345133,-1.128211217849369,False,False,False,False,27.889997449189384,30.06114848149439,False,False
1788239160.0,2026-09-01 13:06:00+08:00,19.16,19.18,19.16,19.18,27.581316452973592,34.14383530196784,49.43629394449876,50.56370605550124,16.10630592566265,16.15952760996866,4,45.149892042201486,63.93287480171777,18.97919117647066,19.055922931541847,61.265510959660816,38.73448904033918,38.05196623945345,71.33250104525192,3.998611300464444,19.63497171444233,-15.636360413977885,39.95845354481549,25.513780890690285,0.0,0.0,0.0,0.0,19.07,19.3,0.0,0.0,-0.3086809962157915,0.0,False,False,False,False,27.581316452973592,29.76008834935297,False,False
1788239160.001,2026-09-01 13:06:00.000999928+08:00,19.16,19.16,19.14,19.14,27.25827120646537,37.199832033387096,49.572450335637264,50.427549664362736,13.010498017197452,18.090764439211476,2,45.149892042201486,63.93287480171777,18.97919117647066,19.055922931541847,61.265510959660816,38.73448904033918,38.05196623945345,71.33250104525192,3.998611300464444,19.63497171444233,-15.636360413977885,39.95845354481549,25.513780890690285,0.0,0.0,0.0,0.0,19.07,19.3,0.0,0.0,-0.3230452465082223,0.0,False,False,False,False,27.25827120646537,29.36256728434614,False,False
1788239760.0,2026-09-01 13:16:00+08:00,19.14,19.17,19.12,19.12,26.86878053148178,39.11772018120239,43.21221793349169,56.78778206650831,-32.526640321693584,47.87017364642759,1,45.72452478092644,64.36592451715728,18.990441176470657,19.05673464366581,60.955417671420406,39.04458232857959,38.05196623945345,71.33250104525192,3.998611300464444,19.63497171444233,-15.636360413977885,37.81052133517591,24.91814895716724,0.0,0.0,0.0,0.0,19.07,19.21,0.5746327387249508,0.0,-0.38949067498359113,-2.1479322096395776,False,False,False,False,26.86878053148178,28.83401849063747,False,False
1788240000.0,2026-09-01 13:20:00+08:00,19.12,19.12,19.1,19.1,26.372070076290218,39.08432488467018,42.08926223322775,57.91073776677225,-42.42270517796745,69.88427885782771,1,46.22551283031031,64.43328063682152,19.001176470588305,19.05716514472386,64.59825731936719,35.401742680632815,38.05196623945345,71.33250104525192,3.998611300464444,19.63497171444233,-15.636360413977885,36.65618089178793,23.803876500264973,0.0,0.0,0.0,0.0,19.07,19.21,0.5009880493838708,0.0,-0.4967104551915611,-1.15434044338798,False,False,False,False,26.372070076290218,28.323193751862835,False,False
1788240480.0,2026-09-01 13:28:00+08:00,19.1,19.1,19.08,19.08,25.736780864819927,37.19664246990445,38.49464516411661,61.50535483588339,-60.318200859306415,85.86046103869948,0,46.22551283031031,64.43328063682152,19.001176470588305,19.05716514472386,64.59825731936719,35.401742680632815,39.19252725654542,71.32746920956119,-5.630504305898701,8.100842043064224,-13.731346348962926,35.509150063315126,22.360748146267547,0.0,0.0,1.0,0.0,19.07,19.21,0.0,1.1405610170919687,-0.6352892114702904,-1.1470308284728077,False,False,False,False,25.736780864819927,27.889997449189384,False,False
1788240600.0,2026-09-01 13:30:00+08:00,19.1,19.12,19.1,19.12,25.114294894679222,35.87358983001175,42.98953805774705,57.01046194225295,-41.43359692048991,53.3025684237165,2,46.67923179201885,64.39423685860001,19.01330882352948,19.05779036716442,63.78859097222483,36.21140902777517,39.19252725654542,71.32746920956119,-5.630504305898701,8.100842043064224,-13.731346348962926,35.509150063315126,22.360748146267547,0.0,0.0,1.0,0.0,19.07,19.21,0.45371896170853887,0.0,-0.6224859701407048,0.0,False,False,False,False,25.114294894679222,27.581316452973592,False,False
1788241080.0,2026-09-01 13:38:00+08:00,19.12,19.14,19.09,19.14,24.566660195029694,35.60131085362836,44.63882607356883,55.36117392643117,-25.775885049985416,24.7346514050393,2,46.67923179201885,64.39423685860001,19.01330882352948,19.05779036716442,63.78859097222483,36.21140902777517,39.19252725654542,71.32746920956119,-5.630504305898701,8.100842043064224,-13.731346348962926,34.437950525721305,21.369558065739376,0.0,0.0,0.0,0.0,19.07,19.21,0.0,0.0,-0.547634699649528,-1.0711995375938201,False,False,False,False,24.566660195029694,27.25827120646537,False,False
1788241080.001,2026-09-01 13:38:00.000999928+08:00,19.14,19.16,19.14,19.16,24.14249814346432,37.12534255787837,47.32021766175751,52.67978233824249,-12.121916216655206,14.50628849304465,3,46.67923179201885,64.39423685860001,19.01330882352948,19.05779036716442,63.78859097222483,36.21140902777517,39.19252725654542,71.32746920956119,-5.630504305898701,8.100842043064224,-13.731346348962926,34.437950525721305,21.369558065739376,0.0,0.0,0.0,0.0,19.07,19.21,0.0,0.0,-0.424162051565375,0.0,False,False,False,False,24.14249814346432,26.86878053148178,False,False
1788241200.0,2026-09-01 13:40:00+08:00,19.14,19.17,19.12,19.12,23.704320348771976,38.39199494230032,46.5850411173476,53.4149588826524,-17.284353291473494,31.18375767648623,2,47.11127137854244,64.48417310483947,19.026838235294186,19.058658124705072,55.30981225636356,44.69018774363644,39.19252725654542,71.32746920956119,-5.630504305898701,8.100842043064224,-13.731346348962926,33.40888259393374,20.88775306734801,0.0,0.0,0.0,0.0,19.07,19.21,0.43203958652359375,0.0,-0.4381777946923435,-1.0290679317875657,False,False,False,False,23.704320348771976,26.372070076290218,False,False
1788241800.0,2026-09-01 13:50:00+08:00,19.12,19.15,19.1,19.1,23.20114933077865,38.43745857035768,41.416354493604665,58.583645506395335,-37.0221323979405,61.42218819163145,1,47.49696009068176,64.42261405477512,19.040514705882423,19.05921874037965,54.459036214390025,45.540963785609975,39.19252725654542,71.32746920956119,-5.630504305898701,8.100842043064224,-13.731346348962926,32.36553963633383,20.209691012206456,0.0,0.0,0.0,0.0,19.08,19.21,0.38568871213932,0.0,-0.5031710179933242,-1.0433429575999114,False,False,False,False,23.20114933077865,25.736780864819927,False,False
1788242520.0,2026-09-01 14:02:00+08:00,19.1,19.1,19.08,19.08,22.59307437284891,36.62977757429552,35.54240037071362,64.45759962928638,-56.28752411342859,88.30064310889483,1,47.82519061505888,63.77618763653672,19.053088235294187,19.059326016594778,54.36719326378,45.63280673622,39.19252725654542,71.32746920956119,-5.630504305898701,8.100842043064224,-13.731346348962926,31.20486320440396,18.761257916273813,0.0,0.0,0.0,0.0,19.07,19.21,0.3282305243771191,0.0,-0.6080749579297411,-1.1606764319298684,False,False,False,False,22.59307437284891,25.114294894679222,False,False
1788242520.001,2026-09-01 14:02:00.000999928+08:00,19.08,19.08,19.06,19.06,21.87855476987576,33.61959684448583,33.09337779895188,66.90662220104812,-56.89631525541958,89.0187372332995,0,47.82519061505888,63.77618763653672,19.053088235294187,19.059326016594778,54.36719326378,45.63280673622,39.19252725654542,71.32746920956119,-5.630504305898701,8.100842043064224,-13.731346348962926,31.20486320440396,18.761257916273813,0.0,0.0,0.0,0.0,19.07,19.21,0.0,0.0,-0.7145196029731515,0.0,False,False,False,False,21.87855476987576,24.566660195029694,False,False
1788242880.0,2026-09-01 14:08:00+08:00,19.06,19.06,19.04,19.04,21.086604935163702,30.264254068028592,30.280886262924668,69.71911373707533,-60.12221799422765,90.20400046070564,0,47.82519061505888,63.77618763653672,19.053088235294187,19.059326016594778,54.36719326378,45.63280673622,40.14222318663514,70.7146204634235,-15.44617857608359,-2.0001843383391806,-13.445994237744408,29.962642542210755,17.056821280407654,0.0,0.0,0.0,0.0,19.03,19.21,0.0,0.9496959300897245,-0.7919498347120566,-1.2422206621932048,False,False,False,False,21.086604935163702,24.14249814346432,False,False
1788243000.0,2026-09-01 14:10:00+08:00,19.04,19.04,19.02,19.02,20.24110807758509,26.96526946724409,30.86687356846581,69.1331264315342,-61.82965831128036,90.81972558555609,0,48.06904245119693,62.4625585462416,19.062352941176535,19.05888496170329,57.22941302690444,42.77058697309556,40.14222318663514,70.7146204634235,-15.44617857608359,-2.0001843383391806,-13.445994237744408,29.962642542210755,17.056821280407654,0.0,0.0,0.0,0.0,19.03,19.21,0.24385183613804884,0.0,-0.8454968575786133,0.0,False,False,False,False,20.24110807758509,23.704320348771976,False,False
1788243120.0,2026-09-01 14:12:00+08:00,19.02,19.02,19.0,19.0,19.36161967994512,23.8974370913564,29.59590148744327,70.40409851255673,-62.8803353968024,91.18068083937732,0,48.06904245119693,62.4625585462416,19.062352941176535,19.05888496170329,57.22941302690444,42.77058697309556,40.14222318663514,70.7146204634235,-15.44617857608359,-2.0001843383391806,-13.445994237744408,28.668195050442588,15.346099297388204,0.0,0.0,0.0,0.0,18.99,19.21,0.0,0.0,-0.8794883976399674,-1.2944474917681674,False,False,False,False,19.36161967994512,23.20114933077865,False,False
1788243720.0,2026-09-01 14:22:00+08:00,19.0,19.0,18.98,18.98,18.464051162640395,21.124139200133705,26.68541168217503,73.31458831782497,-68.95152561091045,93.36055989537309,0,48.25204407760775,60.61288372018672,19.07036764705889,19.058547797905245,61.91815823972989,38.08184176027012,40.87771695456648,69.2699743010247,-26.790776594527205,-10.967212044011251,-15.823564550515952,28.668195050442588,15.346099297388204,0.0,0.0,0.0,0.0,18.99,19.21,0.18300162641082096,0.735493767931338,-0.8975685173047268,0.0,False,False,False,False,18.464051162640395,22.59307437284891,False,False
1788243840.0,2026-09-01 14:24:00+08:00,19.0,19.02,19.0,19.02,17.658432938266934,19.420504695190203,27.384007551590955,72.61599244840905,-59.55548714407477,91.85601332824268,0,48.25204407760775,60.61288372018672,19.07036764705889,19.058547797905245,61.91815823972989,38.08184176027012,40.87771695456648,69.2699743010247,-26.790776594527205,-10.967212044011251,-15.823564550515952,27.43815229210125,13.9154538797691,0.0,0.0,0.0,0.0,18.98,19.21,0.0,0.0,-0.8056182243734611,-1.2300427583413374,False,False,False,False,17.658432938266934,21.87855476987576,False,False
1788244080.0,2026-09-01 14:28:00+08:00,19.02,19.04,19.02,19.04,16.98636652910434,18.91810354714181,27.587514181516653,72.41248581848335,-53.24550962504964,90.87355028977058,0,48.25204407760775,60.61288372018672,19.07036764705889,19.058547797905245,61.91815823972989,38.08184176027012,40.87771695456648,69.2699743010247,-26.790776594527205,-10.967212044011251,-15.823564550515952,26.36468627923485,13.45818492192094,0.0,0.0,1.0,0.0,18.98,19.21,0.0,0.0,-0.6720664091625927,-1.073466012866401,False,False,False,False,16.98636652910434,21.086604935163702,False,False
1788244080.001,2026-09-01 14:28:00.000999928+08:00,19.04,19.06,19.04,19.06,16.477230291126425,19.689157996558976,29.9794378437799,70.02056215622011,-46.85694570447272,85.96119944488578,1,48.25204407760775,60.61288372018672,19.07036764705889,19.058547797905245,61.91815823972989,38.08184176027012,40.87771695456648,69.2699743010247,-26.790776594527205,-10.967212044011251,-15.823564550515952,26.36468627923485,13.45818492192094,0.0,0.0,1.0,0.0,18.98,19.21,0.0,0.0,-0.5091362379779163,0.0,False,False,False,False,16.477230291126425,20.24110807758509,False,False
1788244440.0,2026-09-01 14:34:00+08:00,19.04,19.04,19.02,19.02,16.01724308967446,20.17168303356792,26.0654750844508,73.9345249155492,-51.60798762358132,90.90702680076228,0,48.40014062957489,58.62696398429927,19.07830882352948,19.0583881183241,58.279768461079016,41.72023153892098,40.87771695456648,69.2699743010247,-26.790776594527205,-10.967212044011251,-15.823564550515952,26.36468627923485,13.45818492192094,0.0,0.0,1.0,0.0,18.98,19.21,0.1480965519671429,0.0,-0.45998720145196614,0.0,False,False,False,False,16.01724308967446,19.36161967994512,False,False
1788244800.0,2026-09-01 14:40:00+08:00,19.04,19.06,19.04,19.06,15.727785609692594,21.27530731326493,29.792912200140144,70.20708779985986,-34.04543692787334,70.77917369632878,1,48.529940179994334,56.72931566847359,19.086102941176534,19.05835440570396,54.98348445016674,45.01651554983326,40.87771695456648,69.2699743010247,-26.790776594527205,-10.967212044011251,-15.823564550515952,26.36468627923485,13.45818492192094,0.0,0.0,1.0,0.0,18.98,19.21,0.1297995504194418,0.0,-0.28945747998186455,0.0,False,False,False,False,15.727785609692594,18.464051162640395,False,False
1788244920.0,2026-09-01 14:42:00+08:00,19.06,19.08,19.06,19.08,15.655791027567302,23.215637326343405,30.215087594502656,69.78491240549735,-26.70833303383749,48.20565740912582,2,48.529940179994334,56.72931566847359,19.086102941176534,19.05835440570396,54.98348445016674,45.01651554983326,40.87771695456648,69.2699743010247,-26.790776594527205,-10.967212044011251,-15.823564550515952,25.380414119577196,13.769167556674237,0.0,0.0,0.0,0.0,18.98,19.2,0.0,0.0,-0.07199458212529208,-0.9842721596576531,False,False,False,False,15.655791027567302,17.658432938266934,False,False
1788245280.0,2026-09-01 14:48:00+08:00,19.06,19.06,19.04,19.04,15.642817880288318,24.5967397307162,29.192608835958843,70.80739116404115,-34.4145743766585,79.01366645066557,0,48.529940179994334,56.72931566847359,19.086102941176534,19.05835440570396,54.98348445016674,45.01651554983326,40.87771695456648,69.2699743010247,-26.790776594527205,-10.967212044011251,-15.823564550515952,25.380414119577196,13.769167556674237,0.0,0.0,0.0,0.0,18.98,19.2,0.0,0.0,-0.012973147278984243,0.0,False,False,False,False,15.642817880288318,16.98636652910434,False,False
1788245400.0,2026-09-01 14:50:00+08:00,19.06,19.08,19.06,19.08,15.837303210351946,26.418743767409204,31.423220293354515,68.57677970664548,-25.52137819230821,43.17864397858812,2,48.65490547250214,54.76092840693302,19.09198529411772,19.05839565539845,54.26905136354474,45.73094863645525,40.87771695456648,69.2699743010247,-26.790776594527205,-10.967212044011251,-15.823564550515952,25.380414119577196,13.769167556674237,0.0,0.0,0.0,0.0,18.98,19.2,0.12496529250780952,0.0,0.19448533006362823,0.0,False,False,False,False,15.642817880288318,16.477230291126425,False,False
1788312600.0,2026-09-02 09:30:00+08:00,19.06,19.06,19.04,19.04,16.05724989154412,27.520341721826384,32.08306879523637,67.91693120476363,-26.020354748434,71.01160324087235,1,48.333474806691065,51.99786490956067,19.08147058823536,19.053436494648214,100.0,0.0,36.757577446243296,33.147801245187495,-63.30261698449192,-61.38479724890877,-1.9178197355831517,24.33803001169072,13.037981479425111,0.0,0.0,0.0,0.0,18.58,19.2,-0.3214306658110786,-4.120139508323184,0.21994668119217486,-1.0423841078864768,False,False,False,False,15.642817880288318,16.05724989154412,False,False
1788312600.001,2026-09-02 09:30:00.000999928+08:00,19.04,19.04,19.02,19.02,16.219631585995753,27.58515799488766,31.00703039091341,68.99296960908659,-26.56156326033238,73.14921003898995,0,48.333474806691065,51.99786490956067,19.08147058823536,19.053436494648214,100.0,0.0,36.757577446243296,33.147801245187495,-63.30261698449192,-61.38479724890877,-1.9178197355831517,24.33803001169072,13.037981479425111,0.0,0.0,0.0,0.0,18.58,19.2,0.0,0.0,0.16238169445163209,0.0,False,False,False,False,15.642817880288318,16.219631585995753,False,False
1788312600.002,2026-09-02 09:30:00.002000093+08:00,19.02,19.02,19.0,19.0,16.27209885900743,26.55165887851281,29.083713491710217,70.91628650828979,-27.147819682092265,73.56556280631943,0,48.333474806691065,51.99786490956067,19.08147058823536,19.053436494648214,100.0,0.0,36.757577446243296,33.147801245187495,-63.30261698449192,-61.38479724890877,-1.9178197355831517,24.33803001169072,13.037981479425111,0.0,0.0,0.0,0.0,18.58,19.2,0.0,0.0,0.05246727301167553,0.0,False,False,False,False,15.642817880288318,16.27209885900743,False,False
1788312600.003,2026-09-02 09:30:00.003000021+08:00,19.0,19.0,18.98,18.98,16.147816700190116,24.49789790874408,28.338002241914054,71.66199775808595,-27.781984905307866,74.01046609171559,0,48.333474806691065,51.99786490956067,19.08147058823536,19.053436494648214,100.0,0.0,36.757577446243296,33.147801245187495,-63.30261698449192,-61.38479724890877,-1.9178197355831517,24.33803001169072,13.037981479425111,0.0,0.0,0.0,0.0,18.58,19.2,0.0,0.0,-0.1242821588173122,0.0,False,False,False,False,15.642817880288318,16.27209885900743,False,False
1788312600.004,2026-09-02 09:30:00.003999949+08:00,18.98,18.98,18.96,18.96,15.884124607456028,22.12760504510182,28.36475950888157,71.63524049111842,-28.466935714333296,74.48564684526664,0,48.333474806691065,51.99786490956067,19.08147058823536,19.053436494648214,100.0,0.0,36.757577446243296,33.147801245187495,-63.30261698449192,-61.38479724890877,-1.9178197355831517,24.33803001169072,13.037981479425111,0.0,0.0,0.0,0.0,18.58,19.2,0.0,0.0,-0.2636920927340878,0.0,False,False,False,False,15.837303210351946,16.27209885900743,False,False
1788312600.005,2026-09-02 09:30:00.005000114+08:00,18.96,18.96,18.94,18.94,15.512164323367102,19.769317266985936,28.483652580363245,71.51634741963676,-29.20552985172283,74.99282058669378,0,48.333474806691065,51.99786490956067,19.08147058823536,19.053436494648214,100.0,0.0,36.757577446243296,33.147801245187495,-63.30261698449192,-61.38479724890877,-1.9178197355831517,24.33803001169072,13.037981479425111,0.0,0.0,0.0,0.0,18.58,19.2,0.0,0.0,-0.37196028408892623,0.0,False,False,False,False,15.512164323367102,16.27209885900743,False,False
1788312600.006,2026-09-02 09:30:00.006000042+08:00,18.94,18.94,18.92,18.92,15.057826910282374,17.56630863421747,28.603546546080395,71.3964534539196,-30.00056485032469,75.53366670464695,0,48.333474806691065,51.99786490956067,19.08147058823536,19.053436494648214,100.0,0.0,36.757577446243296,33.147801245187495,-63.30261698449192,-61.38479724890877,-1.9178197355831517,24.33803001169072,13.037981479425111,0.0,0.0,0.0,0.0,18.58,19.2,0.0,0.0,-0.45433741308472797,0.0,False,False,False,False,15.057826910282374,16.27209885900743,False,False
1788312600.007,2026-09-02 09:30:00.006999969+08:00,18.92,18.92,18.9,18.9,14.542560123232464,15.571507378954207,28.724454098410696,71.27554590158931,-30.85473043828101,76.10979989974422,0,48.333474806691065,51.99786490956067,19.08147058823536,19.053436494648214,100.0,0.0,36.757577446243296,33.147801245187495,-63.30261698449192,-61.38479724890877,-1.9178197355831517,24.33803001169072,13.037981479425111,0.0,0.0,0.0,0.0,18.58,19.2,0.0,0.0,-0.5152667870499101,0.0,False,False,False,False,14.542560123232464,16.27209885900743,False,False
1788312600.008,2026-09-02 09:30:00.007999897+08:00,18.9,18.9,18.880000000000003,18.880000000000003,13.984056352690368,13.794818218678053,27.62464269694682,72.37535730305318,-31.77055452618832,76.72273777690705,0,48.333474806691065,51.99786490956067,19.08147058823536,19.053436494648214,100.0,0.0,36.757577446243296,33.147801245187495,-63.30261698449192,-61.38479724890877,-1.9178197355831517,24.33803001169072,13.037981479425111,0.0,0.0,0.0,0.0,18.58,19.2,0.0,0.0,-0.5585037705420959,0.0,True,False,False,False,13.984056352690368,16.147816700190116,False,False
1788312600.009,2026-09-02 09:30:00.009000063+08:00,18.88,18.88,18.86,18.86,13.39683849090492,12.226607277225533,26.77355858163323,73.22644141836676,-32.750343046004545,77.3738647487431,0,48.333474806691065,51.99786490956067,19.08147058823536,19.053436494648214,100.0,0.0,36.757577446243296,33.147801245187495,-63.30261698449192,-61.38479724890877,-1.9178197355831517,24.33803001169072,13.037981479425111,0.0,0.0,0.0,0.0,18.58,19.2,0.0,0.0,-0.5872178617854491,0.0,False,False,False,False,13.39683849090492,15.884124607456028,False,False
1788312600.01,2026-09-02 09:30:00.009999990+08:00,18.86,18.86,18.84,18.84,12.792758575495023,10.85434795567564,25.94405930280881,74.05594069719119,-33.79611422989376,78.0643926028913,0,48.333474806691065,51.99786490956067,19.08147058823536,19.053436494648214,100.0,0.0,36.757577446243296,33.147801245187495,-63.30261698449192,-61.38479724890877,-1.9178197355831517,24.33803001169072,13.037981479425111,0.0,0.0,0.0,0.0,18.58,19.2,0.0,0.0,-0.6040799154098959,0.0,False,False,False,False,12.792758575495023,15.512164323367102,False,False
1788312600.011,2026-09-02 09:30:00.010999918+08:00,18.84,18.84,18.82,18.82,12.181421922663729,9.6541915557285,25.98596311113251,74.0140368888675,-34.90952829052896,78.79531831024147,0,48.333474806691065,51.99786490956067,19.08147058823536,19.053436494648214,100.0,0.0,36.757577446243296,33.147801245187495,-63.30261698449192,-61.38479724890877,-1.9178197355831517,24.33803001169072,13.037981479425111,0.0,0.0,0.0,0.0,18.58,19.2,0.0,0.0,-0.6113366528312945,0.0,False,False,False,False,12.181421922663729,15.057826910282374,False,False
1788312600.012,2026-09-02 09:30:00.012000084+08:00,18.82,18.82,18.8,18.8,11.57054762834225,8.604693856210684,28.4968426833956,71.5031573166044,-36.09181388302968,79.5673799021345,0,48.333474806691065,51.99786490956067,19.08147058823536,19.053436494648214,100.0,0.0,36.757577446243296,33.147801245187495,-63.30261698449192,-61.38479724890877,-1.9178197355831517,24.33803001169072,13.037981479425111,0.0,0.0,0.0,0.0,18.58,19.2,0.0,0.0,-0.6108742943214782,0.0,False,False,False,False,11.57054762834225,14.542560123232464,False,False
1788312600.013,2026-09-02 09:30:00.013000011+08:00,18.8,18.8,18.78,18.78,10.966274744817582,7.686808284636701,29.558398145424945,70.44160185457505,-37.343693176275536,80.3810115131877,0,48.333474806691065,51.99786490956067,19.08147058823536,19.053436494648214,100.0,0.0,36.757577446243296,33.147801245187495,-63.30261698449192,-61.38479724890877,-1.9178197355831517,24.33803001169072,13.037981479425111,0.0,0.0,0.0,0.0,18.58,19.2,0.0,0.0,-0.6042728835246685,0.0,False,False,False,False,10.966274744817582,13.984056352690368,False,False
1788312600.014,2026-09-02 09:30:00.013999939+08:00,18.78,18.78,18.76,18.76,10.37342209522838,6.883743841644866,33.169071085813165,66.83092891418684,-38.6653078135892,81.23629895774151,0,48.333474806691065,51.99786490956067,19.08147058823536,19.053436494648214,100.0,0.0,36.757577446243296,33.147801245187495,-63.30261698449192,-61.38479724890877,-1.9178197355831517,24.33803001169072,13.037981479425111,0.0,0.0,0.0,0.0,18.58,19.2,0.0,0.0,-0.5928526495892026,0.0,False,False,False,False,10.37342209522838,13.39683849090492,False,False
1788312600.015,2026-09-02 09:30:00.015000105+08:00,18.76,18.76,18.74,18.74,9.79570853642036,6.180767742836567,29.64386737143487,70.35613262856513,-40.05614846762784,82.13293746283094,0,48.333474806691065,51.99786490956067,19.08147058823536,19.053436494648214,100.0,0.0,36.757577446243296,33.147801245187495,-63.30261698449192,-61.38479724890877,-1.9178197355831517,24.33803001169072,13.037981479425111,0.0,0.0,0.0,0.0,18.58,19.2,0.0,0.0,-0.5777135588080196,0.0,False,False,False,False,9.79570853642036,12.792758575495023,False,False
1788312600.016,2026-09-02 09:30:00.016000032+08:00,18.74,18.74,18.72,18.72,9.23593949434438,5.564992988700226,25.91869761502286,74.08130238497714,-41.51499105272323,83.070193395626,0,48.333474806691065,51.99786490956067,19.08147058823536,19.053436494648214,100.0,0.0,36.757577446243296,33.147801245187495,-63.30261698449192,-61.38479724890877,-1.9178197355831517,24.33803001169072,13.037981479425111,0.0,0.0,0.0,0.0,18.58,19.2,0.0,0.0,-0.5597690420759793,0.0,False,False,False,False,9.23593949434438,12.181421922663729,False,False
1788312600.017,2026-09-02 09:30:00.016999960+08:00,18.72,18.72,18.7,18.7,8.696164751729373,5.025170570561368,21.815139529195296,78.18486047080471,-43.03984290604893,84.0468719721678,0,48.333474806691065,51.99786490956067,19.08147058823536,19.053436494648214,100.0,0.0,36.757577446243296,33.147801245187495,-63.30261698449192,-61.38479724890877,-1.9178197355831517,24.33803001169072,13.037981479425111,0.0,0.0,0.0,0.0,18.58,19.2,0.0,0.0,-0.5397747426150072,0.0,False,False,False,False,8.696164751729373,11.57054762834225,False,False
1788312600.018,2026-09-02 09:30:00.017999887+08:00,18.7,18.7,18.68,18.68,8.177811744834475,4.55645789771712,22.37257942003926,77.62742057996074,-44.627902341826456,85.06129298992802,0,48.333474806691065,51.99786490956067,19.08147058823536,19.053436494648214,100.0,0.0,36.757577446243296,33.147801245187495,-63.30261698449192,-61.38479724890877,-1.9178197355831517,24.33803001169072,13.037981479425111,0.0,0.0,0.0,0.0,18.58,19.2,0.0,0.0,-0.5183530068948983,0.0,False,False,False,False,8.177811744834475,10.966274744817582,False,False
1788312600.019,2026-09-02 09:30:00.019000053+08:00,18.68,18.68,18.66,18.66,7.681798007256551,4.159989889388478,25.93622972827584,74.06377027172417,-46.27553487889349,86.11127656438504,0,48.333474806691065,51.99786490956067,19.08147058823536,19.053436494648214,100.0,0.0,36.757577446243296,33.147801245187495,-63.30261698449192,-61.38479724890877,-1.9178197355831517,24.33803001169072,13.037981479425111,0.0,0.0,0.0,0.0,18.58,19.2,0.0,0.0,-0.49601373757792455,0.0,False,False,False,False,7.681798007256551,10.37342209522838,False,False
1788312600.02,2026-09-02 09:30:00.019999981+08:00,18.66,18.66,18.64,18.64,7.208625869110279,3.822803023589998,35.53917916127859,64.46082083872142,-47.9782691093539,87.19414065024901,0,48.333474806691065,51.99786490956067,19.08147058823536,19.053436494648214,100.0,0.0,36.757577446243296,33.147801245187495,-63.30261698449192,-61.38479724890877,-1.9178197355831517,24.33803001169072,13.037981479425111,0.0,0.0,0.0,0.0,18.58,19.2,0.0,0.0,-0.47317213814627124,0.0,False,False,False,False,7.208625869110279,9.79570853642036,False,False
1788312600.021,2026-09-02 09:30:00.020999908+08:00,18.64,18.64,18.62,18.62,6.758462066615183,3.529460610475823,35.90602451379564,64.09397548620436,-49.73081459827992,88.30671178131794,0,48.333474806691065,51.99786490956067,19.08147058823536,19.053436494648214,100.0,0.0,36.757577446243296,33.147801245187495,-63.30261698449192,-61.38479724890877,-1.9178197355831517,24.33803001169072,13.037981479425111,0.0,0.0,0.0,0.0,18.58,19.2,0.0,0.0,-0.450163802495096,0.0,False,False,False,False,6.758462066615183,9.23593949434438,False,False
1788312600.022,2026-09-02 09:30:00.022000074+08:00,18.62,18.62,18.6,18.6,6.331204529255666,3.2706857231548487,38.96633935426511,61.03366064573489,-51.52710338616657,88.5290879402846,0,48.333474806691065,51.99786490956067,19.08147058823536,19.053436494648214,100.0,0.0,36.757577446243296,33.147801245187495,-63.30261698449192,-61.38479724890877,-1.9178197355831517,24.33803001169072,13.037981479425111,0.0,0.0,0.0,0.0,18.58,19.2,0.0,0.0,-0.42725753735951777,0.0,False,False,False,False,6.331204529255666,8.696164751729373,False,False
1788312600.023,2026-09-02 09:30:00.023000002+08:00,18.6,18.6,18.58,18.58,5.926538279834257,3.040447505506216,40.746218203329605,59.2537817966704,-53.31606306544669,88.58825447663418,0,48.333474806691065,51.99786490956067,19.08147058823536,19.053436494648214,100.0,0.0,36.757577446243296,33.147801245187495,-63.30261698449192,-61.38479724890877,-1.9178197355831517,24.33803001169072,13.037981479425111,0.0,0.0,0.0,0.0,18.58,19.2,0.0,0.0,-0.4046662494214086,0.0,False,False,False,False,5.926538279834257,8.177811744834475,False,False
1788312600.024,2026-09-02 09:30:00.023999929+08:00,18.58,18.58,18.56,18.56,5.543982098867888,2.834489271725028,41.78981581798476,58.21018418201524,-55.13735328838262,88.64725242774904,0,48.333474806691065,51.99786490956067,19.08147058823536,19.053436494648214,100.0,0.0,36.757577446243296,33.147801245187495,-63.30261698449192,-61.38479724890877,-1.9178197355831517,24.33803001169072,13.037981479425111,0.0,0.0,0.0,0.0,18.58,19.2,0.0,0.0,-0.3825561809663691,0.0,False,False,False,False,5.543982098867888,7.681798007256551,False,False
1788312600.025,2026-09-02 09:30:00.025000095+08:00,18.56,18.56,18.54,18.54,5.182927361987842,2.6495780436585865,52.24859124403979,47.75140875596021,-56.98339088143042,88.70608251313766,0,48.333474806691065,51.99786490956067,19.08147058823536,19.053436494648214,100.0,0.0,36.757577446243296,33.147801245187495,-63.30261698449192,-61.38479724890877,-1.9178197355831517,24.33803001169072,13.037981479425111,0.0,0.0,0.0,0.0,18.58,19.2,0.0,0.0,-0.3610547368800461,0.0,False,False,False,False,5.182927361987842,7.208625869110279,False,False
1788312600.026,2026-09-02 09:30:00.026000023+08:00,18.54,18.54,18.52,18.52,4.842670251389561,2.4831156162667325,47.42709616851484,52.57290383148516,-58.84615864459073,88.7647454482199,0,48.333474806691065,51.99786490956067,19.08147058823536,19.053436494648214,100.0,0.0,36.757577446243296,33.147801245187495,-63.30261698449192,-61.38479724890877,-1.9178197355831517,24.33803001169072,13.037981479425111,0.0,0.0,0.0,0.0,18.58,19.2,0.0,0.0,-0.340257110598281,0.0,False,False,False,False,4.842670251389561,6.758462066615183,False,False
1788312720.0,2026-09-02 09:32:00+08:00,18.52,18.52,18.5,18.5,4.522438364878791,2.3329313422817024,41.57848063848646,58.42151936151354,-68.31308117245072,89.12891817850918,0,48.333474806691065,51.99786490956067,19.08147058823536,19.053436494648214,100.0,0.0,36.757577446243296,33.147801245187495,-63.30261698449192,-61.38479724890877,-1.9178197355831517,19.09907485329054,8.161443151158402,0.0,0.0,0.0,0.0,18.5,19.19,0.0,0.0,-0.3202318865107694,-5.238955158400181,False,False,False,False,4.522438364878791,6.331204529255666,False,False
1788312720.001,2026-09-02 09:32:00.000999928+08:00,18.52,18.54,18.52,18.54,4.279721632241716,2.496017370361594,38.32230682811126,61.67769317188874,-61.36033081422914,89.0100980345273,0,48.333474806691065,51.99786490956067,19.08147058823536,19.053436494648214,100.0,0.0,36.757577446243296,33.147801245187495,-63.30261698449192,-61.38479724890877,-1.9178197355831517,19.09907485329054,8.161443151158402,0.0,0.0,0.0,0.0,18.5,19.19,0.0,0.0,-0.24271673263707516,0.0,False,False,False,False,4.279721632241716,5.926538279834257,False,False
1788312720.002,2026-09-02 09:32:00.002000093+08:00,18.54,18.56,18.54,18.56,4.132904312178767,3.028018516039953,45.20134950829074,54.79865049170926,-54.34691784053791,88.8916341966537,0,48.333474806691065,51.99786490956067,19.08147058823536,19.053436494648214,100.0,0.0,36.757577446243296,33.147801245187495,-63.30261698449192,-61.38479724890877,-1.9178197355831517,19.09907485329054,8.161443151158402,0.0,0.0,0.0,0.0,18.5,19.19,0.0,0.0,-0.146817320062949,0.0,False,False,False,False,4.132904312178767,5.543982098867888,False,False
1788312840.0,2026-09-02 09:34:00+08:00,18.56,18.58,18.56,18.58,4.093925236722277,3.9264314775741225,34.77443609022545,65.22556390977455,-25.091042242980304,73.37184946410447,0,48.333474806691065,51.99786490956067,19.08147058823536,19.053436494648214,100.0,0.0,35.33105721172389,28.940787597206786,-64.10384009881206,-62.632755602980325,-1.4710844958317324,16.413642993301536,6.920712721563978,0.0,0.0,0.0,0.0,18.49,19.17,0.0,-1.4265202345194083,-0.038979075456490264,-2.685431859989002,False,False,False,False,4.093925236722277,5.182927361987842,False,False
1788312840.001,2026-09-02 09:34:00.000999928+08:00,18.56,18.56,18.54,18.54,4.081150336914601,4.622139217616748,25.907330368670102,74.0926696313299,-27.33025871324421,74.76018319368306,0,48.333474806691065,51.99786490956067,19.08147058823536,19.053436494648214,100.0,0.0,35.33105721172389,28.940787597206786,-64.10384009881206,-62.632755602980325,-1.4710844958317324,16.413642993301536,6.920712721563978,0.0,0.0,0.0,0.0,18.49,19.17,0.0,0.0,-0.012774899807675766,0.0,False,True,False,False,4.081150336914601,4.842670251389561,False,False
1788312840.002,2026-09-02 09:34:00.002000093+08:00,18.54,18.54,18.52,18.52,4.05935017312557,4.934974462583558,34.230477634571486,65.76952236542851,-29.643697527513982,76.19295411585377,0,48.333474806691065,51.99786490956067,19.08147058823536,19.053436494648214,100.0,0.0,35.33105721172389,28.940787597206786,-64.10384009881206,-62.632755602980325,-1.4710844958317324,16.413642993301536,6.920712721563978,0.0,0.0,0.0,0.0,18.49,19.17,0.0,0.0,-0.021800163789031046,0.0,False,False,False,False,4.05935017312557,4.522438364878791,False,False
1788312960.0,2026-09-02 09:36:00+08:00,18.54,18.56,18.51,18.56,4.090613096218371,5.303283228405196,21.77143733148158,78.22856266851842,-16.47064360440448,68.01815569168095,0,48.333474806691065,51.99786490956067,19.08147058823536,19.053436494648214,100.0,0.0,35.33105721172389,28.940787597206786,-64.10384009881206,-62.632755602980325,-1.4710844958317324,14.977040498299983,7.201956294699425,0.0,0.0,0.0,0.0,18.49,19.17,0.0,0.0,0.03126292309280121,-1.4366024950015532,False,False,False,False,4.05935017312557,4.279721632241716,False,False
1788312960.001,2026-09-02 09:36:00.000999928+08:00,18.56,18.58,18.56,18.58,4.193802900171154,6.034704849823612,26.42393766715635,73.57606233284365,-4.761395197102536,60.72350699173786,0,48.333474806691065,51.99786490956067,19.08147058823536,19.053436494648214,100.0,0.0,35.33105721172389,28.940787597206786,-64.10384009881206,-62.632755602980325,-1.4710844958317324,14.977040498299983,7.201956294699425,0.0,0.0,0.0,0.0,18.49,19.17,0.0,0.0,0.10318980395278299,0.0,False,False,False,False,4.05935017312557,4.193802900171154,False,False
1788312960.002,2026-09-02 09:36:00.002000093+08:00,18.56,18.56,18.54,18.54,4.2931636629193415,6.576461571927646,26.681987689212587,73.31801231078741,-7.12461975714577,62.17480312095815,0,48.333474806691065,51.99786490956067,19.08147058823536,19.053436494648214,100.0,0.0,35.33105721172389,28.940787597206786,-64.10384009881206,-62.632755602980325,-1.4710844958317324,14.977040498299983,7.201956294699425,0.0,0.0,0.0,0.0,18.49,19.17,0.0,0.0,0.09936076274818717,0.0,False,False,False,False,4.05935017312557,4.2931636629193415,False,False
1788312960.003,2026-09-02 09:36:00.003000021+08:00,18.54,18.54,18.52,18.52,4.358898871677554,6.738895769120239,26.945127530103655,73.05487246989634,-9.592306575488175,63.68872381550258,0,48.333474806691065,51.99786490956067,19.08147058823536,19.053436494648214,100.0,0.0,35.33105721172389,28.940787597206786,-64.10384009881206,-62.632755602980325,-1.4710844958317324,14.977040498299983,7.201956294699425,0.0,0.0,0.0,0.0,18.49,19.17,0.0,0.0,0.0657352087582126,0.0,False,False,False,False,4.05935017312557,4.358898871677554,False,False
1788312960.004,2026-09-02 09:36:00.003999949+08:00,18.52,18.52,18.5,18.5,4.366740171794524,6.446208346313224,27.213509278307374,72.78649072169263,-12.159605271702771,65.26235897231412,0,48.333474806691065,51.99786490956067,19.08147058823536,19.053436494648214,100.0,0.0,35.33105721172389,28.940787597206786,-64.10384009881206,-62.632755602980325,-1.4710844958317324,14.977040498299983,7.201956294699425,0.0,0.0,0.0,0.0,18.49,19.17,0.0,0.0,0.007841300116969485,0.0,False,False,False,False,4.05935017312557,4.366740171794524,False,False
1788313080.0,2026-09-02 09:38:00+08:00,18.5,18.5,18.48,18.48,4.3284226333999225,5.97937504513545,24.343889566328,75.656110433672,-34.78907057299252,79.20598531684847,0,48.333474806691065,51.99786490956067,19.08147058823536,19.053436494648214,100.0,0.0,35.33105721172389,28.940787597206786,-64.10384009881206,-62.632755602980325,-1.4710844958317324,13.087224199780096,6.913874634214855,0.0,0.0,0.0,0.0,18.48,19.11,0.0,0.0,-0.03831753839460106,-1.8898162985198876,False,False,False,False,4.090613096218371,4.366740171794524,False,False
1788313080.001,2026-09-02 09:38:00.000999928+08:00,18.5,18.52,18.5,18.52,4.312911519329478,5.849099822773189,26.56521392235845,73.43478607764155,-28.161298309448014,75.10506675675569,0,48.333474806691065,51.99786490956067,19.08147058823536,19.053436494648214,100.0,0.0,35.33105721172389,28.940787597206786,-64.10384009881206,-62.632755602980325,-1.4710844958317324,13.087224199780096,6.913874634214855,0.0,0.0,0.0,0.0,18.48,19.11,0.0,0.0,-0.015511114070444698,0.0,False,False,False,False,4.193802900171154,4.366740171794524,False,False
1788313080.002,2026-09-02 09:38:00.002000093+08:00,18.52,18.54,18.52,18.54,4.345287782156913,6.21963058428997,28.774557269712727,71.22544273028727,-21.58494142166118,71.03539099808735,0,48.333474806691065,51.99786490956067,19.08147058823536,19.053436494648214,100.0,0.0,35.33105721172389,28.940787597206786,-64.10384009881206,-62.632755602980325,-1.4710844958317324,13.087224199780096,6.913874634214855,0.0,0.0,0.0,0.0,18.48,19.11,0.0,0.0,0.032376262827435554,0.0,False,False,False,False,4.2931636629193415,4.366740171794524,False,False
1788313200.0,2026-09-02 09:40:00+08:00,18.52,18.52,18.5,18.5,4.35629402137141,6.410360630824044,24.56057499095089,75.4394250090491,-46.81361351325933,86.72313581819006,0,47.66659501809588,48.53551840451578,19.06786764705889,19.04768090763679,100.0,0.0,35.33105721172389,28.940787597206786,-64.10384009881206,-62.632755602980325,-1.4710844958317324,12.515822083623627,6.788164045501591,0.0,0.0,0.0,0.0,18.48,19.08,-0.6668797885951818,0.0,0.011006239214496283,-0.5714021161564684,False,False,False,False,4.312911519329478,4.366740171794524,False,False
1788313200.001,2026-09-02 09:40:00.000999928+08:00,18.52,18.54,18.52,18.54,4.409333254139493,6.962790605708355,27.29531719517556,72.70468280482444,-37.540624739855424,80.9630760323559,0,47.66659501809588,48.53551840451578,19.06786764705889,19.04768090763679,100.0,0.0,35.33105721172389,28.940787597206786,-64.10384009881206,-62.632755602980325,-1.4710844958317324,12.515822083623627,6.788164045501591,0.0,0.0,0.0,0.0,18.48,19.08,0.0,0.0,0.05303923276808309,0.0,False,False,False,False,4.312911519329478,4.409333254139493,False,False
1788313200.002,2026-09-02 09:40:00.002000093+08:00,18.54,18.56,18.54,18.56,4.524863150061139,8.055587581754782,29.955563345827716,70.04443665417229,-28.605403554922304,75.40665409110424,0,47.66659501809588,48.53551840451578,19.06786764705889,19.04768090763679,100.0,0.0,35.33105721172389,28.940787597206786,-64.10384009881206,-62.632755602980325,-1.4710844958317324,12.515822083623627,6.788164045501591,0.0,0.0,0.0,0.0,18.48,19.08,0.0,0.0,0.11552989592164664,0.0,False,False,False,False,4.312911519329478,4.524863150061139,False,False
1788313320.0,2026-09-02 09:42:00+08:00,18.54,18.54,18.52,18.52,4.631563333587247,8.90091098231597,28.010497513405543,71.98950248659446,-40.65394478041132,82.92906218721498,0,47.66659501809588,48.53551840451578,19.06786764705889,19.04768090763679,100.0,0.0,33.83514256372146,25.229312792716154,-64.70374508977922,-63.58437028190544,-1.1193748078737755,11.998452609945833,6.7057684248664575,0.0,0.0,0.0,0.0,18.48,19.08,0.0,-1.495914648002426,0.10670018352610722,-0.5173694736777943,False,False,False,False,4.312911519329478,4.631563333587247,False,False
1788313320.001,2026-09-02 09:42:00.000999928+08:00,18.52,18.52,18.5,18.5,4.702143511475635,9.215648377937246,26.30262330948177,73.69737669051823,-49.94579820197904,88.79336650024597,0,47.66659501809588,48.53551840451578,19.06786764705889,19.04768090763679,100.0,0.0,33.83514256372146,25.229312792716154,-64.70374508977922,-63.58437028190544,-1.1193748078737755,11.998452609945833,6.7057684248664575,0.0,0.0,0.0,0.0,18.48,19.08,0.0,0.0,0.07058017788838811,0.0,False,False,False,False,4.345287782156913,4.702143511475635,False,False
1788313440.0,2026-09-02 09:44:00+08:00,18.5,18.5,18.48,18.48,4.71033851518807,8.870846663350825,24.549733466838003,75.450266533162,-58.147788596643046,89.15008649672431,0,47.66659501809588,48.53551840451578,19.06786764705889,19.04768090763679,100.0,0.0,33.83514256372146,25.229312792716154,-64.70374508977922,-63.58437028190544,-1.1193748078737755,10.980214350895514,6.287031957203802,0.0,0.0,0.0,0.0,18.47,19.08,0.0,0.0,0.008195003712435422,-1.0182382590503192,False,False,False,False,4.35629402137141,4.71033851518807,False,False
1788313440.001,2026-09-02 09:44:00.000999928+08:00,18.48,18.48,18.46,18.46,4.668796390436865,8.268014024003076,23.01588241231286,76.98411758768714,-64.53948876049559,89.46921991004423,0,47.66659501809588,48.53551840451578,19.06786764705889,19.04768090763679,100.0,0.0,33.83514256372146,25.229312792716154,-64.70374508977922,-63.58437028190544,-1.1193748078737755,10.980214350895514,6.287031957203802,0.0,0.0,0.0,0.0,18.47,19.08,0.0,0.0,-0.041542124751205556,0.0,False,False,False,False,4.409333254139493,4.71033851518807,False,False
1788313560.0,2026-09-02 09:46:00+08:00,18.46,18.46,18.44,18.44,4.588091470834509,7.5976561768538,22.66682033515008,77.33317966484992,-66.64027011896297,89.58756868757541,0,47.66659501809588,48.53551840451578,19.06786764705889,19.04768090763679,100.0,0.0,33.83514256372146,25.229312792716154,-64.70374508977922,-63.58437028190544,-1.1193748078737755,10.457009931138156,5.814912990665132,0.0,0.0,0.0,0.0,18.43,19.08,0.0,0.0,-0.08070491960235593,-0.5232044197573575,False,False,False,False,4.524863150061139,4.71033851518807,False,False
1788313560.001,2026-09-02 09:46:00.000999928+08:00,18.44,18.44,18.42,18.42,4.47703968308126,6.946241658300248,22.32818792827976,77.67181207172024,-68.68122460448093,89.70522832693645,0,47.66659501809588,48.53551840451578,19.06786764705889,19.04768090763679,100.0,0.0,33.83514256372146,25.229312792716154,-64.70374508977922,-63.58437028190544,-1.1193748078737755,10.457009931138156,5.814912990665132,0.0,0.0,0.0,0.0,18.43,19.08,0.0,0.0,-0.1110517877532482,0.0,False,False,False,False,4.47703968308126,4.71033851518807,False,False
1788313560.002,2026-09-02 09:46:00.002000093+08:00,18.42,18.42,18.4,18.4,4.342967447082948,6.349475317612976,21.99952462814848,78.00047537185152,-70.65602166830163,89.82220482987171,0,47.66659501809588,48.53551840451578,19.06786764705889,19.04768090763679,100.0,0.0,33.83514256372146,25.229312792716154,-64.70374508977922,-63.58437028190544,-1.1193748078737755,10.457009931138156,5.814912990665132,0.0,0.0,0.0,0.0,18.43,19.08,0.0,0.0,-0.1340722359983122,0.0,False,False,False,False,4.342967447082948,4.71033851518807,False,False
1788313560.003,2026-09-02 09:46:00.003000021+08:00,18.4,18.4,18.380000000000003,18.380000000000003,4.191940897542628,5.818755791774708,21.68039659518776,78.31960340481224,-72.55931339409946,89.93850412863458,0,47.66659501809588,48.53551840451578,19.06786764705889,19.04768090763679,100.0,0.0,33.83514256372146,25.229312792716154,-64.70374508977922,-63.58437028190544,-1.1193748078737755,10.457009931138156,5.814912990665132,0.0,0.0,0.0,0.0,18.43,19.08,0.0,0.0,-0.1510265495403198,0.0,False,False,False,False,4.191940897542628,4.71033851518807,False,False
1788313560.004,2026-09-02 09:46:00.003999949+08:00,18.4,18.42,18.4,18.42,4.087270223589547,5.937583914622026,23.697733458918147,76.30226654108185,-62.65935001780779,89.74160152741281,0,47.66659501809588,48.53551840451578,19.06786764705889,19.04768090763679,100.0,0.0,33.83514256372146,25.229312792716154,-64.70374508977922,-63.58437028190544,-1.1193748078737755,10.457009931138156,5.814912990665132,0.0,0.0,0.0,0.0,18.43,19.08,0.0,0.0,-0.10467067395308138,0.0,False,False,False,False,4.087270223589547,4.668796390436865,False,False
1788313920.0,2026-09-02 09:52:00+08:00,18.4,18.43,18.380000000000003,18.380000000000003,3.962254072651487,5.92153997336929,22.032494859153783,77.96750514084621,-70.03436415393242,90.12464799069488,0,46.70169432718927,44.61504749769733,19.049852941176532,19.040863187162792,97.06122009952932,2.938779900470684,30.747238683553917,19.16974417092251,-65.02023087220041,-64.74571267136054,-0.2745182008398785,9.036934645489168,4.899701907351687,0.0,0.0,0.0,0.0,18.37,18.59,-0.9649006909066102,-3.087903880167545,-0.12501615093805984,-1.4200752856489878,False,False,False,False,3.962254072651487,4.588091470834509,False,False
1788313920.001,2026-09-02 09:52:00.000999928+08:00,18.38,18.38,18.36,18.36,3.822320257898221,5.695778490244777,20.585923029808065,79.41407697019193,-75.3826536275933,90.50047401222028,0,46.70169432718927,44.61504749769733,19.049852941176532,19.040863187162792,97.06122009952932,2.938779900470684,30.747238683553917,19.16974417092251,-65.02023087220041,-64.74571267136054,-0.2745182008398785,9.036934645489168,4.899701907351687,0.0,0.0,0.0,0.0,18.37,18.59,0.0,0.0,-0.13993381475326627,0.0,False,False,False,False,3.822320257898221,4.47703968308126,False,False
1788313920.002,2026-09-02 09:52:00.002000093+08:00,18.36,18.36,18.34,18.34,3.671941096585434,5.396263880826968,19.3176010504431,80.6823989495569,-79.4225921660781,90.86928184419864,0,46.70169432718927,44.61504749769733,19.049852941176532,19.040863187162792,97.06122009952932,2.938779900470684,30.747238683553917,19.16974417092251,-65.02023087220041,-64.74571267136054,-0.2745182008398785,9.036934645489168,4.899701907351687,0.0,0.0,0.0,0.0,18.37,18.59,0.0,0.0,-0.15037916131278672,0.0,False,False,False,False,3.671941096585434,4.342967447082948,False,False
1788314040.0,2026-09-02 09:54:00+08:00,18.36,18.38,18.36,18.38,3.5699399713448483,5.76157393585257,23.89086589633346,76.10913410366655,-56.80179543793661,90.27032719062268,0,46.70169432718927,44.61504749769733,19.049852941176532,19.040863187162792,97.06122009952932,2.938779900470684,30.747238683553917,19.16974417092251,-65.02023087220041,-64.74571267136054,-0.2745182008398785,8.609650904455743,4.635545002475599,0.0,0.0,0.0,0.0,18.34,18.59,0.0,0.0,-0.10200112524058591,-0.4272837410334258,False,False,False,False,3.5699399713448483,4.191940897542628,False,False
1788314280.0,2026-09-02 09:58:00+08:00,18.36,18.36,18.34,18.34,3.452327443384537,5.744689630683569,23.44552030335881,76.55447969664118,-59.68400384822162,90.42143778054074,0,46.70169432718927,44.61504749769733,19.049852941176532,19.040863187162792,97.06122009952932,2.938779900470684,29.198209027934176,16.72915169548207,-64.70060009451512,-64.8949026702863,0.1943025757711751,7.774654407146968,4.073938757349099,0.0,0.0,0.0,0.0,18.34,18.59,0.0,-1.5490296556197407,-0.1176125279603113,-0.8349964973087749,False,False,False,False,3.452327443384537,4.087270223589547,False,False
1788314280.001,2026-09-02 09:58:00.000999928+08:00,18.34,18.34,18.32,18.32,3.323489641095875,5.546898746056893,23.01647410006272,76.98352589993728,-62.44058740446533,90.57140323696647,0,46.70169432718927,44.61504749769733,19.049852941176532,19.040863187162792,97.06122009952932,2.938779900470684,29.198209027934176,16.72915169548207,-64.70060009451512,-64.8949026702863,0.1943025757711751,7.774654407146968,4.073938757349099,0.0,0.0,0.0,0.0,18.34,18.59,0.0,0.0,-0.12883780228866204,0.0,False,False,False,False,3.323489641095875,3.962254072651487,False,False
1788314280.002,2026-09-02 09:58:00.002000093+08:00,18.32,18.32,18.3,18.3,3.1870321082426964,5.270005803437295,22.602848544887006,77.39715145511299,-65.0678966134373,90.72023652769482,0,46.70169432718927,44.61504749769733,19.049852941176532,19.040863187162792,97.06122009952932,2.938779900470684,29.198209027934176,16.72915169548207,-64.70060009451512,-64.8949026702863,0.1943025757711751,7.774654407146968,4.073938757349099,0.0,0.0,0.0,0.0,18.34,18.59,0.0,0.0,-0.13645753285317852,0.0,False,False,False,False,3.1870321082426964,3.822320257898221,False,False
1788314400.0,2026-09-02 10:00:00+08:00,18.3,18.3,18.28,18.28,3.0459023156836085,4.965384603973831,22.264722398666997,77.73527760133301,-67.31893342406863,90.85251644266516,0,45.48880480653512,40.49696909776213,19.02919117647065,19.03319290669351,95.6355958423757,4.364404157624318,29.198209027934176,16.72915169548207,-64.70060009451512,-64.8949026702863,0.1943025757711751,7.363744421453977,3.766654145759999,0.0,0.0,0.0,0.0,18.290000000000003,18.59,-1.2128895206541515,0.0,-0.14112979255908797,-0.41090998569299053,False,False,False,False,3.0459023156836085,3.671941096585434,False,False
1788314400.001,2026-09-02 10:00:00.000999928+08:00,18.28,18.28,18.26,18.26,2.902493885731644,4.65873376106277,22.944598738713527,77.05540126128648,-69.48217082499517,90.98390840692802,0,45.48880480653512,40.49696909776213,19.02919117647065,19.03319290669351,95.6355958423757,4.364404157624318,29.198209027934176,16.72915169548207,-64.70060009451512,-64.8949026702863,0.1943025757711751,7.363744421453977,3.766654145759999,0.0,0.0,0.0,0.0,18.290000000000003,18.59,0.0,0.0,-0.14340842995196468,0.0,False,False,False,False,2.902493885731644,3.5699399713448483,False,False
1788314400.002,2026-09-02 10:00:00.002000093+08:00,18.26,18.26,18.24,18.24,2.7587351977522068,4.362612500915789,21.69214481528829,78.30785518471171,-71.55341270347398,91.11442133134854,0,45.48880480653512,40.49696909776213,19.02919117647065,19.03319290669351,95.6355958423757,4.364404157624318,29.198209027934176,16.72915169548207,-64.70060009451512,-64.8949026702863,0.1943025757711751,7.363744421453977,3.766654145759999,0.0,0.0,0.0,0.0,18.290000000000003,18.59,0.0,0.0,-0.14375868797943703,0.0,False,False,False,False,2.7587351977522068,3.452327443384537,False,False
1788314400.003,2026-09-02 10:00:00.003000021+08:00,18.26,18.28,18.26,18.28,2.6713218563772783,4.596357118350417,22.529525465424918,77.47047453457509,-61.42651476307708,90.88705796267134,0,45.48880480653512,40.49696909776213,19.02919117647065,19.03319290669351,95.6355958423757,4.364404157624318,29.198209027934176,16.72915169548207,-64.70060009451512,-64.8949026702863,0.1943025757711751,7.363744421453977,3.766654145759999,0.0,0.0,0.0,0.0,18.290000000000003,18.59,0.0,0.0,-0.08741334137492851,0.0,False,False,False,False,2.6713218563772783,3.323489641095875,False,False
1788314640.0,2026-09-02 10:04:00+08:00,18.26,18.29,18.24,18.24,2.57448958613624,4.662339807284755,16.944373459691004,83.05562654030899,-71.80212770897201,91.4986004070018,0,45.48880480653512,40.49696909776213,19.02919117647065,19.03319290669351,95.6355958423757,4.364404157624318,29.198209027934176,16.72915169548207,-64.70060009451512,-64.8949026702863,0.1943025757711751,6.274723741796264,3.2116556839619044,0.0,0.0,0.0,0.0,18.24,18.59,0.0,0.0,-0.09683227024103847,-1.0890206796577129,False,False,False,False,2.57448958613624,3.1870321082426964,False,False
1788315120.0,2026-09-02 10:12:00+08:00,18.26,18.28,18.26,18.28,2.52945773970102,5.02986273815645,33.96105963182989,66.0389403681701,-0.0176358738594867,58.531171907686826,0,44.10673312666919,36.3819611941089,19.009411764705945,19.02579795239805,96.9022055346643,3.0977944653356904,27.667366965013013,14.61811421477186,-64.38916018900377,-64.81625644509245,0.4270962560886744,5.984841615678612,3.1621984793542746,0.0,0.0,0.0,0.0,18.23,18.58,-1.3820716798659305,-1.5308420629211632,-0.04503184643521996,-0.28988212611765185,False,False,False,False,2.52945773970102,3.0459023156836085,False,False
1788315240.0,2026-09-02 10:14:00+08:00,18.28,18.3,18.28,18.3,2.557841287151186,5.920533630594493,37.03521012926546,62.96478987073454,9.366401128271365,63.49936175130758,0,44.10673312666919,36.3819611941089,19.009411764705945,19.02579795239805,96.9022055346643,3.0977944653356904,27.667366965013013,14.61811421477186,-64.38916018900377,-64.81625644509245,0.4270962560886744,5.776347920303785,3.4697530633080422,0.0,0.0,0.0,0.0,18.23,18.58,0.0,0.0,0.028383547450166358,-0.20849369537482776,False,False,False,False,2.52945773970102,2.902493885731644,False,False
1788315360.0,2026-09-02 10:16:00+08:00,18.3,18.32,18.3,18.32,2.6780176905713264,7.391959510042281,38.65405893799261,61.34594106200739,17.414843653534277,67.73260957529646,0,44.10673312666919,36.3819611941089,19.009411764705945,19.02579795239805,96.9022055346643,3.0977944653356904,27.667366965013013,14.61811421477186,-64.38916018900377,-64.81625644509245,0.4270962560886744,5.776347920303785,3.4697530633080422,0.0,0.0,0.0,0.0,18.23,18.58,0.0,0.0,0.12017640342014024,0.0,False,False,False,False,2.52945773970102,2.7587351977522068,False,False
1788315600.0,2026-09-02 10:20:00+08:00,18.32,18.34,18.29,18.34,2.9057803617570337,9.41421635051687,41.384012510006144,58.615987489993856,28.054867448198006,73.231707015902,0,42.61992931270373,32.545461799071646,18.989926470588298,19.0186755847125,98.01115149511548,1.9888485048845104,27.667366965013013,14.61811421477186,-64.38916018900377,-64.81625644509245,0.4270962560886744,5.655584914927381,4.110025187203198,0.0,0.0,0.0,0.0,18.23,18.56,-1.4868038139654587,0.0,0.22776267118570726,-0.1207630053764035,False,False,False,False,2.52945773970102,2.9057803617570337,False,False
1788315600.001,2026-09-02 10:20:00.000999928+08:00,18.32,18.32,18.3,18.3,3.156159212222,11.1263109713976,41.16424982614385,58.83575017385615,25.44796953353646,71.74065047419525,0,42.61992931270373,32.545461799071646,18.989926470588298,19.0186755847125,98.01115149511548,1.9888485048845104,27.667366965013013,14.61811421477186,-64.38916018900377,-64.81625644509245,0.4270962560886744,5.655584914927381,4.110025187203198,0.0,0.0,0.0,0.0,18.23,18.56,0.0,0.0,0.25037885046496644,0.0,False,False,False,False,2.52945773970102,3.156159212222,False,False
1788316200.0,2026-09-02 10:30:00+08:00,18.3,18.33,18.28,18.28,3.391261842739468,12.270686453818062,36.26615271917181,63.733847280828186,-7.87115700754994,62.34181904649692,0,41.06691627224659,29.06755663367038,18.96948529411771,19.01164896197904,97.01988858912584,2.9801114108741644,27.667366965013013,14.61811421477186,-64.38916018900377,-64.81625644509245,0.4270962560886744,5.515810893148638,6.016647887032557,0.0,0.0,0.0,0.0,18.23,18.56,-1.5530130404571452,0.0,0.23510263051746794,-0.13977402177874332,False,False,False,True,2.52945773970102,3.391261842739468,True,False
1788316200.001,2026-09-02 10:30:00.000999928+08:00,18.28,18.28,18.26,18.26,3.5789661202873444,12.509655485296946,32.40974614108942,67.59025385891059,-28.701746053130968,75.9285058926921,0,41.06691627224659,29.06755663367038,18.96948529411771,19.01164896197904,97.01988858912584,2.9801114108741644,27.667366965013013,14.61811421477186,-64.38916018900377,-64.81625644509245,0.4270962560886744,5.515810893148638,6.016647887032557,0.0,0.0,0.0,0.0,18.23,18.56,0.0,0.0,0.18770427754787633,0.0,False,False,False,False,2.557841287151186,3.5789661202873444,True,False
1788316440.0,2026-09-02 10:34:00+08:00,18.28,18.3,18.25,18.3,3.8011727860295137,12.74530967840954,36.99657085027662,63.00342914972338,-14.08671634855503,66.13202262707856,0,41.06691627224659,29.06755663367038,18.96948529411771,19.01164896197904,97.01988858912584,2.9801114108741644,26.25938595703389,13.18871337003574,-57.80056400779737,-62.97763879087916,5.1770747830817925,5.475174991537457,7.0548844959301285,0.0,0.0,1.0,0.0,18.23,18.55,0.0,-1.4079810079791244,0.2222066657421693,-0.04063590161118125,False,False,False,False,2.6780176905713264,3.8011727860295137,True,False
1788316440.001,2026-09-02 10:34:00.000999928+08:00,18.3,18.32,18.3,18.32,4.090415254975168,13.543067926999967,39.96974301842116,60.03025698157884,-1.4182495089363203,44.71895384058844,1,41.06691627224659,29.06755663367038,18.96948529411771,19.01164896197904,97.01988858912584,2.9801114108741644,26.25938595703389,13.18871337003574,-57.80056400779737,-62.97763879087916,5.1770747830817925,5.475174991537457,7.0548844959301285,0.0,0.0,1.0,0.0,18.23,18.55,0.0,0.0,0.28924246894565453,0.0,False,False,False,False,2.9057803617570337,4.090415254975168,True,False
1788316560.0,2026-09-02 10:36:00+08:00,18.32,18.34,18.32,18.34,4.4751220565420535,14.97117375303872,42.632214087406034,57.367785912593966,9.473412662179554,30.013349590980347,2,41.06691627224659,29.06755663367038,18.96948529411771,19.01164896197904,97.01988858912584,2.9801114108741644,26.25938595703389,13.18871337003574,-57.80056400779737,-62.97763879087916,5.1770747830817925,5.56448569827012,10.872872061370964,0.0,0.0,0.0,0.0,18.23,18.51,0.0,0.0,0.3847068015668853,0.08931070673266372,False,False,False,False,3.156159212222,4.4751220565420535,True,False
1788316560.001,2026-09-02 10:36:00.000999928+08:00,18.34,18.36,18.34,18.36,4.980550714355059,17.013849553266834,47.0440436536605,52.9559563463395,19.03771889445658,18.095906407254247,3,41.06691627224659,29.06755663367038,18.96948529411771,19.01164896197904,97.01988858912584,2.9801114108741644,26.25938595703389,13.18871337003574,-57.80056400779737,-62.97763879087916,5.1770747830817925,5.56448569827012,10.872872061370964,0.0,0.0,0.0,0.0,18.23,18.51,0.0,0.0,0.5054286578130052,0.0,False,False,False,False,3.391261842739468,4.980550714355059,True,False
1788316800.0,2026-09-02 10:40:00+08:00,18.36,18.38,18.33,18.38,5.629627768046136,19.48650707098837,51.61841455828365,48.38158544171635,34.93106399996629,30.45711628174561,4,39.51462633298068,26.252860948847065,18.94985294117653,19.00516489270562,99.50109699802788,0.4989030019721285,26.25938595703389,13.18871337003574,-57.80056400779737,-62.97763879087916,5.1770747830817925,5.56448569827012,10.872872061370964,0.0,0.0,0.0,0.0,18.23,18.51,-1.5522899392659042,0.0,0.6490770536910775,0.0,False,False,False,False,3.5789661202873444,5.629627768046136,True,False
1788317040.0,2026-09-02 10:44:00+08:00,18.38,18.4,18.38,18.4,6.443719514122764,22.77337169256031,53.75811824255169,46.24188175744831,42.050271216037466,38.53910180595926,5,39.51462633298068,26.252860948847065,18.94985294117653,19.00516489270562,99.50109699802788,0.4989030019721285,26.25938595703389,13.18871337003574,-57.80056400779737,-62.97763879087916,5.1770747830817925,5.741009791144352,14.031030690190732,0.0,0.0,0.0,0.0,18.23,18.47,0.0,0.0,0.8140917460766275,0.17652409287423154,False,False,False,False,3.8011727860295137,6.443719514122764,True,False
1788317040.001,2026-09-02 10:44:00.000999928+08:00,18.4,18.42,18.4,18.42,7.443357550744655,26.943113654377704,55.21543736448415,44.78456263551585,43.42763408425764,38.84926001138611,5,39.51462633298068,26.252860948847065,18.94985294117653,19.00516489270562,99.50109699802788,0.4989030019721285,26.25938595703389,13.18871337003574,-57.80056400779737,-62.97763879087916,5.1770747830817925,5.741009791144352,14.031030690190732,0.0,0.0,0.0,0.0,18.23,18.47,0.0,0.0,0.9996380366218913,0.0,False,False,False,False,4.090415254975168,7.443357550744655,True,False
1788317040.002,2026-09-02 10:44:00.002000093+08:00,18.4,18.4,18.380000000000003,18.380000000000003,8.503171251143598,30.871571871492364,55.65617874712152,44.34382125287848,39.77325392808096,33.79474374556467,4,39.51462633298068,26.252860948847065,18.94985294117653,19.00516489270562,99.50109699802788,0.4989030019721285,26.25938595703389,13.18871337003574,-57.80056400779737,-62.97763879087916,5.1770747830817925,5.741009791144352,14.031030690190732,0.0,0.0,0.0,0.0,18.23,18.47,0.0,0.0,1.0598137003989434,0.0,False,False,False,False,4.4751220565420535,8.503171251143598,True,False
1788317280.0,2026-09-02 10:48:00+08:00,18.38,18.41,18.36,18.36,9.56605183665353,34.33817978324436,54.5854726766685,45.4145273233315,26.00803104019168,23.34683065302799,3,39.51462633298068,26.252860948847065,18.94985294117653,19.00516489270562,99.50109699802788,0.4989030019721285,26.25938595703389,13.18871337003574,-57.80056400779737,-62.97763879087916,5.1770747830817925,5.979111749328285,17.59659648181421,0.0,0.0,0.0,0.0,18.23,18.44,0.0,0.0,1.062880585509932,0.23810195818393343,False,False,False,False,4.980550714355059,9.56605183665353,True,False
1788317280.001,2026-09-02 10:48:00.000999928+08:00,18.36,18.36,18.34,18.34,10.582933707131131,36.87763526739976,53.5551852363938,46.4448147636062,13.6917188221908,13.395653037637908,3,39.51462633298068,26.252860948847065,18.94985294117653,19.00516489270562,99.50109699802788,0.4989030019721285,26.25938595703389,13.18871337003574,-57.80056400779737,-62.97763879087916,5.1770747830817925,5.979111749328285,17.59659648181421,0.0,0.0,0.0,0.0,18.23,18.44,0.0,0.0,1.0168818704776008,0.0,False,False,False,False,5.629627768046136,10.582933707131131,True,False
1788317400.0,2026-09-02 10:50:00+08:00,18.34,18.34,18.32,18.32,11.511056915420353,38.4747136700807,52.63090850132291,47.36909149867709,6.3322716762438045,24.48273952937904,2,37.94513351809,23.740533192106547,18.92808823529418,18.99832245596228,99.85104331214754,0.1489566878524695,26.25938595703389,13.18871337003574,-57.80056400779737,-62.97763879087916,5.1770747830817925,6.478180049370232,22.39086028402896,0.0,0.0,0.0,0.0,18.23,18.42,-1.5694928148906797,0.0,0.9281232082892217,0.49906830004194713,False,False,False,False,6.443719514122764,11.511056915420353,True,False
1788317400.001,2026-09-02 10:50:00.000999928+08:00,18.34,18.36,18.34,18.36,12.492451517238688,40.62150832487052,53.28592110171195,46.71407889828805,7.81277725659413,20.34977048147268,4,37.94513351809,23.740533192106547,18.92808823529418,18.99832245596228,99.85104331214754,0.1489566878524695,26.25938595703389,13.18871337003574,-57.80056400779737,-62.97763879087916,5.1770747830817925,6.478180049370232,22.39086028402896,0.0,0.0,0.0,0.0,18.23,18.42,0.0,0.0,0.9813946018183355,0.0,False,False,False,False,7.443357550744655,12.492451517238688,True,False
1788317520.0,2026-09-02 10:52:00+08:00,18.34,18.34,18.32,18.32,13.386183549782537,41.94829754469578,53.0776561297429,46.9223438702571,4.1265440021582585,20.97589619402417,2,37.94513351809,23.740533192106547,18.92808823529418,18.99832245596228,99.85104331214754,0.1489566878524695,26.25938595703389,13.18871337003574,-57.80056400779737,-62.97763879087916,5.1770747830817925,6.669664009901366,23.09278088052484,0.0,0.0,0.0,0.0,18.23,18.42,0.0,0.0,0.8937320325438485,0.1914839605311336,False,False,False,False,8.503171251143598,13.386183549782537,True,False
1788317520.001,2026-09-02 10:52:00.000999928+08:00,18.32,18.32,18.3,18.3,14.14099960909036,42.07700550601476,52.860444021155374,47.13955597884463,0.2877492612112008,32.56682392829285,2,37.94513351809,23.740533192106547,18.92808823529418,18.99832245596228,99.85104331214754,0.1489566878524695,26.25938595703389,13.18871337003574,-57.80056400779737,-62.97763879087916,5.1770747830817925,6.669664009901366,23.09278088052484,0.0,0.0,0.0,0.0,18.23,18.42,0.0,0.0,0.7548160593078226,0.0,False,False,False,False,9.56605183665353,14.14099960909036,True,False
1788317880.0,2026-09-02 10:58:00+08:00,18.3,18.3,18.28,18.28,14.717523679491103,40.931176945774425,46.91697138105445,53.08302861894555,-29.528034404744524,64.79232812798848,1,37.94513351809,23.740533192106547,18.92808823529418,18.99832245596228,99.85104331214754,0.1489566878524695,26.25938595703389,13.18871337003574,-57.80056400779737,-62.97763879087916,5.1770747830817925,6.669664009901366,23.09278088052484,0.0,0.0,0.0,0.0,18.23,18.42,0.0,0.0,0.5765240704007439,0.0,False,False,False,False,10.582933707131131,14.717523679491103,True,False
1788318720.0,2026-09-02 11:12:00+08:00,18.3,18.32,18.27,18.32,15.266307001700008,40.13549968573511,54.9168328532562,45.0831671467438,11.199670101465212,19.89609872478436,2,34.79967798260022,19.43838532778058,18.879338235294178,18.984694625840007,99.78575986788634,0.2142401321136688,26.25938595703389,13.18871337003574,-57.80056400779737,-62.97763879087916,5.1770747830817925,6.838169189410949,23.05364345422366,0.0,0.0,1.0,0.0,18.23,18.42,-3.1454555354897806,0.0,0.5487833222089051,0.16850517950958288,False,False,False,False,11.511056915420353,15.266307001700008,True,False
1788318960.0,2026-09-02 11:16:00+08:00,18.32,18.34,18.32,18.34,15.847435132684463,40.57846739038794,57.50656682370076,42.49343317629924,18.49569339054405,17.968715308970864,3,34.79967798260022,19.43838532778058,18.879338235294178,18.984694625840007,99.78575986788634,0.2142401321136688,26.25938595703389,13.18871337003574,-57.80056400779737,-62.97763879087916,5.1770747830817925,7.01943008885656,23.39018145336422,0.0,0.0,0.0,0.0,18.23,18.42,0.0,0.0,0.5811281309844549,0.1812608994456113,False,False,False,False,12.492451517238688,15.847435132684463,True,False
1788319080.0,2026-09-02 11:18:00+08:00,18.34,18.36,18.34,18.36,16.508401221777945,42.31429318037012,59.92236347546282,40.07763652453718,24.795162968836188,27.143608793617645,4,34.79967798260022,19.43838532778058,18.879338235294178,18.984694625840007,99.78575986788634,0.2142401321136688,26.25938595703389,13.18871337003574,-57.80056400779737,-62.97763879087916,5.1770747830817925,7.01943008885656,23.39018145336422,0.0,0.0,0.0,0.0,18.23,18.42,0.0,0.0,0.6609660890934812,0.0,False,False,False,False,13.386183549782537,16.508401221777945,True,False
1788319440.0,2026-09-02 11:24:00+08:00,18.36,18.38,18.33,18.38,17.286191265816196,45.03576900605023,61.919815980965176,38.08018401903482,36.511589162195776,91.90695349731746,5,33.3132014552186,17.924143344342426,18.853823529411827,18.978503634538114,99.51714368211364,0.4828563178863709,26.25938595703389,13.18871337003574,-57.80056400779737,-62.97763879087916,5.1770747830817925,7.240881654175278,24.47592967571469,0.0,0.0,0.0,0.0,18.23,18.42,-1.486476527381619,0.0,0.7777900440382517,0.22145156531871812,False,False,False,False,14.14099960909036,17.286191265816196,True,False
1788325200.0,2026-09-02 13:00:00+08:00,18.36,18.36,18.34,18.34,18.028978989030986,47.27098943090944,61.420603509275615,38.57939649072439,31.07234706529021,63.22026559460792,3,31.88233658638587,16.6383906351108,18.829705882353004,18.97212548892082,99.70877965383762,0.2912203461623797,26.25938595703389,13.18871337003574,-57.80056400779737,-62.97763879087916,5.1770747830817925,7.460174243706075,25.920242378586607,0.0,0.0,0.0,0.0,18.23,18.42,-1.4308648688327352,0.0,0.7427877232147893,0.2192925895307969,False,False,False,False,14.717523679491103,18.028978989030986,True,False
1788325200.001,2026-09-02 13:00:00.000999928+08:00,18.34,18.34,18.32,18.32,18.676304246035357,48.34450528856196,60.929376201664034,39.070623798335966,25.568792579319844,36.2003121838225,3,31.88233658638587,16.6383906351108,18.829705882353004,18.97212548892082,99.70877965383762,0.2912203461623797,26.25938595703389,13.18871337003574,-57.80056400779737,-62.97763879087916,5.1770747830817925,7.460174243706075,25.920242378586607,0.0,0.0,0.0,0.0,18.23,18.42,0.0,0.0,0.6473252570043719,0.0,False,False,False,False,15.266307001700008,18.676304246035357,True,False
1788325200.002,2026-09-02 13:00:00.002000093+08:00,18.32,18.32,18.3,18.3,19.181019803421425,48.04981726249981,60.44594398796451,39.55405601203549,20.025126635981454,18.04053955361236,2,31.88233658638587,16.6383906351108,18.829705882353004,18.97212548892082,99.70877965383762,0.2912203461623797,26.25938595703389,13.18871337003574,-57.80056400779737,-62.97763879087916,5.1770747830817925,7.460174243706075,25.920242378586607,0.0,0.0,0.0,0.0,18.23,18.42,0.0,0.0,0.5047155573860671,0.0,False,False,False,False,15.847435132684463,19.181019803421425,True,False
1788325320.0,2026-09-02 13:02:00+08:00,18.32,18.34,18.32,18.34,19.705885044979503,48.14218624051679,61.35629992585321,38.64370007414679,23.274430079336327,43.45764818636221,3,31.88233658638587,16.6383906351108,18.829705882353004,18.97212548892082,99.70877965383762,0.2912203461623797,26.25938595703389,13.18871337003574,-57.80056400779737,-62.97763879087916,5.1770747830817925,7.831046601321161,27.074596187789325,0.0,0.0,0.0,0.0,18.23,18.42,0.0,0.0,0.5248652415580786,0.3708723576150854,False,False,False,False,16.508401221777945,19.705885044979503,True,False
1788325320.001,2026-09-02 13:02:00.000999928+08:00,18.34,18.36,18.34,18.36,20.3052075326994,49.18748980121725,62.25452717945102,37.74547282054898,26.55675270059758,64.22411902542312,4,31.88233658638587,16.6383906351108,18.829705882353004,18.97212548892082,99.70877965383762,0.2912203461623797,26.25938595703389,13.18871337003574,-57.80056400779737,-62.97763879087916,5.1770747830817925,7.831046601321161,27.074596187789325,0.0,0.0,0.0,0.0,18.23,18.42,0.0,0.0,0.5993224877198955,0.0,False,False,False,False,17.286191265816196,20.3052075326994,False,False
1788325440.0,2026-09-02 13:04:00+08:00,18.34,18.34,18.32,18.32,20.83012535422443,49.61414840492262,61.9424458628421,38.0575541371579,21.54737908993772,13.288521437253696,2,31.88233658638587,16.6383906351108,18.829705882353004,18.97212548892082,99.70877965383762,0.2912203461623797,26.25938595703389,13.18871337003574,-57.80056400779737,-62.97763879087916,5.1770747830817925,8.205140359093454,28.53024198736383,0.0,0.0,0.0,0.0,18.25,18.42,0.0,0.0,0.5249178215250296,0.37409375777229315,False,False,False,False,18.028978989030986,20.83012535422443,False,False
1788325440.001,2026-09-02 13:04:00.000999928+08:00,18.34,18.36,18.34,18.36,21.41801785141552,50.697578793460536,61.92216445852174,38.07783554147826,22.968321423266392,56.67097369169011,4,31.88233658638587,16.6383906351108,18.829705882353004,18.97212548892082,99.70877965383762,0.2912203461623797,26.25938595703389,13.18871337003574,-57.80056400779737,-62.97763879087916,5.1770747830817925,8.205140359093454,28.53024198736383,0.0,0.0,0.0,0.0,18.25,18.42,0.0,0.0,0.5878924971910919,0.0,False,False,False,False,18.676304246035357,21.41801785141552,False,False
1788325440.002,2026-09-02 13:04:00.002000093+08:00,18.34,18.34,18.32,18.32,21.922483126206227,50.817961399099445,63.54566242068543,36.45433757931457,20.56624176802558,13.010616446689127,2,31.88233658638587,16.6383906351108,18.829705882353004,18.97212548892082,99.70877965383762,0.2912203461623797,26.25938595703389,13.18871337003574,-57.80056400779737,-62.97763879087916,5.1770747830817925,8.205140359093454,28.53024198736383,0.0,0.0,0.0,0.0,18.25,18.42,0.0,0.0,0.5044652747907072,0.0,False,False,False,False,19.181019803421425,21.922483126206227,False,False
1788325560.0,2026-09-02 13:06:00+08:00,18.32,18.32,18.3,18.3,22.291624027302845,49.67667434863924,58.544593578998295,41.455406421001705,5.920250283549259,10.22887046936786,2,31.88233658638587,16.6383906351108,18.829705882353004,18.97212548892082,99.70877965383762,0.2912203461623797,26.25938595703389,13.18871337003574,-57.80056400779737,-62.97763879087916,5.1770747830817925,8.678917749426718,32.295655210382506,0.0,0.0,0.0,0.0,18.25,18.42,0.0,0.0,0.36914090109661757,0.4737773903332645,False,False,False,False,19.705885044979503,22.291624027302845,False,False
1788325560.001,2026-09-02 13:06:00.000999928+08:00,18.32,18.34,18.32,18.34,22.67684205034604,49.08459559622828,58.38921234067814,41.61078765932186,10.94556318462562,22.03641012319659,3,31.88233658638587,16.6383906351108,18.829705882353004,18.97212548892082,99.70877965383762,0.2912203461623797,26.25938595703389,13.18871337003574,-57.80056400779737,-62.97763879087916,5.1770747830817925,8.678917749426718,32.295655210382506,0.0,0.0,0.0,0.0,18.25,18.42,0.0,0.0,0.3852180230431941,0.0,False,False,False,False,20.3052075326994,22.67684205034604,False,False
1788325680.0,2026-09-02 13:08:00+08:00,18.32,18.35,18.3,18.3,22.943374333478925,48.01388064714507,55.57029335726682,44.42970664273318,-3.925763608070743,12.876600183141267,2,31.88233658638587,16.6383906351108,18.829705882353004,18.97212548892082,99.70877965383762,0.2912203461623797,26.25938595703389,13.18871337003574,-57.80056400779737,-62.97763879087916,5.1770747830817925,9.185015792262886,39.09840361813829,0.0,0.0,0.0,0.0,18.27,18.42,0.0,0.0,0.2665322831328858,0.5060980428361681,False,False,False,False,20.83012535422443,22.943374333478925,False,False
1788325800.0,2026-09-02 13:10:00+08:00,18.32,18.34,18.32,18.34,23.240273759508373,47.570818059716686,55.65833957567903,44.34166042432097,6.311039325847216,15.273937724614443,3,30.529628151616084,15.64231800024662,18.80669117647065,18.96603468803604,99.76838173454186,0.2316182654581333,26.25938595703389,13.18871337003574,-57.80056400779737,-62.97763879087916,5.1770747830817925,9.263704510314742,39.9660031906128,0.0,0.0,0.0,0.0,18.27,18.42,-1.3527084347697844,0.0,0.29689942602944797,0.07868871805185584,False,False,False,False,21.41801785141552,23.240273759508373,False,False
1788325800.001,2026-09-02 13:10:00.000999928+08:00,18.32,18.32,18.3,18.3,23.44351744798581,46.41999330789784,55.32304375031598,44.67695624968402,2.3149415415367,10.485739315135314,2,30.529628151616084,15.64231800024662,18.80669117647065,18.96603468803604,99.76838173454186,0.2316182654581333,26.25938595703389,13.18871337003574,-57.80056400779737,-62.97763879087916,5.1770747830817925,9.263704510314742,39.9660031906128,0.0,0.0,0.0,0.0,18.27,18.42,0.0,0.0,0.20324368847743557,0.0,False,False,False,False,21.922483126206227,23.44351744798581,False,False
1788325920.0,2026-09-02 13:12:00+08:00,18.32,18.34,18.29,18.34,23.730494753777027,45.80434620319285,60.17114402639125,39.82885597360875,14.336086601473587,23.32440445744181,3,30.529628151616084,15.64231800024662,18.80669117647065,18.96603468803604,99.76838173454186,0.2316182654581333,26.25938595703389,13.18871337003574,-57.80056400779737,-62.97763879087916,5.1770747830817925,9.263704510314742,39.9660031906128,0.0,0.0,0.0,0.0,18.27,18.42,0.0,0.0,0.2869773057912184,0.0,False,False,False,False,22.291624027302845,23.730494753777027,False,False
1788325920.001,2026-09-02 13:12:00.000999928+08:00,18.32,18.32,18.3,18.3,23.952236163724585,44.70573321943573,63.50546109640288,36.49453890359712,10.809359221047012,15.334815113824083,1,30.529628151616084,15.64231800024662,18.80669117647065,18.96603468803604,99.76838173454186,0.2316182654581333,26.25938595703389,13.18871337003574,-57.80056400779737,-62.97763879087916,5.1770747830817925,9.263704510314742,39.9660031906128,0.0,0.0,0.0,0.0,18.27,18.42,0.0,0.0,0.2217414099475583,0.0,False,False,False,False,22.67684205034604,23.952236163724585,False,False
1788326040.0,2026-09-02 13:14:00+08:00,18.32,18.34,18.29,18.34,24.309483719631224,43.70829909167537,63.01688742569414,36.98311257430586,17.393044796116683,24.14710832834908,3,30.529628151616084,15.64231800024662,18.80669117647065,18.96603468803604,99.76838173454186,0.2316182654581333,26.25938595703389,13.18871337003574,-57.80056400779737,-62.97763879087916,5.1770747830817925,9.351854728478852,40.64101180204303,0.0,0.0,0.0,0.0,18.27,18.39,0.0,0.0,0.35724755590663904,0.08815021816410962,False,False,False,False,22.943374333478925,24.309483719631224,False,False
1788326040.001,2026-09-02 13:14:00.000999928+08:00,18.34,18.36,18.34,18.36,24.902353925616328,44.063567863706,62.51505460583243,37.48494539416757,23.59679179149729,43.73153432240221,4,30.529628151616084,15.64231800024662,18.80669117647065,18.96603468803604,99.76838173454186,0.2316182654581333,26.25938595703389,13.18871337003574,-57.80056400779737,-62.97763879087916,5.1770747830817925,9.351854728478852,40.64101180204303,0.0,0.0,0.0,0.0,18.27,18.39,0.0,0.0,0.5928702059851041,0.0,False,False,False,False,23.240273759508373,24.902353925616328,False,False
1788326160.0,2026-09-02 13:16:00+08:00,18.36,18.38,18.36,18.38,25.83441027399613,45.92557106145436,62.2918400414041,37.7081599585959,31.28386459445423,64.85753592428145,4,30.529628151616084,15.64231800024662,18.80669117647065,18.96603468803604,99.76838173454186,0.2316182654581333,25.00994166169673,12.478217897159285,-46.66890896786302,-58.38980831479481,11.720899346931796,9.692888383435562,42.76421389777322,0.0,0.0,0.0,0.0,18.27,18.38,0.0,-1.2494442953371596,0.9320563483798026,0.34103365495671056,False,False,False,False,23.44351744798581,25.83441027399613,False,False
1788326280.0,2026-09-02 13:18:00+08:00,18.38,18.4,18.38,18.4,27.17192569456162,49.25269830848064,61.542986036890326,38.45701396310968,34.94175758346419,75.22138726843495,5,30.529628151616084,15.64231800024662,18.80669117647065,18.96603468803604,99.76838173454186,0.2316182654581333,25.00994166169673,12.478217897159285,-46.66890896786302,-58.38980831479481,11.720899346931796,10.37562039061095,46.86017244986172,0.0,0.0,0.0,0.0,18.27,18.41,0.0,0.0,1.337515420565488,0.6827320071753871,False,False,False,False,23.730494753777027,27.17192569456162,False,False
1788326280.001,2026-09-02 13:18:00.000999928+08:00,18.4,18.42,18.4,18.42,28.925916706957643,53.92246486850523,59.20017626794,40.799823732060005,38.540525163515206,78.78563341573279,5,30.529628151616084,15.64231800024662,18.80669117647065,18.96603468803604,99.76838173454186,0.2316182654581333,25.00994166169673,12.478217897159285,-46.66890896786302,-58.38980831479481,11.720899346931796,10.37562039061095,46.86017244986172,0.0,0.0,0.0,0.0,18.27,18.41,0.0,0.0,1.7539910123960247,0.0,False,False,False,False,23.952236163724585,28.925916706957643,False,False
1788326400.0,2026-09-02 13:20:00+08:00,18.4,18.4,18.380000000000003,18.380000000000003,30.778667653756106,57.691236379813205,56.25890926171782,43.74109073828218,28.857129637195776,62.5202514206687,4,29.30866558588332,15.162612165363369,18.781838235294178,18.96065125830433,98.9957688926998,1.004231107300213,25.00994166169673,12.478217897159285,-46.66890896786302,-58.38980831479481,11.720899346931796,11.238315725669484,51.5090295866689,0.0,0.0,0.0,0.0,18.27,18.42,-1.2209625657327656,0.0,1.8527509467984622,0.8626953350585342,False,False,False,False,24.309483719631224,30.778667653756106,False,False
1788326400.001,2026-09-02 13:20:00.000999928+08:00,18.4,18.42,18.4,18.42,32.905940595611085,61.94752633372049,56.09600377178723,43.90399622821277,30.330470626349165,71.56322620366242,5,29.30866558588332,15.162612165363369,18.781838235294178,18.96065125830433,98.9957688926998,1.004231107300213,25.00994166169673,12.478217897159285,-46.66890896786302,-58.38980831479481,11.720899346931796,11.238315725669484,51.5090295866689,0.0,0.0,0.0,0.0,18.27,18.42,0.0,0.0,2.1272729418549794,0.0,False,False,False,False,24.902353925616328,32.905940595611085,False,False
1788326520.0,2026-09-02 13:22:00+08:00,18.4,18.4,18.380000000000003,18.380000000000003,35.05695209200757,64.9658749091771,56.13276086041304,43.86723913958696,25.798566411768743,60.07215629802639,4,29.30866558588332,15.162612165363369,18.781838235294178,18.96065125830433,98.9957688926998,1.004231107300213,25.00994166169673,12.478217897159285,-46.66890896786302,-58.38980831479481,11.720899346931796,11.238315725669484,51.5090295866689,0.0,0.0,0.0,0.0,18.27,18.42,0.0,0.0,2.1510114963964853,0.0,False,False,False,False,25.83441027399613,35.05695209200757,False,False
1788326520.001,2026-09-02 13:22:00.000999928+08:00,18.38,18.38,18.36,18.36,37.09152975826863,66.28569990038383,57.67635308741511,42.32364691258489,21.16408288118152,42.21408995863331,3,29.30866558588332,15.162612165363369,18.781838235294178,18.96065125830433,98.9957688926998,1.004231107300213,25.00994166169673,12.478217897159285,-46.66890896786302,-58.38980831479481,11.720899346931796,11.238315725669484,51.5090295866689,0.0,0.0,0.0,0.0,18.27,18.42,0.0,0.0,2.0345776662610575,0.0,False,False,False,False,27.17192569456162,37.09152975826863,False,False
1788326640.0,2026-09-02 13:24:00+08:00,18.38,18.4,18.38,18.4,39.23943197356436,67.92617014182588,60.142732936313855,39.85726706368615,23.836471976607186,66.06525945021423,5,29.30866558588332,15.162612165363369,18.781838235294178,18.96065125830433,98.9957688926998,1.004231107300213,23.945811268674515,12.451249727817752,-32.097352670404774,-50.238996458767225,18.14164378836245,12.29213350761967,55.686842186102446,0.0,0.0,0.0,0.0,18.29,18.42,0.0,-1.0641303930222143,2.14790221529573,1.0538177819501868,False,False,False,False,28.925916706957643,39.23943197356436,False,False
1788326640.001,2026-09-02 13:24:00.000999928+08:00,18.4,18.42,18.4,18.42,41.56899259417152,70.53926428278972,61.91471840692609,38.08528159307391,26.57436188728689,68.3288423859573,5,29.30866558588332,15.162612165363369,18.781838235294178,18.96065125830433,98.9957688926998,1.004231107300213,23.945811268674515,12.451249727817752,-32.097352670404774,-50.238996458767225,18.14164378836245,12.29213350761967,55.686842186102446,0.0,0.0,0.0,0.0,18.29,18.42,0.0,0.0,2.329560620607161,0.0,False,False,False,False,30.778667653756106,41.56899259417152,False,False
1788326760.0,2026-09-02 13:26:00+08:00,18.42,18.44,18.42,18.44,44.01936744940813,73.42736558350776,62.22391988877517,37.77608011122483,31.344718361568503,72.24413884381623,5,29.30866558588332,15.162612165363369,18.781838235294178,18.96065125830433,98.9957688926998,1.004231107300213,23.945811268674515,12.451249727817752,-32.097352670404774,-50.238996458767225,18.14164378836245,13.600694597597514,60.11624306880728,0.0,0.0,0.0,0.0,18.29,18.44,0.0,0.0,2.4503748552366105,1.308561089977843,False,False,False,False,32.905940595611085,44.01936744940813,False,False
1788326760.001,2026-09-02 13:26:00.000999928+08:00,18.44,18.46,18.44,18.46,46.54089674796984,76.26241671958002,63.422049719751264,36.577950280248736,35.923939257341765,75.99918136596868,5,29.30866558588332,15.162612165363369,18.781838235294178,18.96065125830433,98.9957688926998,1.004231107300213,23.945811268674515,12.451249727817752,-32.097352670404774,-50.238996458767225,18.14164378836245,13.600694597597514,60.11624306880728,0.0,0.0,0.0,0.0,18.29,18.44,0.0,0.0,2.5215292985617097,0.0,False,False,False,False,35.05695209200757,46.54089674796984,False,False
1788326880.0,2026-09-02 13:28:00+08:00,18.46,18.48,18.46,18.48,49.09332928409068,78.90087145438932,64.96143485090667,35.03856514909333,43.05803464859223,81.90289690079757,5,29.30866558588332,15.162612165363369,18.781838235294178,18.96065125830433,98.9957688926998,1.004231107300213,23.945811268674515,12.451249727817752,-32.097352670404774,-50.238996458767225,18.14164378836245,15.2403812572189,64.38720703743269,0.0,0.0,0.0,0.0,18.29,18.49,0.0,0.0,2.5524325361208398,1.6396866596213862,False,False,False,False,37.09152975826863,49.09332928409068,False,False
1788327000.0,2026-09-02 13:30:00+08:00,18.48,18.5,18.48,18.5,51.64431304463492,81.29027117473943,74.39217545225908,25.60782454774092,51.30587854281631,88.13139539204994,5,28.252182500661945,15.4056341235693,18.75750000000006,18.95586865871922,98.16128719915834,1.8387128008416576,23.945811268674515,12.451249727817752,-32.097352670404774,-50.238996458767225,18.14164378836245,15.2403812572189,64.38720703743269,0.0,0.0,0.0,0.0,18.29,18.49,-1.0564830852213731,0.0,2.5509837605442414,0.0,False,False,False,False,39.23943197356436,51.64431304463492,False,False
1788327120.0,2026-09-02 13:32:00+08:00,18.5,18.52,18.47,18.52,54.16811325155141,83.21592621942675,71.11216269123403,28.887837308765967,62.41954325711493,91.48854511935802,5,28.252182500661945,15.4056341235693,18.75750000000006,18.95586865871922,98.16128719915834,1.8387128008416576,23.08641627686702,13.043823453905182,-16.664485289385333,-38.30782773386262,21.643342444477284,17.18357468549468,68.48666581801602,0.0,0.0,0.0,0.0,18.29,18.51,0.0,-0.8593949918074948,2.5238002069164907,1.9431934282757801,False,False,False,False,41.56899259417152,54.16811325155141,False,False
1788327360.0,2026-09-02 13:36:00+08:00,18.5,18.5,18.48,18.48,56.49875191075773,84.24628054588649,64.89120400345875,35.10879599654125,31.41527560176327,74.62777693163201,5,28.252182500661945,15.4056341235693,18.75750000000006,18.95586865871922,98.16128719915834,1.8387128008416576,23.08641627686702,13.043823453905182,-16.664485289385333,-38.30782773386262,21.643342444477284,19.26347220758101,71.85960853063003,0.0,0.0,0.0,1.0,18.29,18.52,0.0,0.0,2.330638659206322,2.0798975220863305,False,False,False,False,44.01936744940813,56.49875191075773,False,False
1788327480.0,2026-09-02 13:38:00+08:00,18.48,18.51,18.46,18.46,58.57898142176554,84.38455521823462,61.183818555071866,38.81618144492813,19.8777823115829,65.34725165303597,5,28.252182500661945,15.4056341235693,18.75750000000006,18.95586865871922,98.16128719915834,1.8387128008416576,23.08641627686702,13.043823453905182,-16.664485289385333,-38.30782773386262,21.643342444477284,19.26347220758101,71.85960853063003,0.0,0.0,0.0,1.0,18.29,18.52,0.0,0.0,2.0802295110078077,0.0,False,False,False,False,46.54089674796984,58.57898142176554,False,False
1788327600.0,2026-09-02 13:40:00+08:00,18.48,18.5,18.48,18.5,60.58175196288223,84.68963948769007,58.24723660340976,41.75276339659024,27.53302307806748,71.47367289431868,5,27.373835243364432,16.39497427102515,18.73875000000006,18.951556532761813,96.5157530756938,3.4842469243062117,23.08641627686702,13.043823453905182,-16.664485289385333,-38.30782773386262,21.643342444477284,21.48764092712339,74.41571247009159,0.0,0.0,0.0,0.0,18.29,18.52,-0.8783472572975128,0.0,2.002770541116689,2.22416871954238,False,False,False,False,49.09332928409068,60.58175196288223,False,False
1788327720.0,2026-09-02 13:42:00+08:00,18.5,18.52,18.5,18.52,62.57802084292529,85.66553986336706,60.4680050396271,39.5319949603729,30.44675021992818,73.80529484061101,5,27.373835243364432,16.39497427102515,18.73875000000006,18.951556532761813,96.5157530756938,3.4842469243062117,23.08641627686702,13.043823453905182,-16.664485289385333,-38.30782773386262,21.643342444477284,23.91732082822842,76.9682643259126,0.0,0.0,0.0,0.0,18.29,18.54,0.0,0.0,1.9962688800430612,2.429679901105029,False,False,False,False,51.64431304463492,62.57802084292529,False,False
1788327720.001,2026-09-02 13:42:00.000999928+08:00,18.52,18.54,18.52,18.54,64.5487448408889,86.87910146270244,62.74614430882717,37.25385569117283,33.39268642717346,76.14132474375269,5,27.373835243364432,16.39497427102515,18.73875000000006,18.951556532761813,96.5157530756938,3.4842469243062117,23.08641627686702,13.043823453905182,-16.664485289385333,-38.30782773386262,21.643342444477284,23.91732082822842,76.9682643259126,0.0,0.0,0.0,0.0,18.29,18.54,0.0,0.0,1.97072399796361,0.0,False,False,False,False,54.16811325155141,64.5487448408889,False,False
1788327960.0,2026-09-02 13:46:00+08:00,18.54,18.56,18.54,18.56,66.47902776946312,88.12476611772723,65.0755034918559,34.9244965081441,36.312838495069,78.43885019644614,5,27.373835243364432,16.39497427102515,18.73875000000006,18.951556532761813,96.5157530756938,3.4842469243062117,22.44512547722289,14.184263765131249,-1.1901924584669992,-24.15523484653002,22.965042388063026,23.91732082822842,76.9682643259126,0.0,0.0,0.0,0.0,18.29,18.54,0.0,-0.6412907996441284,1.930282928574215,0.0,False,False,False,False,56.49875191075773,66.47902776946312,False,False
1788327960.001,2026-09-02 13:46:00.000999928+08:00,18.56,18.58,18.56,18.58,68.35742614353786,89.30980905506772,64.73291971892661,35.26708028107339,39.24287769788861,80.72891907567707,5,27.373835243364432,16.39497427102515,18.73875000000006,18.951556532761813,96.5157530756938,3.4842469243062117,22.44512547722289,14.184263765131249,-1.1901924584669992,-24.15523484653002,22.965042388063026,23.91732082822842,76.9682643259126,0.0,0.0,0.0,0.0,18.29,18.54,0.0,0.0,1.8783983740747487,0.0,False,False,False,False,58.57898142176554,68.35742614353786,False,False
1788327960.002,2026-09-02 13:46:00.002000093+08:00,18.58,18.6,18.58,18.6,70.17536131735719,90.39693786990236,64.38354837225188,35.61645162774812,42.169528816412026,83.00405325985052,5,27.373835243364432,16.39497427102515,18.73875000000006,18.951556532761813,96.5157530756938,3.4842469243062117,22.44512547722289,14.184263765131249,-1.1901924584669992,-24.15523484653002,22.965042388063026,23.91732082822842,76.9682643259126,0.0,0.0,0.0,0.0,18.29,18.54,0.0,0.0,1.817935173819322,0.0,False,False,False,False,60.58175196288223,70.17536131735719,False,False
1788328080.0,2026-09-02 13:48:00+08:00,18.58,18.58,18.56,18.56,71.81000428482635,90.81145603946982,63.51141645790551,36.48858354209449,26.441694141316376,71.41689621788011,5,27.373835243364432,16.39497427102515,18.73875000000006,18.951556532761813,96.5157530756938,3.4842469243062117,22.44512547722289,14.184263765131249,-1.1901924584669992,-24.15523484653002,22.965042388063026,29.4229687462332,81.32652966769976,0.0,0.0,0.0,0.0,18.29,18.6,0.0,0.0,1.634642967469162,5.5056479180047795,False,False,False,False,62.57802084292529,71.81000428482635,False,False
1788328200.0,2026-09-02 13:50:00+08:00,18.56,18.56,18.54,18.54,73.2237725504887,90.44727457015182,61.14524653948449,38.85475346051551,13.565004193524716,61.79160122462216,5,26.66552572216774,17.785165154355546,18.722352941176528,18.94751119412737,95.18334178024077,4.816658219759251,22.44512547722289,14.184263765131249,-1.1901924584669992,-24.15523484653002,22.965042388063026,29.4229687462332,81.32652966769976,0.0,0.0,0.0,0.0,18.29,18.6,-0.7083095211966928,0.0,1.4137682656623554,0.0,False,False,False,False,64.5487448408889,73.2237725504887,False,False
1788328320.0,2026-09-02 13:52:00+08:00,18.54,18.54,18.52,18.52,74.37487181506778,89.31454815317514,59.53426326147525,40.46573673852475,0.8731458308659484,52.15401334143597,5,26.66552572216774,17.785165154355546,18.722352941176528,18.94751119412737,95.18334178024077,4.816658219759251,22.44512547722289,14.184263765131249,-1.1901924584669992,-24.15523484653002,22.965042388063026,32.230213220416054,82.25193776182039,0.0,0.0,0.0,0.0,18.29,18.6,0.0,0.0,1.1510992645790736,2.8072444741828555,False,False,False,False,66.47902776946312,74.37487181506778,False,False
1788328560.0,2026-09-02 13:56:00+08:00,18.54,18.56,18.51,18.56,75.42884792426051,88.3481009036219,65.47878569498245,34.52121430501755,19.35034159204024,65.59513531161639,5,26.66552572216774,17.785165154355546,18.722352941176528,18.94751119412737,95.18334178024077,4.816658219759251,22.44512547722289,14.184263765131249,-1.1901924584669992,-24.15523484653002,22.965042388063026,32.230213220416054,82.25193776182039,0.0,0.0,0.0,0.0,18.29,18.6,0.0,0.0,1.0539761091927318,0.0,False,False,False,False,68.35742614353786,75.42884792426051,False,False
1788328920.0,2026-09-02 14:02:00+08:00,18.54,18.57,18.52,18.52,76.27108123395793,87.2454504049371,56.589558905921145,43.410441094078855,-17.102656565839933,57.252152413176205,5,26.086917718679,19.284848387021608,18.704852941176533,18.94335685388729,94.35112232032697,5.648877679673042,22.44512547722289,14.184263765131249,-1.1901924584669992,-24.15523484653002,22.965042388063026,34.96302890252756,82.70413874990655,0.0,0.0,0.0,1.0,18.29,18.6,-0.5786080034887391,0.0,0.8422333096974199,2.7328156821115073,False,False,False,False,70.17536131735719,76.27108123395793,False,False
1788329280.0,2026-09-02 14:08:00+08:00,18.52,18.52,18.5,18.5,76.87434742395192,85.56410949408817,55.32593784234579,44.67406215765421,-31.58015872113042,62.1741245754615,5,26.086917718679,19.284848387021608,18.704852941176533,18.94335685388729,94.35112232032697,5.648877679673042,22.44512547722289,14.184263765131249,-1.1901924584669992,-24.15523484653002,22.965042388063026,37.52598367064127,82.22859592933102,0.0,0.0,0.0,0.0,18.29,18.6,0.0,0.0,0.6032661899939882,2.5629547681137055,False,False,False,False,71.81000428482635,76.87434742395192,False,False
1788329520.0,2026-09-02 14:12:00+08:00,18.5,18.5,18.48,18.48,77.21941659774724,83.29402469285625,50.61736691404196,49.38263308595804,-39.68705714963633,50.60043858866968,4,25.576715120762238,20.4878859557578,18.684705882353,18.93877121355011,96.66907963375763,3.3309203662423736,22.44512547722289,14.184263765131249,-1.1901924584669992,-24.15523484653002,22.965042388063026,39.98274761574948,81.25954583378581,0.0,0.0,0.0,0.0,18.29,18.6,-0.5102025979167628,0.0,0.34506917379532354,2.4567639451082144,False,False,False,False,73.2237725504887,77.21941659774724,False,False
1788329520.001,2026-09-02 14:12:00.000999928+08:00,18.5,18.52,18.5,18.52,77.47914674790913,81.48676538753901,51.6974653055418,48.3025346944582,-37.31826337149258,63.51985780472158,5,25.576715120762238,20.4878859557578,18.684705882353,18.93877121355011,96.66907963375763,3.3309203662423736,22.44512547722289,14.184263765131249,-1.1901924584669992,-24.15523484653002,22.965042388063026,39.98274761574948,81.25954583378581,0.0,0.0,0.0,0.0,18.29,18.6,0.0,0.0,0.25973015016188583,0.0,False,False,False,False,74.37487181506778,77.47914674790913,False,False
1788329640.0,2026-09-02 14:14:00+08:00,18.52,18.54,18.52,18.54,77.73014661304076,80.46777930965254,50.68751377231116,49.31248622768885,-27.69137724747626,58.90575268051156,5,25.576715120762238,20.4878859557578,18.684705882353,18.93877121355011,96.66907963375763,3.3309203662423736,22.44512547722289,14.184263765131249,-1.1901924584669992,-24.15523484653002,22.965042388063026,42.27476611652157,80.32137065752411,0.0,0.0,0.0,0.0,18.29,18.6,0.0,0.0,0.2509998651316323,2.2920185007720875,False,False,False,False,75.42884792426051,77.73014661304076,False,False
1788329760.0,2026-09-02 14:16:00+08:00,18.52,18.52,18.5,18.5,77.84795082287948,79.30641394309464,50.62856256737458,49.37143743262542,-30.083839708979284,45.008136801854754,4,25.576715120762238,20.4878859557578,18.684705882353,18.93877121355011,96.66907963375763,3.3309203662423736,21.89120721530813,15.088433629575892,0.2235744903055441,-12.43211398198788,12.655688472293424,42.27476611652157,80.32137065752411,0.0,0.0,0.0,0.0,18.29,18.6,0.0,-0.5539182619147631,0.11780420983872375,0.0,False,False,False,False,76.27108123395793,77.84795082287948,False,False
1788329760.001,2026-09-02 14:16:00.000999928+08:00,18.5,18.5,18.48,18.48,77.79669716146013,77.20987614171139,48.58116169385342,51.41883830614658,-32.53911264757499,27.73214706851355,3,25.576715120762238,20.4878859557578,18.684705882353,18.93877121355011,96.66907963375763,3.3309203662423736,21.89120721530813,15.088433629575892,0.2235744903055441,-12.43211398198788,12.655688472293424,42.27476611652157,80.32137065752411,0.0,0.0,0.0,0.0,18.29,18.6,0.0,0.0,-0.05125366141935217,0.0,True,False,False,False,76.87434742395192,77.84795082287948,False,False
1788329880.0,2026-09-02 14:18:00+08:00,18.48,18.48,18.46,18.46,77.54956731272124,74.01065450242498,45.97947080989849,54.02052919010151,-36.93502199734003,16.635864374069314,2,25.576715120762238,20.4878859557578,18.684705882353,18.93877121355011,96.66907963375763,3.3309203662423736,21.89120721530813,15.088433629575892,0.2235744903055441,-12.43211398198788,12.655688472293424,44.27437975328852,78.23735435990218,0.0,0.0,0.0,0.0,18.29,18.6,0.0,0.0,-0.24712984873889354,1.9996136367669521,False,False,False,False,77.21941659774724,77.84795082287948,False,False
1788329880.001,2026-09-02 14:18:00.000999928+08:00,18.46,18.46,18.44,18.44,77.08721482293345,69.97213181160524,42.781950997434,57.218049002566005,-41.15308501619425,26.844017798528245,1,25.576715120762238,20.4878859557578,18.684705882353,18.93877121355011,96.66907963375763,3.3309203662423736,21.89120721530813,15.088433629575892,0.2235744903055441,-12.43211398198788,12.655688472293424,44.27437975328852,78.23735435990218,0.0,0.0,0.0,0.0,18.29,18.6,0.0,0.0,-0.46235248978779,0.0,False,False,False,False,77.08721482293345,77.84795082287948,False,False
1788330600.0,2026-09-02 14:30:00+08:00,18.44,18.44,18.42,18.42,76.39643764362901,65.26713648137738,31.842270414906864,68.15772958509314,-69.35270566913903,40.01931884084779,0,24.603045769009025,21.56232774378535,18.641617647058883,18.92864629162144,98.25173430329734,1.7482656967026555,21.89120721530813,15.088433629575892,0.2235744903055441,-12.43211398198788,12.655688472293424,45.910544371280174,74.8433796674721,0.0,0.0,0.0,0.0,18.29,18.6,-0.9736693517532125,0.0,-0.6907771793044333,1.6361646179916534,False,False,False,False,76.39643764362901,77.84795082287948,False,False
1788330720.0,2026-09-02 14:32:00+08:00,18.42,18.42,18.4,18.4,75.46905888612457,60.0173430197528,28.36606412399652,71.63393587600348,-74.20046863754976,100.0,0,24.603045769009025,21.56232774378535,18.641617647058883,18.92864629162144,98.25173430329734,1.7482656967026555,21.89120721530813,15.088433629575892,0.2235744903055441,-12.43211398198788,12.655688472293424,45.910544371280174,74.8433796674721,0.0,0.0,0.0,0.0,18.29,18.6,0.0,0.0,-0.9273787575044423,0.0,False,False,False,False,75.46905888612457,77.84795082287948,False,False
1788331320.0,2026-09-02 14:42:00+08:00,18.4,18.43,18.380000000000003,18.380000000000003,74.30098471634767,54.49238322526476,25.030312685600613,74.96968731439938,-80.67153327155211,100.0,0,24.11426334258892,21.559091842711595,18.61963235294124,18.923411005137645,98.52266667512843,1.4773333248715548,21.36610039889695,15.50208584469286,-6.988494354061168,-6.154899402901979,-0.8335949511591894,47.18558048429356,70.57742560644989,0.0,0.0,0.0,0.0,18.33,18.6,-0.48878242642010505,-0.5251068164111778,-1.1680741697769008,1.2750361130133854,False,False,False,False,74.30098471634767,77.79669716146013,False,False
1788331440.0,2026-09-02 14:44:00+08:00,18.4,18.42,18.4,18.42,73.0769416091599,49.77984927344153,26.58647503878923,73.41352496121077,-71.6102837910632,97.14491974108948,1,24.11426334258892,21.559091842711595,18.61963235294124,18.923411005137645,98.52266667512843,1.4773333248715548,21.36610039889695,15.50208584469286,-6.988494354061168,-6.154899402901979,-0.8335949511591894,48.24291301166194,66.33464300472151,0.0,0.0,0.0,0.0,18.36,18.6,0.0,0.0,-1.224043107187768,1.0573325273683807,False,False,False,False,73.0769416091599,77.54956731272124,False,False
1788331920.0,2026-09-02 14:52:00+08:00,18.4,18.43,18.380000000000003,18.380000000000003,71.65326767135083,45.216393107890575,25.42644911545167,74.57355088454833,-74.55025466337342,100.0,0,23.64637826114495,21.48132136245633,18.59867647058829,18.918451691653686,98.48307261450846,1.5169273854915457,21.36610039889695,15.50208584469286,-6.988494354061168,-6.154899402901979,-0.8335949511591894,49.03344635213454,62.450929877837055,0.0,0.0,0.0,0.0,18.36,18.6,-0.46788508144397056,0.0,-1.4236739378090704,0.7905333404725994,False,False,False,False,71.65326767135083,77.08721482293345,False,False
1788332160.0,2026-09-02 14:56:00+08:00,18.4,18.42,18.4,18.42,70.21689674329483,41.069844853909125,27.891597549846,72.108402450154,-62.784866126705616,93.06509856167374,1,23.64637826114495,21.48132136245633,18.59867647058829,18.918451691653686,98.48307261450846,1.5169273854915457,21.36610039889695,15.50208584469286,-6.988494354061168,-6.154899402901979,-0.8335949511591894,49.68629844964555,58.95242879992578,0.0,0.0,0.0,0.0,18.36,18.6,0.0,0.0,-1.4363709280560073,0.6528520975110084,False,False,False,False,70.21689674329483,76.39643764362901,False,False
1788332280.0,2026-09-02 14:58:00+08:00,18.42,18.44,18.42,18.44,68.85090967842268,38.04750408666382,27.665611625907893,72.3343883740921,-61.910811698662926,77.72726000731762,2,23.64637826114495,21.48132136245633,18.59867647058829,18.918451691653686,98.48307261450846,1.5169273854915457,21.36610039889695,15.50208584469286,-6.988494354061168,-6.154899402901979,-0.8335949511591894,50.33322015697591,56.836653469766446,0.0,0.0,0.0,0.0,18.38,18.6,0.0,0.0,-1.3659870648721437,0.6469217073303639,False,False,False,False,68.85090967842268,75.46905888612457,False,False
1788332280.001,2026-09-02 14:58:00.000999928+08:00,18.44,18.46,18.44,18.46,67.62071385126931,36.37219866074503,27.43820478040687,72.56179521959314,-60.96012931140224,62.66932165154562,2,23.64637826114495,21.48132136245633,18.59867647058829,18.918451691653686,98.48307261450846,1.5169273854915457,21.36610039889695,15.50208584469286,-6.988494354061168,-6.154899402901979,-0.8335949511591894,50.33322015697591,56.836653469766446,0.0,0.0,0.0,0.0,18.38,18.6,0.0,0.0,-1.2301958271533664,0.0,False,False,False,False,67.62071385126931,74.30098471634767,False,False
1788399000.0,2026-09-03 09:30:00+08:00,18.46,18.48,18.46,18.48,66.57698256771229,36.04320941802529,26.811024503961438,73.18897549603857,-60.53103213292588,36.09068750598783,3,23.34996012197164,22.28141784457617,18.58397058823536,18.91528301810489,96.458996142588,3.541003857412001,20.704849518752063,16.97771790226855,14.311004119555957,2.217503839436506,12.09350028011945,51.259999212418734,58.43383821556432,0.0,0.0,0.0,0.0,18.38,18.66,-0.2964181391733085,-0.6612508801448875,-1.0437312835570225,0.9267790554428217,False,False,False,False,66.57698256771229,73.0769416091599,False,False
1788399000.001,2026-09-03 09:30:00.000999928+08:00,18.48,18.5,18.48,18.5,65.75814494320936,36.96406270622148,26.17290776530032,73.82709223469968,-60.06165994953824,43.45323881733188,4,23.34996012197164,22.28141784457617,18.58397058823536,18.91528301810489,96.458996142588,3.541003857412001,20.704849518752063,16.97771790226855,14.311004119555957,2.217503839436506,12.09350028011945,51.259999212418734,58.43383821556432,0.0,0.0,0.0,0.0,18.38,18.66,0.0,0.0,-0.8188376245029332,0.0,False,False,False,False,65.75814494320936,71.65326767135083,False,False
1788399000.002,2026-09-03 09:30:00.002000093+08:00,18.5,18.52,18.5,18.52,65.19249258333852,39.00413820786113,25.005702674803796,74.99429732519621,-59.54851059171354,50.0,5,23.34996012197164,22.28141784457617,18.58397058823536,18.91528301810489,96.458996142588,3.541003857412001,20.704849518752063,16.97771790226855,14.311004119555957,2.217503839436506,12.09350028011945,51.259999212418734,58.43383821556432,0.0,0.0,0.0,0.0,18.38,18.66,0.0,0.0,-0.565652359870839,0.0,False,False,False,False,65.19249258333852,70.21689674329483,False,False
1788399000.003,2026-09-03 09:30:00.003000021+08:00,18.52,18.54,18.52,18.54,64.89995977351258,42.0275113430672,23.30013780741155,76.69986219258845,-58.98783319411351,50.0,5,23.34996012197164,22.28141784457617,18.58397058823536,18.91528301810489,96.458996142588,3.541003857412001,20.704849518752063,16.97771790226855,14.311004119555957,2.217503839436506,12.09350028011945,51.259999212418734,58.43383821556432,0.0,0.0,0.0,0.0,18.38,18.66,0.0,0.0,-0.29253280982594276,0.0,False,False,False,False,64.89995977351258,68.85090967842268,False,False
1788399000.004,2026-09-03 09:30:00.003999949+08:00,18.54,18.56,18.54,18.56,64.8936256434474,45.905693175209095,19.84876397472338,80.15123602527662,-58.37562193409004,50.0,5,23.34996012197164,22.28141784457617,18.58397058823536,18.91528301810489,96.458996142588,3.541003857412001,20.704849518752063,16.97771790226855,14.311004119555957,2.217503839436506,12.09350028011945,51.259999212418734,58.43383821556432,0.0,0.0,0.0,0.0,18.38,18.66,0.0,0.0,-0.00633413006518424,0.0,False,False,False,False,64.8936256434474,67.62071385126931,False,False
1788399000.005,2026-09-03 09:30:00.005000114+08:00,18.56,18.58,18.56,18.58,65.18097971802128,50.52255925309255,20.831995274488406,79.1680047255116,-57.70761224132042,50.0,5,23.34996012197164,22.28141784457617,18.58397058823536,18.91528301810489,96.458996142588,3.541003857412001,20.704849518752063,16.97771790226855,14.311004119555957,2.217503839436506,12.09350028011945,51.259999212418734,58.43383821556432,0.0,0.0,0.0,0.0,18.38,18.66,0.0,0.0,0.2873540745738836,0.0,False,False,False,False,64.8936256434474,66.57698256771229,False,False
1788399000.006,2026-09-03 09:30:00.006000042+08:00,18.58,18.6,18.58,18.6,65.76498622923293,55.77557879436719,21.35926650836351,78.6407334916365,-56.97928014473833,50.0,5,23.34996012197164,22.28141784457617,18.58397058823536,18.91528301810489,96.458996142588,3.541003857412001,20.704849518752063,16.97771790226855,14.311004119555957,2.217503839436506,12.09350028011945,51.259999212418734,58.43383821556432,0.0,0.0,0.0,0.0,18.38,18.66,0.0,0.0,0.5840065112116548,0.0,False,False,False,False,64.8936256434474,65.76498622923293,False,False
1788399000.007,2026-09-03 09:30:00.006999969+08:00,18.6,18.62,18.6,18.62,66.5791446133684,60.947664874363454,19.59065857337717,80.40934142662283,-56.18584551609256,50.0,5,23.34996012197164,22.28141784457617,18.58397058823536,18.91528301810489,96.458996142588,3.541003857412001,20.704849518752063,16.97771790226855,14.311004119555957,2.217503839436506,12.09350028011945,51.259999212418734,58.43383821556432,0.0,0.0,0.0,0.0,18.38,18.66,0.0,0.0,0.8141583841354674,0.0,False,False,False,False,64.8936256434474,66.5791446133684,False,False
1788399000.008,2026-09-03 09:30:00.007999897+08:00,18.62,18.64,18.62,18.64,67.56817736182961,65.73394548355569,19.1924293584898,80.80757064151021,-52.80829916893273,50.0,5,23.34996012197164,22.28141784457617,18.58397058823536,18.91528301810489,96.458996142588,3.541003857412001,20.704849518752063,16.97771790226855,14.311004119555957,2.217503839436506,12.09350028011945,51.259999212418734,58.43383821556432,0.0,0.0,0.0,0.0,18.38,18.66,0.0,0.0,0.9890327484612129,0.0,False,False,False,False,64.8936256434474,67.56817736182961,False,False
1788399000.009,2026-09-03 09:30:00.009000063+08:00,18.64,18.66,18.64,18.66,68.68630365793312,70.02870229173107,18.790236031538328,81.20976396846167,-49.25780039906727,49.77734011972018,5,23.34996012197164,22.28141784457617,18.58397058823536,18.91528301810489,96.458996142588,3.541003857412001,20.704849518752063,16.97771790226855,14.311004119555957,2.217503839436506,12.09350028011945,51.259999212418734,58.43383821556432,0.0,0.0,0.0,0.0,18.38,18.66,0.0,0.0,1.1181262961035117,0.0,False,True,False,False,64.8936256434474,68.68630365793312,False,True
1788399000.01,2026-09-03 09:30:00.009999990+08:00,18.64,18.64,18.62,18.62,69.7854540316814,73.19379280092747,17.968397347554255,82.03160265244574,-50.10791120646863,50.0,5,23.34996012197164,22.28141784457617,18.58397058823536,18.91528301810489,96.458996142588,3.541003857412001,20.704849518752063,16.97771790226855,14.311004119555957,2.217503839436506,12.09350028011945,51.259999212418734,58.43383821556432,0.0,0.0,0.0,0.0,18.38,18.66,0.0,0.0,1.099150373748273,0.0,False,False,False,False,65.18097971802128,69.7854540316814,False,False
1788399000.011,2026-09-03 09:30:00.010999918+08:00,18.62,18.62,18.6,18.6,70.80312810213515,75.13845863541486,17.136009737128663,82.86399026287134,-51.01072859195938,50.0,5,23.34996012197164,22.28141784457617,18.58397058823536,18.91528301810489,96.458996142588,3.541003857412001,20.704849518752063,16.97771790226855,14.311004119555957,2.217503839436506,12.09350028011945,51.259999212418734,58.43383821556432,0.0,0.0,0.0,0.0,18.38,18.66,0.0,0.0,1.0176740704537508,0.0,False,False,False,False,65.76498622923293,70.80312810213515,False,False
1788399000.012,2026-09-03 09:30:00.012000084+08:00,18.6,18.6,18.58,18.58,71.69041205898858,75.91097653950229,16.292868783059127,83.70713121694087,-51.96682612276703,50.0,5,23.34996012197164,22.28141784457617,18.58397058823536,18.91528301810489,96.458996142588,3.541003857412001,20.704849518752063,16.97771790226855,14.311004119555957,2.217503839436506,12.09350028011945,51.259999212418734,58.43383821556432,0.0,0.0,0.0,0.0,18.38,18.66,0.0,0.0,0.8872839568534374,0.0,False,False,False,False,66.5791446133684,71.69041205898858,False,False
1788399120.0,2026-09-03 09:32:00+08:00,18.58,18.58,18.56,18.56,72.40970501356566,75.61576139863654,16.310688017790557,83.68931198220945,-58.17777078258038,50.0,5,23.34996012197164,22.28141784457617,18.58397058823536,18.91528301810489,96.458996142588,3.541003857412001,20.704849518752063,16.97771790226855,14.311004119555957,2.217503839436506,12.09350028011945,52.28141283031651,60.65878609122306,0.0,0.0,0.0,0.0,18.38,18.66,0.0,0.0,0.719292954577071,1.0214136178977782,False,False,False,False,67.56817736182961,72.40970501356566,False,False
1788399120.001,2026-09-03 09:32:00.000999928+08:00,18.58,18.6,18.58,18.6,73.09826551588434,75.49627807509762,17.169428464376722,82.83057153562328,-52.05331116442342,50.0,5,23.34996012197164,22.28141784457617,18.58397058823536,18.91528301810489,96.458996142588,3.541003857412001,20.704849518752063,16.97771790226855,14.311004119555957,2.217503839436506,12.09350028011945,52.28141283031651,60.65878609122306,0.0,0.0,0.0,0.0,18.38,18.66,0.0,0.0,0.6885605023186798,0.0,False,False,False,False,68.68630365793312,73.09826551588434,False,False
1788399240.0,2026-09-03 09:34:00+08:00,18.6,18.62,18.57,18.62,73.79325994103712,75.81778576780869,19.07971211729956,80.92028788270044,-35.154988561868294,44.7016263176694,5,23.34996012197164,22.28141784457617,18.58397058823536,18.91528301810489,96.458996142588,3.541003857412001,20.704849518752063,16.97771790226855,14.311004119555957,2.217503839436506,12.09350028011945,54.67428018648112,65.21759087916371,0.0,0.0,0.0,0.0,18.38,18.66,0.0,0.0,0.6949944251527853,2.392867356164608,False,False,False,False,69.7854540316814,73.79325994103712,False,False
1788399360.0,2026-09-03 09:36:00+08:00,18.6,18.6,18.58,18.58,74.34172564056992,75.84614110167813,14.906247256697217,85.09375274330279,-44.57634425412178,48.37275542452194,5,23.34996012197164,22.28141784457617,18.58397058823536,18.91528301810489,96.458996142588,3.541003857412001,20.704849518752063,16.97771790226855,14.311004119555957,2.217503839436506,12.09350028011945,55.94908026869986,67.50229484322696,0.0,0.0,0.0,0.0,18.38,18.66,0.0,0.0,0.5484656995327981,1.2748000822187393,False,False,False,False,70.80312810213515,74.34172564056992,False,False
1788399360.001,2026-09-03 09:36:00.000999928+08:00,18.58,18.58,18.56,18.56,74.69994263638273,75.2366302477064,16.062192944705544,83.93780705529446,-52.21354684936232,50.0,5,23.34996012197164,22.28141784457617,18.58397058823536,18.91528301810489,96.458996142588,3.541003857412001,20.704849518752063,16.97771790226855,14.311004119555957,2.217503839436506,12.09350028011945,55.94908026869986,67.50229484322696,0.0,0.0,0.0,0.0,18.38,18.66,0.0,0.0,0.3582169958128105,0.0,False,False,False,False,71.69041205898858,74.69994263638273,False,False
1788399480.0,2026-09-03 09:38:00+08:00,18.56,18.56,18.54,18.54,74.835054708189,73.88708057831093,16.65291300736867,83.34708699263133,-59.11257581668361,50.0,5,23.34996012197164,22.28141784457617,18.58397058823536,18.91528301810489,96.458996142588,3.541003857412001,20.704849518752063,16.97771790226855,14.311004119555957,2.217503839436506,12.09350028011945,57.15218160334808,68.91082644713171,0.0,0.0,0.0,0.0,18.38,18.66,0.0,0.0,0.13511207180627594,1.203101334648224,True,False,False,False,72.40970501356566,74.835054708189,False,False
1788399480.001,2026-09-03 09:38:00.000999928+08:00,18.56,18.58,18.56,18.58,74.9272692002914,72.92901271950694,18.109385363696664,81.89061463630334,-53.6416359364553,50.0,5,23.34996012197164,22.28141784457617,18.58397058823536,18.91528301810489,96.458996142588,3.541003857412001,20.704849518752063,16.97771790226855,14.311004119555957,2.217503839436506,12.09350028011945,57.15218160334808,68.91082644713171,0.0,0.0,0.0,0.0,18.38,18.66,0.0,0.0,0.09221449210239996,0.0,False,False,False,False,73.09826551588434,74.9272692002914,False,False
1788399600.0,2026-09-03 09:40:00+08:00,18.56,18.56,18.54,18.54,74.8483453348189,71.59491130005476,17.1115297561769,82.8884702438231,-59.0737350678234,50.0,5,23.19089663180517,23.64221539083495,18.568602941176533,18.91212099802425,93.0533204584684,6.946679541531603,20.704849518752063,16.97771790226855,14.311004119555957,2.217503839436506,12.09350028011945,59.381464354563526,70.23198850081667,0.0,0.0,0.0,0.0,18.38,18.66,-0.1590634901664707,0.0,-0.07892386547250396,2.229282751215443,False,False,False,False,73.79325994103712,74.9272692002914,False,False
1788399720.0,2026-09-03 09:42:00+08:00,18.54,18.57,18.52,18.52,74.56598744187666,69.83780274171414,14.52419248875216,85.47580751124784,-63.375115231053,50.0,5,23.19089663180517,23.64221539083495,18.568602941176533,18.91212099802425,93.0533204584684,6.946679541531603,20.704849518752063,16.97771790226855,14.311004119555957,2.217503839436506,12.09350028011945,59.381464354563526,70.23198850081667,0.0,0.0,0.0,0.0,18.38,18.66,0.0,0.0,-0.2823578929422439,0.0,False,False,False,False,74.34172564056992,74.9272692002914,False,False
1788399840.0,2026-09-03 09:44:00+08:00,18.54,18.56,18.51,18.56,74.26064829468578,68.33103561271099,15.463514253327372,84.53648574667262,-56.46094937007771,50.0,5,23.19089663180517,23.64221539083495,18.568602941176533,18.91212099802425,93.0533204584684,6.946679541531603,20.704849518752063,16.97771790226855,14.311004119555957,2.217503839436506,12.09350028011945,60.36463619107679,70.21930799809913,0.0,0.0,0.0,0.0,18.38,18.66,0.0,0.0,-0.3053391471908782,0.9831718365132645,False,False,False,False,74.26064829468578,74.9272692002914,False,False
1788399840.001,2026-09-03 09:44:00.000999928+08:00,18.56,18.58,18.56,18.58,73.98872451563473,67.70244919733227,16.407992565055764,83.59200743494424,-49.50123598522792,49.85037079556837,5,23.19089663180517,23.64221539083495,18.568602941176533,18.91212099802425,93.0533204584684,6.946679541531603,20.704849518752063,16.97771790226855,14.311004119555957,2.217503839436506,12.09350028011945,60.36463619107679,70.21930799809913,0.0,0.0,0.0,0.0,18.38,18.66,0.0,0.0,-0.2719237790510505,0.0,False,False,False,False,73.98872451563473,74.9272692002914,False,False
1788399840.002,2026-09-03 09:44:00.002000093+08:00,18.58,18.6,18.58,18.6,73.81905767165323,68.00532905623811,17.523982584953696,82.4760174150463,-42.52732785718083,47.75819835715425,5,23.19089663180517,23.64221539083495,18.568602941176533,18.91212099802425,93.0533204584684,6.946679541531603,20.704849518752063,16.97771790226855,14.311004119555957,2.217503839436506,12.09350028011945,60.36463619107679,70.21930799809913,0.0,0.0,0.0,0.0,18.38,18.66,0.0,0.0,-0.16966684398150278,0.0,False,False,False,False,73.81905767165323,74.9272692002914,False,False
1788399960.0,2026-09-03 09:46:00+08:00,18.58,18.58,18.56,18.56,73.58673770005632,68.07352957338483,17.499382854784812,82.50061714521519,-49.07907296864395,49.72372189059318,5,23.19089663180517,23.64221539083495,18.568602941176533,18.91212099802425,93.0533204584684,6.946679541531603,20.701584043242637,20.142951041443023,37.43264673146588,19.999956336788063,17.432690394677817,61.30272316204128,70.34972379144256,0.0,0.0,0.0,0.0,18.38,18.66,0.0,-0.003265475509426352,-0.2323199715969082,0.9380869709644912,False,False,False,False,73.58673770005632,74.8483453348189,False,False
1788400080.0,2026-09-03 09:48:00+08:00,18.58,18.6,18.58,18.6,73.45269416012584,68.6485266622264,24.549711628147023,75.45028837185298,-44.246865205773936,48.27405956173218,5,23.19089663180517,23.64221539083495,18.568602941176533,18.91212099802425,93.0533204584684,6.946679541531603,20.701584043242637,20.142951041443023,37.43264673146588,19.999956336788063,17.432690394677817,62.2700179563421,70.47587409872474,0.0,0.0,0.0,0.0,18.38,18.66,0.0,0.0,-0.1340435399304738,0.9672947943008197,False,False,False,False,73.45269416012584,74.56598744187666,False,False
1788400080.001,2026-09-03 09:48:00.000999928+08:00,18.6,18.62,18.6,18.62,73.47112472583589,69.90985514279542,28.88497797148136,71.11502202851864,-39.2807951934946,46.68262957369241,5,23.19089663180517,23.64221539083495,18.568602941176533,18.91212099802425,93.0533204584684,6.946679541531603,20.701584043242637,20.142951041443023,37.43264673146588,19.999956336788063,17.432690394677817,62.2700179563421,70.47587409872474,0.0,0.0,0.0,0.0,18.38,18.66,0.0,0.0,0.018430565710048086,0.0,False,False,False,False,73.45269416012584,74.26064829468578,False,False
1788400080.002,2026-09-03 09:48:00.002000093+08:00,18.62,18.64,18.62,18.64,73.68361046314905,71.88543483855392,41.12014764977066,58.87985235022934,-34.198647542464464,44.7922600605945,5,23.19089663180517,23.64221539083495,18.568602941176533,18.91212099802425,93.0533204584684,6.946679541531603,20.701584043242637,20.142951041443023,37.43264673146588,19.999956336788063,17.432690394677817,62.2700179563421,70.47587409872474,0.0,0.0,0.0,0.0,18.38,18.66,0.0,0.0,0.212485737313159,0.0,False,False,False,False,73.45269416012584,73.98872451563473,False,False
1788400200.0,2026-09-03 09:50:00+08:00,18.64,18.66,18.64,18.66,74.12126635138658,74.53621344418639,39.88485904434607,60.115140955653935,-14.893533434198202,37.53224453651376,5,23.15564161423443,25.46240973626124,18.55294117647065,18.90913969456132,90.81465777059142,9.185342229408578,20.701584043242637,20.142951041443023,37.43264673146588,19.999956336788063,17.432690394677817,64.47511012564355,73.40713303820363,0.0,0.0,0.0,0.0,18.38,18.67,-0.03525501757074068,0.0,0.4376558882375292,2.2050921693014516,False,True,False,False,73.45269416012584,74.12126635138658,False,True
1788400320.0,2026-09-03 09:52:00+08:00,18.64,18.64,18.62,18.62,74.58790082736031,76.61198243575183,46.48840634338362,53.51159365661638,-19.082930893156323,38.96983520720626,5,23.15564161423443,25.46240973626124,18.55294117647065,18.90913969456132,90.81465777059142,9.185342229408578,20.701584043242637,20.142951041443023,37.43264673146588,19.999956336788063,17.432690394677817,64.47511012564355,73.40713303820363,0.0,0.0,0.0,0.0,18.38,18.67,0.0,0.0,0.4666344759737342,0.0,False,False,False,False,73.45269416012584,74.58790082736031,False,False
1788400320.001,2026-09-03 09:52:00.000999928+08:00,18.62,18.62,18.6,18.6,74.99995201991155,77.62455135339295,38.37395210122161,61.62604789877839,-23.23935909006857,40.39371677836266,5,23.15564161423443,25.46240973626124,18.55294117647065,18.90913969456132,90.81465777059142,9.185342229408578,20.701584043242637,20.142951041443023,37.43264673146588,19.999956336788063,17.432690394677817,64.47511012564355,73.40713303820363,0.0,0.0,0.0,0.0,18.38,18.67,0.0,0.0,0.4120511925512318,0.0,False,False,False,False,73.45269416012584,74.99995201991155,False,False
1788400320.002,2026-09-03 09:52:00.002000093+08:00,18.6,18.6,18.58,18.58,75.29146847325498,77.31909345519159,36.90513492651834,63.09486507348166,-27.344618553591346,39.6183313028514,4,23.15564161423443,25.46240973626124,18.55294117647065,18.90913969456132,90.81465777059142,9.185342229408578,20.701584043242637,20.142951041443023,37.43264673146588,19.999956336788063,17.432690394677817,64.47511012564355,73.40713303820363,0.0,0.0,0.0,0.0,18.38,18.67,0.0,0.0,0.29151645334343357,0.0,False,False,False,False,73.47112472583589,75.29146847325498,False,False
1788400440.0,2026-09-03 09:54:00+08:00,18.58,18.58,18.56,18.56,75.41118815869628,75.52253339487737,34.71774768704103,65.28225231295897,-34.84536333728317,31.332927982191222,3,23.15564161423443,25.46240973626124,18.55294117647065,18.90913969456132,90.81465777059142,9.185342229408578,20.701584043242637,20.142951041443023,37.43264673146588,19.999956336788063,17.432690394677817,66.44408316853496,74.32073189444321,0.0,0.0,0.0,0.0,18.38,18.67,0.0,0.0,0.11971968544129652,1.968973042891406,False,False,False,False,73.68361046314905,75.41118815869628,False,False
1788400440.001,2026-09-03 09:54:00.000999928+08:00,18.58,18.6,18.58,18.6,75.53872260642233,73.80255685669599,35.368439121217044,64.63156087878295,-30.16752871782134,40.76638057710039,4,23.15564161423443,25.46240973626124,18.55294117647065,18.90913969456132,90.81465777059142,9.185342229408578,20.701584043242637,20.142951041443023,37.43264673146588,19.999956336788063,17.432690394677817,66.44408316853496,74.32073189444321,0.0,0.0,0.0,0.0,18.38,18.67,0.0,0.0,0.12753444772604894,0.0,True,False,False,False,74.12126635138658,75.53872260642233,False,False
1788400560.0,2026-09-03 09:56:00+08:00,18.58,18.58,18.56,18.56,75.52540300031953,70.82952713628288,32.69921364456916,67.30078635543083,-42.09871195945938,28.48485444993184,3,23.15564161423443,25.46240973626124,18.55294117647065,18.90913969456132,90.81465777059142,9.185342229408578,20.701584043242637,20.142951041443023,37.43264673146588,19.999956336788063,17.432690394677817,66.44408316853496,74.32073189444321,0.0,0.0,0.0,0.0,18.38,18.67,0.0,0.0,-0.013319606102797366,0.0,False,False,False,False,74.58790082736031,75.53872260642233,False,False
1788400560.001,2026-09-03 09:56:00.000999928+08:00,18.58,18.6,18.58,18.6,75.54588357475923,68.40088150827617,34.3195236712879,65.6804763287121,-31.99231491433218,37.129059681162325,4,23.15564161423443,25.46240973626124,18.55294117647065,18.90913969456132,90.81465777059142,9.185342229408578,20.701584043242637,20.142951041443023,37.43264673146588,19.999956336788063,17.432690394677817,66.44408316853496,74.32073189444321,0.0,0.0,0.0,0.0,18.38,18.67,0.0,0.0,0.02048057443970208,0.0,False,False,False,False,74.99995201991155,75.54588357475923,False,False
1788400680.0,2026-09-03 09:58:00+08:00,18.6,18.62,18.6,18.62,75.66594364563498,67.33139898853935,35.91748450343292,64.08251549656708,-22.137709936425072,39.14306702115414,4,23.15564161423443,25.46240973626124,18.55294117647065,18.90913969456132,90.81465777059142,9.185342229408578,20.701584043242637,20.142951041443023,37.43264673146588,19.999956336788063,17.432690394677817,68.15142998244536,73.82760195659972,0.0,0.0,0.0,0.0,18.38,18.67,0.0,0.0,0.12006007087575199,1.707346813910405,False,False,False,False,75.29146847325498,75.66594364563498,False,False
1788400680.001,2026-09-03 09:58:00.000999928+08:00,18.62,18.64,18.62,18.64,75.9369220613474,67.87318750470891,37.439537543161045,62.56046245683896,-12.868237782090985,36.302890669657785,5,23.15564161423443,25.46240973626124,18.55294117647065,18.90913969456132,90.81465777059142,9.185342229408578,20.701584043242637,20.142951041443023,37.43264673146588,19.999956336788063,17.432690394677817,68.15142998244536,73.82760195659972,0.0,0.0,0.0,0.0,18.38,18.67,0.0,0.0,0.27097841571242043,0.0,False,False,False,False,75.41118815869628,75.9369220613474,False,False
1788400680.002,2026-09-03 09:58:00.002000093+08:00,18.62,18.62,18.6,18.6,76.17948147905811,67.9239644279692,36.72400318470339,63.27599681529661,-16.461148448592464,27.58545706397387,4,23.15564161423443,25.46240973626124,18.55294117647065,18.90913969456132,90.81465777059142,9.185342229408578,20.701584043242637,20.142951041443023,37.43264673146588,19.999956336788063,17.432690394677817,68.15142998244536,73.82760195659972,0.0,0.0,0.0,0.0,18.38,18.67,0.0,0.0,0.24255941771070866,0.0,False,False,False,False,75.52540300031953,76.17948147905811,False,False
1788400800.0,2026-09-03 10:00:00+08:00,18.62,18.64,18.59,18.64,76.54271919293078,68.61782374546394,39.32735873615552,60.67264126384448,-1.092118017787968,31.941419384835875,5,23.217144064484348,27.47111783414064,18.538088235294182,18.906163180187576,89.02395485626747,10.976045143732533,20.701584043242637,20.142951041443023,37.43264673146588,19.999956336788063,17.432690394677817,69.04531839237377,74.3591239849062,0.0,0.0,0.0,0.0,18.38,18.67,0.061502450249918184,0.0,0.3632377138726639,0.8938884099284081,False,False,False,False,75.52540300031953,76.54271919293078,False,False
1788400800.001,2026-09-03 10:00:00.000999928+08:00,18.64,18.66,18.64,18.66,77.07118676935053,70.77582366161906,41.72496059137984,58.27503940862016,11.722563066231526,77.03353783973891,5,23.217144064484348,27.47111783414064,18.538088235294182,18.906163180187576,89.02395485626747,10.976045143732533,20.701584043242637,20.142951041443023,37.43264673146588,19.999956336788063,17.432690394677817,69.04531839237377,74.3591239849062,0.0,0.0,0.0,0.0,18.38,18.67,0.0,0.0,0.5284675764197573,0.0,False,False,False,False,75.54588357475923,77.07118676935053,False,False
1788400920.0,2026-09-03 10:02:00+08:00,18.64,18.64,18.62,18.62,77.57999870716355,72.26431241176036,37.898455390195664,62.101544609804336,-11.918456786994524,54.307592954971966,4,23.217144064484348,27.47111783414064,18.538088235294182,18.906163180187576,89.02395485626747,10.976045143732533,20.701584043242637,20.142951041443023,37.43264673146588,19.999956336788063,17.432690394677817,69.94509367382318,75.48244969269697,0.0,0.0,0.0,1.0,18.42,18.67,0.0,0.0,0.5088119378130216,0.8997752814494078,False,False,False,False,75.66594364563498,77.57999870716355,False,False
1788401160.0,2026-09-03 10:06:00+08:00,18.64,18.66,18.64,18.66,78.21374699739063,74.5024043228857,42.88575029938435,57.11424970061565,13.87294752071587,65.55890770061396,5,23.217144064484348,27.47111783414064,18.538088235294182,18.906163180187576,89.02395485626747,10.976045143732533,20.701584043242637,20.142951041443023,37.43264673146588,19.999956336788063,17.432690394677817,70.91421837162412,76.82842908202548,0.0,0.0,0.0,0.0,18.51,18.67,0.0,0.0,0.633748290227075,0.969124697800936,False,False,False,False,75.9369220613474,78.21374699739063,False,False
1788401280.0,2026-09-03 10:08:00+08:00,18.64,18.64,18.62,18.62,78.79469501121314,75.75903388078089,41.68390853789917,58.31609146210084,3.548367418849021,31.358837138186328,4,23.217144064484348,27.47111783414064,18.538088235294182,18.906163180187576,89.02395485626747,10.976045143732533,20.701584043242637,20.142951041443023,37.43264673146588,19.999956336788063,17.432690394677817,71.87494482333203,78.41999551149442,0.0,0.0,0.0,0.0,18.51,18.67,0.0,0.0,0.5809480138225069,0.960726451707913,False,False,False,False,76.17948147905811,78.79469501121314,False,False
1788401280.001,2026-09-03 10:08:00.000999928+08:00,18.62,18.62,18.6,18.6,79.25480397691081,75.55289650934702,40.54759195264297,59.45240804735703,-5.842376732997809,15.055791797349976,3,23.217144064484348,27.47111783414064,18.538088235294182,18.906163180187576,89.02395485626747,10.976045143732533,20.701584043242637,20.142951041443023,37.43264673146588,19.999956336788063,17.432690394677817,71.87494482333203,78.41999551149442,0.0,0.0,0.0,0.0,18.51,18.67,0.0,0.0,0.4601089656976711,0.0,False,False,False,False,76.54271919293078,79.25480397691081,False,False
1788401760.0,2026-09-03 10:16:00+08:00,18.62,18.64,18.59,18.64,79.75981253001949,75.59172598044586,51.71272195701451,48.28727804298549,36.46836930067238,82.03920180558123,4,23.370035986928706,29.58562561698082,18.52507352941183,18.903390412225512,88.86766721049041,11.132332789509592,20.701584043242637,20.142951041443023,37.43264673146588,19.999956336788063,17.432690394677817,72.81918362558112,79.4119972082783,0.0,0.0,0.0,0.0,18.51,18.67,0.15289192244435768,0.0,0.5050085531086808,0.9442388022490888,False,False,False,False,77.07118676935053,79.75981253001949,False,False
1788401880.0,2026-09-03 10:18:00+08:00,18.64,18.66,18.64,18.66,80.36829063830987,76.97086294564689,55.02877486499042,44.971225135009576,40.65661079280843,93.1933267437632,5,23.370035986928706,29.58562561698082,18.52507352941183,18.903390412225512,88.86766721049041,11.132332789509592,20.701584043242637,20.142951041443023,37.43264673146588,19.999956336788063,17.432690394677817,73.82122305417785,80.76584049941214,0.0,0.0,0.0,0.0,18.51,18.67,0.0,0.0,0.6084781082903845,1.0020394285967313,False,False,False,False,77.57999870716355,80.36829063830987,False,False
1788402000.0,2026-09-03 10:20:00+08:00,18.66,18.68,18.66,18.68,81.05291310574192,78.8707255522625,59.51608449939595,40.48391550060405,54.17884472356265,100.0,5,23.60053749110328,31.760359918516173,18.51389705882359,18.90071986086009,88.6355407784477,11.364459221552298,20.701584043242637,20.142951041443023,37.43264673146588,19.999956336788063,17.432690394677817,73.82122305417785,80.76584049941214,0.0,0.0,0.0,0.0,18.51,18.67,0.23050150417457616,0.0,0.6846224674320496,0.0,False,False,False,False,78.21374699739063,81.05291310574192,False,False
1788402120.0,2026-09-03 10:22:00+08:00,18.68,18.7,18.68,18.7,81.79115432363945,80.89343439309408,60.63332782015872,39.36667217984128,59.368781381664334,100.0,5,23.60053749110328,31.760359918516173,18.51389705882359,18.90071986086009,88.6355407784477,11.364459221552298,20.701584043242637,20.142951041443023,37.43264673146588,19.999956336788063,17.432690394677817,74.885895017202,82.44342989265903,0.0,0.0,0.0,0.0,18.51,18.69,0.0,0.0,0.7382412178975244,1.0646719630241535,False,False,False,False,78.79469501121314,81.79115432363945,False,False
1788402120.001,2026-09-03 10:22:00.000999928+08:00,18.68,18.68,18.66,18.66,82.43698759580647,81.92205677800388,62.283672196466135,37.716327803533865,55.68370370771236,96.37095251384032,4,23.60053749110328,31.760359918516173,18.51389705882359,18.90071986086009,88.6355407784477,11.364459221552298,20.701584043242637,20.142951041443023,37.43264673146588,19.999956336788063,17.432690394677817,74.885895017202,82.44342989265903,0.0,0.0,0.0,0.0,18.51,18.69,0.0,0.0,0.6458332721670246,0.0,False,False,False,False,79.25480397691081,82.43698759580647,False,False
1788402240.0,2026-09-03 10:24:00+08:00,18.66,18.66,18.64,18.64,82.93890604104342,81.69928938363411,62.8313067732264,37.168693226773605,45.49016366823252,77.14702545038547,3,23.60053749110328,31.760359918516173,18.51389705882359,18.90071986086009,88.6355407784477,11.364459221552298,20.701584043242637,20.142951041443023,37.43264673146588,19.999956336788063,17.432690394677817,75.89000134921942,83.88072321171774,0.0,0.0,0.0,0.0,18.51,18.7,0.0,0.0,0.501918445236953,1.0041063320174146,False,False,False,False,79.75981253001949,82.93890604104342,False,False
1788402360.0,2026-09-03 10:26:00+08:00,18.64,18.64,18.62,18.62,83.25738290520097,80.2042443413514,64.79043791134764,35.20956208865236,41.26476047401109,57.757423213272745,3,23.60053749110328,31.760359918516173,18.51389705882359,18.90071986086009,88.6355407784477,11.364459221552298,20.701584043242637,20.142951041443023,37.43264673146588,19.999956336788063,17.432690394677817,76.73610438418052,84.17486869047745,0.0,0.0,0.0,0.0,18.51,18.7,0.0,0.0,0.31847686415754595,0.8461030349611036,False,False,False,False,80.36829063830987,83.25738290520097,False,False
1788402360.001,2026-09-03 10:26:00.000999928+08:00,18.62,18.62,18.6,18.6,83.36282997151818,77.51884668230679,63.6353173953266,36.364682604673405,36.89151613600831,31.41772596798852,2,23.60053749110328,31.760359918516173,18.51389705882359,18.90071986086009,88.6355407784477,11.364459221552298,20.701584043242637,20.142951041443023,37.43264673146588,19.999956336788063,17.432690394677817,76.73610438418052,84.17486869047745,0.0,0.0,0.0,0.0,18.51,18.7,0.0,0.0,0.10544706631721112,0.0,False,False,False,False,81.05291310574192,83.36282997151818,False,False
1788402360.002,2026-09-03 10:26:00.002000093+08:00,18.6,18.6,18.58,18.58,83.23387120826537,73.76323232104772,65.0534860990443,34.94651390095569,32.38338970529191,37.23432100445907,1,23.60053749110328,31.760359918516173,18.51389705882359,18.90071986086009,88.6355407784477,11.364459221552298,20.701584043242637,20.142951041443023,37.43264673146588,19.999956336788063,17.432690394677817,76.73610438418052,84.17486869047745,0.0,0.0,0.0,0.0,18.51,18.7,0.0,0.0,-0.12895876325281108,0.0,False,False,False,False,81.79115432363945,83.36282997151818,False,True
1788402480.0,2026-09-03 10:28:00+08:00,18.6,18.62,18.6,18.62,83.04721146600023,70.71946746659876,68.77391055268573,31.226089447314266,40.58445526199348,27.78671719400587,2,23.60053749110328,31.760359918516173,18.51389705882359,18.90071986086009,88.6355407784477,11.364459221552298,20.701584043242637,20.142951041443023,37.43264673146588,19.999956336788063,17.432690394677817,77.44781598847476,83.42236898919751,0.0,0.0,0.0,0.0,18.51,18.7,0.0,0.0,-0.18665974226513526,0.7117116042942371,False,False,False,False,82.43698759580647,83.36282997151818,False,True
1788402600.0,2026-09-03 10:30:00+08:00,18.62,18.64,18.62,18.64,82.86755155413614,68.03707566911879,69.212975705256,30.787024294744,44.63319483542328,66.14583168174866,3,23.905463833094974,33.93400732542386,18.502941176470653,18.89825001149829,86.8890528926388,13.11094710736121,20.701584043242637,20.142951041443023,37.43264673146588,19.999956336788063,17.432690394677817,77.44781598847476,83.42236898919751,0.0,0.0,0.0,0.0,18.51,18.7,0.3049263419916919,0.0,-0.1796599118640927,0.0,False,False,False,False,82.86755155413614,83.36282997151818,False,True
1788402600.001,2026-09-03 10:30:00.000999928+08:00,18.64,18.66,18.64,18.66,82.75360523816421,66.72156561628219,69.63986481064521,30.360135189354796,48.49393700457684,81.32512399850455,4,23.905463833094974,33.93400732542386,18.502941176470653,18.89825001149829,86.8890528926388,13.11094710736121,20.701584043242637,20.142951041443023,37.43264673146588,19.999956336788063,17.432690394677817,77.44781598847476,83.42236898919751,0.0,0.0,0.0,0.0,18.51,18.7,0.0,0.0,-0.11394631597192983,0.0,False,False,False,False,82.75360523816421,83.36282997151818,False,True
1788402720.0,2026-09-03 10:32:00+08:00,18.64,18.64,18.62,18.62,82.5249251498662,64.86133723329121,66.71975291322755,33.28024708677245,33.30951562423956,26.6606450627262,2,23.905463833094974,33.93400732542386,18.502941176470653,18.89825001149829,86.8890528926388,13.11094710736121,20.701584043242637,20.142951041443023,37.43264673146588,19.999956336788063,17.432690394677817,78.14485263730639,83.07862847513489,0.0,0.0,0.0,0.0,18.51,18.7,0.0,0.0,-0.228680088298006,0.6970366488316273,False,False,False,False,82.5249251498662,83.36282997151818,False,True
1788402720.001,2026-09-03 10:32:00.000999928+08:00,18.64,18.66,18.64,18.66,82.3511635304399,64.12502138922329,69.0674008218329,30.93259917816709,35.68891554306644,67.91016286864766,3,23.905463833094974,33.93400732542386,18.502941176470653,18.89825001149829,86.8890528926388,13.11094710736121,20.701584043242637,20.142951041443023,37.43264673146588,19.999956336788063,17.432690394677817,78.14485263730639,83.07862847513489,0.0,0.0,0.0,0.0,18.51,18.7,0.0,0.0,-0.1737616194263012,0.0,False,False,False,False,82.3511635304399,83.23387120826537,False,True
1788402840.0,2026-09-03 10:34:00+08:00,18.66,18.68,18.66,18.68,82.30018925557663,64.94338449967827,69.69733871540355,30.302661284596454,41.031765130419714,85.13612023592006,4,23.905463833094974,33.93400732542386,18.502941176470653,18.89825001149829,86.8890528926388,13.11094710736121,20.701584043242637,20.142951041443023,37.43264673146588,19.999956336788063,17.432690394677817,78.14485263730639,83.07862847513489,0.0,0.0,0.0,0.0,18.51,18.7,0.0,0.0,-0.05097427486327888,0.0,False,False,False,False,82.30018925557663,83.04721146600023,False,True
1788402840.001,2026-09-03 10:34:00.000999928+08:00,18.68,18.7,18.68,18.7,82.44022820766936,67.38999224601872,70.30213149792976,29.69786850207024,45.969406449669535,96.6737594601399,5,23.905463833094974,33.93400732542386,18.502941176470653,18.89825001149829,86.8890528926388,13.11094710736121,20.701584043242637,20.142951041443023,37.43264673146588,19.999956336788063,17.432690394677817,78.14485263730639,83.07862847513489,0.0,0.0,0.0,0.0,18.51,18.7,0.0,0.0,0.14003895209273765,0.0,False,False,False,False,82.30018925557663,82.86755155413614,False,False
1788403080.0,2026-09-03 10:38:00+08:00,18.68,18.68,18.66,18.66,82.51604635538995,69.13517162993877,65.63717645513766,34.36282354486234,19.08079921279195,49.69957162681567,3,23.905463833094974,33.93400732542386,18.502941176470653,18.89825001149829,86.8890528926388,13.11094710736121,20.701584043242637,20.142951041443023,37.43264673146588,19.999956336788063,17.432690394677817,78.82309660067972,83.47033764945553,0.0,0.0,0.0,0.0,18.55,18.7,0.0,0.0,0.07581814772058237,0.6782439633733333,False,False,False,False,82.30018925557663,82.75360523816421,False,False
1788403200.0,2026-09-03 10:40:00+08:00,18.68,18.7,18.68,18.7,82.7547991019901,71.67957298417421,65.43907658581321,34.56092341418679,24.772985362448704,78.08984350631476,5,24.283664494236167,36.12749288140485,18.49205882352948,18.896003742727167,85.29143073808243,14.708569261917582,20.701584043242637,20.142951041443023,37.43264673146588,19.999956336788063,17.432690394677817,80.25389463781597,85.05867570555809,0.0,0.0,0.0,0.0,18.55,18.74,0.378200661141193,0.0,0.23875274660015577,1.430798037136256,False,False,False,False,82.30018925557663,82.7547991019901,False,False
1788403200.001,2026-09-03 10:40:00.000999928+08:00,18.7,18.72,18.7,18.72,83.12079823599848,74.43577549426271,66.24815472550803,33.75184527449197,25.971173857851472,79.02475744981521,5,24.283664494236167,36.12749288140485,18.49205882352948,18.896003742727167,85.29143073808243,14.708569261917582,20.701584043242637,20.142951041443023,37.43264673146588,19.999956336788063,17.432690394677817,80.25389463781597,85.05867570555809,0.0,0.0,0.0,0.0,18.55,18.74,0.0,0.0,0.36599913400837636,0.0,False,False,False,False,82.30018925557663,83.12079823599848,False,False
1788403200.002,2026-09-03 10:40:00.002000093+08:00,18.72,18.74,18.72,18.74,83.58434042188273,77.1255608601073,67.0649034851307,32.9350965148693,27.245855529706983,80.00304464817513,5,24.283664494236167,36.12749288140485,18.49205882352948,18.896003742727167,85.29143073808243,14.708569261917582,20.701584043242637,20.142951041443023,37.43264673146588,19.999956336788063,17.432690394677817,80.25389463781597,85.05867570555809,0.0,0.0,0.0,0.0,18.55,18.74,0.0,0.0,0.46354218588425056,0.0,False,False,False,False,82.30018925557663,83.58434042188273,False,False
1788403200.003,2026-09-03 10:40:00.003000021+08:00,18.72,18.72,18.7,18.7,83.94332660279358,78.64237325704887,67.38432848721625,32.61567151278375,24.88054401770807,78.09819171575128,5,24.283664494236167,36.12749288140485,18.49205882352948,18.896003742727167,85.29143073808243,14.708569261917582,20.701584043242637,20.142951041443023,37.43264673146588,19.999956336788063,17.432690394677817,80.25389463781597,85.05867570555809,0.0,0.0,0.0,0.0,18.55,18.74,0.0,0.0,0.358986180910847,0.0,False,False,False,False,82.44022820766936,83.94332660279358,False,False
1788403200.004,2026-09-03 10:40:00.003999949+08:00,18.7,18.7,18.68,18.68,84.12670047000289,78.75448841674267,68.35175987339606,31.648240126603937,22.37823144882417,61.80160268123133,4,24.283664494236167,36.12749288140485,18.49205882352948,18.896003742727167,85.29143073808243,14.708569261917582,20.701584043242637,20.142951041443023,37.43264673146588,19.999956336788063,17.432690394677817,80.25389463781597,85.05867570555809,0.0,0.0,0.0,0.0,18.55,18.74,0.0,0.0,0.18337386720931192,0.0,False,False,False,False,82.51604635538995,84.12670047000289,False,False
1788403440.0,2026-09-03 10:44:00+08:00,18.68,18.68,18.66,18.66,84.07969896466281,77.46293145541551,65.71861190151117,34.28138809848883,5.632048203967158,33.6192931543312,3,24.283664494236167,36.12749288140485,18.49205882352948,18.896003742727167,85.29143073808243,14.708569261917582,20.701584043242637,20.142951041443023,37.43264673146588,19.999956336788063,17.432690394677817,80.83093810546175,85.12819095051483,0.0,0.0,0.0,0.0,18.55,18.74,0.0,0.0,-0.04700150534007719,0.5770434676457796,False,False,False,False,82.7547991019901,84.12670047000289,False,True
1788403440.001,2026-09-03 10:44:00.000999928+08:00,18.66,18.66,18.64,18.64,83.76108593149185,74.41205479660275,65.49228464070224,34.50771535929776,-8.187840737155469,12.757874570142874,2,24.283664494236167,36.12749288140485,18.49205882352948,18.896003742727167,85.29143073808243,14.708569261917582,20.701584043242637,20.142951041443023,37.43264673146588,19.999956336788063,17.432690394677817,80.83093810546175,85.12819095051483,0.0,0.0,0.0,0.0,18.55,18.74,0.0,0.0,-0.318613033170962,0.0,False,False,False,False,83.12079823599848,84.12670047000289,False,True
1788403680.0,2026-09-03 10:48:00+08:00,18.64,18.64,18.62,18.62,83.14081230330507,69.93224660021133,61.55085175508395,38.44914824491605,-25.085157015304755,23.03984961544138,2,24.283664494236167,36.12749288140485,18.49205882352948,18.896003742727167,85.29143073808243,14.708569261917582,20.701584043242637,20.142951041443023,37.43264673146588,19.999956336788063,17.432690394677817,81.19103569201297,83.67561241617379,0.0,0.0,0.0,0.0,18.55,18.74,0.0,0.0,-0.62027362818678,0.3600975865512197,False,False,False,False,83.14081230330507,84.12670047000289,False,True
1788403800.0,2026-09-03 10:50:00+08:00,18.62,18.62,18.6,18.6,82.19803964494521,64.26716833031432,58.23223476572876,41.76776523427124,-36.52693135306944,31.916949447303143,1,24.66702090496318,37.8156601044186,18.479117647058885,18.893207685585605,88.95793289669794,11.042067103302072,20.701584043242637,20.142951041443023,37.43264673146588,19.999956336788063,17.432690394677817,81.19103569201297,83.67561241617379,0.0,0.0,0.0,0.0,18.55,18.74,0.3833564107270142,0.0,-0.942772658359857,0.0,False,False,False,False,82.19803964494521,84.12670047000289,False,True
1788404520.0,2026-09-03 11:02:00+08:00,18.62,18.64,18.59,18.64,81.18566650344953,59.30233704819317,65.55158372396876,34.44841627603124,24.994941797100285,19.17666867918976,2,25.08058107617545,39.44701762316171,18.466985294117716,18.890787708614603,87.47889224989225,12.521107750107744,20.701584043242637,20.142951041443023,37.43264673146588,19.999956336788063,17.432690394677817,81.63334692590327,77.74427906636937,0.0,0.0,0.0,0.0,18.55,18.74,0.41356017121226785,0.0,-1.0123731414956865,0.4423112338902939,False,False,True,False,81.18566650344953,84.12670047000289,False,True
1788404520.001,2026-09-03 11:02:00.000999928+08:00,18.64,18.66,18.64,18.66,80.21695854186008,56.15295670955606,66.2754011793541,33.724598820645895,27.13505763467346,44.13404588133572,3,25.08058107617545,39.44701762316171,18.466985294117716,18.890787708614603,87.47889224989225,12.521107750107744,20.701584043242637,20.142951041443023,37.43264673146588,19.999956336788063,17.432690394677817,81.63334692590327,77.74427906636937,0.0,0.0,0.0,0.0,18.55,18.74,0.0,0.0,-0.9687079615894447,0.0,False,False,False,False,80.21695854186008,84.07969896466281,False,True
1788404520.002,2026-09-03 11:02:00.002000093+08:00,18.66,18.68,18.66,18.68,79.38162041872155,54.899439656600464,66.04394985014976,33.95605014985024,29.35242015590137,59.9592552961833,4,25.08058107617545,39.44701762316171,18.466985294117716,18.890787708614603,87.47889224989225,12.521107750107744,20.701584043242637,20.142951041443023,37.43264673146588,19.999956336788063,17.432690394677817,81.63334692590327,77.74427906636937,0.0,0.0,0.0,0.0,18.55,18.74,0.0,0.0,-0.8353381231385271,0.0,False,False,False,False,79.38162041872155,83.76108593149185,False,False
1788404880.0,2026-09-03 11:08:00+08:00,18.68,18.7,18.65,18.7,78.74968880268734,55.17297237271948,69.22007024910644,30.77992975089356,48.3605570939659,88.80331192950986,4,25.08058107617545,39.44701762316171,18.466985294117716,18.890787708614603,87.47889224989225,12.521107750107744,20.977857316100643,22.48023477872524,43.84682355316793,30.630679449593632,13.216144103574296,81.86601777721161,76.34609265303152,0.0,0.0,0.0,0.0,18.58,18.74,0.0,0.2762732728580062,-0.6319316160342083,0.23267085130834175,False,False,False,False,78.74968880268734,83.14081230330507,False,False
1788405120.0,2026-09-03 11:12:00+08:00,18.7,18.72,18.7,18.72,78.37483158812339,57.24213122443341,72.76696668181698,27.23303331818302,54.16115021747676,95.2570644625836,5,25.56969755372025,43.07837715269944,18.471544117647124,18.8890385771856,83.25847068264267,16.741529317357333,20.977857316100643,22.48023477872524,43.84682355316793,30.630679449593632,13.216144103574296,82.18253972343715,76.44264589508012,0.0,0.0,0.0,0.0,18.58,18.74,0.48911647754480114,0.0,-0.37485721456395993,0.3165219462255351,False,False,False,False,78.37483158812339,82.19803964494521,False,False
1788405240.0,2026-09-03 11:14:00+08:00,18.72,18.74,18.72,18.74,78.29714082971407,60.82590421627988,72.18034523103198,27.81965476896802,56.31256283685367,95.85761639356294,5,25.56969755372025,43.07837715269944,18.471544117647124,18.8890385771856,83.25847068264267,16.741529317357333,20.977857316100643,22.48023477872524,43.84682355316793,30.630679449593632,13.216144103574296,82.61627617325505,77.80955114916674,0.0,0.0,0.0,0.0,18.58,18.75,0.0,0.0,-0.07769075840931805,0.43373644981789994,False,False,False,False,78.29714082971407,81.18566650344953,False,False
1788405240.001,2026-09-03 11:14:00.000999928+08:00,18.74,18.76,18.74,18.76,78.45676307475856,64.84249630844809,73.84416803134728,26.15583196865272,58.4573156264811,96.43775932431976,5,25.56969755372025,43.07837715269944,18.471544117647124,18.8890385771856,83.25847068264267,16.741529317357333,20.977857316100643,22.48023477872524,43.84682355316793,30.630679449593632,13.216144103574296,82.61627617325505,77.80955114916674,0.0,0.0,0.0,0.0,18.58,18.75,0.0,0.0,0.1596222450444884,0.0,False,False,False,False,78.29714082971407,80.21695854186008,False,False
1788405360.0,2026-09-03 11:16:00+08:00,18.74,18.74,18.72,18.72,78.64037299352093,67.80530191321833,74.19849318533568,25.80150681466432,53.571045540727205,95.58097176836128,5,25.56969755372025,43.07837715269944,18.471544117647124,18.8890385771856,83.25847068264267,16.741529317357333,20.977857316100643,22.48023477872524,43.84682355316793,30.630679449593632,13.216144103574296,83.03683910093403,79.29468546169193,0.0,0.0,0.0,0.0,18.58,18.76,0.0,0.0,0.18360991876237165,0.4205629276789864,False,False,False,False,78.29714082971407,79.38162041872155,False,False
1788405360.001,2026-09-03 11:16:00.000999928+08:00,18.72,18.72,18.7,18.7,78.75956891872441,69.31120497225493,70.26196805898412,29.73803194101588,48.53278992089625,83.19706178683208,4,25.56969755372025,43.07837715269944,18.471544117647124,18.8890385771856,83.25847068264267,16.741529317357333,20.977857316100643,22.48023477872524,43.84682355316793,30.630679449593632,13.216144103574296,83.03683910093403,79.29468546169193,0.0,0.0,0.0,0.0,18.58,18.76,0.0,0.0,0.11919592520348488,0.0,False,False,False,False,78.29714082971407,78.75956891872441,False,False
1788405960.0,2026-09-03 11:26:00+08:00,18.7,18.73,18.68,18.68,78.74464762532796,69.52960116620483,62.59394595096792,37.406054049032086,11.906749595287232,38.69785322574409,3,26.105384840264414,47.88532206293441,18.47830882352948,18.887207347561866,80.21462660436819,19.78537339563181,20.977857316100643,22.48023477872524,43.84682355316793,30.630679449593632,13.216144103574296,83.35669641344882,79.75297977693891,0.0,0.0,0.0,0.0,18.58,18.76,0.5356872865441638,0.0,-0.014921293396454871,0.31985731251478455,False,False,False,False,78.29714082971407,78.75956891872441,False,False
1788411600.0,2026-09-03 13:00:00+08:00,18.7,18.72,18.7,18.72,78.74558121195803,69.89489468983533,60.713012589935126,39.28698741006488,16.83569905243909,68.65609099620008,5,26.644804202098705,52.60832759884115,18.487426470588304,18.88507095604384,82.75768550025234,17.242314499747668,20.977857316100643,22.48023477872524,43.84682355316793,30.630679449593632,13.216144103574296,83.67369496623688,79.79560735654911,0.0,0.0,0.0,0.0,18.58,18.76,0.5394193618342911,0.0,0.0009335866300688167,0.3169985527880641,False,False,False,False,78.29714082971407,78.75956891872441,False,False
1788411600.001,2026-09-03 13:00:00.000999928+08:00,18.72,18.74,18.72,18.74,78.86116527874563,71.0907026110061,60.14856582730539,39.85143417269461,21.65742222492456,72.263807605701,5,26.644804202098705,52.60832759884115,18.487426470588304,18.88507095604384,82.75768550025234,17.242314499747668,20.977857316100643,22.48023477872524,43.84682355316793,30.630679449593632,13.216144103574296,83.67369496623688,79.79560735654911,0.0,0.0,0.0,0.0,18.58,18.76,0.0,0.0,0.11558406678760491,0.0,False,False,False,False,78.45676307475856,78.86116527874563,False,False
1788411720.0,2026-09-03 13:02:00+08:00,18.72,18.75,18.7,18.7,78.86274070660978,71.8427447081819,59.340342609822805,40.6596573901772,15.19505401876688,51.8819269251273,4,26.644804202098705,52.60832759884115,18.487426470588304,18.88507095604384,82.75768550025234,17.242314499747668,20.977857316100643,22.48023477872524,43.84682355316793,30.630679449593632,13.216144103574296,83.9583306541388,80.17133293662853,0.0,0.0,0.0,0.0,18.58,18.76,0.0,0.0,0.0015754278641537667,0.2846356879019254,False,False,False,False,78.64037299352093,78.86274070660978,False,False
1788411840.0,2026-09-03 13:04:00+08:00,18.7,18.7,18.68,18.68,78.67151767259747,71.3191381278157,58.99247570516288,41.007524294837125,7.400178576877585,30.994336522004662,3,26.644804202098705,52.60832759884115,18.487426470588304,18.88507095604384,82.75768550025234,17.242314499747668,20.977857316100643,22.48023477872524,43.84682355316793,30.630679449593632,13.216144103574296,84.0800394656544,78.89154868976044,0.0,0.0,0.0,0.0,18.58,18.76,0.0,0.0,-0.19122303401231022,0.12170881151558888,False,False,False,False,78.67151767259747,78.86274070660978,False,False
1788411960.0,2026-09-03 13:06:00+08:00,18.68,18.68,18.66,18.66,78.22675324070403,69.49257464773532,58.88605938349198,41.11394061650802,4.365869646007188,11.77409298097456,2,26.644804202098705,52.60832759884115,18.487426470588304,18.88507095604384,82.75768550025234,17.242314499747668,20.977857316100643,22.48023477872524,43.84682355316793,30.630679449593632,13.216144103574296,84.0800394656544,78.89154868976044,0.0,0.0,0.0,0.0,18.58,18.76,0.0,0.0,-0.4447644318934465,0.0,False,False,False,False,78.22675324070403,78.86274070660978,False,False
1788411960.001,2026-09-03 13:06:00.000999928+08:00,18.66,18.66,18.64,18.64,77.48268814959796,66.4444190941324,58.780026298566455,41.219973701433545,1.2201890660406196,17.881145958975267,2,26.644804202098705,52.60832759884115,18.487426470588304,18.88507095604384,82.75768550025234,17.242314499747668,20.977857316100643,22.48023477872524,43.84682355316793,30.630679449593632,13.216144103574296,84.0800394656544,78.89154868976044,0.0,0.0,0.0,0.0,18.58,18.76,0.0,0.0,-0.7440650911060658,0.0,False,False,False,False,77.48268814959796,78.86274070660978,False,False
1788412080.0,2026-09-03 13:08:00+08:00,18.64,18.64,18.62,18.62,76.40595585106867,61.98867543418388,58.49219175721557,41.50780824278443,-3.010316089353688,25.35454638078928,1,26.644804202098705,52.60832759884115,18.487426470588304,18.88507095604384,82.75768550025234,17.242314499747668,20.977857316100643,22.48023477872524,43.84682355316793,30.630679449593632,13.216144103574296,83.96341847146464,75.56510196326275,0.0,0.0,0.0,0.0,18.58,18.76,0.0,0.0,-1.0767322985292935,-0.11662099418975913,False,False,False,False,76.40595585106867,78.86274070660978,False,True
1788412320.0,2026-09-03 13:12:00+08:00,18.62,18.62,18.6,18.6,74.97339385988138,56.40761099848709,55.332392047946655,44.66760795205335,-13.007164859567473,30.51249811077235,0,27.123809417027207,56.15314368003186,18.49727941176477,18.882284180361808,88.59332418013466,11.406675819865349,21.30836384451907,24.763414798478617,44.343602022972064,38.138828925447655,6.204773097524409,83.5777378783674,70.51068213752386,0.0,0.0,0.0,0.0,18.58,18.76,0.47900521492850245,0.33050652841842876,-1.4325619911872849,-0.38568059309723424,False,False,False,False,74.97339385988138,78.86274070660978,False,True
1788412440.0,2026-09-03 13:14:00+08:00,18.6,18.6,18.58,18.58,73.17019764383556,50.3040714864711,53.45850618722344,46.54149381277656,-18.83276163814444,81.29965698288666,0,27.123809417027207,56.15314368003186,18.49727941176477,18.882284180361808,88.59332418013466,11.406675819865349,21.30836384451907,24.763414798478617,44.343602022972064,38.138828925447655,6.204773097524409,83.5777378783674,70.51068213752386,0.0,0.0,0.0,0.0,18.58,18.76,0.0,0.0,-1.8031962160458193,0.0,False,False,False,False,73.17019764383556,78.67151767259747,False,False
1788412560.0,2026-09-03 13:16:00+08:00,18.58,18.58,18.56,18.56,70.98836598571914,44.380835160859135,51.434460800402434,48.565539199597566,-25.20674100189248,85.1240446011355,0,27.123809417027207,56.15314368003186,18.49727941176477,18.882284180361808,88.59332418013466,11.406675819865349,21.30836384451907,24.763414798478617,44.343602022972064,38.138828925447655,6.204773097524409,82.90128478563965,64.05632423639761,0.0,0.0,0.0,0.0,18.56,18.76,0.0,0.0,-2.1818316581164225,-0.6764530927277548,False,False,False,False,70.98836598571914,78.22675324070403,False,True
1788412680.0,2026-09-03 13:18:00+08:00,18.58,18.6,18.58,18.6,68.73151664573138,39.81510279553551,54.26374694827144,45.73625305172856,-11.757773087493058,55.7347060911442,0,27.123809417027207,56.15314368003186,18.49727941176477,18.882284180361808,88.59332418013466,11.406675819865349,21.30836384451907,24.763414798478617,44.343602022972064,38.138828925447655,6.204773097524409,82.90128478563965,64.05632423639761,0.0,0.0,0.0,0.0,18.56,18.76,0.0,0.0,-2.2568493399877667,0.0,False,False,False,False,68.73151664573138,77.48268814959796,False,False
1788412920.0,2026-09-03 13:22:00+08:00,18.58,18.58,18.56,18.56,66.2339067971112,35.30013872500139,51.76669412123525,48.23330587876475,-23.18670119096107,80.55580932130279,0,27.513398945782143,58.31742272894582,18.505294117647125,18.879102248218903,92.61512215534188,7.384877844658128,21.30836384451907,24.763414798478617,44.343602022972064,38.138828925447655,6.204773097524409,82.90128478563965,64.05632423639761,0.0,0.0,0.0,0.0,18.56,18.76,0.3895895287549358,0.0,-2.497609848620172,0.0,False,False,False,False,66.2339067971112,76.40595585106867,False,False
1788413160.0,2026-09-03 13:26:00+08:00,18.56,18.56,18.54,18.54,63.57015705232055,31.103455902727006,50.21121712340513,49.78878287659487,-26.667616624840942,86.00056997490456,0,27.513398945782143,58.31742272894582,18.505294117647125,18.879102248218903,92.61512215534188,7.384877844658128,21.90126584195325,27.217417710438784,19.58807698167076,35.45537992449902,-15.86730294282826,81.91974456311029,57.08738992648271,0.0,0.0,0.0,0.0,18.53,18.76,0.0,0.5929019974341792,-2.6637497447906497,-0.981540222529361,False,False,False,False,63.57015705232055,74.97339385988138,False,True
1788413160.001,2026-09-03 13:26:00.000999928+08:00,18.54,18.54,18.52,18.52,60.801354632463486,27.321297366795555,48.64052998104518,51.35947001895482,-30.149538487879298,88.08972309272758,0,27.513398945782143,58.31742272894582,18.505294117647125,18.879102248218903,92.61512215534188,7.384877844658128,21.90126584195325,27.217417710438784,19.58807698167076,35.45537992449902,-15.86730294282826,81.91974456311029,57.08738992648271,0.0,0.0,0.0,0.0,18.53,18.76,0.0,0.0,-2.7688024198570673,0.0,False,False,False,False,60.801354632463486,73.17019764383556,False,False
1788413160.002,2026-09-03 13:26:00.002000093+08:00,18.52,18.52,18.5,18.5,57.97719194489906,23.968631259262587,50.20963877626243,49.79036122373757,-33.616705089794635,90.17002305387678,0,27.513398945782143,58.31742272894582,18.505294117647125,18.879102248218903,92.61512215534188,7.384877844658128,21.90126584195325,27.217417710438784,19.58807698167076,35.45537992449902,-15.86730294282826,81.91974456311029,57.08738992648271,0.0,0.0,0.0,0.0,18.53,18.76,0.0,0.0,-2.8241626875644243,0.0,False,False,False,False,57.97719194489906,70.98836598571914,False,False
1788413280.0,2026-09-03 13:28:00+08:00,18.52,18.54,18.52,18.54,55.29477086132447,21.69885014520772,50.217284481434845,49.78271551856516,-24.99112303455987,80.90316941141086,0,27.513398945782143,58.31742272894582,18.505294117647125,18.879102248218903,92.61512215534188,7.384877844658128,21.90126584195325,27.217417710438784,19.58807698167076,35.45537992449902,-15.86730294282826,80.7322484532888,50.73731879891336,0.0,0.0,0.0,0.0,18.5,18.76,0.0,0.0,-2.6824210835745887,-1.1874961098214811,False,False,False,False,55.29477086132447,68.73151664573138,False,True
1788413400.0,2026-09-03 13:30:00+08:00,18.54,18.56,18.54,18.56,52.83102910312835,20.604740371669344,50.700835984991045,49.29916401500896,-18.48059164221548,70.9155425233602,0,27.82570176959927,59.578314540811874,18.5126470588236,18.875927101470456,91.69688642605048,8.303113573949528,21.90126584195325,27.217417710438784,19.58807698167076,35.45537992449902,-15.86730294282826,79.47350411635651,45.98517213772497,0.0,0.0,0.0,0.0,18.5,18.76,0.31230282381712726,0.0,-2.4637417581961216,-1.2587443369322955,False,False,False,False,52.83102910312835,66.2339067971112,False,True
1788413520.0,2026-09-03 13:32:00+08:00,18.56,18.58,18.56,18.58,50.6449713942182,20.642090991627036,50.95951488198223,49.04048511801777,-14.128921567767858,64.71324868783502,0,27.82570176959927,59.578314540811874,18.5126470588236,18.875927101470456,91.69688642605048,8.303113573949528,21.90126584195325,27.217417710438784,19.58807698167076,35.45537992449902,-15.86730294282826,79.47350411635651,45.98517213772497,0.0,0.0,0.0,0.0,18.5,18.76,0.0,0.0,-2.1860577089101483,0.0,False,False,False,False,50.6449713942182,63.57015705232055,False,False
1788413520.001,2026-09-03 13:32:00.000999928+08:00,18.58,18.6,18.58,18.6,48.78072716740521,21.7111358568224,51.567237734088735,48.43276226591127,-9.69695961697774,56.737752194011954,1,27.82570176959927,59.578314540811874,18.5126470588236,18.875927101470456,91.69688642605048,8.303113573949528,21.90126584195325,27.217417710438784,19.58807698167076,35.45537992449902,-15.86730294282826,79.47350411635651,45.98517213772497,0.0,0.0,0.0,0.0,18.5,18.76,0.0,0.0,-1.8642442268129926,0.0,False,False,False,False,48.78072716740521,60.801354632463486,False,False
1788413760.0,2026-09-03 13:36:00+08:00,18.58,18.58,18.56,18.56,47.03465723085528,22.48663439169357,50.6661541219499,49.3338458780501,-18.214634978537163,68.35167498891731,0,27.82570176959927,59.578314540811874,18.5126470588236,18.875927101470456,91.69688642605048,8.303113573949528,21.90126584195325,27.217417710438784,19.58807698167076,35.45537992449902,-15.86730294282826,78.1440434903928,42.64190467968582,0.0,0.0,0.0,0.0,18.5,18.76,0.0,0.0,-1.7460699365499295,-1.329460625963705,False,False,False,False,47.03465723085528,57.97719194489906,False,True
1788413760.001,2026-09-03 13:36:00.000999928+08:00,18.56,18.56,18.54,18.54,45.32196848700696,22.53148405448446,50.86591733059227,49.13408266940773,-25.90264757955854,76.65814694950005,0,27.82570176959927,59.578314540811874,18.5126470588236,18.875927101470456,91.69688642605048,8.303113573949528,21.90126584195325,27.217417710438784,19.58807698167076,35.45537992449902,-15.86730294282826,78.1440434903928,42.64190467968582,0.0,0.0,0.0,0.0,18.5,18.76,0.0,0.0,-1.712688743848318,0.0,False,False,False,False,45.32196848700696,55.29477086132447,False,False
1788413880.0,2026-09-03 13:38:00+08:00,18.56,18.58,18.56,18.58,43.81031073457894,22.91933559838218,52.88970952596214,47.11029047403786,-17.27917194836982,66.77077827126061,0,27.82570176959927,59.578314540811874,18.5126470588236,18.875927101470456,91.69688642605048,8.303113573949528,21.90126584195325,27.217417710438784,19.58807698167076,35.45537992449902,-15.86730294282826,76.82557008867653,39.97641224802112,0.0,0.0,0.0,0.0,18.5,18.76,0.0,0.0,-1.5116577524280217,-1.3184734017162754,False,False,False,False,43.81031073457894,52.83102910312835,False,False
1788414360.0,2026-09-03 13:46:00+08:00,18.56,18.59,18.54,18.54,42.31709644846313,22.93197877225615,50.87338259811132,49.12661740188868,-40.70465971864813,91.0071139114522,0,28.084349502356105,60.24072527136451,18.52022058823536,18.87288305070956,91.24481837699548,8.755181623004516,21.90126584195325,27.217417710438784,19.58807698167076,35.45537992449902,-15.86730294282826,75.44873689156141,37.79178714420723,0.0,0.0,0.0,0.0,18.5,18.76,0.2586477327568346,0.0,-1.4932142861158084,-1.3768331971151184,False,False,False,False,42.31709644846313,50.6449713942182,False,False
1788414480.0,2026-09-03 13:48:00+08:00,18.56,18.58,18.56,18.58,41.0107844076849,23.277420769634357,53.47578993225537,46.52421006774463,-31.531206866129374,81.20092837531881,0,28.084349502356105,60.24072527136451,18.52022058823536,18.87288305070956,91.24481837699548,8.755181623004516,22.2165489081506,28.22285367611571,19.5758039583988,29.387625025806734,-9.81182106740794,74.12006191891679,35.91434763337108,0.0,0.0,0.0,0.0,18.5,18.76,0.0,0.3152830661973489,-1.3063120407782307,-1.3286749726446203,False,False,False,False,41.0107844076849,48.78072716740521,False,False
1788414600.0,2026-09-03 13:50:00+08:00,18.58,18.6,18.58,18.6,39.94505394720687,24.29026695529513,45.363476085932334,54.63652391406767,-21.69111525979353,60.27892450601118,1,28.36761173837693,60.91780647686115,18.52720588235301,18.87014292085175,87.65965592562561,12.340344074374393,22.2165489081506,28.22285367611571,19.5758039583988,29.387625025806734,-9.81182106740794,74.12006191891679,35.91434763337108,0.0,0.0,0.0,0.0,18.5,18.76,0.2832622360208248,0.0,-1.0657304604780293,0.0,False,False,False,False,39.94505394720687,47.03465723085528,False,False
1788414720.0,2026-09-03 13:52:00+08:00,18.6,18.62,18.6,18.62,39.16017452158801,26.06624790069464,45.967302313062376,54.03269768693762,-12.470322246035677,35.59028978064904,2,28.36761173837693,60.91780647686115,18.52720588235301,18.87014292085175,87.65965592562561,12.340344074374393,22.2165489081506,28.22285367611571,19.5758039583988,29.387625025806734,-9.81182106740794,72.95068625515806,35.45650806700273,0.0,0.0,0.0,0.0,18.5,18.76,0.0,0.0,-0.7848794256188611,-1.1693756637587285,False,False,False,False,39.16017452158801,45.32196848700696,False,False
1788415200.0,2026-09-03 14:00:00+08:00,18.62,18.64,18.62,18.64,38.68533150246857,28.59188136790417,50.35840667105936,49.64159332894064,17.823076876862743,6.084467055755353,3,28.72263387159721,61.98284124003153,18.53647058823536,18.867778314674123,85.24561139123217,14.754388608767831,22.611846526710583,29.62056823870056,27.095907226749475,25.07570132675109,2.020205899998384,72.95068625515806,35.45650806700273,0.0,0.0,0.0,0.0,18.5,18.76,0.355022133220281,0.395297618559983,-0.47484301911944016,0.0,False,False,False,False,38.68533150246857,43.81031073457894,False,False
1788415320.0,2026-09-03 14:02:00+08:00,18.64,18.66,18.64,18.66,38.54059042639384,31.807842646253565,45.162745947235614,54.83725405276439,23.2817839242506,16.474528128989142,3,28.72263387159721,61.98284124003153,18.53647058823536,18.867778314674123,85.24561139123217,14.754388608767831,22.611846526710583,29.62056823870056,27.095907226749475,25.07570132675109,2.020205899998384,72.0274436275864,36.73867240190511,0.0,0.0,0.0,0.0,18.5,18.76,0.0,0.0,-0.1447410760747303,-0.9232426275716676,False,False,False,False,38.54059042639384,42.31709644846313,False,False
1788415800.0,2026-09-03 14:10:00+08:00,18.64,18.67,18.62,18.62,38.50307462836959,34.59544168641815,37.51552175172069,62.48447824827932,-7.691911012233661,21.476358609298483,2,29.15203527381705,63.34364444698457,18.547132352941247,18.86563624189129,82.00187556237657,17.998124437623435,22.611846526710583,29.62056823870056,27.095907226749475,25.07570132675109,2.020205899998384,71.22896510826021,38.6749695277162,0.0,0.0,0.0,0.0,18.5,18.76,0.42940140221983825,0.0,-0.03751579802425198,-0.7984785193261814,False,False,False,False,38.50307462836959,41.0107844076849,False,False
1788416040.0,2026-09-03 14:14:00+08:00,18.64,18.66,18.64,18.66,38.70827008412674,37.49484818756871,40.79142526386204,59.20857473613796,10.154345975338169,14.052250819350236,4,29.15203527381705,63.34364444698457,18.547132352941247,18.86563624189129,82.00187556237657,17.998124437623435,22.611846526710583,29.62056823870056,27.095907226749475,25.07570132675109,2.020205899998384,70.61849491347056,40.6983572856995,0.0,0.0,0.0,0.0,18.5,18.76,0.0,0.0,0.20519545575714915,-0.6104701947896558,False,False,False,False,38.50307462836959,39.94505394720687,False,False
1788416280.0,2026-09-03 14:18:00+08:00,18.66,18.68,18.66,18.68,39.1830429891849,40.97353324609263,42.58007386287185,57.41992613712815,20.386764383516525,25.972738466388023,4,29.15203527381705,63.34364444698457,18.547132352941247,18.86563624189129,82.00187556237657,17.998124437623435,22.611846526710583,29.62056823870056,27.095907226749475,25.07570132675109,2.020205899998384,70.61849491347056,40.6983572856995,0.0,0.0,0.0,0.0,18.5,18.76,0.0,0.0,0.4747729050581597,0.0,False,True,False,False,38.50307462836959,39.1830429891849,False,False
1788416520.0,2026-09-03 14:22:00+08:00,18.66,18.66,18.64,18.64,39.71054704481249,43.76628875359626,41.323941329522256,58.676058670477744,8.867888800106396,7.494129808693322,3,29.64666718361863,64.9252954165495,18.556911764705955,18.863614985753077,80.33871032410929,19.661289675890718,22.611846526710583,29.62056823870056,27.095907226749475,25.07570132675109,2.020205899998384,70.11018759229214,42.88926717805444,0.0,0.0,0.0,0.0,18.5,18.76,0.4946319098015799,0.0,0.5275040556275954,-0.508307321178421,False,False,False,False,38.50307462836959,39.71054704481249,False,False
1788417120.0,2026-09-03 14:32:00+08:00,18.64,18.64,18.62,18.62,40.196145161628685,45.49416334584093,39.4915991007714,60.5084008992286,-5.269285569246298,11.322915925138036,2,30.16388350097059,66.21415479268137,18.564926470588308,18.86134020977543,83.41226267945613,16.58773732054386,22.611846526710583,29.62056823870056,27.095907226749475,25.07570132675109,2.020205899998384,70.11018759229214,42.88926717805444,0.0,0.0,0.0,0.0,18.5,18.76,0.5172163173519628,0.0,0.4855981168161918,0.0,False,False,False,False,38.50307462836959,40.196145161628685,False,False
1788417120.001,2026-09-03 14:32:00.000999928+08:00,18.62,18.62,18.6,18.6,40.56494155358352,46.07081221781442,41.1360033347785,58.8639966652215,-17.1095164706035,34.3594186624057,2,30.16388350097059,66.21415479268137,18.564926470588308,18.86134020977543,83.41226267945613,16.58773732054386,22.611846526710583,29.62056823870056,27.095907226749475,25.07570132675109,2.020205899998384,70.11018759229214,42.88926717805444,0.0,0.0,0.0,0.0,18.5,18.76,0.0,0.0,0.36879639195483804,0.0,False,False,False,False,38.50307462836959,40.56494155358352,False,False
