time,open,high,low,close,,,,,,,,,,,,,,,,,,,,,Red %,Blue %,B,red_green (开盘价),red_green (最高价,red_green (最低价),red_green (关闭),cyan_magenta (开盘价),cyan_magenta (最高价,cyan_magenta (最低价),cyan_magenta (关闭),yellow (开盘价),yellow (最高价,yellow (最低价),yellow (关闭),blue (开盘价),blue (最高价,blue (最低价),blue (关闭),fuchsia (开盘价),fuchsia (最高价,fuchsia (最低价),fuchsia (关闭),white (开盘价),white (最高价,white (最低价),white (关闭),rs,Regular Bullish,Regular Bullish Label,Hidden Bullish,Hidden Bullish Label,Regular Bearish,Regular Bearish Label,Hidden Bearish,Hidden Bearish Label,多头突破,空头突破,空头陷阱,中轴线,超买 1,超买 2（早期）,超卖 1,超卖 2,WT1 — 快线信号,WT2 — 慢线确认,WT 差值（动量）,交叉外圈,交叉内圈,Candle Color (开盘价),Candle Color (最高价,Candle Color (最低价),Candle Color (关闭),Oscillator,Signal Line,Reversal Down,Reversal Down,Reversal Up,Reversal Up
1783400640.001,17.75,17.75,17.7,17.7,0,0,0,0,0,0,19.05,18.8,,,,,17.725,,,,,,,,,,,11.801436042361118,19.54154421933036,11.801436042361118,19.54154421933036,4.352996579839723,4.85536220516491,4.352996579839723,4.85536220516491,96,101,96,101,-1,4,-1,4,-1,4,-1,4,96,101,96,101,-0.33203732717836215,,,,,,,,,0,0,0,0,52,48,-52,-48,-65.96897329375241,-61.429470282291746,-4.539503011460667,,,17.75,17.75,17.7,17.7,-0.0005393600416661816,-0.00047378932710686163,,,,
1783401120,17.7,17.7,17.65,17.65,0,0,0,0,0,0,19.05,18.8,,,,,17.674999999999997,,,,,,,,,,,10.958476325049608,18.315391663004537,10.958476325049608,18.315391663004537,3.9352215582299985,4.395291881697455,3.9352215582299985,4.395291881697455,96,101,96,101,-1,4,-1,4,-1,4,-1,4,96,101,96,101,-0.3379793336169724,,,,,,,,,0,0,0,0,52,48,-52,-48,-67.77762966763278,-64.07244536454245,-3.705184303090334,,,17.7,17.7,17.65,17.65,-0.0005700560055569404,-0.0004995168234717943,,,,
1783401120.001,17.650000000000002,17.650000000000002,17.6,17.6,0,0,0,0,0,0,19.05,18.8,,,,,17.625,,,,,,,,,,,10.175728016117493,17.152582570592102,10.175728016117493,17.152582570592102,3.5771286825645205,3.9862102821309877,3.5771286825645205,3.9862102821309877,96,101,96,101,-1,4,-1,4,-1,4,-1,4,96,101,96,101,-0.3507187418881137,-0.3507187418881137,-0.3507187418881137,-0.3507187418881137,,,,,,0,0,0,0,52,48,-52,-48,-69.0167611783211,-66.50372356157044,-2.5130376167506654,,,17.650000000000002,17.650000000000002,17.6,17.6,-0.0006020117863994874,-0.0005273166613805528,,,,
1783401840,17.650000000000002,17.700000000000003,17.650000000000002,17.700000000000003,0,0,0,0,0,0,19.05,18.8,,,,,17.675000000000004,,,,,,,,,,,9.909719793768094,16.117887888188672,9.909719793768094,16.117887888188672,3.912671145901885,3.9494407140164363,3.912671145901885,3.9494407140164363,96,101,96,101,-1,4,-1,4,-1,4,-1,4,96,101,96,101,-0.3310658375130858,,,,,,,,,0,0,0,0,52,48,-52,-48,-63.326046974362484,-66.5223527785172,3.1963058041547185,-66.5223527785172,-66.5223527785172,17.650000000000002,17.700000000000003,17.650000000000002,17.700000000000003,-0.0006167548363797929,-0.0005537157597822954,,,,
1783402080,17.7,17.75,17.7,17.75,0,0,0,0,0,0,19.05,18.8,,,,,17.725,,,,,,,,,,,9.893126905273132,15.228636319200737,9.893126905273132,15.228636319200737,4.782289553630175,4.365865133823306,4.782289553630175,4.365865133823306,96,101,96,101,-1,4,-1,4,-1,4,-1,4,96,101,96,101,-0.3015893444394572,,,,,,,,,0,0,0,0,52,48,-52,-48,-52.93025883921858,-63.26267416488375,10.332415325665167,,,17.7,17.75,17.7,17.75,-0.0006219889913156029,-0.0005767678331873845,,,,
1783403760,17.7,17.77,17.65,17.65,0,0,0,0,0,0,19.05,18.8,,,,,17.674999999999997,,,,,,,,,,,9.416889730011674,14.398386806459442,9.416889730011674,14.398386806459442,5.059105331683003,4.712485232753155,5.059105331683003,4.712485232753155,96,101,96,101,-1,4,-1,4,-1,4,-1,4,96,101,96,101,-0.30540804965671114,,,,,,,,,0,0,0,0,52,48,-52,-48,-50.03019317964371,-58.82581504288648,8.795621863242772,,,17.7,17.77,17.65,17.65,-0.0006383828971290405,-0.0005980924264078409,,,,
1783406160,17.7,17.75,17.63,17.75,0,0,0,0,0,0,19.05,18.8,,,,,17.725,,,,,,,,,,,9.435498988927884,13.689402832526364,9.435498988927884,13.689402832526364,5.683646614148729,5.198065923450942,5.683646614148729,5.198065923450942,96,101,96,101,-1,4,-1,4,-1,4,-1,4,96,101,96,101,-0.29917786615925435,,,,,,,,,0,0,0,0,52,48,-52,-48,-44.10943990470478,-52.5989847244824,8.48954481977762,,,17.7,17.75,17.63,17.75,-0.0006391316530437859,-0.0006147210283041082,,,,
1783474440,17.7,17.77,17.65,17.65,0,0,0,0,0,0,17.77,17.63,,,,,17.674999999999997,,,,,,,,,,,8.991949521976801,13.018338073876427,8.991949521976801,13.018338073876427,5.847306853939327,5.522686388695135,5.847306853939327,5.522686388695135,96,101,96,101,-1,4,-1,4,-1,4,-1,4,96,101,96,101,-0.29940011853308224,,,,,,,,,0,0,0,0,52,48,-52,-48,-42.831749179117665,-47.475410275671194,4.643661096553529,,,17.7,17.77,17.65,17.65,-0.0006525470246850389,-0.0006284695314921247,,,,
1783474680,17.650000000000002,17.650000000000002,17.6,17.6,0,0,0,0,0,0,17.77,17.6,,,,,17.625,,,,,,,,,,,8.349667413264173,12.351385122360389,8.349667413264173,12.351385122360389,5.250072541471841,5.386379465083488,5.250072541471841,5.386379465083488,96,101,96,101,-1,4,-1,4,-1,4,-1,4,96,101,96,101,-0.31624380639428307,,,,,,,,,0,0,0,0,52,48,-52,-48,-51.23602611333189,-47.05185209419952,-4.184174019132371,-47.05185209419952,-47.05185209419952,17.650000000000002,17.650000000000002,17.6,17.6,-0.0006634403615683514,-0.0006387076273536021,,,,
1783475640,17.650000000000002,17.700000000000003,17.56,17.700000000000003,0,0,0,0,0,0,17.77,17.6,,,,,17.675000000000004,,,,,,,,,,,8.3821934156411,11.784357735686203,8.3821934156411,11.784357735686203,5.714347892690193,5.550363678886841,5.714347892690193,5.550363678886841,96,101,96,101,-1,4,-1,4,-1,4,-1,4,96,101,96,101,-0.29066076261229074,,,,,,,,,0,0,0,0,52,48,-52,-48,-49.99782685771497,-47.04376051371734,-2.9540663439976313,,,17.650000000000002,17.700000000000003,17.56,17.700000000000003,-0.0006542450643773222,-0.0006449559986865236,,,,
1783475880,17.7,17.75,17.7,17.75,0,0,0,0,0,0,17.77,17.6,,,,,17.725,,,,,,,,,,,8.637014281280397,11.334737242199662,8.637014281280397,11.334737242199662,6.921822003258276,6.2360928410725585,6.921822003258276,6.2360928410725585,96,101,96,101,-1,4,-1,4,-1,4,-1,4,96,101,96,101,-0.23928965930290358,,,,,,,,,0,0,0,0,52,48,-52,-48,-34.74534571156277,-44.70273696543184,9.95739125386907,-44.70273696543184,-44.70273696543184,17.7,17.75,17.7,17.75,-0.0006400304064471424,-0.0006479629012084469,,,-0.0006400304064471424,17.7
1783476120,17.75,17.8,17.75,17.8,0,0,0,0,0,0,17.77,17.6,,,,,17.775,,,,,,,,,,,9.09825180566334,11.015239322694471,9.09825180566334,11.015239322694471,8.816345465440275,7.526219153256417,8.816345465440275,7.526219153256417,96,101,96,101,-1,4,-1,4,-1,4,-1,4,96,101,96,101,-0.18995289012829394,,,,,,,,,0,0,0,0,52,48,-52,-48,-16.927140775691377,-38.226584864575265,21.299444088883888,,,17.75,17.8,17.75,17.8,-0.000619195284465114,-0.0006447649657644591,,,,
1783476360,17.75,17.75,17.7,17.7,0,0,0,0,0,0,17.77,17.6,,,,,17.725,,,,,,,,,,,9.077307494297452,10.738391918637756,9.077307494297452,10.738391918637756,9.754669739608143,8.64044444643228,9.754669739608143,8.64044444643228,96,101,96,101,-1,4,-1,4,-1,4,-1,4,96,101,96,101,-0.17420071795560987,,,,,-0.17420071795560987,,-0.17420071795560987,,0,0,0,0,52,48,-52,-48,-14.362194126663823,-29.008126867908246,14.645932741244422,,,17.75,17.75,17.7,17.7,-0.0006135656166572429,-0.0006405039597000353,,,,
1783476600,17.7,17.7,17.65,17.65,0,0,0,0,0,0,17.77,17.6,,,,,17.674999999999997,,,,,,,,,,,8.83324105602553,10.466227509693152,8.83324105602553,10.466227509693152,9.948447078394322,9.2944457624133,9.948447078394322,9.2944457624133,96,101,96,101,-1,4,-1,4,-1,4,-1,4,96,101,96,101,-0.20371128410919243,,,,,,,,,0,0,0,0,52,48,-52,-48,-21.4470514022124,-21.87043300403261,0.42338160182021056,,,17.7,17.7,17.65,17.65,-0.0006156287093149295,-0.0006343509071383504,,,,
1783476600.001,17.650000000000002,17.650000000000002,17.6,17.6,0,0,0,0,0,0,17.77,17.6,,,,,17.625,,,,,,,,,,,8.381989785626594,10.168479263397929,8.381989785626594,10.168479263397929,9.43909445625297,9.366770109333135,9.43909445625297,9.366770109333135,96,101,96,101,-1,4,-1,4,-1,4,-1,4,96,101,96,101,-0.2375322667055343,,,,,,,,,0,0,0,0,52,48,-52,-48,-31.29308105985671,-21.007366841106098,-10.285714218750613,-21.007366841106098,-21.007366841106098,17.650000000000002,17.650000000000002,17.6,17.6,-0.0006215083338563603,-0.0006273622358530186,,,,
1783476600.002,17.6,17.6,17.55,17.55,0,0,0,0,0,0,17.77,17.6,,,,,17.575000000000003,,,,,,,,,,,7.783276229510408,9.82773597284257,7.783276229510408,9.82773597284257,8.408112708534286,8.88744140893371,8.408112708534286,8.88744140893371,96,101,96,101,-1,4,-1,4,-1,4,-1,4,96,101,96,101,-0.25932285799911703,-0.25932285799911703,-0.25932285799911703,-0.25932285799911703,,,,,,0,0,0,0,52,48,-52,-48,-40.357524974822894,-26.864962890888975,-13.492562083933919,,,17.6,17.6,17.55,17.55,-0.0006327439423748888,-0.0006237787155192797,,,,
1783476840,17.6,17.650000000000002,17.6,17.650000000000002,0,0,0,0,0,0,17.77,17.6,,,,,17.625,,,,,,,,,,,7.673756498831099,9.520024619412359,7.673756498831099,9.520024619412359,8.551491565298324,8.719466487116017,8.551491565298324,8.719466487116017,96,101,96,101,-1,4,-1,4,-1,4,-1,4,96,101,96,101,-0.23789221500853738,,,,,,,,,0,0,1,0,52,48,-52,-48,-36.99129618551746,-32.52223840560239,-4.469057779915076,,,17.6,17.650000000000002,17.6,17.650000000000002,-0.0006324005670565244,-0.0006225070756208434,,,,
1783477080,17.650000000000002,17.700000000000003,17.650000000000002,17.700000000000003,0,0,0,0,0,0,17.77,17.6,,,,,17.675000000000004,,,,,,,,,,,7.7952738917717435,9.273631658320841,7.7952738917717435,9.273631658320841,9.567371427742845,9.143418957429432,9.567371427742845,9.143418957429432,96,101,96,101,-1,4,-1,4,-1,4,-1,4,96,101,96,101,-0.19987181416648447,,,,,,,,,0,0,0,0,52,48,-52,-48,-25.157991502140803,-33.449973430584485,8.291981928443683,-33.449973430584485,-33.449973430584485,17.650000000000002,17.700000000000003,17.650000000000002,17.700000000000003,-0.0006274305836182047,-0.0006238796254796917,,,,
1783478040,17.7,17.75,17.7,17.75,0,0,0,0,0,0,17.77,17.6,,,,,17.725,,,,,,,,,,,8.16012759996316,9.11455964998403,8.16012759996316,9.11455964998403,11.298710793486984,10.221064875458207,11.298710793486984,10.221064875458207,96,101,96,101,-1,4,-1,4,-1,4,-1,4,96,101,96,101,-0.1834272941090106,,,,,,,,,0,0,0,0,52,48,-52,-48,-9.025957914255443,-27.883192644184167,18.857234729928724,,,17.7,17.75,17.7,17.75,-0.0006117158664739915,-0.0006235713337824832,,,-0.0006117158664739915,17.7
1783480680,17.75,17.8,17.68,17.8,0,0,0,0,0,0,17.77,17.6,,,,,17.775,,,,,,,,,,,8.767737533299124,9.065013633314758,8.767737533299124,9.065013633314758,14.092772516866422,12.156918696162315,14.092772516866422,12.156918696162315,96,101,96,101,-1,4,-1,4,-1,4,-1,4,96,101,96,101,-0.16426552835486996,,,,,,,,,0,0,0,0,52,48,-52,-48,3.2642779648615523,-16.97774190926306,20.242019874124612,,,17.75,17.8,17.68,17.8,-0.0005878827423101353,-0.0006189470059483508,,,,
1783480920,17.8,17.85,17.8,17.85,0,0,0,0,0,0,17.77,17.6,,,,,17.825000000000003,,,,,,,,,,,9.570041995206333,9.137160542156412,9.570041995206333,9.137160542156412,18.23336545401741,15.195142075089862,18.23336545401741,15.195142075089862,96,101,96,101,-1,4,-1,4,-1,4,-1,4,96,101,96,101,-0.13107940429948522,,,,,,,,,0,0,0,0,52,48,-52,-48,16.62028314031059,-3.5748470778060444,20.195130218116635,,,17.8,17.85,17.8,17.85,-0.0005619921207806823,-0.0006090276371024044,,,,
1783480920.001,17.85,17.900000000000002,17.85,17.900000000000002,0,0,0,0,0,0,17.77,17.6,,,,,17.875,,,,,,,,,,,10.553134233643984,9.339442498083207,10.553134233643984,9.339442498083207,23.485741817729235,19.34044194640955,23.485741817729235,19.34044194640955,96,101,96,101,-1,4,-1,4,-1,4,-1,4,96,101,96,101,-0.10032870689861134,,,,,-0.10032870689861134,,-0.10032870689861134,,0,0,0,0,52,48,-52,-48,27.703219324744765,9.640455628915348,18.062763695829418,,,17.85,17.900000000000002,17.85,17.900000000000002,-0.0005261431073418898,-0.0005912608312635712,,,,
1783486800,17.85,17.85,17.8,17.8,0,0,0,0,0,0,17.77,17.6,,,,,17.825000000000003,,,,,,,,,,,10.989815121717031,9.575210015745181,10.989815121717031,9.575210015745181,27.14362285675491,23.24203240158223,27.14362285675491,23.24203240158223,96,101,96,101,-1,4,-1,4,-1,4,-1,4,96,101,96,101,-0.10373743573837878,,,,,,,,,0,0,0,0,52,48,-52,-48,27.914112440929483,18.87547321771158,9.038639223217903,,,17.85,17.85,17.8,17.8,-0.0005128982582233754,-0.0005713437797913798,,,,
1783486800.001,17.8,17.8,17.75,17.75,0,0,0,0,0,0,17.77,17.6,,,,,17.775,,,,,,,,,,,11.15720927968962,9.801209910594386,11.15720927968962,9.801209910594386,29.55167673436132,26.396854567971772,29.55167673436132,26.396854567971772,96,101,96,101,-1,4,-1,4,-1,4,-1,4,96,101,96,101,-0.12019856805941666,,,,,,,,,0,0,0,0,52,48,-52,-48,20.531051971181395,23.19216671929154,-2.661114748110144,23.19216671929154,23.19216671929154,17.8,17.8,17.75,17.75,-0.0005116690545998149,-0.0005520501916216482,,,,
1783488480,17.75,17.75,17.7,17.7,0,0,0,0,0,0,17.77,17.6,,,,,17.725,,,,,,,,,,,11.074551473997499,9.983115848223402,11.074551473997499,9.983115848223402,30.187151486595365,28.29200302728357,30.187151486595365,28.29200302728357,96,101,96,101,-1,4,-1,4,-1,4,-1,4,96,101,96,101,-0.11797970708765829,,,,,,,,,0,0,0,0,52,48,-52,-48,8.035598476024736,21.045995553220077,-13.010397077195341,,,17.75,17.75,17.7,17.7,-0.0005111681792517614,-0.0005352922437512766,,,,
1783489200,17.7,17.7,17.65,17.65,0,0,0,0,0,0,17.77,17.6,,,,,17.674999999999997,,,,,,,,,,,10.759702559188142,10.094056806932652,10.759702559188142,10.094056806932652,29.303272702796054,28.79763786503981,29.303272702796054,28.79763786503981,96,101,96,101,-1,4,-1,4,-1,4,-1,4,96,101,96,101,-0.11540091288648552,,,,,,,,,0,0,0,0,52,48,-52,-48,-5.439059323973385,12.760425891040537,-18.199485215013922,,,17.7,17.7,17.65,17.65,-0.0005138502283321177,-0.0005229534914216069,,,,
1783492800,17.650000000000002,17.650000000000002,17.6,17.6,0,0,0,0,0,0,17.85,17.6,,,,,17.625,,,,,,,,,,,10.229247614484231,10.11336977944002,10.229247614484231,10.11336977944002,27.117090888111015,27.957364376575413,27.117090888111015,27.957364376575413,96,101,96,101,-1,4,-1,4,-1,4,-1,4,96,101,96,101,-0.12154674879090212,,,,,,,,,0,0,0,0,52,48,-52,-48,-17.600807388018055,1.3816959338036536,-18.98250332182171,,,17.650000000000002,17.650000000000002,17.6,17.6,-0.0005212553366267544,-0.0005161640273959523,,,,
1783493280,17.6,17.6,17.55,17.55,0,0,0,0,0,0,17.85,17.6,,,,,17.575000000000003,,,,,,,,,,,9.498587070592501,10.02554367817609,9.498587070592501,10.02554367817609,23.814649332666573,25.886006854620994,23.814649332666573,25.886006854620994,96,101,96,101,-1,4,-1,4,-1,4,-1,4,96,101,96,101,-0.1234787341786761,,,,,,,,,0,0,0,0,52,48,-52,-48,-28.56055598886087,-10.891206056206912,-17.669349932653958,,,17.6,17.6,17.55,17.55,-0.0005361014369140344,-0.0005178237489913098,,,,
1783560600,17.55,17.55,17.5,17.5,0,0,0,0,0,0,17.85,17.6,,,,,17.525,,,,,,,,,,,8.82011656555018,9.853339804943817,8.82011656555018,9.853339804943817,20.983985142285622,23.43499599845331,20.983985142285622,23.43499599845331,96,101,96,101,-1,4,-1,4,-1,4,-1,4,96,101,96,101,-0.1290619986665706,,,,,,,,,0,0,0,0,52,48,-52,-48,-37.30456393801243,-22.226246659716203,-15.078317278296225,,,17.55,17.55,17.5,17.5,-0.0005623495207384276,-0.0005260656260771519,,,,
1783560600.001,17.5,17.5,17.45,17.45,0,0,0,0,0,0,17.85,17.6,,,,,17.475,,,,,,,,,,,8.190108239439452,9.61573529558605,8.190108239439452,9.61573529558605,18.55770155053052,20.996348774491914,18.55770155053052,20.996348774491914,96,101,96,101,-1,4,-1,4,-1,4,-1,4,96,101,96,101,-0.14487536088533504,,,,,,,,,0,0,0,0,52,48,-52,-48,-44.159064647540845,-31.90624799060807,-12.252816656932776,,,17.5,17.5,17.45,17.45,-0.000598004219906459,-0.0005404548202949257,,,,
1783560600.002,17.45,17.45,17.4,17.4,0,0,0,0,0,0,17.85,17.6,,,,,17.424999999999997,,,,,,,,,,,7.605100508050919,9.328501754509604,7.605100508050919,9.328501754509604,16.456051878476792,18.726200326484353,16.456051878476792,18.726200326484353,96,101,96,101,-1,4,-1,4,-1,4,-1,4,96,101,96,101,-0.17251899087472342,,,,,,,,,0,0,0,0,52,48,-52,-48,-48.83438578301348,-39.71464258935693,-9.119743193656554,,,17.45,17.45,17.4,17.4,-0.0006371793353777646,-0.0005614566796492597,,,,
1783561320,17.400000000000002,17.400000000000002,17.35,17.35,1,0,0,1,0,0,17.85,17.6,,,,,17.375,,,,,,,,,,,7.061879043190139,9.004698510035395,7.061879043190139,9.004698510035395,14.606440457240838,16.666320391862595,14.606440457240838,16.666320391862595,96,101,96,101,-1,4,-1,4,-1,4,-1,4,96,101,96,101,-0.19962431513924322,,,,,,,,,0,0,0,0,52,48,-52,-48,-52.19792804866574,-45.623985604308146,-6.573942444357591,,,17.400000000000002,17.400000000000002,17.35,17.35,-0.0006735087832170071,-0.0005880664387967412,,,,
1783561320.001,17.35,17.35,17.3,17.3,0,0,0,0,0,0,17.85,17.6,,,,,17.325000000000003,,,,,,,,,,,6.557459111533701,8.65509288167801,6.557459111533701,8.65509288167801,12.995996582396899,14.831158487129747,12.995996582396899,14.831158487129747,96,101,96,101,-1,4,-1,4,-1,4,-1,4,96,101,96,101,-0.21889076445660213,,,,,,,,,0,0,0,0,52,48,-52,-48,-54.7236158686576,-49.97874858696944,-4.744867281688165,,,17.35,17.35,17.3,17.3,-0.0007095930986741067,-0.0006194560658046333,,,,
1783561320.002,17.3,17.3,17.25,17.25,0,1,0,0,1,0,17.85,17.6,,,,,17.275,,,,,,,,,,,6.089069174995579,8.288518066437664,6.089069174995579,8.288518066437664,11.578986081614914,13.205072284372331,11.578986081614914,13.205072284372331,96,101,96,101,-1,4,-1,4,-1,4,-1,4,96,101,96,101,-0.23703747547192872,,,,,,,,,0,0,0,0,52,48,-52,-48,-56.851993197221326,-53.15198072438956,-3.700012472831766,,,17.3,17.3,17.25,17.25,-0.000745844081861753,-0.0006544131732959197,,,,
1783561560,17.25,17.25,17.2,17.2,0,0,0,0,0,0,17.85,17.6,,,,,17.225,,,,,,,,,,,5.654135662495896,7.912177723017412,5.654135662495896,7.912177723017412,10.333008478118895,11.769040381245613,10.333008478118895,11.769040381245613,96,101,96,101,-1,4,-1,4,-1,4,-1,4,96,101,96,101,-0.2580178719056798,,,,,,,,,0,0,0,0,52,48,-52,-48,-58.52810575719203,-55.57541071793419,-2.95269503925784,,,17.25,17.25,17.2,17.2,-0.0007843873711042322,-0.0006914194816902206,,,,
1783561560.001,17.2,17.2,17.15,17.15,0,0,0,0,0,0,17.85,17.6,,,,,17.174999999999997,,,,,,,,,,,5.250268829460475,7.53190502393785,5.250268829460475,7.53190502393785,9.237816790768635,10.503428586007125,9.237816790768635,10.503428586007125,96,101,96,101,-1,4,-1,4,-1,4,-1,4,96,101,96,101,-0.2793895043238921,,,,,,,,,0,0,0,0,52,48,-52,-48,-59.87714448304542,-57.495214826529114,-2.3819296565163057,,,17.2,17.2,17.15,17.15,-0.0008232008979553961,-0.0007289522613650434,,,,
1783561560.002,17.150000000000002,17.150000000000002,17.1,17.1,0,0,0,0,0,0,17.85,17.6,,,,,17.125,,,,,,,,,,,4.875249627356155,7.152382824426179,4.875249627356155,7.152382824426179,8.2752715349446,9.389350060475863,8.2752715349446,9.389350060475863,96,101,96,101,-1,4,-1,4,-1,4,-1,4,96,101,96,101,-0.2986833992484511,,,,,,,,,0,0,0,0,52,48,-52,-48,-60.98091391976497,-59.05953933930596,-1.921374580459016,,,17.150000000000002,17.150000000000002,17.1,17.1,-0.0008580641805081196,-0.0007657664022201025,,,,
1783561560.003,17.1,17.1,17.05,17.05,0,0,1,0,0,1,17.85,17.6,,,,,17.075000000000003,,,,,,,,,,,4.527017511116429,6.7773306368104995,4.527017511116429,6.7773306368104995,7.4292243408768766,8.40928720067637,7.4292243408768766,8.40928720067637,96,101,96,101,-1,4,-1,4,-1,4,-1,4,96,101,96,101,-0.31728021760047287,,,,,,,,,0,0,0,0,52,48,-52,-48,-61.89468546391475,-60.32021240597931,-1.5744730579354353,,,17.1,17.1,17.05,17.05,-0.0008930679412277911,-0.0008023595952218999,,,,
1783561800,17.05,17.05,17,17,0,0,0,0,0,0,17.85,17.6,,,,,17.025,,,,,,,,,,,4.203659117465255,6.409663276904036,4.203659117465255,6.409663276904036,6.685366895354775,7.547327048015573,6.685366895354775,7.547327048015573,96,101,96,101,-1,4,-1,4,-1,4,-1,4,96,101,96,101,-0.3252239320438803,-0.3252239320438803,,-0.3252239320438803,,,,,,0,0,0,0,52,48,-52,-48,-62.65721096728096,-61.35248870850155,-1.3047222587794138,,,17.05,17.05,17,17,-0.0009275553571307185,-0.0008386866382980017,,,,
1783562280,17.05,17.1,17.05,17.1,0,0,0,0,0,0,17.85,17.6,,,,,17.075000000000003,,,,,,,,,,,4.3642272450195865,6.117458129491972,4.3642272450195865,6.117458129491972,7.000155751573961,7.273741399794767,7.000155751573961,7.273741399794767,96,101,96,101,-1,4,-1,4,-1,4,-1,4,96,101,96,101,-0.3031448318397176,,,,,,,,,0,0,0,0,52,48,-52,-48,-56.101641446350044,-60.408612949327704,4.30697150297766,-60.408612949327704,-60.408612949327704,17.05,17.1,17.05,17.1,-0.0009408822781940582,-0.000871193004353386,,,,
1783563240,17.1,17.150000000000002,17.04,17.150000000000002,0,0,0,0,0,0,17.85,17.6,,,,,17.125,,,,,,,,,,,4.766782441803912,5.924504459822249,4.766782441803912,5.924504459822249,7.873149374365012,7.5734453870798895,7.873149374365012,7.5734453870798895,96,101,96,101,-1,4,-1,4,-1,4,-1,4,96,101,96,101,-0.2642899157822522,,,,,,,,,0,0,0,0,52,48,-52,-48,-46.45510139334109,-56.77715981772173,10.322058424380643,,,17.1,17.150000000000002,17.04,17.150000000000002,-0.0009436751142521411,-0.0008977409615447042,,,,
1783563480,17.150000000000002,17.200000000000003,17.150000000000002,17.200000000000003,0,0,0,0,0,0,17.85,17.6,,,,,17.175000000000004,,,,,,,,,,,5.411519656551923,5.851220916497917,5.411519656551923,5.851220916497917,9.605556606598626,8.589500996839257,9.605556606598626,8.589500996839257,96,101,96,101,-1,4,-1,4,-1,4,-1,4,96,101,96,101,-0.2262540683295921,,,,,,,,,0,0,0,0,52,48,-52,-48,-29.1730846062075,-48.59675960329492,19.42367499708742,,,17.150000000000002,17.200000000000003,17.150000000000002,17.200000000000003,-0.00093595103429207,-0.0009165326509341497,,,,
1783563720,17.150000000000002,17.150000000000002,17.1,17.1,0,0,0,0,0,0,17.85,17.6,,,,,17.125,,,,,,,,,,,5.535186619859446,5.806073159835279,5.535186619859446,5.806073159835279,10.138096138989367,9.363798567914312,10.138096138989367,9.363798567914312,96,101,96,101,-1,4,-1,4,-1,4,-1,4,96,101,96,101,-0.22333686891871504,,,,,-0.22333686891871504,,-0.22333686891871504,,0,0,0,0,52,48,-52,-48,-27.099815752175658,-39.7074107995186,12.60759504734294,,,17.150000000000002,17.150000000000002,17.1,17.1,-0.0009370525794307347,-0.0009296973840879191,,,,
1783563960,17.1,17.1,17.05,17.05,0,0,0,0,0,0,17.200000000000003,17.04,,,,,17.075000000000003,,,,,,,,,,,5.398615318854996,5.747864896838095,5.398615318854996,5.747864896838095,9.800907801673427,9.58235318479387,9.800907801673427,9.58235318479387,96,101,96,101,-1,4,-1,4,-1,4,-1,4,96,101,96,101,-0.24771386849209176,,,,,,,,,0,0,0,0,52,48,-52,-48,-33.307798789449414,-34.00895013529344,0.7011513458440248,,,17.1,17.1,17.05,17.05,-0.0009413853121895623,-0.0009377502792482142,,,,
1783564200,17.05,17.05,17,17,0,0,0,0,0,0,17.200000000000003,17,,,,,17.025,,,,,,,,,,,5.012999938936781,5.642884188566478,5.012999938936781,5.642884188566478,8.71823843318039,9.150295808987131,8.71823843318039,9.150295808987131,96,101,96,101,-1,4,-1,4,-1,4,-1,4,96,101,96,101,-0.26427681153781973,,,,,,,,,0,0,0,0,52,48,-52,-48,-42.074940800814225,-32.91390998716172,-9.161030813652502,-32.91390998716172,-32.91390998716172,17.05,17.05,17,17,-0.0009488635138915694,-0.000941301638708356,,,,
1783564200.001,17,17,16.95,16.95,0,0,0,0,0,0,17.200000000000003,17,,,,,16.975,,,,,,,,,,,4.654928514727011,5.501747663732269,4.654928514727011,5.501747663732269,7.773527679568147,8.46191174427764,7.773527679568147,8.46191174427764,96,101,96,101,-1,4,-1,4,-1,4,-1,4,96,101,96,101,-0.2779784555939351,,,,,,,,,0,0,0,0,52,48,-52,-48,-50.139964748263566,-38.155630022675744,-11.984334725587821,,,17,17,16.95,16.95,-0.0009596480178474803,-0.0009444292619839264,,,,
1783564440,16.95,16.95,16.9,16.9,0,0,0,0,0,0,17.200000000000003,17,,,,,16.924999999999997,,,,,,,,,,,4.322433620817939,5.333274229030223,4.322433620817939,5.333274229030223,6.948738011058456,7.705324877668048,6.948738011058456,7.705324877668048,96,101,96,101,-1,4,-1,4,-1,4,-1,4,96,101,96,101,-0.2912644452417443,,,,,,,,,0,0,0,0,52,48,-52,-48,-56.56251762492547,-45.5213054908632,-11.04121213406227,,,16.95,16.95,16.9,16.9,-0.0009751894806084824,-0.0009496816563766499,,,,
1783564440.001,16.900000000000002,16.900000000000002,16.85,16.85,0,0,0,0,0,0,17.200000000000003,17,,,,,16.875,,,,,,,,,,,4.013688362188086,5.144761962338488,4.013688362188086,5.144761962338488,6.228169995873277,6.966747436770662,6.228169995873277,6.966747436770662,96,101,96,101,-1,4,-1,4,-1,4,-1,4,96,101,96,101,-0.30518204699719753,,,,,,,,,0,0,0,0,52,48,-52,-48,-60.54779651117441,-52.331304921294446,-8.216491589879965,,,16.900000000000002,16.900000000000002,16.85,16.85,-0.000994613699256753,-0.000959458767204097,,,,
1783564680,16.85,16.85,16.8,16.8,0,0,0,0,0,0,17.200000000000003,17,,,,,16.825000000000003,,,,,,,,,,,3.7269963363175083,4.942224015764062,3.7269963363175083,4.942224015764062,5.598171684774491,6.282459560772576,5.598171684774491,6.282459560772576,96,101,96,101,-1,4,-1,4,-1,4,-1,4,96,101,96,101,-0.3219263474251474,,,,,,,,,0,0,0,0,52,48,-52,-48,-63.07692237099483,-57.581800313839594,-5.4951220571552355,,,16.85,16.85,16.8,16.8,-0.0010160876788058307,-0.000972631283766613,,,,
1783564920,16.8,16.8,16.75,16.75,0,0,0,0,0,0,17.200000000000003,17,,,,,16.775,,,,,,,,,,,3.460782312294829,4.730589486697029,3.460782312294829,4.730589486697029,5.046880077632788,5.6646698192026825,5.046880077632788,5.6646698192026825,96,101,96,101,-1,4,-1,4,-1,4,-1,4,96,101,96,101,-0.3366577969024746,,,,,,,,,0,0,0,0,52,48,-52,-48,-64.69146086690539,-61.21967434350005,-3.471786523405335,,,16.8,16.8,16.75,16.75,-0.0010407346357081235,-0.00098918950435304,,,,
1783565160,16.75,16.75,16.7,16.7,0,0,0,0,0,0,17.200000000000003,17,,,,,16.725,,,,,,,,,,,3.213583575702341,4.513874356554931,3.213583575702341,4.513874356554931,4.563992447494765,5.114331133348724,4.563992447494765,5.114331133348724,96,101,96,101,-1,4,-1,4,-1,4,-1,4,96,101,96,101,-0.34736944105554046,,,,,,,,,0,0,0,0,52,48,-52,-48,-65.80171165320287,-63.529472850569405,-2.272238802633467,,,16.75,16.75,16.7,16.7,-0.0010686255650054167,-0.001009149846205348,,,,
1783565880,16.7,16.7,16.65,16.65,0,0,0,0,0,0,17.200000000000003,17,,,,,16.674999999999997,,,,,,,,,,,2.9840418917236025,4.295326861579027,2.9840418917236025,4.295326861579027,4.140564954995548,4.6274480441721355,4.140564954995548,4.6274480441721355,96,101,96,101,-1,4,-1,4,-1,4,-1,4,96,101,96,101,-0.35835870685034615,,,,,,,,,0,0,0,0,52,48,-52,-48,-66.48059939708752,-65.01267357204769,-1.4679258250398277,,,16.7,16.7,16.65,16.65,-0.0010998500390518359,-0.0010325168497394071,,,,
1783566120,16.650000000000002,16.650000000000002,16.6,16.6,0,0,0,0,0,0,17.200000000000003,17,,,,,16.625,,,,,,,,,,,2.770896042314774,4.077551030255562,2.770896042314774,4.077551030255562,3.7688358954907235,4.198141969831429,3.7688358954907235,4.198141969831429,96,101,96,101,-1,4,-1,4,-1,4,-1,4,96,101,96,101,-0.3687404543077411,,,,,,,,,0,0,0,0,52,48,-52,-48,-66.87960526606955,-65.96334429581637,-0.9162609702531768,,,16.650000000000002,16.650000000000002,16.6,16.6,-0.0011355859345423993,-0.0010592495920617266,,,,
1783566600,16.6,16.6,16.55,16.55,0,0,0,0,0,0,17.200000000000003,17,,,,,16.575000000000003,,,,,,,,,,,2.5729748964351473,3.8626115825669314,2.5729748964351473,3.8626115825669314,3.442070979203684,3.820106474517557,3.442070979203684,3.820106474517557,96,101,96,101,-1,4,-1,4,-1,4,-1,4,96,101,96,101,-0.3847334740999654,,,,,,,,,0,0,0,0,52,48,-52,-48,-67.09811662965923,-66.56500823650482,-0.5331083931544072,,,16.6,16.6,16.55,16.55,-0.001175195741930403,-0.0010893465991740018,,,,
1783566600.001,16.55,16.55,16.5,16.5,0,0,0,0,0,0,17.200000000000003,17,,,,,16.525,,,,,,,,,,,2.3891909752612084,3.6521229243803996,2.3891909752612084,3.6521229243803996,3.1544281862562142,3.4872673303868855,3.1544281862562142,3.4872673303868855,96,101,96,101,-1,4,-1,4,-1,4,-1,4,96,101,96,101,-0.4059020520703599,,,,,,,,,0,0,0,0,52,48,-52,-48,-67.2017942968615,-66.91502889741948,-0.28676539944201807,,,16.55,16.55,16.5,16.5,-0.0012092065424021256,-0.0011215330764400508,,,,
1783566600.002,16.5,16.5,16.45,16.45,0,0,0,0,0,0,17.200000000000003,17,,,,,16.475,,,,,,,,,,,2.218534477028265,3.447324574758666,2.218534477028265,3.447324574758666,2.9078772208726686,3.197572275629777,2.9078772208726686,3.197572275629777,96,101,96,101,-1,4,-1,4,-1,4,-1,4,96,101,96,101,-0.41781907871519,-0.41781907871519,,-0.41781907871519,,,,,,0,0,0,0,52,48,-52,-48,-67.23405620683144,-67.10339309985545,-0.13066310697598738,,,16.5,16.5,16.45,16.45,-0.001240039042323384,-0.0011547504775425942,,,,
1783567320,16.5,16.55,16.43,16.55,0,0,0,0,0,0,17.200000000000003,17,,,,,16.525,,,,,,,,,,,2.6353313911810914,3.331325548533298,2.6353313911810914,3.331325548533298,3.389233655429983,3.29340296552988,3.389233655429983,3.29340296552988,96,101,96,101,-1,4,-1,4,-1,4,-1,4,96,101,96,101,-0.4026436557577401,,,,,,,,,0,0,0,0,52,48,-52,-48,-61.93498201315337,-65.86723728662642,3.9322552734730465,-65.86723728662642,-65.86723728662642,16.5,16.55,16.43,16.55,-0.0012455274867239254,-0.001184234131162346,,,,
1783573200,16.55,16.6,16.55,16.6,0,0,0,0,0,0,17.200000000000003,17,,,,,16.575000000000003,,,,,,,,,,,3.2620502898934745,3.321429083013323,3.2620502898934745,3.321429083013323,4.528434042316632,3.9109185039232557,4.528434042316632,3.9109185039232557,96,101,96,101,-1,4,-1,4,-1,4,-1,4,96,101,96,101,-0.3669156438598311,,,,,,,,,0,0,0,0,52,48,-52,-48,-48.71331399045324,-61.271036626824916,12.557722636371679,,,16.55,16.6,16.55,16.6,-0.0012422176734351754,-0.0012079620702262356,,,,
1783573200.001,16.6,16.650000000000002,16.6,16.650000000000002,0,0,0,0,0,0,17.200000000000003,17,,,,,16.625,,,,,,,,,,,4.0980457259409375,3.4323743177172683,4.0980457259409375,3.4323743177172683,6.1312336785661445,5.0210760912447,6.1312336785661445,5.0210760912447,96,101,96,101,-1,4,-1,4,-1,4,-1,4,96,101,96,101,-0.32760597346679055,,,,,,,,,0,0,0,0,52,48,-52,-48,-32.827350765147024,-52.67742574389631,19.850074978749284,,,16.6,16.650000000000002,16.6,16.650000000000002,-0.001229972461146896,-0.0012236931579936519,,,,
1783573440,16.650000000000002,16.700000000000003,16.650000000000002,16.700000000000003,0,0,0,0,0,0,17.200000000000003,17,,,,,16.675000000000004,,,,,,,,,,,5.117281526857705,3.6730753475944735,5.117281526857705,3.6730753475944735,8.182743621440807,6.601909856342753,8.182743621440807,6.601909856342753,96,101,96,101,-1,4,-1,4,-1,4,-1,4,96,101,96,101,-0.291475112281935,,,,,,,,,0,0,0,0,52,48,-52,-48,-16.847649105820146,-40.080823968643486,23.23317486282334,,,16.650000000000002,16.700000000000003,16.650000000000002,16.700000000000003,-0.001209570151616684,-0.0012294222262746988,,,-0.001209570151616684,16.650000000000002
1783573680,16.7,16.75,16.7,16.75,0,0,0,0,0,0,17.200000000000003,17,,,,,16.725,,,,,,,,,,,6.306669095153096,4.049303025817134,6.306669095153096,4.049303025817134,10.67678390995293,8.63934688314784,10.67678390995293,8.63934688314784,96,101,96,101,-1,4,-1,4,-1,4,-1,4,96,101,96,101,-0.27113150337605363,,,,,,,,,0,0,0,0,52,48,-52,-48,-2.430377009666115,-25.20467271777167,22.774295708105555,,,16.7,16.75,16.7,16.75,-0.001177196591458858,-0.0012240872344508207,,,,
1783575360,16.75,16.8,16.75,16.8,0,0,0,0,0,0,17.200000000000003,17,,,,,16.775,,,,,,,,,,,7.654054733157226,4.564267555437147,7.654054733157226,4.564267555437147,13.615814779959667,11.127580831553754,13.615814779959667,11.127580831553754,96,101,96,101,-1,4,-1,4,-1,4,-1,4,96,101,96,101,-0.26052368390407854,,,,,,,,,0,0,0,0,52,48,-52,-48,9.86797473908376,-10.55935053538742,20.42732527447118,,,16.75,16.8,16.75,16.8,-0.0011356220450285121,-0.0012066844015683421,,,,
1783575840,16.8,16.85,16.8,16.85,0,0,0,0,0,0,17.200000000000003,17,,,,,16.825000000000003,,,,,,,,,,,9.148152864462329,5.219108313869315,9.148152864462329,5.219108313869315,17.011152321407376,14.069366576480565,17.011152321407376,14.069366576480565,96,101,96,101,-1,4,-1,4,-1,4,-1,4,96,101,96,101,-0.24058712059802706,,,,,,,,,0,0,0,0,52,48,-52,-48,20.076217722722916,2.6665415865800632,17.409676136142853,,,16.8,16.85,16.8,16.85,-0.0010860083115426713,-0.0011800978723714665,,,,
1783575840.001,16.85,16.900000000000002,16.85,16.900000000000002,0,0,0,0,0,0,17.200000000000003,17,,,,,16.875,,,,,,,,,,,10.77848402526119,6.013304844068154,10.77848402526119,6.013304844068154,20.88350871246687,17.47643764447372,20.88350871246687,17.47643764447372,96,101,96,101,-1,4,-1,4,-1,4,-1,4,96,101,96,101,-0.22218810410678677,,,,,,,,,0,0,0,0,52,48,-52,-48,28.44148924551827,13.988826174414667,14.452663071103602,,,16.85,16.900000000000002,16.85,16.900000000000002,-0.001033427064350822,-0.0011452994375240743,,,,
1783576560,16.900000000000002,16.950000000000003,16.900000000000002,16.950000000000003,0,0,0,0,0,0,17.200000000000003,17,,,,,16.925000000000004,,,,,,,,,,,12.535317284875683,6.945020907040658,12.535317284875683,6.945020907040658,25.263920575339824,21.370179109906772,25.263920575339824,21.370179109906772,96,101,96,101,-1,4,-1,4,-1,4,-1,4,96,101,96,101,-0.20875912753409864,,,,,,,,,0,0,0,0,52,48,-52,-48,35.25896258575251,23.411161073269326,11.847801512483187,,,16.900000000000002,16.950000000000003,16.900000000000002,16.950000000000003,-0.0009787140558214125,-0.0011034230366364936,,,,
1783577520,16.95,17,16.95,17,0,0,0,0,0,0,17.200000000000003,17,,,,,16.975,,,,,,,,,,,14.409616779104677,8.011391745906947,14.409616779104677,8.011391745906947,30.19516173538444,25.782670422645605,30.19516173538444,25.782670422645605,96,101,96,101,-1,4,-1,4,-1,4,-1,4,96,101,96,101,-0.1862270277566741,,,,,,,,,0,0,0,0,52,48,-52,-48,40.806062807331564,31.14568309033128,9.660379717000286,,,16.95,17,16.95,17,-0.0009227322597010004,-0.001055616721317213,,,,
1783577520.001,17,17.05,17,17.05,0,0,0,0,0,0,17.200000000000003,17,,,,,17.025,,,,,,,,,,,16.39299206261858,9.208763219722893,16.39299206261858,9.208763219722893,35.73378395052657,30.75822718658609,35.73378395052657,30.75822718658609,96,101,96,101,-1,4,-1,4,-1,4,-1,4,96,101,96,101,-0.15398035565539522,,,,,,,,,0,0,0,0,52,48,-52,-48,45.321906101351466,37.457105184988414,7.864800916363052,,,17,17.05,17,17.05,-0.0008635176463224322,-0.0010033368971278087,,,,
1783577520.002,17.05,17.1,17.05,17.1,0,0,0,0,0,0,17.200000000000003,17,,,,,17.075000000000003,,,,,,,,,,,18.47765200761133,10.532890189421241,18.47765200761133,10.532890189421241,41.95299948372664,36.35561333515636,41.95299948372664,36.35561333515636,96,101,96,101,-1,4,-1,4,-1,4,-1,4,96,101,96,101,-0.11826522665533362,,,,,,,,,0,0,0,0,52,48,-52,-48,49.004670013639796,42.597900377018796,6.406769636621,,,17.05,17.1,17.05,17.1,-0.0008033964827763259,-0.0009479659700857779,,,,
1783578240,17.1,17.150000000000002,17.03,17.150000000000002,0,0,0,0,0,0,17.200000000000003,17,,,,,17.125,,,,,,,,,,,20.65636199540586,11.979100447419045,20.65636199540586,11.979100447419045,48.686986570467006,42.52129995281169,48.686986570467006,42.52129995281169,96,101,96,101,-1,4,-1,4,-1,4,-1,4,96,101,96,101,-0.0901139645078162,,,,,,,,,0,0,0,0,52,48,-52,-48,51.13092799713935,46.565891729865506,4.565036267273847,,,17.1,17.150000000000002,17.03,17.150000000000002,-0.0007436448765357159,-0.0008909053975846185,,,,
1783578720,17.150000000000002,17.200000000000003,17.150000000000002,17.200000000000003,0,0,0,0,0,0,17.200000000000003,17,,,,,17.175000000000004,,,,,,,,,,,22.92240416580205,13.542429550045188,22.92240416580205,13.542429550045188,55.64635954648564,49.083829749648665,55.64635954648564,49.083829749648665,96,101,96,101,-1,4,-1,4,-1,4,-1,4,96,101,96,101,-0.08441009535292213,,,,,,,,,0,0,0,0,52,48,-52,-48,54.90919797538551,50.09167552187899,4.81752245350652,,,17.150000000000002,17.200000000000003,17.150000000000002,17.200000000000003,-0.0006878272512510316,-0.0008333054287346536,,,,
1783647000,17.2,17.25,17.2,17.25,0,0,0,0,0,0,17.200000000000003,17,,,,,17.225,,,,,,,,,,,25.269540505756904,15.217731115146863,25.269540505756904,15.217731115146863,61.63416184123857,55.35899579544362,61.63416184123857,55.35899579544362,96,101,96,101,-1,4,-1,4,-1,4,-1,4,96,101,96,101,-0.07529259065195351,,,,,,,,,0,0,0,0,52,48,-52,-48,58.028160855863504,53.268239210507005,4.759921645356499,,,17.2,17.25,17.2,17.25,-0.0006371359937543044,-0.0007763757517234689,,,,
1783647000.001,17.25,17.3,17.25,17.3,0,0,0,0,0,0,17.200000000000003,17,,,,,17.275,,,,,,,,,,,27.691978574587676,16.99976646649555,27.691978574587676,16.99976646649555,66.78658863895983,61.07279221720172,66.78658863895983,61.07279221720172,96,101,96,101,-1,4,-1,4,-1,4,-1,4,96,101,96,101,-0.046117829906086864,,,,,,,,,0,0,0,0,52,48,-52,-48,60.37401067770097,56.110574376522294,4.263436301178679,,,17.25,17.3,17.25,17.3,-0.0005841066661773082,-0.0007199381528028535,,,,
1783647000.002,17.3,17.35,17.3,17.35,0,0,0,0,0,0,17.200000000000003,17,,,,,17.325000000000003,,,,,,,,,,,30.18433967737466,18.88327692519257,30.18433967737466,18.88327692519257,71.22080268432582,66.14679745076377,71.22080268432582,66.14679745076377,96,101,96,101,-1,4,-1,4,-1,4,-1,4,96,101,96,101,-0.020553302112890196,,,,,,,,,0,0,0,0,52,48,-52,-48,62.12798377363989,58.859838320647434,3.2681454529924565,,,17.3,17.35,17.3,17.35,-0.0005294965322887131,-0.000664267967130567,,,,
1783648200,17.35,17.400000000000002,17.35,17.400000000000002,0,0,0,0,0,0,17.200000000000003,17,,,,,17.375,,,,,,,,,,,32.741629311692414,20.863041551835405,32.741629311692414,20.863041551835405,75.03756577655027,70.59218161365702,75.03756577655027,70.59218161365702,96,101,96,101,-1,4,-1,4,-1,4,-1,4,96,101,96,101,-0.0010131777822475424,,,,,,,,,0,0,0,0,52,48,-52,-48,63.43139031086872,60.99038640451824,2.441003906350481,,,17.35,17.400000000000002,17.35,17.400000000000002,-0.0004746481850938026,-0.0006094765841834798,,,,
1783648440,17.400000000000002,17.450000000000003,17.400000000000002,17.450000000000003,0,0,0,0,0,0,17.200000000000003,17,,,,,17.425000000000004,,,,,,,,,,,35.359209725288736,22.933922719471592,35.359209725288736,22.933922719471592,78.32351576365373,74.45784868865537,78.32351576365373,74.45784868865537,96,101,96,101,-1,4,-1,4,-1,4,-1,4,96,101,96,101,0.021521439159324862,,,,,,,,,0,0,0,0,52,48,-52,-48,64.39356186348141,62.58173665642275,1.8118252070586607,,,17.400000000000002,17.450000000000003,17.400000000000002,17.450000000000003,-0.00042018608330780636,-0.0005555667853121616,,,,
1783648440.001,17.45,17.5,17.45,17.5,0,0,0,0,0,0,17.200000000000003,17,,,,,17.475,,,,,,,,,,,38.032774433929426,25.090901535822713,38.032774433929426,25.090901535822713,81.15313367191682,77.8054911802861,81.15313367191682,77.8054911802861,96,101,96,101,-1,4,-1,4,-1,4,-1,4,96,101,96,101,0.05192763611876389,,,,,,,,,0,0,0,0,52,48,-52,-48,65.09860157161789,63.762884379901976,1.335717191715915,,,17.45,17.5,17.45,17.5,-0.00036820725065994214,-0.0005022967852136468,,,,
1783648920,17.5,17.55,17.5,17.55,0,0,0,0,0,0,17.200000000000003,17,,,,,17.525,,,,,,,,,,,40.758324559397046,27.32910482490476,40.758324559397046,27.32910482490476,83.59044110654095,80.69796614341352,83.59044110654095,80.69796614341352,96,101,96,101,-1,4,-1,4,-1,4,-1,4,96,101,96,101,0.08822595228648134,,,,,,,,,0,0,0,0,52,48,-52,-48,65.61088889517421,64.63361066028556,0.977278234888658,,,17.5,17.55,17.5,17.55,-0.0003193561962670054,-0.00044933348563243016,,,,
1783649160,17.55,17.6,17.55,17.6,0,0,0,0,0,0,17.200000000000003,17,,,,,17.575000000000003,,,,,,,,,,,43.53214685763253,29.643825115294444,43.53214685763253,29.643825115294444,85.69046356140629,83.19421485240991,85.69046356140629,83.19421485240991,96,101,96,101,-1,4,-1,4,-1,4,-1,4,96,101,96,101,0.12863144277971128,,,,,0.12863144277971128,,0.12863144277971128,,0,0,0,0,52,48,-52,-48,65.97947945439509,65.27063294616715,0.7088465082279356,,,17.55,17.6,17.55,17.6,-0.0002697143232075048,-0.0003969347618041296,,,,
1783649400,17.55,17.55,17.5,17.5,0,0,0,0,0,0,17.200000000000003,17,,,,,17.525,,,,,,,,,,,45.621930342534384,31.92641157632872,45.621930342534384,31.92641157632872,86.75788207583297,84.97604846412145,86.75788207583297,84.97604846412145,96,101,96,101,-1,4,-1,4,-1,4,-1,4,96,101,96,101,0.12214086170816649,,,,,,,,,0,0,0,0,52,48,-52,-48,60.5258267329245,64.30369916352792,-3.7778724306034235,64.30369916352792,64.30369916352792,17.55,17.55,17.5,17.5,-0.0002394464482610674,-0.0003485930811328553,,,,
1783650120,17.5,17.5,17.45,17.45,0,0,0,0,0,0,17.200000000000003,17,,,,,17.475,,,,,,,,,,,47.3194892539277,34.125422673128575,47.3194892539277,34.125422673128575,87.0623116205552,86.01918004233832,87.0623116205552,86.01918004233832,96,101,96,101,-1,4,-1,4,-1,4,-1,4,96,101,96,101,0.08005581580185037,,,,,,,,,0,0,0,0,52,48,-52,-48,51.0571811155738,60.79334404951689,-9.736162933943092,,,17.5,17.5,17.45,17.45,-0.00022090353243360122,-0.00030630230568948837,,,,
1783650360,17.45,17.45,17.4,17.4,0,0,0,0,0,0,17.200000000000003,17,,,,,17.424999999999997,,,,,,,,,,,48.65283963277735,36.2007679530784,48.65283963277735,36.2007679530784,86.71275061981656,86.36596533107743,86.71275061981656,86.36596533107743,96,101,96,101,-1,4,-1,4,-1,4,-1,4,96,101,96,101,0.048107256910043354,,,,,,,,,0,0,0,0,52,48,-52,-48,37.709879006419335,53.818091577328175,-16.10821257090884,,,17.45,17.45,17.4,17.4,-0.00021327206033024617,-0.0002718166351932284,,,,
1783650600,17.400000000000002,17.400000000000002,17.35,17.35,0,0,0,0,0,0,17.200000000000003,17,,,,,17.375,,,,,,,,,,,49.80540340146227,38.14428730284752,49.80540340146227,38.14428730284752,85.80262629439714,86.08429581273728,85.80262629439714,86.08429581273728,96,101,96,101,-1,4,-1,4,-1,4,-1,4,96,101,96,101,0.022308540278724125,,,,,,,,,0,0,0,0,52,48,-52,-48,22.67058487563327,42.99086793263772,-20.32028305700445,,,17.400000000000002,17.400000000000002,17.35,17.35,-0.00021674825704111914,-0.0002465734695900912,,,,
1783650840,17.35,17.35,17.3,17.3,0,0,0,0,0,0,17.200000000000003,17,,,,,17.325000000000003,,,,,,,,,,,50.78384956100329,39.94993905401264,50.78384956100329,39.94993905401264,84.41201911925127,85.24815746599427,84.41201911925127,85.24815746599427,96,101,96,101,-1,4,-1,4,-1,4,-1,4,96,101,96,101,-0.00039632560028967506,-0.00039632560028967506,,-0.00039632560028967506,,,,,,0,0,0,0,52,48,-52,-48,6.990486661822757,29.607032914862284,-22.616546253039527,,,17.35,17.35,17.3,17.3,-0.0002305879097036816,-0.00023177875516287055,,,,
1783651080,17.35,17.400000000000002,17.35,17.400000000000002,0,0,0,0,0,0,17.200000000000003,17,,,,,17.375,,,,,,,,,,,52.4053494841351,41.72928340117299,52.4053494841351,41.72928340117299,83.95267084458413,84.6004141552892,83.95267084458413,84.6004141552892,96,101,96,101,-1,4,-1,4,-1,4,-1,4,96,101,96,101,0.017154368239619924,,,,,,,,,0,0,0,0,52,48,-52,-48,4.02870744485975,17.849914497183775,-13.821207052324025,,,17.35,17.400000000000002,17.35,17.400000000000002,-0.00023059240416427798,-0.00022525843532233272,,,,
1783651320,17.400000000000002,17.450000000000003,17.400000000000002,17.450000000000003,0,0,0,0,0,0,17.200000000000003,17,,,,,17.425000000000004,,,,,,,,,,,54.39889313740556,43.53922764920622,54.39889313740556,43.53922764920622,84.16944436251292,84.38492925890105,84.16944436251292,84.38492925890105,96,101,96,101,-1,4,-1,4,-1,4,-1,4,96,101,96,101,0.05650691653691137,,,,,,,,,0,0,1,0,52,48,-52,-48,9.349164480324733,10.759735865660128,-1.4105713853353947,,,17.400000000000002,17.450000000000003,17.400000000000002,17.450000000000003,-0.00022391406423154825,-0.00022266970465074625,,,,
1783651320.001,17.45,17.5,17.45,17.5,0,0,0,0,0,0,17.200000000000003,17,,,,,17.475,,,,,,,,,,,56.777894915647074,45.430465830126344,56.777894915647074,45.430465830126344,84.96575084552389,84.67534005221248,84.96575084552389,84.67534005221248,96,101,96,101,-1,4,-1,4,-1,4,-1,4,96,101,96,101,0.08673578395369619,,,,,,,,,0,0,0,0,52,48,-52,-48,19.011197484206768,9.844889017803501,9.166308466403267,9.844889017803501,9.844889017803501,17.45,17.5,17.45,17.5,-0.00021123642476501644,-0.00022105852003931543,,,-0.00021123642476501644,17.45
1783651320.002,17.5,17.55,17.5,17.55,0,0,0,0,0,0,17.200000000000003,17,,,,,17.525,,,,,,,,,,,59.55993783070768,47.44896183020939,59.55993783070768,47.44896183020939,86.2587998700339,85.46706996112319,86.2587998700339,85.46706996112319,96,101,96,101,-1,4,-1,4,-1,4,-1,4,96,101,96,101,0.11525974048564361,,,,,,,,,0,0,0,0,52,48,-52,-48,29.127160997152217,15.379057601635866,13.74810339551635,,,17.5,17.55,17.5,17.55,-0.0001928545575477092,-0.0002176556029088926,,,,
1783651560,17.55,17.6,17.55,17.6,0,0,0,0,0,0,17.200000000000003,17,,,,,17.575000000000003,,,,,,,,,,,62.44851369994285,49.59175495445703,62.44851369994285,49.59175495445703,87.97762821582882,86.722349088476,87.97762821582882,86.722349088476,96,101,96,101,-1,4,-1,4,-1,4,-1,4,96,101,96,101,0.14478743229097207,,,,,,,,,0,0,0,0,52,48,-52,-48,37.97183643271286,23.864839848599146,14.106996584113716,,,17.55,17.6,17.55,17.6,-0.00016978636959507303,-0.00020982862166788493,,,,
1783651560.001,17.6,17.650000000000002,17.6,17.650000000000002,0,0,0,0,0,0,17.200000000000003,17,,,,,17.625,,,,,,,,,,,65.1307627213755,51.81161320687396,65.1307627213755,51.81161320687396,89.46091786181113,88.09163347514357,89.46091786181113,88.09163347514357,96,101,96,101,-1,4,-1,4,-1,4,-1,4,96,101,96,101,0.17340171998846787,,,,,,,,,0,0,0,0,52,48,-52,-48,45.147719229166356,32.81447853580955,12.333240693356807,,,17.6,17.650000000000002,17.6,17.650000000000002,-0.00014237929614379217,-0.00019512718607457005,,,,
1783651560.002,17.650000000000002,17.700000000000003,17.650000000000002,17.700000000000003,0,0,0,0,0,0,17.200000000000003,17,,,,,17.675000000000004,,,,,,,,,,,67.62142252699154,54.070157395462175,67.62142252699154,54.070157395462175,90.74152914589436,89.41658131051896,90.74152914589436,89.41658131051896,96,101,96,101,-1,4,-1,4,-1,4,-1,4,96,101,96,101,0.1998892711221787,,,,,,,,,0,0,0,0,52,48,-52,-48,51.19794376422757,40.86116510581475,10.336778658412818,,,17.650000000000002,17.700000000000003,17.650000000000002,17.700000000000003,-0.00010896887637662655,-0.00017485659810996144,,,,
1783651560.003,17.7,17.75,17.7,17.75,0,0,0,0,0,0,17.200000000000003,17,,,,,17.725,,,,,,,,,,,69.93417806077785,56.33644606193585,69.93417806077785,56.33644606193585,91.82607260124279,90.62132695588087,91.82607260124279,90.62132695588087,96,101,96,101,-1,4,-1,4,-1,4,-1,4,96,101,96,101,0.22509617640911497,,,,,,,,,0,0,0,0,52,48,-52,-48,55.77559785402607,47.52327432003321,8.252323533992858,,,17.7,17.75,17.7,17.75,-0.00006922986297218062,-0.00014907589790006683,,,,
1783651800,17.75,17.8,17.75,17.8,0,0,0,0,0,0,17.200000000000003,17,,,,,17.775,,,,,,,,,,,72.08173677072229,58.5857733060482,72.08173677072229,58.5857733060482,92.75568127725573,91.68850411656831,92.75568127725573,91.68850411656831,96,101,96,101,-1,4,-1,4,-1,4,-1,4,96,101,96,101,0.25395890823390627,,,,,,,,,0,0,0,0,52,48,-52,-48,59.186941809902315,52.82705066433058,6.359891145571737,,,17.75,17.8,17.75,17.8,-0.000023679942912268238,-0.00011781648425794215,,,,
1783651800.001,17.8,17.85,17.8,17.85,0,0,0,0,0,0,17.200000000000003,17,,,,,17.825000000000003,,,,,,,,,,,74.07589842995641,60.798648323749376,74.07589842995641,60.798648323749376,93.55248871383826,92.62049641520329,93.55248871383826,92.62049641520329,96,101,96,101,-1,4,-1,4,-1,4,-1,4,96,101,96,101,0.2834085471903814,,,,,,,,,0,0,0,0,52,48,-52,-48,61.69595676577188,56.964110048481956,4.731846717289926,,,17.8,17.85,17.8,17.85,0.00002748871867071639,-0.00008109260488820454,,,,
1783651800.002,17.85,17.900000000000002,17.85,17.900000000000002,0,0,0,0,0,0,17.200000000000003,17,,,,,17.875,,,,,,,,,,,75.92761997067382,62.95992998759573,75.92761997067382,62.95992998759573,94.23546651662328,93.42798146591329,94.23546651662328,93.42798146591329,96,101,96,101,-1,4,-1,4,-1,4,-1,4,96,101,96,101,0.30946057223547774,,,,,,,,,0,0,0,0,52,48,-52,-48,63.517009676851146,60.04387652663785,3.473133150213293,,,17.85,17.900000000000002,17.85,17.900000000000002,0.00007563208137992692,-0.00004018952972570405,,,,
1783651800.003,17.900000000000002,17.950000000000003,17.900000000000002,17.950000000000003,0,0,0,0,0,0,17.200000000000003,17,,,,,17.925000000000004,,,,,,,,,,,77.64707568705425,65.05809365894694,77.64707568705425,65.05809365894694,94.82087606186758,94.12442876389044,94.82087606186758,94.12442876389044,96,101,96,101,-1,4,-1,4,-1,4,-1,4,96,101,96,101,0.33363030823559703,,,,,0.33363030823559703,,0.33363030823559703,,0,0,0,0,52,48,-52,-48,64.8192256197331,62.30478346806461,2.51444215166849,,,17.900000000000002,17.950000000000003,17.900000000000002,17.950000000000003,0.0001220941262311793,0.0000038893740034578495,,,,
1783652040,17.900000000000002,17.900000000000002,17.85,17.85,0,0,0,0,0,0,17.200000000000003,17,,,,,17.875,,,,,,,,,,,78.77378832594887,67.0174786113758,78.77378832594887,67.0174786113758,94.56696209029646,94.34569542709345,94.56696209029646,94.34569542709345,96,101,96,101,-1,4,-1,4,-1,4,-1,4,96,101,96,101,0.3192792942655852,,,,,,,,,0,0,0,0,52,48,-52,-48,59.63824443551911,62.41760912446881,-2.7793646889496983,62.41760912446881,62.41760912446881,17.900000000000002,17.900000000000002,17.85,17.85,0.00014758465094084447,0.00004664829522303636,,,,
1783652040.001,17.85,17.85,17.8,17.8,0,0,0,0,0,0,17.200000000000003,17,,,,,17.825000000000003,,,,,,,,,,,79.58505908462169,68.81284725041091,79.58505908462169,68.81284725041091,93.65479867479952,94.00024705094648,93.65479867479952,94.00024705094648,96,101,96,101,-1,4,-1,4,-1,4,-1,4,96,101,96,101,0.27265362632857437,,,,,,,,,0,0,0,0,52,48,-52,-48,50.04031033787271,59.50369751749402,-9.463387179621307,,,17.85,17.85,17.8,17.8,0.0001601620886454225,0.00008488028715930352,,,,
1783652520,17.85,17.900000000000002,17.85,17.900000000000002,0,0,0,0,0,0,17.200000000000003,17,,,,,17.875,,,,,,,,,,,80.80830674399081,70.52648432092232,80.80830674399081,70.52648432092232,93.60887505459006,93.80456105276826,93.60887505459006,93.80456105276826,96,101,96,101,-1,4,-1,4,-1,4,-1,4,96,101,96,101,0.26567686908606475,,,,,,,,,0,0,0,0,52,48,-52,-48,49.57182711482634,56.01740187698782,-6.445574762161478,,,17.85,17.900000000000002,17.85,17.900000000000002,0.00017986785677023332,0.00011880492043972046,,,,
1783652760,17.900000000000002,17.950000000000003,17.900000000000002,17.950000000000003,0,0,0,0,0,0,17.200000000000003,17,,,,,17.925000000000004,,,,,,,,,,,82.17914197656289,72.19114970029955,82.17914197656289,72.19114970029955,94.23617861822005,94.02036983549417,94.23617861822005,94.02036983549417,96,101,96,101,-1,4,-1,4,-1,4,-1,4,96,101,96,101,0.2917389352283861,,,,,,,,,0,0,1,0,52,48,-52,-48,52.40765076980737,52.91450816450638,-0.5068573946990114,,,17.900000000000002,17.950000000000003,17.900000000000002,17.950000000000003,0.000206666952119406,0.0001486679593478354,,,,
1783652760.001,17.95,18,17.95,18,0,0,0,0,0,0,17.200000000000003,17,,,,,17.975,,,,,,,,,,,83.4520604068084,73.79985122980081,83.4520604068084,73.79985122980081,94.77386738704577,94.39711861126997,94.77386738704577,94.39711861126997,96,101,96,101,-1,4,-1,4,-1,4,-1,4,96,101,96,101,0.3089962097961312,,,,,,,,,0,0,0,0,52,48,-52,-48,56.52787467617455,52.13691572467024,4.3909589515043095,52.13691572467024,52.13691572467024,17.95,18,17.95,18,0.000233642361463279,0.00017500300602839408,,,,
1783659600,17.95,17.95,17.9,17.9,0,0,0,0,0,0,17.200000000000003,17,,,,,17.924999999999997,,,,,,,,,,,84.17909703835119,75.28260063102229,84.17909703835119,75.28260063102229,94.34225452026605,94.369686565768,94.34225452026605,94.369686565768,96,101,96,101,-1,4,-1,4,-1,4,-1,4,96,101,96,101,0.2886087110249109,,,,,,,,,0,0,0,0,52,48,-52,-48,50.96081462581251,52.36704179665519,-1.4062271708426763,52.36704179665519,52.36704179665519,17.95,17.95,17.9,17.9,0.0002416992463640391,0.00019493719271720405,,,,
1783659600.001,17.900000000000002,17.900000000000002,17.85,17.85,0,0,0,0,0,0,17.200000000000003,17,,,,,17.875,,,,,,,,,,,84.62672295508408,76.61747524874541,84.62672295508408,76.61747524874541,93.2359236094181,93.80280508759304,93.2359236094181,93.80280508759304,96,101,96,101,-1,4,-1,4,-1,4,-1,4,96,101,96,101,0.2452213983457095,,,,,,,,,0,0,0,0,52,48,-52,-48,38.71015596928188,49.65162401026907,-10.94146804098719,,,17.900000000000002,17.900000000000002,17.85,17.85,0.00023991284460216138,0.0002103252249940902,,,,
1783659600.002,17.85,17.85,17.8,17.8,0,0,0,0,0,0,17.200000000000003,17,,,,,17.825000000000003,,,,,,,,,,,84.81489606520775,77.7885353653829,84.81489606520775,77.7885353653829,91.17701015261046,92.48990762010175,91.17701015261046,92.48990762010175,96,101,96,101,-1,4,-1,4,-1,4,-1,4,96,101,96,101,0.20623799756047978,,,,,,,,,0,0,0,0,52,48,-52,-48,23.261926767953653,42.36519300980564,-19.103266241851983,,,17.85,17.85,17.8,17.8,0.00022956535162850508,0.00022189243549127063,,,,
1783659600.003,17.8,17.8,17.75,17.75,0,0,0,0,0,0,17.200000000000003,17,,,,,17.775,,,,,,,,,,,84.76214871205141,78.78476584347841,84.76214871205141,78.78476584347841,88.33029441652324,90.4101010183125,88.33029441652324,90.4101010183125,96,101,96,101,-1,4,-1,4,-1,4,-1,4,96,101,96,101,0.16354577435809337,,,,,,,,,0,0,0,0,52,48,-52,-48,7.065105036263297,29.999500599827826,-22.93439556356453,,,17.8,17.8,17.75,17.75,0.0002112061885424814,0.0002271154907866453,0.0002112061885424814,17.8,,
1783660560,17.75,17.75,17.7,17.7,0,0,0,0,0,0,17.200000000000003,17,,,,,17.725,,,,,,,,,,,84.4856895001351,79.59918350871509,84.4856895001351,79.59918350871509,84.66406188082942,87.53708144957096,84.66406188082942,87.53708144957096,96,101,96,101,-1,4,-1,4,-1,4,-1,4,96,101,96,101,0.13700117944216395,,,,,,,,,0,0,0,0,52,48,-52,-48,-6.986681630425631,15.512626535768293,-22.499308166193924,,,17.75,17.75,17.7,17.7,0.00018968610297981885,0.00022428534926338076,,,,
1783662000,17.7,17.7,17.65,17.65,0,0,0,0,0,0,17.200000000000003,17,,,,,17.674999999999997,,,,,,,,,,,84.00149784794164,80.22808555717602,84.00149784794164,80.22808555717602,80.12021630601708,83.82864887779402,80.12021630601708,83.82864887779402,96,101,96,101,-1,4,-1,4,-1,4,-1,4,96,101,96,101,0.1305605089684252,,,,,,,,,0,0,0,0,52,48,-52,-48,-18.617009366263712,1.1808352018818935,-19.797844568145607,,,17.7,17.7,17.65,17.65,0.0001620507639016969,0.00021235341633645043,,,,
1783662240,17.650000000000002,17.650000000000002,17.6,17.6,0,0,0,0,0,0,17.200000000000003,17,,,,,17.625,,,,,,,,,,,83.32441178691941,80.67041787571078,83.32441178691941,80.67041787571078,75.20508336434126,79.51686612106764,75.20508336434126,79.51686612106764,96,101,96,101,-1,4,-1,4,-1,4,-1,4,96,101,96,101,0.11512324721537318,,,,,,,,,0,0,0,0,52,48,-52,-48,-28.045704985550813,-11.646072736494222,-16.39963224905659,,,17.650000000000002,17.650000000000002,17.6,17.6,0.00012989163964216858,0.00019371881521613866,,,,
1783663200,17.6,17.6,17.55,17.55,0,0,0,0,0,0,17.200000000000003,17,,,,,17.575000000000003,,,,,,,,,,,82.46820948912763,80.92724524905604,82.46820948912763,80.92724524905604,69.97170410821087,74.74428511463925,69.97170410821087,74.74428511463925,96,101,96,101,-1,4,-1,4,-1,4,-1,4,96,101,96,101,0.10200405452046479,,,,,,,,,0,0,0,0,52,48,-52,-48,-35.61882870434151,-22.31705617164542,-13.301772532696091,,,17.6,17.6,17.55,17.55,0.00009503227349059578,0.00016957205336421108,,,,
1783664160,17.6,17.650000000000002,17.54,17.650000000000002,0,0,0,0,0,0,17.200000000000003,17,,,,,17.625,,,,,,,,,,,82.12812355200614,81.09879929233463,82.12812355200614,81.09879929233463,66.46554229683385,70.60491370573655,66.46554229683385,70.60491370573655,96,101,96,101,-1,4,-1,4,-1,4,-1,4,96,101,96,101,0.11957118705234694,,,,,,,,,0,0,0,0,52,48,-52,-48,-36.1133238705721,-29.59871673168204,-6.514607138890064,,,17.6,17.650000000000002,17.54,17.650000000000002,0.00007910974657860215,0.00014449611918922726,,,,
1783665120,17.6,17.6,17.55,17.55,0,0,0,0,0,0,17.200000000000003,17,,,,,17.575000000000003,,,,,,,,,,,81.35737041385103,81.13573802397983,81.35737041385103,81.13573802397983,62.480668907490234,66.5427913066134,62.480668907490234,66.5427913066134,96,101,96,101,-1,4,-1,4,-1,4,-1,4,96,101,96,101,0.12355622879642994,,,,,,,,,0,0,0,0,52,48,-52,-48,-39.39425497855845,-34.79302813475572,-4.601226843802728,,,17.6,17.6,17.55,17.55,0.00005410568334931599,0.00011831270165703301,,,,
1783665600,17.55,17.55,17.5,17.5,0,0,0,0,0,0,17.200000000000003,17,,,,,17.525,,,,,,,,,,,80.41419154443584,81.03265995547353,80.41419154443584,81.03265995547353,58.044654981930385,62.293723144271894,58.044654981930385,62.293723144271894,96,101,96,101,-1,4,-1,4,-1,4,-1,4,96,101,96,101,0.11701619771724894,,,,,,,,,0,0,0,0,52,48,-52,-48,-44.122823012017,-38.81230764137227,-5.31051537064473,,,17.55,17.55,17.5,17.5,0.000023029598394251572,0.00009053661755943847,,,,
1783906200,17.5,17.5,17.45,17.45,0,0,0,0,0,0,17.200000000000003,17,,,,,17.475,,,,,,,,,,,79.310903067422,80.78669468575188,79.310903067422,80.78669468575188,53.22194916818519,57.75783615622854,53.22194916818519,57.75783615622854,96,101,96,101,-1,4,-1,4,-1,4,-1,4,96,101,96,101,0.10729416376931267,,,,,,,,,0,0,0,0,52,48,-52,-48,-48.59650892288479,-42.05672769600809,-6.539781226876698,,,17.5,17.5,17.45,17.45,-0.00001411476923880019,0.0000611756953693556,,,,
1783906200.001,17.45,17.45,17.4,17.4,0,0,0,0,0,0,17.200000000000003,17,,,,,17.424999999999997,,,,,,,,,,,78.05894138335226,80.39701564255195,78.05894138335226,80.39701564255195,48.06779316456692,52.91281466039773,48.06779316456692,52.91281466039773,96,101,96,101,-1,4,-1,4,-1,4,-1,4,96,101,96,101,0.07919998219045851,,,,,,,,,0,0,0,0,52,48,-52,-48,-52.4778918455969,-46.147869689764285,-6.330022155832616,,,17.45,17.45,17.4,17.4,-0.000048791267888319574,0.00003139521078094091,,,,
1783906200.002,17.400000000000002,17.400000000000002,17.35,17.35,0,0,0,0,0,0,17.200000000000003,17,,,,,17.375,,,,,,,,,,,76.66892600701637,79.86443140890401,76.66892600701637,79.86443140890401,42.6295369982003,47.77117582929901,42.6295369982003,47.77117582929901,96,101,96,101,-1,4,-1,4,-1,4,-1,4,96,101,96,101,0.04494577642401433,,,,,,,,,0,0,0,0,52,48,-52,-48,-55.68994820102306,-50.22179299538044,-5.468155205642617,,,17.400000000000002,17.400000000000002,17.35,17.35,-0.00008152246977640085,0.0000019694202364414713,,,,
1783906200.003,17.35,17.35,17.3,17.3,0,0,0,0,0,0,17.200000000000003,17,,,,,17.325000000000003,,,,,,,,,,,75.15071791643332,79.19104376712248,75.15071791643332,79.19104376712248,36.94776640662066,42.359471117959835,36.94776640662066,42.359471117959835,96,101,96,101,-1,4,-1,4,-1,4,-1,4,96,101,96,101,0.011018840365963598,,,,,,,,,0,0,0,0,52,48,-52,-48,-58.45821325702061,-53.80564055663134,-4.652572700389271,,,17.35,17.35,17.3,17.3,-0.00011090458026573186,-0.000029699634237614194,,,,
1783906200.004,17.3,17.3,17.25,17.25,1,0,0,1,0,0,17.200000000000003,17,,,,,17.275,,,,,,,,,,,73.51347373404931,78.3799623338263,73.51347373404931,78.3799623338263,32.05046644377008,37.20496878086496,32.05046644377008,37.20496878086496,96,101,96,101,-1,4,-1,4,-1,4,-1,4,96,101,96,101,-0.02217158105809108,,,,,,,,,0,0,0,0,52,48,-52,-48,-60.61740572959611,-56.810864758309165,-3.8065409712869425,,,17.3,17.3,17.25,17.25,-0.00014379529567698114,-0.00006268313074199705,,,,
1783906200.005,17.25,17.25,17.2,17.2,0,0,0,0,0,0,17.200000000000003,17,,,,,17.225,,,,,,,,,,,71.46448176782411,77.39203653868312,71.46448176782411,77.39203653868312,27.8289712375172,32.516970009191084,27.8289712375172,32.516970009191084,96,101,96,101,-1,4,-1,4,-1,4,-1,4,96,101,96,101,-0.054723414539674095,,,,,,,,,0,0,0,0,52,48,-52,-48,-62.2765376091084,-59.26052619918704,-3.0160114099213615,,,17.25,17.25,17.2,17.2,-0.00017979261750070355,-0.00009648683339115623,,,,
1783906200.006,17.2,17.2,17.15,17.15,0,0,0,0,0,0,17.200000000000003,17,,,,,17.174999999999997,,,,,,,,,,,69.16599837624481,76.21688822976337,69.16599837624481,76.21688822976337,24.18953837165345,28.35325419042227,24.18953837165345,28.35325419042227,96,101,96,101,-1,4,-1,4,-1,4,-1,4,96,101,96,101,-0.0864524331340066,,,,,,,,,0,0,0,0,52,48,-52,-48,-63.535578306762254,-61.22193372562184,-2.313644581140416,,,17.2,17.2,17.15,17.15,-0.00021943856910704583,-0.00013070746670253047,,,,
1783906200.007,17.150000000000002,17.150000000000002,17.1,17.1,0,1,0,0,1,0,17.200000000000003,17,,,,,17.125,,,,,,,,,,,66.60652230175114,74.84397881147592,66.60652230175114,74.84397881147592,21.051350350306183,24.70230227036423,21.051350350306183,24.70230227036423,96,101,96,101,-1,4,-1,4,-1,4,-1,4,96,101,96,101,-0.11715897056674474,,,,,,,,,0,0,0,0,52,48,-52,-48,-64.48013122181636,-62.72741321682078,-1.752718004995586,,,17.150000000000002,17.150000000000002,17.1,17.1,-0.00025839935996394063,-0.000165642148715134,,,,
1783906200.008,17.1,17.1,17.05,17.05,0,0,0,0,0,0,17.200000000000003,17,,,,,17.075000000000003,,,,,,,,,,,63.771990488988706,73.26226619397775,63.771990488988706,73.26226619397775,18.34476646567597,21.5235343680201,18.34476646567597,21.5235343680201,96,101,96,101,-1,4,-1,4,-1,4,-1,4,96,101,96,101,-0.14676619943047384,,,,,,,,,0,0,0,0,52,48,-52,-48,-65.18076592438382,-63.8682532655177,-1.312512658866119,,,17.1,17.1,17.05,17.05,-0.0002968264876191665,-0.00020152615168892826,,,,
1783906440,17.05,17.05,17,17,0,0,0,0,0,0,17.200000000000003,17,,,,,17.025,,,,,,,,,,,60.64541973977522,71.45985955766311,60.64541973977522,71.45985955766311,16.009799827722254,18.766667097871178,16.009799827722254,18.766667097871178,96,101,96,101,-1,4,-1,4,-1,4,-1,4,96,101,96,101,-0.15577152213949877,,,,,,,,,0,0,0,0,52,48,-52,-48,-65.69428793667007,-64.72269084740812,-0.9715970892619481,,,17.05,17.05,17,17,-0.0003339589762794179,-0.00023870188435787593,,,,
1783906680,17,17,16.95,16.95,0,0,0,0,0,0,17.200000000000003,17,,,,,16.975,,,,,,,,,,,57.20646118693413,69.42365979041611,57.20646118693413,69.42365979041611,13.994794410156484,16.380730754013832,13.994794410156484,16.380730754013832,96,101,96,101,-1,4,-1,4,-1,4,-1,4,96,101,96,101,-0.1597265472312543,,,,,,,,,0,0,0,0,52,48,-52,-48,-66.06567300593657,-65.35521452220169,-0.7104584837348824,,,17,17,16.95,16.95,-0.0003733504262559873,-0.0002769610727877103,,,,
1783906680.001,16.95,16.95,16.9,16.9,0,0,1,0,0,1,17.200000000000003,17,,,,,16.924999999999997,,,,,,,,,,,53.43084439407857,67.1389718766536,53.43084439407857,67.1389718766536,12.255278325588716,14.318004539801274,12.255278325588716,14.318004539801274,96,101,96,101,-1,4,-1,4,-1,4,-1,4,96,101,96,101,-0.18367864071399753,,,,,,,,,0,0,0,0,52,48,-52,-48,-66.35042652222319,-65.8227883473034,-0.5276381749197867,,,16.95,16.95,16.9,16.9,-0.00041479483081707845,-0.0003161281083404395,,,,
1783907400,16.900000000000002,16.900000000000002,16.85,16.85,0,0,0,0,0,0,17.200000000000003,17,,,,,16.875,,,,,,,,,,,49.61435550878724,64.63545525267268,49.61435550878724,64.63545525267268,10.752971484045025,12.53548801192315,10.752971484045025,12.53548801192315,96,101,96,101,-1,4,-1,4,-1,4,-1,4,96,101,96,101,-0.20619076047870644,-0.20619076047870644,,-0.20619076047870644,,,,,,0,0,0,0,52,48,-52,-48,-66.54615958038389,-66.16413676130341,-0.38202281908047553,,,16.900000000000002,16.900000000000002,16.85,16.85,-0.00045109116433544893,-0.00035473687421183994,,,,
1783907400.001,16.85,16.85,16.8,16.8,0,0,0,0,0,0,17.200000000000003,17,,,,,16.825000000000003,,,,,,,,,,,46.070472972445295,61.98331492692592,46.070472972445295,61.98331492692592,9.454927938705255,10.995207975314202,9.454927938705255,10.995207975314202,96,101,96,101,-1,4,-1,4,-1,4,-1,4,96,101,96,101,-0.20487867473125032,,,,,,,,,0,0,0,0,52,48,-52,-48,-66.67677653129734,-66.40975890996023,-0.2670176213371036,,,16.85,16.85,16.8,16.8,-0.0004890629202935471,-0.000393180800933441,,,,
1783908360,16.85,16.900000000000002,16.85,16.900000000000002,0,0,0,0,0,0,17.200000000000003,17,,,,,16.875,,,,,,,,,,,43.37496299822302,59.32497893711122,43.37496299822302,59.32497893711122,9.056604899842622,10.025906437578412,9.056604899842622,10.025906437578412,96,101,96,101,-1,4,-1,4,-1,4,-1,4,96,101,96,101,-0.18855913502942137,,,,,,,,,0,0,0,0,52,48,-52,-48,-61.10078415488842,-65.16853669719819,4.067752542309769,-65.16853669719819,-65.16853669719819,16.85,16.900000000000002,16.85,16.900000000000002,-0.0005052650649690702,-0.0004279205638250917,,,,
1783909320,16.900000000000002,16.950000000000003,16.900000000000002,16.950000000000003,0,0,0,0,0,0,17.200000000000003,17,,,,,16.925000000000004,,,,,,,,,,,41.169608498349966,56.73135458871676,41.169608498349966,56.73135458871676,9.310423247484183,9.668164842531297,9.310423247484183,9.668164842531297,96,101,96,101,-1,4,-1,4,-1,4,-1,4,96,101,96,101,-0.16327877254617365,,,,,,,,,0,0,0,0,52,48,-52,-48,-51.57601408135245,-61.47493358698051,9.898919505628065,,,16.900000000000002,16.950000000000003,16.900000000000002,16.950000000000003,-0.0005081168412130671,-0.0004569468746473666,,,,
1783909320.001,16.95,17,16.95,17,0,0,0,0,0,0,17.200000000000003,17,,,,,16.975,,,,,,,,,,,39.41939836751544,54.258217985688006,39.41939836751544,54.258217985688006,10.123219926415011,9.895692384473154,10.123219926415011,9.895692384473154,96,101,96,101,-1,4,-1,4,-1,4,-1,4,96,101,96,101,-0.1321969809233696,,,,,,,,,0,0,0,0,52,48,-52,-48,-38.21443188551637,-54.39200166326364,16.177569777747273,,,16.95,17,16.95,17,-0.0005010738726150156,-0.00047823411570720463,,,,
1783909320.002,17,17.05,17,17.05,0,0,0,0,0,0,17.200000000000003,17,,,,,17.025,,,,,,,,,,,38.09182229364529,51.94873288682476,38.09182229364529,51.94873288682476,11.41514088930811,10.655416636890632,11.41514088930811,10.655416636890632,96,101,96,101,-1,4,-1,4,-1,4,-1,4,96,101,96,101,-0.09642259596166125,,,,,,,,,0,0,0,0,52,48,-52,-48,-23.161654950413,-43.513221268042564,20.351566317629565,,,17,17.05,17,17.05,-0.0004852370735357628,-0.000489974489493652,,,-0.0004852370735357628,17
1783910520,17,17,16.95,16.95,0,0,0,0,0,0,17.05,16.85,,,,,16.975,,,,,,,,,,,36.26383498695633,49.70803318684356,36.26383498695633,49.70803318684356,11.808216000359312,11.231816318624972,11.808216000359312,11.231816318624972,96,101,96,101,-1,4,-1,4,-1,4,-1,4,96,101,96,101,-0.08177397913508051,,,,,,,,,0,0,0,0,52,48,-52,-48,-20.195688635644693,-33.28694738823163,13.091258752586938,,,17,17,16.95,16.95,-0.000479510896195322,-0.0004947111114702975,,,,
1783911480,16.95,16.95,16.9,16.9,0,0,0,0,0,0,17.05,16.85,,,,,16.924999999999997,,,,,,,,,,,34.26879915455468,47.50242832508801,34.26879915455468,47.50242832508801,11.549899428879423,11.390857873752196,11.549899428879423,11.390857873752196,96,101,96,101,-1,4,-1,4,-1,4,-1,4,96,101,96,101,-0.09494221795990741,,,,,,,,,0,0,0,0,52,48,-52,-48,-25.394728717100403,-26.74162604716862,1.3468973300682165,,,16.95,16.95,16.9,16.9,-0.00047939823287957144,-0.0004931003302346349,,,,
1783911960,16.900000000000002,16.900000000000002,16.85,16.85,0,0,0,0,0,0,17.05,16.85,,,,,16.875,,,,,,,,,,,32.11864683399126,45.30474525493133,32.11864683399126,45.30474525493133,10.733247129515743,11.06205250163397,10.733247129515743,11.06205250163397,96,101,96,101,-1,4,-1,4,-1,4,-1,4,96,101,96,101,-0.08330217416435182,,,,,,,,,0,0,0,0,52,48,-52,-48,-33.8843724355365,-25.659111184673648,-8.22526125086285,-25.659111184673648,-25.659111184673648,16.900000000000002,16.900000000000002,16.85,16.85,-0.00048365260533050946,-0.0004894982536282081,,,,
1783920720,16.900000000000002,16.950000000000003,16.82,16.950000000000003,0,0,0,0,0,0,17.05,16.82,,,,,16.925000000000004,,,,,,,,,,,30.71731491727761,43.22082663526652,30.71731491727761,43.22082663526652,10.557068968156402,10.809560734895186,10.557068968156402,10.809560734895186,96,101,96,101,-1,4,-1,4,-1,4,-1,4,96,101,96,101,-0.04668782492445457,,,,,,,,,0,0,0,0,52,48,-52,-48,-32.97929303213554,-28.113520705104285,-4.865772327031252,,,16.900000000000002,16.950000000000003,16.82,16.950000000000003,-0.0004707969914406771,-0.0004832782786661431,,,,
1783920720.001,16.95,17,16.95,17,0,0,0,0,0,0,17.05,16.82,,,,,16.975,,,,,,,,,,,29.71369718509111,41.29123671381289,29.71369718509111,41.29123671381289,11.28494110314027,11.047250919017728,11.28494110314027,11.047250919017728,96,101,96,101,-1,4,-1,4,-1,4,-1,4,96,101,96,101,-0.01483337073437062,,,,,,,,,0,0,0,0,52,48,-52,-48,-19.353784491246003,-27.903044669004615,8.549260177758612,-27.903044669004615,-27.903044669004615,16.95,17,16.95,17,-0.00045126422607147404,-0.0004749766709088861,,,,
1783920960,17,17.05,17,17.05,0,0,0,0,0,0,17.05,16.82,,,,,17.025,,,,,,,,,,,29.07938548139413,39.546686537753075,29.07938548139413,39.546686537753075,12.659819646847506,11.853535282932617,12.659819646847506,11.853535282932617,96,101,96,101,-1,4,-1,4,-1,4,-1,4,96,101,96,101,-0.003910962745333427,,,,,-0.003910962745333427,,-0.003910962745333427,,0,0,0,0,52,48,-52,-48,-4.608895772521416,-22.706586432859865,18.09769066033845,,,17,17.05,17,17.05,-0.0004261924559811057,-0.0004651359013164433,,,,
1783920960.001,17.05,17.1,17.05,17.1,0,0,0,0,0,0,17.05,16.82,,,,,17.075000000000003,,,,,,,,,,,28.788000804151697,38.00973143295288,28.788000804151697,38.00973143295288,14.66079779253597,13.257166537734292,14.66079779253597,13.257166537734292,96,101,96,101,-1,4,-1,4,-1,4,-1,4,96,101,96,101,-0.006510661729613097,,,,,,,,,0,0,0,0,52,48,-52,-48,8.658576810033345,-12.070849121467406,20.72942593150075,,,17.05,17.1,17.05,17.1,-0.00039506899579570153,-0.00045106225124983985,,,,
1783921440,17.05,17.05,17,17,0,0,0,0,0,0,17.05,16.82,,,,,17.025,,,,,,,,,,,27.922191222902764,36.56865426008858,27.922191222902764,36.56865426008858,15.7092552507451,14.483210894239697,15.7092552507451,14.483210894239697,96,101,96,101,-1,4,-1,4,-1,4,-1,4,96,101,96,101,-0.010057428671581575,,,,,,,,,0,0,0,0,52,48,-52,-48,9.845133345628406,-1.3647425270264182,11.209875872654825,,,17.05,17.05,17,17,-0.0003816966165930836,-0.0004347786485354252,,,,
1783921920,17,17,16.95,16.95,0,0,0,0,0,0,17.05,16.82,,,,,16.975,,,,,,,,,,,26.82060613555256,35.17607595658343,26.82060613555256,35.17607595658343,16.021466906653668,15.252338900446683,16.021466906653668,15.252338900446683,96,101,96,101,-1,4,-1,4,-1,4,-1,4,96,101,96,101,-0.01080825089528363,,,,,,,,,0,0,0,0,52,48,-52,-48,2.726668249040059,4.155370658045099,-1.42870240900504,4.155370658045099,4.155370658045099,17,17,16.95,16.95,-0.00037770311517701323,-0.00041712040017650916,,,,
1783925280,16.95,16.95,16.9,16.9,0,0,0,0,0,0,17.05,16.82,,,,,16.924999999999997,,,,,,,,,,,25.50008664967974,33.7937917698829,25.50008664967974,33.7937917698829,15.637447824750781,15.444893362598732,15.637447824750781,15.444893362598732,96,101,96,101,-1,4,-1,4,-1,4,-1,4,96,101,96,101,-0.035236960936463335,,,,,,,,,0,0,0,0,52,48,-52,-48,-8.46116682043936,3.1923028960656126,-11.653469716504972,,,16.95,16.95,16.9,16.9,-0.0003827963277824237,-0.00040245362290013354,,,,
1783925520,16.900000000000002,16.900000000000002,16.85,16.85,0,0,0,0,0,0,17.05,16.82,,,,,16.875,,,,,,,,,,,23.976270936607385,32.39128879370069,23.976270936607385,32.39128879370069,14.579997295164597,15.012445328881665,14.579997295164597,15.012445328881665,96,101,96,101,-1,4,-1,4,-1,4,-1,4,96,101,96,101,-0.06654386380798719,,,,,,,,,0,0,0,0,52,48,-52,-48,-20.561582993566724,-4.112737054834405,-16.44884593873232,,,16.900000000000002,16.900000000000002,16.85,16.85,-0.0003981091895775923,-0.00039359445015115326,,,,
1783992600,16.85,16.85,16.8,16.8,0,0,0,0,0,0,17.05,16.82,,,,,16.825000000000003,,,,,,,,,,,22.263680155421145,30.944487559660757,22.263680155421145,30.944487559660757,12.833274992494017,13.92286016068784,12.833274992494017,13.92286016068784,96,101,96,101,-1,4,-1,4,-1,4,-1,4,96,101,96,101,-0.08771553161193124,,,,,,,,,0,0,0,0,52,48,-52,-48,-30.945342821979878,-14.310356096736475,-16.6349867252434,,,16.85,16.85,16.8,16.8,-0.0004153434061104285,-0.00039178627517270714,,,,
1783992600.001,16.8,16.8,16.75,16.75,0,0,0,0,0,0,17.05,16.82,,,,,16.775,,,,,,,,,,,20.67341728717678,29.47719180644876,20.67341728717678,29.47719180644876,11.31741031102661,12.620135235857225,11.31741031102661,12.620135235857225,96,101,96,101,-1,4,-1,4,-1,4,-1,4,96,101,96,101,-0.11171431947930857,,,,,,,,,0,0,0,0,52,48,-52,-48,-39.326467816668085,-24.823640113163513,-14.502827703504572,,,16.8,16.8,16.75,16.75,-0.0004351891047767121,-0.0003984729600028755,,,,
1783992600.002,16.75,16.75,16.7,16.7,0,0,0,0,0,0,17.05,16.82,,,,,16.725,,,,,,,,,,,19.19674462380701,28.008556494642797,19.19674462380701,28.008556494642797,10.018097726911689,11.319116481384457,10.018097726911689,11.319116481384457,96,101,96,101,-1,4,-1,4,-1,4,-1,4,96,101,96,101,-0.11803075634160498,-0.11803075634160498,-0.11803075634160498,-0.11803075634160498,,,,,,0,0,0,0,52,48,-52,-48,-45.90620791042437,-34.184900385659766,-11.721307524764605,,,16.75,16.75,16.7,16.7,-0.00045806210813822685,-0.000411200541927066,,,,
1783993560,16.75,16.8,16.66,16.8,0,0,0,0,0,0,17.05,16.82,,,,,16.775,,,,,,,,,,,18.57181723596579,26.66045088626037,18.57181723596579,26.66045088626037,10.224180074110505,10.771648277747481,10.224180074110505,10.771648277747481,96,101,96,101,-1,4,-1,4,-1,4,-1,4,96,101,96,101,-0.08993290473201693,,,,,,,,,0,0,0,0,52,48,-52,-48,-45.961548412685005,-40.534891740439335,-5.42665667224567,,,16.75,16.8,16.66,16.8,-0.00046140020082091317,-0.0004251500562010494,,,,
1783993560.001,16.8,16.85,16.8,16.85,0,0,0,0,0,0,17.05,16.82,,,,,16.825000000000003,,,,,,,,,,,18.258052038940523,25.460108193786105,18.258052038940523,25.460108193786105,11.65473938325121,11.213193830499346,11.65473938325121,11.213193830499346,96,101,96,101,-1,4,-1,4,-1,4,-1,4,96,101,96,101,-0.04963128883630883,,,,,,,,,0,0,0,0,52,48,-52,-48,-36.91306904685538,-42.02682329665821,5.113754249802831,-42.02682329665821,-42.02682329665821,16.8,16.85,16.8,16.85,-0.0004613509636937049,-0.0004382424955195962,,,,
1783993800,16.85,16.900000000000002,16.85,16.900000000000002,0,0,0,0,0,0,17.05,16.82,,,,,16.875,,,,,,,,,,,18.23322316195864,24.42769604638218,18.23322316195864,24.42769604638218,13.968076795047198,12.590635312773273,13.968076795047198,12.590635312773273,96,101,96,101,-1,4,-1,4,-1,4,-1,4,96,101,96,101,-0.02158106282033373,,,,,,,,,0,0,0,0,52,48,-52,-48,-24.212410672109563,-38.24830901051858,14.03589833840902,,,16.85,16.900000000000002,16.85,16.900000000000002,-0.0004576915499636334,-0.00044817288891726975,,,,
1783995240,16.900000000000002,16.950000000000003,16.900000000000002,16.950000000000003,0,0,0,0,0,0,17.05,16.82,,,,,16.925000000000004,,,,,,,,,,,18.476692296445616,23.5775526535341,18.476692296445616,23.5775526535341,17.184992465252858,14.887813889013065,17.184992465252858,14.887813889013065,96,101,96,101,-1,4,-1,4,-1,4,-1,4,96,101,96,101,-0.003216669294196256,,,,,,,,,0,0,0,0,52,48,-52,-48,-9.619690069904799,-29.176679550388688,19.55698948048389,,,16.900000000000002,16.950000000000003,16.900000000000002,16.950000000000003,-0.0004475028464192333,-0.0004535327956354039,,,-0.0004475028464192333,16.900000000000002
1783996200,16.95,17,16.95,17,0,0,0,0,0,0,17.05,16.82,,,,,16.975,,,,,,,,,,,18.969295298725086,22.91923017427567,18.969295298725086,22.91923017427567,21.35525234081714,18.121533114915103,21.35525234081714,18.121533114915103,96,101,96,101,-1,4,-1,4,-1,4,-1,4,96,101,96,101,0.032515349767570194,,,,,,,,,0,0,0,0,52,48,-52,-48,3.8362228784280905,-16.727236727610414,20.563459606038506,,,16.95,17,16.95,17,-0.0004242171172201807,-0.0004517041310426486,,,,
1783997880,17,17.05,16.92,17.05,0,0,0,0,0,0,17.05,16.8,,,,,17.025,,,,,,,,,,,19.693236892526176,22.4583739911686,19.693236892526176,22.4583739911686,26.206287720700463,22.163910417807784,26.206287720700463,22.163910417807784,96,101,96,101,-1,4,-1,4,-1,4,-1,4,96,101,96,101,0.08031304743642956,,,,,,,,,0,0,0,0,52,48,-52,-48,13.530674724395725,-4.116300784797643,17.646975509193368,,,17,17.05,16.92,17.05,-0.00039129819163761614,-0.00044057681162588025,,,,
1783997880.001,17.05,17.1,17.05,17.1,0,0,0,0,0,0,17.05,16.8,,,,,17.075000000000003,,,,,,,,,,,20.631992892740197,22.197462405678827,20.631992892740197,22.197462405678827,32.632023857452744,27.397967137630264,32.632023857452744,27.397967137630264,96,101,96,101,-1,4,-1,4,-1,4,-1,4,96,101,96,101,0.11923618351239848,,,,,,,,,0,0,0,0,52,48,-52,-48,23.787628942172525,7.8837091187728845,15.90391982339964,,,17.05,17.1,17.05,17.1,-0.0003486502366636391,-0.0004217851509330012,,,,
1783997880.002,17.1,17.150000000000002,17.1,17.150000000000002,0,0,0,0,0,0,17.05,16.8,,,,,17.125,,,,,,,,,,,21.7702194131948,22.13642769246682,21.7702194131948,22.13642769246682,40.404168597393436,33.90106786751185,40.404168597393436,33.90106786751185,96,101,96,101,-1,4,-1,4,-1,4,-1,4,96,101,96,101,0.15257990558916545,,,,,,,,,0,0,0,0,52,48,-52,-48,31.76147543669682,18.229000495423286,13.532474941273534,,,17.1,17.150000000000002,17.1,17.150000000000002,-0.0003004039549050634,-0.00039496064946822765,,,,
1783998360,17.1,17.1,17.05,17.05,0,0,0,0,0,0,17.05,16.8,,,,,17.075000000000003,,,,,,,,,,,22.29409499881948,22.158951593374344,22.29409499881948,22.158951593374344,46.585497281730774,40.24328257462131,46.585497281730774,40.24328257462131,96,101,96,101,-1,4,-1,4,-1,4,-1,4,96,101,96,101,0.15364163110810913,,,,,0.15364163110810913,,0.15364163110810913,,0,0,0,0,52,48,-52,-48,31.747056762029196,25.206708966323564,6.540347795705632,,,17.1,17.1,17.05,17.05,-0.0002754983924969096,-0.0003645951232237737,,,,
1783998600,17.05,17.05,17,17,0,0,0,0,0,0,17.05,16.8,,,,,17.025,,,,,,,,,,,22.51402637950082,22.209676562820984,22.51402637950082,22.209676562820984,50.42605306364089,45.3346678191311,50.42605306364089,45.3346678191311,96,101,96,101,-1,4,-1,4,-1,4,-1,4,96,101,96,101,0.1321456873308804,,,,,,,,,0,0,0,0,52,48,-52,-48,26.184131817100845,28.370073239499845,-2.185941422399001,28.370073239499845,28.370073239499845,17.05,17.05,17,17,-0.00026152264139527026,-0.00033359842238644646,,,,
1783998840,17,17,16.95,16.95,0,0,0,0,0,0,17.05,16.8,,,,,16.975,,,,,,,,,,,22.451723855591904,22.24425474750254,22.451723855591904,22.24425474750254,52.26023207204197,48.797449945586536,52.26023207204197,48.797449945586536,96,101,96,101,-1,4,-1,4,-1,4,-1,4,96,101,96,101,0.12175080734715776,,,,,,,,,0,0,0,0,52,48,-52,-48,16.00452696801554,26.424297745960597,-10.419770777945057,,,17,17,16.95,16.95,-0.00025463928091774043,-0.0003053354496693731,,,,
1783999080,16.95,16.95,16.9,16.9,0,0,0,0,0,0,17.05,16.8,,,,,16.924999999999997,,,,,,,,,,,22.127346991706332,22.227553639531656,22.127346991706332,22.227553639531656,52.37465956029255,50.586054752939546,52.37465956029255,50.586054752939546,96,101,96,101,-1,4,-1,4,-1,4,-1,4,96,101,96,101,0.09577357176530224,,,,,,,,,0,0,0,0,52,48,-52,-48,3.938214952993995,19.46848262503489,-15.530267672040896,,,16.95,16.95,16.9,16.9,-0.00025627978724118613,-0.00028283238226996807,,,,
1783999320,16.900000000000002,16.900000000000002,16.85,16.85,0,0,0,0,0,0,17.1,16.85,,,,,16.875,,,,,,,,,,,21.55961538355674,22.132133888678094,21.55961538355674,22.132133888678094,51.01501431698556,50.80053453496255,51.01501431698556,50.80053453496255,96,101,96,101,-1,4,-1,4,-1,4,-1,4,96,101,96,101,0.05286771367758115,,,,,,,,,0,0,0,0,52,48,-52,-48,-8.60830355789207,9.379642545054573,-17.987946102946644,,,16.900000000000002,16.900000000000002,16.85,16.85,-0.00026575575051482835,-0.00026901663457849957,,,,
1784005200,16.900000000000002,16.950000000000003,16.900000000000002,16.950000000000003,0,0,0,0,0,0,17.1,16.85,,,,,16.925000000000004,,,,,,,,,,,21.565485073643853,22.051184057958917,21.565485073643853,22.051184057958917,51.5988752454629,51.19970489021273,51.5988752454629,51.19970489021273,96,101,96,101,-1,4,-1,4,-1,4,-1,4,96,101,96,101,0.05220138267227326,0.05220138267227326,,0.05220138267227326,,,,,,0,0,0,0,52,48,-52,-48,-9.498795673965816,0.4589106722879084,-9.957706346253724,,,16.900000000000002,16.950000000000003,16.900000000000002,16.950000000000003,-0.0002638236316493335,-0.000262919914035878,,,,
1784005200.001,16.95,17,16.95,17,0,0,0,0,0,0,17.1,16.85,,,,,16.975,,,,,,,,,,,21.837460020409164,22.020652052594667,21.837460020409164,22.020652052594667,53.557053417393824,52.37837915380328,53.557053417393824,52.37837915380328,96,101,96,101,-1,4,-1,4,-1,4,-1,4,96,101,96,101,0.08648835785013846,,,,,,,,,0,0,0,0,52,48,-52,-48,-2.654435629323239,-4.205829977046786,1.551394347723547,-4.205829977046786,-4.205829977046786,16.95,17,16.95,17,-0.00026304331299630316,-0.00026084406745244357,,,,
1784005200.002,17,17.05,17,17.05,0,0,0,0,0,0,17.1,16.85,,,,,17.025,,,,,,,,,,,22.356532705518536,22.06863500301236,22.356532705518536,22.06863500301236,56.69321779799936,54.535798475901316,56.69321779799936,54.535798475901316,96,101,96,101,-1,4,-1,4,-1,4,-1,4,96,101,96,101,0.11868072134847907,,,,,,,,,0,0,0,0,52,48,-52,-48,8.918077548093905,-2.9608643282718052,11.87894187636571,,,17,17.05,17,17.05,-0.0002535029910727472,-0.0002595074590653564,,,-0.0002535029910727472,17
1784005440,17.05,17.1,17.05,17.1,0,0,0,0,0,0,17.1,16.85,,,,,17.075000000000003,,,,,,,,,,,23.195960878823147,22.229681556699614,23.195960878823147,22.229681556699614,60.83908464318312,57.68744155954222,60.83908464318312,57.68744155954222,96,101,96,101,-1,4,-1,4,-1,4,-1,4,96,101,96,101,0.12009869100367566,,,,,,,,,0,0,0,0,52,48,-52,-48,20.642295777581584,4.351785505596608,16.290510271984978,,,17.05,17.1,17.05,17.1,-0.00023593139316965763,-0.0002563894777740093,,,,
1784005440.001,17.1,17.150000000000002,17.1,17.150000000000002,0,0,0,0,0,0,17.1,16.85,,,,,17.125,,,,,,,,,,,24.361687175497078,22.534253787956395,24.361687175497078,22.534253787956395,65.85041074371966,61.76892615163094,65.85041074371966,61.76892615163094,96,101,96,101,-1,4,-1,4,-1,4,-1,4,96,101,96,101,0.1174690159173545,,,,,,,,,0,0,0,0,52,48,-52,-48,30.813377586913152,14.42982882081635,16.3835487660968,,,17.1,17.150000000000002,17.1,17.150000000000002,-0.0002118551447112473,-0.00024898537068568616,,,,
1784005440.002,17.150000000000002,17.200000000000003,17.150000000000002,17.200000000000003,0,0,0,0,0,0,17.1,16.85,,,,,17.175000000000004,,,,,,,,,,,25.862863181569026,23.00976941561534,25.862863181569026,23.00976941561534,70.19982296551633,65.98437455857363,70.19982296551633,65.98437455857363,96,101,96,101,-1,4,-1,4,-1,4,-1,4,96,101,96,101,0.13777236464098888,,,,,,,,,0,0,0,0,52,48,-52,-48,39.086916955167645,24.86516696693907,14.221749988228574,,,17.150000000000002,17.200000000000003,17.150000000000002,17.200000000000003,-0.00018140279786397175,-0.00023492654524387673,,,,
1784005680,17.2,17.25,17.2,17.25,0,0,0,0,0,0,17.1,16.85,,,,,17.225,,,,,,,,,,,27.712257666093542,23.681553451397942,27.712257666093542,23.681553451397942,73.97272961208907,69.97855208533136,73.97272961208907,69.97855208533136,96,101,96,101,-1,4,-1,4,-1,4,-1,4,96,101,96,101,0.15382767961731397,,,,,,,,,0,0,0,0,52,48,-52,-48,45.620297671899586,34.04072199789049,11.579575674009092,,,17.2,17.25,17.2,17.25,-0.0001463814434857271,-0.00021535284721660897,,,,
1784005680.001,17.25,17.3,17.25,17.3,0,0,0,0,0,0,17.1,16.85,,,,,17.275,,,,,,,,,,,29.92678185639224,24.5737289378257,29.92678185639224,24.5737289378257,77.24448252464778,73.61151730498958,77.24448252464778,73.61151730498958,96,101,96,101,-1,4,-1,4,-1,4,-1,4,96,101,96,101,0.16817339242546572,,,,,,,,,0,0,0,0,52,48,-52,-48,50.70104405564641,41.5554090674067,9.145634988239713,,,17.25,17.3,17.25,17.3,-0.00010965787434274992,-0.00018978860744101676,,,,
1784005680.002,17.3,17.35,17.3,17.35,0,0,0,0,0,0,17.1,16.85,,,,,17.325000000000003,,,,,,,,,,,32.52816556994666,25.71007702812869,32.52816556994666,25.71007702812869,80.08119206046415,76.84635468272685,80.08119206046415,76.84635468272685,96,101,96,101,-1,4,-1,4,-1,4,-1,4,96,101,96,101,0.18618715733815994,,,,,,,,,0,0,0,0,52,48,-52,-48,54.616475912814394,47.506183648882015,7.110292263932379,,,17.3,17.35,17.3,17.35,-0.00006571693809931372,-0.00015849093194544454,,,,
1784006400,17.35,17.400000000000002,17.35,17.400000000000002,0,0,0,0,0,0,17.1,16.85,,,,,17.375,,,,,,,,,,,35.54383051119867,27.114898954281546,35.54383051119867,27.114898954281546,82.54063566572603,79.69349517422644,82.54063566572603,79.69349517422644,96,101,96,101,-1,4,-1,4,-1,4,-1,4,96,101,96,101,0.21695223109898837,,,,,,,,,0,0,0,0,52,48,-52,-48,57.84581147876923,52.1959072797824,5.649904198986825,,,17.35,17.400000000000002,17.35,17.400000000000002,-0.000014672549068424204,-0.0001216144579285723,,,,
1784006400.001,17.400000000000002,17.450000000000003,17.400000000000002,17.450000000000003,0,0,0,0,0,0,17.1,16.85,,,,,17.425000000000004,,,,,,,,,,,38.70484117454019,28.77060498574707,38.70484117454019,28.77060498574707,84.67316691781943,82.18333104602294,84.67316691781943,82.18333104602294,96,101,96,101,-1,4,-1,4,-1,4,-1,4,96,101,96,101,0.2530475287200845,,,,,,,,,0,0,0,0,52,48,-52,-48,60.27137759212541,55.85867725983886,4.412700332286548,,,17.400000000000002,17.450000000000003,17.400000000000002,17.450000000000003,0.00003434349489254492,-0.0000805813513279403,,,,
1784006400.002,17.45,17.5,17.45,17.5,0,0,0,0,0,0,17.1,16.85,,,,,17.475,,,,,,,,,,,42.000815722679086,30.66063509102307,42.000815722679086,30.66063509102307,86.52257844656633,84.35295474629464,86.52257844656633,84.35295474629464,96,101,96,101,-1,4,-1,4,-1,4,-1,4,96,101,96,101,0.28010145997242797,,,,,,,,,0,0,0,0,52,48,-52,-48,62.081670087066975,58.703833767694,3.3778363193729746,,,17.45,17.5,17.45,17.5,0.00008302808256045885,-0.000036509537923868534,,,,
1784006400.003,17.5,17.55,17.5,17.55,0,0,0,0,0,0,17.1,16.85,,,,,17.525,,,,,,,,,,,45.76367538990413,32.81821227657751,45.76367538990413,32.81821227657751,88.12689709545172,86.23992592087319,88.12689709545172,86.23992592087319,96,101,96,101,-1,4,-1,4,-1,4,-1,4,96,101,96,101,0.2864309060588384,,,,,,,,,0,0,0,0,52,48,-52,-48,63.42382341263055,60.90567064264803,2.518152769982514,,,17.5,17.55,17.5,17.55,0.0001295192913310202,0.000009473917878922686,,,,
1784007120,17.55,17.6,17.55,17.6,0,0,0,0,0,0,17.1,16.85,,,,,17.575000000000003,,,,,,,,,,,49.63769857633955,35.220996033686376,49.63769857633955,35.220996033686376,89.51910328546319,87.87951460316819,89.51910328546319,87.87951460316819,96,101,96,101,-1,4,-1,4,-1,4,-1,4,96,101,96,101,0.2843971635293788,,,,,,,,,0,0,0,0,52,48,-52,-48,64.41172290698015,62.54714849970077,1.8645744072793775,,,17.55,17.6,17.55,17.6,0.00017121693474296806,0.000056286386059875694,,,,
1784007600,17.6,17.650000000000002,17.6,17.650000000000002,0,0,0,0,0,0,17.1,16.85,,,,,17.625,,,,,,,,,,,53.23500582088673,37.794426003286425,53.23500582088673,37.794426003286425,90.72777395608244,89.30364427962532,90.72777395608244,89.30364427962532,96,101,96,101,-1,4,-1,4,-1,4,-1,4,96,101,96,101,0.30186743514348235,,,,,,,,,0,0,0,0,52,48,-52,-48,65.13297704652985,63.762548363301875,1.3704286832279706,,,17.6,17.650000000000002,17.6,17.650000000000002,0.00021104807444509175,0.00010241388815060994,,,,
1784007600.001,17.650000000000002,17.700000000000003,17.650000000000002,17.700000000000003,0,0,0,0,0,0,17.1,16.85,,,,,17.675000000000004,,,,,,,,,,,56.57536254796624,40.47741693824069,56.57536254796624,40.47741693824069,91.77765240191682,90.54064834077107,91.77765240191682,90.54064834077107,96,101,96,101,-1,4,-1,4,-1,4,-1,4,96,101,96,101,0.3281249821301295,,,,,,,,,0,0,0,0,52,48,-52,-48,65.1627208429128,64.53281105226333,0.6299097906494779,,,17.650000000000002,17.700000000000003,17.650000000000002,17.700000000000003,0.000256557804129287,0.00014761894701689513,,,,
1784007600.002,17.7,17.75,17.7,17.75,0,0,0,0,0,0,17.1,16.85,,,,,17.725,,,,,,,,,,,59.67712236596866,43.22023199934468,59.67712236596866,43.22023199934468,92.69015028945427,91.61539931511267,92.69015028945427,91.61539931511267,96,101,96,101,-1,4,-1,4,-1,4,-1,4,96,101,96,101,0.3526867339354926,,,,,,,,,0,0,0,0,52,48,-52,-48,64.9413289384774,64.91218743372505,0.02914150475234578,,,17.7,17.75,17.7,17.75,0.00030055471245416215,0.0001919874832771647,,,,
1784008320,17.75,17.8,17.75,17.8,0,0,0,0,0,0,17.1,16.85,,,,,17.775,,,,,,,,,,,62.55732791125661,45.98267427247496,62.55732791125661,45.98267427247496,93.48378796740191,92.54959364125729,93.48378796740191,92.54959364125729,96,101,96,101,-1,4,-1,4,-1,4,-1,4,96,101,96,101,0.3802318016359888,,,,,,,,,0,0,0,0,52,48,-52,-48,64.68374151083935,64.98019208468985,-0.29645057385049256,64.98019208468985,64.98019208468985,17.75,17.8,17.75,17.8,0.00034408828664985326,0.00023549751729206374,,,,
1784008560,17.8,17.85,17.8,17.85,0,0,0,0,0,0,17.1,16.85,,,,,17.825000000000003,,,,,,,,,,,65.23180448902399,48.732550017696255,65.23180448902399,48.732550017696255,94.17457936221484,93.36208650173606,94.17457936221484,93.36208650173606,96,101,96,101,-1,4,-1,4,-1,4,-1,4,96,101,96,101,0.4038540909860837,,,,,,,,,0,0,0,0,52,48,-52,-48,64.48576162210928,64.81838822858471,-0.3326266064754293,,,17.8,17.85,17.8,17.85,0.000386086554411842,0.0002782587278055341,,,,
1784008560.001,17.85,17.900000000000002,17.85,17.900000000000002,0,0,0,0,0,0,17.1,16.85,,,,,17.875,,,,,,,,,,,67.71524702552227,51.44436387595711,67.71524702552227,51.44436387595711,94.77636756392609,94.06922703283107,94.77636756392609,94.06922703283107,96,101,96,101,-1,4,-1,4,-1,4,-1,4,96,101,96,101,0.42070139142511725,,,,,,,,,0,0,0,0,52,48,-52,-48,64.37939561845808,64.62255692247103,-0.24316130401295766,,,17.85,17.900000000000002,17.85,17.900000000000002,0.00042490892757459324,0.0003205407266108049,,,,
1784008560.002,17.900000000000002,17.950000000000003,17.900000000000002,17.950000000000003,0,0,0,0,0,0,17.1,16.85,,,,,17.925000000000004,,,,,,,,,,,70.02130080941355,54.098212009308035,70.02130080941355,54.098212009308035,95.30111682666534,94.68517192974821,95.30111682666534,94.68517192974821,96,101,96,101,-1,4,-1,4,-1,4,-1,4,96,101,96,101,0.4354846368825824,,,,,,,,,0,0,0,0,52,48,-52,-48,64.36402944842912,64.47823204995896,-0.11420260152983985,,,17.900000000000002,17.950000000000003,17.900000000000002,17.950000000000003,0.00046282661840605716,0.0003625038172709658,,,,
1784008800,17.95,18,17.95,18,0,0,0,0,0,0,17.1,16.85,,,,,17.975,,,,,,,,,,,72.162636465884,56.678844074533174,72.162636465884,56.678844074533174,95.73429061333219,95.20973127154019,95.73429061333219,95.20973127154019,96,101,96,101,-1,4,-1,4,-1,4,-1,4,96,101,96,101,0.4459657394579458,,,,,,,,,0,0,0,0,52,48,-52,-48,64.42436923303688,64.41338898050834,0.01098025252854029,64.41338898050834,64.41338898050834,17.95,18,17.95,18,0.0005038105023366902,0.000403712600305533,,,,
1784008800.001,18,18.05,18,18.05,0,0,0,0,0,0,17.1,16.85,,,,,18.025,,,,,,,,,,,74.1510195754637,59.17486914609468,74.1510195754637,59.17486914609468,96.10558243047522,95.65765685100772,96.10558243047522,95.65765685100772,96,101,96,101,-1,4,-1,4,-1,4,-1,4,96,101,96,101,0.45576754182249885,,,,,,,,,0,0,0,0,52,48,-52,-48,64.55017011561259,64.42949110388417,0.12067901172841289,,,18,18.05,18,18.05,0.0005436072068456167,0.00044422134937077543,,,,
1784008800.002,18.05,18.1,18.05,18.1,0,0,0,0,0,0,17.1,16.85,,,,,18.075000000000003,,,,,,,,,,,75.99737532007346,61.578084313805924,75.99737532007346,61.578084313805924,96.43335636897876,96.04550660999324,96.43335636897876,96.04550660999324,96,101,96,101,-1,4,-1,4,-1,4,-1,4,96,101,96,101,0.4689356764284992,,,,,,,,,0,0,0,0,52,48,-52,-48,64.71386287102004,64.51310791702466,0.20075495399538568,,,18.05,18.1,18.05,18.1,0.0005829405113138962,0.00048403005348144924,,,,
1784009040,18.1,18.150000000000002,18.1,18.150000000000002,0,0,0,0,0,0,17.1,16.85,,,,,18.125,,,,,,,,,,,77.71184851149678,63.8829077706189,77.71184851149678,63.8829077706189,96.72309666791587,96.38430163895455,96.72309666791587,96.38430163895455,96,101,96,101,-1,4,-1,4,-1,4,-1,4,96,101,96,101,0.4803981458840698,,,,,,,,,0,0,0,0,52,48,-52,-48,64.89747685162925,64.6464697678247,0.25100708380455217,,,18.1,18.150000000000002,18.1,18.150000000000002,0.0006210927484017502,0.0005231977524797673,,,,
1784009040.001,18.150000000000002,18.200000000000003,18.150000000000002,18.200000000000003,0,0,0,0,0,0,17.1,16.85,,,,,18.175000000000004,,,,,,,,,,,79.30385933210415,66.08590085083108,79.30385933210415,66.08590085083108,96.97958550371625,96.68194357133541,96.97958550371625,96.68194357133541,96,101,96,101,-1,4,-1,4,-1,4,-1,4,96,101,96,101,0.48480094028941856,,,,,0.48480094028941856,,0.48480094028941856,,0,0,0,0,52,48,-52,-48,65.08727116037258,64.81219524965861,0.27507591071396575,,,18.150000000000002,18.200000000000003,18.150000000000002,18.200000000000003,0.0006568803109967185,0.0005618596497167881,,,,
1784009760,18.150000000000002,18.150000000000002,18.1,18.1,0,0,0,0,0,0,17.1,16.85,,,,,18.125,,,,,,,,,,,80.31833320170338,68.11910547238426,80.31833320170338,68.11910547238426,96.56451244233881,96.62322800683711,96.56451244233881,96.62322800683711,96,101,96,101,-1,4,-1,4,-1,4,-1,4,96,101,96,101,0.45152480462097183,,,,,,,,,0,0,0,0,52,48,-52,-48,58.1838801214511,63.22062275111824,-5.036742629667145,63.22062275111824,63.22062275111824,18.150000000000002,18.150000000000002,18.1,18.1,0.0006724824921149689,0.0005968022953349401,,,,
1784010000,18.1,18.1,18.05,18.05,0,0,0,0,0,0,17.1,16.85,,,,,18.075000000000003,,,,,,,,,,,81.02843370584887,69.96329522002206,81.02843370584887,69.96329522002206,95.67963500348615,96.15143150516164,95.67963500348615,96.15143150516164,96,101,96,101,-1,4,-1,4,-1,4,-1,4,96,101,96,101,0.3956504113575625,,,,,,,,,0,0,0,0,52,48,-52,-48,46.15371151689197,58.580584912586225,-12.426873395694258,,,18.1,18.1,18.05,18.05,0.0006786270867469352,0.0006259383927366476,,,,
1784010000.001,18.05,18.05,18,18,0,0,0,0,0,0,17.1,16.85,,,,,18.025,,,,,,,,,,,81.45590179921588,71.60509615990689,81.45590179921588,71.60509615990689,94.39206809822619,95.27174980169391,94.39206809822619,95.27174980169391,96,101,96,101,-1,4,-1,4,-1,4,-1,4,96,101,96,101,0.34941786458972857,,,,,,,,,0,0,0,0,52,48,-52,-48,30.418298500271664,49.96079032474683,-19.542491824475167,,,18.05,18.05,18,18,0.0006736381336711406,0.0006476102138742349,,,,
1784010240,18,18,17.95,17.95,0,0,0,0,0,0,17.1,16.85,,,,,17.975,,,,,,,,,,,81.62092551114573,73.03592892436959,81.62092551114573,73.03592892436959,92.75933879318855,94.01554429744124,92.75933879318855,94.01554429744124,96,101,96,101,-1,4,-1,4,-1,4,-1,4,96,101,96,101,0.30859272769420587,,,,,,,,,0,0,0,0,52,48,-52,-48,13.996422417755355,37.188078139092525,-23.19165572133717,,,18,18,17.95,17.95,0.0006592171039560582,0.0006603229793145952,0.0006592171039560582,18,,
1784010720,18,18.05,18,18.05,0,0,0,0,0,0,18.150000000000002,17.95,,,,,18.025,,,,,,,,,,,82.23798370747389,74.35050817909878,82.23798370747389,74.35050817909878,91.99477716664836,93.0051607320448,91.99477716664836,93.0051607320448,96,101,96,101,-1,4,-1,4,-1,4,-1,4,96,101,96,101,0.29744650436750947,,,,,,,,,0,0,0,0,52,48,-52,-48,11.386642530094953,25.488768741253487,-14.102126211158534,,,18,18.05,18,18.05,0.0006558157820334778,0.0006661101515865499,,,,
1784010720.001,18.05,18.1,18.05,18.1,0,0,0,0,0,0,18.150000000000002,17.95,,,,,18.075000000000003,,,,,,,,,,,83.04287726454672,75.59227519130563,83.04287726454672,75.59227519130563,91.86853915871446,92.43684994537963,91.86853915871446,92.43684994537963,96,101,96,101,-1,4,-1,4,-1,4,-1,4,96,101,96,101,0.30416546380161935,,,,,,,,,0,0,1,0,52,48,-52,-48,17.445112739325054,18.31161904686176,-0.8665063075367065,,,18.05,18.1,18.05,18.1,0.0006553176696147982,0.0006658497113562299,,,,
1784011440,18.05,18.05,18,18,0,0,0,0,0,0,18.150000000000002,17.95,,,,,18.025,,,,,,,,,,,83.32645653229244,76.69715824001803,83.32645653229244,76.69715824001803,91.1254145169933,91.78113223118646,91.1254145169933,91.78113223118646,96,101,96,101,-1,4,-1,4,-1,4,-1,4,96,101,96,101,0.2799093709796776,,,,,,,,,0,0,0,0,52,48,-52,-48,8.80586447208737,12.908510539815687,-4.102646067728317,,,18.05,18.05,18,18,0.0006394155461792899,0.0006603385537002833,,,,
1784011920,18.05,18.1,18.05,18.1,0,0,0,0,0,0,18.150000000000002,17.95,,,,,18.075000000000003,,,,,,,,,,,84.05360203044964,77.74807878150826,84.05360203044964,77.74807878150826,91.07453112445579,91.42783167782113,91.07453112445579,91.42783167782113,96,101,96,101,-1,4,-1,4,-1,4,-1,4,96,101,96,101,0.26590954121296717,0.26590954121296717,,0.26590954121296717,,,,,,0,0,0,0,52,48,-52,-48,15.473809399202041,13.277857285177362,2.1959521140246796,13.277857285177362,13.277857285177362,18.05,18.1,18.05,18.1,0.0006378372945506635,0.0006535402550009047,,,,
1784011920.001,18.1,18.150000000000002,18.1,18.150000000000002,0,0,0,0,0,0,18.150000000000002,17.95,,,,,18.125,,,,,,,,,,,84.96071951064944,78.77845602852844,84.96071951064944,78.77845602852844,91.54959810667638,91.48871489224877,91.54959810667638,91.48871489224877,96,101,96,101,-1,4,-1,4,-1,4,-1,4,96,101,96,101,0.28202512967845805,,,,,,,,,0,0,0,0,52,48,-52,-48,25.797716104307327,16.880625678730457,8.91709042557687,,,18.1,18.150000000000002,18.1,18.150000000000002,0.0006413525577381655,0.0006481593256787423,,,,
1784012160,18.150000000000002,18.200000000000003,18.150000000000002,18.200000000000003,0,0,0,0,0,0,18.200000000000003,17.95,,,,,18.175000000000004,,,,,,,,,,,86.03495383131734,79.81509857178399,86.03495383131734,79.81509857178399,92.51870313905596,92.00370901565236,92.51870313905596,92.00370901565236,96,101,96,101,-1,4,-1,4,-1,4,-1,4,96,101,96,101,0.2938437012256532,,,,,,,,,0,0,0,0,52,48,-52,-48,35.621887877122475,21.4248194631798,14.197068413942674,,,18.150000000000002,18.200000000000003,18.150000000000002,18.200000000000003,0.0006503670762736698,0.0006466843210650109,,,,
1784079240,18.2,18.25,18.2,18.25,0,0,0,0,0,0,18.200000000000003,17.95,,,,,18.225,,,,,,,,,,,87.03245712908038,80.8461497942549,87.03245712908038,80.8461497942549,93.3493645953813,92.67653680551683,93.3493645953813,92.67653680551683,96,101,96,101,-1,4,-1,4,-1,4,-1,4,96,101,96,101,0.30176354152341384,,,,,,,,,0,0,0,0,52,48,-52,-48,44.298168831413825,30.297895553011415,14.00027327840241,,,18.2,18.25,18.2,18.25,0.0006644777128628172,0.0006481279762032341,,,,
1784079480,18.25,18.3,18.25,18.3,0,0,0,0,0,0,18.200000000000003,17.95,,,,,18.275,,,,,,,,,,,87.95871019128893,81.86222985097405,87.95871019128893,81.86222985097405,94.06136012937445,93.36894846744565,94.06136012937445,93.36894846744565,96,101,96,101,-1,4,-1,4,-1,4,-1,4,96,101,96,101,0.32143981866474314,,,,,,,,,0,0,0,0,52,48,-52,-48,50.98661221070907,39.17609625588817,11.8105159548209,,,18.25,18.3,18.25,18.3,0.0006829340256387979,0.000652730702207234,,,,
1784079480.001,18.3,18.35,18.3,18.35,0,0,0,0,0,0,18.200000000000003,17.95,,,,,18.325000000000003,,,,,,,,,,,88.81880232048259,82.8560259180467,88.81880232048259,82.8560259180467,94.6716420156543,94.02029524154997,94.6716420156543,94.02029524154997,96,101,96,101,-1,4,-1,4,-1,4,-1,4,96,101,96,101,0.34353207588430107,,,,,,,,,0,0,0,0,52,48,-52,-48,56.003451729447356,46.72753016217318,9.275921567274175,,,18.3,18.35,18.3,18.35,0.0007068163649861852,0.0006639641720083833,,,,
1784079480.002,18.35,18.400000000000002,18.35,18.400000000000002,0,0,0,0,0,0,18.200000000000003,17.95,,,,,18.375,,,,,,,,,,,89.61745929759097,83.8219449722673,89.61745929759097,83.8219449722673,95.19474077532274,94.60751800843636,95.19474077532274,94.60751800843636,96,101,96,101,-1,4,-1,4,-1,4,-1,4,96,101,96,101,0.358073520891546,,,,,0.358073520891546,0.358073520891546,0.358073520891546,,0,0,0,0,52,48,-52,-48,59.700917649711364,52.7472876053204,6.953630044390962,,,18.35,18.400000000000002,18.35,18.400000000000002,0.0007373345160126611,0.0006805470422520496,,,,
1784079960,18.35,18.35,18.3,18.3,0,0,0,0,0,0,18.200000000000003,17.95,,,,,18.325000000000003,,,,,,,,,,,89.94856031656435,84.6971757357383,89.94856031656435,84.6971757357383,94.88741755897227,94.74746778370431,94.88741755897227,94.74746778370431,96,101,96,101,-1,4,-1,4,-1,4,-1,4,96,101,96,101,0.3280397020134505,,,,,,,,,0,0,0,0,52,48,-52,-48,55.631889817925945,55.580717851948435,0.051171965977509615,,,18.35,18.35,18.3,18.3,0.0007535896494302497,0.0006992532242007303,,,,
1784079960.001,18.3,18.3,18.25,18.25,0,0,0,0,0,0,18.200000000000003,17.95,,,,,18.275,,,,,,,,,,,90.05075674715457,85.46197302308347,90.05075674715457,85.46197302308347,93.92947479080738,94.33847128725584,93.92947479080738,94.33847128725584,96,101,96,101,-1,4,-1,4,-1,4,-1,4,96,101,96,101,0.27083894115845186,,,,,,,,,0,0,0,0,52,48,-52,-48,45.620583387500645,54.239210646146326,-8.618627258645681,54.239210646146326,54.239210646146326,18.3,18.3,18.25,18.25,0.0007564739860517896,0.0007169377091637502,,,,
1784079960.002,18.25,18.25,18.2,18.2,0,0,0,0,0,0,18.200000000000003,17.95,,,,,18.225,,,,,,,,,,,89.9403989171033,86.10174815080059,89.9403989171033,86.10174815080059,92.34771308599812,93.34309218662699,92.34771308599812,93.34309218662699,96,101,96,101,-1,4,-1,4,-1,4,-1,4,96,101,96,101,0.22506713909065013,,,,,,,,,0,0,0,0,52,48,-52,-48,31.159923743843414,48.02832864974534,-16.868404905901926,,,18.25,18.25,18.2,18.2,0.000748408945703187,0.0007309262479704785,,,,
1784080200,18.2,18.2,18.15,18.15,0,0,0,0,0,0,18.200000000000003,17.95,,,,,18.174999999999997,,,,,,,,,,,89.63266927359919,86.60616545405753,89.63266927359919,86.60616545405753,90.15518264514124,91.74913741588412,90.15518264514124,91.74913741588412,96,101,96,101,-1,4,-1,4,-1,4,-1,4,96,101,96,101,0.18259898469284427,,,,,,,,,0,0,0,0,52,48,-52,-48,15.510320849756837,36.98067944975671,-21.47035859999987,,,18.2,18.2,18.15,18.15,0.0007292878394713414,0.0007386518836092357,0.0007292878394713414,18.2,,
1784080200.001,18.150000000000002,18.150000000000002,18.1,18.1,0,0,0,0,0,0,18.35,18.1,,,,,18.125,,,,,,,,,,,89.14166580331747,86.96837978966609,89.14166580331747,86.96837978966609,87.35105880861735,89.55009811225074,87.35105880861735,89.55009811225074,96,101,96,101,-1,4,-1,4,-1,4,-1,4,96,101,96,101,0.14629082673759902,,,,,,,,,0,0,0,0,52,48,-52,-48,0.9953750509077093,23.32155075800215,-22.326175707094443,,,18.150000000000002,18.150000000000002,18.1,18.1,0.0007005134828937125,0.0007376014032604903,,,,
1784080680,18.150000000000002,18.200000000000003,18.150000000000002,18.200000000000003,0,0,0,0,0,0,18.35,18.1,,,,,18.175000000000004,,,,,,,,,,,89.09624304068313,87.2723602540971,89.09624304068313,87.2723602540971,85.66598691532283,87.60804251378678,85.66598691532283,87.60804251378678,96,101,96,101,-1,4,-1,4,-1,4,-1,4,96,101,96,101,0.14075411509774854,,,,,,,,,0,0,0,0,52,48,-52,-48,-1.3330491323030174,11.583142628051236,-12.916191760354254,,,18.150000000000002,18.200000000000003,18.150000000000002,18.200000000000003,0.0006908507425065938,0.0007298541076761457,,,,
1784080920,18.150000000000002,18.150000000000002,18.1,18.1,0,0,0,0,0,0,18.35,18.1,,,,,18.125,,,,,,,,,,,88.64355572989541,87.46824532206828,88.64355572989541,87.46824532206828,83.00782071733559,85.30793161556119,83.00782071733559,85.30793161556119,96,101,96,101,-1,4,-1,4,-1,4,-1,4,96,101,96,101,0.12143492015136909,,,,,,,,,0,0,0,0,52,48,-52,-48,-11.230193774526036,0.985613248458872,-12.215807022984908,,,18.150000000000002,18.150000000000002,18.1,18.1,0.0006701328838350922,0.0007159446467436195,,,,
1784081160,18.1,18.1,18.05,18.05,0,0,0,0,0,0,18.35,18.1,,,,,18.075000000000003,,,,,,,,,,,87.89223032061717,87.52881460757526,87.89223032061717,87.52881460757526,79.5424177577162,82.42517468663868,79.5424177577162,82.42517468663868,96,101,96,101,-1,4,-1,4,-1,4,-1,4,96,101,96,101,0.08709525880612765,,,,,,,,,0,0,0,0,52,48,-52,-48,-21.934319205647064,-8.375546765392102,-13.558772440254963,,,18.1,18.1,18.05,18.05,0.0006354325057733437,0.0006957710666972119,,,,
1784081640,18.05,18.05,18,18,0,0,0,0,0,0,18.35,18.1,,,,,18.025,,,,,,,,,,,86.91375303965141,87.44094866930041,86.91375303965141,87.44094866930041,75.22683426851859,78.82600447757864,75.22683426851859,78.82600447757864,96,101,96,101,-1,4,-1,4,-1,4,-1,4,96,101,96,101,0.0659329381128152,,,,,,,,,0,0,0,0,52,48,-52,-48,-31.05187091643775,-16.387358257228467,-14.664512659209283,,,18.05,18.05,18,18,0.0005977980743994704,0.0006706692548132591,,,,
1784081640.001,18,18,17.95,17.95,0,0,0,0,0,0,18.35,18.1,,,,,17.975,,,,,,,,,,,85.77475224649656,87.20292060889986,85.77475224649656,87.20292060889986,69.99034774036284,74.40817610897074,69.99034774036284,74.40817610897074,96,101,96,101,-1,4,-1,4,-1,4,-1,4,96,101,96,101,0.041469347973962026,,,,,,,,,0,0,0,0,52,48,-52,-48,-38.48577729859655,-25.67554029880185,-12.810236999794704,,,18,18,17.95,17.95,0.0005554020402510121,0.0006416882882765376,,,,
1784081880,17.95,17.95,17.9,17.9,0,0,0,0,0,0,18.35,18.1,,,,,17.924999999999997,,,,,,,,,,,84.486693906309,86.81488822281547,84.486693906309,86.81488822281547,63.72799037086048,69.06808323991561,63.72799037086048,69.06808323991561,96,101,96,101,-1,4,-1,4,-1,4,-1,4,96,101,96,101,0.0020785261376310912,,,,,,,,,0,0,0,0,52,48,-52,-48,-44.426956422732104,-33.974730960853364,-10.45222546187874,,,17.95,17.95,17.9,17.9,0.0005099491659761613,0.000609927568790279,,,,
1784081880.001,17.900000000000002,17.900000000000002,17.85,17.85,0,0,0,0,0,0,18.35,18.1,,,,,17.875,,,,,,,,,,,83.06022498673393,86.27850776051811,83.06022498673393,86.27850776051811,56.2906584131186,62.6793708265171,56.2906584131186,62.6793708265171,96,101,96,101,-1,4,-1,4,-1,4,-1,4,96,101,96,101,-0.041218543384747966,,,,,,,,,0,0,0,0,52,48,-52,-48,-49.46505750551177,-40.85741553581954,-8.607641969692231,,,17.900000000000002,17.900000000000002,17.85,17.85,0.0004668727533261656,0.0005725979039268742,,,,
1784082360,17.900000000000002,17.950000000000003,17.900000000000002,17.950000000000003,0,0,0,0,0,0,18.35,18.1,,,,,17.925000000000004,,,,,,,,,,,82.19647619735893,85.69536039435252,82.19647619735893,85.69536039435252,50.32705786059521,56.50321434355615,50.32705786059521,56.50321434355615,96,101,96,101,-1,4,-1,4,-1,4,-1,4,96,101,96,101,-0.05116292283623349,-0.05116292283623349,,-0.05116292283623349,,,,,,0,0,0,0,52,48,-52,-48,-46.724918017512294,-44.77567731108818,-1.9492407064241135,,,17.900000000000002,17.950000000000003,17.900000000000002,17.950000000000003,0.00044516889193815443,0.0005351039052773846,,,,
1784082840,17.95,18,17.95,18,0,0,0,0,0,0,18.35,18.1,,,,,17.975,,,,,,,,,,,81.62483849662591,85.11385726610585,81.62483849662591,85.11385726610585,46.51410154284781,51.50865794320198,46.51410154284781,51.50865794320198,96,101,96,101,-1,4,-1,4,-1,4,-1,4,96,101,96,101,-0.03145849225710025,,,,,,,,,0,0,0,0,52,48,-52,-48,-38.72971794886253,-44.83666247365468,6.106944524792148,-44.83666247365468,-44.83666247365468,17.95,18,17.95,18,0.0004316885224624059,0.0005011465747255617,,,,
1784082840.001,18,18.05,18,18.05,0,0,0,0,0,0,18.35,18.1,,,,,18.025,,,,,,,,,,,81.32444680677474,84.57251291477283,81.32444680677474,84.57251291477283,44.54455456919421,48.02660625619809,44.54455456919421,48.02660625619809,96,101,96,101,-1,4,-1,4,-1,4,-1,4,96,101,96,101,0.003945087292125827,,,,,,,,,0,0,0,0,52,48,-52,-48,-26.389689457822946,-40.32734573242739,13.937656274604443,,,18,18.05,18,18.05,0.00043148334279657165,0.00047342745279174524,,,,
1784084520,18,18,17.95,17.95,0,0,0,0,0,0,18.35,18.1,,,,,17.975,,,,,,,,,,,80.58468217311109,84.00282280882115,80.58468217311109,84.00282280882115,41.29792989047809,44.66226807333809,41.29792989047809,44.66226807333809,96,101,96,101,-1,4,-1,4,-1,4,-1,4,96,101,96,101,0.009169269401826292,,,,,,,,,0,0,0,0,52,48,-52,-48,-26.209383692298314,-34.513427279124016,8.304043586825703,,,18,18,17.95,17.95,0.0004155548518082941,0.0004501195880512922,,,,
1784085480,17.95,17.95,17.9,17.9,0,0,0,0,0,0,18.05,17.9,,,,,17.924999999999997,,,,,,,,,,,79.66734312387963,83.38346856811522,79.66734312387963,83.38346856811522,37.21640743859162,40.93933775596486,37.21640743859162,40.93933775596486,96,101,96,101,-1,4,-1,4,-1,4,-1,4,96,101,96,101,-0.0137336076061462,,,,,,,,,0,0,0,0,52,48,-52,-48,-31.97221733621862,-30.8252521088006,-1.1469652274180184,-30.8252521088006,-30.8252521088006,17.95,17.95,17.9,17.9,0.00039434443406836234,0.0004308521327333257,,,,
1784085960,17.95,18,17.95,18,0,0,0,0,0,0,18.05,17.9,,,,,17.975,,,,,,,,,,,79.276357785538,82.79673845631848,79.276357785538,82.79673845631848,35.276401181130446,38.10786946854765,35.276401181130446,38.10786946854765,96,101,96,101,-1,4,-1,4,-1,4,-1,4,96,101,96,101,-0.00817639124927275,,,,,,,,,0,0,0,0,52,48,-52,-48,-24.875612526402357,-27.361725753185556,2.4861132267832,-27.361725753185556,-27.361725753185556,17.95,18,17.95,18,0.00039099123819756094,0.0004182052135452249,,,,
1784085960.001,18,18.05,18,18.05,0,0,0,0,0,0,18.05,17.9,,,,,18.025,,,,,,,,,,,79.1437147179074,82.27487792225975,79.1437147179074,82.27487792225975,34.91223997343647,36.51005472099206,34.91223997343647,36.51005472099206,96,101,96,101,-1,4,-1,4,-1,4,-1,4,96,101,96,101,0.017793134868417035,,,,,,,,,0,0,0,0,52,48,-52,-48,-11.004490279975348,-23.515425958723657,12.510935678748309,,,18,18.05,18,18.05,0.00039615649181027343,0.000410036480190578,,,,
1784085960.002,18.05,18.1,18.05,18.1,0,0,0,0,0,0,18.05,17.9,,,,,18.075000000000003,,,,,,,,,,,79.20487795234258,81.83630649798587,79.20487795234258,81.83630649798587,35.89880309411438,36.20442890755322,35.89880309411438,36.20442890755322,96,101,96,101,-1,4,-1,4,-1,4,-1,4,96,101,96,101,0.04082288675602159,,,,,,,,,0,0,0,0,52,48,-52,-48,3.1859220165809496,-16.16659953150384,19.35252154808479,,,18.05,18.1,18.05,18.1,0.00040555861977912395,0.00040568149641003105,,,,
1784085960.003,18.1,18.150000000000002,18.1,18.150000000000002,0,0,0,0,0,0,18.05,17.9,,,,,18.125,,,,,,,,,,,79.45871671929349,81.49665081531553,79.45871671929349,81.49665081531553,38.04312992482533,37.12377941618928,38.04312992482533,37.12377941618928,96,101,96,101,-1,4,-1,4,-1,4,-1,4,96,101,96,101,0.06519026744700167,,,,,0.06519026744700167,,0.06519026744700167,,0,0,0,0,52,48,-52,-48,15.58005301145953,-4.278531944584305,19.858584956043835,,,18.1,18.150000000000002,18.1,18.150000000000002,0.0004292373218676905,0.00040530715958855086,,,,
1784092320,18.1,18.1,18.05,18.05,0,0,0,0,0,0,18.05,17.9,,,,,18.075000000000003,,,,,,,,,,,79.14023695362968,81.16002026364613,79.14023695362968,81.16002026364613,38.32268279270739,37.72323110444833,38.32268279270739,37.72323110444833,96,101,96,101,-1,4,-1,4,-1,4,-1,4,96,101,96,101,0.0608834679617442,,,,,,,,,0,0,0,0,52,48,-52,-48,16.14492409948942,5.976602211888637,10.168321887600783,,,18.1,18.1,18.05,18.05,0.0004327534036866608,0.00040817358490161196,,,,
1784092560,18.1,18.150000000000002,18.1,18.150000000000002,0,0,0,0,0,0,18.05,17.9,,,,,18.125,,,,,,,,,,,79.30746870561909,80.89537004107083,79.30746870561909,80.89537004107083,40.12074109504791,38.921986099748125,40.12074109504791,38.921986099748125,96,101,96,101,-1,4,-1,4,-1,4,-1,4,96,101,96,101,0.04381200022250753,,,,,,,,,0,0,0,0,52,48,-52,-48,23.989537137670787,14.72510906630017,9.264428071370617,,,18.1,18.150000000000002,18.1,18.150000000000002,0.00044710076753368036,0.00041696630714583167,,,,
1784094240,18.150000000000002,18.200000000000003,18.07,18.200000000000003,0,0,0,0,0,0,18.05,17.9,,,,,18.175000000000004,,,,,,,,,,,79.68660555631664,80.72268940039167,79.68660555631664,80.72268940039167,42.545050808742445,40.733518454245285,42.545050808742445,40.733518454245285,96,101,96,101,-1,4,-1,4,-1,4,-1,4,96,101,96,101,0.04944068912077781,,,,,,,,,0,0,0,0,52,48,-52,-48,30.282522055329203,21.499259075987236,8.783262979341966,,,18.150000000000002,18.200000000000003,18.07,18.200000000000003,0.00046617446855902716,0.0004294968455394094,,,,
1784095200,18.150000000000002,18.150000000000002,18.1,18.1,0,0,0,0,0,0,18.05,17.9,,,,,18.125,,,,,,,,,,,79.4232765880083,80.53705899862261,79.4232765880083,80.53705899862261,43.48017342048061,42.10684593736295,43.48017342048061,42.10684593736295,96,101,96,101,-1,4,-1,4,-1,4,-1,4,96,101,96,101,0.04409205078558409,,,,,,,,,0,0,0,0,52,48,-52,-48,29.732757772137745,25.03743526615679,4.695322505980954,,,18.150000000000002,18.150000000000002,18.1,18.1,0.00046838731648263465,0.00044153531631813624,,,,
1784095680,18.1,18.1,18.05,18.05,0,0,0,0,0,0,18.05,17.9,,,,,18.075000000000003,,,,,,,,,,,78.80970921267438,80.29029474348715,78.80970921267438,80.29029474348715,42.98300578898334,42.54492586317315,42.98300578898334,42.54492586317315,96,101,96,101,-1,4,-1,4,-1,4,-1,4,96,101,96,101,0.01901504839797346,,,,,,,,,0,0,0,0,52,48,-52,-48,21.41204252212238,26.35421487181503,-4.942172349692651,26.35421487181503,26.35421487181503,18.1,18.1,18.05,18.05,0.0004586812489306493,0.0004503890878433904,,,,
1784096160,18.05,18.05,18,18,0,0,0,0,0,0,18.05,17.9,,,,,18.025,,,,,,,,,,,77.83882936207962,79.94008540328608,77.83882936207962,79.94008540328608,41.25816080614151,41.90154333465733,41.25816080614151,41.90154333465733,96,101,96,101,-1,4,-1,4,-1,4,-1,4,96,101,96,101,-0.011609684010192148,,,,,,,,,0,0,0,0,52,48,-52,-48,8.123459418746458,22.38769544208395,-14.26423602333749,,,18.05,18.05,18,18,0.0004431884119718479,0.0004527142695274167,0.0004431884119718479,18.05,,
1784096400,18,18,17.95,17.95,0,0,0,0,0,0,18.05,17.9,,,,,17.975,,,,,,,,,,,76.49969219985314,79.44860065993852,76.49969219985314,79.44860065993852,38.48102095071863,40.19128214268798,38.48102095071863,40.19128214268798,96,101,96,101,-1,4,-1,4,-1,4,-1,4,96,101,96,101,-0.037990269917374794,,,,,,,,,0,0,0,0,52,48,-52,-48,-5.432680862058287,13.458894712737074,-18.89157557479536,,,18,18,17.95,17.95,0.00042210067020543023,0.0004509388139472116,,,,
1784096880,17.95,17.95,17.9,17.9,0,0,0,0,0,0,18.150000000000002,17.9,,,,,17.924999999999997,,,,,,,,,,,74.77692506993164,78.78121843279469,74.77692506993164,78.78121843279469,34.801914061654934,37.49659810217146,34.801914061654934,37.49659810217146,96,101,96,101,-1,4,-1,4,-1,4,-1,4,96,101,96,101,-0.06659134509143265,-0.06659134509143265,,-0.06659134509143265,,,,,,0,0,0,0,52,48,-52,-48,-18.221659011091102,1.4702905169298637,-19.691949528020967,,,17.95,17.95,17.9,17.9,0.0003962879411974259,0.00044247000955783595,,,,
1784165400,17.95,18,17.89,18,0,0,0,0,0,0,18.150000000000002,17.9,,,,,17.975,,,,,,,,,,,73.72143042207937,78.05839157412107,73.72143042207937,78.05839157412107,32.89514711778211,35.19587260997679,32.89514711778211,35.19587260997679,96,101,96,101,-1,4,-1,4,-1,4,-1,4,96,101,96,101,-0.06619588145723895,,,,,,,,,0,0,0,0,52,48,-52,-48,-21.437845401049994,-9.242181463863233,-12.195663937186762,,,17.95,18,17.89,18,0.00038786221902400373,0.00042941796796866537,,,,
1784165400.001,18,18.05,18,18.05,0,0,0,0,0,0,18.150000000000002,17.9,,,,,18.025,,,,,,,,,,,72.96689215884813,77.33103451479637,72.96689215884813,77.33103451479637,32.87116506199504,34.033518835985916,32.87116506199504,34.033518835985916,96,101,96,101,-1,4,-1,4,-1,4,-1,4,96,101,96,101,-0.035437979475983566,,,,,,,,,0,0,0,0,52,48,-52,-48,-14.654463556817957,-14.936662207754337,0.28219865093637964,-14.936662207754337,-14.936662207754337,18,18.05,18,18.05,0.0003806962812442131,0.00041480279542892843,,,,
1784165400.002,18.05,18.1,18.05,18.1,0,0,0,0,0,0,18.150000000000002,17.9,,,,,18.075000000000003,,,,,,,,,,,72.51687605226373,76.64329759157741,72.51687605226373,76.64329759157741,34.149310312878875,34.09141457443239,34.149310312878875,34.09141457443239,96,101,96,101,-1,4,-1,4,-1,4,-1,4,96,101,96,101,-0.005507109068496034,,,,,,,,,0,0,1,0,52,48,-52,-48,-2.947254524409253,-14.315305623342077,11.368051098932824,,,18.05,18.1,18.05,18.1,0.00037426696131919395,0.00040073374749368594,,,,
1784165400.003,18.1,18.150000000000002,18.1,18.150000000000002,0,0,0,0,0,0,18.150000000000002,17.9,,,,,18.125,,,,,,,,,,,72.37911599811044,76.0341287925107,72.37911599811044,76.0341287925107,36.54356468376633,35.317489629099356,36.54356468376633,35.317489629099356,96,101,96,101,-1,4,-1,4,-1,4,-1,4,96,101,96,101,0.021702058441192308,,,,,,,,,0,0,0,0,52,48,-52,-48,9.055827339598297,-7.495934035669729,16.551761375268025,,,18.1,18.150000000000002,18.1,18.150000000000002,0.00037901238119458287,0.00039003774236414176,,,,
1784165640,18.150000000000002,18.200000000000003,18.150000000000002,18.200000000000003,0,0,0,0,0,0,18.150000000000002,17.9,,,,,18.175000000000004,,,,,,,,,,,72.56632199824541,75.53872782190138,72.56632199824541,75.53872782190138,40.75162687179976,38.03455825044956,40.75162687179976,38.03455825044956,96,101,96,101,-1,4,-1,4,-1,4,-1,4,96,101,96,101,0.09298417739312433,,,,,,,,,0,0,0,0,52,48,-52,-48,19.761369410687077,2.8038696672645402,16.957499743422538,,,18.150000000000002,18.200000000000003,18.150000000000002,18.200000000000003,0.00039116305316220547,0.0003848814728569376,,,,
1784165640.001,18.2,18.25,18.2,18.25,0,0,0,0,0,0,18.150000000000002,17.9,,,,,18.225,,,,,,,,,,,73.09729899837073,75.18995227568271,73.09729899837073,75.18995227568271,46.993457953606125,42.514008102027844,46.993457953606125,42.514008102027844,96,101,96,101,-1,4,-1,4,-1,4,-1,4,96,101,96,101,0.17027550244215517,,,,,,,,,0,0,0,0,52,48,-52,-48,29.394000796585615,13.815985755615433,15.578015040970183,,,18.2,18.25,18.2,18.25,0.00041094992628326686,0.0003873251370379111,,,,
1784165640.002,18.25,18.3,18.25,18.3,0,0,0,0,0,0,18.150000000000002,17.9,,,,,18.275,,,,,,,,,,,73.99851233522179,75.01974656990258,73.99851233522179,75.01974656990258,53.93090046817034,48.22245428509909,53.93090046817034,48.22245428509909,96,101,96,101,-1,4,-1,4,-1,4,-1,4,96,101,96,101,0.20942931965562708,,,,,,,,,0,0,0,0,52,48,-52,-48,37.17495764089869,23.84653879694242,13.328418843956271,,,18.25,18.3,18.25,18.3,0.00043930303738184224,0.0003958986067642176,,,,
1784165880,18.25,18.25,18.2,18.2,0,0,0,0,0,0,18.150000000000002,17.9,,,,,18.225,,,,,,,,,,,73.6579592563323,74.82520552510684,73.6579592563323,74.82520552510684,57.97251786160626,53.09748607335268,57.97251786160626,53.09748607335268,96,101,96,101,-1,4,-1,4,-1,4,-1,4,96,101,96,101,0.1974089477836453,,,,,,,,,0,0,0,0,52,48,-52,-48,35.92707970755885,30.564351888932556,5.362727818626297,,,18.25,18.25,18.2,18.2,0.0004443738975796528,0.0004065115428201242,,,,
1784166120,18.25,18.3,18.25,18.3,0,0,0,0,0,0,18.150000000000002,17.9,,,,,18.275,,,,,,,,,,,74.3490574046895,74.75718436504722,74.3490574046895,74.75718436504722,63.34152324645618,58.21950465990443,63.34152324645618,58.21950465990443,96,101,96,101,-1,4,-1,4,-1,4,-1,4,96,101,96,101,0.19390775928103382,,,,,,,,,0,0,0,0,52,48,-52,-48,39.95398750203994,35.612506411770774,4.34148109026917,,,18.25,18.3,18.25,18.3,0.0004625886052477347,0.0004212318168082143,,,,
1784166120.001,18.3,18.35,18.3,18.35,0,0,0,0,0,0,18.150000000000002,17.9,,,,,18.325000000000003,,,,,,,,,,,75.53191694071816,74.86786044728592,75.53191694071816,74.86786044728592,68.00701992553388,63.113262292719156,68.00701992553388,63.113262292719156,96,101,96,101,-1,4,-1,4,-1,4,-1,4,96,101,96,101,0.22399950583408412,,,,,,,,,0,0,0,0,52,48,-52,-48,44.87606161480802,39.483021616326376,5.3930399984816475,,,18.3,18.35,18.3,18.35,0.0004906545594917047,0.00043983884652440126,,,,
1784166360,18.35,18.400000000000002,18.35,18.400000000000002,0,0,0,0,0,0,18.150000000000002,17.9,,,,,18.375,,,,,,,,,,,77.27963715923829,75.21239997756483,77.27963715923829,75.21239997756483,72.05796513097711,67.58561371184814,72.05796513097711,67.58561371184814,96,101,96,101,-1,4,-1,4,-1,4,-1,4,96,101,96,101,0.241792322452155,,,,,,,,,0,0,0,0,52,48,-52,-48,49.93484487354851,42.67299342448883,7.261851449059684,,,18.35,18.400000000000002,18.35,18.400000000000002,0.0005183963066563392,0.00046104438877342353,,,,
1784166600,18.400000000000002,18.450000000000003,18.400000000000002,18.450000000000003,0,0,0,0,0,0,18.150000000000002,17.9,,,,,18.425000000000004,,,,,,,,,,,78.9025202192927,75.73956001209739,78.9025202192927,75.73956001209739,75.57349392178992,71.57955381681903,75.57349392178992,71.57955381681903,96,101,96,101,-1,4,-1,4,-1,4,-1,4,96,101,96,101,0.2474207984374464,,,,,0.2474207984374464,,0.2474207984374464,,0,0,0,0,52,48,-52,-48,54.252275954068224,47.25429248611617,6.997983467952054,,,18.400000000000002,18.450000000000003,18.400000000000002,18.450000000000003,0.0005477558745389924,0.0004838453801493778,,,,
1784167560,18.400000000000002,18.46,18.35,18.35,0,0,0,0,0,0,18.150000000000002,17.9,,,,,18.375,,,,,,,,,,,79.12142685468281,76.22268384675245,79.12142685468281,76.22268384675245,77.236296897834,74.40792535732652,77.236296897834,74.40792535732652,96,101,96,101,-1,4,-1,4,-1,4,-1,4,96,101,96,101,0.22970755073720292,,,,,,,,,0,0,0,0,52,48,-52,-48,51.98171609858366,50.261224635252105,1.7204914633315553,,,18.400000000000002,18.46,18.35,18.35,0.0005595599734078102,0.0005038882028203724,,,,
1784167560.001,18.35,18.35,18.3,18.3,0,0,0,0,0,0,18.150000000000002,17.9,,,,,18.325000000000003,,,,,,,,,,,78.73921720815395,76.58218861266695,78.73921720815395,76.58218861266695,77.20956595926754,75.80874565829703,77.20956595926754,75.80874565829703,96,101,96,101,-1,4,-1,4,-1,4,-1,4,96,101,96,101,0.1936216542766401,,,,,,,,,0,0,0,0,52,48,-52,-48,41.20406136319102,49.34322457234786,-8.139163209156834,49.34322457234786,49.34322457234786,18.35,18.35,18.3,18.3,0.0005545148591618485,0.0005222450297507384,,,,
1784167800,18.3,18.3,18.25,18.25,0,0,0,0,0,0,18.150000000000002,17.9,,,,,18.275,,,,,,,,,,,77.79882815698603,76.7559942618554,77.79882815698603,76.7559942618554,76.01569353885692,75.91221959857697,76.01569353885692,75.91221959857697,96,101,96,101,-1,4,-1,4,-1,4,-1,4,96,101,96,101,0.1510907022421262,,,,,,,,,0,0,0,0,52,48,-52,-48,26.77516446288847,43.55330446968284,-16.778140006794374,,,18.3,18.3,18.25,18.25,0.000537349747530415,0.0005347052201311852,,,,
1784167800.001,18.25,18.25,18.2,18.2,0,0,0,0,0,0,18.150000000000002,17.9,,,,,18.225,,,,,,,,,,,76.34012965865328,76.69658503282653,76.34012965865328,76.69658503282653,73.82141413400846,74.86681686629271,73.82141413400846,74.86681686629271,96,101,96,101,-1,4,-1,4,-1,4,-1,4,96,101,96,101,0.10963966245455198,,,,,,,,,0,0,0,0,52,48,-52,-48,11.68641492772948,32.911839213098155,-21.225424285368675,,,18.25,18.25,18.2,18.2,0.0005190852659967738,0.0005394436712153634,0.0005190852659967738,18.25,,
1784167800.002,18.2,18.2,18.15,18.15,0,0,0,0,0,0,18.150000000000002,17.9,,,,,18.174999999999997,,,,,,,,,,,74.40014381652463,76.36852200192627,74.40014381652463,76.36852200192627,70.29304168879926,72.57992927754599,70.29304168879926,72.57992927754599,96,101,96,101,-1,4,-1,4,-1,4,-1,4,96,101,96,101,0.07713760933875487,0.07713760933875487,,0.07713760933875487,,,,,,0,0,0,0,52,48,-52,-48,-2.1313763350838943,19.383566104681268,-21.514942439765164,,,18.2,18.2,18.15,18.15,0.0004929246516990048,0.000535198395389141,,,,
1784169000,18.2,18.25,18.11,18.25,0,0,0,0,0,0,18.35,18.11,,,,,18.225,,,,,,,,,,,73.76968857904453,75.99726008437173,73.76968857904453,75.99726008437173,68.32135402899584,70.4506416532709,68.32135402899584,70.4506416532709,96,101,96,101,-1,4,-1,4,-1,4,-1,4,96,101,96,101,0.07891913526000224,,,,,,,,,0,0,0,0,52,48,-52,-48,-7.262960102936969,7.266810738149274,-14.529770841086243,,,18.2,18.25,18.11,18.25,0.00048090808822124313,0.0005240570976695161,,,,
1784169000.001,18.25,18.3,18.25,18.3,0,0,0,0,0,0,18.35,18.11,,,,,18.275,,,,,,,,,,,73.7697459522041,75.67904377977636,73.7697459522041,75.67904377977636,68.33559668650773,69.39311916988932,68.33559668650773,69.39311916988932,96,101,96,101,-1,4,-1,4,-1,4,-1,4,96,101,96,101,0.10712713202387807,,,,,,,,,0,0,0,0,52,48,-52,-48,-0.8182171788628638,0.3684653277114369,-1.1866825065743007,,,18.25,18.3,18.25,18.3,0.00047638736994844595,0.0005101949970929553,,,,
1784169000.002,18.3,18.35,18.3,18.35,0,0,0,0,0,0,18.35,18.11,,,,,18.325000000000003,,,,,,,,,,,74.35527932095769,75.48993457137371,74.35527932095769,75.48993457137371,69.60093751074099,69.49702834031515,69.60093751074099,69.49702834031515,96,101,96,101,-1,4,-1,4,-1,4,-1,4,96,101,96,101,0.13450584565588702,,,,,,,,,0,0,1,0,52,48,-52,-48,9.731221199740308,-0.12033310428585597,9.851554304026163,-0.12033310428585597,-0.12033310428585597,18.3,18.35,18.3,18.35,0.00047471839340588177,0.0004968955861336275,,,,
1784169000.003,18.35,18.400000000000002,18.35,18.400000000000002,0,0,0,0,0,0,18.400000000000002,18.11,,,,,18.375,,,,,,,,,,,75.48446897133427,75.48915377136807,75.48446897133427,75.48915377136807,71.938648192164,70.71783826623957,71.938648192164,70.71783826623957,96,101,96,101,-1,4,-1,4,-1,4,-1,4,96,101,96,101,0.15979289228168492,,,,,,,,,0,0,0,0,52,48,-52,-48,20.601827430673588,5.562967837153513,15.038859593520074,,,18.35,18.400000000000002,18.35,18.400000000000002,0.0004780795598220889,0.0004870172215155732,,,,
1784169000.004,18.400000000000002,18.450000000000003,18.400000000000002,18.450000000000003,0,0,0,0,0,0,18.450000000000003,18.11,,,,,18.425000000000004,,,,,,,,,,,77.11848231178934,75.72191499142824,77.11848231178934,75.72191499142824,75.19553303689251,72.95668565156603,75.19553303689251,72.95668565156603,96,101,96,101,-1,4,-1,4,-1,4,-1,4,96,101,96,101,0.18332605628825932,,,,,,,,,0,0,0,0,52,48,-52,-48,30.23366287646933,14.93712358200509,15.296539294464242,,,18.400000000000002,18.450000000000003,18.400000000000002,18.450000000000003,0.0004922061869384003,0.00048253737500584425,,,,
1784169480,18.400000000000002,18.400000000000002,18.35,18.35,0,0,0,0,0,0,18.450000000000003,18.11,,,,,18.375,,,,,,,,,,,77.46482022628683,75.9709014535509,77.46482022628683,75.9709014535509,76.48338921959217,74.7200374355791,76.48338921959217,74.7200374355791,96,101,96,101,-1,4,-1,4,-1,4,-1,4,96,101,96,101,0.1718567968786912,,,,,,,,,0,0,0,0,52,48,-52,-48,28.96234392649758,22.382263858345198,6.580080068152384,,,18.400000000000002,18.400000000000002,18.35,18.35,0.00048527827194666187,0.0004812629783804538,,,,
1784170200,18.35,18.35,18.3,18.3,0,0,0,0,0,0,18.450000000000003,18.11,,,,,18.325000000000003,,,,,,,,,,,77.2009396246434,76.1466211922784,77.2009396246434,76.1466211922784,76.33413311554014,75.52708527555961,76.33413311554014,75.52708527555961,96,101,96,101,-1,4,-1,4,-1,4,-1,4,96,101,96,101,0.14084595057892907,,,,,,,,,0,0,0,0,52,48,-52,-48,19.921903698212788,24.92993448296332,-5.008030784750531,24.92993448296332,24.92993448296332,18.35,18.35,18.3,18.3,0.0004755710316572761,0.000480373468953126,0.0004755710316572761,18.35,,
1784170920,18.35,18.400000000000002,18.29,18.400000000000002,0,0,0,0,0,0,18.450000000000003,18.11,,,,,18.375,,,,,,,,,,,78.1268678247567,76.42951356834672,78.1268678247567,76.42951356834672,77.40920683086401,76.46814605321181,77.40920683086401,76.46814605321181,96,101,96,101,-1,4,-1,4,-1,4,-1,4,96,101,96,101,0.1521603633725046,,,,,,,,,0,0,0,0,52,48,-52,-48,21.25302708321549,25.092734396098795,-3.8397073128833057,,,18.35,18.400000000000002,18.29,18.400000000000002,0.00048193403052343333,0.0004812979123822905,,,,
1784171400,18.400000000000002,18.450000000000003,18.400000000000002,18.450000000000003,0,0,0,0,0,0,18.450000000000003,18.11,,,,,18.425000000000004,,,,,,,,,,,79.57213838996732,76.87845997143538,79.57213838996732,76.87845997143538,79.88458329863538,78.1763646759236,79.88458329863538,78.1763646759236,96,101,96,101,-1,4,-1,4,-1,4,-1,4,96,101,96,101,0.19312920379597226,,,,,,,,,0,0,1,0,52,48,-52,-48,31.54955317808315,25.42170697150225,6.127846206580902,25.42170697150225,25.42170697150225,18.400000000000002,18.450000000000003,18.400000000000002,18.450000000000003,0.0004940872350877421,0.00048452605266260056,,,,
1784178240,18.400000000000002,18.400000000000002,18.35,18.35,0,0,0,0,0,0,18.450000000000003,18.11,,,,,18.375,,,,,,,,,,,79.74321515602354,77.28771071209083,79.74321515602354,77.28771071209083,80.50257515822891,79.33946991707626,80.50257515822891,79.33946991707626,96,101,96,101,-1,4,-1,4,-1,4,-1,4,96,101,96,101,0.19917481145279878,,,,,,,,,0,0,0,0,52,48,-52,-48,26.413625073524695,24.78452725825903,1.6290978152656663,,,18.400000000000002,18.400000000000002,18.35,18.35,0.0004941225380489504,0.00048719988236707747,,,,
1784179200,18.400000000000002,18.450000000000003,18.400000000000002,18.450000000000003,0,0,0,0,0,0,18.450000000000003,18.11,,,,,18.425000000000004,,,,,,,,,,,81.07303234042936,77.82847094471062,81.07303234042936,77.82847094471062,82.53604186494815,80.9377558910122,82.53604186494815,80.9377558910122,96,101,96,101,-1,4,-1,4,-1,4,-1,4,96,101,96,101,0.22315482905126482,,,,,,,,,0,0,0,0,52,48,-52,-48,34.51703213662286,28.43330936786155,6.083722768761309,,,18.400000000000002,18.450000000000003,18.400000000000002,18.450000000000003,0.0005059102661980831,0.0004894838955770246,,,,
1784181600,18.400000000000002,18.46,18.35,18.35,0,0,0,0,0,0,18.450000000000003,18.11,,,,,18.375,,,,,,,,,,,81.13690239573829,78.30110400914315,81.13690239573829,78.30110400914315,83.07600580905331,82.00688085003276,83.07600580905331,82.00688085003276,96,101,96,101,-1,4,-1,4,-1,4,-1,4,96,101,96,101,0.24945794017324502,,,,,0.24945794017324502,,0.24945794017324502,,0,0,0,0,52,48,-52,-48,30.380733507936792,30.715235974041878,-0.3345024661050857,30.715235974041878,30.715235974041878,18.400000000000002,18.46,18.35,18.35,0.0004974378252983569,0.0004915104878023071,,,,
1784182800,18.35,18.35,18.3,18.3,0,0,0,0,0,0,18.450000000000003,18.11,,,,,18.325000000000003,,,,,,,,,,,80.6107302105626,78.63105060934592,80.6107302105626,78.63105060934592,81.98494733507826,81.99591409255551,81.98494733507826,81.99591409255551,96,101,96,101,-1,4,-1,4,-1,4,-1,4,96,101,96,101,0.23275245478574386,,,,,,,,,0,0,0,0,52,48,-52,-48,12.529304049518519,25.96017369190072,-13.430869642382202,,,18.35,18.35,18.3,18.3,0.00048169058759786626,0.0004925304137924055,0.00048169058759786626,18.35,,
1784183040,18.3,18.3,18.25,18.25,0,0,0,0,0,0,18.450000000000003,18.11,,,,,18.275,,,,,,,,,,,79.53666165922263,78.76042361647116,79.53666165922263,78.76042361647116,79.79662152530514,80.89626780893033,79.79662152530514,80.89626780893033,96,101,96,101,-1,4,-1,4,-1,4,-1,4,96,101,96,101,0.20332600040987853,,,,,,,,,0,0,0,0,52,48,-52,-48,-3.6120861566884948,18.453745884347423,-22.065832041035918,,,18.3,18.3,18.25,18.25,0.0004584883869142345,0.0004886228065242058,,,,
1784183520,18.25,18.25,18.2,18.2,0,0,0,0,0,0,18.450000000000003,18.11,,,,,18.225,,,,,,,,,,,77.95383219644441,78.64519627075306,77.95383219644441,78.64519627075306,76.66778085627654,78.78202433260344,76.66778085627654,78.78202433260344,96,101,96,101,-1,4,-1,4,-1,4,-1,4,96,101,96,101,0.1737988217563588,,,,,,,,,0,0,0,0,52,48,-52,-48,-16.804107288079976,5.623461028171715,-22.42756831625169,,,18.25,18.25,18.2,18.2,0.0004259529006411243,0.00047726708411643617,,,,
1784183520.001,18.2,18.2,18.15,18.15,0,0,0,0,0,0,18.450000000000003,18.11,,,,,18.174999999999997,,,,,,,,,,,75.89858188733068,78.25282278740701,75.89858188733068,78.25282278740701,72.73278459360047,75.75740446310195,72.73278459360047,75.75740446310195,96,101,96,101,-1,4,-1,4,-1,4,-1,4,96,101,96,101,0.1424337868960372,,,,,,,,,0,0,0,0,52,48,-52,-48,-28.01111097455123,-8.974500092450292,-19.036610882100938,,,18.2,18.2,18.15,18.15,0.0003931367992220613,0.0004604361276452879,,,,
1784251800,18.150000000000002,18.150000000000002,18.1,18.1,0,0,0,0,0,0,18.450000000000003,18.11,,,,,18.125,,,,,,,,,,,73.40465507804826,77.56022740035576,73.40465507804826,77.56022740035576,68.1067978220837,71.93210114259283,68.1067978220837,71.93210114259283,96,101,96,101,-1,4,-1,4,-1,4,-1,4,96,101,96,101,0.10902552240279097,,,,,,,,,0,0,0,0,52,48,-52,-48,-36.710956213902165,-21.284565158305465,-15.4263910555967,,,18.150000000000002,18.150000000000002,18.1,18.1,0.0003580190328381193,0.0004357875887519606,,,,
1784251800.001,18.1,18.1,18.05,18.05,0,0,0,0,0,0,18.450000000000003,18.11,,,,,18.075000000000003,,,,,,,,,,,70.5033858043235,76.55210717235114,70.5033858043235,76.55210717235114,60.551168319550015,66.24163473107143,60.551168319550015,66.24163473107143,96,101,96,101,-1,4,-1,4,-1,4,-1,4,96,101,96,101,0.07482181280205827,,,,,,,,,0,0,0,0,52,48,-52,-48,-43.44271731467077,-31.242222947801036,-12.200494366869737,,,18.1,18.1,18.05,18.05,0.00031783725345157154,0.00040585416011082974,,,,
1784251800.002,18.05,18.05,18,18,0,0,0,0,0,0,18.450000000000003,18.11,,,,,18.025,,,,,,,,,,,67.22386995647368,75.21950185579722,67.22386995647368,75.21950185579722,52.522119429179504,59.38187708012546,52.522119429179504,59.38187708012546,96,101,96,101,-1,4,-1,4,-1,4,-1,4,96,101,96,101,0.04103979624846824,,,,,,,,,0,0,0,0,52,48,-52,-48,-49.047527851393,-39.30307808862929,-9.744449762763708,,,18.05,18.05,18,18,0.0002769844436830966,0.00037173646945836813,,,,
1784251800.003,18,18,17.95,17.95,0,0,0,0,0,0,18.450000000000003,18.11,,,,,17.975,,,,,,,,,,,63.59312514693631,73.55859089738853,63.59312514693631,73.55859089738853,45.579183600361134,52.4805303402433,45.579183600361134,52.4805303402433,96,101,96,101,-1,4,-1,4,-1,4,-1,4,96,101,96,101,0.008321420750951896,,,,,,,,,0,0,0,0,52,48,-52,-48,-53.31901867841138,-45.63005501459433,-7.688963663817049,,,18,18,17.95,17.95,0.00023609040890618433,0.0003346701397903597,,,,
1784251800.004,17.95,17.95,17.9,17.9,0,0,0,0,0,0,18.450000000000003,18.11,,,,,17.924999999999997,,,,,,,,,,,59.636239158689065,71.56968350614575,59.636239158689065,71.56968350614575,39.57807573908513,46.029303039664214,39.57807573908513,46.029303039664214,96,101,96,101,-1,4,-1,4,-1,4,-1,4,96,101,96,101,-0.023040816569395592,,,,,,,,,0,0,0,0,52,48,-52,-48,-56.57004880665811,-50.594828162783315,-5.975220643874792,,,17.95,17.95,17.9,17.9,0.00018671212965026953,0.00029479667795855063,,,,
1784251800.005,17.900000000000002,17.900000000000002,17.85,17.85,0,0,0,0,0,0,18.450000000000003,18.11,,,,,17.875,,,,,,,,,,,55.37650779021128,69.25637268958369,55.37650779021128,69.25637268958369,34.39244899415735,40.21087601691078,34.39244899415735,40.21087601691078,96,101,96,101,-1,4,-1,4,-1,4,-1,4,96,101,96,101,-0.05361987069610638,,,,,,,,,0,0,0,0,52,48,-52,-48,-59.040939690317934,-54.49438375669511,-4.546555933622827,,,17.900000000000002,17.900000000000002,17.85,17.85,0.00013579680572534114,0.0002519066790424306,,,,
1784251800.006,17.85,17.85,17.8,17.8,0,0,0,0,0,0,18.450000000000003,18.11,,,,,17.825000000000003,,,,,,,,,,,51.42104294805333,66.70846844079364,51.42104294805333,66.70846844079364,29.912142427892437,35.06150922240161,29.912142427892437,35.06150922240161,96,101,96,101,-1,4,-1,4,-1,4,-1,4,96,101,96,101,-0.08395497076358693,,,,,,,,,0,0,0,0,52,48,-52,-48,-60.38550659991766,-57.32887844382627,-3.056628156091392,,,17.85,17.85,17.8,17.8,0.00009015689347454772,0.000207262989148502,,,,
1784251800.007,17.8,17.8,17.75,17.75,0,0,0,0,0,0,18.450000000000003,18.11,,,,,17.775,,,,,,,,,,,47.74811130890667,63.999845993381214,47.74811130890667,63.999845993381214,26.041393710829325,30.551451466615468,26.041393710829325,30.551451466615468,96,101,96,101,-1,4,-1,4,-1,4,-1,4,96,101,96,101,-0.1135227004144951,,,,,,,,,0,0,0,0,52,48,-52,-48,-61.17442218230676,-59.29272931980012,-1.8816928625066467,,,17.8,17.8,17.75,17.75,0.000045833768925093505,0.00016192907506075565,,,,
1784251800.008,17.75,17.75,17.7,17.7,0,0,0,0,0,0,18.450000000000003,18.11,,,,,17.725,,,,,,,,,,,44.33753192969905,61.19094398428376,44.33753192969905,61.19094398428376,22.69713445890633,26.624292962760897,22.69713445890633,26.624292962760897,96,101,96,101,-1,4,-1,4,-1,4,-1,4,96,101,96,101,-0.14194368492862203,,,,,,,,,0,0,0,0,52,48,-52,-48,-61.70113843164397,-60.57550172604658,-1.1256367055973868,,,17.75,17.75,17.7,17.7,-0.000001193854719025186,0.00011556602532706866,,,,
1784251800.009,17.7,17.7,17.65,17.65,0,0,0,0,0,0,18.450000000000003,18.11,,,,,17.674999999999997,,,,,,,,,,,41.17056536329197,58.33088989557065,41.17056536329197,58.33088989557065,19.807420365129644,23.21585666394527,19.807420365129644,23.21585666394527,96,101,96,101,-1,4,-1,4,-1,4,-1,4,96,101,96,101,-0.16927604194986703,,,,,,,,,0,0,0,0,52,48,-52,-48,-62.14942265471714,-61.35262246714638,-0.79680018757076,,,17.7,17.7,17.65,17.65,-0.00004089562676624512,0.00006940168604833043,,,,
1784251800.01,17.650000000000002,17.650000000000002,17.6,17.6,0,0,0,0,0,0,18.450000000000003,18.11,,,,,17.625,,,,,,,,,,,38.2298106944854,55.45930715255848,38.2298106944854,55.45930715255848,17.310014798018152,20.26293573098171,17.310014798018152,20.26293573098171,96,101,96,101,-1,4,-1,4,-1,4,-1,4,96,101,96,101,-0.19549892074896047,,,,,,,,,0,0,0,0,52,48,-52,-48,-62.54680515337216,-61.892947105510004,-0.6538580478621583,,,17.650000000000002,17.650000000000002,17.6,17.6,-0.00008716727333816874,0.000023755118883590555,,,,
1784252040,17.6,17.6,17.55,17.55,0,0,0,0,0,0,18.450000000000003,18.11,,,,,17.575000000000003,,,,,,,,,,,35.49910993059358,52.60785040656349,35.49910993059358,52.60785040656349,15.15112728370158,17.707031507341647,15.15112728370158,17.707031507341647,96,101,96,101,-1,4,-1,4,-1,4,-1,4,96,101,96,101,-0.19756300635916946,,,,,,,,,0,0,0,0,52,48,-52,-48,-62.9265558139184,-62.33098051341292,-0.5955753005054802,,,17.6,17.6,17.55,17.55,-0.0001337279701966989,-0.000021165677103416136,,,,
1784252040.001,17.55,17.55,17.5,17.5,0,0,0,0,0,0,18.450000000000003,18.11,,,,,17.525,,,,,,,,,,,32.96345922126547,49.80150880866377,32.96345922126547,49.80150880866377,13.28429957650611,15.495665541923877,13.28429957650611,15.495665541923877,96,101,96,101,-1,4,-1,4,-1,4,-1,4,96,101,96,101,-0.19618135968613148,,,,,,,,,0,0,0,0,52,48,-52,-48,-63.29807329224751,-62.7302142285638,-0.5678590636837058,,,17.55,17.55,17.5,17.5,-0.00017700382229283372,-0.00006569246306464637,,,,
1784252040.002,17.5,17.5,17.45,17.45,0,0,0,0,0,0,18.450000000000003,18.11,,,,,17.475,,,,,,,,,,,30.608926419746503,47.059711324532735,30.608926419746503,47.059711324532735,11.66942792554837,13.582546733736123,11.66942792554837,13.582546733736123,96,101,96,101,-1,4,-1,4,-1,4,-1,4,96,101,96,101,-0.21446950842505574,,,,,,,,,0,0,0,0,52,48,-52,-48,-63.659891904151216,-63.10783154092232,-0.5520603632288967,,,17.5,17.5,17.45,17.45,-0.00021987793630138456,-0.00010997774726905938,,,,
1784252040.003,17.45,17.45,17.4,17.4,0,0,0,0,0,0,18.450000000000003,18.11,,,,,17.424999999999997,,,,,,,,,,,28.422574532621752,44.397263211402596,28.422574532621752,44.397263211402596,10.271908572302957,11.92722765301954,10.271908572302957,11.92722765301954,96,101,96,101,-1,4,-1,4,-1,4,-1,4,96,101,96,101,-0.23938240910624853,-0.23938240910624853,,-0.23938240910624853,,,,,,0,0,0,0,52,48,-52,-48,-64.00673753460863,-63.47281463623145,-0.5339228983771847,,,17.45,17.45,17.4,17.4,-0.0002638084040517845,-0.00015374683882451925,,,,
1784252280,17.45,17.5,17.45,17.5,0,0,0,0,0,0,18.450000000000003,18.11,,,,,17.475,,,,,,,,,,,27.066245084873845,41.92140347904135,27.066245084873845,41.92140347904135,9.88266017787695,10.904943915448245,9.88266017787695,10.904943915448245,96,101,96,101,-1,4,-1,4,-1,4,-1,4,96,101,96,101,-0.2243321127583123,,,,,,,,,0,0,0,0,52,48,-52,-48,-57.228347786503384,-62.048262629377696,4.8199148428743115,-62.048262629377696,-62.048262629377696,17.45,17.5,17.45,17.5,-0.0002832285795460697,-0.00019413566428782335,,,,
1784252520,17.45,17.45,17.4,17.4,0,0,0,0,0,0,18.450000000000003,18.11,,,,,17.424999999999997,,,,,,,,,,,25.132941864525716,39.523051819824836,25.132941864525716,39.523051819824836,8.740393360013169,9.822668637730708,8.740393360013169,9.822668637730708,96,101,96,101,-1,4,-1,4,-1,4,-1,4,96,101,96,101,-0.21903895520309985,,,,,,,,,0,0,0,0,52,48,-52,-48,-57.486752351216936,-60.59543239412005,3.108680042903117,,,17.45,17.45,17.4,17.4,-0.00031503421963936356,-0.00023211348867135584,,,,
1784252760,17.45,17.5,17.45,17.5,0,0,0,0,0,0,18.450000000000003,18.11,,,,,17.475,,,,,,,,,,,24.011586178784665,37.3071281568191,24.011586178784665,37.3071281568191,8.569932853057132,9.19630074539392,8.569932853057132,9.19630074539392,96,101,96,101,-1,4,-1,4,-1,4,-1,4,96,101,96,101,-0.20739206769718896,,,,,,,,,0,0,0,0,52,48,-52,-48,-48.894815970724224,-56.9041634107633,8.009347440039079,,,17.45,17.5,17.45,17.5,-0.0003275538992651886,-0.0002644178101827708,,,,
1784253000,17.5,17.55,17.5,17.55,0,0,0,0,0,0,18.450000000000003,18.11,,,,,17.525,,,,,,,,,,,23.30725455145909,35.30714621319624,23.30725455145909,35.30714621319624,9.097678294534177,9.146989519964048,9.097678294534177,9.146989519964048,96,101,96,101,-1,4,-1,4,-1,4,-1,4,96,101,96,101,-0.17350115988255643,,,,,,,,,0,0,0,0,52,48,-52,-48,-34.50858303894648,-49.52962478684777,15.021041747901286,,,17.5,17.55,17.5,17.55,-0.0003271254799350636,-0.00028943808645647576,,,,
1784253480,17.5,17.5,17.45,17.45,0,0,0,0,0,0,17.55,17.4,,,,,17.475,,,,,,,,,,,21.979377878645977,33.40317930826049,21.979377878645977,33.40317930826049,8.741406193158676,8.944197856561363,8.741406193158676,8.944197856561363,96,101,96,101,-1,4,-1,4,-1,4,-1,4,96,101,96,101,-0.18110989575233805,,,,,,,,,0,0,0,0,52,48,-52,-48,-34.56497939389535,-43.86378268869576,9.298803294800408,,,17.5,17.5,17.45,17.45,-0.0003375041415759336,-0.0003090424540022339,,,,
1784253720,17.5,17.55,17.5,17.55,0,0,0,0,0,0,17.55,17.4,,,,,17.525,,,,,,,,,,,21.420203987044594,31.691325690943934,21.420203987044594,31.691325690943934,9.244655443192643,9.094426649877004,9.244655443192643,9.094426649877004,96,101,96,101,-1,4,-1,4,-1,4,-1,4,96,101,96,101,-0.1699825103243609,,,,,,,,,0,0,0,0,52,48,-52,-48,-22.339685797418895,-35.07701605024625,12.737330252827356,,,17.5,17.55,17.5,17.55,-0.0003315054119947293,-0.0003203252886593914,,,,
1784255160,17.5,17.5,17.45,17.45,0,0,0,0,0,0,17.55,17.4,,,,,17.475,,,,,,,,,,,20.22711664026109,30.053581540846388,20.22711664026109,30.053581540846388,8.867386606294504,8.980906628085755,8.867386606294504,8.980906628085755,96,101,96,101,-1,4,-1,4,-1,4,-1,4,96,101,96,101,-0.15264404617433608,,,,,-0.15264404617433608,,-0.15264404617433608,,0,0,0,0,52,48,-52,-48,-25.869578717433754,-29.320706736923633,3.451128019489879,,,17.5,17.5,17.45,17.45,-0.00033486575232456896,-0.00032893148412247467,,,,
1784255640,17.45,17.45,17.4,17.4,0,0,0,0,0,0,17.55,17.4,,,,,17.424999999999997,,,,,,,,,,,18.782322594528157,28.443401691372355,18.782322594528157,28.443401691372355,7.8701588700853575,8.425532749085557,7.8701588700853575,8.425532749085557,96,101,96,101,-1,4,-1,4,-1,4,-1,4,96,101,96,101,-0.15817947901923746,,,,,,,,,0,0,0,0,52,48,-52,-48,-34.30815699962972,-29.27060022709444,-5.037556772535282,-29.27060022709444,-29.27060022709444,17.45,17.45,17.4,17.4,-0.00034543551589714776,-0.00033399836683210534,,,,
1784256120,17.400000000000002,17.400000000000002,17.35,17.35,0,0,0,0,0,0,17.55,17.4,,,,,17.375,,,,,,,,,,,17.440728123490434,26.871591181674937,17.440728123490434,26.871591181674937,7.0032507174734615,7.714391733279509,7.0032507174734615,7.714391733279509,96,101,96,101,-1,4,-1,4,-1,4,-1,4,96,101,96,101,-0.17227807099927586,,,,,,,,,0,0,0,0,52,48,-52,-48,-42.92466404051011,-31.360521388748133,-11.564142651761976,,,17.400000000000002,17.400000000000002,17.35,17.35,-0.00036060043393697954,-0.00033950612261073715,,,,
1784256360,17.35,17.35,17.3,17.3,1,0,0,1,0,0,17.55,17.4,,,,,17.325000000000003,,,,,,,,,,,16.194961828955403,25.346358417000715,16.194961828955403,25.346358417000715,6.249091747982174,6.9817417406308415,6.249091747982174,6.9817417406308415,96,101,96,101,-1,4,-1,4,-1,4,-1,4,96,101,96,101,-0.19410029823827182,,,,,,,,,0,0,0,0,52,48,-52,-48,-50.626447782622556,-38.43221188504905,-12.194235897573506,,,17.35,17.35,17.3,17.3,-0.00037872595124764413,-0.00034810620116283394,,,,
1784256360.001,17.3,17.3,17.25,17.25,0,0,0,0,0,0,17.55,17.4,,,,,17.275,,,,,,,,,,,15.038178841172876,23.873761334739594,15.038178841172876,23.873761334739594,5.5924918642680685,6.2871168024494555,5.5924918642680685,6.2871168024494555,96,101,96,101,-1,4,-1,4,-1,4,-1,4,96,101,96,101,-0.20159912611941366,-0.20159912611941366,-0.20159912611941366,-0.20159912611941366,,,,,,0,0,0,0,52,48,-52,-48,-56.51068107000034,-46.092487473190694,-10.418193596809644,,,17.3,17.3,17.25,17.25,-0.0004016120295295666,-0.0003587908491551061,,,,
1784257080,17.3,17.35,17.23,17.35,0,0,0,0,0,0,17.55,17.4,,,,,17.325000000000003,,,,,,,,,,,14.660887321158791,22.55763647565662,14.660887321158791,22.55763647565662,5.792403014901068,6.039759908675261,5.792403014901068,6.039759908675261,96,101,96,101,-1,4,-1,4,-1,4,-1,4,96,101,96,101,-0.17956416783998647,,,,,,,,,0,0,0,0,52,48,-52,-48,-54.61660783707057,-51.16960018255091,-3.447007654519659,,,17.3,17.35,17.23,17.35,-0.0004088731499291661,-0.0003716854721441789,,,,
1784257080.001,17.35,17.400000000000002,17.35,17.400000000000002,0,0,0,0,0,0,17.55,17.4,,,,,17.375,,,,,,,,,,,14.600905241889038,21.420960585118394,14.600905241889038,21.420960585118394,6.70707714866087,6.373418528668066,6.70707714866087,6.373418528668066,96,101,96,101,-1,4,-1,4,-1,4,-1,4,96,101,96,101,-0.1434254571585596,,,,,,,,,0,0,0,0,52,48,-52,-48,-43.220358948125444,-51.24352390945474,8.023164961329293,-51.24352390945474,-51.24352390945474,17.35,17.400000000000002,17.35,17.400000000000002,-0.000407023874233576,-0.00038371182579568006,,,,
1784257320,17.400000000000002,17.450000000000003,17.400000000000002,17.450000000000003,0,0,0,0,0,0,17.55,17.4,,,,,17.425000000000004,,,,,,,,,,,14.835567643310451,20.480190164860115,14.835567643310451,20.480190164860115,8.071803641941637,7.222611085304852,8.071803641941637,7.222611085304852,96,101,96,101,-1,4,-1,4,-1,4,-1,4,96,101,96,101,-0.12149866500718572,,,,,,,,,0,0,0,0,52,48,-52,-48,-27.37611488794157,-45.43094068578449,18.054825797842923,,,17.400000000000002,17.450000000000003,17.400000000000002,17.450000000000003,-0.00040104722885632373,-0.00039298044462220946,,,,
1784257320.001,17.45,17.5,17.45,17.5,0,0,0,0,0,0,17.55,17.4,,,,,17.475,,,,,,,,,,,15.343828491087924,19.746424211464085,15.343828491087924,19.746424211464085,10.107464346154053,8.665037715729452,10.107464346154053,8.665037715729452,96,101,96,101,-1,4,-1,4,-1,4,-1,4,96,101,96,101,-0.10284047195649676,,,,,,,,,0,0,0,0,52,48,-52,-48,-11.433777234249769,-34.161714726846846,22.72793749259708,,,17.45,17.5,17.45,17.5,-0.0003902653024496562,-0.0003979245893743222,,,-0.0003902653024496562,17.45
1784257320.002,17.5,17.55,17.5,17.55,0,0,0,0,0,0,17.55,17.4,,,,,17.525,,,,,,,,,,,16.10614503905319,19.226384329691097,16.10614503905319,19.226384329691097,12.66888132207064,10.666959518900047,12.66888132207064,10.666959518900047,96,101,96,101,-1,4,-1,4,-1,4,-1,4,96,101,96,101,-0.07371487253414272,,,,,,,,,0,0,0,0,52,48,-52,-48,2.786775169071987,-19.81086897531121,22.597644144383196,,,17.5,17.55,17.5,17.55,-0.0003667164852310516,-0.0003959230117048901,,,,
1784257560,17.55,17.6,17.55,17.6,0,0,0,0,0,0,17.55,17.4,,,,,17.575000000000003,,,,,,,,,,,17.104370451478548,18.923239489946447,17.104370451478548,18.923239489946447,15.761001917517152,13.2139807182086,15.761001917517152,13.2139807182086,96,101,96,101,-1,4,-1,4,-1,4,-1,4,96,101,96,101,-0.03569395832577006,,,,,,,,,0,0,0,0,52,48,-52,-48,14.780955796339997,-5.310540289194851,20.09149608553485,,,17.55,17.6,17.55,17.6,-0.0003426772969545853,-0.00038610055627572655,,,,
1784258280,17.6,17.650000000000002,17.6,17.650000000000002,0,0,0,0,0,0,17.55,17.4,,,,,17.625,,,,,,,,,,,18.321654095188276,18.837298719266705,18.321654095188276,18.837298719266705,19.40044641530929,16.307213566758946,19.40044641530929,16.307213566758946,96,101,96,101,-1,4,-1,4,-1,4,-1,4,96,101,96,101,0.0005488283663736271,,,,,,,,,0,0,0,0,52,48,-52,-48,25.395049158075732,7.882250722309476,17.512798435766257,,,17.6,17.650000000000002,17.6,17.650000000000002,-0.00030916704820111113,-0.00036948287265438405,,,,
1784258280.001,17.650000000000002,17.700000000000003,17.650000000000002,17.700000000000003,0,0,0,0,0,0,17.55,17.4,,,,,17.675000000000004,,,,,,,,,,,19.742348953662063,18.966591609894614,19.742348953662063,18.966591609894614,23.616531710016687,19.961872638387817,23.616531710016687,19.961872638387817,96,101,96,101,-1,4,-1,4,-1,4,-1,4,96,101,96,101,0.03489822358620158,,,,,,,,,0,0,0,0,52,48,-52,-48,33.893214190643306,19.213998578532745,14.67921561211056,,,17.650000000000002,17.700000000000003,17.650000000000002,17.700000000000003,-0.0002674478336448511,-0.00034622019922292993,,,,
1784258760,17.650000000000002,17.650000000000002,17.6,17.6,0,0,0,0,0,0,17.55,17.4,,,,,17.625,,,,,,,,,,,20.48084551504393,19.182913596344516,20.48084551504393,19.182913596344516,26.646682352428158,23.304277495407987,26.646682352428158,23.304277495407987,96,101,96,101,-1,4,-1,4,-1,4,-1,4,96,101,96,101,0.035262396053424135,,,,,0.035262396053424135,,0.035262396053424135,,0,0,0,0,52,48,-52,-48,33.12157108805195,26.797697558277733,6.323873529774218,,,17.650000000000002,17.650000000000002,17.6,17.6,-0.0002489725012332582,-0.00032087441128575227,,,,
1784264400,17.6,17.6,17.55,17.55,0,0,0,0,0,0,17.55,17.4,,,,,17.575000000000003,,,,,,,,,,,20.876232275583764,19.424816264807266,20.876232275583764,19.424816264807266,28.76335839267361,26.0338179440408,28.76335839267361,26.0338179440408,96,101,96,101,-1,4,-1,4,-1,4,-1,4,96,101,96,101,0.004091625042978945,,,,,,,,,0,0,0,0,52,48,-52,-48,26.261070913282172,29.66772633751328,-3.406655424231108,29.66772633751328,29.66772633751328,17.6,17.6,17.55,17.55,-0.00023479201358803196,-0.00029496219647548157,,,,
1784264400.001,17.55,17.55,17.5,17.5,0,0,0,0,0,0,17.55,17.4,,,,,17.525,,,,,,,,,,,20.953017078198855,19.64313066672035,20.953017078198855,19.64313066672035,30.034641145482748,28.03422954476177,30.034641145482748,28.03422954476177,96,101,96,101,-1,4,-1,4,-1,4,-1,4,96,101,96,101,-0.025817839349139362,,,,,,,,,0,0,0,0,52,48,-52,-48,14.557328045662908,26.95829605941007,-12.400968013747162,,,17.55,17.55,17.5,17.5,-0.00022949721296480595,-0.00027209231776444067,,,,
1784264400.002,17.5,17.5,17.45,17.45,0,0,0,0,0,0,17.55,17.4,,,,,17.475,,,,,,,,,,,20.733957205598113,19.79896302941717,20.733957205598113,19.79896302941717,30.505882886604237,29.270056215683006,30.505882886604237,29.270056215683006,96,101,96,101,-1,4,-1,4,-1,4,-1,4,96,101,96,101,-0.03844090915244118,,,,,,,,,0,0,0,0,52,48,-52,-48,0.28075154675875247,18.555180398438935,-18.274428851680184,,,17.5,17.5,17.45,17.45,-0.00023698212191730332,-0.000254476455258227,,,,
1784264880,17.45,17.45,17.4,17.4,0,0,0,0,0,0,17.650000000000002,17.4,,,,,17.424999999999997,,,,,,,,,,,20.24018442029696,19.861994656685713,20.24018442029696,19.861994656685713,30.199072324978488,29.734564270330747,30.199072324978488,29.734564270330747,96,101,96,101,-1,4,-1,4,-1,4,-1,4,96,101,96,101,-0.04418161737590226,,,,,,,,,0,0,0,0,52,48,-52,-48,-12.979603779680813,7.02988668150574,-20.00949046118655,,,17.45,17.45,17.4,17.4,-0.00025200827990404684,-0.00024494999387538293,,,,
1784265120,17.400000000000002,17.400000000000002,17.35,17.35,0,0,0,0,0,0,17.650000000000002,17.4,,,,,17.375,,,,,,,,,,,19.49132107320258,19.809041287616697,19.49132107320258,19.809041287616697,29.11072558730884,29.422644928819793,29.11072558730884,29.422644928819793,96,101,96,101,-1,4,-1,4,-1,4,-1,4,96,101,96,101,-0.054620051715066925,-0.054620051715066925,,-0.054620051715066925,,,,,,0,0,0,0,52,48,-52,-48,-24.261412886497233,-5.600734268439098,-18.660678618058135,,,17.400000000000002,17.400000000000002,17.35,17.35,-0.0002743232852354652,-0.0002460959024738186,,,,
1784265600,17.400000000000002,17.450000000000003,17.400000000000002,17.450000000000003,0,0,0,0,0,0,17.650000000000002,17.4,,,,,17.425000000000004,,,,,,,,,,,19.376668058101593,19.747273683400255,19.376668058101593,19.747273683400255,29.964581831728445,29.69361338027412,29.964581831728445,29.69361338027412,96,101,96,101,-1,4,-1,4,-1,4,-1,4,96,101,96,101,-0.02639866089309981,,,,,,,,,0,0,0,0,52,48,-52,-48,-24.165580447329567,-15.281461391687216,-8.884119055642351,,,17.400000000000002,17.450000000000003,17.400000000000002,17.450000000000003,-0.00028947151608480577,-0.0002528457382824099,,,,
1784266560,17.400000000000002,17.47,17.35,17.35,0,0,0,0,0,0,17.650000000000002,17.4,,,,,17.375,,,,,,,,,,,18.689484451164027,19.596160935937938,18.689484451164027,19.596160935937938,29.914696515107995,29.804154947691057,29.914696515107995,29.804154947691057,96,101,96,101,-1,4,-1,4,-1,4,-1,4,96,101,96,101,-0.00026905001381562644,,,,,,,,,0,0,0,0,52,48,-52,-48,-28.634004881024303,-22.510150498632978,-6.123854382391325,,,17.400000000000002,17.47,17.35,17.35,-0.00031225277519637585,-0.0002657558652171339,,,,
1784266560.001,17.35,17.35,17.3,17.3,0,0,0,0,0,0,17.650000000000002,17.4,,,,,17.325000000000003,,,,,,,,,,,17.761025341121535,19.333998708107025,17.761025341121535,19.333998708107025,28.376730751551516,29.090442849621287,28.376730751551516,29.090442849621287,96,101,96,101,-1,4,-1,4,-1,4,-1,4,96,101,96,101,0.006300136367181432,,,,,,,,,0,0,0,0,52,48,-52,-48,-37.274920298506075,-28.583979628339293,-8.690940670166782,,,17.35,17.35,17.3,17.3,-0.0003386446640598292,-0.00028394710706630444,,,,
1784267760,17.35,17.400000000000002,17.26,17.400000000000002,0,0,0,0,0,0,17.650000000000002,17.4,,,,,17.375,,,,,,,,,,,17.47960483185444,19.0690852972138,17.47960483185444,19.0690852972138,28.335070127469713,28.7127564885455,28.335070127469713,28.7127564885455,96,101,96,101,-1,4,-1,4,-1,4,-1,4,96,101,96,101,0.042340958430388,,,,,,,,,0,0,0,0,52,48,-52,-48,-37.987226656901456,-32.01543307094035,-5.971793585961109,,,17.35,17.400000000000002,17.26,17.400000000000002,-0.00035028654141851674,-0.00030283117698317333,,,,
1784268000,17.400000000000002,17.450000000000003,17.400000000000002,17.450000000000003,0,0,0,0,0,0,17.650000000000002,17.4,,,,,17.425000000000004,,,,,,,,,,,17.50864583399261,18.846165373896486,17.50864583399261,18.846165373896486,30.366230322025764,29.539493405285633,30.366230322025764,29.539493405285633,96,101,96,101,-1,4,-1,4,-1,4,-1,4,96,101,96,101,0.06422699100690354,,,,,,,,,0,0,0,0,52,48,-52,-48,-27.321199410154733,-32.80433781164664,5.483138401491907,-32.80433781164664,-32.80433781164664,17.400000000000002,17.450000000000003,17.400000000000002,17.450000000000003,-0.00035198378575755055,-0.00031949376129209063,,,,
1784268000.001,17.45,17.5,17.45,17.5,0,0,0,0,0,0,17.650000000000002,17.4,,,,,17.475,,,,,,,,,,,17.825972525292787,18.700423538381674,17.825972525292787,18.700423538381674,33.62698161340806,31.583237509346848,33.62698161340806,31.583237509346848,96,101,96,101,-1,4,-1,4,-1,4,-1,4,96,101,96,101,0.0708112223065205,,,,,,,,,0,0,0,0,52,48,-52,-48,-13.751363274871679,-29.083677410108486,15.332314135236807,,,17.45,17.5,17.45,17.5,-0.0003439449214192802,-0.00033109736732272647,,,,
1784268000.002,17.5,17.55,17.5,17.55,0,0,0,0,0,0,17.650000000000002,17.4,,,,,17.525,,,,,,,,,,,18.410993070814847,18.65907632872927,18.410993070814847,18.65907632872927,37.94166813064154,34.762452819994195,37.94166813064154,34.762452819994195,96,101,96,101,-1,4,-1,4,-1,4,-1,4,96,101,96,101,0.05874411106373368,,,,,,,,,0,0,0,0,52,48,-52,-48,-0.3222415576639932,-19.845507724897963,19.52326616723397,,,17.5,17.55,17.5,17.55,-0.00033088178716450837,-0.0003379990791693435,,,-0.00033088178716450837,17.5
1784269200,17.55,17.6,17.55,17.6,0,0,0,0,0,0,17.650000000000002,17.4,,,,,17.575000000000003,,,,,,,,,,,19.244586480971513,18.74272063619245,19.244586480971513,18.74272063619245,43.15972769860459,38.9610902592994,43.15972769860459,38.9610902592994,96,101,96,101,-1,4,-1,4,-1,4,-1,4,96,101,96,101,0.05755070396859509,,,,,,,,,0,0,0,0,52,48,-52,-48,12.40835106179916,-7.2466132952228115,19.65496435702197,,,17.55,17.6,17.55,17.6,-0.0003053407199646232,-0.0003368470699640514,,,,
1784269200.001,17.6,17.650000000000002,17.6,17.650000000000002,0,0,0,0,0,0,17.650000000000002,17.400000000000002,,,,,17.625,,,,,,,,,,,20.30899755114603,18.96647448118582,20.30899755114603,18.96647448118582,49.15210702433585,44.05659864181762,49.15210702433585,44.05659864181762,96,101,96,101,-1,4,-1,4,-1,4,-1,4,96,101,96,101,0.08010608668186767,,,,,,,,,0,0,0,0,52,48,-52,-48,23.00537245138588,5.335029670162342,17.67034278122354,,,17.6,17.650000000000002,17.6,17.650000000000002,-0.00026957220033232455,-0.000325334992676134,,,,
1784269680,17.6,17.67,17.55,17.55,0,0,0,0,0,0,17.650000000000002,17.400000000000002,,,,,17.575000000000003,,,,,,,,,,,20.716659166250004,19.21650086476642,20.716659166250004,19.21650086476642,52.89025586888364,48.47342725535063,52.89025586888364,48.47342725535063,96,101,96,101,-1,4,-1,4,-1,4,-1,4,96,101,96,101,0.08467444168168867,,,,,,,,,0,0,0,0,52,48,-52,-48,25.363201393437773,15.113670837239706,10.249530556198067,,,17.6,17.67,17.55,17.55,-0.00025410457349295306,-0.00030930466468854004,,,,
1784270160,17.55,17.55,17.5,17.5,0,0,0,0,0,0,17.650000000000002,17.400000000000002,,,,,17.525,,,,,,,,,,,20.80484204810322,19.443406748100248,20.80484204810322,19.443406748100248,54.14909469612512,51.31126097573787,54.14909469612512,51.31126097573787,96,101,96,101,-1,4,-1,4,-1,4,-1,4,96,101,96,101,0.07500700922926895,,,,,,,,,0,0,0,0,52,48,-52,-48,18.20038845533969,19.74432834049063,-1.5439398851509374,19.74432834049063,19.74432834049063,17.55,17.55,17.5,17.5,-0.0002468908962727575,-0.00029178918310774124,,,,
1784270640,17.5,17.5,17.45,17.45,0,0,0,0,0,0,17.650000000000002,17.400000000000002,,,,,17.475,,,,,,,,,,,20.5963661062236,19.608115227832155,20.5963661062236,19.608115227832155,53.70834256628345,52.50980177101066,53.70834256628345,52.50980177101066,96,101,96,101,-1,4,-1,4,-1,4,-1,4,96,101,96,101,0.07027988013102618,,,,,,,,,0,0,0,0,52,48,-52,-48,6.355801815386096,18.231191028887363,-11.875389213501267,,,17.5,17.5,17.45,17.45,-0.00024737548087414913,-0.0002756942763502194,,,,
1784270880,17.45,17.45,17.4,17.4,0,0,0,0,0,0,17.650000000000002,17.400000000000002,,,,,17.424999999999997,,,,,,,,,,,20.112421256592054,19.680158946226424,20.112421256592054,19.680158946226424,51.810798187513484,52.16029997926207,51.810798187513484,52.16029997926207,96,101,96,101,-1,4,-1,4,-1,4,-1,4,96,101,96,101,0.06592483487245156,,,,,,,,,0,0,0,0,52,48,-52,-48,-6.277619754047167,10.910442977529103,-17.18806273157627,,,17.45,17.45,17.4,17.4,-0.0002583772067616337,-0.00026361017961640693,,,,
1784270880.001,17.400000000000002,17.400000000000002,17.35,17.35,0,0,0,0,0,0,17.650000000000002,17.400000000000002,,,,,17.375,,,,,,,,,,,19.372683849762314,19.636233932445837,19.372683849762314,19.636233932445837,48.66457473823355,50.41243735874781,48.66457473823355,50.41243735874781,96,101,96,101,-1,4,-1,4,-1,4,-1,4,96,101,96,101,0.06303463611991883,0.06303463611991883,,0.06303463611991883,,,,,,0,0,0,0,52,48,-52,-48,-17.783244959237564,0.12383138936026405,-17.907076348597826,,,17.400000000000002,17.400000000000002,17.35,17.35,-0.0002744676344231486,-0.0002584646653594945,,,,
1784511000,17.400000000000002,17.450000000000003,17.400000000000002,17.450000000000003,0,0,0,0,0,0,17.650000000000002,17.400000000000002,,,,,17.425000000000004,,,,,,,,,,,19.266504922049922,19.58341550238928,19.266504922049922,19.58341550238928,47.79151998839477,49.10197867357129,47.79151998839477,49.10197867357129,96,101,96,101,-1,4,-1,4,-1,4,-1,4,96,101,96,101,0.08735993024518182,,,,,,,,,0,0,0,0,52,48,-52,-48,-17.99085655210919,-8.923979862501957,-9.066876689607232,,,17.400000000000002,17.450000000000003,17.400000000000002,17.450000000000003,-0.00027584868327456543,-0.000259510745849868,,,,
1784511000.001,17.45,17.5,17.45,17.5,0,0,0,0,0,0,17.650000000000002,17.400000000000002,,,,,17.475,,,,,,,,,,,19.612264774556557,19.587536826984604,19.612264774556557,19.587536826984604,48.5629441845815,48.83246142907639,48.5629441845815,48.83246142907639,96,101,96,101,-1,4,-1,4,-1,4,-1,4,96,101,96,101,0.12604168725920972,,,,,,,,,0,0,0,0,52,48,-52,-48,-10.111284130056461,-13.040751348862596,2.929467218806135,-13.040751348862596,-13.040751348862596,17.45,17.5,17.45,17.5,-0.0002685366688169922,-0.0002619160950705412,,,,
1784511000.002,17.5,17.55,17.5,17.55,0,0,0,0,0,0,17.650000000000002,17.400000000000002,,,,,17.525,,,,,,,,,,,20.347570294665,19.69611303665323,20.347570294665,19.69611303665323,50.74392176307591,49.788191596076146,50.74392176307591,49.788191596076146,96,101,96,101,-1,4,-1,4,-1,4,-1,4,96,101,96,101,0.1571294714738075,,,,,,,,,0,0,0,0,52,48,-52,-48,2.133569684772418,-10.937953989157698,13.071523673930116,,,17.5,17.55,17.5,17.55,-0.0002604286330684555,-0.00026417238453649083,,,-0.0002604286330684555,17.5
1784511000.003,17.55,17.6,17.55,17.6,0,0,0,0,0,0,17.650000000000002,17.400000000000002,,,,,17.575000000000003,,,,,,,,,,,21.485208831040474,19.951698150137123,21.485208831040474,19.951698150137123,54.13308795497691,51.96063977552653,54.13308795497691,51.96063977552653,96,101,96,101,-1,4,-1,4,-1,4,-1,4,96,101,96,101,0.18385734559565292,,,,,,,,,0,0,0,0,52,48,-52,-48,14.673046106638083,-2.8238812226887875,17.49692732932687,,,17.55,17.6,17.55,17.6,-0.00025000505343649815,-0.0002646106466302157,,,,
1784511000.004,17.6,17.650000000000002,17.6,17.650000000000002,0,0,0,0,0,0,17.650000000000002,17.400000000000002,,,,,17.625,,,,,,,,,,,23.04333456254938,20.393360494767446,23.04333456254938,20.393360494767446,58.557844386940694,55.25924208123361,58.557844386940694,55.25924208123361,96,101,96,101,-1,4,-1,4,-1,4,-1,4,96,101,96,101,0.20921981509208784,,,,,,,,,0,0,0,0,52,48,-52,-48,25.65865498642542,8.088496661944866,17.570158324480555,,,17.6,17.650000000000002,17.6,17.650000000000002,-0.00023278597806225925,-0.0002603454418469866,,,,
1784511000.005,17.650000000000002,17.700000000000003,17.650000000000002,17.700000000000003,0,0,0,0,0,0,17.650000000000002,17.400000000000002,,,,,17.675000000000004,,,,,,,,,,,25.04645041677723,21.058087626483125,25.04645041677723,21.058087626483125,63.87024959610116,59.564745838667385,63.87024959610116,59.564745838667385,96,101,96,101,-1,4,-1,4,-1,4,-1,4,96,101,96,101,0.23343776271233702,,,,,,,,,0,0,0,0,52,48,-52,-48,35.36924159531878,19.458628093288674,15.91061350203011,,,17.650000000000002,17.700000000000003,17.650000000000002,17.700000000000003,-0.00020785947344034307,-0.0002492440816831857,,,,
1784511000.006,17.7,17.75,17.7,17.75,0,0,0,0,0,0,17.650000000000002,17.400000000000002,,,,,17.725,,,,,,,,,,,27.526712168616616,21.98217684678791,27.526712168616616,21.98217684678791,68.44855213193512,64.00664898530125,68.44855213193512,64.00664898530125,96,101,96,101,-1,4,-1,4,-1,4,-1,4,96,101,96,101,0.25650847656992865,,,,,0.25650847656992865,,0.25650847656992865,,0,0,0,0,52,48,-52,-48,43.00064936577272,29.67539801353875,13.325251352233973,,,17.7,17.75,17.7,17.75,-0.0001761944872436473,-0.00023263504901136598,,,,
1784511000.007,17.75,17.8,17.75,17.8,0,0,0,0,0,0,17.650000000000002,17.400000000000002,,,,,17.775,,,,,,,,,,,30.525675236711944,23.20267661677706,30.525675236711944,23.20267661677706,72.42680129827244,68.21672514178684,72.42680129827244,68.21672514178684,96,101,96,101,-1,4,-1,4,-1,4,-1,4,96,101,96,101,0.23696388915770575,,,,,,,,,0,0,0,0,52,48,-52,-48,48.90165518602344,38.23255028338509,10.669104902638352,,,17.75,17.8,17.75,17.8,-0.00013797440570750808,-0.000210874671826452,,,,
1784511480,17.75,17.75,17.7,17.7,0,0,0,0,0,0,17.650000000000002,17.400000000000002,,,,,17.725,,,,,,,,,,,32.7051956511583,24.56017933597438,32.7051956511583,24.56017933597438,74.24942756783135,71.2330763548091,74.24942756783135,71.2330763548091,96,101,96,101,-1,4,-1,4,-1,4,-1,4,96,101,96,101,0.16836289132669063,,,,,,,,,0,0,0,0,52,48,-52,-48,46.024125900068796,43.32391801179593,2.700207888272864,,,17.75,17.75,17.7,17.7,-0.00011667491924817542,-0.00018691571952307196,,,,
1784511480.001,17.7,17.7,17.65,17.65,0,0,0,0,0,0,17.650000000000002,17.400000000000002,,,,,17.674999999999997,,,,,,,,,,,34.53577691417079,25.98526470428815,34.53577691417079,25.98526470428815,74.48892733327345,72.86100184404128,74.48892733327345,72.86100184404128,96,101,96,101,-1,4,-1,4,-1,4,-1,4,96,101,96,101,0.10657591765216307,0.10657591765216307,,0.10657591765216307,,,,,,0,0,0,0,52,48,-52,-48,36.64795312775163,43.643595894904145,-6.995642767152518,43.643595894904145,43.643595894904145,17.7,17.7,17.65,17.65,-0.00010283276479239609,-0.00016238700474905497,,,,
1784511720,17.7,17.75,17.7,17.75,0,0,0,0,0,0,17.650000000000002,17.400000000000002,,,,,17.725,,,,,,,,,,,37.61264572733767,27.646319136152368,37.61264572733767,27.646319136152368,76.2815144338111,74.5712581389262,76.2815144338111,74.5712581389262,96,101,96,101,-1,4,-1,4,-1,4,-1,4,96,101,96,101,0.11001181367098212,,,,,,,,,0,0,0,0,52,48,-52,-48,38.51525616600008,42.52224759496098,-4.006991428960902,,,17.7,17.75,17.7,17.75,-0.0000814068480988159,-0.00013715714975514774,,,,
1784511720.001,17.75,17.8,17.75,17.8,0,0,0,0,0,0,17.650000000000002,17.400000000000002,,,,,17.775,,,,,,,,,,,41.492848451882665,29.624394752685266,41.492848451882665,29.624394752685266,79.1407689855947,76.85601356226044,79.1407689855947,76.85601356226044,96,101,96,101,-1,4,-1,4,-1,4,-1,4,96,101,96,101,0.13737006240550403,,,,,,,,,0,0,0,0,52,48,-52,-48,43.96986131215478,41.289299126493816,2.6805621856609605,41.289299126493816,41.289299126493816,17.75,17.8,17.75,17.8,-0.00005678037174031171,-0.00011197729947180916,,,,
1784512440,17.8,17.85,17.72,17.85,0,0,0,0,0,0,17.650000000000002,17.400000000000002,,,,,17.825000000000003,,,,,,,,,,,45.67193070531962,31.91689988877589,45.67193070531962,31.91689988877589,81.24898842833053,79.05250099529549,81.24898842833053,79.05250099529549,96,101,96,101,-1,4,-1,4,-1,4,-1,4,96,101,96,101,0.16330004499791997,,,,,,,,,0,0,0,0,52,48,-52,-48,47.76243064708658,41.72387531324826,6.038555333838325,,,17.8,17.85,17.72,17.85,-0.000030169274246376658,-0.00008763976397226406,,,,
1784512440.001,17.85,17.900000000000002,17.85,17.900000000000002,0,0,0,0,0,0,17.650000000000002,17.400000000000002,,,,,17.875,,,,,,,,,,,49.55250708351107,34.436272345166635,49.55250708351107,34.436272345166635,83.4812757957119,81.26688839550368,83.4812757957119,81.26688839550368,96,101,96,101,-1,4,-1,4,-1,4,-1,4,96,101,96,101,0.19408588565540075,,,,,,,,,0,0,0,0,52,48,-52,-48,54.60870578019572,46.214063476359286,8.394642303836434,,,17.85,17.900000000000002,17.85,17.900000000000002,-0.0000028353858707385634,-0.00006511659399946916,,,,
1784512440.002,17.900000000000002,17.950000000000003,17.900000000000002,17.950000000000003,0,0,0,0,0,0,17.650000000000002,17.400000000000002,,,,,17.925000000000004,,,,,,,,,,,53.15589943468884,37.11050478652695,53.15589943468884,37.11050478652695,85.4270148642334,83.34695162986854,85.4270148642334,83.34695162986854,96,101,96,101,-1,4,-1,4,-1,4,-1,4,96,101,96,101,0.19836510892669268,,,,,,,,,0,0,0,0,52,48,-52,-48,59.53096259771084,51.467990084286974,8.062972513423865,,,17.900000000000002,17.950000000000003,17.900000000000002,17.950000000000003,0.00002273830460464026,-0.000041881056690666444,,,,
1784512920,17.95,18,17.95,18,0,0,0,0,0,0,17.650000000000002,17.400000000000002,,,,,17.975,,,,,,,,,,,56.50190661792535,39.88070504815529,56.50190661792535,39.88070504815529,87.12276949752825,85.23486056369839,87.12276949752825,85.23486056369839,96,101,96,101,-1,4,-1,4,-1,4,-1,4,96,101,96,101,0.19585201116915962,,,,,,,,,0,0,0,0,52,48,-52,-48,63.007649239828915,56.2274370662055,6.780212173623411,,,17.95,18,17.95,18,0.00005459222779587028,-0.000015643557925955384,,,,
1784513160,18,18.05,18,18.05,0,0,0,0,0,0,17.650000000000002,17.400000000000002,,,,,18.025,,,,,,,,,,,59.60891328807354,42.699020511000754,59.60891328807354,42.699020511000754,88.60071020222134,86.91778538295986,88.60071020222134,86.91778538295986,96,101,96,101,-1,4,-1,4,-1,4,-1,4,96,101,96,101,0.20471009781055138,,,,,,,,,0,0,0,0,52,48,-52,-48,65.41481634026574,60.64053348950029,4.774282850765452,,,18,18.05,18,18.05,0.00008697870581405192,0.000012420701059522588,,,,
1784513160.001,18.05,18.1,18.05,18.1,0,0,0,0,0,0,17.650000000000002,17.400000000000002,,,,,18.075000000000003,,,,,,,,,,,62.493990910354,45.526873425194076,62.493990910354,45.526873425194076,89.88904411891082,88.40341475093534,89.88904411891082,88.40341475093534,96,101,96,101,-1,4,-1,4,-1,4,-1,4,96,101,96,101,0.21865141221552276,,,,,,,,,0,0,0,0,52,48,-52,-48,67.03795717557131,63.74784633834419,3.290110837227118,,,18.05,18.1,18.05,18.1,0.0001221059194574515,0.00004223508292581645,,,,
1784513160.002,18.1,18.150000000000002,18.1,18.150000000000002,0,0,0,0,0,0,17.650000000000002,17.400000000000002,,,,,18.125,,,,,,,,,,,65.17299155961443,48.33346173011127,65.17299155961443,48.33346173011127,91.01243910031843,89.70792692562688,91.01243910031843,89.70792692562688,96,101,96,101,-1,4,-1,4,-1,4,-1,4,96,101,96,101,0.2522493124138811,,,,,,,,,0,0,0,0,52,48,-52,-48,68.1721892267405,65.9081529956016,2.2640362311389026,,,18.1,18.150000000000002,18.1,18.150000000000002,0.00015944644047843424,0.00007383770204661827,,,,
1784513880,18.1,18.1,18.05,18.05,0,0,0,0,0,0,17.650000000000002,17.400000000000002,,,,,18.075000000000003,,,,,,,,,,,66.88423750411401,50.98357255496881,66.88423750411401,50.98357255496881,91.0122672224238,90.36009707402533,91.0122672224238,90.36009707402533,96,101,96,101,-1,4,-1,4,-1,4,-1,4,96,101,96,101,0.26455543353423433,,,,,0.26455543353423433,,0.26455543353423433,,0,0,0,0,52,48,-52,-48,62.57701918151138,65.80049548102222,-3.2234762995108426,65.80049548102222,65.80049548102222,18.1,18.1,18.05,18.05,0.00017840815859560056,0.00010404495945767479,,,,
1784513880.001,18.05,18.05,18,18,0,0,0,0,0,0,17.650000000000002,17.400000000000002,,,,,18.025,,,,,,,,,,,68.08505283767106,53.42664116678342,68.08505283767106,53.42664116678342,90.20955168021554,90.28482437712043,90.20955168021554,90.28482437712043,96,101,96,101,-1,4,-1,4,-1,4,-1,4,96,101,96,101,0.23788399226816337,,,,,,,,,0,0,0,0,52,48,-52,-48,52.40529388719851,62.548114867755416,-10.142820980556905,,,18.05,18.05,18,18,0.00018600484652357943,0.000131256049777498,,,,
1784513880.002,18,18,17.95,17.95,0,0,0,0,0,0,17.650000000000002,17.400000000000002,,,,,17.975,,,,,,,,,,,68.81189688963863,55.62453484147703,68.81189688963863,55.62453484147703,88.71894156859561,89.50188297285803,88.71894156859561,89.50188297285803,96,101,96,101,-1,4,-1,4,-1,4,-1,4,96,101,96,101,0.20926465031141284,,,,,,,,,0,0,0,0,52,48,-52,-48,38.11805650746838,55.31813970072969,-17.200083193261307,,,18,18,17.95,17.95,0.00018768524245506502,0.00015343821888736376,,,,
1784514360,17.95,17.95,17.9,17.9,0,0,0,0,0,0,17.650000000000002,17.400000000000002,,,,,17.924999999999997,,,,,,,,,,,69.09862475155883,57.549404828631566,69.09862475155883,57.549404828631566,86.63870754033717,88.0702952565976,86.63870754033717,88.0702952565976,96,101,96,101,-1,4,-1,4,-1,4,-1,4,96,101,96,101,0.17748559494685381,,,,,,,,,0,0,0,0,52,48,-52,-48,21.13942453098741,43.55994852679141,-22.420523995804,,,17.95,17.95,17.9,17.9,0.00018111869849189323,0.00016912821766700402,,,,
1784514360.001,17.900000000000002,17.900000000000002,17.85,17.85,0,0,0,0,0,0,17.650000000000002,17.400000000000002,,,,,17.875,,,,,,,,,,,68.97667329414935,59.18187175227696,68.97667329414935,59.18187175227696,83.54746360600333,85.80887943130047,83.54746360600333,85.80887943130047,96,101,96,101,-1,4,-1,4,-1,4,-1,4,96,101,96,101,0.13913443810268833,,,,,,,,,0,0,0,0,52,48,-52,-48,5.211209850588951,29.218496194060805,-24.007286343471854,,,17.900000000000002,17.900000000000002,17.85,17.85,0.00016143653731486121,0.00017568332064323898,0.00016143653731486121,17.900000000000002,,
1784514360.002,17.85,17.85,17.8,17.8,0,0,0,0,0,0,17.650000000000002,17.400000000000002,,,,,17.825000000000003,,,,,,,,,,,68.47523389736229,60.50949491586058,68.47523389736229,60.50949491586058,80.00496880514568,82.90692411822307,80.00496880514568,82.90692411822307,96,101,96,101,-1,4,-1,4,-1,4,-1,4,96,101,96,101,0.11422941042336174,,,,,,,,,0,0,0,0,52,48,-52,-48,-8.580796353452634,13.971973633898017,-22.55276998735065,,,17.85,17.85,17.8,17.8,0.00013115454944100872,0.00017096800547033468,,,,
1784514840,17.8,17.8,17.75,17.75,0,0,0,0,0,0,17.650000000000002,17.400000000000002,,,,,17.775,,,,,,,,,,,67.62141284258175,61.52548319110646,67.62141284258175,61.52548319110646,76.07568754726769,79.49130583274538,76.07568754726769,79.49130583274538,96,101,96,101,-1,4,-1,4,-1,4,-1,4,96,101,96,101,0.09415458360901366,,,,,,,,,0,0,0,0,52,48,-52,-48,-20.043595870891934,-0.568439460692062,-19.475156410199872,,,17.8,17.8,17.75,17.75,0.00009783424132959487,0.00015753901925933374,,,,
1784514840.001,17.75,17.75,17.7,17.7,0,0,0,0,0,0,17.650000000000002,17.400000000000002,,,,,17.725,,,,,,,,,,,66.44038024823583,62.227611342124945,66.44038024823583,62.227611342124945,71.81487504051512,75.65309043663025,71.81487504051512,75.65309043663025,96,101,96,101,-1,4,-1,4,-1,4,-1,4,96,101,96,101,0.07545364946114255,,,,,,,,,0,0,0,0,52,48,-52,-48,-29.37068205486225,-13.195966107154472,-16.174715947707778,,,17.75,17.75,17.7,17.7,0.00005960396075635147,0.00013647220496479576,,,,
1784515320,17.75,17.8,17.75,17.8,0,0,0,0,0,0,17.650000000000002,17.400000000000002,,,,,17.775,,,,,,,,,,,66.12010464044258,62.78368181331319,66.12010464044258,62.78368181331319,69.23417860615581,72.44363452139302,69.23417860615581,72.44363452139302,96,101,96,101,-1,4,-1,4,-1,4,-1,4,96,101,96,101,0.0724646462610552,0.0724646462610552,,0.0724646462610552,,,,,,0,0,0,0,52,48,-52,-48,-29.14668678359068,-21.785440265699382,-7.361246517891299,,,17.75,17.8,17.75,17.8,0.00004042702553910266,0.00011192916881213536,,,,
1784515320.001,17.8,17.85,17.8,17.85,0,0,0,0,0,0,17.650000000000002,17.400000000000002,,,,,17.825000000000003,,,,,,,,,,,66.21090461954141,63.27328507134579,66.21090461954141,63.27328507134579,67.91501023384784,70.17932237762042,67.91501023384784,70.17932237762042,96,101,96,101,-1,4,-1,4,-1,4,-1,4,96,101,96,101,0.08613584598640173,,,,,,,,,0,0,0,0,52,48,-52,-48,-22.14283098481752,-25.175948923540606,3.033117938723084,-25.175948923540606,-25.175948923540606,17.8,17.85,17.8,17.85,0.00003053390600178829,0.00008683170339711788,,,,
1784515560,17.85,17.900000000000002,17.85,17.900000000000002,0,0,0,0,0,0,17.650000000000002,17.400000000000002,,,,,17.875,,,,,,,,,,,66.68341764361143,63.76044686738374,66.68341764361143,63.76044686738374,67.67715162901244,68.92823700331644,67.67715162901244,68.92823700331644,96,101,96,101,-1,4,-1,4,-1,4,-1,4,96,101,96,101,0.08570698231303996,,,,,,,,,0,0,0,0,52,48,-52,-48,-9.960476107067926,-22.655168982584602,12.694692875516676,,,17.85,17.900000000000002,17.85,17.900000000000002,0.000027433038959348026,0.00006449778700453233,,,,
1784516040,17.900000000000002,17.950000000000003,17.900000000000002,17.950000000000003,0,0,0,0,0,0,17.650000000000002,17.400000000000002,,,,,17.925000000000004,,,,,,,,,,,67.51037849515473,64.29615138563675,67.51037849515473,64.29615138563675,68.36612996772497,68.64718348552071,68.36612996772497,68.64718348552071,96,101,96,101,-1,4,-1,4,-1,4,-1,4,96,101,96,101,0.09039061831638298,,,,,,,,,0,0,0,0,52,48,-52,-48,3.735126293108829,-14.378716895591833,18.113843188700663,,,17.900000000000002,17.950000000000003,17.900000000000002,17.950000000000003,0.000031904852325135835,0.000047956170818553536,,,,
1784517960,17.900000000000002,17.96,17.85,17.85,0,0,0,0,0,0,17.650000000000002,17.400000000000002,,,,,17.875,,,,,,,,,,,67.50187319891697,64.75411164467678,67.50187319891697,64.75411164467678,68.09953997233568,68.37336172892819,68.09953997233568,68.37336172892819,96,101,96,101,-1,4,-1,4,-1,4,-1,4,96,101,96,101,0.09520325341894782,,,,,,,,,0,0,0,0,52,48,-52,-48,6.431432197773116,-5.484187150250885,11.915619348024002,,,17.900000000000002,17.96,17.85,17.85,0.000027049335548678566,0.000036158686521734143,,,,
1784525040,17.900000000000002,17.950000000000003,17.83,17.950000000000003,0,0,0,0,0,0,17.650000000000002,17.400000000000002,,,,,17.925000000000004,,,,,,,,,,,68.2180315338258,65.24895734312665,68.2180315338258,65.24895734312665,68.4781771191449,68.42576942403655,68.4781771191449,68.42576942403655,96,101,96,101,-1,4,-1,4,-1,4,-1,4,96,101,96,101,0.1177823080766643,,,,,,,,,0,0,0,0,52,48,-52,-48,11.661395052177806,2.966869358997946,8.694525693179859,,,17.900000000000002,17.950000000000003,17.83,17.950000000000003,0.0000394493864096402,0.00003279959079728226,,,,
1784525040.001,17.95,18,17.95,18,0,0,0,0,0,0,17.650000000000002,17.400000000000002,,,,,17.975,,,,,,,,,,,69.28431981110467,65.82543769569494,69.28431981110467,65.82543769569494,69.7431994354575,69.08448442974702,69.7431994354575,69.08448442974702,96,101,96,101,-1,4,-1,4,-1,4,-1,4,96,101,96,101,0.15568473556064913,,,,,0.15568473556064913,,0.15568473556064913,,0,0,0,0,52,48,-52,-48,23.8776165350678,11.426392519531877,12.451224015535924,,,17.95,18,17.95,18,0.00006375531902478185,0.00003668763971156212,,,,
1784525520,17.95,17.95,17.9,17.9,0,0,0,0,0,0,17.650000000000002,17.400000000000002,,,,,17.924999999999997,,,,,,,,,,,69.47187642170792,66.3463575136968,69.47187642170792,66.3463575136968,69.37172196508602,69.22810319741652,69.37172196508602,69.22810319741652,96,101,96,101,-1,4,-1,4,-1,4,-1,4,96,101,96,101,0.15347358507766207,,,,,,,,,0,0,0,0,52,48,-52,-48,21.650991803217273,15.905358897058987,5.745632906158287,,,17.95,17.95,17.9,17.9,0.000070640964508747,0.0000433721494627219,,,,
1784525520.001,17.900000000000002,17.900000000000002,17.85,17.85,0,0,0,0,0,0,17.650000000000002,17.400000000000002,,,,,17.875,,,,,,,,,,,69.24475202240454,66.76041387208362,69.24475202240454,66.76041387208362,67.59334410194194,68.41072364967923,67.59334410194194,68.41072364967923,96,101,96,101,-1,4,-1,4,-1,4,-1,4,96,101,96,101,0.1206116333219868,,,,,,,,,0,0,0,0,52,48,-52,-48,10.515921981710006,16.92648134304321,-6.410559361333204,16.92648134304321,16.92648134304321,17.900000000000002,17.900000000000002,17.85,17.85,0.00006889482072823109,0.00005028244642420241,,,,
1784525760,17.85,17.85,17.8,17.8,0,0,0,0,0,0,17.650000000000002,17.400000000000002,,,,,17.825000000000003,,,,,,,,,,,68.63256668533069,67.02786427397605,68.63256668533069,67.02786427397605,64.36572351595021,66.38822358281472,64.36572351595021,66.38822358281472,96,101,96,101,-1,4,-1,4,-1,4,-1,4,96,101,96,101,0.08651852382613823,,,,,,,,,0,0,0,0,52,48,-52,-48,-4.335008936084632,12.9273803459776,-17.26238928206223,,,17.85,17.85,17.8,17.8,0.00005957859060515399,0.00005489473613753877,,,,
1784526000,17.8,17.8,17.75,17.75,0,0,0,0,0,0,17.650000000000002,17.400000000000002,,,,,17.775,,,,,,,,,,,67.66282476318426,67.11857291529152,67.66282476318426,67.11857291529152,59.58620457211311,62.98721407746392,59.58620457211311,62.98721407746392,96,101,96,101,-1,4,-1,4,-1,4,-1,4,96,101,96,101,0.07369559521525645,,,,,,,,,0,0,0,0,52,48,-52,-48,-17.876216412693864,2.4889221090371834,-20.365138521731048,,,17.8,17.8,17.75,17.75,0.0000448140531263234,0.000057855522400479565,0.0000448140531263234,17.8,,
1784526240,17.75,17.75,17.7,17.7,0,0,0,0,0,0,17.650000000000002,17.400000000000002,,,,,17.725,,,,,,,,,,,66.36106601204186,67.01035764339872,66.36106601204186,67.01035764339872,53.0738896332398,58.03055185535186,53.0738896332398,58.03055185535186,96,101,96,101,-1,4,-1,4,-1,4,-1,4,96,101,96,101,0.07076031233071987,,,,,,,,,0,0,0,0,52,48,-52,-48,-29.014244227547984,-10.177386898654131,-18.836857328893853,,,17.75,17.75,17.7,17.7,0.000024048787958160238,0.00005528875599189958,,,,
1784526480,17.7,17.7,17.65,17.65,0,0,0,0,0,0,17.650000000000002,17.400000000000002,,,,,17.674999999999997,,,,,,,,,,,64.75100591968892,66.68759311144018,64.75100591968892,66.68759311144018,46.063333971348484,52.04694291335017,46.063333971348484,52.04694291335017,96,101,96,101,-1,4,-1,4,-1,4,-1,4,96,101,96,101,0.05919588983154132,,,,,,,,,0,0,0,0,52,48,-52,-48,-37.81979568280488,-22.261316314782853,-15.558479368022027,,,17.7,17.7,17.65,17.65,-7.80158769977801e-7,0.0000445328430261063,,,,
1784526720,17.650000000000002,17.650000000000002,17.6,17.6,0,0,0,0,0,0,17.650000000000002,17.400000000000002,,,,,17.625,,,,,,,,,,,62.85466601049766,66.14003209701983,62.85466601049766,66.14003209701983,40.00233820920787,46.02464056127902,40.00233820920787,46.02464056127902,96,101,96,101,-1,4,-1,4,-1,4,-1,4,96,101,96,101,0.02409218245040707,,,,,,,,,0,0,0,0,52,48,-52,-48,-44.66384826323673,-32.34352614657087,-12.320322116665857,,,17.650000000000002,17.650000000000002,17.6,17.6,-0.000034426134009562865,0.000027021659939721344,,,,
1784526960,17.6,17.6,17.55,17.55,0,0,0,0,0,0,17.650000000000002,17.400000000000002,,,,,17.575000000000003,,,,,,,,,,,60.69249484281363,65.36181248927609,60.69249484281363,65.36181248927609,34.76390894122578,40.3942747512524,34.76390894122578,40.3942747512524,96,101,96,101,-1,4,-1,4,-1,4,-1,4,96,101,96,101,-0.0006323376870770013,,,,,,,,,0,0,0,0,52,48,-52,-48,-50.34497258110723,-40.460715188674214,-9.884257392433014,,,17.6,17.6,17.55,17.55,-0.00007600362996152607,0.0000028719181580951514,,,,
1784526960.001,17.55,17.55,17.5,17.5,0,0,0,0,0,0,17.650000000000002,17.400000000000002,,,,,17.525,,,,,,,,,,,58.283480363672034,64.35062218561838,58.283480363672034,64.35062218561838,30.23719667489681,35.3157357130746,30.23719667489681,35.3157357130746,96,101,96,101,-1,4,-1,4,-1,4,-1,4,96,101,96,101,-0.012688161793370064,,,,,,,,,0,0,0,0,52,48,-52,-48,-54.64042562177366,-46.867260537230635,-7.773165084543024,,,17.55,17.55,17.5,17.5,-0.00011702016932894639,-0.000026561208497588242,,,,
1784527200,17.55,17.6,17.55,17.6,0,0,0,0,0,0,17.650000000000002,17.400000000000002,,,,,17.575000000000003,,,,,,,,,,,56.84910656562483,63.27897709704787,56.84910656562483,63.27897709704787,27.675838908153345,31.495787310613974,27.675838908153345,31.495787310613974,96,101,96,101,-1,4,-1,4,-1,4,-1,4,96,101,96,101,-0.025789465621038427,-0.025789465621038427,,-0.025789465621038427,,,,,,0,0,0,0,52,48,-52,-48,-51.00722257100501,-50.164117259280665,-0.8431053117243437,,,17.55,17.6,17.55,17.6,-0.00013757163383385995,-0.000056958822990952133,,,,
1784527920,17.6,17.650000000000002,17.6,17.650000000000002,0,0,0,0,0,0,17.650000000000002,17.400000000000002,,,,,17.625,,,,,,,,,,,55.918472148015994,62.22747639004332,55.918472148015994,62.22747639004332,26.579290492702913,29.037538901658444,26.579290492702913,29.037538901658444,96,101,96,101,-1,4,-1,4,-1,4,-1,4,96,101,96,101,-0.0035228261098062524,,,,,,,,,0,0,0,0,52,48,-52,-48,-42.0880537793572,-49.520168638310786,7.432114858953582,-49.520168638310786,-49.520168638310786,17.6,17.650000000000002,17.6,17.650000000000002,-0.00014602827374242093,-0.000085304999941049,,,,
1784528160,17.650000000000002,17.700000000000003,17.650000000000002,17.700000000000003,0,0,0,0,0,0,17.650000000000002,17.400000000000002,,,,,17.675000000000004,,,,,,,,,,,55.4555957265285,61.26006486668406,55.4555957265285,61.26006486668406,26.73829294978937,27.887915925723906,26.73829294978937,27.887915925723906,96,101,96,101,-1,4,-1,4,-1,4,-1,4,96,101,96,101,0.03923113376897042,,,,,,,,,0,0,0,0,52,48,-52,-48,-28.698636325355913,-44.108584574372955,15.409948249017042,,,17.650000000000002,17.700000000000003,17.650000000000002,17.700000000000003,-0.00014159509629894273,-0.00010877415619587649,,,,
1784529600,17.7,17.75,17.62,17.75,0,0,0,0,0,0,17.650000000000002,17.400000000000002,,,,,17.725,,,,,,,,,,,55.42706601572509,60.42677931654707,55.42706601572509,60.42677931654707,27.621833517401907,27.754874721562906,27.621833517401907,27.754874721562906,96,101,96,101,-1,4,-1,4,-1,4,-1,4,96,101,96,101,0.07541868972271978,,,,,,,,,0,0,0,0,52,48,-52,-48,-16.961381305459074,-34.68882349529431,17.727442189835234,,,17.7,17.75,17.62,17.75,-0.00013572639219066983,-0.0001256575325593943,,,,
1784529840,17.75,17.8,17.75,17.8,0,0,0,0,0,0,17.650000000000002,17.400000000000002,,,,,17.775,,,,,,,,,,,55.80185825055691,59.766076307119896,55.80185825055691,59.766076307119896,29.829703454476366,28.792289088019636,29.829703454476366,28.792289088019636,96,101,96,101,-1,4,-1,4,-1,4,-1,4,96,101,96,101,0.07770135040973539,,,,,,,,,0,0,0,0,52,48,-52,-48,-1.2275679872147798,-22.243909849346753,21.016341862131974,,,17.75,17.8,17.75,17.8,-0.000119004312187499,-0.0001328243129303898,,,-0.000119004312187499,17.75
1784529840.001,17.8,17.85,17.8,17.85,0,0,0,0,0,0,17.650000000000002,17.400000000000002,,,,,17.825000000000003,,,,,,,,,,,56.55116372062146,59.30680308047726,56.55116372062146,59.30680308047726,32.8210644994413,30.806676793730468,32.8210644994413,30.806676793730468,96,101,96,101,-1,4,-1,4,-1,4,-1,4,96,101,96,101,0.07105252502306802,,,,,,,,,0,0,0,0,52,48,-52,-48,11.761571653001374,-8.781503491257107,20.54307514425848,,,17.8,17.85,17.8,17.85,-0.0000898368000031123,-0.00012829375137608413,,,,
1784529840.002,17.85,17.900000000000002,17.85,17.900000000000002,0,0,0,0,0,0,17.650000000000002,17.400000000000002,,,,,17.875,,,,,,,,,,,57.4225091691485,59.03761823600172,57.4225091691485,59.03761823600172,36.48398935116949,33.64533307244998,36.48398935116949,33.64533307244998,96,101,96,101,-1,4,-1,4,-1,4,-1,4,96,101,96,101,0.07135248188274573,,,,,,,,,0,0,0,0,52,48,-52,-48,22.296872822639543,3.967373795741767,18.329499026897775,,,17.85,17.900000000000002,17.85,17.900000000000002,-0.000056679379778089724,-0.00011481170903345575,,,,
1784530560,17.900000000000002,17.950000000000003,17.84,17.950000000000003,0,0,0,0,0,0,17.650000000000002,17.400000000000002,,,,,17.925000000000004,,,,,,,,,,,58.67804422849504,58.98625052064362,58.67804422849504,58.98625052064362,40.45880405924421,37.052068565847094,40.45880405924421,37.052068565847094,96,101,96,101,-1,4,-1,4,-1,4,-1,4,96,101,96,101,0.06713412512760347,,,,,,,,,0,0,0,0,52,48,-52,-48,29.267076801963974,15.52448832259753,13.742588479366443,,,17.900000000000002,17.950000000000003,17.84,17.950000000000003,-0.00001858686878752462,-0.00009357147487430636,,,,
1784597400,17.95,18,17.95,18,0,0,0,0,0,0,17.650000000000002,17.400000000000002,,,,,17.975,,,,,,,,,,,60.29032678360252,59.17254712963774,60.29032678360252,59.17254712963774,45.22842545737413,41.14024701161061,45.22842545737413,41.14024701161061,96,101,96,101,-1,4,-1,4,-1,4,-1,4,96,101,96,101,0.07378520171164743,,,,,,,,,0,0,0,0,52,48,-52,-48,36.90162315978172,25.056786109346657,11.844837050435064,,,17.95,18,17.95,18,0.000024513491926380697,-0.00006588671017008578,,,,
1784597400.001,18,18.05,18,18.05,0,0,0,0,0,0,17.650000000000002,17.400000000000002,,,,,18.025,,,,,,,,,,,62.23387487048803,59.609879664044925,62.23387487048803,59.609879664044925,51.386269439654015,46.26325822563231,51.386269439654015,46.26325822563231,96,101,96,101,-1,4,-1,4,-1,4,-1,4,96,101,96,101,0.10858463666282728,,,,,,,,,0,0,0,0,52,48,-52,-48,42.77983293821092,32.81135143064904,9.968481507561883,,,18,18.05,18,18.05,0.00006546082512286272,-0.00003235550728449702,,,,
1784597880,18,18,17.95,17.95,0,0,0,0,0,0,17.650000000000002,17.400000000000002,,,,,17.975,,,,,,,,,,,63.14574095116743,60.11500270506243,63.14574095116743,60.11500270506243,56.25316601320989,51.2582121194211,56.25316601320989,51.2582121194211,96,101,96,101,-1,4,-1,4,-1,4,-1,4,96,101,96,101,0.10241159179313615,,,,,,,,,0,0,0,0,52,48,-52,-48,41.144364389479634,37.52322432235907,3.621140067120564,,,18,18,17.95,17.95,0.0000888579043165003,0.0000022881954661695182,,,,
1784597880.001,17.95,17.95,17.9,17.9,0,0,0,0,0,0,17.650000000000002,17.400000000000002,,,,,17.924999999999997,,,,,,,,,,,63.546045168941156,60.60515162847367,63.546045168941156,60.60515162847367,59.12609034898513,55.192151234203116,59.12609034898513,55.192151234203116,96,101,96,101,-1,4,-1,4,-1,4,-1,4,96,101,96,101,0.06843513907410645,,,,,,,,,0,0,0,0,52,48,-52,-48,34.07092206355099,38.724185637755824,-4.653263574204836,38.724185637755824,38.724185637755824,17.95,17.95,17.9,17.9,0.00010364066278627621,0.000034534439264400934,,,,
1784598360,17.95,18,17.95,18,0,0,0,0,0,0,17.650000000000002,17.400000000000002,,,,,17.975,,,,,,,,,,,64.81061337115963,61.2059318774288,64.81061337115963,61.2059318774288,63.14703848094829,59.1695948575757,63.14703848094829,59.1695948575757,96,101,96,101,-1,4,-1,4,-1,4,-1,4,96,101,96,101,0.08211803384708374,,,,,,,,,0,0,0,0,52,48,-52,-48,36.07347923007644,38.5171496553295,-2.4436704252530603,,,17.95,18,17.95,18,0.00012588202994920323,0.00006496134088561642,,,,
1784598600,18,18.05,18,18.05,0,0,0,0,0,0,17.650000000000002,17.400000000000002,,,,,18.025,,,,,,,,,,,66.43128384464822,61.95241072988871,66.43128384464822,61.95241072988871,67.89226674990374,63.53093080373972,67.89226674990374,63.53093080373972,96,101,96,101,-1,4,-1,4,-1,4,-1,4,96,101,96,101,0.11618994658489555,,,,,,,,,0,0,1,0,52,48,-52,-48,41.08085652595438,38.09240555226536,2.9884509736890195,38.09240555226536,38.09240555226536,18,18.05,18,18.05,0.00014818689610773242,0.00009275696836815925,,,,
1784598600.001,18.05,18.1,18.05,18.1,0,0,0,0,0,0,17.650000000000002,17.400000000000002,,,,,18.075000000000003,,,,,,,,,,,68.38262071288763,62.87101215603142,68.38262071288763,62.87101215603142,72.00289530944131,67.76691305659051,72.00289530944131,67.76691305659051,96,101,96,101,-1,4,-1,4,-1,4,-1,4,96,101,96,101,0.145053802441225,,,,,,,,,0,0,0,0,52,48,-52,-48,47.11928853168402,39.58613658781646,7.5331519438675585,,,18.05,18.1,18.05,18.1,0.00017028870282257758,0.00011705283685085873,,,,
1784599080,18.05,18.13,18,18,0,0,0,0,0,0,17.650000000000002,17.400000000000002,,,,,18.025,,,,,,,,,,,69.30171923339564,63.78968459565488,69.30171923339564,63.78968459565488,73.8709624194304,70.81893773801045,73.8709624194304,70.81893773801045,96,101,96,101,-1,4,-1,4,-1,4,-1,4,96,101,96,101,0.15881547910602123,,,,,0.15881547910602123,,0.15881547910602123,,0,0,0,0,52,48,-52,-48,45.774410534354026,42.512008705517225,3.2624018288368006,,,18.05,18.13,18,18,0.0001751560582411492,0.00013533537570390648,,,,
1784599560,18,18,17.95,17.95,0,0,0,0,0,0,17.650000000000002,17.400000000000002,,,,,17.975,,,,,,,,,,,69.58969166910545,64.61825703471925,69.58969166910545,64.61825703471925,73.97556415996527,72.39725094898786,73.97556415996527,72.39725094898786,96,101,96,101,-1,4,-1,4,-1,4,-1,4,96,101,96,101,0.1539777591372961,,,,,,,,,0,0,0,0,52,48,-52,-48,34.02343291762762,41.99949712740502,-7.976064209777398,41.99949712740502,41.99949712740502,18,18,17.95,17.95,0.0001717302449519043,0.0001491474324764738,,,,
1784599560.001,17.95,17.95,17.9,17.9,0,0,0,0,0,0,17.650000000000002,17.400000000000002,,,,,17.924999999999997,,,,,,,,,,,69.21083614172034,65.27433976429083,69.21083614172034,65.27433976429083,72.93143594663695,72.6643434478124,72.93143594663695,72.6643434478124,96,101,96,101,-1,4,-1,4,-1,4,-1,4,96,101,96,101,0.140878843797549,,,,,,,,,0,0,0,0,52,48,-52,-48,19.599271404833225,36.62910084712473,-17.029829442291508,,,17.95,17.95,17.9,17.9,0.00016190307566218997,0.00015885783462245943,,,,
1784600040,17.95,18,17.95,18,0,0,0,0,0,0,17.650000000000002,17.400000000000002,,,,,17.975,,,,,,,,,,,69.76171048324579,65.91539272414154,69.76171048324579,65.91539272414154,73.3970131243283,73.03067828607035,73.3970131243283,73.03067828607035,96,101,96,101,-1,4,-1,4,-1,4,-1,4,96,101,96,101,0.13742166978593517,,,,,,,,,0,0,1,0,52,48,-52,-48,18.312165629396052,29.427320121552736,-11.115154492156684,,,17.95,18,17.95,18,0.0001638283041097874,0.00016518221364922347,0.0001638283041097874,18,,
1784600520,18,18.05,18,18.05,0,0,0,0,0,0,17.650000000000002,17.400000000000002,,,,,18.025,,,,,,,,,,,70.82268720696997,66.61643479311702,70.82268720696997,66.61643479311702,74.92986612470774,73.98027220538904,74.92986612470774,73.98027220538904,96,101,96,101,-1,4,-1,4,-1,4,-1,4,96,101,96,101,0.14579179924413524,,,,,,,,,0,0,0,0,52,48,-52,-48,24.619130938950377,24.138500222701825,0.4806307162485517,24.138500222701825,24.138500222701825,18,18.05,18,18.05,0.00017031257563213293,0.0001688698269032902,,,,
1784600760,18.05,18.1,18.05,18.1,0,0,0,0,0,0,18.1,17.9,,,,,18.075000000000003,,,,,,,,,,,72.35733042845014,67.43656274102175,72.35733042845014,67.43656274102175,77.37752697310556,75.6788995892473,77.37752697310556,75.6788995892473,96,101,96,101,-1,4,-1,4,-1,4,-1,4,96,101,96,101,0.14840729043417872,,,,,,,,,0,0,0,0,52,48,-52,-48,33.38446706372474,23.978758759226103,9.405708304498638,,,18.05,18.1,18.05,18.1,0.00018153930479142795,0.00017074492723143195,,,,
1784601000,18.1,18.150000000000002,18.1,18.150000000000002,0,0,0,0,0,0,18.1,17.9,,,,,18.125,,,,,,,,,,,74.33180682641799,68.42159761036406,74.33180682641799,68.42159761036406,80.16974839453005,77.92432399188867,80.16974839453005,77.92432399188867,96,101,96,101,-1,4,-1,4,-1,4,-1,4,96,101,96,101,0.14821738237589496,,,,,,,,,0,0,0,0,52,48,-52,-48,42.20344269175628,29.629801580956865,12.573641110799414,,,18.1,18.150000000000002,18.1,18.150000000000002,0.0001979448938725919,0.00017454306650333906,,,,
1784601480,18.1,18.1,18.05,18.05,0,0,0,0,0,0,18.1,17.9,,,,,18.075000000000003,,,,,,,,,,,75.06634809705845,69.37084767989182,75.06634809705845,69.37084767989182,81.24439972278397,79.58436185733632,81.24439972278397,79.58436185733632,96,101,96,101,-1,4,-1,4,-1,4,-1,4,96,101,96,101,0.12756198674078312,,,,,,,,,0,0,0,0,52,48,-52,-48,38.74428425389397,34.737831237081345,4.006453016812628,,,18.1,18.1,18.05,18.05,0.00020078365673668376,0.00017938530180080232,,,,
1784601960,18.05,18.05,18,18,0,0,0,0,0,0,18.1,17.9,,,,,18.025,,,,,,,,,,,75.19897158463118,70.2034368091403,75.19897158463118,70.2034368091403,81.06662833381478,80.32549509557555,81.06662833381478,80.32549509557555,96,101,96,101,-1,4,-1,4,-1,4,-1,4,96,101,96,101,0.08971150392287068,,,,,,,,,0,0,0,0,52,48,-52,-48,27.250140252148096,35.395583565380775,-8.14544331323268,35.395583565380775,35.395583565380775,18.05,18.05,18,18,0.00019899215490160822,0.000185566815007372,,,,
1784602200,18,18,17.95,17.95,0,0,0,0,0,0,18.1,17.9,,,,,17.975,,,,,,,,,,,74.77267141649816,70.85618461019142,74.77267141649816,70.85618461019142,79.81535175865436,80.07042342711495,79.81535175865436,80.07042342711495,96,101,96,101,-1,4,-1,4,-1,4,-1,4,96,101,96,101,0.0443250947076105,,,,,,,,,0,0,0,0,52,48,-52,-48,11.311039840330054,29.877226759532103,-18.56618691920205,,,18,18,17.95,17.95,0.00019181159481613595,0.0001902306967917634,,,,
1784602200.001,17.95,17.95,17.9,17.9,0,0,0,0,0,0,18.1,17.9,,,,,17.924999999999997,,,,,,,,,,,73.82737071092409,71.28063976743894,73.82737071092409,71.28063976743894,77.6439278810444,78.85717565407967,77.6439278810444,78.85717565407967,96,101,96,101,-1,4,-1,4,-1,4,-1,4,96,101,96,101,0.001184748883937204,,,,,,,,,0,0,0,0,52,48,-52,-48,-3.8612751591253236,18.3610472968117,-22.222322455937025,,,17.95,17.95,17.9,17.9,0.00017278089184759307,0.00019064208282767344,0.00017278089184759307,17.95,,
1784602440,17.900000000000002,17.900000000000002,17.85,17.85,0,0,0,0,0,0,18.1,17.9,,,,,17.875,,,,,,,,,,,72.40014093486907,71.44056850564324,72.40014093486907,71.44056850564324,74.68380631562056,76.77049098485011,74.68380631562056,76.77049098485011,96,101,96,101,-1,4,-1,4,-1,4,-1,4,96,101,96,101,-0.050798667422460905,,,,,,,,,0,0,0,0,52,48,-52,-48,-16.75302449547982,4.486720109468251,-21.239744604948072,,,17.900000000000002,17.900000000000002,17.85,17.85,0.00014495380422824278,0.0001845444994004759,,,,
1784603880,17.900000000000002,17.950000000000003,17.84,17.950000000000003,0,0,0,0,0,0,18.1,17.9,,,,,17.925000000000004,,,,,,,,,,,72.17375724171909,71.54530975365408,72.17375724171909,71.54530975365408,73.20150431448798,74.98599764966905,73.20150431448798,74.98599764966905,96,101,96,101,-1,4,-1,4,-1,4,-1,4,96,101,96,101,-0.07429612759231487,-0.07429612759231487,,-0.07429612759231487,,,,,,0,0,0,0,52,48,-52,-48,-19.561414167534775,-7.216168495452466,-12.345245672082308,,,17.900000000000002,17.950000000000003,17.84,17.950000000000003,0.0001362392094907836,0.00017426021867017453,,,,
1784610000,17.95,18,17.95,18,0,0,0,0,0,0,18.1,17.9,,,,,17.975,,,,,,,,,,,72.51299436181606,71.68355041196294,72.51299436181606,71.68355041196294,73.29359710472593,74.13979737719748,73.29359710472593,74.13979737719748,96,101,96,101,-1,4,-1,4,-1,4,-1,4,96,101,96,101,-0.0535960926549037,,,,,,,,,0,0,0,0,52,48,-52,-48,-11.044348790529849,-12.805015653167441,1.760666862637592,-12.805015653167441,-12.805015653167441,17.95,18,17.95,18,0.00013803854118820503,0.00016380269941209473,,,,
1784610000.001,18,18.05,18,18.05,0,0,0,0,0,0,18.1,17.9,,,,,18.025,,,,,,,,,,,73.3774508084995,71.92553618289674,73.3774508084995,71.92553618289674,74.47143488097386,74.30561612908568,74.47143488097386,74.30561612908568,96,101,96,101,-1,4,-1,4,-1,4,-1,4,96,101,96,101,-0.024374361022745636,,,,,,,,,0,0,1,0,52,48,-52,-48,1.3076368123847537,-11.51278766028992,12.820424472674674,,,18,18.05,18,18.05,0.00015087505377419288,0.00015578318255752552,,,,
1784610000.002,18.05,18.1,18.05,18.1,0,0,0,0,0,0,18.1,17.9,,,,,18.075000000000003,,,,,,,,,,,74.72961091558469,72.32611828756644,74.72961091558469,72.32611828756644,76.57991121665891,75.4427636728723,76.57991121665891,75.4427636728723,96,101,96,101,-1,4,-1,4,-1,4,-1,4,96,101,96,101,0.0034659879746504786,,,,,,,,,0,0,0,0,52,48,-52,-48,13.789796965367616,-3.8770822950780617,17.66687926044568,,,18.05,18.1,18.05,18.1,0.00016568789387322655,0.00015142923240037395,,,,
1784610000.003,18.1,18.150000000000002,18.1,18.150000000000002,0,0,0,0,0,0,18.1,17.9,,,,,18.125,,,,,,,,,,,76.53463870732864,72.92733549038962,76.53463870732864,72.92733549038962,79.48607774614722,77.46442070950977,79.48607774614722,77.46442070950977,96,101,96,101,-1,4,-1,4,-1,4,-1,4,96,101,96,101,0.016391833259025337,,,,,,,,,0,0,0,0,52,48,-52,-48,24.72376600524243,7.1942127481162395,17.529553257126192,,,18.1,18.150000000000002,18.1,18.150000000000002,0.00018026227813482652,0.00015267613011491285,,,,
1784610960,18.1,18.1,18.05,18.05,0,0,0,0,0,0,18.1,17.9,,,,,18.075000000000003,,,,,,,,,,,77.11183484361834,73.52512111227944,77.11183484361834,73.52512111227944,80.6583963098844,79.06140850969709,80.6583963098844,79.06140850969709,96,101,96,101,-1,4,-1,4,-1,4,-1,4,96,101,96,101,-0.00004192402040257941,,,,,,,,,0,0,0,0,52,48,-52,-48,24.203191070571588,16.006097713391597,8.197093357179991,,,18.1,18.1,18.05,18.05,0.00017550238916967464,0.00015776756093848483,,,,
1784611440,18.1,18.150000000000002,18.1,18.150000000000002,0,0,0,0,0,0,18.1,17.9,,,,,18.125,,,,,,,,,,,78.74670378335989,74.27106149386236,78.74670378335989,74.27106149386236,82.94529207513902,81.00335029241805,82.94529207513902,81.00335029241805,96,101,96,101,-1,4,-1,4,-1,4,-1,4,96,101,96,101,0.004086581954974633,,,,,,,,,0,0,0,0,52,48,-52,-48,30.732399949872658,23.362288497763576,7.370111452109082,,,18.1,18.150000000000002,18.1,18.150000000000002,0.00018961926529309161,0.00016666423690553617,,,,
1784611440.001,18.150000000000002,18.200000000000003,18.150000000000002,18.200000000000003,0,0,0,0,0,0,18.1,17.9,,,,,18.175000000000004,,,,,,,,,,,80.26479637026276,75.12730933334812,80.26479637026276,75.12730933334812,84.90548844535726,82.95441936888766,84.90548844535726,82.95441936888766,96,101,96,101,-1,4,-1,4,-1,4,-1,4,96,101,96,101,0.03605281236865155,,,,,,,,,0,0,0,0,52,48,-52,-48,38.548378519150425,29.551933886209277,8.996444632941149,,,18.150000000000002,18.200000000000003,18.150000000000002,18.200000000000003,0.00021287245746106034,0.00017913655628434537,,,,
1784611440.002,18.2,18.25,18.2,18.25,0,0,0,0,0,0,18.1,17.9,,,,,18.225,,,,,,,,,,,81.67445377238685,76.06261568178222,81.67445377238685,76.06261568178222,86.60833249964864,84.78137593426814,86.60833249964864,84.78137593426814,96,101,96,101,-1,4,-1,4,-1,4,-1,4,96,101,96,101,0.06417603069473901,,,,,,,,,0,0,0,0,52,48,-52,-48,45.54916150997503,34.758282762392426,10.790878747582603,,,18.2,18.25,18.2,18.25,0.00024565796562549665,0.00019493370825956276,,,,
1784611440.003,18.25,18.3,18.25,18.3,0,0,0,0,0,0,18.1,17.9,,,,,18.275,,,,,,,,,,,82.9834213600735,77.0513022072524,82.9834213600735,77.0513022072524,88.10125978961482,86.44131786194149,88.10125978961482,86.44131786194149,96,101,96,101,-1,4,-1,4,-1,4,-1,4,96,101,96,101,0.08838464363225448,,,,,,,,,0,0,0,0,52,48,-52,-48,51.28184816260496,41.52794703540077,9.753901127204188,,,18.25,18.3,18.25,18.3,0.0002830770297626009,0.00021449856424112513,,,,
1784611680,18.3,18.35,18.3,18.35,0,0,0,0,0,0,18.1,17.9,,,,,18.325000000000003,,,,,,,,,,,84.1988912629254,78.07238635806284,84.1988912629254,78.07238635806284,89.32488934347937,87.88310360271043,89.32488934347937,87.88310360271043,96,101,96,101,-1,4,-1,4,-1,4,-1,4,96,101,96,101,0.10606763576060985,,,,,,,,,0,0,0,0,52,48,-52,-48,55.76758193466836,47.7867425315997,7.980839403068657,,,18.3,18.35,18.3,18.35,0.0003161585752938523,0.00023714794710096279,,,,
1784611920,18.35,18.400000000000002,18.35,18.400000000000002,0,0,0,0,0,0,18.1,17.9,,,,,18.375,,,,,,,,,,,85.32754188700217,79.10883714791133,85.32754188700217,79.10883714791133,90.37371467536327,89.12840913903685,90.37371467536327,89.12840913903685,96,101,96,101,-1,4,-1,4,-1,4,-1,4,96,101,96,101,0.12103691712031006,,,,,,,,,0,0,0,0,52,48,-52,-48,59.4458885214358,53.01112003217104,6.434768489264755,,,18.35,18.400000000000002,18.35,18.400000000000002,0.0003471079948184514,0.0002657488813757589,,,,
1784611920.001,18.400000000000002,18.450000000000003,18.400000000000002,18.450000000000003,0,0,0,0,0,0,18.1,17.9,,,,,18.425000000000004,,,,,,,,,,,86.37557460935916,80.14694249954674,86.37557460935916,80.14694249954674,91.28051421822708,90.20446167863196,91.28051421822708,90.20446167863196,96,101,96,101,-1,4,-1,4,-1,4,-1,4,96,101,96,101,0.13890487067951265,,,,,,,,,0,0,0,0,52,48,-52,-48,62.1513911056556,57.161677431091185,4.989713674564413,,,18.400000000000002,18.450000000000003,18.400000000000002,18.450000000000003,0.00038056074945746083,0.00029757246206982047,,,,
1784613120,18.45,18.5,18.39,18.5,0,0,0,0,0,0,18.1,17.9,,,,,18.475,,,,,,,,,,,87.3487478515478,81.1757718355469,87.3487478515478,81.1757718355469,91.83351435155394,91.01898801509296,91.83351435155394,91.01898801509296,96,101,96,101,-1,4,-1,4,-1,4,-1,4,96,101,96,101,0.15695893141317363,,,,,,,,,0,0,0,0,52,48,-52,-48,63.053965417790714,60.10470674488762,2.949258672903092,,,18.45,18.5,18.39,18.5,0.0004147310180578632,0.0003312155555026209,,,,
1784613120.001,18.5,18.55,18.5,18.55,0,0,0,0,0,0,18.1,17.9,,,,,18.525,,,,,,,,,,,88.2524087192944,82.18671996179653,88.2524087192944,82.18671996179653,92.59774067155328,91.80836434332312,92.59774067155328,91.80836434332312,96,101,96,101,-1,4,-1,4,-1,4,-1,4,96,101,96,101,0.17016981969182826,,,,,,,,,0,0,0,0,52,48,-52,-48,65.00863978813236,62.41497120825362,2.593668579878738,,,18.5,18.55,18.5,18.55,0.000449321317860572,0.00036515944754180016,,,,
1784613600,18.55,18.6,18.55,18.6,0,0,0,0,0,0,18.1,17.9,,,,,18.575000000000003,,,,,,,,,,,89.09152238220193,83.17312030756872,89.09152238220193,83.17312030756872,93.27926644027876,92.54381539180093,93.27926644027876,92.54381539180093,96,101,96,101,-1,4,-1,4,-1,4,-1,4,96,101,96,101,0.1925063037109699,,,,,,,,,0,0,0,0,52,48,-52,-48,66.2365847446663,64.11264526406124,2.1239394806050598,,,18.55,18.6,18.55,18.6,0.000488320289565892,0.00039936665750901534,,,,
1784613840,18.6,18.650000000000002,18.6,18.650000000000002,0,0,0,0,0,0,18.1,17.9,,,,,18.625,,,,,,,,,,,89.8706993549018,84.12991731433058,89.8706993549018,84.12991731433058,93.88663754845764,93.2152264701293,93.88663754845764,93.2152264701293,96,101,96,101,-1,4,-1,4,-1,4,-1,4,96,101,96,101,0.21314089315083048,,,,,,,,,0,0,0,0,52,48,-52,-48,67.04768270338707,65.33671816349411,1.7109645398929558,,,18.6,18.650000000000002,18.6,18.650000000000002,0.0005247491447108347,0.0004341317524118457,,,,
1784613840.001,18.650000000000002,18.700000000000003,18.650000000000002,18.700000000000003,0,0,0,0,0,0,18.1,17.9,,,,,18.675000000000004,,,,,,,,,,,90.59422082955167,85.05338924507646,90.59422082955167,85.05338924507646,94.42774912791387,93.82148779902158,94.42774912791387,93.82148779902158,96,101,96,101,-1,4,-1,4,-1,4,-1,4,96,101,96,101,0.22433798238636266,,,,,,,,,0,0,0,0,52,48,-52,-48,67.51356847029496,66.45161892662017,1.0619495436747854,,,18.650000000000002,18.700000000000003,18.650000000000002,18.700000000000003,0.0005600830095861055,0.0004696275882064547,,,,
1784614320,18.7,18.75,18.7,18.75,0,0,0,0,0,0,18.1,17.9,,,,,18.725,,,,,,,,,,,91.26606219886942,85.94091395276118,91.26606219886942,85.94091395276118,94.90981322424015,94.36565051163086,94.90981322424015,94.36565051163086,96,101,96,101,-1,4,-1,4,-1,4,-1,4,96,101,96,101,0.23615138712949688,,,,,,,,,0,0,0,0,52,48,-52,-48,67.75481152467803,67.13816186075658,0.61664966392145,,,18.7,18.75,18.7,18.75,0.0005972125629033878,0.0005057362237807758,,,,
1784614320.001,18.75,18.8,18.75,18.8,0,0,0,0,0,0,18.1,17.9,,,,,18.775,,,,,,,,,,,91.88991489895018,86.79077123078818,91.88991489895018,86.79077123078818,95.33936371601537,94.85250711382312,95.33936371601537,94.85250711382312,96,101,96,101,-1,4,-1,4,-1,4,-1,4,96,101,96,101,0.25032527987096764,,,,,0.25032527987096764,,0.25032527987096764,,0,0,0,0,52,48,-52,-48,67.85169107123717,67.5419384423993,0.30975262883787025,,,18.75,18.8,18.75,18.8,0.0006353687006481409,0.0005425091708791555,,,,
1784615040,18.75,18.75,18.7,18.7,0,0,0,0,0,0,18.1,17.9,,,,,18.725,,,,,,,,,,,91.91975614243175,87.52348336102297,91.91975614243175,87.52348336102297,94.81469270896552,94.83359991139432,94.81469270896552,94.83359991139432,96,101,96,101,-1,4,-1,4,-1,4,-1,4,96,101,96,101,0.22505455177585604,,,,,,,,,0,0,0,0,52,48,-52,-48,62.1668550041161,66.32173151758155,-4.154876513465453,66.32173151758155,66.32173151758155,18.75,18.75,18.7,18.7,0.0006479918882718376,0.0005756209326143665,,,,
1784616480,18.7,18.7,18.65,18.65,0,0,0,0,0,0,18.1,17.9,,,,,18.674999999999997,,,,,,,,,,,91.67274059379652,88.11623439427635,91.67274059379652,88.11623439427635,93.62092708387523,94.22726349763477,93.62092708387523,94.22726349763477,96,101,96,101,-1,4,-1,4,-1,4,-1,4,96,101,96,101,0.16986721998052257,,,,,,,,,0,0,0,0,52,48,-52,-48,51.75390553386352,62.3818157834737,-10.627910249610181,,,18.7,18.7,18.65,18.65,0.0006538301071744855,0.0006032059022157987,,,,
1784683800,18.7,18.75,18.7,18.75,0,0,0,0,0,0,18.1,17.9,,,,,18.725,,,,,,,,,,,91.99281956237151,88.6700322754328,91.99281956237151,88.6700322754328,93.49055654808353,93.85891002285915,93.49055654808353,93.85891002285915,96,101,96,101,-1,4,-1,4,-1,4,-1,4,96,101,96,101,0.15783782932444868,0.15783782932444868,,0.15783782932444868,,,,,,0,0,0,0,52,48,-52,-48,50.80447098990247,58.14423064977981,-7.339759659877338,,,18.7,18.75,18.7,18.75,0.0006667246805117284,0.0006268684915159477,,,,
1784683800.001,18.75,18.8,18.75,18.8,0,0,0,0,0,0,18.1,17.9,,,,,18.775,,,,,,,,,,,92.56476102220212,89.22642209639984,92.56476102220212,89.22642209639984,94.12285799359542,93.99088400822728,94.12285799359542,93.99088400822728,96,101,96,101,-1,4,-1,4,-1,4,-1,4,96,101,96,101,0.1812933390495376,,,,,,,,,0,0,0,0,52,48,-52,-48,53.345067936778975,54.51757486616526,-1.1725069293862873,,,18.75,18.8,18.75,18.8,0.0006808220137537083,0.0006469916588772148,,,,
1784683800.002,18.8,18.85,18.8,18.85,0,0,0,0,0,0,18.1,17.9,,,,,18.825000000000003,,,,,,,,,,,93.09584952061626,89.77919744271648,93.09584952061626,89.77919744271648,94.6795642773958,94.33522414281154,94.6795642773958,94.33522414281154,96,101,96,101,-1,4,-1,4,-1,4,-1,4,96,101,96,101,0.2034250751703208,,,,,,,,,0,0,0,0,52,48,-52,-48,57.046660694984375,53.23752628888233,3.8091344061020465,53.23752628888233,53.23752628888233,18.8,18.85,18.8,18.85,0.000698009789581871,0.0006637911966569619,,,,
1784683800.003,18.85,18.900000000000002,18.85,18.900000000000002,0,0,0,0,0,0,18.1,17.9,,,,,18.875,,,,,,,,,,,93.58900312628653,90.3234553975122,93.58900312628653,90.3234553975122,95.17008474450638,94.75265444365897,95.17008474450638,94.75265444365897,96,101,96,101,-1,4,-1,4,-1,4,-1,4,96,101,96,101,0.2220953054214092,,,,,,,,,0,0,0,0,52,48,-52,-48,60.90991454244217,55.52652854102699,5.383386001415182,,,18.85,18.900000000000002,18.85,18.900000000000002,0.0007179365069287969,0.000677552497703738,,,,
1784683800.004,18.900000000000002,18.950000000000003,18.900000000000002,18.950000000000003,0,0,0,0,0,0,18.1,17.9,,,,,18.925000000000004,,,,,,,,,,,94.04693147440892,90.8553805513546,94.04693147440892,90.8553805513546,95.60267238074807,95.17766341220351,95.60267238074807,95.17766341220351,96,101,96,101,-1,4,-1,4,-1,4,-1,4,96,101,96,101,0.24047128598952633,,,,,,,,,0,0,0,0,52,48,-52,-48,64.08036635915501,58.84550238334013,5.234863975814875,,,18.900000000000002,18.950000000000003,18.900000000000002,18.950000000000003,0.0007369026983694336,0.0006923709660533371,,,,
1784683800.005,18.95,19,18.95,19,0,0,0,0,0,0,18.1,17.9,,,,,18.975,,,,,,,,,,,94.47215065480829,91.37206199470513,94.47215065480829,91.37206199470513,95.984556621922,95.58111001706276,95.984556621922,95.58111001706276,96,101,96,101,-1,4,-1,4,-1,4,-1,4,96,101,96,101,0.25917624334167466,,,,,,,,,0,0,0,0,52,48,-52,-48,66.46737538604573,62.12607924565682,4.341296140388913,,,18.95,19,18.95,19,0.0007602253926661019,0.0007101035136352733,,,,
1784683800.006,19,19.05,19,19.05,0,0,0,0,0,0,18.1,17.9,,,,,19.025,,,,,,,,,,,94.8669970366077,91.87133842926265,94.8669970366077,91.87133842926265,96.32206388136407,95.95158694921341,96.32206388136407,95.95158694921341,96,101,96,101,-1,4,-1,4,-1,4,-1,4,96,101,96,101,0.27809640851093104,,,,,,,,,0,0,0,0,52,48,-52,-48,68.15051550519581,64.90204294820968,3.2484725569861297,,,19,19.05,19,19.05,0.0007840209808158574,0.0007296528970192948,,,,
1784683800.007,19.05,19.1,19.05,19.1,0,0,0,0,0,0,18.1,17.9,,,,,19.075000000000003,,,,,,,,,,,95.23364010542143,92.35166724014246,95.23364010542143,92.35166724014246,96.62072595726899,96.2861564532412,96.62072595726899,96.2861564532412,96,101,96,101,-1,4,-1,4,-1,4,-1,4,96,101,96,101,0.29657746690144027,,,,,,,,,0,0,0,0,52,48,-52,-48,68.66762499881973,66.84147056230407,1.8261544365156652,,,19.05,19.1,19.05,19.1,0.0008091099009311053,0.000751034211548861,,,,
1784683800.008,19.1,19.150000000000002,19.1,19.150000000000002,0,0,0,0,0,0,18.1,17.9,,,,,19.125,,,,,,,,,,,95.57409438360561,92.81201397492292,95.57409438360561,92.81201397492292,96.88537688376601,96.58576666850361,96.88537688376601,96.58576666850361,96,101,96,101,-1,4,-1,4,-1,4,-1,4,96,101,96,101,0.3144497380108416,,,,,,,,,0,0,0,0,52,48,-52,-48,68.64196043892605,67.98186908224683,0.6600913566792173,,,19.1,19.150000000000002,19.1,19.150000000000002,0.0008368189286189242,0.0007741690680550364,,,,
1784683800.009,19.150000000000002,19.200000000000003,19.150000000000002,19.200000000000003,0,0,0,0,0,0,18.1,17.9,,,,,19.175000000000004,,,,,,,,,,,95.89023049906235,93.25175919265712,95.89023049906235,93.25175919265712,97.12023900961458,96.85300283905909,97.12023900961458,96.85300283905909,96,101,96,101,-1,4,-1,4,-1,4,-1,4,96,101,96,101,0.3318512709042005,,,,,,,,,0,0,0,0,52,48,-52,-48,68.38745447815079,68.46188885527309,-0.0744343771223015,68.46188885527309,68.46188885527309,19.150000000000002,19.200000000000003,19.150000000000002,19.200000000000003,0.0008669946394356415,0.0007990120901395105,,,,
1784683800.01,19.200000000000003,19.250000000000004,19.200000000000003,19.250000000000004,0,0,0,0,0,0,18.1,17.9,,,,,19.225,,,,,,,,,,,96.18378546341503,93.67062008847968,96.18378546341503,93.67062008847968,97.32899919162506,97.09100101534207,97.32899919162506,97.09100101534207,96,101,96,101,-1,4,-1,4,-1,4,-1,4,96,101,96,101,0.3486959683241046,,,,,,,,,0,0,0,0,52,48,-52,-48,68.06328411059141,68.440081006622,-0.37679689603058364,,,19.200000000000003,19.250000000000004,19.200000000000003,19.250000000000004,0.0008974516459265557,0.0008257702480656976,,,,
1784683800.011,19.25,19.3,19.25,19.3,0,0,0,0,0,0,18.1,17.9,,,,,19.275,,,,,,,,,,,96.45637221602826,94.06858467812948,96.45637221602826,94.06858467812948,97.51487601943596,97.30293851738901,97.51487601943596,97.30293851738901,96,101,96,101,-1,4,-1,4,-1,4,-1,4,96,101,96,101,0.3652010101634403,,,,,,,,,0,0,0,0,52,48,-52,-48,67.72027451745141,68.20324338627991,-0.4829688688284932,,,19.25,19.3,19.25,19.3,0.0009312845033908542,0.0008542800998531564,,,,
1784683800.012,19.3,19.35,19.3,19.35,0,0,0,0,0,0,18.1,17.9,,,,,19.325000000000003,,,,,,,,,,,96.70948848631194,94.44585665072698,96.70948848631194,94.44585665072698,97.66581209829205,97.48437530784054,97.66581209829205,97.48437530784054,96,101,96,101,-1,4,-1,4,-1,4,-1,4,96,101,96,101,0.3819217521957646,,,,,,,,,0,0,0,0,52,48,-52,-48,67.42581236831035,67.89920636862598,-0.4733940003156363,,,19.3,19.35,19.3,19.35,0.0009658395539918486,0.0008845831953824883,,,,
1784683800.013,19.35,19.400000000000002,19.35,19.400000000000002,0,0,0,0,0,0,18.1,17.9,,,,,19.375,,,,,,,,,,,96.94452502300395,94.80280927533798,96.94452502300395,94.80280927533798,97.7951858801687,97.63978059400462,97.7951858801687,97.63978059400462,96,101,96,101,-1,4,-1,4,-1,4,-1,4,96,101,96,101,0.3980436376377194,,,,,,,,,0,0,0,0,52,48,-52,-48,67.18952510095616,67.59972402432733,-0.41019892337116914,,,19.35,19.400000000000002,19.35,19.400000000000002,0.0009944103228651173,0.000915466599038157,,,,
1784684040,19.400000000000002,19.450000000000003,19.400000000000002,19.450000000000003,0,0,0,0,0,0,18.1,17.9,,,,,19.425000000000004,,,,,,,,,,,97.16277323564653,95.1399469839535,97.16277323564653,95.1399469839535,97.90607769320583,97.77292914360523,97.90607769320583,97.77292914360523,96,101,96,101,-1,4,-1,4,-1,4,-1,4,96,101,96,101,0.4278960093933492,,,,,,,,,0,0,0,0,52,48,-52,-48,67.00872629801488,67.33608457118319,-0.3273582731683149,,,19.400000000000002,19.450000000000003,19.400000000000002,19.450000000000003,0.0010195124912510138,0.0009459155261435053,,,,
1784684040.001,19.450000000000003,19.500000000000004,19.450000000000003,19.500000000000004,0,0,0,0,0,0,18.1,17.9,,,,,19.475,,,,,,,,,,,97.3654322902432,95.4578734562806,97.3654322902432,95.4578734562806,98.00816511634392,97.89054712997458,98.00816511634392,97.89054712997458,96,101,96,101,-1,4,-1,4,-1,4,-1,4,96,101,96,101,0.4595311130633882,,,,,,,,,0,0,0,0,52,48,-52,-48,66.8755711759985,67.12490873581996,-0.24933755982145556,,,19.450000000000003,19.500000000000004,19.450000000000003,19.500000000000004,0.0010478452742030957,0.0009760572986047475,,,,
1784684280,19.5,19.55,19.5,19.55,0,0,0,0,0,0,18.1,17.9,,,,,19.525,,,,,,,,,,,97.55361569808296,95.7572652051095,97.55361569808296,95.7572652051095,98.10223676639002,97.99639194818229,98.10223676639002,97.99639194818229,96,101,96,101,-1,4,-1,4,-1,4,-1,4,96,101,96,101,0.4693031848651554,,,,,,,,,0,0,0,0,52,48,-52,-48,66.78083310698985,66.96366392048984,-0.18283081349999009,,,19.5,19.55,19.5,19.55,0.001075848225748414,0.0010057900619083904,,,,
1784684280.001,19.55,19.6,19.55,19.6,0,0,0,0,0,0,18.1,17.9,,,,,19.575000000000003,,,,,,,,,,,97.72835743393418,96.03884980922733,97.72835743393418,96.03884980922733,98.18286960928668,98.08963077873449,98.18286960928668,98.08963077873449,96,101,96,101,-1,4,-1,4,-1,4,-1,4,96,101,96,101,0.47339583817369546,,,,,0.47339583817369546,,0.47339583817369546,,0,0,0,0,52,48,-52,-48,66.71574946888268,66.84522001247146,-0.12947054358878063,,,19.55,19.6,19.55,19.6,0.001105534772607767,0.0010348317734445427,,,,
1784684520,19.55,19.55,19.5,19.5,0,0,0,0,0,0,18.1,17.9,,,,,19.525,,,,,,,,,,,97.48477346138043,96.2454103309635,97.48477346138043,96.2454103309635,97.65428232520138,97.87195655196794,97.65428232520138,97.87195655196794,96,101,96,101,-1,4,-1,4,-1,4,-1,4,96,101,96,101,0.4481880872535613,,,,,,,,,0,0,0,0,52,48,-52,-48,59.5707645953339,64.98572958680121,-5.414964991467315,,,19.55,19.55,19.5,19.5,0.0011167710101922554,0.0010599870161446107,,,,
1784684760,19.55,19.6,19.55,19.6,0,0,0,0,0,0,18.1,17.9,,,,,19.575000000000003,,,,,,,,,,,97.66443249985325,96.44812778366202,97.66443249985325,96.44812778366202,97.78530321751956,97.82862988474375,97.78530321751956,97.82862988474375,96,101,96,101,-1,4,-1,4,-1,4,-1,4,96,101,96,101,0.43041444606865265,,,,,,,,,0,0,0,0,52,48,-52,-48,59.31204771192084,63.094848720781805,-3.7828010088609645,,,19.55,19.6,19.55,19.6,0.0011323354677288892,0.0010829745402885726,,,,
1784684760.001,19.6,19.650000000000002,19.6,19.650000000000002,0,0,0,0,0,0,18.1,17.9,,,,,19.625,,,,,,,,,,,97.83125874986374,96.64571792169083,97.83125874986374,96.64571792169083,97.89760683950657,97.86311836212516,97.89760683950657,97.86311836212516,96,101,96,101,-1,4,-1,4,-1,4,-1,4,96,101,96,101,0.445936819392163,,,,,,,,,0,0,0,0,52,48,-52,-48,61.00499947314506,61.650890312320605,-0.6458908391755429,,,19.6,19.650000000000002,19.6,19.650000000000002,0.0011472245544421119,0.0011042598841537556,,,,
1784685240,19.650000000000002,19.700000000000003,19.650000000000002,19.700000000000003,0,0,0,0,0,0,18.1,17.9,,,,,19.675000000000004,,,,,,,,,,,97.98616883915918,96.83721090990059,97.98616883915918,96.83721090990059,97.993867086924,97.92849272452457,97.993867086924,97.92849272452457,96,101,96,101,-1,4,-1,4,-1,4,-1,4,96,101,96,101,0.4562178895789668,,,,,,,,,0,0,0,0,52,48,-52,-48,63.44250893482915,60.83258017880722,2.6099287560219295,60.83258017880722,60.83258017880722,19.650000000000002,19.700000000000003,19.650000000000002,19.700000000000003,0.0011648975288476241,0.001123768593261177,,,,
1784685240.001,19.700000000000003,19.750000000000004,19.700000000000003,19.750000000000004,0,0,0,0,0,0,18.1,17.9,,,,,19.725,,,,,,,,,,,98.13001392207639,97.02189705449713,98.13001392207639,97.02189705449713,98.07637587042466,98.00243429747462,98.07637587042466,98.00243429747462,96,101,96,101,-1,4,-1,4,-1,4,-1,4,96,101,96,101,0.46221817675240845,,,,,,,,,0,0,0,0,52,48,-52,-48,65.71307700867818,62.3681582821433,3.3449187265348854,,,19.700000000000003,19.750000000000004,19.700000000000003,19.750000000000004,0.0011832203678830843,0.001141663950283622,,,,
1784685480,19.75,19.8,19.75,19.8,0,0,0,0,0,0,18.1,17.9,,,,,19.775,,,,,,,,,,,98.26358435621378,97.19928095474236,98.26358435621378,97.19928095474236,98.14854507231942,98.07548968489702,98.14854507231942,98.07548968489702,96,101,96,101,-1,4,-1,4,-1,4,-1,4,96,101,96,101,0.4649308476546703,,,,,,,,,0,0,0,0,52,48,-52,-48,67.53398079744719,64.42364155352489,3.110339243922297,,,19.75,19.8,19.75,19.8,0.0012035804433212715,0.0011580048954025395,,,,
1784685960,19.8,19.85,19.73,19.85,0,0,0,0,0,0,18.1,17.9,,,,,19.825000000000003,,,,,,,,,,,98.38761404505566,97.36904282478713,98.38761404505566,97.36904282478713,98.0803576158041,98.07792365035056,98.0803576158041,98.07792365035056,96,101,96,101,-1,4,-1,4,-1,4,-1,4,96,101,96,101,0.4723369510258229,,,,,,,,,0,0,0,0,52,48,-52,-48,67.63638761218859,66.08148858828577,1.55489902390282,,,19.8,19.85,19.73,19.85,0.0012244856902001162,0.0011759573420705163,,,,
1784685960.001,19.85,19.900000000000002,19.85,19.900000000000002,0,0,0,0,0,0,18.1,17.9,,,,,19.875,,,,,,,,,,,98.50278447040883,97.5310059170188,98.50278447040883,97.5310059170188,98.15051060946475,98.11421712990764,98.15051060946475,98.11421712990764,96,101,96,101,-1,4,-1,4,-1,4,-1,4,96,101,96,101,0.4826870952688325,,,,,,,,,0,0,0,0,52,48,-52,-48,69.28133175469955,67.54119429325337,1.7401374614461815,,,19.85,19.900000000000002,19.85,19.900000000000002,0.0012441919500116871,0.0011946000891176491,,,,
1784687400,19.900000000000002,19.950000000000003,19.83,19.950000000000003,0,0,0,0,0,0,18.1,17.9,,,,,19.925000000000004,,,,,,,,,,,98.6097284368082,97.68510913413158,98.6097284368082,97.68510913413158,98.06778460403102,98.09100086696932,98.06778460403102,98.09100086696932,96,101,96,101,-1,4,-1,4,-1,4,-1,4,96,101,96,101,0.48796275936712175,,,,,,,,,0,0,0,0,52,48,-52,-48,69.14516813770179,68.39921707550927,0.7459510621925176,,,19.900000000000002,19.950000000000003,19.83,19.950000000000003,0.0012638203533885514,0.0012140327222753891,,,,
1784687400.001,19.950000000000003,20.000000000000004,19.950000000000003,20.000000000000004,0,0,0,0,0,0,18.1,17.9,,,,,19.975,,,,,,,,,,,98.70903354846475,97.83138405046488,98.70903354846475,97.83138405046488,98.13973374223067,98.1153673046,98.13973374223067,98.1153673046,96,101,96,101,-1,4,-1,4,-1,4,-1,4,96,101,96,101,0.494111559939824,,,,,,,,,0,0,0,0,52,48,-52,-48,70.22546043640527,69.07208698524879,1.153373451156483,,,19.950000000000003,20.000000000000004,19.950000000000003,20.000000000000004,0.0012855056099551653,0.001234134069126646,,,,
1784687640,20,20.05,20,20.05,0,0,0,0,0,0,18.1,17.9,,,,,20.025,,,,,,,,,,,98.80124543786012,97.96993567723563,98.80124543786012,97.96993567723563,98.20140443211609,98.15838586835804,98.20140443211609,98.15838586835804,96,101,96,101,-1,4,-1,4,-1,4,-1,4,96,101,96,101,0.503388203524958,,,,,,,,,1,0,0,0,52,48,-52,-48,70.66818526015349,69.83003639724001,0.838148862913485,,,20,20.05,20,20.05,0.0013078169241886478,0.00125490016184424,,,,
1784687640.001,20.05,20.1,20.05,20.1,0,0,0,0,0,0,18.1,17.9,,,,,20.075000000000003,,,,,,,,,,,98.88687076372726,98.1009264038773,98.88687076372726,98.1009264038773,98.26130232112415,98.2098440947411,98.26130232112415,98.2098440947411,96,101,96,101,-1,4,-1,4,-1,4,-1,4,96,101,96,101,0.5120304116374216,,,,,,,,,0,0,0,0,52,48,-52,-48,70.74306206174482,70.19546897400133,0.5475930877434934,,,20.05,20.1,20.05,20.1,0.0013317895350992315,0.0012762683438072332,,,,
1784687880,20.1,20.150000000000002,20.1,20.150000000000002,0,0,0,0,0,0,18.1,17.9,,,,,20.125,,,,,,,,,,,98.9663799948896,98.22456263116477,98.9663799948896,98.22456263116477,98.31921151334451,98.26452780404281,98.31921151334451,98.26452780404281,96,101,96,101,-1,4,-1,4,-1,4,-1,4,96,101,96,101,0.5198286954604728,,,,,0.5198286954604728,,0.5198286954604728,,0,0,0,0,52,48,-52,-48,70.58870267044138,70.55635260718623,0.03235006325515144,,,20.1,20.150000000000002,20.1,20.150000000000002,0.0013561909850593795,0.0012982192262837773,,,,
1784688360,20.1,20.1,20.05,20.05,0,0,0,0,0,0,18.1,17.9,,,,,20.075000000000003,,,,,,,,,,,98.73099540032574,98.29691016961634,98.73099540032574,98.29691016961634,97.79741939239052,98.03097359821666,97.79741939239052,98.03097359821666,96,101,96,101,-1,4,-1,4,-1,4,-1,4,96,101,96,101,0.5006097152689241,,,,,,,,,0,0,0,0,52,48,-52,-48,65.01557866546071,69.25388216445009,-4.2383034989893815,69.25388216445009,69.25388216445009,20.1,20.1,20.05,20.05,0.001362275229621164,0.0013178997728853566,,,,
1784688360.001,20.05,20.05,20,20,0,0,0,0,0,0,18.1,17.9,,,,,20.025,,,,,,,,,,,98.35781669362343,98.30561110161736,98.35781669362343,98.30561110161736,96.8739785268109,97.45247606251378,96.8739785268109,97.45247606251378,96,101,96,101,-1,4,-1,4,-1,4,-1,4,96,101,96,101,0.4561847979695757,,,,,,,,,0,0,0,0,52,48,-52,-48,55.681328957799295,65.50716808886153,-9.825839131062239,,,20.05,20.05,20,20,0.0013583327179854524,0.001333651833651507,,,,
1784688360.002,20,20,19.95,19.95,0,0,0,0,0,0,18.1,17.9,,,,,19.975,,,,,,,,,,,97.85668631136399,98.24147898872401,97.85668631136399,98.24147898872401,95.54715400820241,96.4998150353581,95.54715400820241,96.4998150353581,96,101,96,101,-1,4,-1,4,-1,4,-1,4,96,101,96,101,0.41116639292189594,,,,,,,,,0,0,0,0,52,48,-52,-48,41.707293727958806,58.24822600541504,-16.540932277456236,,,20,20,19.95,19.95,0.0013398183837814506,0.0013427039626225544,0.0013398183837814506,20,,
1784688360.003,19.950000000000003,19.950000000000003,19.900000000000002,19.900000000000002,0,0,0,0,0,0,18.1,17.9,,,,,19.925000000000004,,,,,,,,,,,97.23674365894435,98.09794537018406,97.23674365894435,98.09794537018406,93.83633608866329,95.1680755620107,93.83633608866329,95.1680755620107,96,101,96,101,-1,4,-1,4,-1,4,-1,4,96,101,96,101,0.36553879045711735,,,,,,,,,0,0,0,0,52,48,-52,-48,26.075420575856423,47.119905481768804,-21.04448490591238,,,19.950000000000003,19.950000000000003,19.900000000000002,19.900000000000002,0.0013153416782643828,0.0013439580883018434,,,,
1784688840,19.900000000000002,19.900000000000002,19.85,19.85,0,0,0,0,0,0,20.1,19.85,,,,,19.875,,,,,,,,,,,96.50647532709024,97.87059250688495,96.50647532709024,97.87059250688495,91.7538965416056,93.46098605180815,91.7538965416056,93.46098605180815,96,101,96,101,-1,4,-1,4,-1,4,-1,4,96,101,96,101,0.31745550488795726,,,,,,,,,0,0,0,0,52,48,-52,-48,10.989415306471264,33.613364642021445,-22.62394933555018,,,19.900000000000002,19.900000000000002,19.85,19.85,0.001284653914127974,0.0013361021514733005,,,,
1784688840.001,19.85,19.85,19.8,19.8,0,0,0,0,0,0,20.1,19.85,,,,,19.825000000000003,,,,,,,,,,,95.67376172147557,97.55675953754076,95.67376172147557,97.55675953754076,89.30553769500258,91.38326187340536,89.30553769500258,91.38326187340536,96,101,96,101,-1,4,-1,4,-1,4,-1,4,96,101,96,101,0.2850770394424222,,,,,,,,,0,0,0,0,52,48,-52,-48,-2.4108161279647877,19.09032837058042,-21.50114449854521,,,19.85,19.85,19.8,19.8,0.0012478000933149771,0.0013180370028492334,,,,
1784690280,19.85,19.900000000000002,19.85,19.900000000000002,0,0,0,0,0,0,20.1,19.85,,,,,19.875,,,,,,,,,,,95.20974225404798,97.22147135418466,95.20974225404798,97.22147135418466,87.74760373857364,89.5654328059895,87.74760373857364,89.5654328059895,96,101,96,101,-1,4,-1,4,-1,4,-1,4,96,101,96,101,0.28641816546635873,,,,,,,,,0,0,0,0,52,48,-52,-48,-4.990151233221212,7.415967130285415,-12.406118363506627,,,19.85,19.900000000000002,19.85,19.900000000000002,0.001223101397161663,0.0012948413641059836,,,,
1784690520,19.900000000000002,19.950000000000003,19.900000000000002,19.950000000000003,0,0,0,0,0,0,20.1,19.85,,,,,19.925000000000004,,,,,,,,,,,94.90255287226535,96.89019728533904,94.90255287226535,96.89019728533904,86.87889844258696,88.22216562428824,86.87889844258696,88.22216562428824,96,101,96,101,-1,4,-1,4,-1,4,-1,4,96,101,96,101,0.295002382885402,,,,,,,,,0,0,0,0,52,48,-52,-48,-0.011129055097036655,0.8943297225470497,-0.9054587776440863,,,19.900000000000002,19.950000000000003,19.900000000000002,19.950000000000003,0.0012046417707093045,0.0012692262062266254,,,,
1784690520.001,19.950000000000003,20.000000000000004,19.950000000000003,20.000000000000004,0,0,0,0,0,0,20.1,19.85,,,,,19.975,,,,,,,,,,,94.76831736810023,96.58707158287636,94.76831736810023,96.58707158287636,86.6415402799814,87.43185295213482,86.6415402799814,87.43185295213482,96,101,96,101,-1,4,-1,4,-1,4,-1,4,96,101,96,101,0.2920795550069406,,,,,,,,,0,0,0,0,52,48,-52,-48,9.865984591199469,0.613472043729101,9.252512547470367,0.613472043729101,0.613472043729101,19.950000000000003,20.000000000000004,19.950000000000003,20.000000000000004,0.0011899187688035587,0.0012442429370636435,,,,
1784696400,19.950000000000003,19.950000000000003,19.900000000000002,19.900000000000002,0,0,0,0,0,0,20.1,19.85,,,,,19.925000000000004,,,,,,,,,,,94.29166884861009,96.2591569065526,94.29166884861009,96.2591569065526,85.5628786815425,86.49736581683865,85.5628786815425,86.49736581683865,96,101,96,101,-1,4,-1,4,-1,4,-1,4,96,101,96,101,0.2719377071010939,,,,,,,,,0,0,0,0,52,48,-52,-48,6.017404728468206,2.720527257837351,3.2968774706308546,,,19.950000000000003,19.950000000000003,19.900000000000002,19.900000000000002,0.0011647603008205006,0.0012191460408229964,,,,
1784696880,19.950000000000003,20.000000000000004,19.87,20.000000000000004,0,0,0,0,0,0,20.000000000000004,19.85,,,,,19.975,,,,,,,,,,,94.18920270636242,95.96344916366829,94.18920270636242,95.96344916366829,85.09471233928137,85.79603907806,85.09471233928137,85.79603907806,96,101,96,101,-1,4,-1,4,-1,4,-1,4,96,101,96,101,0.26880210546393524,,,,,,,,,0,0,0,0,52,48,-52,-48,10.554985431492701,6.606811424015829,3.9481740074768723,,,19.950000000000003,20.000000000000004,19.87,20.000000000000004,0.0011540632215224476,0.001197380925388742,,,,
1784696880.001,20,20.05,20,20.05,0,0,0,0,0,0,20.000000000000004,19.85,,,,,20.025,,,,,,,,,,,94.26412360148619,95.72068836907083,94.26412360148619,95.72068836907083,85.50975343366973,85.65289625586487,85.50975343366973,85.65289625586487,96,101,96,101,-1,4,-1,4,-1,4,-1,4,96,101,96,101,0.29207544979454114,,,,,,,,,1,0,0,0,52,48,-52,-48,24.000266677160653,12.609660357080259,11.390606320080394,,,20,20.05,20,20.05,0.0011504850436052877,0.0011811617504371272,,,,
1784697360,20,20,19.95,19.95,0,0,0,0,0,0,20.000000000000004,19.85,,,,,19.975,,,,,,,,,,,93.97696494702461,95.47158502306422,93.97696494702461,95.47158502306422,84.87302174013792,85.2629589980014,84.87302174013792,85.2629589980014,96,101,96,101,-1,4,-1,4,-1,4,-1,4,96,101,96,101,0.2824659282901817,,,,,,,,,0,0,0,0,52,48,-52,-48,22.298862558001748,15.717879848780829,6.580982709220919,,,20,20,19.95,19.95,0.0011357652641363271,0.0011666057282662377,,,,
1784697360.001,19.950000000000003,19.950000000000003,19.900000000000002,19.900000000000002,0,0,0,0,0,0,20.000000000000004,19.85,,,,,19.925000000000004,,,,,,,,,,,93.5143245936657,95.19197639029301,93.5143245936657,95.19197639029301,83.38322498361028,84.32309199080584,83.38322498361028,84.32309199080584,96,101,96,101,-1,4,-1,4,-1,4,-1,4,96,101,96,101,0.2413002826092715,,,,,,,,,0,0,0,0,52,48,-52,-48,11.363198942255316,17.054328402227608,-5.6911294599722915,17.054328402227608,17.054328402227608,19.950000000000003,19.950000000000003,19.900000000000002,19.900000000000002,0.0011179141738395198,0.0011521511287879403,,,,
1784697360.002,19.900000000000002,19.900000000000002,19.85,19.85,0,0,0,0,0,0,20.000000000000004,19.85,,,,,19.875,,,,,,,,,,,92.87868602378849,94.86150633793523,92.87868602378849,94.86150633793523,81.05116763301054,82.68712981190819,81.05116763301054,82.68712981190819,96,101,96,101,-1,4,-1,4,-1,4,-1,4,96,101,96,101,0.20118490153459756,,,,,,,,,0,0,0,0,52,48,-52,-48,-3.618158464436595,13.511042428245283,-17.12920089268188,,,19.900000000000002,19.900000000000002,19.85,19.85,0.001096649958654074,0.0011366063270963596,,,,
1784697600,19.85,19.85,19.8,19.8,0,0,0,0,0,0,20.000000000000004,19.85,,,,,19.825000000000003,,,,,,,,,,,92.0715618341194,94.4629428373901,92.0715618341194,94.4629428373901,77.86528654258044,80.27620817724431,77.86528654258044,80.27620817724431,96,101,96,101,-1,4,-1,4,-1,4,-1,4,96,101,96,101,0.16372214188242326,,,,,,,,,0,0,0,0,52,48,-52,-48,-16.75448324887757,3.3223549467357243,-20.076838195613295,,,19.85,19.85,19.8,19.8,0.0010682082278570249,0.0011205143149357803,,,,
1784697840,19.8,19.8,19.75,19.75,0,0,0,0,0,0,20.000000000000004,19.85,,,,,19.775,,,,,,,,,,,91.09347730156647,93.98159061798674,91.09347730156647,93.98159061798674,73.78929322697365,77.03275070210898,73.78929322697365,77.03275070210898,96,101,96,101,-1,4,-1,4,-1,4,-1,4,96,101,96,101,0.12976030942625794,,,,,,,,,0,0,0,0,52,48,-52,-48,-27.43667830448505,-9.111530268885975,-18.325148035599074,,,19.8,19.8,19.75,19.75,0.0010348804738790672,0.0011006505236618835,,,,
1784698320,19.75,19.75,19.7,19.7,0,0,0,0,0,0,20.000000000000004,19.85,,,,,19.725,,,,,,,,,,,89.94394320859742,93.40478384521683,89.94394320859742,93.40478384521683,68.75816970475286,72.89546020343093,68.75816970475286,72.89546020343093,96,101,96,101,-1,4,-1,4,-1,4,-1,4,96,101,96,101,0.09410513585345236,,,,,,,,,0,0,0,0,52,48,-52,-48,-35.895890697979624,-20.926302678944708,-14.969588019034916,,,19.75,19.75,19.7,19.7,0.0009964611075953763,0.0010749798676602319,,,,
1784698800,19.700000000000003,19.700000000000003,19.650000000000002,19.650000000000002,0,0,0,0,0,0,20.000000000000004,19.85,,,,,19.675000000000004,,,,,,,,,,,88.63301220019109,92.72310218164172,88.63301220019109,92.72310218164172,62.67183776890907,67.78364898617,62.67183776890907,67.78364898617,96,101,96,101,-1,4,-1,4,-1,4,-1,4,96,101,96,101,0.06080997248420006,,,,,,,,,0,0,0,0,52,48,-52,-48,-43.00324501565547,-30.772574316749427,-12.230670698906046,,,19.700000000000003,19.700000000000003,19.650000000000002,19.650000000000002,0.0009530390409221482,0.0010445254971245353,,,,
1784699040,19.700000000000003,19.750000000000004,19.700000000000003,19.750000000000004,0,0,0,0,0,0,20.000000000000004,19.85,,,,,19.725,,,,,,,,,,,87.82156327680082,92.02288233809303,87.82156327680082,92.02288233809303,58.773663142581476,63.27865606437574,58.773663142581476,63.27865606437574,96,101,96,101,-1,4,-1,4,-1,4,-1,4,96,101,96,101,0.06388988749879251,,,,,,,,,0,0,0,0,52,48,-52,-48,-41.139311798298955,-36.86878145410478,-4.270530344194178,,,19.700000000000003,19.750000000000004,19.700000000000003,19.750000000000004,0.0009236405042847033,0.0010121465521987325,,,,
1784699040.001,19.75,19.8,19.75,19.8,0,0,0,0,0,0,20.000000000000004,19.85,,,,,19.775,,,,,,,,,,,87.17630009902066,91.33051344679697,87.17630009902066,91.33051344679697,56.531271704630285,59.90496388450301,56.531271704630285,59.90496388450301,96,101,96,101,-1,4,-1,4,-1,4,-1,4,96,101,96,101,0.08886281309061647,,,,,,,,,0,0,0,0,52,48,-52,-48,-33.28359286247293,-38.330510093601745,5.046917231128816,-38.330510093601745,-38.330510093601745,19.75,19.8,19.75,19.8,0.0009003036409264997,0.0009794221659108033,,,,
1784699040.002,19.8,19.85,19.8,19.85,0,0,0,0,0,0,20.000000000000004,19.85,,,,,19.825000000000003,,,,,,,,,,,86.75299294909063,90.67658194712463,86.75299294909063,90.67658194712463,55.122042413492636,57.51350314899783,55.122042413492636,57.51350314899783,96,101,96,101,-1,4,-1,4,-1,4,-1,4,96,101,96,101,0.10165394501339466,,,,,,,,,0,0,0,0,52,48,-52,-48,-20.001860091373693,-34.357002441950264,14.355142350576571,,,19.8,19.85,19.8,19.85,0.0008872661080400542,0.0009492651459413083,,,,
1784699760,19.8,19.8,19.75,19.75,0,0,0,0,0,0,20.000000000000004,19.85,,,,,19.775,,,,,,,,,,,85.85588976609105,89.9879116355484,85.85588976609105,89.9879116355484,51.66304934143519,54.588276245216505,51.66304934143519,54.588276245216505,96,101,96,101,-1,4,-1,4,-1,4,-1,4,96,101,96,101,0.08659162505026423,,,,,,,,,0,0,0,0,52,48,-52,-48,-20.56509087227528,-28.747463906105214,8.182373033829933,,,19.8,19.8,19.75,19.75,0.0008652862122785854,0.0009209994356745612,,,,
1784699760.001,19.75,19.75,19.7,19.7,0,0,0,0,0,0,19.85,19.7,,,,,19.725,,,,,,,,,,,84.72332621137025,89.23582800352294,84.72332621137025,89.23582800352294,46.28261372123007,50.43544498322329,46.28261372123007,50.43544498322329,96,101,96,101,-1,4,-1,4,-1,4,-1,4,96,101,96,101,0.05288738751924538,,,,,,,,,0,0,0,0,52,48,-52,-48,-27.53071773441787,-25.345315390134942,-2.1854023442829273,-25.345315390134942,-25.345315390134942,19.75,19.75,19.7,19.7,0.0008411404903587215,0.0008951126661351188,,,,
1784699760.002,19.700000000000003,19.700000000000003,19.650000000000002,19.650000000000002,0,0,0,0,0,0,19.85,19.650000000000002,,,,,19.675000000000004,,,,,,,,,,,83.43356481532,88.40693326235109,83.43356481532,88.40693326235109,40.24224033248291,45.3388426578531,40.24224033248291,45.3388426578531,96,101,96,101,-1,4,-1,4,-1,4,-1,4,96,101,96,101,0.018582677502216826,,,,,,,,,0,0,0,0,52,48,-52,-48,-36.71527844604005,-26.203236786026725,-10.512041660013328,,,19.700000000000003,19.700000000000003,19.650000000000002,19.650000000000002,0.0008084586655668044,0.0008710159369092282,,,,
1784700480,19.650000000000002,19.650000000000002,19.6,19.6,0,0,0,0,0,0,19.85,19.650000000000002,,,,,19.625,,,,,,,,,,,81.9978339951781,87.49134765275494,81.9978339951781,87.49134765275494,35.01282937589452,40.17583601687381,35.01282937589452,40.17583601687381,96,101,96,101,-1,4,-1,4,-1,4,-1,4,96,101,96,101,-0.002780615165475703,,,,,,,,,0,0,0,0,52,48,-52,-48,-44.956713372117065,-32.441950106212566,-12.514763265904499,,,19.650000000000002,19.650000000000002,19.6,19.6,0.0007768384553725404,0.000846548928757201,,,,
1784700960,19.650000000000002,19.700000000000003,19.57,19.700000000000003,0,0,0,0,0,0,19.85,19.650000000000002,,,,,19.675000000000004,,,,,,,,,,,81.14084585266538,86.584133109885,81.14084585266538,86.584133109885,32.32626754387029,36.25105178037205,32.32626754387029,36.25105178037205,96,101,96,101,-1,4,-1,4,-1,4,-1,4,96,101,96,101,0.008088885898910405,,,,,,,,,0,0,0,0,52,48,-52,-48,-44.56741178592106,-38.44253033462401,-6.12488145129705,,,19.650000000000002,19.700000000000003,19.57,19.700000000000003,0.0007627360622430821,0.0008236209989766313,,,,
1784701200,19.700000000000003,19.750000000000004,19.700000000000003,19.750000000000004,0,0,0,0,0,0,19.85,19.650000000000002,,,,,19.725,,,,,,,,,,,80.58316638699883,85.7268521494727,80.58316638699883,85.7268521494727,31.649116022824856,33.950083901598454,31.649116022824856,33.950083901598454,96,101,96,101,-1,4,-1,4,-1,4,-1,4,96,101,96,101,0.02358848155058331,,,,,,,,,0,0,1,0,52,48,-52,-48,-32.799187658089025,-39.759647815541804,6.960460157452779,-39.759647815541804,-39.759647815541804,19.700000000000003,19.750000000000004,19.700000000000003,19.750000000000004,0.0007547370550866756,0.0008015328234844015,,,,
1784703120,19.700000000000003,19.78,19.650000000000002,19.650000000000002,0,0,0,0,0,0,19.85,19.650000000000002,,,,,19.675000000000004,,,,,,,,,,,79.50702888644966,84.83830596904083,79.50702888644966,84.83830596904083,29.984956590992716,31.967520246295585,29.984956590992716,31.967520246295585,96,101,96,101,-1,4,-1,4,-1,4,-1,4,96,101,96,101,-0.0037461970114969698,,,,,,,,,0,0,0,0,52,48,-52,-48,-30.26884415995979,-38.14803924402174,7.879195084061948,,,19.700000000000003,19.78,19.650000000000002,19.650000000000002,0.000735678666333369,0.0007799315658268655,,,,
1784770200,19.650000000000002,19.650000000000002,19.6,19.6,0,0,0,0,0,0,19.85,19.650000000000002,,,,,19.625,,,,,,,,,,,78.16469008843795,83.88493227181185,78.16469008843795,83.88493227181185,26.932918457304204,29.450219351799895,26.932918457304204,29.450219351799895,96,101,96,101,-1,4,-1,4,-1,4,-1,4,96,101,96,101,-0.049434788104228675,,,,,,,,,0,0,0,0,52,48,-52,-48,-39.090220324479006,-36.68141598211222,-2.4088043423667855,-36.68141598211222,-36.68141598211222,19.650000000000002,19.650000000000002,19.6,19.6,0.000711982780455064,0.0007584052808429225,,,,
1784770200.001,19.6,19.6,19.55,19.55,0,0,0,0,0,0,19.85,19.650000000000002,,,,,19.575000000000003,,,,,,,,,,,76.54975190751777,82.83704936262698,76.54975190751777,82.83704936262698,23.56154915387978,26.505884252839838,23.56154915387978,26.505884252839838,96,101,96,101,-1,4,-1,4,-1,4,-1,4,96,101,96,101,-0.0837043190910474,,,,,,,,,0,0,0,0,52,48,-52,-48,-47.88379459715471,-37.51051168492063,-10.373282912234082,,,19.6,19.6,19.55,19.55,0.00068034141546219,0.0007370524058254868,,,,
1784770200.002,19.55,19.55,19.5,19.5,0,0,0,0,0,0,19.85,19.650000000000002,,,,,19.525,,,,,,,,,,,74.65334105698078,81.6679481761061,74.65334105698078,81.6679481761061,20.63517400002881,23.570529126434323,20.63517400002881,23.570529126434323,96,101,96,101,-1,4,-1,4,-1,4,-1,4,96,101,96,101,-0.10864553519193874,,,,,,,,,0,0,0,0,52,48,-52,-48,-54.48512352938639,-42.93199565274497,-11.553127876641419,,,19.55,19.55,19.5,19.5,0.0006457522203872121,0.0007152046999945987,,,,
1784770680,19.55,19.6,19.55,19.6,0,0,0,0,0,0,19.85,19.650000000000002,,,,,19.575000000000003,,,,,,,,,,,73.32095955291072,80.47552122993532,73.32095955291072,80.47552122993532,19.44553375826649,21.508031442350408,19.44553375826649,21.508031442350408,96,101,96,101,-1,4,-1,4,-1,4,-1,4,96,101,96,101,-0.11029607051992556,,,,,,,,,0,0,1,0,52,48,-52,-48,-50.79729980900586,-48.06410956500649,-2.733190243999367,,,19.55,19.6,19.55,19.6,0.0006254399397802512,0.0006923220129174602,,,,
1784770680.001,19.6,19.650000000000002,19.6,19.650000000000002,0,0,0,0,0,0,19.85,19.650000000000002,,,,,19.625,,,,,,,,,,,72.25041482294093,79.30050602893611,72.25041482294093,79.30050602893611,19.76283845946657,20.63543495090849,19.76283845946657,20.63543495090849,96,101,96,101,-1,4,-1,4,-1,4,-1,4,96,101,96,101,-0.09134683294280407,,,,,,,,,0,0,0,0,52,48,-52,-48,-40.07332868170296,-48.30988665431248,8.236557972609518,-48.30988665431248,-48.30988665431248,19.6,19.650000000000002,19.6,19.650000000000002,0.0006099712212158289,0.0006681943739389857,,,,
1784770920,19.6,19.6,19.55,19.55,0,0,0,0,0,0,19.85,19.650000000000002,,,,,19.575000000000003,,,,,,,,,,,70.50581997533956,78.04412230699374,70.50581997533956,78.04412230699374,18.75775764058174,19.696596295745117,18.75775764058174,19.696596295745117,96,101,96,101,-1,4,-1,4,-1,4,-1,4,96,101,96,101,-0.09149340563957553,,,,,,,,,0,0,0,0,52,48,-52,-48,-42.07251248647339,-46.85706612664215,4.78455364016876,,,19.6,19.6,19.55,19.55,0.0005882051068895365,0.0006436154473650136,,,,
1784770920.001,19.55,19.55,19.5,19.5,0,0,0,0,0,0,19.85,19.650000000000002,,,,,19.525,,,,,,,,,,,68.39176789917893,76.66521453444876,68.39176789917893,76.66521453444876,16.597558497122,18.14707739643356,16.597558497122,18.14707739643356,96,101,96,101,-1,4,-1,4,-1,4,-1,4,96,101,96,101,-0.11596446272373614,,,,,,,,,0,0,0,0,52,48,-52,-48,-47.79293662019974,-45.18401939934549,-2.608917220854252,-45.18401939934549,-45.18401939934549,19.55,19.55,19.5,19.5,0.0005650277418754389,0.000619122940935076,,,,
1784771400,19.55,19.6,19.55,19.6,0,0,0,0,0,0,19.650000000000002,19.5,,,,,19.575000000000003,,,,,,,,,,,66.90800216488383,75.27132705308235,66.90800216488383,75.27132705308235,16.30440078974098,17.22573909308727,16.30440078974098,17.22573909308727,96,101,96,101,-1,4,-1,4,-1,4,-1,4,96,101,96,101,-0.11879484981484359,-0.11879484981484359,,-0.11879484981484359,,,,,,0,0,0,0,52,48,-52,-48,-40.34872916582028,-42.57187673854909,2.223147572728813,-42.57187673854909,-42.57187673854909,19.55,19.6,19.55,19.6,0.0005572196810664008,0.0005986026518691112,,,,
1784771880,19.6,19.650000000000002,19.6,19.650000000000002,0,0,0,0,0,0,19.650000000000002,19.5,,,,,19.625,,,,,,,,,,,65.70028772453499,73.90403572043272,65.70028772453499,73.90403572043272,17.35182405354428,17.288781573315774,17.35182405354428,17.288781573315774,96,101,96,101,-1,4,-1,4,-1,4,-1,4,96,101,96,101,-0.0942478186391589,,,,,,,,,0,0,1,0,52,48,-52,-48,-25.734578217573855,-38.987189122516824,13.25261090494297,,,19.6,19.650000000000002,19.6,19.650000000000002,0.0005537811086520131,0.000583274133246578,,,,
1784771880.001,19.650000000000002,19.700000000000003,19.650000000000002,19.700000000000003,0,0,0,0,0,0,19.650000000000002,19.5,,,,,19.675000000000004,,,,,,,,,,,64.76680852616595,72.59871754982318,64.76680852616595,72.59871754982318,19.54831672121985,18.41854914726781,19.54831672121985,18.41854914726781,96,101,96,101,-1,4,-1,4,-1,4,-1,4,96,101,96,101,-0.06655890837408124,,,,,,,,,0,0,0,0,52,48,-52,-48,-9.727852278148195,-30.901024070435525,21.17317179228733,,,19.650000000000002,19.700000000000003,19.650000000000002,19.700000000000003,0.0005550054438231469,0.0005715350505870607,,,,
1784771880.002,19.700000000000003,19.750000000000004,19.700000000000003,19.750000000000004,0,0,0,0,0,0,19.650000000000002,19.5,,,,,19.725,,,,,,,,,,,64.10886188540807,71.38588102633531,64.10886188540807,71.38588102633531,22.729726020785943,20.57413758402688,22.729726020785943,20.57413758402688,96,101,96,101,-1,4,-1,4,-1,4,-1,4,96,101,96,101,-0.0418042016292018,,,,,,,,,0,0,0,0,52,48,-52,-48,5.643784826721161,-17.541843708705304,23.185628535426467,,,19.700000000000003,19.750000000000004,19.700000000000003,19.750000000000004,0.000558790481905191,0.000563004927368621,,,,
1784771880.003,19.75,19.8,19.75,19.8,0,0,0,0,0,0,19.650000000000002,19.5,,,,,19.775,,,,,,,,,,,63.731338137290685,70.29237489932893,63.731338137290685,70.29237489932893,26.7553495762581,23.664743580142492,26.7553495762581,23.664743580142492,96,101,96,101,-1,4,-1,4,-1,4,-1,4,96,101,96,101,-0.018199837402800567,,,,,,,,,0,0,0,0,52,48,-52,-48,18.308006818666577,-2.8776597125835783,21.185666531250156,,,19.75,19.8,19.75,19.8,0.0005682940577211612,0.0005596864191738918,,,,
1784772120,19.8,19.85,19.8,19.85,0,0,0,0,0,0,19.650000000000002,19.5,,,,,19.825000000000003,,,,,,,,,,,63.64338541319848,69.34251925845315,63.64338541319848,69.34251925845315,31.50458535107841,27.58466446561045,31.50458535107841,27.58466446561045,96,101,96,101,-1,4,-1,4,-1,4,-1,4,96,101,96,101,0.005312319735687517,,,,,,,,,0,0,0,0,52,48,-52,-48,28.449086018668815,10.66825634647709,17.780829672191725,,,19.8,19.85,19.8,19.85,0.0005883160075056275,0.0005635677967789232,,,,
1784772120.001,19.85,19.900000000000002,19.85,19.900000000000002,0,0,0,0,0,0,19.650000000000002,19.5,,,,,19.875,,,,,,,,,,,63.859334074160486,68.55920708926848,63.859334074160486,68.55920708926848,36.874060171054275,32.22936231833236,36.874060171054275,32.22936231833236,96,101,96,101,-1,4,-1,4,-1,4,-1,4,96,101,96,101,0.028736832719972356,,,,,,,,,0,0,0,0,52,48,-52,-48,36.47631924228302,22.219299226584894,14.257020015698124,,,19.85,19.900000000000002,19.85,19.900000000000002,0.0006151529247177786,0.0005732233373874862,,,,
1784772360,19.900000000000002,19.950000000000003,19.900000000000002,19.950000000000003,0,0,0,0,0,0,19.650000000000002,19.5,,,,,19.925000000000004,,,,,,,,,,,64.39999388518984,67.96503377440011,64.39999388518984,67.96503377440011,42.77516845830633,37.502265388319344,42.77516845830633,37.502265388319344,96,101,96,101,-1,4,-1,4,-1,4,-1,4,96,101,96,101,0.04929659476567712,,,,,,,,,0,0,0,0,52,48,-52,-48,43.286655458438744,31.63001688451429,11.656638573924454,,,19.900000000000002,19.950000000000003,19.900000000000002,19.950000000000003,0.0006401867023701895,0.0005876242696738489,,,,
1784772360.001,19.950000000000003,20.000000000000004,19.950000000000003,20.000000000000004,0,0,0,0,0,0,19.650000000000002,19.5,,,,,19.975,,,,,,,,,,,65.2944998164675,67.58352892326688,65.2944998164675,67.58352892326688,49.13196257465226,43.317113981485804,49.13196257465226,43.317113981485804,96,101,96,101,-1,4,-1,4,-1,4,-1,4,96,101,96,101,0.0692844731916867,,,,,,,,,0,0,0,0,52,48,-52,-48,48.56743565365326,39.194874093260964,9.372561560392299,,,19.950000000000003,20.000000000000004,19.950000000000003,20.000000000000004,0.0006649298845258556,0.0006059450097909671,,,,
1784772360.002,20,20.05,20,20.05,0,0,0,0,0,0,19.650000000000002,19.5,,,,,20.025,,,,,,,,,,,66.67456301639014,67.45367665085591,66.67456301639014,67.45367665085591,55.87934454450715,49.598229262996476,55.87934454450715,49.598229262996476,96,101,96,101,-1,4,-1,4,-1,4,-1,4,96,101,96,101,0.09153529545797018,,,,,,,,,1,0,0,0,52,48,-52,-48,52.65527252258496,45.24642071924,7.408851803344959,,,20,20.05,20,20.05,0.000687694645171599,0.0006274290370020351,,,,
1784772360.003,20.05,20.1,20.05,20.1,1,0,0,1,0,0,19.650000000000002,19.5,,,,,20.075000000000003,,,,,,,,,,,68.50550082291171,67.60393724686388,68.50550082291171,67.60393724686388,61.706104847672805,55.652167055334644,61.706104847672805,55.652167055334644,96,101,96,101,-1,4,-1,4,-1,4,-1,4,96,101,96,101,0.11457027391525915,,,,,,,,,0,0,0,0,52,48,-52,-48,55.8163100861396,50.081418430204145,5.734891655935456,,,20.05,20.1,20.05,20.1,0.0007100154459333242,0.0006510492683707289,,,,
1784772600,20.1,20.150000000000002,20.1,20.150000000000002,0,0,0,0,0,0,19.650000000000002,19.5,,,,,20.125,,,,,,,,,,,70.75510790698945,68.05410448402468,70.75510790698945,68.05410448402468,66.73710085844483,61.19463395688974,66.73710085844483,61.19463395688974,96,101,96,101,-1,4,-1,4,-1,4,-1,4,96,101,96,101,0.14368733727201016,,,,,,,,,0,0,0,0,52,48,-52,-48,57.72167098085015,53.69017231080699,4.031498670043156,,,20.1,20.150000000000002,20.1,20.150000000000002,0.0007405608233040426,0.0006764234043371316,,,,
1784772600.001,20.150000000000002,20.200000000000003,20.150000000000002,20.200000000000003,0,0,0,0,0,0,19.650000000000002,19.5,,,,,20.175000000000004,,,,,,,,,,,72.84402877077592,68.73837938213201,72.84402877077592,68.73837938213201,71.08078032764661,66.13770714226817,71.08078032764661,66.13770714226817,96,101,96,101,-1,4,-1,4,-1,4,-1,4,96,101,96,101,0.1735645912260439,,,,,,,,,0,0,0,0,52,48,-52,-48,58.97008184369974,56.290833858318614,2.6792479853811244,,,20.150000000000002,20.200000000000003,20.150000000000002,20.200000000000003,0.0007750377742238649,0.0007030708792548126,,,,
1784772600.002,20.200000000000003,20.250000000000004,20.200000000000003,20.250000000000004,0,1,0,0,1,0,19.650000000000002,19.5,,,,,20.225,,,,,,,,,,,74.78374100143479,69.60200247060384,74.78374100143479,69.60200247060384,74.83114504274472,70.48442609250645,74.83114504274472,70.48442609250645,96,101,96,101,-1,4,-1,4,-1,4,-1,4,96,101,96,101,0.19815662813838783,,,,,,,,,0,0,0,0,52,48,-52,-48,59.8745115356462,58.095643611583924,1.7788679240622756,,,20.200000000000003,20.250000000000004,20.200000000000003,20.250000000000004,0.0008022244459660188,0.0007300771698541174,,,,
1784772600.003,20.25,20.3,20.25,20.3,0,0,0,0,0,0,19.650000000000002,19.5,,,,,20.275,,,,,,,,,,,76.58490235847515,70.59955959744259,76.58490235847515,70.59955959744259,78.06955289378119,74.27698949314382,78.06955289378119,74.27698949314382,96,101,96,101,-1,4,-1,4,-1,4,-1,4,96,101,96,101,0.22069233303320324,,,,,,,,,0,0,0,0,52,48,-52,-48,60.599203398429395,59.29136693965637,1.307836458773025,,,20.25,20.3,20.25,20.3,0.0008243873459605573,0.0007566534134265678,,,,
1784773080,20.3,20.35,20.24,20.35,0,0,0,0,0,0,19.650000000000002,19.5,,,,,20.325000000000003,,,,,,,,,,,78.25740933286978,71.69353813107504,78.25740933286978,71.69353813107504,80.6646587829049,77.47082413802435,80.6646587829049,77.47082413802435,96,101,96,101,-1,4,-1,4,-1,4,-1,4,96,101,96,101,0.24664425367882875,,,,,,,,,0,0,0,0,52,48,-52,-48,60.711359614808174,60.03878909814588,0.6725705166622973,,,20.3,20.35,20.24,20.35,0.0008471267008876333,0.0007832254227125735,,,,
1784773800,20.3,20.36,20.25,20.25,0,0,0,0,0,0,19.650000000000002,19.5,,,,,20.275,,,,,,,,,,,78.89683026092062,72.72257986391013,78.89683026092062,72.72257986391013,82.13116932222414,79.80099673012424,82.13116932222414,79.80099673012424,96,101,96,101,-1,4,-1,4,-1,4,-1,4,96,101,96,101,0.2460094836916787,,,,,,,,,0,0,0,0,52,48,-52,-48,57.35267391523557,59.63443711602984,-2.2817632007942663,59.63443711602984,59.63443711602984,20.3,20.36,20.25,20.25,0.0008521647297936706,0.0008069169700226312,,,,
1784773800.001,20.25,20.25,20.2,20.2,0,0,0,0,0,0,19.650000000000002,19.5,,,,,20.225,,,,,,,,,,,79.07529587351267,73.63011072242477,79.07529587351267,73.63011072242477,82.35827802370041,81.07963737691233,82.35827802370041,81.07963737691233,96,101,96,101,-1,4,-1,4,-1,4,-1,4,96,101,96,101,0.21233181723205258,,,,,,,,,0,0,0,0,52,48,-52,-48,47.078576668336424,56.43545339920239,-9.356876730865963,,,20.25,20.25,20.2,20.2,0.0008513886879676625,0.0008253882807999013,,,,
1784774280,20.25,20.3,20.25,20.3,0,0,0,0,0,0,19.650000000000002,19.5,,,,,20.275,,,,,,,,,,,80.07157872640131,74.55032043727856,80.07157872640131,74.55032043727856,83.54962036582961,82.31462887137097,83.54962036582961,82.31462887137097,96,101,96,101,-1,4,-1,4,-1,4,-1,4,96,101,96,101,0.20495012749505892,,,,,,,,,0,0,0,0,52,48,-52,-48,46.36652689341235,52.87728427294813,-6.510757379535782,,,20.25,20.3,20.25,20.3,0.0008608564716699288,0.0008396913970409119,,,,
1784774520,20.3,20.35,20.3,20.35,0,0,0,0,0,0,19.650000000000002,19.5,,,,,20.325000000000003,,,,,,,,,,,81.41198091039591,75.53055764772388,81.41198091039591,75.53055764772388,85.40133572885067,83.85798230011082,85.40133572885067,83.85798230011082,96,101,96,101,-1,4,-1,4,-1,4,-1,4,96,101,96,101,0.2269962353609587,,,,,,,,,0,0,1,0,52,48,-52,-48,49.66043066370396,50.11455203517208,-0.45412137146811915,,,20.3,20.35,20.3,20.35,0.0008682745720985125,0.0008506997513963274,,,,
1784774520.001,20.35,20.400000000000002,20.35,20.400000000000002,0,0,0,0,0,0,19.650000000000002,19.5,,,,,20.375,,,,,,,,,,,82.73969655965334,76.56043463514239,82.73969655965334,76.56043463514239,87.16939887869741,85.51369058940412,87.16939887869741,85.51369058940412,96,101,96,101,-1,4,-1,4,-1,4,-1,4,96,101,96,101,0.2485240660755782,,,,,,,,,0,0,0,0,52,48,-52,-48,54.20727141361443,49.3282014097668,4.87907000384763,49.3282014097668,49.3282014097668,20.35,20.400000000000002,20.35,20.400000000000002,0.000874973958465691,0.0008591308534805163,,,,
1784774760,20.400000000000002,20.450000000000003,20.400000000000002,20.450000000000003,0,0,0,0,0,0,19.650000000000002,19.5,,,,,20.425000000000004,,,,,,,,,,,83.97257537682096,77.61931188395361,83.97257537682096,77.61931188395361,88.7015900163271,87.1076403028656,88.7015900163271,87.1076403028656,96,101,96,101,-1,4,-1,4,-1,4,-1,4,96,101,96,101,0.2717531507892756,,,,,,,,,0,0,0,0,52,48,-52,-48,58.52591663937034,52.19003640252528,6.335880236845057,,,20.400000000000002,20.450000000000003,20.400000000000002,20.450000000000003,0.0008837124549909149,0.0008652284791643966,,,,
1784775000,20.450000000000003,20.500000000000004,20.450000000000003,20.500000000000004,0,0,0,0,0,0,19.650000000000002,19.5,,,,,20.475,,,,,,,,,,,85.11739142133375,78.69046610357934,85.11739142133375,78.69046610357934,90.02993429970896,88.56878730128727,90.02993429970896,88.56878730128727,96,101,96,101,-1,4,-1,4,-1,4,-1,4,96,101,96,101,0.29691566513155765,,,,,,,,,0,0,0,0,52,48,-52,-48,62.35652146753159,56.18753504605509,6.168986421476504,,,20.450000000000003,20.500000000000004,20.450000000000003,20.500000000000004,0.0008944893800889631,0.0008722825875469454,,,,
1784775240,20.5,20.55,20.5,20.55,0,0,0,0,0,0,19.650000000000002,19.5,,,,,20.525,,,,,,,,,,,86.18043489123849,79.7604616446735,86.18043489123849,79.7604616446735,91.18212055621312,89.8754539287502,91.18212055621312,89.8754539287502,96,101,96,101,-1,4,-1,4,-1,4,-1,4,96,101,96,101,0.31435263281488346,,,,,0.31435263281488346,0.31435263281488346,0.31435263281488346,,0,0,0,0,52,48,-52,-48,65.23798503600474,60.081923639130274,5.15606139687447,,,20.5,20.55,20.5,20.55,0.0009099803764777325,0.0008820478689652904,,,,
1784775480,20.5,20.5,20.45,20.45,0,0,0,0,0,0,19.650000000000002,19.5,,,,,20.475,,,,,,,,,,,86.4872745758779,80.72143492055984,86.4872745758779,80.72143492055984,91.35338224546156,90.61441808710589,91.35338224546156,90.61441808710589,96,101,96,101,-1,4,-1,4,-1,4,-1,4,96,101,96,101,0.3026892977871361,,,,,,,,,0,0,0,0,52,48,-52,-48,59.86473254169014,61.4962889211492,-1.631556379459063,61.4962889211492,61.4962889211492,20.5,20.5,20.45,20.45,0.0009110803815876301,0.0008904185206182407,,,,
1784775720,20.450000000000003,20.450000000000003,20.400000000000002,20.400000000000002,0,0,0,0,0,0,19.650000000000002,19.5,,,,,20.425000000000004,,,,,,,,,,,86.43206108576419,81.53723865844619,86.43206108576419,81.53723865844619,90.81990587025959,90.71716197868274,90.81990587025959,90.71716197868274,96,101,96,101,-1,4,-1,4,-1,4,-1,4,96,101,96,101,0.2717066515716054,,,,,,,,,0,0,0,0,52,48,-52,-48,48.872683078639675,59.08298053096654,-10.210297452326863,,,20.450000000000003,20.450000000000003,20.400000000000002,20.400000000000002,0.0009015153733562686,0.0008959586541612,,,,
1784775720.001,20.400000000000002,20.400000000000002,20.35,20.35,0,0,0,0,0,0,19.650000000000002,19.5,,,,,20.375,,,,,,,,,,,86.0406553619511,82.18058390180401,86.0406553619511,82.18058390180401,89.68236829695725,90.19976513782,89.68236829695725,90.19976513782,96,101,96,101,-1,4,-1,4,-1,4,-1,4,96,101,96,101,0.24120444463073487,,,,,,,,,0,0,0,0,52,48,-52,-48,32.46124868214096,51.60916233461889,-19.147913652477925,,,20.400000000000002,20.400000000000002,20.35,20.35,0.0008831759851775879,0.0008973256586131828,0.0008831759851775879,20.400000000000002,,
1784777160,20.35,20.35,20.3,20.3,0,0,0,0,0,0,19.650000000000002,19.5,,,,,20.325000000000003,,,,,,,,,,,85.33707113541718,82.63151064946304,85.33707113541718,82.63151064946304,88.02706398242594,89.11341456012298,88.02706398242594,89.11341456012298,96,101,96,101,-1,4,-1,4,-1,4,-1,4,96,101,96,101,0.2149567425216623,,,,,,,,,0,0,0,0,52,48,-52,-48,15.226360934891616,39.1062563093406,-23.879895374448985,,,20.35,20.35,20.3,20.3,0.0008587144747050296,0.0008931593285655353,,,,
1784782800,20.3,20.3,20.25,20.25,0,0,0,0,0,0,19.650000000000002,19.5,,,,,20.275,,,,,,,,,,,84.34360687064247,82.87609582391724,84.34360687064247,82.87609582391724,85.92795960398414,87.52068708205356,85.92795960398414,87.52068708205356,96,101,96,101,-1,4,-1,4,-1,4,-1,4,96,101,96,101,0.18973212306244042,,,,,,,,,0,0,0,0,52,48,-52,-48,-0.43429964038125846,24.03149826382275,-24.46579790420401,,,20.3,20.3,20.25,20.25,0.0008293283475322534,0.0008822991564727505,,,,
1784782800.001,20.25,20.25,20.2,20.2,0,0,0,0,0,0,19.650000000000002,19.5,,,,,20.225,,,,,,,,,,,83.08096828464419,82.90536331830681,83.08096828464419,82.90536331830681,83.44845517076189,85.48457112640773,83.44845517076189,85.48457112640773,96,101,96,101,-1,4,-1,4,-1,4,-1,4,96,101,96,101,0.16220011812255933,,,,,,,,,0,0,0,0,52,48,-52,-48,-13.689838005396954,8.390867992813593,-22.080705998210547,,,20.25,20.25,20.2,20.2,0.0007978511564976036,0.000863610953142729,,,,
1784782800.002,20.200000000000003,20.200000000000003,20.150000000000002,20.150000000000002,0,0,0,0,0,0,19.650000000000002,19.5,,,,,20.175000000000004,,,,,,,,,,,81.56838211465262,82.71436600349908,81.56838211465262,82.71436600349908,80.6428935477279,83.06373233706782,80.6428935477279,83.06373233706782,96,101,96,101,-1,4,-1,4,-1,4,-1,4,96,101,96,101,0.1338162638362683,,,,,,,,,0,0,0,0,52,48,-52,-48,-24.529566636101016,-5.856835836746905,-18.672730799354113,,,20.200000000000003,20.200000000000003,20.150000000000002,20.150000000000002,0.0007640135872181287,0.0008390998207478121,,,,
1784783040,20.200000000000003,20.250000000000004,20.200000000000003,20.250000000000004,0,0,0,0,0,0,19.650000000000002,19.5,,,,,20.225,,,,,,,,,,,80.8441099227897,82.44718656339774,80.8441099227897,82.44718656339774,79.05445297288246,81.05909265497513,79.05445297288246,81.05909265497513,96,101,96,101,-1,4,-1,4,-1,4,-1,4,96,101,96,101,0.12034156467506357,,,,,,,,,0,0,0,0,52,48,-52,-48,-24.870023581098664,-15.880931965744479,-8.989091615354186,,,20.200000000000003,20.250000000000004,20.200000000000003,20.250000000000004,0.0007372462360788017,0.0008117216312015676,,,,
1784783760,20.200000000000003,20.200000000000003,20.150000000000002,20.150000000000002,0,0,0,0,0,0,19.650000000000002,19.5,,,,,20.175000000000004,,,,,,,,,,,79.49129935007345,82.02491696149426,79.49129935007345,82.02491696149426,76.87660594954552,78.96784930226033,76.87660594954552,78.96784930226033,96,101,96,101,-1,4,-1,4,-1,4,-1,4,96,101,96,101,0.10402112528059132,,,,,,,,,0,0,0,0,52,48,-52,-48,-30.84978275230317,-23.484802743724956,-7.364980008578215,,,20.200000000000003,20.200000000000003,20.150000000000002,20.150000000000002,0.000695549177714368,0.0007804504966243643,,,,
1784784000,20.150000000000002,20.150000000000002,20.1,20.1,0,0,0,0,0,0,19.650000000000002,19.5,,,,,20.125,,,,,,,,,,,77.89498204955801,81.43492625978908,77.89498204955801,81.43492625978908,74.03709081389621,76.50247005807827,74.03709081389621,76.50247005807827,96,101,96,101,-1,4,-1,4,-1,4,-1,4,96,101,96,101,0.0806951109406048,,,,,,,,,0,0,0,0,52,48,-52,-48,-37.550563840676375,-29.449984202544805,-8.10057963813157,,,20.150000000000002,20.150000000000002,20.1,20.1,0.0006536693877060734,0.0007462763154578717,,,,
1784784000.001,20.1,20.1,20.05,20.05,0,0,0,0,0,0,19.650000000000002,19.5,,,,,20.075000000000003,,,,,,,,,,,76.07255135894333,80.6688727025254,76.07255135894333,80.6688727025254,70.5280327277005,73.51525139288938,70.5280327277005,73.51525139288938,96,101,96,101,-1,4,-1,4,-1,4,-1,4,96,101,96,101,0.047687447312569645,,,,,,,,,0,0,0,0,52,48,-52,-48,-43.773067440320204,-34.2608594035996,-9.512208036720601,,,20.1,20.1,20.05,20.05,0.0006108720338117372,0.0007098669298377854,,,,
1784784720,20.05,20.05,20,20,0,0,0,0,0,0,19.650000000000002,19.5,,,,,20.025,,,,,,,,,,,74.04015823466507,79.72191349283108,74.04015823466507,79.72191349283108,66.325615353902,69.9204333733957,66.325615353902,69.9204333733957,96,101,96,101,-1,4,-1,4,-1,4,-1,4,96,101,96,101,0.008725841742559883,,,,,,,,,0,0,0,0,52,48,-52,-48,-49.06507965710557,-40.30962342260133,-8.755456234504244,,,20.05,20.05,20,20,0.0005694499354505665,0.0006718000596632793,,,,
1784784960,20,20,19.95,19.95,0,0,0,0,0,0,19.650000000000002,19.5,,,,,19.975,,,,,,,,,,,71.81279999341348,78.59204013577141,71.81279999341348,78.59204013577141,61.38834257225207,65.65438797282388,61.38834257225207,65.65438797282388,96,101,96,101,-1,4,-1,4,-1,4,-1,4,96,101,96,101,-0.01714310597537859,,,,,,,,,0,0,0,0,52,48,-52,-48,-53.690690203277626,-46.019850285344944,-7.670839917932682,,,20,20,19.95,19.95,0.0005294362450666564,0.0006327038359713672,,,,
1784785920,20,20.05,19.94,20.05,0,0,0,0,0,0,19.650000000000002,19.5,,,,,20.025,,,,,,,,,,,70.4248108782377,77.42529309898089,70.4248108782377,77.42529309898089,57.404293633358925,61.5293408030914,57.404293633358925,61.5293408030914,96,101,96,101,-1,4,-1,4,-1,4,-1,4,96,101,96,101,-0.010140516790269807,,,,,,,,,0,0,0,0,52,48,-52,-48,-51.46202556379333,-49.49771571612418,-1.9643098476691492,,,20,20.05,19.94,20.05,0.0005045832897727053,0.0005939266782536845,,,,
1784787840,20,20,19.95,19.95,0,0,0,0,0,0,19.650000000000002,19.5,,,,,19.975,,,,,,,,,,,68.45569173387376,76.14392147539415,68.45569173387376,76.14392147539415,52.441775495259996,56.9855581491757,52.441775495259996,56.9855581491757,96,101,96,101,-1,4,-1,4,-1,4,-1,4,96,101,96,101,-0.017783997509073595,,,,,,,,,0,0,0,0,52,48,-52,-48,-52.354598535795404,-51.64309848999299,-0.711500045802417,,,20,20,19.95,19.95,0.0004718717211042744,0.0005566471021520022,,,,
1784789040,20,20.05,19.92,20.05,0,0,0,0,0,0,19.650000000000002,19.5,,,,,20.025,,,,,,,,,,,67.30749606580795,74.8815749883104,67.30749606580795,74.8815749883104,48.297032057161665,52.64129510316869,48.297032057161665,52.64129510316869,96,101,96,101,-1,4,-1,4,-1,4,-1,4,96,101,96,101,-0.025608222887129634,,,,,,,,,0,0,0,0,52,48,-52,-48,-48.161457045325534,-51.41719283704798,3.2557357917224437,-51.41719283704798,-51.41719283704798,20,20.05,19.92,20.05,0.00045382616434495144,0.0005233398982584819,,,,
1784789040.001,20.05,20.1,20.05,20.1,0,0,0,0,0,0,19.650000000000002,19.5,,,,,20.075000000000003,,,,,,,,,,,66.58145042845433,73.69584290833096,66.58145042845433,73.69584290833096,45.35350000503967,48.99739755410418,45.35350000503967,48.99739755410418,96,101,96,101,-1,4,-1,4,-1,4,-1,4,96,101,96,101,-0.004335929895766003,,,,,,,,,1,0,0,0,52,48,-52,-48,-34.976843412390714,-46.73873113932625,11.761887726935534,,,20.05,20.1,20.05,20.1,0.00044455282449853213,0.0004956200300396144,,,,
1784856600,20.05,20.05,20,20,0,0,0,0,0,0,19.650000000000002,19.5,,,,,20.025,,,,,,,,,,,65.22699308492528,72.486007219273,65.22699308492528,72.486007219273,41.14200227189337,45.06969991299877,41.14200227189337,45.06969991299877,96,101,96,101,-1,4,-1,4,-1,4,-1,4,96,101,96,101,-0.009140081851420716,,,,,,,,,0,0,0,0,52,48,-52,-48,-33.74291945490197,-42.308954612103406,8.566035157201433,,,20.05,20.05,20,20,0.00042665036359839194,0.00047182010139758533,,,,
1784856600.001,20,20,19.95,19.95,0,0,0,0,0,0,19.650000000000002,19.5,,,,,19.975,,,,,,,,,,,63.629146640083675,71.22074142224595,63.629146640083675,71.22074142224595,36.3983602239811,40.734030068489936,36.3983602239811,40.734030068489936,96,101,96,101,-1,4,-1,4,-1,4,-1,4,96,101,96,101,-0.040369999013222656,,,,,,,,,0,0,0,0,52,48,-52,-48,-38.667063229516145,-38.88707078553359,0.2200075560174426,,,20,20,19.95,19.95,0.0004061862674795514,0.0004512784384664012,,,,
1784856600.002,19.950000000000003,19.950000000000003,19.900000000000002,19.900000000000002,0,0,0,0,0,0,19.650000000000002,19.5,,,,,19.925000000000004,,,,,,,,,,,61.805296029737576,69.87567779474475,61.805296029737576,69.87567779474475,31.638154917258518,36.186092492874224,31.638154917258518,36.186092492874224,96,101,96,101,-1,4,-1,4,-1,4,-1,4,96,101,96,101,-0.06911920633332563,,,,,,,,,0,0,0,0,52,48,-52,-48,-45.193919677703256,-38.14518644362802,-7.048733234075236,-38.14518644362802,-38.14518644362802,19.950000000000003,19.950000000000003,19.900000000000002,19.900000000000002,0.00038034492380850405,0.00043057204413903433,,,,
1784856600.003,19.900000000000002,19.900000000000002,19.85,19.85,0,0,0,0,0,0,19.650000000000002,19.5,,,,,19.875,,,,,,,,,,,59.77158440856585,68.43223588243347,59.77158440856585,68.43223588243347,27.52658176581349,31.856337129343856,27.52658176581349,31.856337129343856,96,101,96,101,-1,4,-1,4,-1,4,-1,4,96,101,96,101,-0.09526222481091205,,,,,,,,,0,0,0,0,52,48,-52,-48,-51.26732781982328,-42.21780754548615,-9.049520274337127,,,19.900000000000002,19.900000000000002,19.85,19.85,0.000350447350844323,0.0004103346490957091,,,,
1784856600.004,19.85,19.85,19.8,19.8,0,0,0,0,0,0,19.650000000000002,19.5,,,,,19.825000000000003,,,,,,,,,,,57.54300184877034,66.8766310204816,57.54300184877034,66.8766310204816,23.975165323078222,27.91575122621104,23.975165323078222,27.91575122621104,96,101,96,101,-1,4,-1,4,-1,4,-1,4,96,101,96,101,-0.12149221889137715,,,,,,,,,0,0,0,0,52,48,-52,-48,-56.59995299324471,-47.93206593007184,-8.66788706317287,,,19.85,19.85,19.8,19.8,0.00031608647192426544,0.00038737803369226135,,,,
1784856600.005,19.8,19.8,19.75,19.75,0,0,0,0,0,0,19.650000000000002,19.5,,,,,19.775,,,,,,,,,,,55.13346770310987,65.19903626085707,55.13346770310987,65.19903626085707,20.90728456263847,24.411517894424755,20.90728456263847,24.411517894424755,96,101,96,101,-1,4,-1,4,-1,4,-1,4,96,101,96,101,-0.1478062749919598,,,,,,,,,0,0,0,0,52,48,-52,-48,-60.663853956870256,-53.43126361191037,-7.232590344959888,,,19.8,19.8,19.75,19.75,0.00028499007243201275,0.00036078424168117475,,,,
1784856600.006,19.75,19.75,19.7,19.7,0,0,0,0,0,0,19.650000000000002,19.5,,,,,19.725,,,,,,,,,,,52.555907084860515,63.39287495000042,52.555907084860515,63.39287495000042,18.256664078900194,21.334090986662474,18.256664078900194,21.334090986662474,96,101,96,101,-1,4,-1,4,-1,4,-1,4,96,101,96,101,-0.17405005880318053,,,,,,,,,0,0,0,0,52,48,-52,-48,-63.64294948440797,-58.043521063586546,-5.599428420821425,,,19.75,19.75,19.7,19.7,0.00024984990898519534,0.00033131749924564203,,,,
1784856600.007,19.700000000000003,19.700000000000003,19.650000000000002,19.650000000000002,0,0,0,0,0,0,19.650000000000002,19.5,,,,,19.675000000000004,,,,,,,,,,,49.82232188492151,61.454224512132,49.82232188492151,61.454224512132,15.966029527946192,18.650060257304332,15.966029527946192,18.650060257304332,96,101,96,101,-1,4,-1,4,-1,4,-1,4,96,101,96,101,-0.1998005861235379,,,,,,,,,0,0,0,0,52,48,-52,-48,-65.75743739263979,-61.666048456790676,-4.0913889358491105,,,19.700000000000003,19.700000000000003,19.650000000000002,19.650000000000002,0.0002122364491071496,0.00029899252951690833,,,,
1784856600.008,19.650000000000002,19.650000000000002,19.6,19.6,0,0,0,0,0,0,19.650000000000002,19.5,,,,,19.625,,,,,,,,,,,46.94385671627066,59.38131482700896,46.94385671627066,59.38131482700896,13.985920046510318,16.317990151907324,13.985920046510318,16.317990151907324,96,101,96,101,-1,4,-1,4,-1,4,-1,4,96,101,96,101,-0.2246807176665398,,,,,,,,,0,0,0,0,52,48,-52,-48,-67.20750810467713,-64.31793723464878,-2.8895708700283507,,,19.650000000000002,19.650000000000002,19.6,19.6,0.00017010826071141543,0.00026395308566739363,,,,
1784856600.009,19.6,19.6,19.55,19.55,0,0,0,0,0,0,19.650000000000002,19.5,,,,,19.575000000000003,,,,,,,,,,,43.930860148101665,57.17410701573648,43.930860148101665,57.17410701573648,12.273645754151694,14.295817953029509,12.273645754151694,14.295817953029509,96,101,96,101,-1,4,-1,4,-1,4,-1,4,96,101,96,101,-0.2490575062319936,,,,,,,,,0,0,0,0,52,48,-52,-48,-68.15893170163342,-66.19170667083958,-1.9672250307938413,,,19.6,19.6,19.55,19.55,0.00012439038719867405,0.00022627692505978547,,,,
1784856600.01,19.55,19.55,19.5,19.5,0,0,0,0,0,0,19.650000000000002,19.5,,,,,19.525,,,,,,,,,,,40.7929415660944,54.83394052293047,40.7929415660944,54.83394052293047,10.79237663281029,12.5440972929199,10.79237663281029,12.5440972929199,96,101,96,101,-1,4,-1,4,-1,4,-1,4,96,101,96,101,-0.2734063341462539,,,,,,,,,0,0,0,0,52,48,-52,-48,-68.78815219848681,-67.47800734935927,-1.3101448491275391,,,19.55,19.55,19.5,19.5,0.0000750435646871355,0.0001861031071869305,,,,
1784856600.011,19.5,19.5,19.45,19.45,0,0,0,0,0,0,19.650000000000002,19.5,,,,,19.475,,,,,,,,,,,37.87916002565908,52.411829023320266,37.87916002565908,52.411829023320266,9.510348802149075,11.027223047534488,9.510348802149075,11.027223047534488,96,101,96,101,-1,4,-1,4,-1,4,-1,4,96,101,96,101,-0.29734580425060786,,,,,,,,,0,0,0,0,52,48,-52,-48,-69.12474784113606,-68.31983496148335,-0.8049128796527043,,,19.5,19.5,19.45,19.45,0.00003294915654967474,0.00014409628787320745,,,,
1784856600.012,19.450000000000003,19.450000000000003,19.400000000000002,19.400000000000002,0,0,0,0,0,0,19.650000000000002,19.5,,,,,19.425000000000004,,,,,,,,,,,35.173505738112006,49.94921141114766,35.173505738112006,49.94921141114766,8.400174749668146,9.713698898601317,8.400174749668146,9.713698898601317,96,101,96,101,-1,4,-1,4,-1,4,-1,4,96,101,96,101,-0.3203739742148961,,,,,,,,,0,0,0,0,52,48,-52,-48,-69.25651214747171,-68.83208597218199,-0.4244261752897245,,,19.450000000000003,19.450000000000003,19.400000000000002,19.400000000000002,-0.00001377051518295501,0.00010015955051184907,,,,
1784856600.013,19.400000000000002,19.400000000000002,19.35,19.35,0,0,0,0,0,0,19.650000000000002,19.5,,,,,19.375,,,,,,,,,,,32.661112471104005,47.479482991141424,32.661112471104005,47.479482991141424,7.4382450235251145,8.575971961063216,7.4382450235251145,8.575971961063216,96,101,96,101,-1,4,-1,4,-1,4,-1,4,96,101,96,101,-0.34243431502780225,,,,,,,,,0,0,0,0,52,48,-52,-48,-69.24896821243492,-69.10459509988236,-0.14437311255255736,,,19.400000000000002,19.400000000000002,19.35,19.35,-0.00005555080666191742,0.00005552834121700455,,,,
1784856600.014,19.35,19.35,19.3,19.3,0,0,0,0,0,0,19.650000000000002,19.5,,,,,19.325000000000003,,,,,,,,,,,30.328175866025145,45.02929625898196,30.328175866025145,45.02929625898196,6.604210020164379,7.590090990613797,6.604210020164379,7.590090990613797,96,101,96,101,-1,4,-1,4,-1,4,-1,4,96,101,96,101,-0.363572758115717,,,,,,,,,0,0,0,0,52,48,-52,-48,-69.15038776999958,-69.19515399276055,0.044766222760969754,-69.19515399276055,-69.19515399276055,19.35,19.35,19.3,19.3,-0.0000953746698132271,0.000011281186129564128,,,,
1784856600.015,19.3,19.3,19.25,19.25,0,0,0,0,0,0,19.650000000000002,19.5,,,,,19.275,,,,,,,,,,,28.161877589880493,42.61966502053889,28.161877589880493,42.61966502053889,5.880531665635397,6.735311328124597,5.880531665635397,6.735311328124597,96,101,96,101,-1,4,-1,4,-1,4,-1,4,96,101,96,101,-0.3838043675204443,,,,,,,,,0,0,0,0,52,48,-52,-48,-68.50920999307776,-69.04126953074598,0.5320595376682178,,,19.3,19.3,19.25,19.25,-0.00013887287649796157,-0.00003259602448654183,,,,
1784856600.016,19.25,19.25,19.2,19.2,0,0,0,0,0,0,19.650000000000002,19.5,,,,,19.225,,,,,,,,,,,26.15031490488903,40.26690071830319,26.15031490488903,40.26690071830319,5.260235933181984,5.99777363065329,5.260235933181984,5.99777363065329,96,101,96,101,-1,4,-1,4,-1,4,-1,4,96,101,96,101,-0.40313556959124763,,,,,,,,,0,0,0,0,52,48,-52,-48,-67.73439461561722,-68.66074014778235,0.9263455321651293,,,19.25,19.25,19.2,19.2,-0.0001839489378058893,-0.00007576144156871262,,,,
1784856600.017,19.200000000000003,19.200000000000003,19.150000000000002,19.150000000000002,0,0,0,0,0,0,19.650000000000002,19.5,,,,,19.175000000000004,,,,,,,,,,,24.282435268825527,37.983405654092095,24.282435268825527,37.983405654092095,4.728553876793344,5.363163753723317,4.728553876793344,5.363163753723317,96,101,96,101,-1,4,-1,4,-1,4,-1,4,96,101,96,101,-0.42157056963011363,,,,,,,,,0,0,0,0,52,48,-52,-48,-67.0184495387571,-68.1031104793629,1.0846609406058008,,,19.200000000000003,19.200000000000003,19.150000000000002,19.150000000000002,-0.00022470466403108264,-0.00011870374499883884,,,,
1784856600.018,19.150000000000002,19.150000000000002,19.1,19.1,0,0,0,0,0,0,19.650000000000002,19.5,,,,,19.125,,,,,,,,,,,22.54797560676656,35.77834421875988,22.54797560676656,35.77834421875988,4.272826399888835,4.817995076806076,4.272826399888835,4.817995076806076,96,101,96,101,-1,4,-1,4,-1,4,-1,4,96,101,96,101,-0.4391632351962422,-0.4391632351962422,,-0.4391632351962422,,,,,,0,0,0,0,52,48,-52,-48,-66.43993483154601,-67.42549724474951,0.9855624132034961,,,19.150000000000002,19.150000000000002,19.1,19.1,-0.0002674579110412797,-0.00016098497764189298,,,,
1784856600.019,19.1,19.1,19.05,19.05,0,0,0,0,0,0,19.650000000000002,19.5,,,,,19.075000000000003,,,,,,,,,,,20.93740592056895,33.65821017616117,20.93740592056895,33.65821017616117,3.8822028482563593,4.350098962531217,3.8822028482563593,4.350098962531217,96,101,96,101,-1,4,-1,4,-1,4,-1,4,96,101,96,101,-0.42837173188472144,,,,,,,,,0,0,0,0,52,48,-52,-48,-66.01709243259036,-66.80246785462766,0.7853754220373048,,,19.1,19.1,19.05,19.05,-0.00030743822944257106,-0.00020296621477200192,,,,
1784857080,19.1,19.150000000000002,19.1,19.150000000000002,0,0,0,0,0,0,19.650000000000002,19.5,,,,,19.125,,,,,,,,,,,19.918067402433078,31.69533263705716,19.918067402433078,31.69533263705716,4.241888155648329,4.295993559089773,4.241888155648329,4.295993559089773,96,101,96,101,-1,4,-1,4,-1,4,-1,4,96,101,96,101,-0.3859329255946916,,,,,,,,,0,0,0,0,52,48,-52,-48,-59.022165305119174,-64.62441052700315,5.602245221883976,,,19.1,19.150000000000002,19.1,19.150000000000002,-0.00032798103157024975,-0.00024173394173150568,,,,
1784857080.001,19.150000000000002,19.200000000000003,19.150000000000002,19.200000000000003,0,0,0,0,0,0,19.650000000000002,19.5,,,,,19.175000000000004,,,,,,,,,,,19.20963401654501,29.911661405555424,19.20963401654501,29.911661405555424,5.183523181031928,4.7397583700608505,5.183523181031928,4.7397583700608505,96,101,96,101,-1,4,-1,4,-1,4,-1,4,96,101,96,101,-0.3427821096221285,,,,,,,,,0,0,0,0,52,48,-52,-48,-47.25747829223012,-59.68416771537141,12.42668942314129,,,19.150000000000002,19.200000000000003,19.150000000000002,19.200000000000003,-0.0003396901731069365,-0.0002752034911663349,,,,
1784857080.002,19.200000000000003,19.250000000000004,19.200000000000003,19.250000000000004,0,0,0,0,0,0,19.650000000000002,19.5,,,,,19.225,,,,,,,,,,,18.789898253458478,28.322838098113007,18.789898253458478,28.322838098113007,6.585877012313115,5.662817691186983,6.585877012313115,5.662817691186983,96,101,96,101,-1,4,-1,4,-1,4,-1,4,96,101,96,101,-0.30759311283387747,,,,,,,,,0,0,0,0,52,48,-52,-48,-31.840795438866245,-51.034382867201465,19.19358742833522,,,19.200000000000003,19.250000000000004,19.200000000000003,19.250000000000004,-0.00034250314150042674,-0.0003016291917820911,,,,
1784857320,19.25,19.3,19.25,19.3,0,0,0,0,0,0,19.650000000000002,19.5,,,,,19.275,,,,,,,,,,,18.63823885440192,26.939323920439993,18.63823885440192,26.939323920439993,8.383132677220765,7.022975184203874,8.383132677220765,7.022975184203874,96,101,96,101,-1,4,-1,4,-1,4,-1,4,96,101,96,101,-0.27314063933974597,,,,,,,,,0,0,0,0,52,48,-52,-48,-16.14015757891677,-38.56514915378307,22.424991574866297,,,19.25,19.3,19.25,19.3,-0.0003337940422903935,-0.00031981075482530953,,,,
1784857320.001,19.3,19.35,19.3,19.35,0,0,0,0,0,0,19.650000000000002,19.5,,,,,19.325000000000003,,,,,,,,,,,18.735507507658927,25.767350147185557,18.735507507658927,25.767350147185557,10.66380316432588,8.843389174264878,10.66380316432588,8.843389174264878,96,101,96,101,-1,4,-1,4,-1,4,-1,4,96,101,96,101,-0.2385566338107682,,,,,,,,,0,0,0,0,52,48,-52,-48,-1.8817103389290075,-24.280035412235527,22.39832507330652,,,19.3,19.35,19.3,19.35,-0.00031857150207283716,-0.0003283296866639025,,,-0.00031857150207283716,19.3
1784857320.002,19.35,19.400000000000002,19.35,19.400000000000002,0,0,0,0,0,0,19.650000000000002,19.5,,,,,19.375,,,,,,,,,,,19.063923638064246,24.809717788739654,19.063923638064246,24.809717788739654,13.42611699799363,11.134753086129255,13.42611699799363,11.134753086129255,96,101,96,101,-1,4,-1,4,-1,4,-1,4,96,101,96,101,-0.20513064950451018,,,,,,,,,0,0,0,0,52,48,-52,-48,10.319574655382292,-9.885772175332429,20.20534683071472,,,19.35,19.400000000000002,19.35,19.400000000000002,-0.00029513930925651296,-0.00032627986663289274,,,,
1784857320.003,19.400000000000002,19.450000000000003,19.400000000000002,19.450000000000003,0,0,0,0,0,0,19.650000000000002,19.5,,,,,19.425000000000004,,,,,,,,,,,19.606976711535857,24.066469063424826,19.606976711535857,24.066469063424826,16.678168311205454,13.906460698667354,16.678168311205454,13.906460698667354,96,101,96,101,-1,4,-1,4,-1,4,-1,4,96,101,96,101,-0.1790830949569432,,,,,,,,,0,0,0,0,52,48,-52,-48,20.461025032395447,3.18968294248299,17.27134208991246,,,19.400000000000002,19.450000000000003,19.400000000000002,19.450000000000003,-0.00026606788323521336,-0.00031596100857705337,,,,
1784858040,19.450000000000003,19.500000000000004,19.450000000000003,19.500000000000004,0,0,0,0,0,0,19.650000000000002,19.5,,,,,19.475,,,,,,,,,,,20.349335517854737,23.535449985486245,20.349335517854737,23.535449985486245,20.145912974230566,17.02618683644896,20.145912974230566,17.02618683644896,96,101,96,101,-1,4,-1,4,-1,4,-1,4,96,101,96,101,-0.1512056464006101,,,,,,,,,0,0,0,0,52,48,-52,-48,28.774981055750644,14.418467601149842,14.356513454600801,,,19.450000000000003,19.500000000000004,19.450000000000003,19.500000000000004,-0.0002340168846797308,-0.0002983487938391857,,,,
1784858040.001,19.5,19.55,19.5,19.55,0,0,0,0,0,0,19.650000000000002,19.5,,,,,19.525,,,,,,,,,,,21.276763933246063,23.21278054945193,21.276763933246063,23.21278054945193,23.798537651381302,20.412362243915133,23.798537651381302,20.412362243915133,96,101,96,101,-1,4,-1,4,-1,4,-1,4,96,101,96,101,-0.11784341517572597,,,,,,,,,0,0,0,0,52,48,-52,-48,35.54992593223284,23.77637666894031,11.77354926329253,,,19.5,19.55,19.5,19.55,-0.00019936233079556308,-0.00027449199205504176,,,,
1784858280,19.55,19.6,19.55,19.6,0,0,0,0,0,0,19.650000000000002,19.5,,,,,19.575000000000003,,,,,,,,,,,22.37604269991897,23.093246570947223,22.37604269991897,23.093246570947223,27.609630912068337,24.010996577991733,27.609630912068337,24.010996577991733,96,101,96,101,-1,4,-1,4,-1,4,-1,4,96,101,96,101,-0.08565834942167795,,,,,,,,,0,0,0,0,52,48,-52,-48,41.060259445249834,31.461547866407194,9.59871157884264,,,19.55,19.6,19.55,19.6,-0.00016060741414937848,-0.00024562755403153923,,,,
1784858280.001,19.6,19.650000000000002,19.6,19.650000000000002,0,0,0,0,0,0,19.650000000000002,19.5,,,,,19.625,,,,,,,,,,,23.63489679278191,23.170625174066462,23.63489679278191,23.170625174066462,31.556554387215055,27.783775482603396,31.556554387215055,27.783775482603396,96,101,96,101,-1,4,-1,4,-1,4,-1,4,96,101,96,101,-0.05424684693375017,,,,,,,,,0,0,0,0,52,48,-52,-48,45.54368928815957,37.73221393034822,7.8114753578113465,,,19.6,19.650000000000002,19.6,19.650000000000002,-0.00012149800649465857,-0.00021278197143517614,,,,
1784858520,19.650000000000002,19.700000000000003,19.650000000000002,19.700000000000003,0,0,0,0,0,0,19.650000000000002,19.5,,,,,19.675000000000004,,,,,,,,,,,25.04192797424988,23.43795414552124,25.04192797424988,23.43795414552124,35.61990376047007,31.701839621536735,35.61990376047007,31.701839621536735,96,101,96,101,-1,4,-1,4,-1,4,-1,4,96,101,96,101,-0.022727127802167534,,,,,,,,,0,0,0,0,52,48,-52,-48,49.50218523204509,42.91401497442184,6.588170257623254,,,19.650000000000002,19.700000000000003,19.650000000000002,19.700000000000003,-0.00008132610258109355,-0.0001771464369892729,,,,
1784858760,19.650000000000002,19.650000000000002,19.6,19.6,0,0,0,0,0,0,19.650000000000002,19.5,,,,,19.625,,,,,,,,,,,25.872266452279657,23.785713046486727,25.872266452279657,23.785713046486727,38.286448121219294,34.994143871378014,38.286448121219294,34.994143871378014,96,101,96,101,-1,4,-1,4,-1,4,-1,4,96,101,96,101,-0.018874187379339855,,,,,-0.018874187379339855,,-0.018874187379339855,,0,0,0,0,52,48,-52,-48,45.0389368182456,45.28626769592503,-0.24733087767942408,45.28626769592503,45.28626769592503,19.650000000000002,19.650000000000002,19.6,19.6,-0.0000603766288470236,-0.00014286456125790797,,,,
1784859000,19.6,19.6,19.55,19.55,0,0,0,0,0,0,19.650000000000002,19.5,,,,,19.575000000000003,,,,,,,,,,,26.405199800926347,24.1599254399781,26.405199800926347,24.1599254399781,40.2455269610451,37.61983541621156,40.2455269610451,37.61983541621156,96,101,96,101,-1,4,-1,4,-1,4,-1,4,96,101,96,101,-0.041852780299600933,,,,,,,,,0,0,0,0,52,48,-52,-48,34.71606492645998,43.70021906622756,-8.984154139767583,,,19.6,19.6,19.55,19.55,-0.000053147874839356723,-0.0001127197262845123,,,,
1784859000.001,19.55,19.55,19.5,19.5,0,0,0,0,0,0,19.650000000000002,19.5,,,,,19.525,,,,,,,,,,,26.661971243717318,24.51736055479799,26.661971243717318,24.51736055479799,41.563835139542405,39.59183527787698,41.563835139542405,39.59183527787698,96,101,96,101,-1,4,-1,4,-1,4,-1,4,96,101,96,101,-0.06409110209047233,,,,,,,,,0,0,0,0,52,48,-52,-48,20.302401111987123,37.389897022184456,-17.087495910197333,,,19.55,19.55,19.5,19.5,-0.00005913866959074314,-0.00008934911608370896,,,,
1784859240,19.5,19.5,19.45,19.45,0,0,0,0,0,0,19.650000000000002,19.5,,,,,19.475,,,,,,,,,,,26.662306631070834,24.823781422836966,26.662306631070834,24.823781422836966,42.29281107198868,40.94232317493283,42.29281107198868,40.94232317493283,96,101,96,101,-1,4,-1,4,-1,4,-1,4,96,101,96,101,-0.07607943670541678,,,,,,,,,0,0,0,0,52,48,-52,-48,5.091382704843083,26.28719639038395,-21.19581368554087,,,19.5,19.5,19.45,19.45,-0.00006917105345107017,-0.0000741097226339909,,,,
1784859480,19.450000000000003,19.450000000000003,19.400000000000002,19.400000000000002,0,0,0,0,0,0,19.650000000000002,19.5,,,,,19.425000000000004,,,,,,,,,,,26.42452282408959,25.05245876587306,26.42452282408959,25.05245876587306,42.46946831380543,41.70589574436913,42.46946831380543,41.70589574436913,96,101,96,101,-1,4,-1,4,-1,4,-1,4,96,101,96,101,-0.07859189610833073,,,,,,,,,0,0,0,0,52,48,-52,-48,-8.025681653682492,13.021041772401931,-21.046723426084423,,,19.450000000000003,19.450000000000003,19.400000000000002,19.400000000000002,-0.00008670039808301525,-0.00006831012123205035,,,,
1784859960,19.450000000000003,19.500000000000004,19.450000000000003,19.500000000000004,0,0,0,0,0,0,19.650000000000002,19.5,,,,,19.475,,,,,,,,,,,26.679914050940344,25.28495237802553,26.679914050940344,25.28495237802553,44.080972840404705,42.893434292386914,44.080972840404705,42.893434292386914,96,101,96,101,-1,4,-1,4,-1,4,-1,4,96,101,96,101,-0.0570836572175451,,,,,,,,,0,0,0,0,52,48,-52,-48,-8.763446278625977,2.1511639711304404,-10.914610249756418,,,19.450000000000003,19.500000000000004,19.450000000000003,19.500000000000004,-0.00009157591667869309,-0.00007001842358165024,,,,
1784860200,19.450000000000003,19.450000000000003,19.400000000000002,19.400000000000002,0,0,0,0,0,0,19.650000000000002,19.5,,,,,19.425000000000004,,,,,,,,,,,26.440872571111278,25.450083834180635,26.440872571111278,25.450083834180635,44.83131005368024,43.86237217303358,44.83131005368024,43.86237217303358,96,101,96,101,-1,4,-1,4,-1,4,-1,4,96,101,96,101,-0.04740174002996889,,,,,,,,,0,0,0,0,52,48,-52,-48,-17.554614860748075,-7.313090022053359,-10.241524838694716,,,19.450000000000003,19.450000000000003,19.400000000000002,19.400000000000002,-0.00011010317024251029,-0.00007830618048089803,,,,
1784860440,19.400000000000002,19.400000000000002,19.35,19.35,0,0,0,0,0,0,19.650000000000002,19.5,,,,,19.375,,,,,,,,,,,25.980810244603333,25.52590189281245,25.980810244603333,25.52590189281245,44.95744943376682,44.409910803400194,44.95744943376682,44.409910803400194,96,101,96,101,-1,4,-1,4,-1,4,-1,4,96,101,96,101,-0.05784871264917321,,,,,,,,,0,0,0,0,52,48,-52,-48,-27.231944074411217,-15.393921716866933,-11.838022357544284,,,19.400000000000002,19.400000000000002,19.35,19.35,-0.000135792093281493,-0.00009208021688792074,,,,
1784860440.001,19.35,19.35,19.3,19.3,0,0,0,0,0,0,19.650000000000002,19.5,,,,,19.325000000000003,,,,,,,,,,,25.315514274750715,25.49584651880363,25.315514274750715,25.49584651880363,44.46902259158032,44.43946669749026,44.46902259158032,44.43946669749026,96,101,96,101,-1,4,-1,4,-1,4,-1,4,96,101,96,101,-0.0707801979377424,,,,,,,,,0,0,0,0,52,48,-52,-48,-35.96738637477768,-22.379347897140732,-13.58803847763695,,,19.35,19.35,19.3,19.3,-0.0001676691327531556,-0.00011016862741498949,,,,
1784860920,19.3,19.3,19.25,19.25,0,0,0,0,0,0,19.650000000000002,19.5,,,,,19.275,,,,,,,,,,,24.45964420750661,25.347817617189772,24.45964420750661,25.347817617189772,42.95146991366221,43.695468305576235,42.95146991366221,43.695468305576235,96,101,96,101,-1,4,-1,4,-1,4,-1,4,96,101,96,101,-0.0843160577088789,,,,,,,,,0,0,0,0,52,48,-52,-48,-43.212949056737116,-30.991723591668517,-12.2212254650686,,,19.3,19.3,19.25,19.25,-0.00020002129194234529,-0.00013197700049686866,,,,
1784861160,19.25,19.25,19.2,19.2,0,0,0,0,0,0,19.650000000000002,19.5,,,,,19.225,,,,,,,,,,,23.45144302027091,25.076906960487076,23.45144302027091,25.076906960487076,40.55180937654558,42.12363884106091,40.55180937654558,42.12363884106091,96,101,96,101,-1,4,-1,4,-1,4,-1,4,96,101,96,101,-0.09421600745207875,,,,,,,,,0,0,0,0,52,48,-52,-48,-48.98294679959841,-38.8488065763811,-10.134140223217308,,,19.25,19.25,19.2,19.2,-0.0002346022378161386,-0.0001566273071190559,,,,
1784862840,19.200000000000003,19.200000000000003,19.150000000000002,19.150000000000002,0,0,0,0,0,0,19.650000000000002,19.5,,,,,19.175000000000004,,,,,,,,,,,22.286544029027077,24.678283684564217,22.286544029027077,24.678283684564217,37.396056388687434,39.759847614874175,37.396056388687434,39.759847614874175,96,101,96,101,-1,4,-1,4,-1,4,-1,4,96,101,96,101,-0.10964797208607271,,,,,,,,,0,0,0,0,52,48,-52,-48,-53.47733931930652,-45.410155387604924,-8.0671839317016,,,19.200000000000003,19.200000000000003,19.150000000000002,19.150000000000002,-0.0002697183445732134,-0.00018631771176814263,,,,
1784863080,19.150000000000002,19.150000000000002,19.1,19.1,0,0,0,0,0,0,19.650000000000002,19.5,,,,,19.125,,,,,,,,,,,20.95919829150398,24.146985771269897,20.95919829150398,24.146985771269897,33.59222415733656,36.67603588610537,33.59222415733656,36.67603588610537,96,101,96,101,-1,4,-1,4,-1,4,-1,4,96,101,96,101,-0.1469462812660295,,,,,,,,,0,0,0,0,52,48,-52,-48,-57.195753391199595,-50.7172471417104,-6.478506249489193,,,19.150000000000002,19.150000000000002,19.1,19.1,-0.0003053146581759916,-0.0002188529597570562,,,,
1784870160,19.1,19.17,19.05,19.05,0,0,0,0,0,0,19.650000000000002,19.5,,,,,19.075000000000003,,,,,,,,,,,19.462112699253698,23.477718189553297,19.462112699253698,23.477718189553297,29.540587739255564,33.10831181268047,29.540587739255564,33.10831181268047,96,101,96,101,-1,4,-1,4,-1,4,-1,4,96,101,96,101,-0.1810661732020312,,,,,,,,,0,0,0,0,52,48,-52,-48,-58.70898227483952,-54.591255446236005,-4.117726828603516,,,19.1,19.17,19.05,19.05,-0.0003411098703216677,-0.00025307258926375196,,,,
1784870400,19.05,19.05,19,19,0,0,0,0,0,0,19.650000000000002,19.5,,,,,19.025,,,,,,,,,,,18.07196179216415,22.70546727564056,18.07196179216415,22.70546727564056,25.72866704181088,29.418489427245675,25.72866704181088,29.418489427245675,96,101,96,101,-1,4,-1,4,-1,4,-1,4,96,101,96,101,-0.1999728019583047,,,,,,,,,0,0,0,0,52,48,-52,-48,-61.4340231262192,-57.70402452789121,-3.7299985983279953,,,19.05,19.05,19,19,-0.00037599633494773163,-0.00028779378962951466,,,,
1784870400.001,19,19,18.95,18.95,0,0,0,0,0,0,19.650000000000002,19.5,,,,,18.975,,,,,,,,,,,16.78110737843814,21.85913014746879,16.78110737843814,21.85913014746879,22.43409555964741,25.926292493446542,22.43409555964741,25.926292493446542,96,101,96,101,-1,4,-1,4,-1,4,-1,4,96,101,96,101,-0.20695186750778102,-0.20695186750778102,-0.20695186750778102,-0.20695186750778102,,,,,,0,0,0,0,52,48,-52,-48,-63.26430968385474,-60.15076711902826,-3.1135425648264814,,,19,19,18.95,18.95,-0.0004128275333862846,-0.00032326149653683783,,,,
1784871360,18.95,18.95,18.9,18.9,0,0,0,0,0,0,19.650000000000002,19.5,,,,,18.924999999999997,,,,,,,,,,,15.582456851406844,20.962462533745654,15.582456851406844,20.962462533745654,19.586367622554977,22.75633005800076,19.586367622554977,22.75633005800076,96,101,96,101,-1,4,-1,4,-1,4,-1,4,96,101,96,101,-0.20424323648637116,,,,,,,,,0,0,0,0,52,48,-52,-48,-64.49937080397957,-61.97667147222325,-2.5226993317563213,,,18.95,18.95,18.9,18.9,-0.00045104775890344594,-0.000359335750051389,,,,
1784872080,18.900000000000002,18.900000000000002,18.85,18.85,0,0,0,0,0,0,19.650000000000002,19.5,,,,,18.875,,,,,,,,,,,14.469424219163498,20.03488563166249,14.469424219163498,20.03488563166249,17.124449558828687,19.94038980841472,17.124449558828687,19.94038980841472,96,101,96,101,-1,4,-1,4,-1,4,-1,4,96,101,96,101,-0.2036787602044323,,,,,,,,,0,0,0,0,52,48,-52,-48,-65.33219034257607,-63.63247348915739,-1.6997168534186784,,,18.900000000000002,18.900000000000002,18.85,18.85,-0.0004896739385063485,-0.0003959950157069116,,,,
1784873280,18.900000000000002,18.950000000000003,18.82,18.950000000000003,0,0,0,0,0,0,19.650000000000002,19.5,,,,,18.925000000000004,,,,,,,,,,,14.10877176458558,19.18829793636579,14.10877176458558,19.18829793636579,16.204073647827258,18.07223172812099,16.204073647827258,18.07223172812099,96,101,96,101,-1,4,-1,4,-1,4,-1,4,96,101,96,101,-0.17606329207119595,,,,,,,,,0,0,0,0,52,48,-52,-48,-61.9131494557961,-63.752255071551616,1.8391056157555141,-63.752255071551616,-63.752255071551616,18.900000000000002,18.950000000000003,18.82,18.950000000000003,-0.0005101489004216704,-0.0004301340560811913,,,,
1784873520,18.95,19,18.95,19,0,0,0,0,0,0,19.650000000000002,19.5,,,,,18.975,,,,,,,,,,,14.067704823291333,18.45678463449801,14.067704823291333,18.45678463449801,16.48660858125453,17.27942015468776,16.48660858125453,17.27942015468776,96,101,96,101,-1,4,-1,4,-1,4,-1,4,96,101,96,101,-0.13337368413402478,,,,,,,,,0,0,0,0,52,48,-52,-48,-52.32726071166141,-61.01799282850328,8.690732116841872,,,18.95,19,18.95,19,-0.0005205158442025773,-0.00046003505172800965,,,,
1784873520.001,19,19.05,19,19.05,0,0,0,0,0,0,19.650000000000002,19.5,,,,,19.025,,,,,,,,,,,14.346350907341954,17.869579816332863,14.346350907341954,17.869579816332863,17.54046969302337,17.409944923855562,17.54046969302337,17.409944923855562,96,101,96,101,-1,4,-1,4,-1,4,-1,4,96,101,96,101,-0.10017390984382049,,,,,,,,,0,0,0,0,52,48,-52,-48,-39.522595425028264,-54.77379898376546,15.251203558737195,,,19,19.05,19,19.05,-0.0005142126851468234,-0.0004830711100945249,,,,
1784873520.002,19.05,19.1,19.05,19.1,0,0,0,0,0,0,19.650000000000002,19.5,,,,,19.075000000000003,,,,,,,,,,,14.884111556817532,17.443084350687815,14.884111556817532,17.443084350687815,19.255467529084978,18.332706226470272,19.255467529084978,18.332706226470272,96,101,96,101,-1,4,-1,4,-1,4,-1,4,96,101,96,101,-0.06888605258117499,,,,,,,,,0,0,0,0,52,48,-52,-48,-25.34979960612067,-44.77820129965161,19.428401693530944,,,19.05,19.1,19.05,19.1,-0.0005017082984900881,-0.0004978845709451589,,,,
1784875200,19.05,19.05,19,19,0,0,0,0,0,0,19.650000000000002,19.5,,,,,19.025,,,,,,,,,,,14.825425017044848,17.06913301731025,14.825425017044848,17.06913301731025,19.751439700254636,19.042072963362454,19.751439700254636,19.042072963362454,96,101,96,101,-1,4,-1,4,-1,4,-1,4,96,101,96,101,-0.06145790163640305,,,,,,,,,0,0,0,0,52,48,-52,-48,-21.920640604303905,-34.78007408677856,12.859433482474657,,,19.05,19.05,19,19,-0.0005008181226185632,-0.000506179631564345,,,-0.0005008181226185632,19
1785115800,19.05,19.1,18.98,19.1,0,0,0,0,0,0,19.1,18.95,,,,,19.075000000000003,,,,,,,,,,,15.328966087255935,16.820537741588204,15.328966087255935,16.820537741588204,20.92331195086758,19.982692457115014,20.92331195086758,19.982692457115014,96,101,96,101,-1,4,-1,4,-1,4,-1,4,96,101,96,101,-0.04773960092075751,,,,,,,,,0,0,0,0,52,48,-52,-48,-13.239285885996217,-25.008080380362266,11.768794494366048,,,19.05,19.1,18.98,19.1,-0.000485407869029184,-0.0005054686199848176,,,,
1785115800.001,19.1,19.150000000000002,19.1,19.150000000000002,0,0,0,0,0,0,19.1,18.95,,,,,19.125,,,,,,,,,,,16.07555779530909,16.714112034976903,16.07555779530909,16.714112034976903,22.96673491892548,21.474713688020245,22.96673491892548,21.474713688020245,96,101,96,101,-1,4,-1,4,-1,4,-1,4,96,101,96,101,-0.013064224441539367,,,,,,,,,0,0,0,0,52,48,-52,-48,0.6231885055684678,-14.971634397713082,15.59482290328155,,,19.1,19.150000000000002,19.1,19.150000000000002,-0.0004637962411301358,-0.0004977431767695619,,,,
1785115800.002,19.150000000000002,19.200000000000003,19.150000000000002,19.200000000000003,0,0,0,0,0,0,19.1,18.95,,,,,19.175000000000004,,,,,,,,,,,17.047839381358454,16.761787370174268,17.047839381358454,16.761787370174268,25.529928631806285,23.502321159913265,25.529928631806285,23.502321159913265,96,101,96,101,-1,4,-1,4,-1,4,-1,4,96,101,96,101,0.01895798512184121,,,,,,,,,0,0,0,0,52,48,-52,-48,13.824254673232668,-5.178120827874748,19.002375501107416,,,19.150000000000002,19.200000000000003,19.150000000000002,19.200000000000003,-0.00043723837165134436,-0.0004838635980110231,,,,
1785115800.003,19.200000000000003,19.250000000000004,19.200000000000003,19.250000000000004,0,0,0,0,0,0,19.1,18.95,,,,,19.225,,,,,,,,,,,18.229690139832865,16.971487765839782,18.229690139832865,16.971487765839782,28.53864012596387,26.020480642938566,28.53864012596387,26.020480642938566,96,101,96,101,-1,4,-1,4,-1,4,-1,4,96,101,96,101,0.04738312292201385,,,,,,,,,0,0,0,0,52,48,-52,-48,24.83055145708893,6.5096771874734625,18.320874269615466,,,19.200000000000003,19.250000000000004,19.200000000000003,19.250000000000004,-0.00040293244553290164,-0.00046531689140870284,,,,
1785116040,19.200000000000003,19.200000000000003,19.150000000000002,19.150000000000002,0,0,0,0,0,0,19.1,18.95,,,,,19.175000000000004,,,,,,,,,,,18.84394572217931,17.238981759602574,18.84394572217931,17.238981759602574,30.143509718358647,28.081995180648605,30.143509718358647,28.081995180648605,96,101,96,101,-1,4,-1,4,-1,4,-1,4,96,101,96,101,0.0557288733596066,,,,,0.0557288733596066,,0.0557288733596066,,0,0,0,0,52,48,-52,-48,25.899195122447047,16.29429743958428,9.604897682862767,,,19.200000000000003,19.200000000000003,19.150000000000002,19.150000000000002,-0.0003849779614875213,-0.00044586183524160833,,,,
1785116280,19.150000000000002,19.150000000000002,19.1,19.1,0,0,0,0,0,0,19.1,18.95,,,,,19.125,,,,,,,,,,,19.192864853403798,17.518107915859893,19.192864853403798,17.518107915859893,30.70742391443734,29.394709547542973,30.70742391443734,29.394709547542973,96,101,96,101,-1,4,-1,4,-1,4,-1,4,96,101,96,101,0.04917774345269773,,,,,,,,,0,0,0,0,52,48,-52,-48,20.250591617833685,21.201148217650584,-0.950556599816899,21.201148217650584,21.201148217650584,19.150000000000002,19.150000000000002,19.1,19.1,-0.0003759088908898461,-0.00042504362995348884,,,,
1785116280.001,19.1,19.1,19.05,19.05,0,0,0,0,0,0,19.1,18.95,,,,,19.075000000000003,,,,,,,,,,,19.275801813938163,17.76920704415679,19.275801813938163,17.76920704415679,30.379090627959265,29.88690008775112,30.379090627959265,29.88690008775112,96,101,96,101,-1,4,-1,4,-1,4,-1,4,96,101,96,101,0.035717040237326976,,,,,,,,,0,0,0,0,52,48,-52,-48,9.331400786998683,20.07793474609209,-10.746533959093407,,,19.1,19.1,19.05,19.05,-0.0003752655972596609,-0.0004066865846585684,,,,
1785116520,19.05,19.05,19,19,0,0,0,0,0,0,19.1,18.95,,,,,19.025,,,,,,,,,,,19.08943501770448,17.95781104037789,19.08943501770448,17.95781104037789,29.285973785004025,29.586436936377574,29.285973785004025,29.586436936377574,96,101,96,101,-1,4,-1,4,-1,4,-1,4,96,101,96,101,0.0036585397140426433,,,,,,,,,0,0,0,0,52,48,-52,-48,-2.8754575875801844,13.151432484924811,-16.026890072504997,,,19.05,19.05,19,19,-0.00038350203764161484,-0.0003933042174104815,,,,
1785116520.001,19,19,18.95,18.95,0,0,0,0,0,0,19.200000000000003,18.95,,,,,18.975,,,,,,,,,,,18.62742960381851,18.05347083515512,18.62742960381851,18.05347083515512,27.53732817935407,28.56188255786582,27.53732817935407,28.56188255786582,96,101,96,101,-1,4,-1,4,-1,4,-1,4,96,101,96,101,-0.03252208566625845,,,,,,,,,0,0,0,0,52,48,-52,-48,-14.233303189580313,3.118307906917971,-17.351611096498285,,,19,19,18.95,18.95,-0.00040076649727829357,-0.0003872255716816397,,,,
1785116520.002,18.95,18.95,18.9,18.9,0,0,0,0,0,0,19.200000000000003,18.95,,,,,18.924999999999997,,,,,,,,,,,17.879989296840204,18.02868775825299,17.879989296840204,18.02868775825299,25.226800777108703,26.89434166748726,25.226800777108703,26.89434166748726,96,101,96,101,-1,4,-1,4,-1,4,-1,4,96,101,96,101,-0.060567428531260376,-0.060567428531260376,-0.060567428531260376,-0.060567428531260376,,,,,,0,0,0,0,52,48,-52,-48,-24.681861355859223,-8.114805336505254,-16.56705601935397,,,18.95,18.95,18.9,18.9,-0.0004246864156120889,-0.0003908512333615042,,,,
1785116760,18.95,19,18.95,19,0,0,0,0,0,0,19.200000000000003,18.95,,,,,18.975,,,,,,,,,,,17.98533568347143,18.02249460471277,17.98533568347143,18.02249460471277,24.376844728055303,25.635593197771282,24.376844728055303,25.635593197771282,96,101,96,101,-1,4,-1,4,-1,4,-1,4,96,101,96,101,-0.057533581166888816,,,,,,,,,0,0,0,0,52,48,-52,-48,-24.628470139719322,-16.604773068184755,-8.023697071534567,,,18.95,19,18.95,19,-0.0004316245023367121,-0.0003986256568363694,,,,
1785116760.001,19,19.05,19,19.05,0,0,0,0,0,0,19.200000000000003,18.95,,,,,19.025,,,,,,,,,,,18.567551965820872,18.100359942013927,18.567551965820872,18.100359942013927,24.740592184486975,25.18809269112913,24.740592184486975,25.18809269112913,96,101,96,101,-1,4,-1,4,-1,4,-1,4,96,101,96,101,-0.029825598670554294,,,,,,,,,0,0,0,0,52,48,-52,-48,-17.549548693192058,-20.27329584458772,2.7237471513956635,-20.27329584458772,-20.27329584458772,19,19.05,19,19.05,-0.00043073273246117474,-0.00040776296376492414,,,,
1785116760.002,19.05,19.1,19.05,19.1,0,0,0,0,0,0,19.200000000000003,18.95,,,,,19.075000000000003,,,,,,,,,,,19.514025526703797,18.302312168398196,19.514025526703797,18.302312168398196,26.294284494726632,25.74118859292788,26.294284494726632,25.74118859292788,96,101,96,101,-1,4,-1,4,-1,4,-1,4,96,101,96,101,-0.002919848090164971,,,,,,,,,0,0,0,0,52,48,-52,-48,-5.9971919303064,-18.214268029769244,12.217076099462844,,,19.05,19.1,19.05,19.1,-0.00042218520642529764,-0.0004155828986258636,,,,
1785116760.003,19.1,19.150000000000002,19.1,19.150000000000002,0,0,0,0,0,0,19.200000000000003,18.95,,,,,19.125,,,,,,,,,,,20.798737989082102,18.658944428495897,20.798737989082102,18.658944428495897,29.050563180353937,27.39587588664091,29.050563180353937,27.39587588664091,96,101,96,101,-1,4,-1,4,-1,4,-1,4,96,101,96,101,0.021144807973434425,,,,,0.021144807973434425,,0.021144807973434425,,0,0,0,0,52,48,-52,-48,7.234611714844572,-10.235149762093297,17.46976147693787,,,19.1,19.150000000000002,19.1,19.150000000000002,-0.00040691053672544725,-0.00041948431513983564,,,-0.00040691053672544725,19.1
1785117000,19.1,19.1,19.05,19.05,0,0,0,0,0,0,19.150000000000002,18.95,,,,,19.075000000000003,,,,,,,,,,,21.179996963887927,19.01909479069476,21.179996963887927,19.01909479069476,30.15258356635377,28.77422972649734,30.15258356635377,28.77422972649734,96,101,96,101,-1,4,-1,4,-1,4,-1,4,96,101,96,101,0.002616115924229192,,,,,,,,,0,0,0,0,52,48,-52,-48,7.052055439439,-2.3150183673037152,9.367073806742715,,,19.1,19.1,19.05,19.05,-0.0004114152256658293,-0.000421259103204425,,,,
1785117240,19.05,19.05,19,19,0,0,0,0,0,0,19.150000000000002,18.95,,,,,19.025,,,,,,,,,,,21.12817899893489,19.320392534729063,21.12817899893489,19.320392534729063,30.046752300572102,29.41049101353472,30.046752300572102,29.41049101353472,96,101,96,101,-1,4,-1,4,-1,4,-1,4,96,101,96,101,-0.06363631803332183,,,,,,,,,0,0,0,0,52,48,-52,-48,-1.580812272490535,1.6771657378716656,-3.2579780103622005,1.6771657378716656,1.6771657378716656,19.05,19.05,19,19,-0.00041796589844250547,-0.0004201390170094944,,,,
1785117720,19.05,19.1,19.05,19.1,0,0,0,0,0,0,19.150000000000002,18.95,,,,,19.075000000000003,,,,,,,,,,,21.891750628881102,19.687729405322212,21.891750628881102,19.687729405322212,31.650050724753424,30.530270869144072,31.650050724753424,30.530270869144072,96,101,96,101,-1,4,-1,4,-1,4,-1,4,96,101,96,101,-0.09527344383832678,,,,,,,,,0,0,0,0,52,48,-52,-48,5.003658675206038,4.4273783892497764,0.5762802859562619,4.4273783892497764,4.4273783892497764,19.05,19.1,19.05,19.1,-0.00040726673201145843,-0.0004160793886219521,,,,
1785118440,19.1,19.150000000000002,19.1,19.150000000000002,0,0,0,0,0,0,19.150000000000002,18.95,,,,,19.125,,,,,,,,,,,23.006625583961032,20.161857430842044,23.006625583961032,20.161857430842044,34.764082887227104,32.64717687818559,34.764082887227104,32.64717687818559,96,101,96,101,-1,4,-1,4,-1,4,-1,4,96,101,96,101,-0.07545718370479501,,,,,,,,,0,0,0,0,52,48,-52,-48,16.156000387452472,6.6577255574017515,9.498274830050722,,,19.1,19.150000000000002,19.1,19.150000000000002,-0.00038738767097342206,-0.00040885521170732665,,,,
1785119640,19.1,19.17,19.05,19.05,0,0,0,0,0,0,19.150000000000002,18.95,,,,,19.075000000000003,,,,,,,,,,,23.23017830198979,20.60018898386315,23.23017830198979,20.60018898386315,36.91368829686858,34.78043258752709,36.91368829686858,34.78043258752709,96,101,96,101,-1,4,-1,4,-1,4,-1,4,96,101,96,101,-0.07018005634121888,,,,,,,,,0,0,0,0,52,48,-52,-48,16.1401452425816,8.929748008187401,7.210397234394199,,,19.1,19.17,19.05,19.05,-0.000376976918005322,-0.00040132049697066404,,,,
1785119880,19.05,19.05,19,19,0,0,0,0,0,0,19.150000000000002,18.95,,,,,19.025,,,,,,,,,,,23.03191881288662,20.94757895943793,23.03191881288662,20.94757895943793,37.592685206839704,36.186558897183396,37.592685206839704,36.186558897183396,96,101,96,101,-1,4,-1,4,-1,4,-1,4,96,101,96,101,-0.08435764477671663,,,,,,,,,0,0,0,0,52,48,-52,-48,1.9909081778273325,9.822678120766868,-7.831769942939536,9.822678120766868,9.822678120766868,19.05,19.05,19,19,-0.0003760381053422471,-0.00039617509174013076,,,,
1785120840,19,19,18.95,18.95,0,0,0,0,0,0,19.150000000000002,18.95,,,,,18.975,,,,,,,,,,,22.441976560018084,21.16106433094938,22.441976560018084,21.16106433094938,37.20569031018145,36.69612460368242,37.20569031018145,36.69612460368242,96,101,96,101,-1,4,-1,4,-1,4,-1,4,96,101,96,101,-0.10061629565826521,,,,,,,,,0,0,0,0,52,48,-52,-48,-11.88362910887351,5.600856174746981,-17.48448528362049,,,19,19,18.95,18.95,-0.000386004767789947,-0.0003919400154274837,,,,
1785121320,18.95,18.95,18.9,18.9,0,0,0,0,0,0,19.150000000000002,18.95,,,,,18.924999999999997,,,,,,,,,,,21.488328883653143,21.20781640990706,21.488328883653143,21.20781640990706,35.21285083065389,35.954487717168156,35.21285083065389,35.954487717168156,96,101,96,101,-1,4,-1,4,-1,4,-1,4,96,101,96,101,-0.1268082798721062,-0.1268082798721062,,-0.1268082798721062,,,,,,0,0,0,0,52,48,-52,-48,-23.59306454738738,-4.336410058962983,-19.2566544884244,,,18.95,18.95,18.9,18.9,-0.00040095345304710467,-0.00038910460786158353,,,,
1785129120,18.95,19,18.88,19,0,0,0,0,0,0,19.150000000000002,18.95,,,,,18.975,,,,,,,,,,,21.414487210145445,21.237340809941117,21.414487210145445,21.237340809941117,35.03294190800233,35.49371481258524,35.03294190800233,35.49371481258524,96,101,96,101,-1,4,-1,4,-1,4,-1,4,96,101,96,101,-0.1216618281027023,,,,,,,,,0,0,0,0,52,48,-52,-48,-25.876372462940093,-14.840539485343406,-11.035832977596687,,,18.95,19,18.88,19,-0.00040183436134146755,-0.0003881992127499184,,,,
1785129600,18.95,18.95,18.9,18.9,0,0,0,0,0,0,19.150000000000002,18.95,,,,,18.924999999999997,,,,,,,,,,,20.534231630199976,21.13689664140667,20.534231630199976,21.13689664140667,33.3504950573575,34.42210493497137,33.3504950573575,34.42210493497137,96,101,96,101,-1,4,-1,4,-1,4,-1,4,96,101,96,101,-0.11472819958322897,,,,,,,,,0,0,0,0,52,48,-52,-48,-31.60767148484959,-23.240184401012634,-8.367487083836956,,,18.95,18.95,18.9,18.9,-0.0004156813963102007,-0.00039291483363938155,,,,
1785129840,18.900000000000002,18.900000000000002,18.85,18.85,0,0,0,0,0,0,19.150000000000002,18.95,,,,,18.875,,,,,,,,,,,19.31100729297791,20.876055305916847,19.31100729297791,20.876055305916847,30.247268188698584,32.33468656183498,30.247268188698584,32.33468656183498,96,101,96,101,-1,4,-1,4,-1,4,-1,4,96,101,96,101,-0.12622455131517907,,,,,,,,,0,0,0,0,52,48,-52,-48,-38.859931664328585,-29.984260039876403,-8.875671624452181,,,18.900000000000002,18.900000000000002,18.85,18.85,-0.00043516637154161753,-0.0004026130758954308,,,,
1785130800,18.900000000000002,18.950000000000003,18.900000000000002,18.950000000000003,0,0,0,0,0,0,19.150000000000002,18.95,,,,,18.925000000000004,,,,,,,,,,,18.986844434388594,20.606168038555666,18.986844434388594,20.606168038555666,29.580714925861315,30.957700743848147,29.580714925861315,30.957700743848147,96,101,96,101,-1,4,-1,4,-1,4,-1,4,96,101,96,101,-0.12006128587264361,,,,,,,,,0,0,0,0,52,48,-52,-48,-35.77178642107479,-33.028940508298255,-2.742845912776538,,,18.900000000000002,18.950000000000003,18.900000000000002,18.950000000000003,-0.00043775360436063747,-0.00041289899239849593,,,,
1785132000,18.95,19,18.95,19,0,0,0,0,0,0,19.150000000000002,18.95,,,,,18.975,,,,,,,,,,,19.09168022154265,20.389812636125235,19.09168022154265,20.389812636125235,30.67051312582129,30.81410693483472,30.67051312582129,30.81410693483472,96,101,96,101,-1,4,-1,4,-1,4,-1,4,96,101,96,101,-0.09527615987184837,,,,,,,,,0,0,0,0,52,48,-52,-48,-25.467559407526497,-32.92673724444486,7.459177836918361,-32.92673724444486,-32.92673724444486,18.95,19,18.95,19,-0.0004340208586974978,-0.000420901674216421,,,,
1785132240,19,19.05,19,19.05,0,0,0,0,0,0,19.150000000000002,18.95,,,,,19.025,,,,,,,,,,,19.59487189402986,20.276249672968753,19.59487189402986,20.276249672968753,33.26575543675045,32.03993118579258,33.26575543675045,32.03993118579258,96,101,96,101,-1,4,-1,4,-1,4,-1,4,96,101,96,101,-0.06660661558265832,,,,,,,,,0,0,0,0,52,48,-52,-48,-10.758493197973637,-27.71444267272587,16.95594947475223,,,19,19.05,19,19.05,-0.0004207261267481144,-0.000424197119833256,,,-0.0004207261267481144,19
1785132240.001,19.05,19.1,19.05,19.1,0,0,0,0,0,0,19.150000000000002,18.95,,,,,19.075000000000003,,,,,,,,,,,20.467965460040716,20.30363764255046,20.467965460040716,20.30363764255046,37.15137841422463,34.5956548000086,37.15137841422463,34.5956548000086,96,101,96,101,-1,4,-1,4,-1,4,-1,4,96,101,96,101,-0.03788436469285972,,,,,,,,,0,0,0,0,52,48,-52,-48,3.120859859725572,-17.219244791712327,20.340104651437898,,,19.05,19.1,19.05,19.1,-0.00039823579618109586,-0.00042359735897319406,,,,
1785132240.002,19.1,19.150000000000002,19.1,19.150000000000002,0,0,0,0,0,0,19.150000000000002,18.900000000000002,,,,,19.125,,,,,,,,,,,21.6845393557521,20.50090931586498,21.6845393557521,20.50090931586498,41.844038640763955,38.21984672038628,41.844038640763955,38.21984672038628,96,101,96,101,-1,4,-1,4,-1,4,-1,4,96,101,96,101,-0.008165821171153307,,,,,,,,,0,0,0,0,52,48,-52,-48,15.012828247015845,-4.523091124689669,19.535919371705514,,,19.1,19.150000000000002,19.1,19.150000000000002,-0.0003746139817665045,-0.000416752789882578,,,,
1785132240.003,19.150000000000002,19.200000000000003,19.150000000000002,19.200000000000003,0,0,0,0,0,0,19.150000000000002,18.900000000000002,,,,,19.175000000000004,,,,,,,,,,,23.22005927189969,20.889359309584226,23.22005927189969,20.889359309584226,47.65203312065482,42.93593992052055,47.65203312065482,42.93593992052055,96,101,96,101,-1,4,-1,4,-1,4,-1,4,96,101,96,101,0.021038768507832737,,,,,,,,,0,0,0,0,52,48,-52,-48,25.51057131415524,8.221441555730767,17.289129758424473,,,19.150000000000002,19.200000000000003,19.150000000000002,19.200000000000003,-0.00034855163667764925,-0.00040231700073858337,,,,
1785132480,19.200000000000003,19.250000000000004,19.200000000000003,19.250000000000004,0,0,0,0,0,0,19.150000000000002,18.900000000000002,,,,,19.225,,,,,,,,,,,25.051743349880898,21.483985601055178,25.051743349880898,21.483985601055178,54.41602838913272,48.67598415482664,54.41602838913272,48.67598415482664,96,101,96,101,-1,4,-1,4,-1,4,-1,4,96,101,96,101,0.044721268427867625,,,,,,,,,0,0,0,0,52,48,-52,-48,33.92009345809022,19.39108821974672,14.529005238343501,,,19.200000000000003,19.250000000000004,19.200000000000003,19.250000000000004,-0.00031255886295845507,-0.00038145121050488624,,,,
1785132480.001,19.25,19.3,19.25,19.3,0,0,0,0,0,0,19.150000000000002,18.900000000000002,,,,,19.275,,,,,,,,,,,27.15843700670758,22.294621516148375,27.15843700670758,22.294621516148375,60.29310369862171,54.48454392672417,60.29310369862171,54.48454392672417,96,101,96,101,-1,4,-1,4,-1,4,-1,4,96,101,96,101,0.045606169714255795,,,,,0.045606169714255795,,0.045606169714255795,,0,0,0,0,52,48,-52,-48,40.60567288698133,28.76229147656066,11.843381410420672,,,19.25,19.3,19.25,19.3,-0.0002709671486773015,-0.00035427559216818686,,,,
1785135120,19.3,19.35,19.3,19.35,0,0,0,0,0,0,19.150000000000002,18.900000000000002,,,,,19.325000000000003,,,,,,,,,,,29.52049670103366,23.32688939970342,29.52049670103366,23.32688939970342,65.3940888845329,59.93931640562854,65.3940888845329,59.93931640562854,96,101,96,101,-1,4,-1,4,-1,4,-1,4,96,101,96,101,0.04234555350079158,,,,,,,,,0,0,0,0,52,48,-52,-48,45.90303417277596,36.484842958000684,9.418191214775277,,,19.3,19.35,19.3,19.35,-0.0002286758841521173,-0.00032226721840218734,,,,
1785202200,19.3,19.36,19.25,19.25,0,0,0,0,0,0,19.150000000000002,18.900000000000002,,,,,19.275,,,,,,,,,,,30.9021495340767,24.409069418899602,30.9021495340767,24.409069418899602,68.15291652287695,64.04611646425275,68.15291652287695,64.04611646425275,96,101,96,101,-1,4,-1,4,-1,4,-1,4,96,101,96,101,0.02719022357670859,,,,,,,,,0,0,0,0,52,48,-52,-48,44.88766860041508,41.32911727956565,3.558551320849432,,,19.3,19.36,19.25,19.25,-0.0002027771984584959,-0.00028969078544842066,,,,
1785202200.001,19.25,19.25,19.2,19.2,0,0,0,0,0,0,19.150000000000002,18.900000000000002,,,,,19.225,,,,,,,,,,,31.779268723201074,25.461955033799814,31.779268723201074,25.461955033799814,68.78093124930066,66.4135238567767,68.78093124930066,66.4135238567767,96,101,96,101,-1,4,-1,4,-1,4,-1,4,96,101,96,101,-0.002825119770223308,,,,,,,,,0,0,0,0,52,48,-52,-48,36.36717250746571,41.94088704190952,-5.573714534443809,41.94088704190952,41.94088704190952,19.25,19.25,19.2,19.2,-0.000190285548645136,-0.00025896937992819254,,,,
1785202200.002,19.200000000000003,19.200000000000003,19.150000000000002,19.150000000000002,0,0,0,0,0,0,19.150000000000002,18.900000000000002,,,,,19.175000000000004,,,,,,,,,,,32.349252110442315,26.445854616177314,32.349252110442315,26.445854616177314,67.9186693621457,67.1660966094612,67.9186693621457,67.1660966094612,96,101,96,101,-1,4,-1,4,-1,4,-1,4,96,101,96,101,-0.02876151496051548,,,,,,,,,0,0,0,0,52,48,-52,-48,23.83490289391601,37.74819454364319,-13.913291649727178,,,19.200000000000003,19.200000000000003,19.150000000000002,19.150000000000002,-0.0001898671756258361,-0.00023252196975289037,,,,
1785202200.003,19.150000000000002,19.150000000000002,19.1,19.1,0,0,0,0,0,0,19.150000000000002,18.900000000000002,,,,,19.125,,,,,,,,,,,32.60269380951329,27.325403072368168,32.60269380951329,27.325403072368168,65.77902752049475,66.47256206497798,65.77902752049475,66.47256206497798,96,101,96,101,-1,4,-1,4,-1,4,-1,4,96,101,96,101,-0.05186287964840636,,,,,,,,,0,0,0,0,52,48,-52,-48,9.939938812839921,28.75742070365918,-18.81748189081926,,,19.150000000000002,19.150000000000002,19.1,19.1,-0.00019006028426872995,-0.0002121055399712695,,,,
1785202200.004,19.1,19.1,19.05,19.05,0,0,0,0,0,0,19.150000000000002,18.900000000000002,,,,,19.075000000000003,,,,,,,,,,,32.52441920276724,28.068119662425175,32.52441920276724,28.068119662425175,62.54448857498989,64.50852531998393,62.54448857498989,64.50852531998393,96,101,96,101,-1,4,-1,4,-1,4,-1,4,96,101,96,101,-0.07468657160597611,,,,,,,,,0,0,0,0,52,48,-52,-48,-4.238611261250394,16.47585073824281,-20.714461999493203,,,19.1,19.1,19.05,19.05,-0.00020181116486700274,-0.00020057954266955303,,,,
1785202200.005,19.05,19.05,19,19,0,0,0,0,0,0,19.25,19,,,,,19.025,,,,,,,,,,,32.09200270509058,28.642960097091663,32.09200270509058,28.642960097091663,58.37146639761035,61.43999585879714,58.37146639761035,61.43999585879714,96,101,96,101,-1,4,-1,4,-1,4,-1,4,96,101,96,101,-0.09736694088678789,,,,,,,,,0,0,0,0,52,48,-52,-48,-16.478197110352383,3.264508333788285,-19.742705444140668,,,19.05,19.05,19,19,-0.00022434653056066528,-0.00019985798373764438,,,,
1785202440,19,19,18.95,18.95,0,0,0,0,0,0,19.25,19,,,,,18.975,,,,,,,,,,,31.16526301607149,29.003289085517356,31.16526301607149,29.003289085517356,53.39403002148108,57.41701294013911,53.39403002148108,57.41701294013911,96,101,96,101,-1,4,-1,4,-1,4,-1,4,96,101,96,101,-0.0949933493471029,,,,,,,,,0,0,0,0,52,48,-52,-48,-26.617095121847623,-9.348491170152624,-17.268603951695,,,19,19,18.95,18.95,-0.00024906052041013155,-0.00020757187072958366,,,,
1785202440.001,18.95,18.95,18.9,18.9,0,0,0,0,0,0,19.25,19,,,,,18.924999999999997,,,,,,,,,,,29.77950893509157,29.11417763545653,29.77950893509157,29.11417763545653,47.72709576070929,52.572054350424196,47.72709576070929,52.572054350424196,96,101,96,101,-1,4,-1,4,-1,4,-1,4,96,101,96,101,-0.09403450339667925,,,,,,,,,0,0,0,0,52,48,-52,-48,-34.83517881212013,-20.542270576392635,-14.292908235727491,,,18.95,18.95,18.9,18.9,-0.000279810037820613,-0.0002224926189254965,,,,
1785202920,18.900000000000002,18.900000000000002,18.85,18.85,0,0,0,0,0,0,19.25,19,,,,,18.875,,,,,,,,,,,27.992537208435383,28.953943288739225,27.992537208435383,28.953943288739225,41.46916331310105,47.02060883176262,41.46916331310105,47.02060883176262,96,101,96,101,-1,4,-1,4,-1,4,-1,4,96,101,96,101,-0.11629964436745312,,,,,,,,,0,0,0,0,52,48,-52,-48,-40.79002212008679,-29.680123291101733,-11.109898828985056,,,18.900000000000002,18.900000000000002,18.85,18.85,-0.0003151348795047669,-0.00024337056957198495,,,,
1785204120,18.85,18.85,18.8,18.8,0,0,0,0,0,0,19.25,19,,,,,18.825000000000003,,,,,,,,,,,25.99307026497571,28.53096142820158,25.99307026497571,28.53096142820158,36.05520120714783,41.53790501945522,36.05520120714783,41.53790501945522,96,101,96,101,-1,4,-1,4,-1,4,-1,4,96,101,96,101,-0.14572791663700307,,,,,,,,,0,0,0,0,52,48,-52,-48,-45.30036036077441,-36.88566410370724,-8.41469625706717,,,18.85,18.85,18.8,18.8,-0.00034840211925385147,-0.00026976087540283856,,,,
1785204360,18.8,18.8,18.75,18.75,0,0,0,0,0,0,19.25,19,,,,,18.775,,,,,,,,,,,24.136422388906016,27.903170136873644,24.136422388906016,27.903170136873644,31.372842252496728,36.455373635975974,31.372842252496728,36.455373635975974,96,101,96,101,-1,4,-1,4,-1,4,-1,4,96,101,96,101,-0.1718060290623522,,,,,,,,,0,0,0,0,52,48,-52,-48,-48.83232643930397,-42.43947193307133,-6.392854506232638,,,18.8,18.8,18.75,18.75,-0.000385048208280209,-0.00030030038263837295,,,,
1785204600,18.75,18.75,18.7,18.7,0,0,0,0,0,0,19.25,19,,,,,18.725,,,,,,,,,,,22.412392218269872,27.11877329135882,22.412392218269872,27.11877329135882,27.32390807789762,31.889640856936797,27.32390807789762,31.889640856936797,96,101,96,101,-1,4,-1,4,-1,4,-1,4,96,101,96,101,-0.17540555371923383,-0.17540555371923383,,-0.17540555371923383,,,,,,0,0,0,0,52,48,-52,-48,-51.669654645478325,-46.648090891410874,-5.021563754067451,,,18.75,18.75,18.7,18.7,-0.0004238597075892922,-0.00033355257880981077,,,,
1785205800,18.7,18.7,18.65,18.65,0,0,0,0,0,0,19.25,19,,,,,18.674999999999997,,,,,,,,,,,20.811507059822024,26.217735258282136,20.811507059822024,26.217735258282136,23.822907125119553,27.856273991028175,23.822907125119553,27.856273991028175,96,101,96,101,-1,4,-1,4,-1,4,-1,4,96,101,96,101,-0.1595504178491967,,,,,,,,,0,0,0,0,52,48,-52,-48,-54.18696952579964,-49.99732774283909,-4.18964178296055,,,18.7,18.7,18.65,18.65,-0.0004597624714084718,-0.00036866957064286745,,,,
1785208200,18.7,18.75,18.62,18.75,0,0,0,0,0,0,19.25,19,,,,,18.725,,,,,,,,,,,20.579797096089557,25.412315520826052,20.579797096089557,25.412315520826052,22.234306493345745,25.045290242186958,22.234306493345745,25.045290242186958,96,101,96,101,-1,4,-1,4,-1,4,-1,4,96,101,96,101,-0.12537265610325118,,,,,,,,,0,0,0,0,52,48,-52,-48,-51.1510478227849,-51.45999960834171,0.3089517855568076,-51.45999960834171,-51.45999960834171,18.7,18.75,18.62,18.75,-0.0004755941302634401,-0.0004013002527166719,,,,
1785208200.001,18.75,18.8,18.75,18.8,0,0,0,0,0,0,19.25,19,,,,,18.775,,,,,,,,,,,20.847263326677755,24.760165207376296,20.847263326677755,24.760165207376296,22.14678008309945,23.596035162643204,22.14678008309945,23.596035162643204,96,101,96,101,-1,4,-1,4,-1,4,-1,4,96,101,96,101,-0.08575181507351881,,,,,,,,,0,0,0,0,52,48,-52,-48,-39.70569751396182,-49.178342377006175,9.472644863044351,,,18.75,18.8,18.75,18.8,-0.00047798257272961276,-0.0004284415349208129,,,,
1785208440,18.8,18.85,18.8,18.85,0,0,0,0,0,0,19.25,19,,,,,18.825000000000003,,,,,,,,,,,21.578250309135143,24.305605936198987,21.578250309135143,24.305605936198987,23.037008410996467,23.316521786819834,23.037008410996467,23.316521786819834,96,101,96,101,-1,4,-1,4,-1,4,-1,4,96,101,96,101,-0.06238825606171185,,,,,,,,,0,0,0,0,52,48,-52,-48,-25.06142669866319,-42.52628539030239,17.4648586916392,,,18.8,18.85,18.8,18.85,-0.00047071117368877014,-0.0004488263773266327,,,,
1785208440.001,18.85,18.900000000000002,18.85,18.900000000000002,0,0,0,0,0,0,19.25,19,,,,,18.875,,,,,,,,,,,22.73964941832821,24.08189786221745,22.73964941832821,24.08189786221745,24.765312228730604,24.04091700777522,24.765312228730604,24.04091700777522,96,101,96,101,-1,4,-1,4,-1,4,-1,4,96,101,96,101,-0.043389148877003174,,,,,,,,,0,0,0,0,52,48,-52,-48,-9.82226973966876,-31.43511044376967,21.61284070410091,,,18.85,18.900000000000002,18.85,18.900000000000002,-0.0004564846207324645,-0.00046073244606867526,,,-0.0004564846207324645,18.85
1785208440.002,18.900000000000002,18.950000000000003,18.900000000000002,18.950000000000003,0,0,0,0,0,0,19.25,19,,,,,18.925000000000004,,,,,,,,,,,24.30071693091869,24.11315772917477,24.30071693091869,24.11315772917477,27.21196646632513,25.626441737050175,27.21196646632513,25.626441737050175,96,101,96,101,-1,4,-1,4,-1,4,-1,4,96,101,96,101,-0.018462562502571094,,,,,,,,,0,0,0,0,52,48,-52,-48,4.181182276036099,-17.60205291906442,21.783235195100517,,,18.900000000000002,18.950000000000003,18.900000000000002,18.950000000000003,-0.00043567052275776674,-0.000462700915263421,,,,
1785208440.003,18.95,19,18.95,19,0,0,0,0,0,0,19.25,19,,,,,18.975,,,,,,,,,,,26.232905103806736,24.41597878269362,26.232905103806736,24.41597878269362,30.274349635228493,27.950395686139334,30.274349635228493,27.950395686139334,96,101,96,101,-1,4,-1,4,-1,4,-1,4,96,101,96,101,0.012075571829148644,,,,,,,,,0,0,0,0,52,48,-52,-48,15.507575836270018,-3.7987345815064613,19.30631041777648,,,18.95,19,18.95,19,-0.0004064173629918805,-0.0004538100638606559,,,,
1785215520,19,19.05,18.93,19.05,0,0,0,0,0,0,19.25,19,,,,,19.025,,,,,,,,,,,28.5097053183997,25.000796859223062,28.5097053183997,25.000796859223062,33.59423018926924,30.772312937704285,33.59423018926924,30.772312937704285,96,101,96,101,-1,4,-1,4,-1,4,-1,4,96,101,96,101,0.040149814741536845,,,,,,,,,0,0,0,0,52,48,-52,-48,23.317044033869074,8.295883101626604,15.02116093224247,,,19,19.05,18.93,19.05,-0.00037140097771323224,-0.0004364445384356212,,,,
1785215520.001,19.05,19.1,19.05,19.1,0,0,0,0,0,0,19.25,19,,,,,19.075000000000003,,,,,,,,,,,31.106502428861514,25.873040512028556,31.106502428861514,25.873040512028556,37.67536332825398,34.22383813297913,37.67536332825398,34.22383813297913,96,101,96,101,-1,4,-1,4,-1,4,-1,4,96,101,96,101,0.05857393044724175,,,,,0.05857393044724175,,0.05857393044724175,,0,0,0,0,52,48,-52,-48,31.964833693852967,18.742658960007034,13.222174733845932,,,19.05,19.1,19.05,19.1,-0.0003309749390550715,-0.00041194326615653096,,,,
1785216000,19.05,19.05,19,19,0,0,0,0,0,0,19.25,19,,,,,19.025,,,,,,,,,,,32.55256306618221,26.827258019764795,32.55256306618221,26.827258019764795,40.015176289082554,37.11950721103084,40.015176289082554,37.11950721103084,96,101,96,101,-1,4,-1,4,-1,4,-1,4,96,101,96,101,0.05136796087984154,,,,,,,,,0,0,0,0,52,48,-52,-48,31.675653616607825,25.616276795149965,6.05937682145786,,,19.05,19.05,19,19,-0.0003057284072957009,-0.0003844461384243528,,,,
1785216000.001,19,19,18.95,18.95,0,0,0,0,0,0,19.25,19,,,,,18.975,,,,,,,,,,,33.41270817535452,27.768036613420467,33.41270817535452,27.768036613420467,41.05547929025606,39.08749325064345,41.05547929025606,39.08749325064345,96,101,96,101,-1,4,-1,4,-1,4,-1,4,96,101,96,101,0.025619128928957218,,,,,,,,,0,0,0,0,52,48,-52,-48,25.090738855245455,28.012067549893825,-2.92132869464837,28.012067549893825,28.012067549893825,19,19,18.95,18.95,-0.0002904107725605748,-0.0003567671637290378,,,,
1785216240,18.95,18.95,18.9,18.9,0,0,0,0,0,0,19.25,19,,,,,18.924999999999997,,,,,,,,,,,33.72878886553188,28.619572649436382,33.72878886553188,28.619572649436382,40.981916611725296,40.03470493118437,40.981916611725296,40.03470493118437,96,101,96,101,-1,4,-1,4,-1,4,-1,4,96,101,96,101,0.003184090579083005,,,,,,,,,0,0,0,0,52,48,-52,-48,13.485953500809938,25.55429491662904,-12.068341415819102,,,18.95,18.95,18.9,18.9,-0.0002845009790644179,-0.0003315722397801463,,,,
1785216480,18.900000000000002,18.900000000000002,18.85,18.85,0,0,0,0,0,0,19.25,19,,,,,18.875,,,,,,,,,,,33.539666880928266,29.322443253935223,33.539666880928266,29.322443253935223,39.95361192201945,39.99415842660191,39.95361192201945,39.99415842660191,96,101,96,101,-1,4,-1,4,-1,4,-1,4,96,101,96,101,-0.017389428784278564,,,,,,,,,0,0,0,0,52,48,-52,-48,0.27523846591579293,17.63189610964475,-17.35665764372896,,,18.900000000000002,18.900000000000002,18.85,18.85,-0.00028601666212209163,-0.00031150545630184815,,,,
1785216720,18.85,18.85,18.8,18.8,0,0,0,0,0,0,19.25,19,,,,,18.825000000000003,,,,,,,,,,,32.881428126885126,29.830869664356637,32.881428126885126,29.830869664356637,38.10695693702053,39.05055768181122,38.10695693702053,39.05055768181122,96,101,96,101,-1,4,-1,4,-1,4,-1,4,96,101,96,101,-0.037057212993850897,,,,,,,,,0,0,0,0,52,48,-52,-48,-13.082374944285506,6.442388969421415,-19.52476391370692,,,18.85,18.85,18.8,18.8,-0.00029619702285773713,-0.0002989714638259323,,,,
1785216720.001,18.8,18.8,18.75,18.75,0,0,0,0,0,0,19.25,19,,,,,18.775,,,,,,,,,,,31.787580944076723,30.11039984717379,31.787580944076723,30.11039984717379,35.55885884177047,37.30470826179085,35.55885884177047,37.30470826179085,96,101,96,101,-1,4,-1,4,-1,4,-1,4,96,101,96,101,-0.05723257230938186,-0.05723257230938186,,-0.05723257230938186,,,,,,0,0,0,0,52,48,-52,-48,-24.41964127873089,-5.935206064072671,-18.48443521465822,,,18.8,18.8,18.75,18.75,-0.00031454862126986313,-0.00029623374419506426,,,,
1785216960,18.8,18.85,18.8,18.85,0,0,0,0,0,0,19.25,19,,,,,18.825000000000003,,,,,,,,,,,31.73711666814847,30.342787964455887,31.73711666814847,30.342787964455887,34.53307591842877,35.91889209010981,34.53307591842877,35.91889209010981,96,101,96,101,-1,4,-1,4,-1,4,-1,4,96,101,96,101,-0.04484994125317396,,,,,,,,,0,0,0,0,52,48,-52,-48,-24.304414816590437,-15.382798143422765,-8.921616673167673,,,18.8,18.85,18.8,18.85,-0.00032237169163242164,-0.0002990076249178511,,,,
1785217200,18.85,18.900000000000002,18.85,18.900000000000002,0,0,0,0,0,0,19.25,19,,,,,18.875,,,,,,,,,,,32.17288246598344,30.60423003610268,32.17288246598344,30.60423003610268,34.619084377958295,35.268988234034055,34.619084377958295,35.268988234034055,96,101,96,101,-1,4,-1,4,-1,4,-1,4,96,101,96,101,-0.016706797253422653,,,,,,,,,0,0,0,0,52,48,-52,-48,-16.64899941720699,-19.61385761420346,2.9648581969964702,-19.61385761420346,-19.61385761420346,18.85,18.900000000000002,18.85,18.900000000000002,-0.00032157492900873516,-0.00030420165099254447,,,,
1785217440,18.85,18.85,18.8,18.8,0,0,0,0,0,0,19.25,19,,,,,18.825000000000003,,,,,,,,,,,31.61227117015065,30.74823591239525,31.61227117015065,30.74823591239525,33.53450475639668,34.40174649521536,33.53450475639668,34.40174649521536,96,101,96,101,-1,4,-1,4,-1,4,-1,4,96,101,96,101,-0.025369820178059985,,,,,,,,,0,0,0,0,52,48,-52,-48,-21.438854473318944,-21.70297749646182,0.2641230231428757,,,18.85,18.85,18.8,18.8,-0.0003332602244736613,-0.00031232819189408505,,,,
1785219120,18.8,18.89,18.75,18.75,0,0,0,0,0,0,19.25,19,,,,,18.775,,,,,,,,,,,30.60907805568042,30.728356218578845,30.60907805568042,30.728356218578845,31.987104463011818,33.19442547911359,31.987104463011818,33.19442547911359,96,101,96,101,-1,4,-1,4,-1,4,-1,4,96,101,96,101,-0.04628731920721904,,,,,,,,,0,0,0,0,52,48,-52,-48,-26.856833097473938,-22.31227545114758,-4.544557646326357,-22.31227545114758,-22.31227545114758,18.8,18.89,18.75,18.75,-0.000348542600071224,-0.0003227491815522738,,,,
1785221280,18.8,18.85,18.8,18.85,0,0,0,0,0,0,18.900000000000002,18.75,,,,,18.825000000000003,,,,,,,,,,,30.642792557494765,30.716132838423977,30.642792557494765,30.716132838423977,31.471572165207068,32.33299882216033,31.471572165207068,32.33299882216033,96,101,96,101,-1,4,-1,4,-1,4,-1,4,96,101,96,101,-0.03952427027658914,,,,,,,,,0,0,0,0,52,48,-52,-48,-24.046071954867926,-22.247689735716953,-1.798382219150973,,,18.8,18.85,18.8,18.85,-0.00034884626272522703,-0.0003315240548635221,,,,
1785221760,18.85,18.900000000000002,18.85,18.900000000000002,0,0,0,0,0,0,18.900000000000002,18.75,,,,,18.875,,,,,,,,,,,31.15672436323357,30.779074484825347,31.15672436323357,30.779074484825347,31.99493830376826,32.16396856296429,31.99493830376826,32.16396856296429,96,101,96,101,-1,4,-1,4,-1,4,-1,4,96,101,96,101,-0.014028397086680217,,,,,,,,,0,0,0,0,52,48,-52,-48,-11.235400511327933,-20.894290009247193,9.65888949791926,-20.894290009247193,-20.894290009247193,18.85,18.900000000000002,18.85,18.900000000000002,-0.0003412144115066663,-0.00033596835323632264,,,,
1785221760.001,18.900000000000002,18.950000000000003,18.900000000000002,18.950000000000003,0,0,0,0,0,0,18.900000000000002,18.75,,,,,18.925000000000004,,,,,,,,,,,32.116572236902236,30.970145592264906,32.116572236902236,30.970145592264906,33.40878881635741,32.78637868966085,33.40878881635741,32.78637868966085,96,101,96,101,-1,4,-1,4,-1,4,-1,4,96,101,96,101,0.012808047205050755,,,,,,,,,0,0,0,0,52,48,-52,-48,4.22026946530009,-14.479509024592433,18.699778489892523,,,18.900000000000002,18.950000000000003,18.900000000000002,18.950000000000003,-0.0003262295594230706,-0.0003366113312014308,,,-0.0003262295594230706,18.900000000000002
1785221760.002,18.95,19,18.95,19,0,0,0,0,0,0,18.900000000000002,18.75,,,,,18.975,,,,,,,,,,,33.490485030791454,31.330194083482983,33.490485030791454,31.330194083482983,36.79937000585737,34.79287434775911,36.79937000585737,34.79287434775911,96,101,96,101,-1,4,-1,4,-1,4,-1,4,96,101,96,101,0.03503173828466054,,,,,0.03503173828466054,,0.03503173828466054,,0,0,0,0,52,48,-52,-48,17.453794738735283,-3.401852065540121,20.855646804275406,,,18.95,19,18.95,19,-0.0003017948758995502,-0.0003333146556832333,,,,
1785288600,18.95,18.95,18.9,18.9,0,0,0,0,0,0,18.900000000000002,18.75,,,,,18.924999999999997,,,,,,,,,,,33.80101023129475,31.683167818884666,33.80101023129475,31.683167818884666,38.931479709454095,36.8621770286066,38.931479709454095,36.8621770286066,96,101,96,101,-1,4,-1,4,-1,4,-1,4,96,101,96,101,0.025507927603993102,,,,,,,,,0,0,0,0,52,48,-52,-48,17.500525955753854,6.984797412115325,10.515728543638529,,,18.95,18.95,18.9,18.9,-0.0002876848457158217,-0.00032571875922359335,,,,
1785288600.001,18.900000000000002,18.900000000000002,18.85,18.85,0,0,0,0,0,0,18.900000000000002,18.75,,,,,18.875,,,,,,,,,,,33.606729577708066,31.95796235585944,33.606729577708066,31.95796235585944,40.108384225354264,38.48528062698043,40.108384225354264,38.48528062698043,96,101,96,101,-1,4,-1,4,-1,4,-1,4,96,101,96,101,-0.00627067415324042,,,,,,,,,0,0,0,0,52,48,-52,-48,8.723198270522694,11.974447107577983,-3.2512488370552894,11.974447107577983,11.974447107577983,18.900000000000002,18.900000000000002,18.85,18.85,-0.000282441865826005,-0.0003147019701827235,,,,
1785288600.002,18.85,18.85,18.8,18.8,0,0,0,0,0,0,18.900000000000002,18.75,,,,,18.825000000000003,,,,,,,,,,,32.9437006310378,32.09878210945635,32.9437006310378,32.09878210945635,40.33099600268458,39.408138314832506,40.33099600268458,39.408138314832506,96,101,96,101,-1,4,-1,4,-1,4,-1,4,96,101,96,101,-0.03446696997359858,,,,,,,,,0,0,0,0,52,48,-52,-48,-3.8828610613289065,9.948664475920733,-13.83152553724964,,,18.85,18.85,18.8,18.8,-0.0002845499918135806,-0.0003039859250307825,,,,
1785288600.003,18.8,18.8,18.75,18.75,0,0,0,0,0,0,18.900000000000002,18.75,,,,,18.775,,,,,,,,,,,31.845405412218494,32.062585438422374,31.845405412218494,32.062585438422374,39.03371085944388,39.22092458713819,39.03371085944388,39.22092458713819,96,101,96,101,-1,4,-1,4,-1,4,-1,4,96,101,96,101,-0.05972540300214796,,,,,,,,,0,0,0,0,52,48,-52,-48,-17.04699597642676,1.323466797130223,-18.370462773556984,,,18.8,18.8,18.75,18.75,-0.00029351834062482857,-0.0002960365798838095,,,,
1785288600.004,18.75,18.75,18.7,18.7,0,0,0,0,0,0,18.900000000000002,18.75,,,,,18.725,,,,,,,,,,,30.342934369260785,31.816920999970716,30.342934369260785,31.816920999970716,36.43365692714231,37.82729075714025,36.43365692714231,37.82729075714025,96,101,96,101,-1,4,-1,4,-1,4,-1,4,96,101,96,101,-0.08483194601313267,,,,,,,,,0,0,0,0,52,48,-52,-48,-28.159724027416576,-10.091595698662385,-18.06812832875419,,,18.75,18.75,18.7,18.7,-0.0003091248909817587,-0.0002931858018102575,,,,
1785288600.005,18.7,18.7,18.65,18.65,0,0,0,0,0,0,18.900000000000002,18.75,,,,,18.674999999999997,,,,,,,,,,,28.46515720388885,31.33809760053045,28.46515720388885,31.33809760053045,32.71694403278867,35.272117394964454,32.71694403278867,35.272117394964454,96,101,96,101,-1,4,-1,4,-1,4,-1,4,96,101,96,101,-0.10939905154305338,,,,,,,,,0,0,0,0,52,48,-52,-48,-37.06357581313315,-21.538289219576345,-15.525286593556803,,,18.7,18.7,18.65,18.65,-0.0003298512361427134,-0.0002978618618507847,,,,
1785288600.006,18.650000000000002,18.650000000000002,18.6,18.6,0,0,0,0,0,0,18.900000000000002,18.75,,,,,18.625,,,,,,,,,,,26.43193168932536,30.63721675607258,26.43193168932536,30.63721675607258,28.61452345667609,31.94332042582027,28.61452345667609,31.94332042582027,96,101,96,101,-1,4,-1,4,-1,4,-1,4,96,101,96,101,-0.13340299728852373,,,,,,,,,0,0,0,0,52,48,-52,-48,-44.036641973533634,-31.576734447627526,-12.459907525906107,,,18.650000000000002,18.650000000000002,18.6,18.6,-0.000355746132285103,-0.00030920540961233163,,,,
1785288840,18.650000000000002,18.700000000000003,18.650000000000002,18.700000000000003,0,0,0,0,0,0,18.900000000000002,18.75,,,,,18.675000000000004,,,,,,,,,,,25.48378619271943,29.901012389879273,25.48378619271943,29.901012389879273,26.812448677150986,29.37788455148563,26.812448677150986,29.37788455148563,96,101,96,101,-1,4,-1,4,-1,4,-1,4,96,101,96,101,-0.13346766387306214,,,,,,,,,0,0,0,0,52,48,-52,-48,-41.80100073663391,-37.76523563767931,-4.035765098954599,,,18.650000000000002,18.700000000000003,18.650000000000002,18.700000000000003,-0.0003627782601507232,-0.0003225948086664513,,,,
1785289320,18.650000000000002,18.650000000000002,18.6,18.6,0,0,0,0,0,0,18.900000000000002,18.75,,,,,18.625,,,,,,,,,,,23.663515750382324,29.00994144137971,23.663515750382324,29.00994144137971,23.553527437558078,26.465705994521855,23.553527437558078,26.465705994521855,96,101,96,101,-1,4,-1,4,-1,4,-1,4,96,101,96,101,-0.13457955833578322,-0.13457955833578322,,-0.13457955833578322,,,,,,0,0,0,0,52,48,-52,-48,-45.17818085034595,-42.01984984341166,-3.15833100693429,,,18.650000000000002,18.650000000000002,18.6,18.6,-0.0003790997281319921,-0.0003383530980528532,,,,
1785289320.001,18.6,18.6,18.55,18.55,0,0,0,0,0,0,18.900000000000002,18.75,,,,,18.575000000000003,,,,,,,,,,,21.973264625355018,28.004701896233325,21.973264625355018,28.004701896233325,20.70821832310172,23.586962158811787,20.70821832310172,23.586962158811787,96,101,96,101,-1,4,-1,4,-1,4,-1,4,96,101,96,101,-0.12938920719370497,,,,,,,,,0,0,0,0,52,48,-52,-48,-49.50808891492029,-45.130978118858444,-4.377110796061849,,,18.6,18.6,18.55,18.55,-0.0004041483791738314,-0.0003567914378110203,,,,
1785290760,18.6,18.650000000000002,18.6,18.650000000000002,0,0,0,0,0,0,18.900000000000002,18.75,,,,,18.625,,,,,,,,,,,21.28557993871151,27.044827330873066,21.28557993871151,27.044827330873066,19.827823497723596,21.707392828267693,19.827823497723596,21.707392828267693,96,101,96,101,-1,4,-1,4,-1,4,-1,4,96,101,96,101,-0.08522197505247403,,,,,,,,,0,0,0,0,52,48,-52,-48,-44.95607813474193,-45.36083715916052,0.40475902441858835,-45.36083715916052,-45.36083715916052,18.6,18.650000000000002,18.6,18.650000000000002,-0.0004165406182489068,-0.0003746940590222117,,,,
1785291000,18.650000000000002,18.700000000000003,18.650000000000002,18.700000000000003,0,0,0,0,0,0,18.900000000000002,18.75,,,,,18.675000000000004,,,,,,,,,,,21.087932694412036,26.19384238280721,21.087932694412036,26.19384238280721,20.371900660386522,21.039646744327108,20.371900660386522,21.039646744327108,96,101,96,101,-1,4,-1,4,-1,4,-1,4,96,101,96,101,-0.041362955212204525,,,,,,,,,0,0,0,0,52,48,-52,-48,-34.173975615307974,-43.45408087882903,9.280105263521058,,,18.650000000000002,18.700000000000003,18.650000000000002,18.700000000000003,-0.0004161967973264999,-0.0003890849858861761,,,,
1785291000.001,18.7,18.75,18.7,18.75,0,0,0,0,0,0,18.900000000000002,18.75,,,,,18.725,,,,,,,,,,,21.345320218003412,25.501196359263812,21.345320218003412,25.501196359263812,22.136953812798826,21.58830027856297,22.136953812798826,21.58830027856297,96,101,96,101,-1,4,-1,4,-1,4,-1,4,96,101,96,101,-0.013626595409796043,,,,,,,,,0,0,0,0,52,48,-52,-48,-20.001198521744485,-37.159835296678665,17.15863677493418,,,18.7,18.75,18.7,18.75,-0.0004057789568335481,-0.0003974237899775836,,,,
1785291000.002,18.75,18.8,18.75,18.8,0,0,0,0,0,0,18.900000000000002,18.75,,,,,18.775,,,,,,,,,,,22.0252400260649,25.00463116880682,22.0252400260649,25.00463116880682,24.948557813567827,23.2684290460654,24.948557813567827,23.2684290460654,96,101,96,101,-1,4,-1,4,-1,4,-1,4,96,101,96,101,0.010613987789506,,,,,,,,,0,0,0,0,52,48,-52,-48,-4.735911959979772,-25.96679105794354,21.230879097963765,,,18.75,18.8,18.75,18.8,-0.0003834550317938064,-0.0004008699185847642,,,-0.0003834550317938064,18.75
1785291720,18.8,18.85,18.8,18.85,0,0,0,0,0,0,18.85,18.6,,,,,18.825000000000003,,,,,,,,,,,23.09751124113435,24.73218546485361,23.09751124113435,24.73218546485361,28.657205398642574,25.962817222353987,28.657205398642574,25.962817222353987,96,101,96,101,-1,4,-1,4,-1,4,-1,4,96,101,96,101,0.03855582952858863,,,,,,,,,0,0,0,0,52,48,-52,-48,8.719701755480548,-12.547846085387922,21.26754784086847,,,18.8,18.85,18.8,18.85,-0.00035049353483011797,-0.00039610221970111853,,,,
1785291720.001,18.85,18.900000000000002,18.85,18.900000000000002,0,0,0,0,0,0,18.85,18.6,,,,,18.875,,,,,,,,,,,24.53410876271119,24.703888793118978,24.53410876271119,24.703888793118978,33.134747484550815,29.548782353452403,33.134747484550815,29.548782353452403,96,101,96,101,-1,4,-1,4,-1,4,-1,4,96,101,96,101,0.05645669732943895,,,,,,,,,0,0,0,0,52,48,-52,-48,19.957681694950082,0.9850682421765935,18.972613452773487,,,18.85,18.900000000000002,18.85,18.900000000000002,-0.0003178760038981942,-0.00038172349048851226,,,,
1785292200,18.900000000000002,18.950000000000003,18.900000000000002,18.950000000000003,0,0,0,0,0,0,18.85,18.6,,,,,18.925000000000004,,,,,,,,,,,26.309009283187752,24.933191720271658,26.309009283187752,24.933191720271658,38.271341999744905,33.91006217659866,38.271341999744905,33.91006217659866,96,101,96,101,-1,4,-1,4,-1,4,-1,4,96,101,96,101,0.07041322017282968,,,,,,,,,0,0,0,0,52,48,-52,-48,29.114902650759014,13.264093535302468,15.850809115456546,,,18.900000000000002,18.950000000000003,18.900000000000002,18.950000000000003,-0.00028345488240104724,-0.000359542534513869,,,,
1785293400,18.900000000000002,18.900000000000002,18.85,18.85,0,0,0,0,0,0,18.85,18.6,,,,,18.875,,,,,,,,,,,27.07529697989128,25.239206757360176,27.07529697989128,25.239206757360176,41.115695740041176,37.51287895831992,41.115695740041176,37.51287895831992,96,101,96,101,-1,4,-1,4,-1,4,-1,4,96,101,96,101,0.07398850583454909,,,,,,,,,0,0,0,0,52,48,-52,-48,28.920992484177184,21.67831964634171,7.2426728378354746,,,18.900000000000002,18.900000000000002,18.85,18.85,-0.0002630361930182633,-0.00033401576712916293,,,,
1785293880,18.900000000000002,18.950000000000003,18.900000000000002,18.950000000000003,0,0,0,0,0,0,18.85,18.6,,,,,18.925000000000004,,,,,,,,,,,28.668684056283553,25.7291320857778,28.668684056283553,25.7291320857778,45.112154790165214,41.31251687424256,45.112154790165214,41.31251687424256,96,101,96,101,-1,4,-1,4,-1,4,-1,4,96,101,96,101,0.08545532105529768,,,,,,,,,0,0,0,0,52,48,-52,-48,33.902316009470084,27.973973209839095,5.92834279963099,,,18.900000000000002,18.950000000000003,18.900000000000002,18.950000000000003,-0.0002317981560107657,-0.00030501896699203256,,,,
1785294360,18.95,19,18.95,19,0,0,0,0,0,0,18.85,18.6,,,,,18.975,,,,,,,,,,,30.589174877660124,26.423423913189563,30.589174877660124,26.423423913189563,50.95327553442732,46.13289620433494,50.95327553442732,46.13289620433494,96,101,96,101,-1,4,-1,4,-1,4,-1,4,96,101,96,101,0.11207243221481644,,,,,,,,,0,0,0,0,52,48,-52,-48,39.65371103449789,32.897980544726046,6.755730489771842,,,18.95,19,18.95,19,-0.00019611599836379288,-0.000273795794753697,,,,
1785294600,19,19.05,19,19.05,0,0,0,0,0,0,18.85,18.6,,,,,19.025,,,,,,,,,,,32.81340489080787,27.336278338563606,32.81340489080787,27.336278338563606,57.388521886652,51.76070904549347,57.388521886652,51.76070904549347,96,101,96,101,-1,4,-1,4,-1,4,-1,4,96,101,96,101,0.12996476386228578,,,,,0.12996476386228578,,0.12996476386228578,,0,0,0,0,52,48,-52,-48,45.478681293349936,36.988925205373775,8.489756087976161,,,19,19.05,19,19.05,-0.0001574771788821769,-0.0002416264020957068,,,,
1785295320,19,19,18.95,18.95,0,0,0,0,0,0,18.85,18.6,,,,,18.975,,,,,,,,,,,33.996927116420345,28.28779959254314,33.996927116420345,28.28779959254314,61.19016161713024,56.47543533131186,61.19016161713024,56.47543533131186,96,101,96,101,-1,4,-1,4,-1,4,-1,4,96,101,96,101,0.08773135944817083,,,,,,,,,0,0,0,0,52,48,-52,-48,42.3744887720159,40.35229927733346,2.0221894946824435,,,19,19,18.95,18.95,-0.00014101910792197055,-0.0002121502527663362,,,,
1785302400,19,19.05,19,19.05,0,0,0,0,0,0,18.85,18.6,,,,,19.025,,,,,,,,,,,35.977746255370924,29.38636340151854,35.977746255370924,29.38636340151854,66.16299567182593,61.31921550156889,66.16299567182593,61.31921550156889,96,101,96,101,-1,4,-1,4,-1,4,-1,4,96,101,96,101,0.06120896997822395,0.06120896997822395,,0.06120896997822395,,,,,,0,0,0,0,52,48,-52,-48,45.91893391193014,43.35645375294847,2.5624801589816713,,,19,19.05,19,19.05,-0.00011194548277938628,-0.0001835653528293927,,,,
1785302400.001,19.05,19.1,19.05,19.1,0,0,0,0,0,0,18.85,18.6,,,,,19.075000000000003,,,,,,,,,,,38.25799542055167,30.653739404237562,38.25799542055167,30.653739404237562,70.47737291351314,65.89829420754101,70.47737291351314,65.89829420754101,96,101,96,101,-1,4,-1,4,-1,4,-1,4,96,101,96,101,0.08853517372273517,,,,,,,,,0,0,0,0,52,48,-52,-48,50.446901727052904,46.05475142608722,4.392150300965682,,,19.05,19.1,19.05,19.1,-0.00008470349300288524,-0.00015384323616016304,,,,
1785302400.002,19.1,19.150000000000002,19.1,19.150000000000002,0,0,0,0,0,0,18.85,18.6,,,,,19.125,,,,,,,,,,,40.816286752946155,32.105531882624504,40.816286752946155,32.105531882624504,74.21870059253509,70.05849740003805,74.21870059253509,70.05849740003805,96,101,96,101,-1,4,-1,4,-1,4,-1,4,96,101,96,101,0.10576602533428175,,,,,,,,,0,0,0,0,52,48,-52,-48,54.75364249044244,48.37349172536035,6.380150765082085,,,19.1,19.150000000000002,19.1,19.150000000000002,-0.00005878551183818188,-0.00012500779546473242,,,,
1785303120,19.150000000000002,19.200000000000003,19.150000000000002,19.200000000000003,0,0,0,0,0,0,18.85,18.6,,,,,19.175000000000004,,,,,,,,,,,44.5334907603888,33.88095457944797,44.5334907603888,33.88095457944797,77.46218292546965,73.76034016275385,77.46218292546965,73.76034016275385,96,101,96,101,-1,4,-1,4,-1,4,-1,4,96,101,96,101,0.11654821610342792,,,,,,,,,0,0,0,0,52,48,-52,-48,58.64541214651218,52.441222568984415,6.204189577527764,,,19.150000000000002,19.200000000000003,19.150000000000002,19.200000000000003,-0.000026838241996853047,-0.00009679483607024243,,,,
1785303360,19.200000000000003,19.250000000000004,19.200000000000003,19.250000000000004,0,0,0,0,0,0,18.85,18.6,,,,,19.225,,,,,,,,,,,48.49538427750389,35.96873025059882,48.49538427750389,35.96873025059882,80.27370781366787,77.01702398821087,80.27370781366787,77.01702398821087,96,101,96,101,-1,4,-1,4,-1,4,-1,4,96,101,96,101,0.12031784657032892,,,,,0.12031784657032892,0.12031784657032892,0.12031784657032892,,0,0,0,0,52,48,-52,-48,61.69080277881439,56.38418978570548,5.3066129931089066,,,19.200000000000003,19.250000000000004,19.200000000000003,19.250000000000004,0.00000804606435630992,-0.00006920762886382797,,,,
1785304080,19.200000000000003,19.200000000000003,19.150000000000002,19.150000000000002,0,0,0,0,0,0,18.85,18.6,,,,,19.175000000000004,,,,,,,,,,,51.15387723727401,38.13803696298099,51.15387723727401,38.13803696298099,81.45909649334794,79.2380602407794,81.45909649334794,79.2380602407794,96,101,96,101,-1,4,-1,4,-1,4,-1,4,96,101,96,101,0.0986956941101267,,,,,,,,,0,0,0,0,52,48,-52,-48,56.82090140998527,57.977689706438575,-1.156788296453307,57.977689706438575,57.977689706438575,19.200000000000003,19.200000000000003,19.150000000000002,19.150000000000002,0.000023553794924437645,-0.00004177881172275993,,,,
1785304320,19.150000000000002,19.150000000000002,19.1,19.1,0,0,0,0,0,0,18.85,18.6,,,,,19.125,,,,,,,,,,,53.11227376114217,40.277213648432586,53.11227376114217,40.277213648432586,81.45473576980847,80.34639800529393,81.45473576980847,80.34639800529393,96,101,96,101,-1,4,-1,4,-1,4,-1,4,96,101,96,101,0.07533343307996984,,,,,,,,,0,0,0,0,52,48,-52,-48,46.384690278049504,55.88545165334034,-9.500761375290836,,,19.150000000000002,19.150000000000002,19.1,19.1,0.00003191469916901095,-0.000017802114731360375,,,,
1785304800,19.1,19.1,19.05,19.05,0,0,0,0,0,0,18.85,18.6,,,,,19.075000000000003,,,,,,,,,,,54.42058073738709,42.29769466114037,54.42058073738709,42.29769466114037,80.43058984350924,80.38849392440159,80.43058984350924,80.38849392440159,96,101,96,101,-1,4,-1,4,-1,4,-1,4,96,101,96,101,0.0559943854727827,,,,,,,,,0,0,0,0,52,48,-52,-48,31.657398168878842,49.13844815893201,-17.481049990053165,,,19.1,19.1,19.05,19.05,0.00003069817860373143,0.000001431497203075739,,,,
1785306960,19.05,19.05,19,19,0,0,0,0,0,0,18.85,18.6,,,,,19.025,,,,,,,,,,,55.12523313369615,44.13020015721976,55.12523313369615,44.13020015721976,78.53234231484458,79.46041811962309,78.53234231484458,79.46041811962309,96,101,96,101,-1,4,-1,4,-1,4,-1,4,96,101,96,101,0.029329169597028058,0.029329169597028058,,0.029329169597028058,,,,,,0,0,0,0,52,48,-52,-48,15.883366586094619,37.68658911075206,-21.803222524657443,,,19.05,19.05,19,19,0.000021282843752823808,0.000014776223134910028,,,,
1785375000,19.05,19.1,19.05,19.1,0,0,0,0,0,0,19.200000000000003,19,,,,,19.075000000000003,,,,,,,,,,,56.799961379248444,45.940166046081,56.799961379248444,45.940166046081,78.12976280047901,78.79509046005106,78.12976280047901,78.79509046005106,96,101,96,101,-1,4,-1,4,-1,4,-1,4,96,101,96,101,0.031820327397461795,,,,,,,,,0,0,0,0,52,48,-52,-48,13.350340129977095,26.818948790750014,-13.468608660772919,,,19.05,19.1,19.05,19.1,0.000027438601335715913,0.000023822363690338198,,,,
1785375000.001,19.1,19.150000000000002,19.1,19.150000000000002,0,0,0,0,0,0,19.200000000000003,19,,,,,19.125,,,,,,,,,,,58.865270260322525,47.78660950525836,58.865270260322525,47.78660950525836,78.80510280857384,78.80009663431244,78.80510280857384,78.80009663431244,96,101,96,101,-1,4,-1,4,-1,4,-1,4,96,101,96,101,0.06098033481902412,,,,,,,,,0,0,0,0,52,48,-52,-48,19.81484561570327,20.176487625163453,-0.36164200946018354,,,19.1,19.150000000000002,19.1,19.150000000000002,0.000033221703624473586,0.000028018303568365556,,,,
1785375240,19.150000000000002,19.200000000000003,19.150000000000002,19.200000000000003,0,0,0,0,0,0,19.200000000000003,19,,,,,19.175000000000004,,,,,,,,,,,61.293261160095405,49.71613117023509,61.293261160095405,49.71613117023509,80.40437383592042,79.60223523511644,80.40437383592042,79.60223523511644,96,101,96,101,-1,4,-1,4,-1,4,-1,4,96,101,96,101,0.08435934030552339,,,,,,,,,0,0,0,0,52,48,-52,-48,29.627234276628194,19.668946652100797,9.958287624527397,19.668946652100797,19.668946652100797,19.150000000000002,19.200000000000003,19.150000000000002,19.200000000000003,0.000044961235039286074,0.00003158621025417362,,,,
1785375240.001,19.200000000000003,19.250000000000004,19.200000000000003,19.250000000000004,0,0,0,0,0,0,19.250000000000004,19,,,,,19.225,,,,,,,,,,,64.05802822008859,51.764973605928446,64.05802822008859,51.764973605928446,82.79558573691139,81.19891048601392,82.79558573691139,81.19891048601392,96,101,96,101,-1,4,-1,4,-1,4,-1,4,96,101,96,101,0.09870085141737084,,,,,,,,,0,0,0,0,52,48,-52,-48,39.028183203867556,25.455150806544033,13.573032397323523,,,19.200000000000003,19.250000000000004,19.200000000000003,19.250000000000004,0.00006332667056786198,0.000036821538820648796,,,,
1785375720,19.25,19.3,19.25,19.3,0,0,0,0,0,0,19.250000000000004,19,,,,,19.275,,,,,,,,,,,66.6253119186537,53.88787907917491,66.6253119186537,53.88787907917491,84.87240682211454,83.03565865406424,84.87240682211454,83.03565865406424,96,101,96,101,-1,4,-1,4,-1,4,-1,4,96,101,96,101,0.12143417454359368,,,,,0.12143417454359368,,0.12143417454359368,,0,0,0,0,52,48,-52,-48,47.39720328905639,33.96686659631386,13.430336692742536,,,19.25,19.3,19.25,19.3,0.000086306957715859,0.000046089668672670056,,,,
1785376200,19.25,19.25,19.2,19.2,0,0,0,0,0,0,19.250000000000004,19,,,,,19.225,,,,,,,,,,,68.05683725779747,55.91201596183527,68.05683725779747,55.91201596183527,85.50968203800291,84.27267034603358,85.50968203800291,84.27267034603358,96,101,96,101,-1,4,-1,4,-1,4,-1,4,96,101,96,101,0.11743094982439437,,,,,,,,,0,0,0,0,52,48,-52,-48,43.9501018293775,40.000680649732416,3.9494211796450855,,,19.25,19.25,19.2,19.2,0.0000883011376251323,0.000057259384318054806,,,,
1785376680,19.200000000000003,19.200000000000003,19.150000000000002,19.150000000000002,0,0,0,0,0,0,19.250000000000004,19,,,,,19.175000000000004,,,,,,,,,,,68.90992031081196,57.76885944026052,68.90992031081196,57.76885944026052,85.10353698495489,84.68810366549422,85.10353698495489,84.68810366549422,96,101,96,101,-1,4,-1,4,-1,4,-1,4,96,101,96,101,0.08560920937405911,,,,,,,,,0,0,0,0,52,48,-52,-48,32.729310863810504,40.77619979652799,-8.046888932717486,40.77619979652799,40.77619979652799,19.200000000000003,19.200000000000003,19.150000000000002,19.150000000000002,0.00008842575875982994,0.00006742391055540715,,,,
1785376680.001,19.150000000000002,19.150000000000002,19.1,19.1,0,0,0,0,0,0,19.250000000000004,19,,,,,19.125,,,,,,,,,,,69.2258783838492,59.40557643220176,69.2258783838492,59.40557643220176,83.80303170138997,84.24556768344209,83.80303170138997,84.24556768344209,96,101,96,101,-1,4,-1,4,-1,4,-1,4,96,101,96,101,0.05742095913018046,,,,,,,,,0,0,0,0,52,48,-52,-48,16.138048768750853,35.05366618774882,-18.915617418997964,,,19.150000000000002,19.150000000000002,19.1,19.1,0.00008073778680876625,0.00007534325775278926,,,,
1785377160,19.1,19.1,19.05,19.05,0,0,0,0,0,0,19.250000000000004,19,,,,,19.075000000000003,,,,,,,,,,,69.0430775469076,60.78236230573116,69.0430775469076,60.78236230573116,81.73593193452473,82.99074980898341,81.73593193452473,82.99074980898341,96,101,96,101,-1,4,-1,4,-1,4,-1,4,96,101,96,101,0.03729232529989027,,,,,,,,,0,0,0,0,52,48,-52,-48,-0.24414410656636676,23.143329338843127,-23.387473445409494,,,19.1,19.1,19.05,19.05,0.0000690953991272842,0.00007936561843412228,0.0000690953991272842,19.1,,
1785377160.001,19.05,19.05,19,19,0,0,0,0,0,0,19.25,19,,,,,19.025,,,,,,,,,,,68.3971434364142,61.87018818154302,68.3971434364142,61.87018818154302,79.01175118197355,81.00125049547847,79.01175118197355,81.00125049547847,96,101,96,101,-1,4,-1,4,-1,4,-1,4,96,101,96,101,0.0175781969304129,,,,,,,,,0,0,0,0,52,48,-52,-48,-14.388738088061547,8.558619359483366,-22.947357447544913,,,19.05,19.05,19,19,0.00005543246286896363,0.00007804991715097256,,,,
1785377400,19,19,18.95,18.95,0,0,0,0,0,0,19.25,19,,,,,18.975,,,,,,,,,,,67.32115700047983,62.64889801281971,67.32115700047983,62.64889801281971,75.7243581559773,78.3628043257279,75.7243581559773,78.3628043257279,96,101,96,101,-1,4,-1,4,-1,4,-1,4,96,101,96,101,-0.0012128787658740123,,,,,,,,,0,0,0,0,52,48,-52,-48,-25.91719261100571,-6.103006509220686,-19.814186101785026,,,19,19,18.95,18.95,0.0000395568939389642,0.00007025823985482343,,,,
1785377400.001,18.95,18.95,18.9,18.9,0,0,0,0,0,0,19.25,19,,,,,18.924999999999997,,,,,,,,,,,65.84583626235029,63.105603477038365,65.84583626235029,63.105603477038365,71.95421175274247,75.15850803923519,71.95421175274247,75.15850803923519,96,101,96,101,-1,4,-1,4,-1,4,-1,4,96,101,96,101,-0.020847407970306618,,,,,,,,,0,0,0,0,52,48,-52,-48,-34.314356225462774,-18.71610775777409,-15.598248467688684,,,18.95,18.95,18.9,18.9,0.000011834782771570795,0.00005751384737922983,,,,
1785377640,18.900000000000002,18.900000000000002,18.85,18.85,0,0,0,0,0,0,19.25,19,,,,,18.875,,,,,,,,,,,63.99970510075384,63.23333228042629,63.99970510075384,63.23333228042629,67.18524272684056,71.17187538303787,67.18524272684056,71.17187538303787,96,101,96,101,-1,4,-1,4,-1,4,-1,4,96,101,96,101,-0.04080572950994567,,,,,,,,,0,0,0,0,52,48,-52,-48,-40.64491745946089,-28.816301095997723,-11.82861636346317,,,18.900000000000002,18.900000000000002,18.85,18.85,-0.00001885524653200156,0.00003963367983059125,,,,
1785378360,18.900000000000002,18.950000000000003,18.900000000000002,18.950000000000003,0,0,0,0,0,0,19.25,19,,,,,18.925000000000004,,,,,,,,,,,63.237821403080964,63.23397358366267,63.237821403080964,63.23397358366267,63.74119706256667,67.45653622280227,63.74119706256667,67.45653622280227,96,101,96,101,-1,4,-1,4,-1,4,-1,4,96,101,96,101,-0.02102237974489092,,,,,,,,,0,0,0,0,52,48,-52,-48,-37.839134443402365,-34.678900184832926,-3.1602342585694387,,,18.900000000000002,18.950000000000003,18.900000000000002,18.950000000000003,-0.00003738930617837892,0.000019945830999400388,,,,
1785379560,18.900000000000002,18.96,18.85,18.85,0,0,0,0,0,0,19.25,19,,,,,18.875,,,,,,,,,,,61.577977017146615,62.99740264558894,61.577977017146615,62.99740264558894,58.96864510124767,63.212590662024965,58.96864510124767,63.212590662024965,96,101,96,101,-1,4,-1,4,-1,4,-1,4,96,101,96,101,-0.006933168323045811,,,,,,,,,0,0,0,0,52,48,-52,-48,-39.89556917674379,-38.173494326267445,-1.7220748504763463,,,18.900000000000002,18.96,18.85,18.85,-0.00006861516631995795,-0.0000030059299084733038,,,,
1785379800,18.85,18.85,18.8,18.8,0,0,0,0,0,0,19.25,19,,,,,18.825000000000003,,,,,,,,,,,59.56050246830281,62.50641690597663,59.56050246830281,62.50641690597663,52.362734762108396,57.78766271206668,52.362734762108396,57.78766271206668,96,101,96,101,-1,4,-1,4,-1,4,-1,4,96,101,96,101,-0.026047122399964852,,,,,,,,,0,0,0,0,52,48,-52,-48,-45.848578381804735,-41.05704986535294,-4.791528516451798,,,18.85,18.85,18.8,18.8,-0.00009718657684658835,-0.000028442436527731968,,,,
1785379800.001,18.8,18.8,18.75,18.75,0,0,0,0,0,0,19.25,19,,,,,18.775,,,,,,,,,,,57.21094276818594,61.74992060057796,57.21094276818594,61.74992060057796,45.40182460128771,51.594743656677196,45.40182460128771,51.594743656677196,96,101,96,101,-1,4,-1,4,-1,4,-1,4,96,101,96,101,-0.05002970283480905,,,,,,,,,0,0,0,0,52,48,-52,-48,-51.175702091481455,-43.689746023358076,-7.485956068123379,,,18.8,18.8,18.75,18.75,-0.00012502404223977174,-0.000055872592557521296,,,,
1785379800.002,18.75,18.75,18.7,18.7,0,0,0,0,0,0,19.25,19,,,,,18.725,,,,,,,,,,,54.55301828474406,60.721791698315975,54.55301828474406,60.721791698315975,39.39204013443707,45.49339189555713,39.39204013443707,45.49339189555713,96,101,96,101,-1,4,-1,4,-1,4,-1,4,96,101,96,101,-0.0636291869256021,,,,,,,,,0,0,0,0,52,48,-52,-48,-55.89167575817418,-48.20288135205103,-7.688794406123151,,,18.75,18.75,18.7,18.7,-0.00015672401284028348,-0.000083965725159497,,,,
1785380520,18.75,18.8,18.75,18.8,0,0,0,0,0,0,19.25,19,,,,,18.775,,,,,,,,,,,53.03732650250044,59.624010956056615,53.03732650250044,59.624010956056615,35.66936773427943,40.58137981491828,35.66936773427943,40.58137981491828,96,101,96,101,-1,4,-1,4,-1,4,-1,4,96,101,96,101,-0.04878183248722809,,,,,,,,,0,0,0,0,52,48,-52,-48,-51.687492869431274,-51.150862275222906,-0.5366305942083684,,,18.75,18.8,18.75,18.8,-0.00016724262858447205,-0.00010869695550157541,,,,
1785381000,18.75,18.75,18.7,18.7,0,0,0,0,0,0,19.25,19,,,,,18.725,,,,,,,,,,,50.67751746660753,58.345940457563884,50.67751746660753,58.345940457563884,31.04993424842998,35.81565703167413,31.04993424842998,35.81565703167413,96,101,96,101,-1,4,-1,4,-1,4,-1,4,96,101,96,101,-0.048753815230778264,,,,,,,,,0,0,0,0,52,48,-52,-48,-53.523736461341684,-53.069651795107134,-0.4540846662345501,,,18.75,18.75,18.7,18.7,-0.0001855657597753761,-0.00013339303110107494,,,,
1785381240,18.7,18.7,18.65,18.65,0,0,0,0,0,0,19.25,19,,,,,18.674999999999997,,,,,,,,,,,48.01007574280221,56.86938835545508,48.01007574280221,56.86938835545508,27.053789795357634,31.434723413515883,27.053789795357634,31.434723413515883,96,101,96,101,-1,4,-1,4,-1,4,-1,4,96,101,96,101,-0.06527111254854052,,,,,,,,,0,0,0,0,52,48,-52,-48,-56.83094095045609,-54.4834615098508,-2.347479440605291,,,18.7,18.7,18.65,18.65,-0.00021027445667451666,-0.00015700291282683474,,,,
1785381960,18.650000000000002,18.650000000000002,18.6,18.6,0,0,0,0,0,0,19.25,19,,,,,18.625,,,,,,,,,,,45.05697509450682,55.181900746748184,45.05697509450682,55.181900746748184,23.597125947041302,27.515924680278594,23.597125947041302,27.515924680278594,96,101,96,101,-1,4,-1,4,-1,4,-1,4,96,101,96,101,-0.07983748194517976,,,,,,,,,0,0,0,0,52,48,-52,-48,-60.18698079078458,-55.5572877680034,-4.629693022781183,,,18.650000000000002,18.650000000000002,18.6,18.6,-0.00023468060587659027,-0.00017991858433183506,,,,
1785387600,18.6,18.6,18.55,18.55,0,0,0,0,0,0,19.25,19,,,,,18.575000000000003,,,,,,,,,,,41.83861973061347,53.27571774444323,41.83861973061347,53.27571774444323,20.607060335559204,24.0614925079189,20.607060335559204,24.0614925079189,96,101,96,101,-1,4,-1,4,-1,4,-1,4,96,101,96,101,-0.10118515729458585,-0.10118515729458585,,-0.10118515729458585,,,,,,0,0,0,0,52,48,-52,-48,-63.057134215490144,-58.399698104518116,-4.657436110972029,,,18.6,18.6,18.55,18.55,-0.0002600659087290646,-0.00020242556208005055,,,,
1785387840,18.6,18.650000000000002,18.6,18.650000000000002,0,0,0,0,0,0,19.25,19,,,,,18.625,,,,,,,,,,,39.80252784509348,51.35097633025041,39.80252784509348,51.35097633025041,19.18700409714602,21.624248302532457,19.18700409714602,21.624248302532457,96,101,96,101,-1,4,-1,4,-1,4,-1,4,96,101,96,101,-0.09168522276224811,,,,,,,,,0,0,0,0,52,48,-52,-48,-57.708607507942524,-59.44591586616832,1.7373083582257962,-59.44591586616832,-59.44591586616832,18.6,18.650000000000002,18.6,18.650000000000002,-0.0002703340310007777,-0.00022136056510679955,,,,
1785388800,18.650000000000002,18.700000000000003,18.650000000000002,18.700000000000003,0,0,0,0,0,0,19.25,19,,,,,18.675000000000004,,,,,,,,,,,38.38806157044397,49.49913136456378,38.38806157044397,49.49913136456378,18.92219398802997,20.273221145281212,18.92219398802997,20.273221145281212,96,101,96,101,-1,4,-1,4,-1,4,-1,4,96,101,96,101,-0.051867767479064984,,,,,,,,,0,0,0,0,52,48,-52,-48,-46.5303276292424,-56.8707625358649,10.340434906622498,,,18.650000000000002,18.700000000000003,18.650000000000002,18.700000000000003,-0.0002696367046668335,-0.00023842624445385977,,,,
1785388800.001,18.7,18.75,18.7,18.75,0,0,0,0,0,0,19.25,19,,,,,18.725,,,,,,,,,,,37.55081907731702,47.792229609242824,37.55081907731702,47.792229609242824,19.64759484688283,19.96040799608202,19.64759484688283,19.96040799608202,96,101,96,101,-1,4,-1,4,-1,4,-1,4,96,101,96,101,-0.017003862135136067,,,,,,,,,0,0,0,0,52,48,-52,-48,-31.214915152801307,-49.62774612636908,18.412830973567775,,,18.7,18.75,18.7,18.75,-0.00026081901293435587,-0.00025096845331368977,,,,
1785389040,18.75,18.8,18.75,18.8,0,0,0,0,0,0,19.25,19,,,,,18.775,,,,,,,,,,,37.24957009560391,46.28613539300869,37.24957009560391,46.28613539300869,21.221747963994815,20.591077980038417,21.221747963994815,20.591077980038417,96,101,96,101,-1,4,-1,4,-1,4,-1,4,96,101,96,101,-0.016477534111504613,,,,,,,,,0,0,0,0,52,48,-52,-48,-15.167256740300402,-37.65527675757164,22.48802001727124,,,18.75,18.8,18.75,18.8,-0.00024768911845085383,-0.0002572042302764126,,,-0.00024768911845085383,18.75
1785390000,18.8,18.85,18.8,18.85,0,0,0,0,0,0,19.25,19,,,,,18.825000000000003,,,,,,,,,,,37.44602937448935,45.023263104648784,37.44602937448935,45.023263104648784,23.52340301675748,22.05724049839795,23.52340301675748,22.05724049839795,96,101,96,101,-1,4,-1,4,-1,4,-1,4,96,101,96,101,-0.008179495314903312,,,,,,,,,0,0,0,0,52,48,-52,-48,-0.5413901131739269,-23.36347240887949,22.822082295705563,,,18.8,18.85,18.8,18.85,-0.00022736262465693495,-0.00025598456673980337,,,,
1785390240,18.85,18.900000000000002,18.85,18.900000000000002,0,0,0,0,0,0,19.25,19,,,,,18.875,,,,,,,,,,,38.1046463239306,44.0348892788319,38.1046463239306,44.0348892788319,26.44863115722073,24.25293582780934,26.44863115722073,24.25293582780934,96,101,96,101,-1,4,-1,4,-1,4,-1,4,96,101,96,101,0.010839296266702901,,,,,0.010839296266702901,,0.010839296266702901,,0,0,0,0,52,48,-52,-48,12.894438203886562,-8.507280950597245,21.401719154483807,,,18.85,18.900000000000002,18.85,18.900000000000002,-0.00019457483496184506,-0.00024506938777860013,,,,
1785390480,18.85,18.85,18.8,18.8,0,0,0,0,0,0,19.25,19,,,,,18.825000000000003,,,,,,,,,,,37.76383825317366,43.139024846595014,37.76383825317366,43.139024846595014,27.813112420474905,26.033024124142123,27.813112420474905,26.033024124142123,96,101,96,101,-1,4,-1,4,-1,4,-1,4,96,101,96,101,-0.015442475497638563,,,,,,,,,0,0,0,0,52,48,-52,-48,14.51229119484784,2.9245206363150427,11.587770558532798,,,18.85,18.85,18.8,18.8,-0.0001802736236279665,-0.0002300593198831316,,,,
1785392400,18.85,18.900000000000002,18.85,18.900000000000002,0,0,0,0,0,0,19.25,19,,,,,18.875,,,,,,,,,,,38.39975456842318,42.46198623542761,38.39975456842318,42.46198623542761,30.125524931835667,28.079274527988893,30.125524931835667,28.079274527988893,96,101,96,101,-1,4,-1,4,-1,4,-1,4,96,101,96,101,-0.02886866271325418,,,,,,,,,0,0,0,0,52,48,-52,-48,22.383541427372162,12.31222017823318,10.071321249138983,,,18.85,18.900000000000002,18.85,18.900000000000002,-0.00015376228523621585,-0.00021074691664469533,,,,
1785393840,18.85,18.92,18.8,18.8,0,0,0,0,0,0,19.25,19,,,,,18.825000000000003,,,,,,,,,,,38.03786733734533,41.829969249987286,38.03786733734533,41.829969249987286,31.231402322525856,29.655338425257376,31.231402322525856,29.655338425257376,96,101,96,101,-1,4,-1,4,-1,4,-1,4,96,101,96,101,-0.033983304220680216,,,,,,,,,0,0,0,0,52,48,-52,-48,22.078038048587874,17.96707721867363,4.110960829914244,,,18.85,18.92,18.8,18.8,-0.00014329983946359849,-0.00019116038773290243,,,,
1785393840.001,18.8,18.8,18.75,18.75,0,0,0,0,0,0,19.25,19,,,,,18.775,,,,,,,,,,,37.22563871801113,41.172207745419264,37.22563871801113,41.172207745419264,30.960249609784046,30.307794017520713,30.960249609784046,30.307794017520713,96,101,96,101,-1,4,-1,4,-1,4,-1,4,96,101,96,101,-0.057564660489438785,-0.057564660489438785,,-0.057564660489438785,,,,,,0,0,0,0,52,48,-52,-48,11.205262166478837,17.544783209321697,-6.339521042842859,17.544783209321697,17.544783209321697,18.8,18.8,18.75,18.75,-0.0001436329349685597,-0.0001738176904858534,,,,
1785394560,18.8,18.85,18.74,18.85,0,0,0,0,0,0,19.25,19,,,,,18.825000000000003,,,,,,,,,,,37.42380738101035,40.63672197907514,37.42380738101035,40.63672197907514,31.642118713148243,30.974956365334478,31.642118713148243,30.974956365334478,96,101,96,101,-1,4,-1,4,-1,4,-1,4,96,101,96,101,-0.048261347546995285,,,,,,,,,0,0,0,0,52,48,-52,-48,10.601796158346177,16.567159450196282,-5.965363291850105,,,18.8,18.85,18.74,18.85,-0.00012570425324863861,-0.00015687462858447068,,,,
1785394560.001,18.85,18.900000000000002,18.85,18.900000000000002,0,0,0,0,0,0,19.25,19,,,,,18.875,,,,,,,,,,,38.0840116157001,40.272049070021566,38.0840116157001,40.272049070021566,33.40753032555567,32.19124334544507,33.40753032555567,32.19124334544507,96,101,96,101,-1,4,-1,4,-1,4,-1,4,96,101,96,101,-0.014300190029427638,,,,,,,,,0,0,0,0,52,48,-52,-48,21.196723222756333,16.270454899042324,4.926268323714009,16.270454899042324,16.270454899042324,18.85,18.900000000000002,18.85,18.900000000000002,-0.00010348524358001648,-0.00014169303002083258,,,,
1785394560.002,18.900000000000002,18.950000000000003,18.900000000000002,18.950000000000003,0,0,0,0,0,0,19.25,19,,,,,18.925000000000004,,,,,,,,,,,39.17324888124535,40.11507761448211,39.17324888124535,40.11507761448211,35.87312123142872,34.0321822884369,35.87312123142872,34.0321822884369,96,101,96,101,-1,4,-1,4,-1,4,-1,4,96,101,96,101,0.009453854587659162,,,,,,,,,0,0,0,0,52,48,-52,-48,31.555706319714695,18.639871966824032,12.915834352890663,,,18.900000000000002,18.950000000000003,18.900000000000002,18.950000000000003,-0.00008206705746562122,-0.00012532526899377506,,,,
1785461400,18.95,19,18.95,19,0,0,0,0,0,0,19.25,19,,,,,18.975,,,,,,,,,,,40.66087396115639,40.19304852114986,40.66087396115639,40.19304852114986,38.938865817415085,36.485524052925996,38.938865817415085,36.485524052925996,96,101,96,101,-1,4,-1,4,-1,4,-1,4,96,101,96,101,0.029016946041748468,,,,,,,,,0,0,0,0,52,48,-52,-48,40.83970473597944,26.048482609199183,14.791222126780255,,,18.95,19,18.95,19,-0.00005937423671708383,-0.00010959392757391971,,,,
1785461400.001,19,19.05,19,19.05,0,0,0,0,0,0,19.25,19,,,,,19.025,,,,,,,,,,,42.51843058297855,40.52524595855396,42.51843058297855,40.52524595855396,42.519027843498655,39.50227594821233,42.519027843498655,39.50227594821233,96,101,96,101,-1,4,-1,4,-1,4,-1,4,96,101,96,101,0.0529018877846061,,,,,,,,,0,0,0,0,52,48,-52,-48,48.07763171520444,35.41744149841375,12.660190216790689,,,19,19.05,19,19.05,-0.00003765120018408148,-0.00009198582102733356,,,,
1785461400.002,19.05,19.1,19.05,19.1,0,0,0,0,0,0,19.25,19,,,,,19.075000000000003,,,,,,,,,,,44.71949506514675,41.12442440235293,44.71949506514675,41.12442440235293,47.26120753932541,43.38174174376887,47.26120753932541,43.38174174376887,96,101,96,101,-1,4,-1,4,-1,4,-1,4,96,101,96,101,0.07800987385944946,,,,,,,,,0,0,0,0,52,48,-52,-48,53.566504907432666,43.50988691958283,10.056617987849833,,,19.05,19.1,19.05,19.1,-0.000011650257452589712,-0.00006998870810800521,,,,
1785461400.003,19.1,19.150000000000002,19.1,19.150000000000002,0,0,0,0,0,0,19.25,19,,,,,19.125,,,,,,,,,,,47.239531131922,41.99801107800565,47.239531131922,41.99801107800565,53.25685920953167,48.31930047665027,53.25685920953167,48.31930047665027,96,101,96,101,-1,4,-1,4,-1,4,-1,4,96,101,96,101,0.07598062956404217,,,,,,,,,0,0,0,0,52,48,-52,-48,57.661519962449674,50.036340330266576,7.625179632183098,,,19.1,19.150000000000002,19.1,19.150000000000002,0.000021624989976239374,-0.00004543383423719221,,,,
1785461880,19.150000000000002,19.200000000000003,19.150000000000002,19.200000000000003,0,0,0,0,0,0,19.25,19,,,,,19.175000000000004,,,,,,,,,,,50.055755098689495,43.14911736667477,50.055755098689495,43.14911736667477,59.49489031146672,53.907095394058494,59.49489031146672,53.907095394058494,96,101,96,101,-1,4,-1,4,-1,4,-1,4,96,101,96,101,0.06848996786955361,,,,,,,,,0,0,1,0,52,48,-52,-48,60.67832114047998,54.99599443139171,5.682326709088272,,,19.150000000000002,19.200000000000003,19.150000000000002,19.200000000000003,0.00005870655987759485,-0.000018401866994256992,,,,
1785462120,19.200000000000003,19.250000000000004,19.200000000000003,19.250000000000004,0,0,0,0,0,0,19.25,19,,,,,19.225,,,,,,,,,,,53.14701068687837,44.57738784098957,53.14701068687837,44.57738784098957,64.87317128737965,59.390133340719075,64.87317128737965,59.390133340719075,96,101,96,101,-1,4,-1,4,-1,4,-1,4,96,101,96,101,0.07623280002423483,,,,,,,,,0,0,0,0,52,48,-52,-48,63.04267677051857,58.73725569522024,4.305421075298327,,,19.200000000000003,19.250000000000004,19.200000000000003,19.250000000000004,0.0000962435245105686,0.000011316563335107975,,,,
1785462840,19.25,19.3,19.25,19.3,1,0,0,1,0,0,19.25,19,,,,,19.275,,,,,,,,,,,56.493652780672775,46.279711403801464,56.493652780672775,46.279711403801464,69.51033729394447,64.45023531733177,69.51033729394447,64.45023531733177,96,101,96,101,-1,4,-1,4,-1,4,-1,4,96,101,96,101,0.09276724042524925,,,,,,,,,0,0,0,0,52,48,-52,-48,64.71393813149322,61.52411400123538,3.18982413025784,,,19.25,19.3,19.25,19.3,0.00013601810242445866,0.000043881953192031716,,,,
1785463080,19.3,19.35,19.3,19.35,0,0,0,0,0,0,19.25,19,,,,,19.325000000000003,,,,,,,,,,,59.60124901062472,48.182788204776216,59.60124901062472,48.182788204776216,73.5088605376667,68.97954792749924,73.5088605376667,68.97954792749924,96,101,96,101,-1,4,-1,4,-1,4,-1,4,96,101,96,101,0.11025187144472191,,,,,,,,,0,0,0,0,52,48,-52,-48,65.871469626324,63.57660141720397,2.2948682091200325,,,19.3,19.35,19.3,19.35,0.00017663877952252567,0.00007959694980979958,,,,
1785463080.001,19.35,19.400000000000002,19.35,19.400000000000002,0,0,0,0,0,0,19.25,19,,,,,19.375,,,,,,,,,,,62.48687408129438,50.22622904427881,62.48687408129438,50.22622904427881,76.95717457850424,72.96836125300175,76.95717457850424,72.96836125300175,96,101,96,101,-1,4,-1,4,-1,4,-1,4,96,101,96,101,0.12802034026109246,,,,,,,,,0,0,0,0,52,48,-52,-48,66.651696127387,65.06994516393073,1.5817509634562725,,,19.35,19.400000000000002,19.35,19.400000000000002,0.0002131810107122164,0.00011706882783726727,,,,
1785463320,19.400000000000002,19.450000000000003,19.400000000000002,19.450000000000003,0,1,0,0,1,0,19.25,19,,,,,19.425000000000004,,,,,,,,,,,65.16638307548764,52.360536763022935,65.16638307548764,52.360536763022935,79.93154646411475,76.44995385855825,79.93154646411475,76.44995385855825,96,101,96,101,-1,4,-1,4,-1,4,-1,4,96,101,96,101,0.14792232727742383,,,,,,,,,0,0,0,0,52,48,-52,-48,67.15766645863359,66.09869258595947,1.058973872674116,,,19.400000000000002,19.450000000000003,19.400000000000002,19.450000000000003,0.00025684707113605765,0.0001562725080305703,,,,
1785463560,19.450000000000003,19.500000000000004,19.450000000000003,19.500000000000004,0,0,0,0,0,0,19.25,19,,,,,19.475,,,,,,,,,,,67.65449857009567,54.54538844974761,67.65449857009567,54.54538844974761,82.49771651811339,79.47383518833581,82.49771651811339,79.47383518833581,96,101,96,101,-1,4,-1,4,-1,4,-1,4,96,101,96,101,0.17138685899551487,,,,,,,,,0,0,0,0,52,48,-52,-48,66.96576565690258,66.66164946731182,0.3041161895907578,,,19.450000000000003,19.500000000000004,19.450000000000003,19.500000000000004,0.0002961272196230163,0.00019584261798814056,,,,
1785463560.001,19.5,19.55,19.5,19.55,0,0,0,0,0,0,19.25,19,,,,,19.525,,,,,,,,,,,69.96489152937455,56.74817460398003,69.96489152937455,56.74817460398003,84.7123284440972,82.09308181621651,84.7123284440972,82.09308181621651,96,101,96,101,-1,4,-1,4,-1,4,-1,4,96,101,96,101,0.19702742258040068,,,,,,,,,0,0,0,0,52,48,-52,-48,66.53229595702402,66.82685604998682,-0.29456009296279717,66.82685604998682,66.82685604998682,19.5,19.55,19.5,19.55,0.00033013929681152064,0.00023482524670496587,,,,
1785463800,19.55,19.6,19.55,19.6,0,0,1,0,0,1,19.25,19,,,,,19.575000000000003,,,,,,,,,,,72.11025642013352,58.94275772057339,72.11025642013352,58.94275772057339,86.62417267997448,84.3586272480955,86.62417267997448,84.3586272480955,96,101,96,101,-1,4,-1,4,-1,4,-1,4,96,101,96,101,0.21933680004196499,,,,,,,,,0,0,0,0,52,48,-52,-48,66.07832137667289,66.68351236230829,-0.605190985635403,,,19.55,19.6,19.55,19.6,0.00036711268560184185,0.00027334101056786307,,,,
1785463800.001,19.6,19.650000000000002,19.6,19.650000000000002,0,0,0,0,0,0,19.25,19,,,,,19.625,,,,,,,,,,,74.10238096155256,61.108418183570414,74.10238096155256,61.108418183570414,88.27526489452359,86.31694607130954,88.27526489452359,86.31694607130954,96,101,96,101,-1,4,-1,4,-1,4,-1,4,96,101,96,101,0.23990694705260152,,,,,0.23990694705260152,,0.23990694705260152,,0,0,0,0,52,48,-52,-48,65.70176148786044,66.319536119615,-0.6177746317545569,,,19.6,19.650000000000002,19.6,19.650000000000002,0.00040387698565357136,0.00031121404492303733,,,,
1785464040,19.6,19.6,19.55,19.55,0,0,0,0,0,0,19.25,19,,,,,19.575000000000003,,,,,,,,,,,75.30286024351958,63.13619562070601,75.30286024351958,63.13619562070601,88.91126601348773,87.61410604239865,88.91126601348773,87.61410604239865,96,101,96,101,-1,4,-1,4,-1,4,-1,4,96,101,96,101,0.23636183305553174,,,,,,,,,0,0,0,0,52,48,-52,-48,58.82431257929238,64.28417285021246,-5.459860270920075,,,19.6,19.6,19.55,19.55,0.00041995434916481923,0.0003456762679984712,,,,
1785464280,19.55,19.55,19.5,19.5,0,0,0,0,0,0,19.25,19,,,,,19.525,,,,,,,,,,,76.09291568067077,64.98715562927241,76.09291568067077,64.98715562927241,88.80705918039205,88.21058261139535,88.80705918039205,88.21058261139535,96,101,96,101,-1,4,-1,4,-1,4,-1,4,96,101,96,101,0.2164783149665454,,,,,,,,,0,0,0,0,52,48,-52,-48,47.23630036199506,59.460173951455204,-12.22387358946014,,,19.55,19.55,19.5,19.5,0.0004293958972079182,0.0003744344056771146,,,,
1785465960,19.5,19.5,19.45,19.45,0,0,0,0,0,0,19.25,19,,,,,19.475,,,,,,,,,,,76.50186326192154,66.63211386250799,76.50186326192154,66.63211386250799,88.06838838838794,88.13948549989165,88.06838838838794,88.13948549989165,96,101,96,101,-1,4,-1,4,-1,4,-1,4,96,101,96,101,0.18861640177659791,,,,,,,,,0,0,0,0,52,48,-52,-48,31.968991208978693,50.93284140953166,-18.96385020055297,,,19.5,19.5,19.45,19.45,0.0004271366240912554,0.0003962693064218211,,,,
1785466200,19.450000000000003,19.450000000000003,19.400000000000002,19.400000000000002,0,0,0,0,0,0,19.25,19,,,,,19.425000000000004,,,,,,,,,,,76.55692497697909,68.04994402171815,76.55692497697909,68.04994402171815,86.78589134589096,87.4626884228913,86.78589134589096,87.4626884228913,96,101,96,101,-1,4,-1,4,-1,4,-1,4,96,101,96,101,0.15970958157083331,,,,,,,,,0,0,0,0,52,48,-52,-48,16.336128824731425,38.5914332437494,-22.255304419017975,,,19.450000000000003,19.450000000000003,19.400000000000002,19.400000000000002,0.00041332723286433595,0.00041013396243062367,,,,
1785467400,19.400000000000002,19.48,19.35,19.35,0,0,0,0,0,0,19.25,19,,,,,19.375,,,,,,,,,,,76.28337838771435,69.22614893114618,76.28337838771435,69.22614893114618,85.24504972504941,86.35386907397036,85.24504972504941,86.35386907397036,96,101,96,101,-1,4,-1,4,-1,4,-1,4,96,101,96,101,0.13967970676435754,,,,,,,,,0,0,0,0,52,48,-52,-48,4.38151467413223,24.980733767459363,-20.599219093327132,,,19.400000000000002,19.48,19.35,19.35,0.0003937339777107894,0.00041457084444878164,0.0003937339777107894,19.48,,
1785467400.001,19.35,19.35,19.3,19.3,0,0,0,0,0,0,19.25,19,,,,,19.325000000000003,,,,,,,,,,,75.70469551586461,70.15165558610596,75.70469551586461,70.15165558610596,83.06718547861377,84.71052727629205,83.06718547861377,84.71052727629205,96,101,96,101,-1,4,-1,4,-1,4,-1,4,96,101,96,101,0.11247122361062765,,,,,,,,,0,0,0,0,52,48,-52,-48,-9.247545166415321,10.859772385356763,-20.107317551772084,,,19.35,19.35,19.3,19.3,0.000367510526946251,0.0004085097679975616,,,,
1785474000,19.35,19.400000000000002,19.28,19.400000000000002,0,0,0,0,0,0,19.25,19,,,,,19.375,,,,,,,,,,,75.81669778421194,70.96094732869253,75.81669778421194,70.96094732869253,81.62221340343767,83.16637033986487,81.62221340343767,83.16637033986487,96,101,96,101,-1,4,-1,4,-1,4,-1,4,96,101,96,101,0.11127129892368781,0.11127129892368781,,0.11127129892368781,,,,,,0,0,0,0,52,48,-52,-48,-13.63953367597951,-0.542358835882788,-13.097174840096724,,,19.35,19.400000000000002,19.28,19.400000000000002,0.00035277541011967726,0.00039731327815670453,,,,
1785474000.001,19.400000000000002,19.450000000000003,19.400000000000002,19.450000000000003,0,0,0,0,0,0,19.25,19,,,,,19.425000000000004,,,,,,,,,,,76.2453752152098,71.715865598195,76.2453752152098,71.715865598195,81.10475434580373,82.1355623428343,81.10475434580373,82.1355623428343,96,101,96,101,-1,4,-1,4,-1,4,-1,4,96,101,96,101,0.13808432789343464,,,,,,,,,0,0,0,0,52,48,-52,-48,-7.394926983100406,-6.475122787840746,-0.9198041952596601,,,19.400000000000002,19.450000000000003,19.400000000000002,19.450000000000003,0.0003470626340384387,0.000383591067628458,,,,
1785474480,19.450000000000003,19.500000000000004,19.450000000000003,19.500000000000004,0,0,0,0,0,0,19.25,19,,,,,19.475,,,,,,,,,,,76.96810815438315,72.46618596336474,76.96810815438315,72.46618596336474,81.24768417610248,81.6916232594684,81.24768417610248,81.6916232594684,96,101,96,101,-1,4,-1,4,-1,4,-1,4,96,101,96,101,0.16143740407247878,,,,,,,,,0,0,0,0,52,48,-52,-48,3.223497158003646,-6.764627166872893,9.988124324876539,-6.764627166872893,-6.764627166872893,19.450000000000003,19.500000000000004,19.450000000000003,19.500000000000004,0.0003464957284942004,0.00037015091836228213,,,,
1785474720,19.5,19.55,19.5,19.55,0,0,0,0,0,0,19.25,19,,,,,19.525,,,,,,,,,,,77.96389263686227,73.25157263100724,77.96389263686227,73.25157263100724,82.04275598140023,81.86718962043432,82.04275598140023,81.86718962043432,96,101,96,101,-1,4,-1,4,-1,4,-1,4,96,101,96,101,0.18137918017007262,,,,,,,,,0,0,0,0,52,48,-52,-48,14.72590721382841,-0.7712640718119608,15.497171285640372,,,19.5,19.55,19.5,19.55,0.00035021233355070293,0.0003596317684766766,,,,
1785475200,19.55,19.6,19.55,19.6,0,0,0,0,0,0,19.25,19,,,,,19.575000000000003,,,,,,,,,,,79.2132249809825,74.10323725243227,79.2132249809825,74.10323725243227,83.50917545658481,82.68818253850957,83.50917545658481,82.68818253850957,96,101,96,101,-1,4,-1,4,-1,4,-1,4,96,101,96,101,0.19784349647346855,,,,,,,,,0,0,0,0,52,48,-52,-48,25.172292564292793,8.931692488256115,16.240600076036678,,,19.55,19.6,19.55,19.6,0.0003613290492881055,0.00035423094707289605,,,,
1785475440,19.6,19.650000000000002,19.6,19.650000000000002,0,0,0,0,0,0,19.25,19,,,,,19.625,,,,,,,,,,,80.69799462519804,75.04534544854165,80.69799462519804,75.04534544854165,85.55103579167239,84.11960916509098,85.55103579167239,84.11960916509098,96,101,96,101,-1,4,-1,4,-1,4,-1,4,96,101,96,101,0.21317860092092675,,,,,,,,,0,0,0,0,52,48,-52,-48,33.949637054105935,19.267833497557696,14.681803556548239,,,19.6,19.650000000000002,19.6,19.650000000000002,0.00037848320622898185,0.0003560597269533512,,,,
1785475440.001,19.650000000000002,19.700000000000003,19.650000000000002,19.700000000000003,1,0,0,1,0,0,19.25,19,,,,,19.675000000000004,,,,,,,,,,,82.07670929482674,76.04982599801096,82.07670929482674,76.04982599801096,87.31755448810016,85.71858182659557,87.31755448810016,85.71858182659557,96,101,96,101,-1,4,-1,4,-1,4,-1,4,96,101,96,101,0.2311693329950189,,,,,0.2311693329950189,0.2311693329950189,0.2311693329950189,,0,0,0,0,52,48,-52,-48,41.60463949748368,28.863119082427705,12.741520415055977,,,19.650000000000002,19.700000000000003,19.650000000000002,19.700000000000003,0.00040073466791221775,0.00036405293658544127,,,,
1785475680,19.650000000000002,19.650000000000002,19.6,19.6,0,0,0,0,0,0,19.25,19,,,,,19.625,,,,,,,,,,,82.73582633277388,77.0049689029771,82.73582633277388,77.0049689029771,87.9388562278954,86.82871902724548,87.9388562278954,86.82871902724548,96,101,96,101,-1,4,-1,4,-1,4,-1,4,96,101,96,101,0.2225402211992902,,,,,,,,,0,0,0,0,52,48,-52,-48,39.58492482090206,35.07787348419612,4.507051336705942,,,19.650000000000002,19.650000000000002,19.6,19.6,0.00041303939394615204,0.0003750490632367268,,,,
1785475920,19.6,19.6,19.55,19.55,0,0,0,0,0,0,19.25,19,,,,,19.575000000000003,,,,,,,,,,,83.03730457608505,77.86673114199252,83.03730457608505,77.86673114199252,87.72735295724365,87.27803599224457,87.72735295724365,87.27803599224457,96,101,96,101,-1,4,-1,4,-1,4,-1,4,96,101,96,101,0.1869940721101964,,,,,,,,,0,0,0,0,52,48,-52,-48,31.148846106466245,36.572011869739484,-5.423165763273239,36.572011869739484,36.572011869739484,19.6,19.6,19.55,19.55,0.00042035613052817435,0.0003873591302423892,,,,
1785477840,19.55,19.55,19.5,19.5,0,0,0,0,0,0,19.25,19,,,,,19.525,,,,,,,,,,,83.00668965294854,78.60101092927195,83.00668965294854,78.60101092927195,86.80201682049453,87.04002640636955,86.80201682049453,87.04002640636955,96,101,96,101,-1,4,-1,4,-1,4,-1,4,96,101,96,101,0.15340438788761973,,,,,,,,,0,0,0,0,52,48,-52,-48,18.033490304146873,32.59297518224972,-14.559484878102843,,,19.55,19.55,19.5,19.5,0.0004159568137132627,0.0003983165436028158,,,,
1785478320,19.5,19.5,19.45,19.45,0,0,0,0,0,0,19.25,19,,,,,19.475,,,,,,,,,,,82.66770250382487,79.18196686849379,82.66770250382487,79.18196686849379,85.26482394137622,86.15242517387289,85.26482394137622,86.15242517387289,96,101,96,101,-1,4,-1,4,-1,4,-1,4,96,101,96,101,0.12975775805728545,,,,,,,,,0,0,0,0,52,48,-52,-48,2.7099431515342367,22.869301095762356,-20.15935794422812,,,19.5,19.5,19.45,19.45,0.00040461888648322394,0.0004055315164686688,0.00040461888648322394,19.5,,
1785478800,19.5,19.55,19.5,19.55,0,0,0,0,0,0,19.650000000000002,19.45,,,,,19.525,,,,,,,,,,,82.97404673491812,79.72369256369726,82.97404673491812,79.72369256369726,84.51270623546532,85.3325657046691,84.51270623546532,85.3325657046691,96,101,96,101,-1,4,-1,4,-1,4,-1,4,96,101,96,101,0.13722233507626824,,,,,,,,,0,0,0,0,52,48,-52,-48,1.9062720472377346,13.449637902346275,-11.54336585510854,,,19.5,19.55,19.5,19.55,0.0004040851836390905,0.0004097985127036869,,,,
1785720600,19.5,19.5,19.45,19.45,0,0,0,0,0,0,19.650000000000002,19.45,,,,,19.475,,,,,,,,,,,82.63739122279661,80.13993522928287,82.63739122279661,80.13993522928287,82.61803391611306,83.97529981039108,82.61803391611306,83.97529981039108,96,101,96,101,-1,4,-1,4,-1,4,-1,4,96,101,96,101,0.13353085633453826,,,,,,,,,0,0,0,0,52,48,-52,-48,-8.413859048817883,3.5589616135252404,-11.972820662343125,,,19.5,19.5,19.45,19.45,0.0003882022575581459,0.00040770977764467497,,,,
1785720840,19.450000000000003,19.450000000000003,19.400000000000002,19.400000000000002,0,0,0,0,0,0,19.650000000000002,19.45,,,,,19.425000000000004,,,,,,,,,,,82.01422352675833,80.4076907003508,82.01422352675833,80.4076907003508,79.76783859476359,81.87156920257733,79.76783859476359,81.87156920257733,96,101,96,101,-1,4,-1,4,-1,4,-1,4,96,101,96,101,0.11174924380525791,,,,,,,,,0,0,0,0,52,48,-52,-48,-20.396912767574932,-6.048639154405211,-14.34827361316972,,,19.450000000000003,19.450000000000003,19.400000000000002,19.400000000000002,0.0003664018402239634,0.00039993685202431014,,,,
1785720840.001,19.400000000000002,19.400000000000002,19.35,19.35,0,0,0,0,0,0,19.650000000000002,19.45,,,,,19.375,,,,,,,,,,,81.12500880279732,80.51016471498602,81.12500880279732,80.51016471498602,75.92345348938926,78.8975113459833,75.92345348938926,78.8975113459833,96,101,96,101,-1,4,-1,4,-1,4,-1,4,96,101,96,101,0.09160698525403721,,,,,,,,,0,0,0,0,52,48,-52,-48,-30.922153733573445,-14.45666337568213,-16.465490357891316,,,19.400000000000002,19.400000000000002,19.35,19.35,0.0003371874615918303,0.00038607540720158614,,,,
1785720840.002,19.35,19.35,19.3,19.3,0,0,0,0,0,0,19.650000000000002,19.45,,,,,19.325000000000003,,,,,,,,,,,79.98875041005093,80.43567695713816,79.98875041005093,80.43567695713816,71.01131178211384,74.95441156404857,71.01131178211384,74.95441156404857,96,101,96,101,-1,4,-1,4,-1,4,-1,4,96,101,96,101,0.06444805412882336,,,,,,,,,0,0,0,0,52,48,-52,-48,-39.47693067439921,-24.802464056091367,-14.674466618307846,,,19.35,19.35,19.3,19.3,0.00030401435977463247,0.00036741833154514783,,,,
1785720840.003,19.3,19.3,19.25,19.25,0,0,0,0,0,0,19.650000000000002,19.45,,,,,19.275,,,,,,,,,,,78.62309432486094,80.17673658109855,78.62309432486094,80.17673658109855,64.91445771800228,69.93443464102543,64.91445771800228,69.93443464102543,96,101,96,101,-1,4,-1,4,-1,4,-1,4,96,101,96,101,0.034181059771853546,,,,,,,,,0,0,0,0,52,48,-52,-48,-46.19606201080381,-34.248014796587846,-11.948047214215961,,,19.3,19.3,19.25,19.25,0.0002684480141458985,0.0003447231861555936,,,,
1785720840.004,19.25,19.25,19.2,19.2,0,0,0,0,0,0,19.650000000000002,19.45,,,,,19.225,,,,,,,,,,,77.04442609668763,79.72926365475413,77.04442609668763,79.72926365475413,57.4591455764694,63.69679010874742,57.4591455764694,63.69679010874742,96,101,96,101,-1,4,-1,4,-1,4,-1,4,96,101,96,101,0.0038952536506529183,,,,,,,,,0,0,0,0,52,48,-52,-48,-51.38281136568382,-41.99448944611507,-9.388321919568753,,,19.25,19.25,19.2,19.2,0.0002305382100269286,0.00031579869055356653,,,,
1785721080,19.200000000000003,19.200000000000003,19.150000000000002,19.150000000000002,0,0,0,0,0,0,19.650000000000002,19.45,,,,,19.175000000000004,,,,,,,,,,,75.26796087860124,79.0919346867323,75.26796087860124,79.0919346867323,49.770176727882856,56.73348341831514,49.770176727882856,56.73348341831514,96,101,96,101,-1,4,-1,4,-1,4,-1,4,96,101,96,101,-0.028076190890064703,,,,,,,,,0,0,0,0,52,48,-52,-48,-55.65036574588323,-48.17654244919252,-7.4738232966907105,,,19.200000000000003,19.200000000000003,19.150000000000002,19.150000000000002,0.0001906224423003632,0.00028286872134393606,,,,
1785721320,19.200000000000003,19.250000000000004,19.200000000000003,19.250000000000004,0,0,0,0,0,0,19.650000000000002,19.45,,,,,19.225,,,,,,,,,,,74.23950404565768,78.39873030943592,74.23950404565768,78.39873030943592,44.73807355896457,50.73577848863985,44.73807355896457,50.73577848863985,96,101,96,101,-1,4,-1,4,-1,4,-1,4,96,101,96,101,-0.01762186932061771,,,,,,,,,0,0,0,0,52,48,-52,-48,-51.853625610202634,-51.27071618314337,-0.5829094270592634,,,19.200000000000003,19.250000000000004,19.200000000000003,19.250000000000004,0.00016998022973328746,0.0002501317862621567,,,,
1785721560,19.200000000000003,19.200000000000003,19.150000000000002,19.150000000000002,0,0,0,0,0,0,19.650000000000002,19.45,,,,,19.175000000000004,,,,,,,,,,,72.66339040264486,77.5793960370372,72.66339040264486,77.5793960370372,38.866400712878715,44.80108960075928,38.866400712878715,44.80108960075928,96,101,96,101,-1,4,-1,4,-1,4,-1,4,96,101,96,101,-0.010120214096691265,,,,,,,,,0,0,0,0,52,48,-52,-48,-53.27125497985833,-53.039514425407,-0.2317405544513278,,,19.200000000000003,19.200000000000003,19.150000000000002,19.150000000000002,0.0001415898568101516,0.00021753218546521026,,,,
1785721560.001,19.150000000000002,19.150000000000002,19.1,19.1,0,0,0,0,0,0,19.650000000000002,19.45,,,,,19.125,,,,,,,,,,,70.88929729935036,76.62366764593908,70.88929729935036,76.62366764593908,33.79024823008659,39.29566891542294,33.79024823008659,39.29566891542294,96,101,96,101,-1,4,-1,4,-1,4,-1,4,96,101,96,101,-0.03913581385835187,,,,,,,,,0,0,0,0,52,48,-52,-48,-56.056352643782795,-54.207899744931744,-1.8484528988510505,,,19.150000000000002,19.150000000000002,19.1,19.1,0.00011393132394528293,0.00018585167949365208,,,,
1785722280,19.150000000000002,19.200000000000003,19.150000000000002,19.200000000000003,0,0,0,0,0,0,19.650000000000002,19.45,,,,,19.175000000000004,,,,,,,,,,,69.86304314442783,75.6578641457232,69.86304314442783,75.6578641457232,30.867831816264736,35.08175036584384,30.867831816264736,35.08175036584384,96,101,96,101,-1,4,-1,4,-1,4,-1,4,96,101,96,101,-0.03499517221818475,,,,,,,,,0,0,0,0,52,48,-52,-48,-50.71809901204543,-52.974833061472296,2.2567340494268677,-52.974833061472296,-52.974833061472296,19.150000000000002,19.200000000000003,19.150000000000002,19.200000000000003,0.00010054912174292235,0.0001578685307598227,,,,
1785723480,19.200000000000003,19.250000000000004,19.200000000000003,19.250000000000004,0,0,0,0,0,0,19.650000000000002,19.45,,,,,19.225,,,,,,,,,,,69.22065186392524,74.73826239118064,69.22065186392524,74.73826239118064,29.553379652036494,32.317565008940164,29.553379652036494,32.317565008940164,96,101,96,101,-1,4,-1,4,-1,4,-1,4,96,101,96,101,-0.004673579012132582,,,,,-0.004673579012132582,,-0.004673579012132582,,0,0,0,0,52,48,-52,-48,-39.56710331474153,-49.90320248760702,10.336099172865488,,,19.200000000000003,19.250000000000004,19.200000000000003,19.250000000000004,0.00009533802387974975,0.00013533516640195956,,,,
1785726600,19.200000000000003,19.27,19.150000000000002,19.150000000000002,0,0,0,0,0,0,19.650000000000002,19.45,,,,,19.175000000000004,,,,,,,,,,,68.00302766246475,73.77608600136409,68.00302766246475,73.77608600136409,27.33146827317421,29.824516641057187,27.33146827317421,29.824516641057187,96,101,96,101,-1,4,-1,4,-1,4,-1,4,96,101,96,101,-0.009406641839249405,,,,,,,,,0,0,0,0,52,48,-52,-48,-37.19546334301572,-45.88425457839636,8.688791235380641,,,19.200000000000003,19.27,19.150000000000002,19.150000000000002,0.00007864570634329885,0.00011667237707578214,,,,
1785733440,19.150000000000002,19.150000000000002,19.1,19.1,0,0,0,0,0,0,19.650000000000002,19.45,,,,,19.125,,,,,,,,,,,66.56181761204024,72.74547623146069,66.56181761204024,72.74547623146069,23.903163281768443,26.863839961412815,23.903163281768443,26.863839961412815,96,101,96,101,-1,4,-1,4,-1,4,-1,4,96,101,96,101,-0.03675672191860083,,,,,,,,,0,0,0,0,52,48,-52,-48,-43.857132599109136,-42.83444956722795,-1.0226830318811864,-42.83444956722795,-42.83444956722795,19.150000000000002,19.150000000000002,19.1,19.1,0.000059092030905974085,0.00009819101060456326,,,,
1785734160,19.1,19.1,19.05,19.05,0,0,0,0,0,0,19.650000000000002,19.45,,,,,19.075000000000003,,,,,,,,,,,64.729479990401,71.6003339113093,64.729479990401,71.6003339113093,20.927986109647666,23.895913035530242,20.927986109647666,23.895913035530242,96,101,96,101,-1,4,-1,4,-1,4,-1,4,96,101,96,101,-0.059335246074177256,,,,,,,,,0,0,0,0,52,48,-52,-48,-50.53875214469476,-42.78961285039028,-7.749139294304484,,,19.1,19.1,19.05,19.05,0.00004294525449296827,0.00008175024355169934,,,,
1785734640,19.05,19.05,19,19,0,0,0,0,0,0,19.650000000000002,19.45,,,,,19.025,,,,,,,,,,,62.48689808632473,70.29841450774009,62.48689808632473,70.29841450774009,18.34643707357554,21.121175054552893,18.34643707357554,21.121175054552893,96,101,96,101,-1,4,-1,4,-1,4,-1,4,96,101,96,101,-0.07847462529079932,,,,,,,,,0,0,0,0,52,48,-52,-48,-56.103991261121955,-46.923834836985385,-9.18015642413657,,,19.05,19.05,19,19,0.000022232893627223272,0.00006646717183202274,,,,
1785737520,19.05,19.1,18.98,19.1,0,0,0,0,0,0,19.650000000000002,19.45,,,,,19.075000000000003,,,,,,,,,,,60.880691080158684,68.95302544665704,60.880691080158684,68.95302544665704,17.43186669798535,19.27652087626912,17.43186669798535,19.27652087626912,96,101,96,101,-1,4,-1,4,-1,4,-1,4,96,101,96,101,-0.07962386167990769,-0.07962386167990769,,-0.07962386167990769,,,,,,0,0,1,0,52,48,-52,-48,-54.165395937614356,-51.16631798563505,-2.9990779519793094,,,19.05,19.1,18.98,19.1,0.000015643380805340626,0.00005231621500909246,,,,
1785738000,19.1,19.150000000000002,19.1,19.150000000000002,0,0,0,0,0,0,19.650000000000002,19.45,,,,,19.125,,,,,,,,,,,59.582665526814026,67.61440260096518,59.582665526814026,67.61440260096518,17.917790503035093,18.597155689652105,17.917790503035093,18.597155689652105,96,101,96,101,-1,4,-1,4,-1,4,-1,4,96,101,96,101,-0.06089912073048828,,,,,,,,,0,0,0,0,52,48,-52,-48,-42.26419985048123,-50.76808479847807,8.503884947996838,-50.76808479847807,-50.76808479847807,19.1,19.150000000000002,19.1,19.150000000000002,0.000015967686442923565,0.000039087825436288094,,,,
1785738000.001,19.150000000000002,19.200000000000003,19.150000000000002,19.200000000000003,0,0,0,0,0,0,19.650000000000002,19.45,,,,,19.175000000000004,,,,,,,,,,,58.74937989394637,66.34797078567678,58.74937989394637,66.34797078567678,19.326360113712663,18.961757901682383,19.326360113712663,18.961757901682383,96,101,96,101,-1,4,-1,4,-1,4,-1,4,96,101,96,101,-0.0371428581133202,,,,,,,,,0,0,0,0,52,48,-52,-48,-27.308054102406132,-44.96041028790591,17.652356185499777,,,19.150000000000002,19.200000000000003,19.150000000000002,19.200000000000003,0.000021968599011278937,0.000029641640880951437,,,,
1785738000.002,19.200000000000003,19.250000000000004,19.200000000000003,19.250000000000004,0,0,0,0,0,0,19.650000000000002,19.45,,,,,19.225,,,,,,,,,,,58.34763847295022,65.20506616957299,58.34763847295022,65.20506616957299,21.52576898635694,20.243763444019663,21.52576898635694,20.243763444019663,96,101,96,101,-1,4,-1,4,-1,4,-1,4,96,101,96,101,-0.01660503261758439,,,,,-0.01660503261758439,,-0.01660503261758439,,0,0,0,0,52,48,-52,-48,-12.352126495306218,-34.02244409645198,21.67031760114576,,,19.200000000000003,19.250000000000004,19.200000000000003,19.250000000000004,0.000034018153050267696,0.000025462661238333705,,,,
1785738960,19.200000000000003,19.200000000000003,19.150000000000002,19.150000000000002,0,0,0,0,0,0,19.650000000000002,19.45,,,,,19.175000000000004,,,,,,,,,,,57.23054524869188,64.0658488951614,57.23054524869188,64.0658488951614,22.220500401004376,21.232131922512018,22.220500401004376,21.232131922512018,96,101,96,101,-1,4,-1,4,-1,4,-1,4,96,101,96,101,-0.024938135034022473,,,,,,,,,0,0,0,0,52,48,-52,-48,-9.489646488482968,-22.85350673416913,13.363860245686162,,,19.200000000000003,19.200000000000003,19.150000000000002,19.150000000000002,0.00003526316679863233,0.00002418231328927771,,,,
1785807480,19.150000000000002,19.150000000000002,19.1,19.1,0,0,0,0,0,0,19.250000000000004,19.1,,,,,19.125,,,,,,,,,,,55.821220588071036,62.88804485129134,55.821220588071036,62.88804485129134,21.823920978638743,21.528026450575382,21.823920978638743,21.528026450575382,96,101,96,101,-1,4,-1,4,-1,4,-1,4,96,101,96,101,-0.061341846551081644,,,,,,,,,0,0,0,0,52,48,-52,-48,-15.159511161163923,-16.077334561839802,0.9178234006758785,,,19.150000000000002,19.150000000000002,19.1,19.1,0.000028184339670561382,0.000025174220963167397,,,,
1785807480.001,19.1,19.1,19.05,19.05,0,0,0,0,0,0,19.250000000000004,19.05,,,,,19.075000000000003,,,,,,,,,,,54.14053816511358,61.638401038980234,54.14053816511358,61.638401038980234,20.49193226740463,21.009979358990005,20.49193226740463,21.009979358990005,96,101,96,101,-1,4,-1,4,-1,4,-1,4,96,101,96,101,-0.09663521935639924,,,,,,,,,0,0,0,0,52,48,-52,-48,-24.52760925923659,-15.382223351047418,-9.145385908189173,-15.382223351047418,-15.382223351047418,19.1,19.1,19.05,19.05,0.000020091957095321326,0.000025915650344830846,0.000020091957095321326,19.1,,
1785807720,19.05,19.05,19,19,0,0,0,0,0,0,19.250000000000004,19,,,,,19.025,,,,,,,,,,,52.20788067712929,60.2911838444301,52.20788067712929,60.2911838444301,18.358164165711884,19.684071762350946,18.358164165711884,19.684071762350946,96,101,96,101,-1,4,-1,4,-1,4,-1,4,96,101,96,101,-0.11542965996696407,,,,,,,,,0,0,0,0,52,48,-52,-48,-34.52488297592322,-20.925412471201675,-13.599470504721545,,,19.05,19.05,19,19,0.0000025661021937987543,0.00002368205296997671,,,,
1785807720.001,19,19,18.95,18.95,0,0,0,0,0,0,19.250000000000004,19,,,,,18.975,,,,,,,,,,,50.04124634304863,58.826907058518465,50.04124634304863,58.826907058518465,16.11652166584827,17.90029671409961,16.11652166584827,17.90029671409961,96,101,96,101,-1,4,-1,4,-1,4,-1,4,96,101,96,101,-0.13036860009234505,,,,,,,,,0,0,0,0,52,48,-52,-48,-42.931962042312875,-29.28599135965915,-13.645970682653726,,,19,19,18.95,18.95,-0.00002245432219928508,0.000016278232768216044,,,,
1785808200,19,19.05,19,19.05,0,0,0,0,0,0,19.250000000000004,19,,,,,19.025,,,,,,,,,,,48.14754387316699,57.301283746325396,48.14754387316699,57.301283746325396,15.337970951679498,16.619133832889553,15.337970951679498,16.619133832889553,96,101,96,101,-1,4,-1,4,-1,4,-1,4,96,101,96,101,-0.1246288237867615,,,,,,,,,0,0,0,0,52,48,-52,-48,-40.20691382287153,-35.547842025086055,-4.659071797785472,,,19,19.05,19,19.05,-0.00002777322620115263,0.000005979669559645987,,,,
1785808440,19,19,18.95,18.95,0,0,0,0,0,0,19.250000000000004,19,,,,,18.975,,,,,,,,,,,45.15486216794075,55.56608066369902,45.15486216794075,55.56608066369902,13.527784625249083,15.073459229069318,13.527784625249083,15.073459229069318,96,101,96,101,-1,4,-1,4,-1,4,-1,4,96,101,96,101,-0.13146882347048106,,,,,,,,,0,0,0,0,52,48,-52,-48,-44.759565127983045,-40.605830992272665,-4.15373413571038,,,19,19,18.95,18.95,-0.00004010775929425837,-0.0000065821514558357946,,,,
1785808680,18.95,18.95,18.9,18.9,0,0,0,0,0,0,19.250000000000004,19,,,,,18.924999999999997,,,,,,,,,,,41.9295148702307,53.61799983606069,41.9295148702307,53.61799983606069,11.952386821642126,13.512923025355722,11.952386821642126,13.512923025355722,96,101,96,101,-1,4,-1,4,-1,4,-1,4,96,101,96,101,-0.15869253388366353,,,,,,,,,0,0,0,0,52,48,-52,-48,-50.265168030853694,-44.54090225600528,-5.724265774848412,,,18.95,18.95,18.9,18.9,-0.0000619525253830814,-0.000021604962298109593,,,,
1785808680.001,18.900000000000002,18.900000000000002,18.85,18.85,0,0,0,0,0,0,19.250000000000004,19,,,,,18.875,,,,,,,,,,,38.93454952235708,51.52036407696018,38.93454952235708,51.52036407696018,10.602045847121877,12.057484436238799,10.602045847121877,12.057484436238799,96,101,96,101,-1,4,-1,4,-1,4,-1,4,96,101,96,101,-0.17333965510940594,-0.17333965510940594,,-0.17333965510940594,,,,,,0,0,0,0,52,48,-52,-48,-55.63007905268282,-47.71543150859777,-7.9146475440850494,,,18.900000000000002,18.900000000000002,18.85,18.85,-0.00008743797704141646,-0.00003952661798756589,,,,
1785809400,18.900000000000002,18.950000000000003,18.900000000000002,18.950000000000003,0,0,0,0,0,0,19.250000000000004,19,,,,,18.925000000000004,,,,,,,,,,,36.99384640521394,49.44514726671072,36.99384640521394,49.44514726671072,10.611277392771168,11.334380914504983,10.611277392771168,11.334380914504983,96,101,96,101,-1,4,-1,4,-1,4,-1,4,96,101,96,101,-0.1585630659889562,,,,,,,,,0,0,0,0,52,48,-52,-48,-51.121223329046586,-50.44400888514153,-0.6772144439050578,,,18.900000000000002,18.950000000000003,18.900000000000002,18.950000000000003,-0.00010207747020201429,-0.00005696721338686807,,,,
1785809400.001,18.95,19,18.95,19,0,0,0,0,0,0,19.250000000000004,19,,,,,18.975,,,,,,,,,,,35.61193300652217,47.4689738009695,35.61193300652217,47.4689738009695,11.748441846865065,11.541411380685023,11.748441846865065,11.541411380685023,96,101,96,101,-1,4,-1,4,-1,4,-1,4,96,101,96,101,-0.12457891279221503,,,,,,,,,0,0,0,0,52,48,-52,-48,-39.86226823706148,-49.21968466241114,9.357416425349662,-49.21968466241114,-49.21968466241114,18.95,19,18.95,19,-0.00011290787573977282,-0.00007204280564361601,,,,
1785810120,18.95,18.95,18.9,18.9,0,0,0,0,0,0,19.250000000000004,19,,,,,18.924999999999997,,,,,,,,,,,33.48839157328317,45.471747768442874,33.48839157328317,45.471747768442874,11.498664440170062,11.520037910427543,11.498664440170062,11.520037910427543,96,101,96,101,-1,4,-1,4,-1,4,-1,4,96,101,96,101,-0.1240782230945025,,,,,,,,,0,0,0,0,52,48,-52,-48,-41.225961537063924,-46.959883038963696,5.733921501899772,,,18.95,18.95,18.9,18.9,-0.00012791367214190735,-0.00008873287996707512,,,,
1785810840,18.95,19,18.95,19,0,0,0,0,0,0,19.250000000000004,19,,,,,18.975,,,,,,,,,,,32.3568678054436,43.59819348801441,32.3568678054436,43.59819348801441,12.509059316064118,12.01454861324583,12.509059316064118,12.01454861324583,96,101,96,101,-1,4,-1,4,-1,4,-1,4,96,101,96,101,-0.12404540003597064,,,,,,,,,0,0,0,0,52,48,-52,-48,-29.497384545506858,-40.42670941216971,10.92932486666285,,,18.95,19,18.95,19,-0.00012303411913600556,-0.00010255393994069966,,,,
1785811320,19,19.05,19,19.05,0,0,0,0,0,0,19.05,18.9,,,,,19.025,,,,,,,,,,,31.72633523110518,41.902213737027374,31.72633523110518,41.902213737027374,14.678094798384631,13.346321705815232,14.678094798384631,13.346321705815232,96,101,96,101,-1,4,-1,4,-1,4,-1,4,96,101,96,101,-0.09490130034876651,,,,,,,,,0,0,0,0,52,48,-52,-48,-14.173062464065586,-31.189669195924452,17.016606731858865,,,19,19.05,19,19.05,-0.00011094489180446643,-0.00011071933434426383,,,,
1785811320.001,19.05,19.1,19.05,19.1,0,0,0,0,0,0,19.05,18.9,,,,,19.075000000000003,,,,,,,,,,,31.561008765017828,40.42489874102601,31.561008765017828,40.42489874102601,18.057414589091586,15.701868147453409,18.057414589091586,15.701868147453409,96,101,96,101,-1,4,-1,4,-1,4,-1,4,96,101,96,101,-0.06228102496844394,,,,,,,,,0,0,0,0,52,48,-52,-48,0.5379995320561779,-21.089602253645044,21.627601785701223,,,19.05,19.1,19.05,19.1,-0.00008868011541831379,-0.00011092635740708006,,,-0.00008868011541831379,19.05
1785811560,19.1,19.150000000000002,19.1,19.150000000000002,0,0,0,0,0,0,19.05,18.9,,,,,19.125,,,,,,,,,,,31.827659399449328,39.196721692229346,31.827659399449328,39.196721692229346,22.750511206234364,19.226189676843887,22.750511206234364,19.226189676843887,96,101,96,101,-1,4,-1,4,-1,4,-1,4,96,101,96,101,-0.04563152118264105,,,,,-0.04563152118264105,,-0.04563152118264105,,0,0,0,0,52,48,-52,-48,14.043927542343251,-7.2721299837932465,21.316057526136497,,,19.1,19.150000000000002,19.1,19.150000000000002,-0.00006666611353016616,-0.0001050244646284387,,,,
1785820560,19.1,19.19,19.05,19.05,0,0,0,0,0,0,19.05,18.9,,,,,19.075000000000003,,,,,,,,,,,31.23492742553907,38.05932251127359,31.23492742553907,38.05932251127359,26.3004381767723,22.763313926808095,26.3004381767723,22.763313926808095,96,101,96,101,-1,4,-1,4,-1,4,-1,4,96,101,96,101,-0.059624914390551995,,,,,,,,,0,0,0,0,52,48,-52,-48,18.33858137025804,4.686861495147978,13.651719875110063,,,19.1,19.19,19.05,19.05,-0.00006202152667519148,-0.00009654340645100847,,,,
1785821040,19.05,19.05,19,19,0,0,0,0,0,0,19.05,18.9,,,,,19.025,,,,,,,,,,,30.264365382538365,36.94575720716856,30.264365382538365,36.94575720716856,27.94005811977303,25.35168602329056,27.94005811977303,25.35168602329056,96,101,96,101,-1,4,-1,4,-1,4,-1,4,96,101,96,101,-0.10001819927349366,,,,,,,,,0,0,0,0,52,48,-52,-48,10.602950226049419,10.880864667676729,-0.2779144416273098,10.880864667676729,10.880864667676729,19.05,19.05,19,19,-0.00006129376734536201,-0.00008544008898491757,,,,
1785822240,19.05,19.1,19.05,19.1,0,0,0,0,0,0,19.05,18.9,,,,,19.075000000000003,,,,,,,,,,,30.20346533420579,35.98257265388817,30.20346533420579,35.98257265388817,31.77175049722047,28.561718260255518,31.77175049722047,28.561718260255518,96,101,96,101,-1,4,-1,4,-1,4,-1,4,96,101,96,101,-0.10833195167419932,-0.10833195167419932,,-0.10833195167419932,,,,,,0,0,0,0,52,48,-52,-48,14.934998712454483,14.480114462776307,0.45488424967817664,14.480114462776307,14.480114462776307,19.05,19.1,19.05,19.1,-0.000046741400510889534,-0.00007272463588073156,,,,
1785822480,19.1,19.150000000000002,19.1,19.150000000000002,0,0,0,0,0,0,19.05,18.9,,,,,19.125,,,,,,,,,,,30.567083356552438,35.20893132569735,30.567083356552438,35.20893132569735,36.75673852142715,32.659228390841335,36.75673852142715,32.659228390841335,96,101,96,101,-1,4,-1,4,-1,4,-1,4,96,101,96,101,-0.08182803052980728,,,,,,,,,0,0,0,0,52,48,-52,-48,23.477860275058127,16.838597645955026,6.639262629103101,,,19.1,19.150000000000002,19.1,19.150000000000002,-0.000029589817964395616,-0.000059165456907386424,,,,
1785823680,19.150000000000002,19.200000000000003,19.150000000000002,19.200000000000003,0,0,0,0,0,0,19.05,18.9,,,,,19.175000000000004,,,,,,,,,,,31.32489673024408,34.6540692406326,31.32489673024408,34.6540692406326,42.73026567142747,37.6947470311344,42.73026567142747,37.6947470311344,96,101,96,101,-1,4,-1,4,-1,4,-1,4,96,101,96,101,-0.05514280658095392,,,,,,,,,0,0,0,0,52,48,-52,-48,32.50719158977806,20.38075020083503,12.126441388943029,,,19.150000000000002,19.200000000000003,19.150000000000002,19.200000000000003,-0.0000010943587206591583,-0.00004456783079111065,,,,
1785823920,19.150000000000002,19.150000000000002,19.1,19.1,0,0,0,0,0,0,19.05,18.9,,,,,19.125,,,,,,,,,,,31.18824444278967,34.158951412369326,31.18824444278967,34.158951412369326,45.80961547346859,41.7521812523015,45.80961547346859,41.7521812523015,96,101,96,101,-1,4,-1,4,-1,4,-1,4,96,101,96,101,-0.05124004200440683,,,,,,,,,0,0,0,0,52,48,-52,-48,29.556706804602328,25.11918934547326,4.437517459129069,,,19.150000000000002,19.150000000000002,19.1,19.1,0.000005018854153332709,-0.000032620336177194165,,,,
1785893400,19.150000000000002,19.200000000000003,19.09,19.200000000000003,0,0,0,0,0,0,19.05,18.9,,,,,19.175000000000004,,,,,,,,,,,31.901689167464365,33.8364853773829,31.901689167464365,33.8364853773829,50.08171122215684,45.91694623722917,50.08171122215684,45.91694623722917,96,101,96,101,-1,4,-1,4,-1,4,-1,4,96,101,96,101,-0.038847969548067456,,,,,,,,,0,0,0,0,52,48,-52,-48,33.7378046141988,29.819890820909336,3.9179137932894648,,,19.150000000000002,19.200000000000003,19.09,19.200000000000003,0.000017603920597137612,-0.000019349428298472667,,,,
1785893400.001,19.200000000000003,19.250000000000004,19.200000000000003,19.250000000000004,0,0,0,0,0,0,19.05,18.9,,,,,19.225,,,,,,,,,,,32.98434162188919,33.714750555169516,32.98434162188919,33.714750555169516,55.85235111559036,50.88464867640977,55.85235111559036,50.88464867640977,96,101,96,101,-1,4,-1,4,-1,4,-1,4,96,101,96,101,-0.005614670038587208,,,,,,,,,0,0,0,0,52,48,-52,-48,43.23785135726083,34.75988859146001,8.477962765800818,,,19.200000000000003,19.250000000000004,19.200000000000003,19.250000000000004,0.00003315035933088574,-0.0000036087405190980453,,,,
1785893400.002,19.25,19.3,19.25,19.3,0,0,0,0,0,0,19.05,18.9,,,,,19.275,,,,,,,,,,,34.40982982536768,33.81404759376925,34.40982982536768,33.81404759376925,61.524237464156826,56.2044430702833,61.524237464156826,56.2044430702833,96,101,96,101,-1,4,-1,4,-1,4,-1,4,96,101,96,101,0.025444926846729696,,,,,,,,,0,0,0,0,52,48,-52,-48,50.52288364233516,39.26381160459928,11.259072037735876,,,19.25,19.3,19.25,19.3,0.000057204593943868734,0.000013715591890028331,,,,
1785893640,19.3,19.35,19.3,19.35,0,0,0,0,0,0,19.05,18.9,,,,,19.325000000000003,,,,,,,,,,,36.15366551011032,34.148278724675116,36.15366551011032,34.148278724675116,66.44934639784871,61.326894734066,66.44934639784871,61.326894734066,96,101,96,101,-1,4,-1,4,-1,4,-1,4,96,101,96,101,0.05531492128369503,,,,,,,,,0,0,0,0,52,48,-52,-48,55.939278199375096,45.85945445329248,10.079823746082617,,,19.3,19.35,19.3,19.35,0.00008467140707912384,0.000032759129397281575,,,,
1785893880,19.35,19.400000000000002,19.35,19.400000000000002,0,0,0,0,0,0,19.05,18.9,,,,,19.375,,,,,,,,,,,38.19310957031252,34.726111702623314,38.19310957031252,34.726111702623314,70.72281639296125,66.02485556351363,70.72281639296125,66.02485556351363,96,101,96,101,-1,4,-1,4,-1,4,-1,4,96,101,96,101,0.07720608498031682,,,,,,,,,0,0,0,0,52,48,-52,-48,60.179464810653066,52.46986950240604,7.7095953082470245,,,19.35,19.400000000000002,19.35,19.400000000000002,0.00011323831801177075,0.000051814575519353225,,,,
1785893880.001,19.400000000000002,19.450000000000003,19.400000000000002,19.450000000000003,0,0,0,0,0,0,19.05,18.9,,,,,19.425000000000004,,,,,,,,,,,40.5070471220129,35.55195961967897,40.5070471220129,35.55195961967897,74.42908071777632,70.22696814064497,74.42908071777632,70.22696814064497,96,101,96,101,-1,4,-1,4,-1,4,-1,4,96,101,96,101,0.09614176031795163,,,,,,,,,0,0,0,0,52,48,-52,-48,63.19266331270132,57.45857249126617,5.734090821435153,,,19.400000000000002,19.450000000000003,19.400000000000002,19.450000000000003,0.00014329817819324446,0.00007486112952600518,,,,
1785893880.002,19.450000000000003,19.500000000000004,19.450000000000003,19.500000000000004,0,0,0,0,0,0,19.05,18.9,,,,,19.475,,,,,,,,,,,43.075871487247284,36.62680417218873,43.075871487247284,36.62680417218873,77.64250874710498,73.93473844387498,77.64250874710498,73.93473844387498,96,101,96,101,-1,4,-1,4,-1,4,-1,4,96,101,96,101,0.12038329119006869,,,,,,,,,0,0,0,0,52,48,-52,-48,65.29326836674815,61.15116867236941,4.142099694378743,,,19.450000000000003,19.500000000000004,19.450000000000003,19.500000000000004,0.00017415777614287133,0.00010095343878362747,,,,
1785893880.003,19.5,19.55,19.5,19.55,0,0,0,0,0,0,19.05,18.9,,,,,19.525,,,,,,,,,,,45.88137646504894,37.94888592831161,45.88137646504894,37.94888592831161,80.42827280364101,77.181505623758,80.42827280364101,77.181505623758,96,101,96,101,-1,4,-1,4,-1,4,-1,4,96,101,96,101,0.14593433216663576,,,,,,,,,0,0,0,0,52,48,-52,-48,66.83120136561963,63.87414946393054,2.9570519016890913,,,19.5,19.55,19.5,19.55,0.00020840739405024916,0.00013016294457018806,,,,
1785893880.004,19.55,19.6,19.55,19.6,0,0,0,0,0,0,19.05,18.9,,,,,19.575000000000003,,,,,,,,,,,48.90665629737737,39.51428169532101,48.90665629737737,39.51428169532101,82.84328145073992,80.01239353724895,82.84328145073992,80.01239353724895,96,101,96,101,-1,4,-1,4,-1,4,-1,4,96,101,96,101,0.16247973173137065,,,,,,,,,0,0,0,0,52,48,-52,-48,67.82317592997062,65.78507724375993,2.038098686210688,,,19.55,19.6,19.55,19.6,0.00024871595078565463,0.00016208150404381903,,,,
1785894360,19.6,19.650000000000002,19.6,19.650000000000002,0,0,0,0,0,0,19.05,18.9,,,,,19.625,,,,,,,,,,,52.1360127803378,41.31738613603769,52.1360127803378,41.31738613603769,84.93709838634851,82.47474596179873,84.93709838634851,82.47474596179873,96,101,96,101,-1,4,-1,4,-1,4,-1,4,96,101,96,101,0.17494359833717615,,,,,,,,,0,0,0,0,52,48,-52,-48,68.42411586603848,67.09294038209421,1.3311754839442642,,,19.6,19.650000000000002,19.6,19.650000000000002,0.0002846012763924547,0.00019540314892937418,,,,
1785894360.001,19.650000000000002,19.700000000000003,19.650000000000002,19.700000000000003,0,0,0,0,0,0,19.05,18.9,,,,,19.675000000000004,,,,,,,,,,,55.55486901031367,43.35131226093426,55.55486901031367,43.35131226093426,86.7528070202315,84.61377649101512,86.7528070202315,84.61377649101512,96,101,96,101,-1,4,-1,4,-1,4,-1,4,96,101,96,101,0.19310612752685063,,,,,,,,,0,0,0,0,52,48,-52,-48,68.7489966356609,67.9568724493224,0.7921241863384978,,,19.650000000000002,19.700000000000003,19.650000000000002,19.700000000000003,0.00031721611911961976,0.00022939944911401567,,,,
1785894840,19.700000000000003,19.750000000000004,19.700000000000003,19.750000000000004,0,0,0,0,0,0,19.05,18.9,,,,,19.725,,,,,,,,,,,58.7295212238627,45.54819925563832,58.7295212238627,45.54819925563832,88.32780284273812,86.47078966687661,88.32780284273812,86.47078966687661,96,101,96,101,-1,4,-1,4,-1,4,-1,4,96,101,96,101,0.21584336255105152,,,,,,,,,0,0,0,0,52,48,-52,-48,68.37529855213971,68.34289674595243,0.03240180618728061,,,19.700000000000003,19.750000000000004,19.700000000000003,19.750000000000004,0.000352307573732472,0.0002642343483705536,,,,
1785894840.001,19.75,19.8,19.75,19.8,0,0,0,0,0,0,19.05,18.9,,,,,19.775,,,,,,,,,,,61.67741256501536,47.852372585549325,61.67741256501536,47.852372585549325,89.69450769979058,88.08264868333359,89.69450769979058,88.08264868333359,96,101,96,101,-1,4,-1,4,-1,4,-1,4,96,101,96,101,0.23933242854410497,,,,,,,,,0,0,0,0,52,48,-52,-48,67.77045811003077,68.32971729096747,-0.5592591809366922,68.32971729096747,68.32971729096747,19.75,19.8,19.75,19.8,0.0003875984554321068,0.00029980779491875953,,,,
1785895080,19.8,19.85,19.8,19.85,0,0,0,0,0,0,19.05,18.9,,,,,19.825000000000003,,,,,,,,,,,64.41474023894283,50.218425107462686,64.41474023894283,50.218425107462686,90.8810065998205,89.48182764157704,90.8810065998205,89.48182764157704,96,101,96,101,-1,4,-1,4,-1,4,-1,4,96,101,96,101,0.25812911063517685,,,,,,,,,0,0,0,0,52,48,-52,-48,67.10857893148946,68.00083305733021,-0.8922541258407506,,,19.8,19.85,19.8,19.85,0.0004251220182683858,0.00033592689895511565,,,,
1785895080.001,19.85,19.900000000000002,19.85,19.900000000000002,0,0,0,0,0,0,19.05,18.9,,,,,19.875,,,,,,,,,,,66.95654450758977,52.609585021766556,66.95654450758977,52.609585021766556,91.91161109916587,90.69671937037145,91.91161109916587,90.69671937037145,96,101,96,101,-1,4,-1,4,-1,4,-1,4,96,101,96,101,0.27523342385136657,,,,,,,,,0,0,0,0,52,48,-52,-48,66.55579085395995,67.45253161190497,-0.8967407579450253,,,19.85,19.900000000000002,19.85,19.900000000000002,0.0004592397561399379,0.00037101419984749616,,,,
1785895320,19.900000000000002,19.950000000000003,19.900000000000002,19.950000000000003,0,0,0,0,0,0,19.05,18.9,,,,,19.925000000000004,,,,,,,,,,,69.31679132847621,54.99632877986794,69.31679132847621,54.99632877986794,92.8073549681162,91.75203716924383,92.8073549681162,91.75203716924383,96,101,96,101,-1,4,-1,4,-1,4,-1,4,96,101,96,101,0.29540701129626773,,,,,,,,,0,0,0,0,52,48,-52,-48,66.14424450269024,66.8947680995426,-0.7505235968523607,,,19.900000000000002,19.950000000000003,19.900000000000002,19.950000000000003,0.0004927151984823268,0.0004056998535291415,,,,
1785895560,19.950000000000003,20.000000000000004,19.950000000000003,20.000000000000004,0,0,0,0,0,0,19.05,18.9,,,,,19.975,,,,,,,,,,,71.50844909072791,57.35520310999079,71.50844909072791,57.35520310999079,93.58642848198781,92.66923282561582,93.58642848198781,92.66923282561582,96,101,96,101,-1,4,-1,4,-1,4,-1,4,96,101,96,101,0.31390874473474756,,,,,,,,,0,0,0,0,52,48,-52,-48,65.86921175194723,66.41945651002172,-0.5502447580744843,,,19.950000000000003,20.000000000000004,19.950000000000003,20.000000000000004,0.0005244872572955081,0.0004402450432251229,,,,
1785896520,20,20.05,19.92,20.05,0,0,0,0,0,0,19.05,18.9,,,,,20.025,,,,,,,,,,,73.54355986996163,59.667825504272336,73.54355986996163,59.667825504272336,94.07408155598958,93.3716571908027,94.07408155598958,93.3716571908027,96,101,96,101,-1,4,-1,4,-1,4,-1,4,96,101,96,101,0.3233468363202511,,,,,,,,,1,0,0,0,52,48,-52,-48,64.83626539737087,65.85137812649208,-1.0151127291212134,,,20,20.05,19.92,20.05,0.0005568935241872757,0.0004743427016342568,,,,
1785896520.001,20.05,20.1,20.05,20.1,0,0,0,0,0,0,19.05,18.9,,,,,20.075000000000003,,,,,,,,,,,75.4333055935358,61.92003694559569,75.4333055935358,61.92003694559569,94.69206990513393,94.03186354796831,94.69206990513393,94.03186354796831,96,101,96,101,-1,4,-1,4,-1,4,-1,4,96,101,96,101,0.33258437634778215,,,,,,,,,0,0,0,0,52,48,-52,-48,66.34897198951899,65.79967341038184,0.5492985791371439,65.79967341038184,65.79967341038184,20.05,20.1,20.05,20.1,0.0005888235278605703,0.0005078802137056675,,,,
1785896520.002,20.1,20.150000000000002,20.1,20.150000000000002,0,0,0,0,0,0,19.05,18.9,,,,,20.125,,,,,,,,,,,77.18806947971181,64.10118445046943,77.18806947971181,64.10118445046943,95.23056541319173,94.63121448058001,95.23056541319173,94.63121448058001,96,101,96,101,-1,4,-1,4,-1,4,-1,4,96,101,96,101,0.337038015024677,,,,,,,,,0,0,0,0,52,48,-52,-48,66.8077928341362,65.96556049324333,0.8422323408928634,,,20.1,20.150000000000002,20.1,20.150000000000002,0.0006219295519618019,0.0005406814693212368,,,,
1785899400,20.150000000000002,20.200000000000003,20.08,20.200000000000003,0,0,0,0,0,0,19.05,18.9,,,,,20.175000000000004,,,,,,,,,,,78.81749308830383,66.20351425587435,78.81749308830383,66.20351425587435,95.53828683768083,95.08475065913042,95.53828683768083,95.08475065913042,96,101,96,101,-1,4,-1,4,-1,4,-1,4,96,101,96,101,0.3275962754839761,,,,,,,,,0,0,0,0,52,48,-52,-48,66.22321290110105,66.05406078053178,0.1691521205692652,,,20.150000000000002,20.200000000000003,20.08,20.200000000000003,0.0006536127256084814,0.0005730769642326607,,,,
1785906000,20.200000000000003,20.250000000000004,20.200000000000003,20.250000000000004,0,0,0,0,0,0,19.05,18.9,,,,,20.225,,,,,,,,,,,80.33052929628214,68.22165926164689,80.33052929628214,68.22165926164689,95.96403422065765,95.52439243989403,95.96403422065765,95.52439243989403,96,101,96,101,-1,4,-1,4,-1,4,-1,4,96,101,96,101,0.32572880227692325,,,,,,,,,0,0,0,0,52,48,-52,-48,67.37555895693686,66.68888417042328,0.6866747865135778,,,20.200000000000003,20.250000000000004,20.200000000000003,20.250000000000004,0.000684393236969479,0.0006050233039805194,,,,
1785906000.001,20.25,20.3,20.25,20.3,0,0,0,0,0,0,19.05,18.9,,,,,20.275,,,,,,,,,,,81.73549148940484,70.15220672275517,81.73549148940484,70.15220672275517,96.33651912791065,95.93045578390235,96.33651912791065,95.93045578390235,96,101,96,101,-1,4,-1,4,-1,4,-1,4,96,101,96,101,0.3388692087646285,,,,,,,,,0,0,0,0,52,48,-52,-48,68.10650829273403,67.12826824622704,0.9782400465069969,,,20.25,20.3,20.25,20.3,0.0007140935798942567,0.0006366243577469775,,,,
1785906240,20.25,20.25,20.2,20.2,0,0,0,0,0,0,19.05,18.9,,,,,20.225,,,,,,,,,,,82.54748840272319,71.92296124846487,82.54748840272319,71.92296124846487,96.01331269164827,95.9718842377753,96.01331269164827,95.9718842377753,96,101,96,101,-1,4,-1,4,-1,4,-1,4,96,101,96,101,0.32865524349590053,,,,,,,,,0,0,0,0,52,48,-52,-48,62.53980933636232,66.06127237178357,-3.521463035421256,66.06127237178357,66.06127237178357,20.25,20.25,20.2,20.2,0.0007262144433106627,0.0006648445109342086,,,,
1785906720,20.25,20.3,20.25,20.3,0,0,0,0,0,0,19.05,18.9,,,,,20.275,,,,,,,,,,,83.79409637395725,73.61883769496379,83.79409637395725,73.61883769496379,96.36305923020402,96.16747173398966,96.36305923020402,96.16747173398966,96,101,96,101,-1,4,-1,4,-1,4,-1,4,96,101,96,101,0.3209218079146551,0.3209218079146551,,0.3209218079146551,,,,,,0,0,0,0,52,48,-52,-48,61.852874459568895,64.96868776140053,-3.1158133018316363,,,20.25,20.3,20.25,20.3,0.0007451352904616583,0.0006908964713677234,,,,
1785906720.001,20.3,20.35,20.3,20.35,0,0,0,0,0,0,19.05,18.9,,,,,20.325000000000003,,,,,,,,,,,84.95166091867459,75.23781244120819,84.95166091867459,75.23781244120819,96.67098198567751,96.41922685983359,96.67098198567751,96.41922685983359,96,101,96,101,-1,4,-1,4,-1,4,-1,4,96,101,96,101,0.3308870594765201,,,,,,,,,0,0,0,0,52,48,-52,-48,62.6846788274867,63.795967729038,-1.1112889015512977,,,20.3,20.35,20.3,20.35,0.0007658706181338371,0.0007148866490630625,,,,
1785907920,20.35,20.400000000000002,20.35,20.400000000000002,0,0,0,0,0,0,19.05,18.9,,,,,20.375,,,,,,,,,,,86.02654228162642,76.77905956126794,86.02654228162642,76.77905956126794,96.94247435507053,96.68085060745206,96.94247435507053,96.68085060745206,96,101,96,101,-1,4,-1,4,-1,4,-1,4,96,101,96,101,0.3395972439542565,,,,,,,,,0,0,1,0,52,48,-52,-48,64.07722879561328,62.78864785475779,1.2885809408554891,62.78864785475779,62.78864785475779,20.35,20.400000000000002,20.35,20.400000000000002,0.0007869381357475386,0.0007371075507529054,,,,
1785907920.001,20.400000000000002,20.450000000000003,20.400000000000002,20.450000000000003,0,0,0,0,0,0,19.05,18.9,,,,,20.425000000000004,,,,,,,,,,,87.0246464043674,78.24271482456787,87.0246464043674,78.24271482456787,97.18221939794223,96.93153500269715,97.18221939794223,96.93153500269715,96,101,96,101,-1,4,-1,4,-1,4,-1,4,96,101,96,101,0.35188920109729943,,,,,,,,,0,0,0,0,52,48,-52,-48,65.50379729963215,63.529644845575255,1.9741524540568989,,,20.400000000000002,20.450000000000003,20.400000000000002,20.450000000000003,0.0008081802026362603,0.000757738711697369,,,,
1785908880,20.450000000000003,20.500000000000004,20.450000000000003,20.500000000000004,0,0,0,0,0,0,19.05,18.9,,,,,20.475,,,,,,,,,,,87.95145737548401,79.62967804612731,87.95145737548401,79.62967804612731,97.3942832934743,97.16290914808573,97.3942832934743,97.16290914808573,96,101,96,101,-1,4,-1,4,-1,4,-1,4,96,101,96,101,0.36640269222587013,,,,,,,,,1,0,0,0,52,48,-52,-48,66.8227702001703,64.7721187807256,2.0506514194446908,,,20.450000000000003,20.500000000000004,20.450000000000003,20.500000000000004,0.0008297225097000529,0.000777010199998335,,,,
1785908880.001,20.5,20.55,20.5,20.55,0,0,0,0,0,0,19.05,18.9,,,,,20.525,,,,,,,,,,,88.81206756294944,80.9414479771019,88.81206756294944,80.9414479771019,97.5760523467875,97.36948074743663,97.5760523467875,97.36948074743663,96,101,96,101,-1,4,-1,4,-1,4,-1,4,96,101,96,101,0.38051917385589795,,,,,0.38051917385589795,,0.38051917385589795,,0,0,0,0,52,48,-52,-48,67.82949343877644,66.05832243354803,1.7711710052284104,,,20.5,20.55,20.5,20.55,0.0008520512425058446,0.0007979829998641985,,,,
1785909840,20.5,20.5,20.45,20.45,0,0,0,0,0,0,19.05,18.9,,,,,20.475,,,,,,,,,,,89.19103752694043,82.11996076993599,89.19103752694043,82.11996076993599,97.13955171799006,97.25451623271334,97.13955171799006,97.25451623271334,96,101,96,101,-1,4,-1,4,-1,4,-1,4,96,101,96,101,0.3713568468908627,,,,,,,,,0,0,0,0,52,48,-52,-48,62.072662500768715,65.55718085983689,-3.4845183590681756,65.55718085983689,65.55718085983689,20.5,20.5,20.45,20.45,0.000857409401485745,0.0008166953517015463,,,,
1785909840.001,20.450000000000003,20.450000000000003,20.400000000000002,20.400000000000002,0,0,0,0,0,0,19.05,18.9,,,,,20.425000000000004,,,,,,,,,,,89.33285417417578,83.15037411339881,89.33285417417578,83.15037411339881,96.27617153127133,96.76534388199234,96.27617153127133,96.76534388199234,96,101,96,101,-1,4,-1,4,-1,4,-1,4,96,101,96,101,0.34200679005211815,,,,,,,,,0,0,0,0,52,48,-52,-48,51.63876088738428,62.09092175677492,-10.452160869390639,,,20.450000000000003,20.450000000000003,20.400000000000002,20.400000000000002,0.0008543128699128739,0.0008314357269980525,,,,
1785910560,20.400000000000002,20.400000000000002,20.35,20.35,0,0,0,0,0,0,19.05,18.9,,,,,20.375,,,,,,,,,,,89.25445702728086,84.0223859582391,89.25445702728086,84.0223859582391,95.04689458062009,95.9061192313062,95.04689458062009,95.9061192313062,96,101,96,101,-1,4,-1,4,-1,4,-1,4,96,101,96,101,0.31276977118723454,,,,,,,,,0,0,0,0,52,48,-52,-48,36.05799587277615,54.39972817492639,-18.34173230215024,,,20.400000000000002,20.400000000000002,20.35,20.35,0.0008428398463075511,0.0008407526787580546,,,,
1785911520,20.400000000000002,20.450000000000003,20.34,20.450000000000003,0,0,0,0,0,0,19.05,18.9,,,,,20.425000000000004,,,,,,,,,,,89.60182774381963,84.81944907046488,89.60182774381963,84.81944907046488,94.4628959419014,95.1845075866038,94.4628959419014,95.1845075866038,96,101,96,101,-1,4,-1,4,-1,4,-1,4,96,101,96,101,0.3030936425488673,0.3030936425488673,,0.3030936425488673,,,,,,0,0,1,0,52,48,-52,-48,31.46069517073535,45.30752860791611,-13.846833437180763,,,20.400000000000002,20.450000000000003,20.34,20.450000000000003,0.0008411060058403161,0.0008462403126253972,0.0008411060058403161,20.450000000000003,,
1785979800,20.450000000000003,20.500000000000004,20.450000000000003,20.500000000000004,0,0,0,0,0,0,20.500000000000004,20.34,,,,,20.475,,,,,,,,,,,90.13447029993337,85.5787378175318,90.13447029993337,85.5787378175318,94.51317006660335,94.84883882660358,94.51317006660335,94.84883882660358,96,101,96,101,-1,4,-1,4,-1,4,-1,4,96,101,96,101,0.31289774584300056,,,,,,,,,0,0,0,0,52,48,-52,-48,37.94044447735708,39.27447410206321,-1.334029624706126,,,20.450000000000003,20.500000000000004,20.450000000000003,20.500000000000004,0.000843003411527616,0.0008484537962633244,,,,
1785979800.001,20.5,20.55,20.5,20.55,0,0,0,0,0,0,20.55,20.34,,,,,20.525,,,,,,,,,,,90.83915099279527,86.33022541399801,90.83915099279527,86.33022541399801,95.07722269445122,94.9630307605274,95.07722269445122,94.9630307605274,96,101,96,101,-1,4,-1,4,-1,4,-1,4,96,101,96,101,0.32658621166604684,,,,,,,,,0,0,0,0,52,48,-52,-48,45.6186183324651,37.769438463333415,7.849179869131682,37.769438463333415,37.769438463333415,20.5,20.55,20.5,20.55,0.0008487280709879708,0.0008478999343436789,,,,
1785979800.002,20.55,20.6,20.55,20.6,0,0,0,0,0,0,20.55,20.34,,,,,20.575000000000003,,,,,,,,,,,91.49349735045276,87.06783569063441,91.49349735045276,87.06783569063441,95.56069637546369,95.26186356799555,95.56069637546369,95.26186356799555,96,101,96,101,-1,4,-1,4,-1,4,-1,4,96,101,96,101,0.33953422591507665,,,,,,,,,0,0,0,0,52,48,-52,-48,52.915412357321095,41.98379258446965,10.931619772851448,,,20.55,20.6,20.55,20.6,0.0008579853406809937,0.0008479959242095537,,,,
1785979800.003,20.6,20.650000000000002,20.6,20.650000000000002,0,0,0,0,0,0,20.55,20.34,,,,,20.625,,,,,,,,,,,92.10110468256327,87.78687411805281,92.10110468256327,87.78687411805281,95.97510238776009,95.61848297787782,95.97510238776009,95.61848297787782,96,101,96,101,-1,4,-1,4,-1,4,-1,4,96,101,96,101,0.35135430908246784,,,,,,,,,1,0,0,0,52,48,-52,-48,58.59913492662106,48.768402523441075,9.830732403179987,,,20.6,20.650000000000002,20.6,20.650000000000002,0.0008717896046197004,0.0008509087133273581,,,,
1785979800.004,20.650000000000002,20.700000000000003,20.650000000000002,20.700000000000003,0,0,0,0,0,0,20.55,20.34,,,,,20.675000000000004,,,,,,,,,,,92.66531149095161,88.48379374275262,92.66531149095161,88.48379374275262,96.330307541157,95.97439525951741,96.330307541157,95.97439525951741,96,101,96,101,-1,4,-1,4,-1,4,-1,4,96,101,96,101,0.362301656305968,,,,,,,,,0,0,0,0,52,48,-52,-48,62.775604560385574,54.9771925441982,7.7984120161873705,,,20.650000000000002,20.700000000000003,20.650000000000002,20.700000000000003,0.0008826109747395973,0.0008575372347326991,,,,
1785979800.005,20.700000000000003,20.750000000000004,20.700000000000003,20.750000000000004,0,0,0,0,0,0,20.55,20.34,,,,,20.725,,,,,,,,,,,93.1892178130265,89.15599718136319,93.1892178130265,89.15599718136319,96.6347691012115,96.30458218036446,96.6347691012115,96.30458218036446,96,101,96,101,-1,4,-1,4,-1,4,-1,4,96,101,96,101,0.3729494972805337,,,,,,,,,0,0,0,0,52,48,-52,-48,65.71937213636014,60.00238099517196,5.716991141188174,,,20.700000000000003,20.750000000000004,20.700000000000003,20.750000000000004,0.0008982520317673604,0.0008670615723872065,,,,
1785979800.006,20.75,20.8,20.75,20.8,0,0,0,0,0,0,20.55,20.34,,,,,20.775,,,,,,,,,,,93.67570225495318,89.80166933473319,93.67570225495318,89.80166933473319,96.8957361526868,96.60015916652563,96.8957361526868,96.60015916652563,96,101,96,101,-1,4,-1,4,-1,4,-1,4,96,101,96,101,0.38367583837045527,,,,,,,,,0,0,0,0,52,48,-52,-48,67.0675317229752,63.54041083658549,3.527120886389717,,,20.75,20.8,20.75,20.8,0.0009169984946871933,0.000879394086247136,,,,
1785979800.007,20.8,20.85,20.8,20.85,0,0,0,0,0,0,20.55,20.34,,,,,20.825000000000003,,,,,,,,,,,94.12743780817081,90.41963625950999,94.12743780817081,90.41963625950999,97.11942219680847,96.85979068166705,97.11942219680847,96.85979068166705,96,101,96,101,-1,4,-1,4,-1,4,-1,4,96,101,96,101,0.3938152204291604,,,,,,,,,0,0,0,0,52,48,-52,-48,67.60959274916597,65.79302529222171,1.8165674569442558,,,20.8,20.85,20.8,20.85,0.0009388984338655623,0.000894422480060068,,,,
1785979800.008,20.85,20.900000000000002,20.85,20.900000000000002,0,0,0,0,0,0,20.55,20.34,,,,,20.875,,,,,,,,,,,94.54690653615862,91.00924629903123,94.54690653615862,91.00924629903123,97.31115309176991,97.08547188671848,97.31115309176991,97.08547188671848,96,101,96,101,-1,4,-1,4,-1,4,-1,4,96,101,96,101,0.41375538793495314,,,,,,,,,0,0,0,0,52,48,-52,-48,67.7468821236415,67.03584468303569,0.7110374406058071,,,20.85,20.900000000000002,20.85,20.900000000000002,0.0009637337713317329,0.0009120472185018577,,,,
1785980280,20.900000000000002,20.950000000000003,20.900000000000002,20.950000000000003,0,0,0,0,0,0,20.55,20.34,,,,,20.925000000000004,,,,,,,,,,,94.93641321214729,91.57027014376209,94.93641321214729,91.57027014376209,97.4754938588797,97.2804828727991,97.4754938588797,97.2804828727991,96,101,96,101,-1,4,-1,4,-1,4,-1,4,96,101,96,101,0.42782082031035945,,,,,0.42782082031035945,,0.42782082031035945,,0,0,0,0,52,48,-52,-48,67.69192974574568,67.52898408538208,0.16294566036360436,,,20.900000000000002,20.950000000000003,20.900000000000002,20.950000000000003,0.0009923880202157718,0.0009321469544345362,,,,
1785980520,20.900000000000002,20.900000000000002,20.85,20.85,0,0,0,0,0,0,20.55,20.34,,,,,20.875,,,,,,,,,,,94.95796192828642,92.05422611297986,94.95796192828642,92.05422611297986,96.92185187903976,97.10116737591943,96.92185187903976,97.10116737591943,96,101,96,101,-1,4,-1,4,-1,4,-1,4,96,101,96,101,0.4007807342046077,,,,,,,,,0,0,0,0,52,48,-52,-48,60.55614224192855,65.9011367151204,-5.3449944731918535,65.9011367151204,65.9011367151204,20.900000000000002,20.900000000000002,20.85,20.85,0.0010039032012186125,0.0009523623255143721,,,,
1785980760,20.85,20.85,20.8,20.8,0,0,0,0,0,0,20.55,20.34,,,,,20.825000000000003,,,,,,,,,,,94.80790342320472,92.44760858586913,94.80790342320472,92.44760858586913,95.81396827727215,96.45756782659579,95.81396827727215,96.45756782659579,96,101,96,101,-1,4,-1,4,-1,4,-1,4,96,101,96,101,0.3470569172057576,,,,,,,,,0,0,0,0,52,48,-52,-48,48.32599767400012,61.08023794632895,-12.754240272328829,,,20.85,20.85,20.8,20.8,0.0010025112370998465,0.000969738859736453,,,,
1785981240,20.8,20.8,20.75,20.75,0,0,0,0,0,0,20.55,20.34,,,,,20.775,,,,,,,,,,,94.4819033529061,92.73822212401727,94.4819033529061,92.73822212401727,94.17594796436988,95.31675789548284,94.17594796436988,95.31675789548284,96,101,96,101,-1,4,-1,4,-1,4,-1,4,96,101,96,101,0.29780641498428906,,,,,,,,,0,0,0,0,52,48,-52,-48,32.348657917011906,52.23068189467155,-19.882023977659642,,,20.8,20.8,20.75,20.75,0.0009899184842438828,0.0009818921913292346,,,,
1785982200,20.8,20.85,20.8,20.85,0,0,0,0,0,0,20.55,20.34,,,,,20.825000000000003,,,,,,,,,,,94.52762105766367,92.9938505431096,94.52762105766367,92.9938505431096,93.44951383958976,94.3831358675363,93.44951383958976,94.3831358675363,96,101,96,101,-1,4,-1,4,-1,4,-1,4,96,101,96,101,0.2810846692082112,,,,,,,,,0,0,0,0,52,48,-52,-48,30.50160405026595,42.93310047080161,-12.431496420535662,,,20.8,20.85,20.8,20.85,0.0009836637101028685,0.000989353070702119,0.0009836637101028685,20.85,,
1785982200.001,20.85,20.900000000000002,20.85,20.900000000000002,0,0,0,0,0,0,20.900000000000002,20.75,,,,,20.875,,,,,,,,,,,94.74428923995598,93.24391321408766,94.74428923995598,93.24391321408766,93.43291662441027,93.90802624597328,93.43291662441027,93.90802624597328,96,101,96,101,-1,4,-1,4,-1,4,-1,4,96,101,96,101,0.28840574330947916,,,,,,,,,0,0,1,0,52,48,-52,-48,35.662715239665616,36.7097437202359,-1.0470284805702832,,,20.85,20.900000000000002,20.85,20.900000000000002,0.0009835729160720193,0.0009926595948255002,,,,
1785982680,20.900000000000002,20.950000000000003,20.900000000000002,20.950000000000003,0,0,0,0,0,0,20.950000000000003,20.75,,,,,20.925000000000004,,,,,,,,,,,95.11969715138768,93.51188234798765,95.11969715138768,93.51188234798765,94.09367888194944,94.00085256396136,94.09367888194944,94.00085256396136,96,101,96,101,-1,4,-1,4,-1,4,-1,4,96,101,96,101,0.2933395539996394,,,,,,,,,0,0,0,0,52,48,-52,-48,43.66690439036044,35.544970399325976,8.121933991034467,35.544970399325976,35.544970399325976,20.900000000000002,20.950000000000003,20.900000000000002,20.950000000000003,0.0009884410061978366,0.0009920017591558443,,,,
1785983400,20.900000000000002,20.900000000000002,20.85,20.85,0,0,0,0,0,0,20.950000000000003,20.75,,,,,20.875,,,,,,,,,,,95.10198984570249,93.73904056194692,95.10198984570249,93.73904056194692,93.8278690000621,93.91436078201173,93.8278690000621,93.91436078201173,96,101,96,101,-1,4,-1,4,-1,4,-1,4,96,101,96,101,0.26893733824739574,,,,,,,,,0,0,0,0,52,48,-52,-48,37.66073263230232,36.872989078148585,0.7877435541537352,,,20.900000000000002,20.900000000000002,20.85,20.85,0.0009787894833919745,0.0009878161395180712,,,,
1785983400.001,20.85,20.85,20.8,20.8,0,0,0,0,0,0,20.950000000000003,20.75,,,,,20.825000000000003,,,,,,,,,,,94.90239716441603,93.90523436229965,94.90239716441603,93.90523436229965,92.64610993656112,93.28023535928642,92.64610993656112,93.28023535928642,96,101,96,101,-1,4,-1,4,-1,4,-1,4,96,101,96,101,0.22503680874718787,,,,,,,,,0,0,0,0,52,48,-52,-48,23.144080689748026,35.0336082380191,-11.889527548271072,35.0336082380191,35.0336082380191,20.85,20.85,20.8,20.8,0.0009605639247708562,0.0009808249207965728,,,,
1785983640,20.8,20.8,20.75,20.75,0,0,0,0,0,0,20.950000000000003,20.75,,,,,20.775,,,,,,,,,,,94.53391092007129,93.99504529912417,94.53391092007129,93.99504529912417,90.74100063527895,92.01061799728268,90.74100063527895,92.01061799728268,96,101,96,101,-1,4,-1,4,-1,4,-1,4,96,101,96,101,0.19013967358289025,,,,,,,,,0,0,0,0,52,48,-52,-48,6.525632792581202,27.749337626247996,-21.223704833666794,,,20.8,20.8,20.75,20.75,0.000935238916855063,0.0009717116595651028,,,,
1785984360,20.75,20.75,20.7,20.7,0,0,0,0,0,0,20.950000000000003,20.75,,,,,20.725,,,,,,,,,,,94.00859493860098,93.99698096190657,94.00859493860098,93.99698096190657,88.28703174321114,90.14882487024691,88.28703174321114,90.14882487024691,96,101,96,101,-1,4,-1,4,-1,4,-1,4,96,101,96,101,0.15474314671627656,,,,,,,,,0,0,0,0,52,48,-52,-48,-8.449698703452498,14.720186852794761,-23.16988555624726,,,20.75,20.75,20.7,20.7,0.0009035392030685954,0.0009583575750593906,,,,
1785984360.001,20.700000000000003,20.700000000000003,20.650000000000002,20.650000000000002,0,0,0,0,0,0,20.950000000000003,20.75,,,,,20.675000000000004,,,,,,,,,,,93.33765134408551,93.90279101650357,93.33765134408551,93.90279101650357,84.62697958941908,87.387902229833,84.62697958941908,87.387902229833,96,101,96,101,-1,4,-1,4,-1,4,-1,4,96,101,96,101,0.12563676603218635,,,,,,,,,0,0,0,0,52,48,-52,-48,-21.7751555765594,-0.1387851994206688,-21.636370377138732,,,20.700000000000003,20.700000000000003,20.650000000000002,20.650000000000002,0.0008695613786003645,0.0009393556521474481,,,,
1785986040,20.650000000000002,20.650000000000002,20.6,20.6,0,0,0,0,0,0,20.950000000000003,20.75,,,,,20.625,,,,,,,,,,,92.49774391725234,93.70207000232483,92.49774391725234,93.70207000232483,80.53741107664499,83.962656653239,80.53741107664499,83.962656653239,96,101,96,101,-1,4,-1,4,-1,4,-1,4,96,101,96,101,0.10129467573741803,,,,,,,,,0,0,0,0,52,48,-52,-48,-32.27667224456571,-13.993973432999102,-18.282698811566608,,,20.650000000000002,20.650000000000002,20.6,20.6,0.0008339632543289605,0.0009136093601693021,,,,
1785986040.001,20.6,20.6,20.55,20.55,0,0,0,0,0,0,20.950000000000003,20.75,,,,,20.575000000000003,,,,,,,,,,,91.49752104144245,93.3871344364845,91.49752104144245,93.3871344364845,76.07968568474331,80.02117116899115,76.07968568474331,80.02117116899115,96,101,96,101,-1,4,-1,4,-1,4,-1,4,96,101,96,101,0.07072962292175168,,,,,,,,,0,0,0,0,52,48,-52,-48,-40.42768158722882,-25.732302027951608,-14.69537955927721,,,20.6,20.6,20.55,20.55,0.0007960139654935517,0.0008831467738528983,,,,
1785986040.002,20.55,20.55,20.5,20.5,0,0,0,0,0,0,20.950000000000003,20.75,,,,,20.525,,,,,,,,,,,90.37673036797537,92.95707671241176,90.37673036797537,92.95707671241176,70.72136323998403,75.3712672044876,70.72136323998403,75.3712672044876,96,101,96,101,-1,4,-1,4,-1,4,-1,4,96,101,96,101,0.04676490150348958,,,,,,,,,0,0,0,0,52,48,-52,-48,-46.70611414607074,-35.29640588860617,-11.409708257464573,,,20.55,20.55,20.5,20.5,0.000756026021582448,0.0008490571233214969,,,,
1785986760,20.55,20.6,20.55,20.6,0,0,0,0,0,0,20.950000000000003,20.75,,,,,20.575000000000003,,,,,,,,,,,89.72002074875748,92.49464014617544,89.72002074875748,92.49464014617544,66.7721575024039,71.07171235344575,66.7721575024039,71.07171235344575,96,101,96,101,-1,4,-1,4,-1,4,-1,4,96,101,96,101,0.04823809785665704,,,,,,,,,0,0,0,0,52,48,-52,-48,-44.20050282955265,-40.90274270185448,-3.2977601276981687,,,20.55,20.6,20.55,20.6,0.0007327267203661467,0.0008153050905733441,,,,
1785992880,20.55,20.55,20.5,20.5,0,0,0,0,0,0,20.950000000000003,20.75,,,,,20.525,,,,,,,,,,,88.72619438191074,91.95629075128048,88.72619438191074,91.95629075128048,61.44873453367639,66.26022344356107,61.44873453367639,66.26022344356107,96,101,96,101,-1,4,-1,4,-1,4,-1,4,96,101,96,101,0.03628510599199773,,,,,,,,,0,0,0,0,52,48,-52,-48,-47.003404974231174,-44.58442588427084,-2.418979089960331,,,20.55,20.55,20.5,20.5,0.000695689073143836,0.0007806634022525507,,,,
1785992880.001,20.5,20.5,20.45,20.45,0,0,0,0,0,0,20.950000000000003,20.75,,,,,20.475,,,,,,,,,,,87.49064988524364,91.31834205613237,87.49064988524364,91.31834205613237,55.71484037312773,60.9875319083444,55.71484037312773,60.9875319083444,96,101,96,101,-1,4,-1,4,-1,4,-1,4,96,101,96,101,0.0010274275373306583,,,,,,,,,0,0,0,0,52,48,-52,-48,-50.8744294856034,-47.196112858864495,-3.678316626738905,,,20.5,20.5,20.45,20.45,0.0006554702615143977,0.0007449815494048897,,,,
1785993120,20.450000000000003,20.450000000000003,20.400000000000002,20.400000000000002,0,0,0,0,0,0,20.950000000000003,20.75,,,,,20.425000000000004,,,,,,,,,,,86.07325052369264,90.56904326578385,86.07325052369264,90.56904326578385,49.62911376244675,55.30832283539557,49.62911376244675,55.30832283539557,96,101,96,101,-1,4,-1,4,-1,4,-1,4,96,101,96,101,-0.026932653581503277,,,,,,,,,0,0,0,0,52,48,-52,-48,-54.73048963198607,-49.20220673034332,-5.528282901642747,,,20.450000000000003,20.450000000000003,20.400000000000002,20.400000000000002,0.0006124909927975304,0.0007080695058163181,,,,
1785993360,20.400000000000002,20.400000000000002,20.35,20.35,0,0,0,0,0,0,20.950000000000003,20.75,,,,,20.375,,,,,,,,,,,84.47061574602627,89.6978393343899,84.47061574602627,89.6978393343899,43.24181648022378,49.27506965780968,43.24181648022378,49.27506965780968,96,101,96,101,-1,4,-1,4,-1,4,-1,4,96,101,96,101,-0.051071410440425805,,,,,,,,,0,0,0,0,52,48,-52,-48,-58.09212995968646,-52.67511351287678,-5.417016446809683,,,20.400000000000002,20.400000000000002,20.35,20.35,0.0005725704864785969,0.0006708289259804921,,,,
1785993360.001,20.35,20.35,20.3,20.3,0,0,0,0,0,0,20.950000000000003,20.75,,,,,20.325000000000003,,,,,,,,,,,82.67807176416726,88.69501539578667,82.67807176416726,88.69501539578667,37.50397456546653,43.3895221116381,37.50397456546653,43.3895221116381,96,101,96,101,-1,4,-1,4,-1,4,-1,4,96,101,96,101,-0.07826197585007874,,,,,,,,,0,0,0,0,52,48,-52,-48,-60.822321020116675,-56.12984252434815,-4.692478495768526,,,20.35,20.35,20.3,20.3,0.0005342952704866506,0.0006338738007978593,,,,
1785993360.002,20.3,20.3,20.25,20.25,0,0,0,0,0,0,20.950000000000003,20.75,,,,,20.275,,,,,,,,,,,80.68954590082811,87.55137689650688,80.68954590082811,87.55137689650688,32.55442717856314,37.971974645100616,32.55442717856314,37.971974645100616,96,101,96,101,-1,4,-1,4,-1,4,-1,4,96,101,96,101,-0.10222330768118856,,,,,,,,,0,0,0,0,52,48,-52,-48,-63.10563567312175,-59.187644071227744,-3.917991601894009,,,20.3,20.3,20.25,20.25,0.0004989968853441759,0.0005949188282941975,,,,
1785993840,20.3,20.35,20.3,20.35,0,0,0,0,0,0,20.950000000000003,20.75,,,,,20.325000000000003,,,,,,,,,,,79.2117211936261,86.35999751038105,79.2117211936261,86.35999751038105,29.53644778570721,33.75421121540391,29.53644778570721,33.75421121540391,96,101,96,101,-1,4,-1,4,-1,4,-1,4,96,101,96,101,-0.09474299189326757,,,,,,,,,0,0,0,0,52,48,-52,-48,-58.08916237003766,-60.02731225574064,1.9381498857029769,-60.02731225574064,-60.02731225574064,20.3,20.35,20.3,20.35,0.0004751646494076285,0.0005581647576714963,,,,
1785995280,20.35,20.400000000000002,20.35,20.400000000000002,0,0,0,0,0,0,20.950000000000003,20.75,,,,,20.375,,,,,,,,,,,77.98723864531291,85.1638891010856,77.98723864531291,85.1638891010856,27.970016469381733,30.862113842392823,27.970016469381733,30.862113842392823,96,101,96,101,-1,4,-1,4,-1,4,-1,4,96,101,96,101,-0.07498701226575386,,,,,,,,,0,0,0,0,52,48,-52,-48,-48.09109259511305,-57.52705291459729,9.435960319484245,,,20.35,20.400000000000002,20.35,20.400000000000002,0.00045983836913843776,0.000525559442275503,,,,
1785995760,20.400000000000002,20.450000000000003,20.400000000000002,20.450000000000003,0,0,0,0,0,0,20.950000000000003,20.75,,,,,20.425000000000004,,,,,,,,,,,77.00855833391302,83.99884184863238,77.00855833391302,83.99884184863238,27.64776921865378,29.254941530523304,27.64776921865378,29.254941530523304,96,101,96,101,-1,4,-1,4,-1,4,-1,4,96,101,96,101,-0.06314155759168608,,,,,,,,,0,0,0,0,52,48,-52,-48,-33.89368787657145,-50.79489462871098,16.90120675213953,,,20.400000000000002,20.450000000000003,20.400000000000002,20.450000000000003,0.00045230647592154466,0.000498862022796172,,,,
1785996480,20.400000000000002,20.400000000000002,20.35,20.35,0,0,0,0,0,0,20.950000000000003,20.75,,,,,20.375,,,,,,,,,,,75.47620099260176,82.7813217263423,75.47620099260176,82.7813217263423,26.14706749354006,27.70100451203168,26.14706749354006,27.70100451203168,96,101,96,101,-1,4,-1,4,-1,4,-1,4,96,101,96,101,-0.09117405749007362,,,,,,,,,0,0,0,0,52,48,-52,-48,-32.523224543098344,-43.14929184620513,10.626067303106787,,,20.400000000000002,20.400000000000002,20.35,20.35,0.00043673116273891917,0.0004762221355062257,,,,
1786066440,20.400000000000002,20.450000000000003,20.32,20.450000000000003,0,0,0,0,0,0,20.450000000000003,20.3,,,,,20.425000000000004,,,,,,,,,,,74.48064817444889,81.59551121892896,74.48064817444889,81.59551121892896,25.758710912830345,26.729857712431013,25.758710912830345,26.729857712431013,96,101,96,101,-1,4,-1,4,-1,4,-1,4,96,101,96,101,-0.10450509991040974,-0.10450509991040974,,-0.10450509991040974,,,,,,0,0,0,0,52,48,-52,-48,-24.091896495728548,-34.64997537762785,10.558078881899299,,,20.400000000000002,20.450000000000003,20.32,20.450000000000003,0.0004359661686300299,0.0004598339518634556,,,,
1786066440.001,20.450000000000003,20.500000000000004,20.450000000000003,20.500000000000004,0,0,0,0,0,0,20.450000000000003,20.3,,,,,20.475,,,,,,,,,,,73.73203044770254,80.47215682303947,73.73203044770254,80.47215682303947,26.772772619160765,26.751315165795887,26.772772619160765,26.751315165795887,96,101,96,101,-1,4,-1,4,-1,4,-1,4,96,101,96,101,-0.07680200330319982,,,,,,,,,0,0,0,0,52,48,-52,-48,-8.031756052957743,-24.635141242089023,16.60338518913128,,,20.450000000000003,20.500000000000004,20.450000000000003,20.500000000000004,0.0004433312742349254,0.0004505563500119139,,,,
1786066440.002,20.5,20.55,20.5,20.55,0,0,0,0,0,0,20.450000000000003,20.3,,,,,20.525,,,,,,,,,,,73.22736160619998,79.43718607777669,73.22736160619998,79.43718607777669,28.662376530709228,27.706845848252556,28.662376530709228,27.706845848252556,96,101,96,101,-1,4,-1,4,-1,4,-1,4,96,101,96,101,-0.04999490005640435,,,,,,,,,0,0,0,0,52,48,-52,-48,6.056909399418254,-14.647491923091598,20.704401322509852,,,20.5,20.55,20.5,20.55,0.0004528215454903744,0.0004468324993590382,,,,
1786066440.003,20.55,20.6,20.55,20.6,0,0,0,0,0,0,20.450000000000003,20.3,,,,,20.575000000000003,,,,,,,,,,,72.96577987656457,78.51269947760352,72.96577987656457,78.51269947760352,31.302445189587512,29.504645518920036,31.302445189587512,29.504645518920036,96,101,96,101,-1,4,-1,4,-1,4,-1,4,96,101,96,101,-0.02770067569697659,,,,,-0.02770067569697659,,-0.02770067569697659,,0,0,0,0,52,48,-52,-48,18.540824415581206,-1.8814796834217082,20.422304099002915,,,20.55,20.6,20.55,20.6,0.0004660827824608887,0.00044787323491278004,,,,
1786066680,20.55,20.55,20.5,20.5,0,0,0,0,0,0,20.450000000000003,20.3,,,,,20.525,,,,,,,,,,,71.97471767758915,77.57870207760148,71.97471767758915,77.57870207760148,32.34087138699335,30.922758452956693,32.34087138699335,30.922758452956693,96,101,96,101,-1,4,-1,4,-1,4,-1,4,96,101,96,101,-0.04586939500443604,,,,,,,,,0,0,0,0,52,48,-52,-48,19.43150919449668,8.9993717391346,10.43213745536208,,,20.55,20.55,20.5,20.5,0.000471812218934255,0.000451124192081565,,,,
1786066920,20.5,20.5,20.45,20.45,0,0,0,0,0,0,20.450000000000003,20.3,,,,,20.475,,,,,,,,,,,70.57516301354364,76.57819649702178,70.57516301354364,76.57819649702178,32.21054282150446,31.566650637230577,32.21054282150446,31.566650637230577,96,101,96,101,-1,4,-1,4,-1,4,-1,4,96,101,96,101,-0.08172461742443701,,,,,,,,,0,0,0,0,52,48,-52,-48,12.701436667833958,14.182669919332524,-1.4812332514985656,14.182669919332524,14.182669919332524,20.5,20.5,20.45,20.45,0.0004695490758545219,0.0004565938442674989,,,,
1786066920.001,20.450000000000003,20.450000000000003,20.400000000000002,20.400000000000002,0,0,0,0,0,0,20.450000000000003,20.3,,,,,20.425000000000004,,,,,,,,,,,68.8627900659743,75.47599557830071,68.8627900659743,75.47599557830071,31.078424459248744,31.32253754823966,31.078424459248744,31.32253754823966,96,101,96,101,-1,4,-1,4,-1,4,-1,4,96,101,96,101,-0.1045546986609644,-0.1045546986609644,,-0.1045546986609644,,,,,,0,0,0,0,52,48,-52,-48,1.3453053614849644,13.0047689098492,-11.659463548364236,,,20.450000000000003,20.450000000000003,20.400000000000002,20.400000000000002,0.00046055153881221546,0.00046069140596452984,0.00046055153881221546,20.450000000000003,,
1786067160,20.450000000000003,20.500000000000004,20.450000000000003,20.500000000000004,0,0,0,0,0,0,20.450000000000003,20.3,,,,,20.475,,,,,,,,,,,67.96621074780832,74.40316917394466,67.96621074780832,74.40316917394466,31.33252708751939,31.327532317879523,31.33252708751939,31.327532317879523,96,101,96,101,-1,4,-1,4,-1,4,-1,4,96,101,96,101,-0.09106999547961227,,,,,,,,,0,0,0,0,52,48,-52,-48,3.941523419943555,9.354943660939789,-5.413420240996233,,,20.450000000000003,20.500000000000004,20.450000000000003,20.500000000000004,0.00046271653605589743,0.0004639222829346918,,,,
1786067400,20.5,20.55,20.5,20.55,0,0,0,0,0,0,20.55,20.400000000000002,,,,,20.525,,,,,,,,,,,67.07973537693312,73.35696434580015,67.07973537693312,73.35696434580015,32.57073750358805,31.949134910733786,32.57073750358805,31.949134910733786,96,101,96,101,-1,4,-1,4,-1,4,-1,4,96,101,96,101,-0.06155740981510724,,,,,,,,,0,0,1,0,52,48,-52,-48,13.50480353256845,7.873267245457731,5.63153628711072,7.873267245457731,7.873267245457731,20.5,20.55,20.5,20.55,0.0004655424255325057,0.0004660424296083804,,,,
1786067400.001,20.55,20.6,20.55,20.6,0,0,0,0,0,0,20.6,20.400000000000002,,,,,20.575000000000003,,,,,,,,,,,66.55761963161852,72.38562938663135,66.55761963161852,72.38562938663135,34.6524688806265,33.300801895680145,34.6524688806265,33.300801895680145,96,101,96,101,-1,4,-1,4,-1,4,-1,4,96,101,96,101,-0.0416279318140146,,,,,,,,,0,0,0,0,52,48,-52,-48,24.448522086300166,10.810038600074286,13.63848348622588,,,20.55,20.6,20.55,20.6,0.00046975402418043133,0.0004666543032283041,,,,
1786067640,20.6,20.650000000000002,20.6,20.650000000000002,0,0,0,0,0,0,20.6,20.400000000000002,,,,,20.625,,,,,,,,,,,66.4833068993108,71.54244045987127,66.4833068993108,71.54244045987127,37.45721822421049,35.379010059945315,37.45721822421049,35.379010059945315,96,101,96,101,-1,4,-1,4,-1,4,-1,4,96,101,96,101,-0.018843698345864402,,,,,,,,,0,0,0,0,52,48,-52,-48,34.85416439305173,19.18725335796598,15.666911035085754,,,20.6,20.650000000000002,20.6,20.650000000000002,0.0004779717697166374,0.00046768089502536783,,,,
1786067640.001,20.650000000000002,20.700000000000003,20.650000000000002,20.700000000000003,0,0,0,0,0,0,20.6,20.400000000000002,,,,,20.675000000000004,,,,,,,,,,,66.49640402555052,70.82157811211117,66.49640402555052,70.82157811211117,40.881697253404944,38.130353656675126,40.881697253404944,38.130353656675126,96,101,96,101,-1,4,-1,4,-1,4,-1,4,96,101,96,101,0.005910143743808409,,,,,,,,,0,0,0,0,52,48,-52,-48,43.20391901952935,29.00285225786243,14.201066761666922,,,20.650000000000002,20.700000000000003,20.650000000000002,20.700000000000003,0.00049260390394442,0.00047152336637368416,,,,
1786067640.002,20.700000000000003,20.750000000000004,20.700000000000003,20.750000000000004,0,0,0,0,0,0,20.6,20.400000000000002,,,,,20.725,,,,,,,,,,,66.98475611896359,70.27346068451865,66.98475611896359,70.27346068451865,44.83737315597979,41.48386340632746,44.83737315597979,41.48386340632746,96,101,96,101,-1,4,-1,4,-1,4,-1,4,96,101,96,101,0.029452925369443064,,,,,,,,,0,0,0,0,52,48,-52,-48,49.65320198184493,38.03995187018155,11.613250111663383,,,20.700000000000003,20.750000000000004,20.700000000000003,20.750000000000004,0.0005116960634010092,0.0004800474538051498,,,,
1786067640.003,20.75,20.8,20.75,20.8,0,0,0,0,0,0,20.6,20.400000000000002,,,,,20.775,,,,,,,,,,,67.91441639618046,69.9364543576132,67.91441639618046,69.9364543576132,49.24836066430919,45.366112035318324,49.24836066430919,45.366112035318324,96,101,96,101,-1,4,-1,4,-1,4,-1,4,96,101,96,101,0.052069916384863094,,,,,0.052069916384863094,,0.052069916384863094,,0,0,0,0,52,48,-52,-48,54.53780146921114,45.56227171590929,8.97552975330185,,,20.75,20.8,20.75,20.8,0.0005350858441811275,0.0004921090051593548,,,,
1786067880,20.75,20.75,20.7,20.7,0,0,0,0,0,0,20.6,20.400000000000002,,,,,20.725,,,,,,,,,,,67.65522338829,69.61056421913845,67.65522338829,69.61056421913845,52.542550899078144,48.95433146719823,52.542550899078144,48.95433146719823,96,101,96,101,-1,4,-1,4,-1,4,-1,4,96,101,96,101,0.043332403377736466,,,,,,,,,0,0,0,0,52,48,-52,-48,50.87583480653936,49.5676893192812,1.3081454872581588,,,20.75,20.75,20.7,20.7,0.0005362273804872602,0.0005038898309851471,,,,
1786068120,20.75,20.8,20.75,20.8,0,0,0,0,0,0,20.6,20.400000000000002,,,,,20.775,,,,,,,,,,,68.43495232994273,69.44261966353908,68.43495232994273,69.44261966353908,57.65551981825745,53.30492564272784,57.65551981825745,53.30492564272784,96,101,96,101,-1,4,-1,4,-1,4,-1,4,96,101,96,101,0.03211619123554989,,,,,,,,,0,0,0,0,52,48,-52,-48,52.84079024631928,51.976907125978684,0.8638831203405957,,,20.75,20.8,20.75,20.8,0.0005485322346396948,0.0005170195327283577,,,,
1786068120.001,20.8,20.85,20.8,20.85,0,0,0,0,0,0,20.6,20.400000000000002,,,,,20.825000000000003,,,,,,,,,,,69.66919042882436,69.4749869157227,69.66919042882436,69.4749869157227,63.228540796601635,58.26673321966474,63.228540796601635,58.26673321966474,96,101,96,101,-1,4,-1,4,-1,4,-1,4,96,101,96,101,0.044644077825918,,,,,,,,,0,0,0,0,52,48,-52,-48,55.927454937777156,53.54547036496174,2.381984572815419,,,20.8,20.85,20.8,20.85,0.0005656036328641233,0.0005316248432529388,,,,
1786068840,20.8,20.8,20.75,20.75,0,0,0,0,0,0,20.6,20.400000000000002,,,,,20.775,,,,,,,,,,,69.79486050023485,69.52068314208158,69.79486050023485,69.52068314208158,66.57684449232516,62.42178885599495,66.57684449232516,62.42178885599495,96,101,96,101,-1,4,-1,4,-1,4,-1,4,96,101,96,101,0.033859723359029384,,,,,,,,,0,0,0,0,52,48,-52,-48,50.569568675623586,52.553412166564854,-1.9838434909412683,52.553412166564854,52.553412166564854,20.8,20.8,20.75,20.75,0.0005712423959033914,0.000544731258579434,,,,
1786069320,20.8,20.85,20.8,20.85,0,0,0,0,0,0,20.6,20.400000000000002,,,,,20.825000000000003,,,,,,,,,,,70.93196230123847,69.72229445053257,70.93196230123847,69.72229445053257,70.87539051723111,66.64858968661304,70.87539051723111,66.64858968661304,96,101,96,101,-1,4,-1,4,-1,4,-1,4,96,101,96,101,0.02608260384576966,,,,,,,,,0,0,0,0,52,48,-52,-48,52.66598182850346,53.000948922055876,-0.3349670935524145,,,20.8,20.85,20.8,20.85,0.000588745629459424,0.0005575728529225031,,,,
1786069800,20.85,20.900000000000002,20.85,20.900000000000002,0,0,0,0,0,0,20.6,20.400000000000002,,,,,20.875,,,,,,,,,,,72.49804662666021,70.11883047569367,72.49804662666021,70.11883047569367,74.5964885752091,70.62253913091106,74.5964885752091,70.62253913091106,96,101,96,101,-1,4,-1,4,-1,4,-1,4,96,101,96,101,0.04560900562231515,,,,,,,,,0,0,0,0,52,48,-52,-48,56.86175170096804,54.006189285718065,2.8555624152499774,54.006189285718065,54.006189285718065,20.85,20.900000000000002,20.85,20.900000000000002,0.0006051372234890051,0.0005692480828071494,,,,
1786069800.001,20.900000000000002,20.950000000000003,20.900000000000002,20.950000000000003,0,0,0,0,0,0,20.6,20.400000000000002,,,,,20.925000000000004,,,,,,,,,,,74.46247186761306,70.7393506745393,74.46247186761306,70.7393506745393,77.8173983705874,74.21996875074923,77.8173983705874,74.21996875074923,96,101,96,101,-1,4,-1,4,-1,4,-1,4,96,101,96,101,0.06827632071695475,,,,,0.06827632071695475,,0.06827632071695475,,0,0,0,0,52,48,-52,-48,60.675074098872116,55.19309407599181,5.4819800228803075,,,20.900000000000002,20.950000000000003,20.900000000000002,20.950000000000003,0.0006165596973892702,0.0005826368022908177,,,,
1786070280,20.900000000000002,20.900000000000002,20.85,20.85,0,0,0,0,0,0,20.6,20.400000000000002,,,,,20.875,,,,,,,,,,,75.2661728566611,71.38603955769955,75.2661728566611,71.38603955769955,79.35368839927904,76.78682857501414,79.35368839927904,76.78682857501414,96,101,96,101,-1,4,-1,4,-1,4,-1,4,96,101,96,101,0.057016372043325984,,,,,,,,,0,0,0,0,52,48,-52,-48,55.68407203665179,56.47171991624886,-0.787647879597067,56.47171991624886,56.47171991624886,20.900000000000002,20.900000000000002,20.85,20.85,0.0006103461432350152,0.0005929391203900378,,,,
1786070520,20.85,20.85,20.8,20.8,0,0,0,0,0,0,20.6,20.400000000000002,,,,,20.825000000000003,,,,,,,,,,,75.50226255057305,71.97407141382433,75.50226255057305,71.97407141382433,79.65010026060648,78.21846441781031,79.65010026060648,78.21846441781031,96,101,96,101,-1,4,-1,4,-1,4,-1,4,96,101,96,101,0.02545471652055762,,,,,,,,,0,0,0,0,52,48,-52,-48,44.55621691750332,54.44427868849883,-9.888061770995506,,,20.85,20.85,20.8,20.8,0.0006001571097196232,0.0005986980331992878,,,,
1786070520.001,20.8,20.8,20.75,20.75,0,0,0,0,0,0,20.6,20.400000000000002,,,,,20.775,,,,,,,,,,,75.21128461328719,72.43653044231903,75.21128461328719,72.43653044231903,78.8837594070504,78.55111191243036,78.8837594070504,78.55111191243036,96,101,96,101,-1,4,-1,4,-1,4,-1,4,96,101,96,101,0.004445526406613906,,,,,,,,,0,0,0,0,52,48,-52,-48,29.59177543503279,47.62678462201501,-18.03500918698222,,,20.8,20.8,20.75,20.75,0.0005854300895451334,0.0006010626488062448,0.0005854300895451334,20.8,,
1786071240,20.75,20.75,20.7,20.7,0,0,0,0,0,0,20.6,20.400000000000002,,,,,20.725,,,,,,,,,,,74.43088673274625,72.72143848380863,74.43088673274625,72.72143848380863,77.20648765502273,77.87879978372655,77.20648765502273,77.87879978372655,96,101,96,101,-1,4,-1,4,-1,4,-1,4,96,101,96,101,-0.015315839025051212,,,,,,,,,0,0,0,0,52,48,-52,-48,13.157590592565452,35.747413745438344,-22.589823152872892,,,20.75,20.75,20.7,20.7,0.0005664742004468713,0.0005973507439708194,,,,
1786071720,20.75,20.8,20.75,20.8,0,0,0,0,0,0,20.6,20.400000000000002,,,,,20.775,,,,,,,,,,,74.72663972122355,73.00789580343933,74.72663972122355,73.00789580343933,76.99331594920314,77.43605786646484,76.99331594920314,77.43605786646484,96,101,96,101,-1,4,-1,4,-1,4,-1,4,96,101,96,101,-0.011139209275295558,,,,,,,,,0,0,0,0,52,48,-52,-48,10.62161015425085,24.48179827483811,-13.860188120587258,,,20.75,20.8,20.75,20.8,0.0005581411885885276,0.0005895180714874064,,,,
1786072680,20.75,20.75,20.7,20.7,0,0,0,0,0,0,20.6,20.400000000000002,,,,,20.725,,,,,,,,,,,73.98085933297286,73.14689059337267,73.98085933297286,73.14689059337267,75.5861075482965,76.51108270738067,75.5861075482965,76.51108270738067,96,101,96,101,-1,4,-1,4,-1,4,-1,4,96,101,96,101,-0.012405128890466157,,,,,,,,,0,0,0,0,52,48,-52,-48,-1.4606447472650768,12.977582858646015,-14.438227605911091,,,20.75,20.75,20.7,20.7,0.0005344320998845682,0.0005758301385699561,,,,
1786078800,20.700000000000003,20.700000000000003,20.650000000000002,20.650000000000002,0,0,0,0,0,0,20.6,20.400000000000002,,,,,20.675000000000004,,,,,,,,,,,72.77814489082174,73.09421263586539,72.77814489082174,73.09421263586539,73.35952075568271,74.9353017315317,73.35952075568271,74.9353017315317,96,101,96,101,-1,4,-1,4,-1,4,-1,4,96,101,96,101,-0.04319013334237243,,,,,,,,,0,0,0,0,52,48,-52,-48,-13.72622832114293,2.1480819196020837,-15.874310240745015,,,20.700000000000003,20.700000000000003,20.650000000000002,20.650000000000002,0.0005055540862397812,0.0005583647957374171,,,,
1786080720,20.700000000000003,20.750000000000004,20.700000000000003,20.750000000000004,0,0,0,0,0,0,20.6,20.400000000000002,,,,,20.725,,,,,,,,,,,72.6817467863753,73.03528894308108,72.6817467863753,73.03528894308108,72.67550758650358,73.80540465901764,72.67550758650358,73.80540465901764,96,101,96,101,-1,4,-1,4,-1,4,-1,4,96,101,96,101,-0.046024078276636786,,,,,,,,,0,0,0,0,52,48,-52,-48,-12.997678901298137,-4.3907354538638135,-8.606943447434324,,,20.700000000000003,20.750000000000004,20.700000000000003,20.750000000000004,0.0004932696892610098,0.0005405502256609816,,,,
1786080720.001,20.75,20.8,20.75,20.8,0,0,0,0,0,0,20.6,20.400000000000002,,,,,20.775,,,,,,,,,,,73.10243834245051,73.04488171441957,73.10243834245051,73.04488171441957,72.8427427664536,73.32407371273561,72.8427427664536,73.32407371273561,96,101,96,101,-1,4,-1,4,-1,4,-1,4,96,101,96,101,-0.022410051614639746,,,,,,,,,0,0,0,0,52,48,-52,-48,-3.7711669718043943,-7.988929735377624,4.21776276357323,-7.988929735377624,-7.988929735377624,20.75,20.8,20.75,20.8,0.00048381912161912197,0.0005236150643399797,,,,
1786083600,20.75,20.82,20.7,20.7,0,0,0,0,0,0,20.6,20.400000000000002,,,,,20.725,,,,,,,,,,,72.4726723383979,72.96313751784506,72.4726723383979,72.96313751784506,71.82439175900103,72.57423273586832,71.82439175900103,72.57423273586832,96,101,96,101,-1,4,-1,4,-1,4,-1,4,96,101,96,101,-0.025726999634593996,,,,,,,,,0,0,0,0,52,48,-52,-48,-5.581993231967541,-9.01926685655324,3.4372736245857,,,20.75,20.82,20.7,20.7,0.00046759450726474117,0.0005071351154762913,,,,
1786083840,20.700000000000003,20.700000000000003,20.650000000000002,20.650000000000002,0,0,0,0,0,0,20.6,20.400000000000002,,,,,20.675000000000004,,,,,,,,,,,71.37768553871642,72.73664437796954,71.37768553871642,72.73664437796954,69.50027230136597,71.03725251861715,69.50027230136597,71.03725251861715,96,101,96,101,-1,4,-1,4,-1,4,-1,4,96,101,96,101,-0.04935052390982859,,,,,,,,,0,0,0,0,52,48,-52,-48,-19.050703538812105,-10.350385660970534,-8.70031787784157,-10.350385660970534,-10.350385660970534,20.700000000000003,20.700000000000003,20.650000000000002,20.650000000000002,0.0004479152747087536,0.0004887641298296623,,,,
1786083840.001,20.650000000000002,20.650000000000002,20.6,20.6,0,0,0,0,0,0,20.82,20.6,,,,,20.625,,,,,,,,,,,69.85070800023668,72.32436775257914,69.85070800023668,72.32436775257914,66.37438306103485,68.705817789826,66.37438306103485,68.705817789826,96,101,96,101,-1,4,-1,4,-1,4,-1,4,96,101,96,101,-0.06866241487290914,-0.06866241487290914,,-0.06866241487290914,,,,,,0,0,0,0,52,48,-52,-48,-30.616103799224767,-14.754991885452192,-15.861111913772575,,,20.650000000000002,20.650000000000002,20.6,20.6,0.0004172243463077152,0.00046922950423352016,,,,
1786084560,20.650000000000002,20.700000000000003,20.650000000000002,20.700000000000003,0,0,0,0,0,0,20.82,20.6,,,,,20.675000000000004,,,,,,,,,,,69.45320844919938,71.9142021378106,69.45320844919938,71.9142021378106,65.05559364415235,66.88070571698918,65.05559364415235,66.88070571698918,96,101,96,101,-1,4,-1,4,-1,4,-1,4,96,101,96,101,-0.061900516287091784,,,,,,,,,0,0,0,0,52,48,-52,-48,-28.674145835592334,-20.98073660139918,-7.693409234193155,,,20.650000000000002,20.700000000000003,20.650000000000002,20.700000000000003,0.00040397320098601864,0.0004522993566912264,,,,
1786084800,20.700000000000003,20.750000000000004,20.700000000000003,20.750000000000004,0,0,0,0,0,0,20.82,20.6,,,,,20.725,,,,,,,,,,,69.59430580486882,71.58278837596178,69.59430580486882,71.58278837596178,64.33336598070206,65.60703584884561,64.33336598070206,65.60703584884561,96,101,96,101,-1,4,-1,4,-1,4,-1,4,96,101,96,101,-0.035374929430470964,,,,,,,,,0,0,0,0,52,48,-52,-48,-17.884723962887957,-24.056419284129284,6.171695321241327,-24.056419284129284,-24.056419284129284,20.700000000000003,20.750000000000004,20.700000000000003,20.750000000000004,0.0004022272905686743,0.0004371256235758371,,,,
1786084800.001,20.75,20.8,20.75,20.8,0,0,0,0,0,0,20.82,20.6,,,,,20.775,,,,,,,,,,,70.23552885962307,71.39032273077054,70.23552885962307,71.39032273077054,65.01301499644588,65.31002542264574,65.01301499644588,65.31002542264574,96,101,96,101,-1,4,-1,4,-1,4,-1,4,96,101,96,101,-0.0116725084590948,,,,,,,,,0,0,0,0,52,48,-52,-48,-3.687045811821511,-20.215504852381635,16.528459040560122,,,20.75,20.8,20.75,20.8,0.0004080558231655401,0.00042449840716690684,,,,
1786085280,20.8,20.85,20.8,20.85,0,0,0,0,0,0,20.82,20.6,,,,,20.825000000000003,,,,,,,,,,,71.34115434924182,71.38329867626643,71.34115434924182,71.38329867626643,66.89427259435618,66.10214900850096,66.89427259435618,66.10214900850096,96,101,96,101,-1,4,-1,4,-1,4,-1,4,96,101,96,101,0.005007253254866362,,,,,0.005007253254866362,,0.005007253254866362,,0,0,0,0,52,48,-52,-48,10.757524817405866,-9.872097698223975,20.62962251562984,,,20.8,20.85,20.8,20.85,0.00041862173441940283,0.0004163362783593505,,,,
1786325400,20.8,20.8,20.75,20.75,0,0,0,0,0,0,20.82,20.6,,,,,20.775,,,,,,,,,,,71.34739842633677,71.37817006913363,71.34739842633677,71.37817006913363,66.94833754840911,66.52524327845504,66.94833754840911,66.52524327845504,96,101,96,101,-1,4,-1,4,-1,4,-1,4,96,101,96,101,-0.005554918930955414,,,,,,,,,0,0,0,0,52,48,-52,-48,10.832207648522717,0.004490672804787987,10.827716975717928,,,20.8,20.8,20.75,20.75,0.00041588981331156996,0.00041099870145981985,,,,
1786325400.001,20.75,20.75,20.7,20.7,0,0,0,0,0,0,20.82,20.6,,,,,20.725,,,,,,,,,,,70.84299241629228,71.30171611872773,70.84299241629228,71.30171611872773,65.69597763889603,66.11061045867552,65.69597763889603,66.11061045867552,96,101,96,101,-1,4,-1,4,-1,4,-1,4,96,101,96,101,-0.034263132016023594,,,,,,,,,0,0,0,0,52,48,-52,-48,1.247753268333982,4.787609980610272,-3.53985671227629,4.787609980610272,4.787609980610272,20.75,20.75,20.7,20.7,0.0004017082544829548,0.00040841268615569317,0.0004017082544829548,20.75,,
1786325640,20.75,20.8,20.75,20.8,0,0,0,0,0,0,20.82,20.6,,,,,20.775,,,,,,,,,,,71.39502357023056,71.31504575465671,71.39502357023056,71.31504575465671,66.18096784632642,66.14578915250098,66.18096784632642,66.14578915250098,96,101,96,101,-1,4,-1,4,-1,4,-1,4,96,101,96,101,-0.04636953174870491,-0.04636953174870491,,-0.04636953174870491,,,,,,0,0,0,0,52,48,-52,-48,7.8426687400342185,7.670038618574205,0.17263012146001344,7.670038618574205,7.670038618574205,20.75,20.8,20.75,20.8,0.00039946080881068696,0.0004076606207931378,,,,
1786326360,20.8,20.85,20.8,20.85,0,0,0,0,0,0,20.82,20.6,,,,,20.825000000000003,,,,,,,,,,,72.41782800909164,71.47258607671884,72.41782800909164,71.47258607671884,67.58368672542262,66.86473793896181,67.58368672542262,66.86473793896181,96,101,96,101,-1,4,-1,4,-1,4,-1,4,96,101,96,101,-0.0324784670099456,,,,,,,,,0,0,0,0,52,48,-52,-48,18.98021112301555,9.725710194976617,9.254500928038933,,,20.8,20.85,20.8,20.85,0.0004095986798167698,0.0004088891856678205,,,,
1786326360.001,20.85,20.900000000000002,20.85,20.900000000000002,0,0,0,0,0,0,20.82,20.6,,,,,20.875,,,,,,,,,,,73.87777906966673,71.81618507571139,73.87777906966673,71.81618507571139,69.9923663995686,68.4285521692652,69.9923663995686,68.4285521692652,96,101,96,101,-1,4,-1,4,-1,4,-1,4,96,101,96,101,-0.007069624097584115,,,,,,,,,0,0,0,0,52,48,-52,-48,30.605919956294272,14.669138271919506,15.936781684374766,,,20.85,20.900000000000002,20.85,20.900000000000002,0.00042113044929963404,0.0004110682900235027,,,,
1786326360.002,20.900000000000002,20.950000000000003,20.900000000000002,20.950000000000003,0,0,0,0,0,0,20.82,20.6,,,,,20.925000000000004,,,,,,,,,,,75.74365199326196,72.37725177821861,75.74365199326196,72.37725177821861,73.56488548534453,70.99671882730487,73.56488548534453,70.99671882730487,96,101,96,101,-1,4,-1,4,-1,4,-1,4,96,101,96,101,0.01771176862609028,,,,,,,,,1,0,0,0,52,48,-52,-48,40.185322522969734,24.403530585578444,15.78179193739129,,,20.900000000000002,20.950000000000003,20.900000000000002,20.950000000000003,0.00043434241599642166,0.00041368840361967257,,,,
1786326360.003,20.950000000000003,21.000000000000004,20.950000000000003,21.000000000000004,0,0,0,0,0,0,20.82,20.6,,,,,20.975,,,,,,,,,,,77.47624827945754,73.10567984982417,77.47624827945754,73.10567984982417,76.6270447017239,73.8118817645144,76.6270447017239,73.8118817645144,96,101,96,101,-1,4,-1,4,-1,4,-1,4,96,101,96,101,0.0408029521266228,,,,,,,,,0,0,0,0,52,48,-52,-48,47.62953564428747,34.35024731164176,13.279288332645713,,,20.950000000000003,21.000000000000004,20.950000000000003,21.000000000000004,0.0004546341280477223,0.0004201457894090312,,,,
1786326360.004,21,21.05,21,21.05,0,0,0,0,0,0,20.82,20.6,,,,,21.025,,,,,,,,,,,79.08508768806772,73.95988096957323,79.08508768806772,73.95988096957323,79.33111768084272,76.57149972267857,79.33111768084272,76.57149972267857,96,101,96,101,-1,4,-1,4,-1,4,-1,4,96,101,96,101,0.05121480191954847,,,,,0.05121480191954847,,0.05121480191954847,,0,0,0,0,52,48,-52,-48,53.261682383917154,42.92061512686716,10.341067257049993,,,21,21.05,21,21.05,0.00047666753292901093,0.0004326390024833739,,,,
1786326840,21,21.06,20.95,20.95,0,0,0,0,0,0,20.82,20.6,,,,,20.975,,,,,,,,,,,79.60899235937859,74.76689688240256,79.60899235937859,74.76689688240256,79.86145490656085,78.21647731461971,79.86145490656085,78.21647731461971,96,101,96,101,-1,4,-1,4,-1,4,-1,4,96,101,96,101,0.03276227294085053,,,,,,,,,0,0,0,0,52,48,-52,-48,51.42897491899903,48.12637886754335,3.30259605145568,,,21,21.06,20.95,20.95,0.000480394090362331,0.00044612788274198123,,,,
1786327080,20.950000000000003,20.950000000000003,20.900000000000002,20.900000000000002,0,0,0,0,0,0,20.82,20.6,,,,,20.925000000000004,,,,,,,,,,,79.65455816086921,75.46513420789779,79.65455816086921,75.46513420789779,78.39056383295285,78.30352057378627,78.39056383295285,78.30352057378627,96,101,96,101,-1,4,-1,4,-1,4,-1,4,96,101,96,101,0.002747145383997323,,,,,,,,,0,0,0,0,52,48,-52,-48,40.76386818489396,48.271015283024404,-7.507147098130446,48.271015283024404,48.271015283024404,20.950000000000003,20.950000000000003,20.900000000000002,20.900000000000002,0.00047807815931312085,0.00045754112932470644,,,,
1786327080.001,20.900000000000002,20.900000000000002,20.85,20.85,0,0,0,0,0,0,20.82,20.6,,,,,20.875,,,,,,,,,,,79.25595215466959,76.00667962886519,79.25595215466959,76.00667962886519,75.57700502451874,76.9402627991525,75.57700502451874,76.9402627991525,96,101,96,101,-1,4,-1,4,-1,4,-1,4,96,101,96,101,-0.022955506610204034,,,,,,,,,0,0,0,0,52,48,-52,-48,26.205182303822596,42.914926947908185,-16.70974464408559,,,20.900000000000002,20.900000000000002,20.85,20.85,0.0004641999230169922,0.0004647193749442661,0.0004641999230169922,20.900000000000002,,
1786327080.002,20.85,20.85,20.8,20.8,0,0,0,0,0,0,20.82,20.6,,,,,20.825000000000003,,,,,,,,,,,78.44490089847186,76.3549969530947,78.44490089847186,76.3549969530947,71.61258815766203,74.27642547840728,71.61258815766203,74.27642547840728,96,101,96,101,-1,4,-1,4,-1,4,-1,4,96,101,96,101,-0.047263816883022704,,,,,,,,,0,0,0,0,52,48,-52,-48,9.798517395930446,32.04913570091151,-22.250618304981067,,,20.85,20.85,20.8,20.8,0.00044617383829414207,0.0004666912786605528,,,,
1786327080.003,20.8,20.8,20.75,20.75,0,0,0,0,0,0,20.82,20.6,,,,,20.775,,,,,,,,,,,77.2508647672759,76.48297806940629,77.2508647672759,76.48297806940629,66.6617215264432,70.46907350242523,66.6617215264432,70.46907350242523,96,101,96,101,-1,4,-1,4,-1,4,-1,4,96,101,96,101,-0.0710198385956848,,,,,,,,,0,0,0,0,52,48,-52,-48,-4.986116093666709,17.945362947745075,-22.931479041411784,,,20.8,20.8,20.75,20.75,0.0004256277564854287,0.0004618568834001705,,,,
1786327320,20.75,20.75,20.7,20.7,0,0,0,0,0,0,20.950000000000003,20.7,,,,,20.725,,,,,,,,,,,75.7011998235816,76.37129546285992,75.7011998235816,76.37129546285992,60.86532652577114,65.66720001409819,60.86532652577114,65.66720001409819,96,101,96,101,-1,4,-1,4,-1,4,-1,4,96,101,96,101,-0.09111881586403095,,,,,,,,,0,0,0,0,52,48,-52,-48,-17.447520242405634,3.3925158409201766,-20.84003608332581,,,20.75,20.75,20.7,20.7,0.0004001577543739102,0.00044910525364098706,,,,
1786327320.001,20.700000000000003,20.700000000000003,20.650000000000002,20.650000000000002,0,0,0,0,0,0,20.950000000000003,20.7,,,,,20.675000000000004,,,,,,,,,,,73.82130812542457,76.00701155751202,73.82130812542457,76.00701155751202,54.34419292271069,60.00569646840444,54.34419292271069,60.00569646840444,96,101,96,101,-1,4,-1,4,-1,4,-1,4,96,101,96,101,-0.10730937487194708,,,,,,,,,0,0,0,0,52,48,-52,-48,-26.88824583219803,-9.880841193084983,-17.007404639113048,,,20.700000000000003,20.700000000000003,20.650000000000002,20.650000000000002,0.0003700638082615751,0.0004307168732908611,,,,
1786327800,20.650000000000002,20.650000000000002,20.6,20.6,0,0,0,0,0,0,20.950000000000003,20.7,,,,,20.625,,,,,,,,,,,71.63477729812354,75.38240666331366,71.63477729812354,75.38240666331366,47.20185480331734,53.603775635860885,47.20185480331734,53.603775635860885,96,101,96,101,-1,4,-1,4,-1,4,-1,4,96,101,96,101,-0.1230282396437627,,,,,,,,,0,0,0,0,52,48,-52,-48,-34.222382780655664,-20.88606623723151,-13.336316543424154,,,20.650000000000002,20.650000000000002,20.6,20.6,0.00033291315042783924,0.0004065227051433142,,,,
1786328040,20.6,20.6,20.55,20.55,0,0,0,0,0,0,20.950000000000003,20.7,,,,,20.575000000000003,,,,,,,,,,,69.16351013661736,74.49399287378561,69.16351013661736,74.49399287378561,41.01895677819356,47.31136620702722,41.01895677819356,47.31136620702722,96,101,96,101,-1,4,-1,4,-1,4,-1,4,96,101,96,101,-0.14616612374987206,,,,,,,,,0,0,0,0,52,48,-52,-48,-40.01880157613439,-29.64423760784843,-10.374563968285962,,,20.6,20.6,20.55,20.55,0.0002871441046527695,0.00037701340208261047,,,,
1786328520,20.6,20.650000000000002,20.6,20.650000000000002,0,0,0,0,0,0,20.950000000000003,20.7,,,,,20.625,,,,,,,,,,,67.75059627324347,73.5306505022796,67.75059627324347,73.5306505022796,37.400002168423676,42.355684187725444,37.400002168423676,42.355684187725444,96,101,96,101,-1,4,-1,4,-1,4,-1,4,96,101,96,101,-0.14262045487311326,,,,,,,,,0,0,0,0,52,48,-52,-48,-37.16099807080846,-34.57260706494914,-2.5883910058593216,,,20.6,20.650000000000002,20.6,20.650000000000002,0.00026052112677519597,0.00034607128349611947,,,,
1786328520.001,20.650000000000002,20.700000000000003,20.650000000000002,20.700000000000003,0,0,0,0,0,0,20.950000000000003,20.7,,,,,20.675000000000004,,,,,,,,,,,66.67066646425243,72.55065278256143,66.67066646425243,72.55065278256143,35.69860129842486,39.02714274307515,35.69860129842486,39.02714274307515,96,101,96,101,-1,4,-1,4,-1,4,-1,4,96,101,96,101,-0.1130512242209149,,,,,,,,,0,0,0,0,52,48,-52,-48,-28.020519010480818,-34.855675359519836,6.835156349039018,-34.855675359519836,-34.855675359519836,20.650000000000002,20.700000000000003,20.650000000000002,20.700000000000003,0.0002452073281799886,0.00031600121211187944,,,,
1786329240,20.650000000000002,20.650000000000002,20.6,20.6,0,0,0,0,0,0,20.950000000000003,20.7,,,,,20.625,,,,,,,,,,,64.61117870522284,71.41644220008449,64.61117870522284,71.41644220008449,32.5595854266612,35.79336408486817,32.5595854266612,35.79336408486817,96,101,96,101,-1,4,-1,4,-1,4,-1,4,96,101,96,101,-0.11287230315072352,,,,,,,,,0,0,0,0,52,48,-52,-48,-30.422200995068486,-33.90562991312304,3.483428918054557,,,20.650000000000002,20.650000000000002,20.6,20.6,0.00022154467132764243,0.0002862323649375015,,,,
1786329960,20.6,20.6,20.55,20.55,0,0,0,0,0,0,20.950000000000003,20.7,,,,,20.575000000000003,,,,,,,,,,,62.21617173206987,70.10211784751098,62.21617173206987,70.10211784751098,28.468440169631158,32.13090212724967,28.468440169631158,32.13090212724967,96,101,96,101,-1,4,-1,4,-1,4,-1,4,96,101,96,101,-0.13219906391468964,,,,,,,,,0,0,0,0,52,48,-52,-48,-37.29839918132737,-33.22552931442128,-4.072869866906089,-33.22552931442128,-33.22552931442128,20.6,20.6,20.55,20.55,0.00019680840567843613,0.0002573564645069783,,,,
1786329960.001,20.55,20.55,20.5,20.5,0,0,0,0,0,0,20.950000000000003,20.7,,,,,20.525,,,,,,,,,,,59.50961120294519,68.58890261257301,59.50961120294519,68.58890261257301,24.911724227030778,28.52131317714022,24.911724227030778,28.52131317714022,96,101,96,101,-1,4,-1,4,-1,4,-1,4,96,101,96,101,-0.14859208694289872,,,,,,,,,0,0,0,0,52,48,-52,-48,-44.88403762310212,-35.1562892024947,-9.72774842060742,,,20.55,20.55,20.5,20.5,0.0001709165104453762,0.00023035702450990112,,,,
1786330440,20.5,20.5,20.45,20.45,0,0,0,0,0,0,20.950000000000003,20.7,,,,,20.475,,,,,,,,,,,56.51375094327535,66.86388094553048,56.51375094327535,66.86388094553048,21.821290555253537,25.171301866196877,21.821290555253537,25.171301866196877,96,101,96,101,-1,4,-1,4,-1,4,-1,4,96,101,96,101,-0.172374063121159,,,,,,,,,0,0,0,0,52,48,-52,-48,-51.54328779459781,-41.03698139852394,-10.506306396073867,,,20.5,20.5,20.45,20.45,0.0001429778455810593,0.0002063293146646161,,,,
1786331160,20.450000000000003,20.450000000000003,20.400000000000002,20.400000000000002,0,0,0,0,0,0,20.950000000000003,20.7,,,,,20.425000000000004,,,,,,,,,,,52.47705444732711,64.80862001721572,52.47705444732711,64.80862001721572,19.136863765974887,22.154082816085882,19.136863765974887,22.154082816085882,96,101,96,101,-1,4,-1,4,-1,4,-1,4,96,101,96,101,-0.1920153611663321,,,,,,,,,0,0,0,0,52,48,-52,-48,-56.07725926265003,-47.45074596541933,-8.626513297230701,,,20.450000000000003,20.450000000000003,20.400000000000002,20.400000000000002,0.0001126039336054209,0.00018167644913632026,,,,
1786338720,20.400000000000002,20.47,20.35,20.35,0,0,0,0,0,0,20.950000000000003,20.7,,,,,20.375,,,,,,,,,,,48.728693415375176,62.511487645524205,48.728693415375176,62.511487645524205,17.087130712887983,19.620606764486933,17.087130712887983,19.620606764486933,96,101,96,101,-1,4,-1,4,-1,4,-1,4,96,101,96,101,-0.2028304222330899,-0.2028304222330899,,-0.2028304222330899,,,,,,0,0,0,0,52,48,-52,-48,-58.33345470943952,-52.709509847447364,-5.6239448619921575,,,20.400000000000002,20.47,20.35,20.35,0.00008142741312766082,0.000154379796627599,,,,
1786339920,20.400000000000002,20.450000000000003,20.400000000000002,20.450000000000003,0,0,0,0,0,0,20.950000000000003,20.7,,,,,20.425000000000004,,,,,,,,,,,46.25410867443793,60.18900493536903,46.25410867443793,60.18900493536903,16.255769987304433,17.938188375895685,16.255769987304433,17.938188375895685,96,101,96,101,-1,4,-1,4,-1,4,-1,4,96,101,96,101,-0.1864684321055677,,,,,,,,,0,0,0,0,52,48,-52,-48,-54.44507285049164,-55.09976865429475,0.6546958038031079,-55.09976865429475,-55.09976865429475,20.400000000000002,20.450000000000003,20.400000000000002,20.450000000000003,0.00006553696628128931,0.0001283785124532068,,,,
1786340160,20.450000000000003,20.500000000000004,20.450000000000003,20.500000000000004,0,0,0,0,0,0,20.950000000000003,20.7,,,,,20.475,,,,,,,,,,,44.4592980950767,57.941903958184405,44.4592980950767,57.941903958184405,16.54921129696523,17.24369983643046,16.54921129696523,17.24369983643046,96,101,96,101,-1,4,-1,4,-1,4,-1,4,96,101,96,101,-0.15381081149917997,,,,,,,,,0,0,0,0,52,48,-52,-48,-44.1280172214896,-53.245951011017695,9.117933789528095,,,20.450000000000003,20.500000000000004,20.450000000000003,20.500000000000004,0.000058283145948476345,0.00010529096916488015,,,,
1786340400,20.5,20.55,20.5,20.55,0,0,0,0,0,0,20.950000000000003,20.7,,,,,20.525,,,,,,,,,,,43.295706380036,55.849590018448914,43.295706380036,55.849590018448914,17.806768636835397,17.525234236632926,17.806768636835397,17.525234236632926,96,101,96,101,-1,4,-1,4,-1,4,-1,4,96,101,96,101,-0.126850780634589,,,,,,,,,0,0,0,0,52,48,-52,-48,-29.085679874814176,-46.49805616405873,17.412376289244555,,,20.5,20.55,20.5,20.55,0.000058762370234926265,0.00008659861246313849,,,,
1786340640,20.55,20.6,20.55,20.6,0,0,0,0,0,0,20.950000000000003,20.7,,,,,20.575000000000003,,,,,,,,,,,42.71824646757871,53.973683796896026,42.71824646757871,53.973683796896026,19.89071114545652,18.707972691044723,19.89071114545652,18.707972691044723,96,101,96,101,-1,4,-1,4,-1,4,-1,4,96,101,96,101,-0.10364593059369218,,,,,,,,,0,0,1,0,52,48,-52,-48,-11.866118086206736,-34.88122200825053,23.015103922043796,,,20.55,20.6,20.55,20.6,0.00006493920322662552,0.00007359217207073319,,,,
1786340640.001,20.6,20.650000000000002,20.6,20.650000000000002,0,0,0,0,0,0,20.950000000000003,20.7,,,,,20.625,,,,,,,,,,,42.68505180037743,52.36102208310766,42.68505180037743,52.36102208310766,22.682983798721327,20.695478244883027,22.682983798721327,20.695478244883027,96,101,96,101,-1,4,-1,4,-1,4,-1,4,96,101,96,101,-0.07846869838929466,,,,,,,,,0,0,0,0,52,48,-52,-48,3.6345201932853097,-20.361323747306294,23.995843940591605,,,20.6,20.650000000000002,20.6,20.650000000000002,0.00007622731024308976,0.00006752940151034466,,,,
1786341600,20.650000000000002,20.700000000000003,20.59,20.700000000000003,0,0,0,0,0,0,20.950000000000003,20.7,,,,,20.675000000000004,,,,,,,,,,,43.15724628948531,51.046196969733046,43.15724628948531,51.046196969733046,25.840947883813502,23.268213064348267,25.840947883813502,23.268213064348267,96,101,96,101,-1,4,-1,4,-1,4,-1,4,96,101,96,101,-0.051165378933874524,,,,,,,,,0,0,0,0,52,48,-52,-48,14.465682174509189,-5.712898898306598,20.17858107281579,,,20.650000000000002,20.700000000000003,20.59,20.700000000000003,0.00009240462967073362,0.0000693589376008568,,,,
1786342080,20.700000000000003,20.750000000000004,20.700000000000003,20.750000000000004,0,0,0,0,0,0,20.950000000000003,20.7,,,,,20.725,,,,,,,,,,,44.09873070945169,50.05370178969285,44.09873070945169,50.05370178969285,29.795259151920707,26.53173610813449,29.795259151920707,26.53173610813449,96,101,96,101,-1,4,-1,4,-1,4,-1,4,96,101,96,101,-0.02862413823061121,,,,,,,,,0,0,0,0,52,48,-52,-48,25.30964884564021,7.885933281806994,17.423715563833216,,,20.700000000000003,20.750000000000004,20.700000000000003,20.750000000000004,0.00011123193780432529,0.00007697476618802946,,,,
1786342320,20.75,20.8,20.75,20.8,0,0,0,0,0,0,20.950000000000003,20.7,,,,,20.775,,,,,,,,,,,45.475984350929494,49.399742155583795,45.475984350929494,49.399742155583795,34.19070502760208,30.361220567868283,34.19070502760208,30.361220567868283,96,101,96,101,-1,4,-1,4,-1,4,-1,4,96,101,96,101,-0.009775388319913786,,,,,,,,,0,0,0,0,52,48,-52,-48,33.741709112157295,19.287890081398004,14.453819030759291,,,20.75,20.8,20.75,20.8,0.00013901008444928083,0.00009042925593816355,,,,
1786342320.001,20.8,20.85,20.8,20.85,0,0,0,0,0,0,20.950000000000003,20.7,,,,,20.825000000000003,,,,,,,,,,,47.25788084095367,49.093761967779486,47.25788084095367,49.093761967779486,38.96426628120424,34.66274342453626,38.96426628120424,34.66274342453626,96,101,96,101,-1,4,-1,4,-1,4,-1,4,96,101,96,101,0.009169627937823758,,,,,0.009169627937823758,,0.009169627937823758,,0,0,0,0,52,48,-52,-48,40.849674554755836,28.591678671765635,12.257995882990201,,,20.8,20.85,20.8,20.85,0.00017353553862871801,0.00010955811733712883,,,,
1786342800,20.8,20.8,20.75,20.75,0,0,0,0,0,0,20.950000000000003,20.7,,,,,20.775,,,,,,,,,,,47.90646279295799,48.924147799947846,47.90646279295799,48.924147799947846,41.848646752098595,38.255695088317424,41.848646752098595,38.255695088317424,96,101,96,101,-1,4,-1,4,-1,4,-1,4,96,101,96,101,0.005029096119214767,,,,,,,,,0,0,0,0,52,48,-52,-48,39.27554591908917,34.79414460791063,4.481401311178537,,,20.8,20.8,20.75,20.75,0.00018965701289361925,0.00013034441894829444,,,,
1786343040,20.75,20.75,20.7,20.7,0,0,0,0,0,0,20.950000000000003,20.7,,,,,20.725,,,,,,,,,,,48.005699354024365,48.79294087910164,48.005699354024365,48.79294087910164,43.314936652704205,40.785315870510814,43.314936652704205,40.785315870510814,96,101,96,101,-1,4,-1,4,-1,4,-1,4,96,101,96,101,-0.028946884179065043,,,,,,,,,0,0,0,0,52,48,-52,-48,32.02707369115073,36.47350081928826,-4.446427128137529,36.47350081928826,36.47350081928826,20.75,20.75,20.7,20.7,0.00019610387141672585,0.00015032384581056712,,,,
1786411800,20.75,20.8,20.75,20.8,0,0,0,0,0,0,20.950000000000003,20.7,,,,,20.775,,,,,,,,,,,49.10388380660413,48.837361297316285,49.10388380660413,48.837361297316285,45.77900002827365,43.28215794939223,45.77900002827365,43.28215794939223,96,101,96,101,-1,4,-1,4,-1,4,-1,4,96,101,96,101,-0.03469574726606566,-0.03469574726606566,,-0.03469574726606566,,,,,,0,0,0,0,52,48,-52,-48,34.5280767238751,36.67009272221771,-2.1420159983426075,,,20.75,20.8,20.75,20.8,0.00021050110342219145,0.00017000659143581007,,,,
1786411800.001,20.8,20.85,20.8,20.85,0,0,0,0,0,0,20.950000000000003,20.7,,,,,20.825000000000003,,,,,,,,,,,50.62664462122297,49.09297320073153,50.62664462122297,49.09297320073153,48.89709056749416,46.089624258443195,48.89709056749416,46.089624258443195,96,101,96,101,-1,4,-1,4,-1,4,-1,4,96,101,96,101,-0.0068656916052917995,,,,,,,,,0,0,0,0,52,48,-52,-48,40.34263634615051,36.54333317006638,3.7993031760841305,36.54333317006638,36.54333317006638,20.8,20.85,20.8,20.85,0.0002245442325371485,0.0001888919738912806,,,,
1786412040,20.8,20.8,20.75,20.75,0,0,0,0,0,0,20.85,20.7,,,,,20.775,,,,,,,,,,,51.03460058892234,49.37034854190164,51.03460058892234,49.37034854190164,50.362496140347105,48.22606019939515,50.362496140347105,48.22606019939515,96,101,96,101,-1,4,-1,4,-1,4,-1,4,96,101,96,101,0.00612877765210672,,,,,,,,,0,0,0,0,52,48,-52,-48,34.21943493636455,35.27930542438523,-1.0598704880206782,35.27930542438523,35.27930542438523,20.8,20.8,20.75,20.75,0.0002240044109545828,0.00020305769497549762,,,,
1786412040.001,20.75,20.75,20.7,20.7,0,0,0,0,0,0,20.85,20.7,,,,,20.725,,,,,,,,,,,50.91039873599126,49.59035571248587,50.91039873599126,49.59035571248587,50.6125218426315,49.41929102101332,50.6125218426315,49.41929102101332,96,101,96,101,-1,4,-1,4,-1,4,-1,4,96,101,96,101,-0.005008319898298102,,,,,,,,,0,0,0,0,52,48,-52,-48,20.56128993083623,32.4128594843066,-11.85156955347037,,,20.75,20.75,20.7,20.7,0.00021451640022351393,0.00020988783857463027,,,,
1786412280,20.700000000000003,20.700000000000003,20.650000000000002,20.650000000000002,0,0,0,0,0,0,20.85,20.7,,,,,20.675000000000004,,,,,,,,,,,50.29205033533194,49.69059780146388,50.29205033533194,49.69059780146388,49.82079337014293,49.62004219557812,49.82079337014293,49.62004219557812,96,101,96,101,-1,4,-1,4,-1,4,-1,4,96,101,96,101,-0.022192424611587276,,,,,,,,,0,0,0,0,52,48,-52,-48,4.8632812473746565,24.996660615181487,-20.133379367806832,,,20.700000000000003,20.700000000000003,20.650000000000002,20.650000000000002,0.00019893314936410153,0.00021143386131971067,0.00019893314936410153,20.700000000000003,,
1786412760,20.700000000000003,20.750000000000004,20.700000000000003,20.750000000000004,0,0,0,0,0,0,20.85,20.7,,,,,20.725,,,,,,,,,,,50.72390589488071,49.83821324338057,50.72390589488071,49.83821324338057,50.34941242591736,49.98472731074774,50.34941242591736,49.98472731074774,96,101,96,101,-1,4,-1,4,-1,4,-1,4,96,101,96,101,-0.020570794619835752,,,,,,,,,0,0,0,0,52,48,-52,-48,5.097887182493224,16.185473324267164,-11.08758614177394,,,20.700000000000003,20.750000000000004,20.700000000000003,20.750000000000004,0.00019455809677887387,0.000211176232213402,,,,
1786413240,20.700000000000003,20.700000000000003,20.650000000000002,20.650000000000002,0,0,0,0,0,0,20.85,20.7,,,,,20.675000000000004,,,,,,,,,,,50.118878411443575,49.87830826738957,50.118878411443575,49.87830826738957,50.775686841262484,50.380207076005114,50.775686841262484,50.380207076005114,96,101,96,101,-1,4,-1,4,-1,4,-1,4,96,101,96,101,-0.026929588784599015,,,,,,,,,0,0,0,0,52,48,-52,-48,-6.387526140967903,6.033733054934051,-12.421259195901953,,,20.700000000000003,20.700000000000003,20.650000000000002,20.650000000000002,0.0001777932867593412,0.00020572492943626028,,,,
1786413240.001,20.650000000000002,20.650000000000002,20.6,20.6,0,0,0,0,0,0,20.85,20.7,,,,,20.625,,,,,,,,,,,49.05404906817146,49.760556953215556,49.05404906817146,49.760556953215556,50.535004305497786,50.45760569075145,50.535004305497786,50.45760569075145,96,101,96,101,-1,4,-1,4,-1,4,-1,4,96,101,96,101,-0.0517463726773178,,,,,,,,,0,0,0,0,52,48,-52,-48,-18.675353212969718,-3.7754277310174382,-14.89992548195228,,,20.650000000000002,20.650000000000002,20.6,20.6,0.00015452884933663344,0.00019405569890284112,,,,
1786413240.002,20.6,20.6,20.55,20.55,0,0,0,0,0,0,20.85,20.7,,,,,20.575000000000003,,,,,,,,,,,47.56226085505257,49.44651465347799,47.56226085505257,49.44651465347799,49.601432261855216,50.029518976303336,49.601432261855216,50.029518976303336,96,101,96,101,-1,4,-1,4,-1,4,-1,4,96,101,96,101,-0.074956506777754,,,,,,,,,0,0,0,0,52,48,-52,-48,-30.10329177117068,-12.51707098565377,-17.58622078551691,,,20.6,20.6,20.55,20.55,0.00012780085520630046,0.00017802177294479408,,,,
1786413480,20.55,20.55,20.5,20.5,0,0,0,0,0,0,20.85,20.7,,,,,20.525,,,,,,,,,,,45.67401083421883,48.90758553644097,45.67401083421883,48.90758553644097,47.372656224447276,48.7010876003753,47.372656224447276,48.7010876003753,96,101,96,101,-1,4,-1,4,-1,4,-1,4,96,101,96,101,-0.09154854227128736,,,,,,,,,0,0,0,0,52,48,-52,-48,-39.21972652632951,-23.596474412859454,-15.623252113470055,,,20.55,20.55,20.5,20.5,0.00009789354756105628,0.00015858463083438446,,,,
1786413480.001,20.5,20.5,20.45,20.45,0,0,0,0,0,0,20.85,20.7,,,,,20.475,,,,,,,,,,,43.417617706221286,48.123304417838156,43.417617706221286,48.123304417838156,44.03370533524045,46.36739646780788,44.03370533524045,46.36739646780788,96,101,96,101,-1,4,-1,4,-1,4,-1,4,96,101,96,101,-0.10748495204757907,,,,,,,,,0,0,0,0,52,48,-52,-48,-46.27566509267886,-33.56850915078719,-12.707155941891664,,,20.5,20.5,20.45,20.45,0.00006617607740218038,0.00013645845217406425,,,,
1786413480.002,20.450000000000003,20.450000000000003,20.400000000000002,20.400000000000002,0,0,0,0,0,0,20.85,20.7,,,,,20.425000000000004,,,,,,,,,,,40.81937740728597,47.07988627347356,40.81937740728597,47.07988627347356,39.74317600163468,43.05528623472128,39.74317600163468,43.05528623472128,96,101,96,101,-1,4,-1,4,-1,4,-1,4,96,101,96,101,-0.12717520007257388,,,,,,,,,0,0,0,0,52,48,-52,-48,-51.65694144054167,-41.81390620768018,-9.843035232861489,,,20.450000000000003,20.450000000000003,20.400000000000002,20.400000000000002,0.00003342327347642196,0.00010960264829032228,,,,
1786413720,20.400000000000002,20.400000000000002,20.35,20.35,0,0,0,0,0,0,20.85,20.7,,,,,20.375,,,,,,,,,,,37.903707592479826,45.769003604760165,37.903707592479826,45.769003604760165,34.63700800140124,38.84614711806126,34.63700800140124,38.84614711806126,96,101,96,101,-1,4,-1,4,-1,4,-1,4,96,101,96,101,-0.14636519675567405,,,,,,,,,0,0,0,0,52,48,-52,-48,-55.72460973321979,-48.21923569819246,-7.50537403502733,,,20.400000000000002,20.400000000000002,20.35,20.35,6.311657143831643e-7,0.0000800756281161626,,,,
1786413720.001,20.35,20.35,20.3,20.3,0,0,0,0,0,0,20.85,20.7,,,,,20.325000000000003,,,,,,,,,,,35.196299907302695,44.25861736226624,35.196299907302695,44.25861736226624,30.20834452068157,34.527245819371416,30.20834452068157,34.527245819371416,96,101,96,101,-1,4,-1,4,-1,4,-1,4,96,101,96,101,-0.16457857640331156,,,,,,,,,0,0,0,0,52,48,-52,-48,-59.01326660496847,-53.1676207178522,-5.8456458871162695,,,20.35,20.35,20.3,20.3,-0.00003887354930988445,0.000047841895008409634,,,,
1786413720.002,20.3,20.3,20.25,20.25,0,0,0,0,0,0,20.85,20.7,,,,,20.275,,,,,,,,,,,32.682278485352505,42.60485466556428,32.682278485352505,42.60485466556428,26.36905720820324,30.44815151378733,26.36905720820324,30.44815151378733,96,101,96,101,-1,4,-1,4,-1,4,-1,4,96,101,96,101,-0.18308231051420393,,,,,,,,,0,0,0,0,52,48,-52,-48,-61.4303120012872,-56.956282445004284,-4.474029556282915,,,20.3,20.3,20.25,20.25,-0.00008118967551894,0.000013010139887536227,,,,
1786413960,20.25,20.25,20.2,20.2,0,0,0,0,0,0,20.85,20.7,,,,,20.225,,,,,,,,,,,30.34783002211304,40.853851145071246,30.34783002211304,40.853851145071246,23.041609475163206,26.744880494475268,23.041609475163206,26.744880494475268,96,101,96,101,-1,4,-1,4,-1,4,-1,4,96,101,96,101,-0.19997349477394105,,,,,,,,,0,0,0,0,52,48,-52,-48,-63.19043571691189,-59.83965601409684,-3.3507797028150534,,,20.25,20.25,20.2,20.2,-0.00011955918164827858,-0.000023231981647352907,,,,
1786413960.001,20.200000000000003,20.200000000000003,20.150000000000002,20.150000000000002,0,0,0,0,0,0,20.85,20.7,,,,,20.175000000000004,,,,,,,,,,,28.180127877676394,39.04331924972912,28.180127877676394,39.04331924972912,20.158114244017433,23.45149736924635,20.158114244017433,23.45149736924635,96,101,96,101,-1,4,-1,4,-1,4,-1,4,96,101,96,101,-0.2212127360559982,,,,,,,,,0,0,0,0,52,48,-52,-48,-64.4583723391015,-62.023096665567266,-2.4352756735342354,,,20.200000000000003,20.200000000000003,20.150000000000002,20.150000000000002,-0.0001550308944475598,-0.0000600998102889763,,,,
1786414680,20.150000000000002,20.150000000000002,20.1,20.1,0,0,0,0,0,0,20.85,20.7,,,,,20.125,,,,,,,,,,,26.167261600699508,37.20388244272489,26.167261600699508,37.20388244272489,17.65933601868167,20.555416693964013,17.65933601868167,20.555416693964013,96,101,96,101,-1,4,-1,4,-1,4,-1,4,96,101,96,101,-0.24399125384587816,,,,,,,,,0,0,0,0,52,48,-52,-48,-64.84240941691652,-63.48038236855428,-1.3620270483622434,,,20.150000000000002,20.150000000000002,20.1,20.1,-0.00019318947052781847,-0.0000978686009563497,,,,
1786414920,20.1,20.1,20.05,20.05,0,0,0,0,0,0,20.85,20.7,,,,,20.075000000000003,,,,,,,,,,,24.298171486363827,35.360209448959026,24.298171486363827,35.360209448959026,15.493716587441424,18.02456664070272,15.493716587441424,18.02456664070272,96,101,96,101,-1,4,-1,4,-1,4,-1,4,96,101,96,101,-0.264600432474935,,,,,,,,,0,0,0,0,52,48,-52,-48,-64.85350122040094,-64.33617967333271,-0.5173215470682351,,,20.1,20.1,20.05,20.05,-0.00023163037192274017,-0.0001365788572292036,,,,
1786415640,20.05,20.05,20,20,0,0,0,0,0,0,20.85,20.7,,,,,20.025,,,,,,,,,,,22.56258780876641,33.531977786074364,22.56258780876641,33.531977786074364,13.616462957302726,15.820514799002723,13.616462957302726,15.820514799002723,96,101,96,101,-1,4,-1,4,-1,4,-1,4,96,101,96,101,-0.28861116029323,,,,,,,,,0,0,0,0,52,48,-52,-48,-64.74593662255464,-64.7250548997434,-0.020881722811239456,,,20.05,20.05,20,20,-0.00027406501084762194,-0.00017577743415215984,,,,
1786417320,20,20.06,19.95,19.95,0,0,0,0,0,0,20.85,20.7,,,,,19.975,,,,,,,,,,,20.950974393854523,31.734691587185814,20.950974393854523,31.734691587185814,12.179190471338844,13.999852635170782,12.179190471338844,13.999852635170782,96,101,96,101,-1,4,-1,4,-1,4,-1,4,96,101,96,101,-0.3136317454315255,,,,,,,,,0,0,0,0,52,48,-52,-48,-64.13760575067603,-64.64486325263702,0.5072575019609928,-64.64486325263702,-64.64486325263702,20,20.06,19.95,19.95,-0.00031136475408125437,-0.0002141399472458789,,,,
1786424400,19.950000000000003,20.04,19.900000000000002,19.900000000000002,0,0,0,0,0,0,20.85,20.7,,,,,19.925000000000004,,,,,,,,,,,19.454476222864912,29.980375106568545,19.454476222864912,29.980375106568545,11.010734689719014,12.505293662444899,11.010734689719014,12.505293662444899,96,101,96,101,-1,4,-1,4,-1,4,-1,4,96,101,96,101,-0.3333512073962792,,,,,,,,,0,0,0,0,52,48,-52,-48,-63.944219509450754,-64.42031577577059,0.4760962663198356,,,19.950000000000003,20.04,19.900000000000002,19.900000000000002,-0.00034818968093506733,-0.00025224503046034373,,,,
1786424640,19.900000000000002,19.900000000000002,19.85,19.85,0,0,0,0,0,0,20.85,20.7,,,,,19.875,,,,,,,,,,,18.064870778374562,28.278160202540835,18.064870778374562,28.278160202540835,9.723486876902056,11.114390269673478,9.723486876902056,11.114390269673478,96,101,96,101,-1,4,-1,4,-1,4,-1,4,96,101,96,101,-0.3446475453541239,,,,,,,,,0,0,0,0,52,48,-52,-48,-65.7320737606829,-64.63995891084107,-1.0921148498418205,-64.63995891084107,-64.63995891084107,19.900000000000002,19.900000000000002,19.85,19.85,-0.00038340361267131596,-0.00029030715016430304,,,,
1786425360,19.85,19.85,19.8,19.8,0,0,0,0,0,0,20.85,20.7,,,,,19.825000000000003,,,,,,,,,,,16.77452286563352,26.634783440125506,16.77452286563352,26.634783440125506,8.606526166596314,9.860458218134896,8.606526166596314,9.860458218134896,96,101,96,101,-1,4,-1,4,-1,4,-1,4,96,101,96,101,-0.3546439947659157,,,,,,,,,0,0,0,0,52,48,-52,-48,-66.78696291905945,-65.15021548496728,-1.6367474340921717,,,19.85,19.85,19.8,19.8,-0.00041974244743899056,-0.0003280659796494984,,,,
1786425600,19.8,19.8,19.75,19.75,0,0,0,0,0,0,20.85,20.7,,,,,19.775,,,,,,,,,,,15.576342660945413,25.055006185956923,15.576342660945413,25.055006185956923,7.63676268825138,8.748610453193137,7.63676268825138,8.748610453193137,96,101,96,101,-1,4,-1,4,-1,4,-1,4,96,101,96,101,-0.3672229975795127,,,,,,,,,0,0,0,0,52,48,-52,-48,-67.38366107153242,-65.96172931518137,-1.421931756351043,,,19.8,19.8,19.75,19.75,-0.00045595592476452274,-0.00036545357178979554,,,,
1786425600.001,19.75,19.75,19.7,19.7,0,0,0,0,0,0,20.85,20.7,,,,,19.725,,,,,,,,,,,14.463746756592169,23.5419691246191,14.463746756592169,23.5419691246191,6.794243794898693,7.771427124045916,6.794243794898693,7.771427124045916,96,101,96,101,-1,4,-1,4,-1,4,-1,4,96,101,96,101,-0.3802984366233799,,,,,,,,,0,0,0,0,52,48,-52,-48,-67.69299384003236,-66.89892289782678,-0.794070942205579,,,19.75,19.75,19.7,19.7,-0.0004944388541639943,-0.0004021825456758576,,,,
1786425840,19.700000000000003,19.700000000000003,19.650000000000002,19.650000000000002,0,0,0,0,0,0,20.85,20.7,,,,,19.675000000000004,,,,,,,,,,,13.430621988264155,22.09749096228268,13.430621988264155,22.09749096228268,6.061732776579827,6.9165799503128715,6.061732776579827,6.9165799503128715,96,101,96,101,-1,4,-1,4,-1,4,-1,4,96,101,96,101,-0.39334725022049416,,,,,,,,,0,0,0,0,52,48,-52,-48,-67.82355109109086,-67.42179223042876,-0.401758860662099,,,19.700000000000003,19.700000000000003,19.650000000000002,19.650000000000002,-0.0005301257705572548,-0.0004386427150885243,,,,
1786425840.001,19.650000000000002,19.650000000000002,19.6,19.6,0,0,0,0,0,0,20.85,20.7,,,,,19.625,,,,,,,,,,,12.471291846245288,20.722319659991626,12.471291846245288,20.722319659991626,5.424342379925602,6.170461165119237,5.424342379925602,6.170461165119237,96,101,96,101,-1,4,-1,4,-1,4,-1,4,96,101,96,101,-0.4065161864359763,,,,,,,,,0,0,0,0,52,48,-52,-48,-67.8467926643094,-67.68674966674126,-0.16004299756814078,,,19.650000000000002,19.650000000000002,19.6,19.6,-0.0005651286909279519,-0.0004747992167540051,,,,
1786425840.002,19.6,19.6,19.55,19.55,0,0,0,0,0,0,20.85,20.7,,,,,19.575000000000003,,,,,,,,,,,11.580485285799197,19.41634332082128,11.580485285799197,19.41634332082128,4.8692165454307315,5.519838855274984,4.8692165454307315,5.519838855274984,96,101,96,101,-1,4,-1,4,-1,4,-1,4,96,101,96,101,-0.4200430351357299,,,,,,,,,0,0,0,0,52,48,-52,-48,-67.80087698708468,-67.79105364562933,-0.009823341455344803,,,19.6,19.6,19.55,19.55,-0.0005990850935345568,-0.0005107461302312118,,,,
1786426080,19.55,19.55,19.5,19.5,0,0,0,0,0,0,20.85,20.7,,,,,19.525,,,,,,,,,,,10.75330776538497,18.178766812901806,10.75330776538497,18.178766812901806,4.385254393437977,4.952546624356481,4.385254393437977,4.952546624356481,96,101,96,101,-1,4,-1,4,-1,4,-1,4,96,101,96,101,-0.4279990754468118,,,,,,,,,0,0,0,0,52,48,-52,-48,-67.71770908175323,-67.79723245605955,0.07952337430631928,-67.79723245605955,-67.79723245605955,19.55,19.55,19.5,19.5,-0.0006335338427168704,-0.0005463780294441919,,,,
1786426320,19.5,19.5,19.45,19.45,0,0,0,0,0,0,20.85,20.7,,,,,19.475,,,,,,,,,,,9.985214353571758,17.0082593187118,9.985214353571758,17.0082593187118,3.9628711127427514,4.4577088685496165,3.9628711127427514,4.4577088685496165,96,101,96,101,-1,4,-1,4,-1,4,-1,4,96,101,96,101,-0.435598934407202,,,,,,,,,0,0,0,0,52,48,-52,-48,-67.61737006158178,-67.74568719868228,0.12831713710049542,,,19.5,19.5,19.45,19.45,-0.0006677155760714618,-0.0005816713046620151,,,,
1786428000,19.450000000000003,19.53,19.400000000000002,19.400000000000002,0,0,0,0,0,0,20.85,20.7,,,,,19.425000000000004,,,,,,,,,,,9.271984756888061,15.903077238451266,9.271984756888061,15.903077238451266,3.751426471020859,4.104567669785238,3.751426471020859,4.104567669785238,96,101,96,101,-1,4,-1,4,-1,4,-1,4,96,101,96,101,-0.4463156979397577,,,,,,,,,0,0,0,0,52,48,-52,-48,-66.43416205795384,-67.39252954709337,0.9583674891395333,,,19.450000000000003,19.53,19.400000000000002,19.400000000000002,-0.0007033578145885929,-0.0006164911313994481,,,,
1786428000.001,19.400000000000002,19.400000000000002,19.35,19.35,0,0,0,0,0,0,20.85,20.7,,,,,19.375,,,,,,,,,,,8.609700131396057,14.861166223157664,8.609700131396057,14.861166223157664,3.4059845942083853,3.755276131996812,3.4059845942083853,3.755276131996812,96,101,96,101,-1,4,-1,4,-1,4,-1,4,96,101,96,101,-0.45689662580898166,,,,,,,,,0,0,0,0,52,48,-52,-48,-67.09819931252704,-67.21686012845397,0.11866081592692979,,,19.400000000000002,19.400000000000002,19.35,19.35,-0.0007371487388951906,-0.0006509949594557707,,,,
1786428960,19.35,19.35,19.3,19.3,0,0,0,0,0,0,20.85,20.7,,,,,19.325000000000003,,,,,,,,,,,7.994721550582052,13.880245555646862,7.994721550582052,13.880245555646862,3.1037471636993494,3.4295116478480807,3.1037471636993494,3.4295116478480807,96,101,96,101,-1,4,-1,4,-1,4,-1,4,96,101,96,101,-0.46345434775653377,,,,,,,,,0,0,0,0,52,48,-52,-48,-67.39400441283765,-67.13593396122508,-0.2580704516125678,-67.13593396122508,-67.13593396122508,19.35,19.35,19.3,19.3,-0.0007702701904749228,-0.0006851852093802659,,,,
1786429200,19.3,19.3,19.25,19.25,0,0,0,0,0,0,20.85,20.7,,,,,19.275,,,,,,,,,,,7.423670011254763,12.957877620733703,7.423670011254763,12.957877620733703,2.838926140313724,3.1342188940809024,2.838926140313724,3.1342188940809024,96,101,96,101,-1,4,-1,4,-1,4,-1,4,96,101,96,101,-0.4688884562921889,,,,,,,,,0,0,0,0,52,48,-52,-48,-67.48894919177826,-67.1038287437742,-0.3851204480040593,,,19.3,19.3,19.25,19.25,-0.0008026384248951366,-0.0007191107646070293,,,,
1786429440,19.25,19.25,19.2,19.2,0,0,0,0,0,0,20.85,20.7,,,,,19.225,,,,,,,,,,,6.893407867593709,12.09152479885656,6.893407867593709,12.09152479885656,2.6119366916974736,2.873077792889188,2.6119366916974736,2.873077792889188,96,101,96,101,-1,4,-1,4,-1,4,-1,4,96,101,96,101,-0.4758386075519581,,,,,,,,,0,0,0,0,52,48,-52,-48,-67.46272214054501,-67.36096876442198,-0.10175337612302826,,,19.25,19.25,19.2,19.2,-0.0008352185910465121,-0.0007527248893286361,,,,
1786429440.001,19.200000000000003,19.200000000000003,19.150000000000002,19.150000000000002,0,0,0,0,0,0,20.85,20.7,,,,,19.175000000000004,,,,,,,,,,,6.401021591337015,11.27859576921091,6.401021591337015,11.27859576921091,2.417374307169259,2.6452260500292235,2.417374307169259,2.6452260500292235,96,101,96,101,-1,4,-1,4,-1,4,-1,4,96,101,96,101,-0.4760370426873679,-0.4760370426873679,,-0.4760370426873679,,,,,,0,0,0,0,52,48,-52,-48,-67.3783302839988,-67.43100150728993,0.052671223291127944,-67.43100150728993,-67.43100150728993,19.200000000000003,19.200000000000003,19.150000000000002,19.150000000000002,-0.0008674999259836774,-0.0007860222809806719,,,,
1786498440,19.200000000000003,19.250000000000004,19.12,19.250000000000004,0,0,0,0,0,0,20.85,20.7,,,,,19.225,,,,,,,,,,,6.480552253888098,10.59316098130765,6.480552253888098,10.59316098130765,2.895873858380001,2.770549954204612,2.895873858380001,2.770549954204612,96,101,96,101,-1,4,-1,4,-1,4,-1,4,96,101,96,101,-0.4448541962586722,,,,,,,,,0,0,0,0,52,48,-52,-48,-63.21668297912155,-66.38667114886091,3.169988169739362,,,19.200000000000003,19.250000000000004,19.12,19.250000000000004,-0.0008822053178590077,-0.0008158301981924078,,,,
1786498440.001,19.25,19.3,19.25,19.3,0,0,0,0,0,0,20.85,20.7,,,,,19.275,,,,,,,,,,,6.760843112714423,10.045687000080047,6.760843112714423,10.045687000080047,3.8844562957893425,3.3275031249969773,3.8844562957893425,3.3275031249969773,96,101,96,101,-1,4,-1,4,-1,4,-1,4,96,101,96,101,-0.4034627148940225,,,,,,,,,0,0,0,0,52,48,-52,-48,-52.915227104065224,-62.74324062693265,9.82801352286743,,,19.25,19.3,19.25,19.3,-0.0008848141013951301,-0.0008404410919423977,,,,
1786499400,19.3,19.35,19.23,19.35,0,0,0,0,0,0,20.85,20.7,,,,,19.325000000000003,,,,,,,,,,,7.227554153796342,9.643096593468089,7.227554153796342,9.643096593468089,5.101685866553593,4.214594495775286,5.101685866553593,4.214594495775286,96,101,96,101,-1,4,-1,4,-1,4,-1,4,96,101,96,101,-0.37310150457551616,,,,,,,,,0,0,0,0,52,48,-52,-48,-42.196846995314004,-56.426771840624895,14.22992484531089,,,19.3,19.35,19.23,19.35,-0.0008771543826245767,-0.00085825512396734,,,,
1786499400.001,19.35,19.400000000000002,19.35,19.400000000000002,0,0,0,0,0,0,20.85,20.7,,,,,19.375,,,,,,,,,,,7.867369649829887,9.389421315805489,7.867369649829887,9.389421315805489,6.800511321658461,5.507552908716873,6.800511321658461,5.507552908716873,96,101,96,101,-1,4,-1,4,-1,4,-1,4,96,101,96,101,-0.34174567629759156,,,,,,,,,0,0,0,0,52,48,-52,-48,-27.040857694752063,-46.34240369331321,19.301545998561146,,,19.35,19.400000000000002,19.35,19.400000000000002,-0.000860371199319975,-0.0008678772530381465,,,-0.000860371199319975,19.35
1786500120,19.400000000000002,19.450000000000003,19.400000000000002,19.450000000000003,0,0,0,0,0,0,20.85,20.7,,,,,19.425000000000004,,,,,,,,,,,8.667924996889939,9.286350413103268,8.667924996889939,9.286350413103268,8.821287696556695,7.164420302636784,8.821287696556695,7.164420302636784,96,101,96,101,-1,4,-1,4,-1,4,-1,4,96,101,96,101,-0.3097234508227867,,,,,,,,,0,0,0,0,52,48,-52,-48,-11.763684647988978,-33.47915411053007,21.71546946254109,,,19.400000000000002,19.450000000000003,19.400000000000002,19.450000000000003,-0.0008362108217601764,-0.0008680426248237573,,,,
1786500600,19.400000000000002,19.400000000000002,19.35,19.35,0,0,0,0,0,0,20.85,20.7,,,,,19.375,,,,,,,,,,,8.998415903387892,9.245216911715357,8.998415903387892,9.245216911715357,10.058606237408272,8.611513270022527,10.058606237408272,8.611513270022527,96,101,96,101,-1,4,-1,4,-1,4,-1,4,96,101,96,101,-0.3068369789983318,,,,,-0.3068369789983318,,-0.3068369789983318,,0,0,0,0,52,48,-52,-48,-7.911439376178297,-22.228207178558332,14.316767802380035,,,19.400000000000002,19.400000000000002,19.35,19.35,-0.0008237747127311158,-0.0008607550892816636,,,,
1786500600.001,19.35,19.35,19.3,19.3,0,0,0,0,0,0,20.85,20.7,,,,,19.325000000000003,,,,,,,,,,,9.098859358678515,9.22430868985295,9.098859358678515,9.22430868985295,10.692055863948285,9.651784566985405,10.692055863948285,9.651784566985405,96,101,96,101,-1,4,-1,4,-1,4,-1,4,96,101,96,101,-0.32566954786254976,,,,,,,,,0,0,0,0,52,48,-52,-48,-11.661887506577118,-14.59446730637411,2.932579799796992,,,19.35,19.35,19.3,19.3,-0.0008173991142726264,-0.0008499540553506,,,,
1786501320,19.3,19.3,19.25,19.25,1,0,0,1,0,0,20.85,20.7,,,,,19.275,,,,,,,,,,,8.985687323562333,9.190219923240006,8.985687323562333,9.190219923240006,10.77579009605877,10.213787331522088,10.77579009605877,10.213787331522088,96,101,96,101,-1,4,-1,4,-1,4,-1,4,96,101,96,101,-0.3426088504297255,,,,,,,,,0,0,0,0,52,48,-52,-48,-20.460448661470288,-12.949365048053672,-7.511083613416616,-12.949365048053672,-12.949365048053672,19.3,19.3,19.25,19.25,-0.0008153131126386215,-0.0008383705572245153,,,,
1786501560,19.25,19.25,19.2,19.2,0,0,0,0,0,0,20.85,20.7,,,,,19.225,,,,,,,,,,,8.674158047354117,9.11649679811345,8.674158047354117,9.11649679811345,10.352462939478922,10.283125135500505,10.352462939478922,10.283125135500505,96,101,96,101,-1,4,-1,4,-1,4,-1,4,96,101,96,101,-0.3552696367471752,,,,,,,,,0,0,0,0,52,48,-52,-48,-30.10364070978457,-17.534354063502573,-12.569286646281999,,,19.25,19.25,19.2,19.2,-0.000818009274357884,-0.0008285130391800666,,,,
1786501560.001,19.200000000000003,19.200000000000003,19.150000000000002,19.150000000000002,0,0,0,0,0,0,19.400000000000002,19.150000000000002,,,,,19.175000000000004,,,,,,,,,,,8.178439904417598,8.982488670442615,8.178439904417598,8.982488670442615,9.454259755325728,9.868692445413117,9.454259755325728,9.868692445413117,96,101,96,101,-1,4,-1,4,-1,4,-1,4,96,101,96,101,-0.3657978560197208,,,,,,,,,0,0,0,0,52,48,-52,-48,-38.69831217750235,-25.231072263833585,-13.467239913668767,,,19.200000000000003,19.200000000000003,19.150000000000002,19.150000000000002,-0.0008256407043871328,-0.0008227246233579263,,,,
1786501800,19.150000000000002,19.150000000000002,19.1,19.1,0,1,0,0,1,0,19.400000000000002,19.150000000000002,,,,,19.125,,,,,,,,,,,7.5942656255306265,8.784171092598045,7.5942656255306265,8.784171092598045,8.341746456945899,9.105219451179508,8.341746456945899,9.105219451179508,96,101,96,101,-1,4,-1,4,-1,4,-1,4,96,101,96,101,-0.3747668877930481,,,,,,,,,0,0,0,0,52,48,-52,-48,-45.732948621492866,-33.748837542562526,-11.98411107893034,,,19.150000000000002,19.150000000000002,19.1,19.1,-0.0008386579731486885,-0.0008231324819226783,,,,
1786501800.001,19.1,19.1,19.05,19.05,0,0,0,0,0,0,19.400000000000002,19.150000000000002,,,,,19.075000000000003,,,,,,,,,,,7.051818080849868,8.536692090919734,7.051818080849868,8.536692090919734,7.388163629763146,8.246691540471327,7.388163629763146,8.246691540471327,96,101,96,101,-1,4,-1,4,-1,4,-1,4,96,101,96,101,-0.385228380665224,-0.385228380665224,-0.385228380665224,-0.385228380665224,,,,,,0,0,0,0,52,48,-52,-48,-51.26171987920251,-41.44915534699558,-9.812564532206927,,,19.1,19.1,19.05,19.05,-0.0008568002131193275,-0.0008286367319873802,,,,
1786502280,19.1,19.150000000000002,19.04,19.150000000000002,0,0,0,0,0,0,19.400000000000002,19.150000000000002,,,,,19.125,,,,,,,,,,,6.982213079810484,8.314623660761269,6.982213079810484,8.314623660761269,7.293302815659085,7.769997178065205,7.293302815659085,7.769997178065205,96,101,96,101,-1,4,-1,4,-1,4,-1,4,96,101,96,101,-0.3696919641251941,,,,,,,,,0,0,0,0,52,48,-52,-48,-49.57017078892195,-46.31578786677993,-3.254382922142021,,,19.1,19.150000000000002,19.04,19.150000000000002,-0.0008622646165464736,-0.0008361143156996881,,,,
1786502760,19.150000000000002,19.200000000000003,19.150000000000002,19.200000000000003,0,0,0,0,0,0,19.400000000000002,19.150000000000002,,,,,19.175000000000004,,,,,,,,,,,7.114896360218668,8.143234046398039,7.114896360218668,8.143234046398039,8.053204215223923,7.911600696644564,8.053204215223923,7.911600696644564,96,101,96,101,-1,4,-1,4,-1,4,-1,4,96,101,96,101,-0.3320040410193242,,,,,,,,,0,0,0,0,52,48,-52,-48,-39.245308228707245,-46.452536879581146,7.207228650873901,-46.452536879581146,-46.452536879581146,19.150000000000002,19.200000000000003,19.150000000000002,19.200000000000003,-0.0008615240602039731,-0.0008438161402939134,,,,
1786511520,19.150000000000002,19.23,19.1,19.1,0,0,0,0,0,0,19.400000000000002,19.150000000000002,,,,,19.125,,,,,,,,,,,6.843469272136759,7.957553364360713,6.843469272136759,7.957553364360713,8.19654700927554,8.054073852960052,8.19654700927554,8.054073852960052,96,101,96,101,-1,4,-1,4,-1,4,-1,4,96,101,96,101,-0.3229484388794655,,,,,-0.3229484388794655,,-0.3229484388794655,,0,0,0,0,52,48,-52,-48,-36.906186826754904,-44.245846430896655,7.339659604141751,,,19.150000000000002,19.23,19.1,19.1,-0.0008745988876534077,-0.000853247742509834,,,,
1786511760,19.1,19.1,19.05,19.05,0,0,0,0,0,0,19.400000000000002,19.150000000000002,,,,,19.075000000000003,,,,,,,,,,,6.3941133375445185,7.734204789101256,6.3941133375445185,7.734204789101256,7.445779789463083,7.7499268212115675,7.445779789463083,7.7499268212115675,96,101,96,101,-1,4,-1,4,-1,4,-1,4,96,101,96,101,-0.3353832733066509,,,,,,,,,0,0,0,0,52,48,-52,-48,-43.39829785883079,-42.27999092580372,-1.118306933027064,-42.27999092580372,-42.27999092580372,19.1,19.1,19.05,19.05,-0.0008877231337191048,-0.0008635948140651627,,,,
1786513200,19.05,19.05,19,19,0,0,0,0,0,0,19.400000000000002,19.150000000000002,,,,,19.025,,,,,,,,,,,5.937390956291338,7.47751709869984,5.937390956291338,7.47751709869984,6.651638741372665,7.200782781292116,6.651638741372665,7.200782781292116,96,101,96,101,-1,4,-1,4,-1,4,-1,4,96,101,96,101,-0.3462032053098447,,,,,,,,,0,0,0,0,52,48,-52,-48,-50.305599238790485,-42.46384803827086,-7.841751200519624,,,19.05,19.05,19,19,-0.0009026929687456094,-0.000874267313331316,,,,
1786513200.001,19,19,18.95,18.95,0,0,0,0,0,0,19.400000000000002,19.150000000000002,,,,,18.975,,,,,,,,,,,5.513291602270528,7.196913456352795,5.513291602270528,7.196913456352795,5.963527833365293,6.582155307328705,5.963527833365293,6.582155307328705,96,101,96,101,-1,4,-1,4,-1,4,-1,4,96,101,96,101,-0.35506052659119536,,,,,,,,,0,0,0,0,52,48,-52,-48,-56.02849030291872,-46.659643556823724,-9.368846746094995,,,19,19,18.95,18.95,-0.000918727422187062,-0.0008845885148426052,,,,
1786513680,18.95,18.95,18.9,18.9,0,0,0,0,0,0,19.400000000000002,19.150000000000002,,,,,18.924999999999997,,,,,,,,,,,5.119485059251205,6.900137971052567,5.119485059251205,6.900137971052567,5.3973095714560095,5.989732439392357,5.3973095714560095,5.989732439392357,96,101,96,101,-1,4,-1,4,-1,4,-1,4,96,101,96,101,-0.3688303870195786,,,,,,,,,0,0,0,0,52,48,-52,-48,-60.422073348145865,-52.53861518717147,-7.883458160974392,,,18.95,18.95,18.9,18.9,-0.000935994647879187,-0.0008968768533980575,,,,
1786517760,18.95,19,18.95,19,0,0,0,0,0,0,19.400000000000002,19.150000000000002,,,,,18.975,,,,,,,,,,,5.120107921319347,6.645847963947822,5.120107921319347,6.645847963947822,5.82927286575931,5.909502652575833,5.82927286575931,5.909502652575833,96,101,96,101,-1,4,-1,4,-1,4,-1,4,96,101,96,101,-0.35397038903703976,,,,,,,,,0,0,0,0,52,48,-52,-48,-55.986548875438146,-55.68567794132331,-0.30087093411483323,,,18.95,19,18.95,19,-0.0009339263345784711,-0.0009089438991271405,,,,
1786584840,19,19.05,19,19.05,0,0,0,0,0,0,19.400000000000002,19.150000000000002,,,,,19.025,,,,,,,,,,,5.303836476389951,6.45413203715384,5.303836476389951,6.45413203715384,7.0600116627143645,6.484757157645099,7.0600116627143645,6.484757157645099,96,101,96,101,-1,4,-1,4,-1,4,-1,4,96,101,96,101,-0.3289332310947324,,,,,-0.3289332310947324,,-0.3289332310947324,,0,0,1,0,52,48,-52,-48,-44.78030726572329,-54.30435494805651,9.524047682333226,-54.30435494805651,-54.30435494805651,19,19.05,19,19.05,-0.0009272440788474985,-0.000917718097659489,,,,
1786585320,19,19,18.95,18.95,0,0,0,0,0,0,19.400000000000002,19.150000000000002,,,,,18.975,,,,,,,,,,,5.108141196940855,6.261847631409128,5.108141196940855,6.261847631409128,7.227909156276181,6.856333156960639,7.227909156276181,6.856333156960639,96,101,96,101,-1,4,-1,4,-1,4,-1,4,96,101,96,101,-0.33753487374082336,,,,,,,,,0,0,0,0,52,48,-52,-48,-45.61038101262623,-51.699827625483394,6.0894466128571665,,,19,19,18.95,18.95,-0.0009302437491148015,-0.0009248048668921051,,,,
1786585320.001,18.95,18.95,18.9,18.9,0,0,0,0,0,0,19.400000000000002,19.150000000000002,,,,,18.924999999999997,,,,,,,,,,,4.743273968587936,6.044908536720386,4.743273968587936,6.044908536720386,6.5524935625224945,6.704413359741567,6.5524935625224945,6.704413359741567,96,101,96,101,-1,4,-1,4,-1,4,-1,4,96,101,96,101,-0.3573850542586697,,,,,,,,,0,0,0,0,52,48,-52,-48,-50.26729102007866,-49.16113204346659,-1.1061589766120719,-49.16113204346659,-49.16113204346659,18.95,18.95,18.9,18.9,-0.0009372668275777379,-0.0009305671766974598,,,,
1786585320.002,18.900000000000002,18.900000000000002,18.85,18.85,0,0,0,0,0,0,19.400000000000002,19.150000000000002,,,,,18.875,,,,,,,,,,,4.4044686851173696,5.810559986491384,4.4044686851173696,5.810559986491384,5.9735659107336225,6.338989635237595,5.9735659107336225,6.338989635237595,96,101,96,101,-1,4,-1,4,-1,4,-1,4,96,101,96,101,-0.3695864352041089,,,,,,,,,0,0,0,0,52,48,-52,-48,-55.94429137692823,-49.15056766883911,-6.793723708089118,,,18.900000000000002,18.900000000000002,18.85,18.85,-0.0009479438345833281,-0.0009354365787635041,,,,
1786585560,18.85,18.85,18.8,18.8,0,0,0,0,0,0,19.400000000000002,19.150000000000002,,,,,18.825000000000003,,,,,,,,,,,4.089863779037557,5.5647462425694085,4.089863779037557,5.5647462425694085,5.4773422092002395,5.908165922218917,5.4773422092002395,5.908165922218917,96,101,96,101,-1,4,-1,4,-1,4,-1,4,96,101,96,101,-0.37795408136025654,,,,,,,,,0,0,0,0,52,48,-52,-48,-60.8225654230937,-53.16113220818171,-7.6614332149119875,,,18.85,18.85,18.8,18.8,-0.0009627189412942523,-0.0009398906276660151,,,,
1786585560.001,18.8,18.8,18.75,18.75,0,0,0,0,0,0,19.400000000000002,19.150000000000002,,,,,18.775,,,,,,,,,,,3.797730651963446,5.312315443911414,3.797730651963446,5.312315443911414,5.052007607885912,5.480086765052414,5.052007607885912,5.480086765052414,96,101,96,101,-1,4,-1,4,-1,4,-1,4,96,101,96,101,-0.3859415052657901,,,,,,,,,0,0,0,0,52,48,-52,-48,-64.57013591221319,-57.90107093307845,-6.669064979134738,,,18.8,18.8,18.75,18.75,-0.0009804066337437591,-0.0009476373441935632,,,,
1786585800,18.75,18.75,18.7,18.7,0,0,0,0,0,0,19.400000000000002,19.150000000000002,,,,,18.725,,,,,,,,,,,3.5264641768232,5.057193834327384,3.5264641768232,5.057193834327384,4.674526314504612,5.0773065397785135,4.674526314504612,5.0773065397785135,96,101,96,101,-1,4,-1,4,-1,4,-1,4,96,101,96,101,-0.39230459088177017,,,,,,,,,0,0,0,0,52,48,-52,-48,-67.26432695710993,-62.150329917336265,-5.113997039773665,,,18.75,18.75,18.7,18.7,-0.0010045421071123008,-0.0009605203489043635,,,,
1786586520,18.7,18.7,18.65,18.65,0,0,0,0,0,0,19.400000000000002,19.150000000000002,,,,,18.674999999999997,,,,,,,,,,,3.274573878478686,4.802533840634713,3.274573878478686,4.802533840634713,4.331412165679327,4.70435935272892,4.331412165679327,4.70435935272892,96,101,96,101,-1,4,-1,4,-1,4,-1,4,96,101,96,101,-0.40270048152779303,-0.40270048152779303,,-0.40270048152779303,,,,,,0,0,0,0,52,48,-52,-48,-69.09553595557978,-65.43814106199915,-3.65739489358063,,,18.7,18.7,18.65,18.65,-0.0010247963612099583,-0.0009762791175868896,,,,
1786587480,18.7,18.75,18.7,18.75,0,0,0,0,0,0,19.400000000000002,19.150000000000002,,,,,18.725,,,,,,,,,,,3.38910780005077,4.600615834837008,3.38910780005077,4.600615834837008,5.141210427725163,4.9227848902270415,5.141210427725163,4.9227848902270415,96,101,96,101,-1,4,-1,4,-1,4,-1,4,96,101,96,101,-0.38172296894060065,,,,,,,,,0,0,0,0,52,48,-52,-48,-63.34172339569436,-66.06793055514932,2.726207159454958,-66.06793055514932,-66.06793055514932,18.7,18.75,18.7,18.75,-0.0010243807290240825,-0.0009907981011612803,,,,
1786588200,18.7,18.7,18.65,18.65,0,0,0,0,0,0,19.400000000000002,19.150000000000002,,,,,18.674999999999997,,,,,,,,,,,3.147028671475715,4.392960525785395,3.147028671475715,4.392960525785395,4.763894652335908,4.8433397712814745,4.763894652335908,4.8433397712814745,96,101,96,101,-1,4,-1,4,-1,4,-1,4,96,101,96,101,-0.3628139467596204,,,,,,,,,0,0,0,0,52,48,-52,-48,-63.327354854603406,-65.75723529074686,2.4298804361434563,,,18.7,18.7,18.65,18.65,-0.0010367414237923958,-0.0010055976993627914,,,,
1786590360,18.650000000000002,18.650000000000002,18.6,18.6,0,0,0,0,0,0,19.400000000000002,19.150000000000002,,,,,18.625,,,,,,,,,,,2.92224090922745,4.182857723419975,2.92224090922745,4.182857723419975,4.419472727212343,4.631406249246909,4.419472727212343,4.631406249246909,96,101,96,101,-1,4,-1,4,-1,4,-1,4,96,101,96,101,-0.37314259883471235,,,,,,,,,0,0,0,0,52,48,-52,-48,-64.79874385733277,-65.14083951580258,0.34209565846981604,,,18.650000000000002,18.650000000000002,18.6,18.6,-0.0010533487499474407,-0.0010207026674716564,,,,
1786597200,18.6,18.6,18.55,18.55,0,0,0,0,0,0,19.400000000000002,19.150000000000002,,,,,18.575000000000003,,,,,,,,,,,2.713509415711204,3.972950822318722,2.713509415711204,3.972950822318722,4.105579797928032,4.368493023587471,4.105579797928032,4.368493023587471,96,101,96,101,-1,4,-1,4,-1,4,-1,4,96,101,96,101,-0.38444677555525375,,,,,,,,,0,0,0,0,52,48,-52,-48,-66.617608138662,-64.52135756157314,-2.096250577088867,-64.52135756157314,-64.52135756157314,18.6,18.6,18.55,18.55,-0.0010732753735286232,-0.0010361807907691336,,,,
1786598880,18.6,18.650000000000002,18.6,18.650000000000002,0,0,0,0,0,0,19.400000000000002,19.150000000000002,,,,,18.625,,,,,,,,,,,2.8859876808893468,3.817670373543097,2.8859876808893468,3.817670373543097,4.788909668065323,4.578701345826397,4.788909668065323,4.578701345826397,96,101,96,101,-1,4,-1,4,-1,4,-1,4,96,101,96,101,-0.36525598416814453,,,,,,,,,0,0,0,0,52,48,-52,-48,-60.699918012059314,-63.86090621566438,3.160988203605065,-63.86090621566438,-63.86090621566438,18.6,18.650000000000002,18.6,18.650000000000002,-0.0010795315000584206,-0.0010486790229268202,,,,
1786600080,18.6,18.6,18.55,18.55,0,0,0,0,0,0,19.400000000000002,19.150000000000002,,,,,18.575000000000003,,,,,,,,,,,2.6798457036829646,3.6551239921345067,2.6798457036829646,3.6551239921345067,4.422240032944873,4.500470689385635,4.422240032944873,4.500470689385635,96,101,96,101,-1,4,-1,4,-1,4,-1,4,96,101,96,101,-0.3461837105718709,,,,,,,,,0,0,0,0,52,48,-52,-48,-61.21808158072785,-63.333587897195486,2.1155063164676378,,,18.6,18.6,18.55,18.55,-0.0010937611011424052,-0.0010601731462488947,,,,
1786600800,18.55,18.55,18.5,18.5,0,0,0,0,0,0,19.400000000000002,19.150000000000002,,,,,18.525,,,,,,,,,,,2.4884281534198958,3.48845315803242,2.4884281534198958,3.48845315803242,4.091243336509132,4.295857012947383,4.091243336509132,4.295857012947383,96,101,96,101,-1,4,-1,4,-1,4,-1,4,96,101,96,101,-0.3507285449835219,,,,,,,,,0,0,0,0,52,48,-52,-48,-63.35770166440605,-62.97332734896381,-0.3843743154422441,-62.97332734896381,-62.97332734896381,18.55,18.55,18.5,18.5,-0.0011031504968078945,-0.00107330144087953,,,,
1786601280,18.5,18.5,18.45,18.45,0,0,0,0,0,0,19.400000000000002,19.150000000000002,,,,,18.475,,,,,,,,,,,2.3106832853184747,3.3202003190732845,2.3106832853184747,3.3202003190732845,3.7924942884363917,4.044175650691887,3.7924942884363917,4.044175650691887,96,101,96,101,-1,4,-1,4,-1,4,-1,4,96,101,96,101,-0.36296744432064176,,,,,,,,,0,0,0,0,52,48,-52,-48,-65.9319358815567,-62.80190928468748,-3.1300265968692145,,,18.5,18.5,18.45,18.45,-0.0011124553645782801,-0.0010859204310105107,,,,
1786602000,18.45,18.45,18.4,18.4,0,0,0,0,0,0,19.400000000000002,19.150000000000002,,,,,18.424999999999997,,,,,,,,,,,2.145634479224298,3.152405199094858,2.145634479224298,3.152405199094858,3.522818233625792,3.7834969421588394,3.522818233625792,3.7834969421588394,96,101,96,101,-1,4,-1,4,-1,4,-1,4,96,101,96,101,-0.367882105843819,,,,,,,,,0,0,0,0,52,48,-52,-48,-68.13251910478601,-64.66005955786915,-3.472459546916866,,,18.45,18.45,18.4,18.4,-0.001127697514234924,-0.0010983118917250914,,,,
1786602960,18.400000000000002,18.400000000000002,18.35,18.35,0,0,0,0,0,0,19.400000000000002,19.150000000000002,,,,,18.375,,,,,,,,,,,1.9923748735654194,2.9866865811620813,1.9923748735654194,2.9866865811620813,3.2792987457052645,3.531397843932052,3.2792987457052645,3.531397843932052,96,101,96,101,-1,4,-1,4,-1,4,-1,4,96,101,96,101,-0.3498957238683677,,,,,,,,,0,0,0,0,52,48,-52,-48,-69.78166160281688,-66.80095456339141,-2.980707039425468,,,18.400000000000002,18.400000000000002,18.35,18.35,-0.001145987341136962,-0.0011104305529931477,,,,
1786671000,18.400000000000002,18.450000000000003,18.31,18.450000000000003,0,0,0,0,0,0,19.400000000000002,19.150000000000002,,,,,18.425000000000004,,,,,,,,,,,2.3791629116970046,2.8998974855242134,2.3791629116970046,2.8998974855242134,4.147655805624218,3.839526824778135,4.147655805624218,3.839526824778135,96,101,96,101,-1,4,-1,4,-1,4,-1,4,96,101,96,101,-0.3057370700224058,,,,,,,,,0,0,0,0,52,48,-52,-48,-66.22418279249845,-67.51757484541452,1.2933920529160616,-67.51757484541452,-67.51757484541452,18.400000000000002,18.450000000000003,18.31,18.450000000000003,-0.0011494256579743756,-0.0011220795793124734,,,,
1786672200,18.45,18.5,18.39,18.5,0,0,0,0,0,0,19.400000000000002,19.150000000000002,,,,,18.475,,,,,,,,,,,2.9468003434702035,2.906597893802212,2.9468003434702035,2.906597893802212,5.725463218007583,4.782495021392859,5.725463218007583,4.782495021392859,96,101,96,101,-1,4,-1,4,-1,4,-1,4,96,101,96,101,-0.26019809997875765,,,,,,,,,0,0,0,0,52,48,-52,-48,-57.09651504317892,-65.30871963582007,8.21220459264115,,,18.45,18.5,18.39,18.5,-0.0011427077526764157,-0.0011302373545681419,,,,
1786672680,18.45,18.45,18.4,18.4,0,0,0,0,0,0,19.400000000000002,19.150000000000002,,,,,18.424999999999997,,,,,,,,,,,3.0954526732861773,2.933577148014207,3.0954526732861773,2.933577148014207,6.494841488450984,5.638668254921921,6.494841488450984,5.638668254921921,96,101,96,101,-1,4,-1,4,-1,4,-1,4,96,101,96,101,-0.2537726545511992,,,,,-0.2537726545511992,,-0.2537726545511992,,0,0,0,0,52,48,-52,-48,-54.66291020523832,-61.94131741093314,7.278407205694819,,,18.45,18.45,18.4,18.4,-0.0011435800996979744,-0.0011369756217164885,,,,
1786672920,18.400000000000002,18.400000000000002,18.35,18.35,0,0,0,0,0,0,19.400000000000002,19.150000000000002,,,,,18.375,,,,,,,,,,,3.037614217031053,2.9484395864451853,3.037614217031053,2.9484395864451853,6.4788610934443955,6.058764674183158,6.4788610934443955,6.058764674183158,96,101,96,101,-1,4,-1,4,-1,4,-1,4,96,101,96,101,-0.2737521427386464,,,,,,,,,0,0,0,0,52,48,-52,-48,-56.90253341673301,-58.721535364412176,1.819001947679169,,,18.400000000000002,18.400000000000002,18.35,18.35,-0.0011478769161031882,-0.0011428792136373067,,,,
1786672920.001,18.35,18.35,18.3,18.3,0,0,0,0,0,0,19.400000000000002,19.150000000000002,,,,,18.325000000000003,,,,,,,,,,,2.8206417729574063,2.9301827559469307,2.8206417729574063,2.9301827559469307,5.86052917072499,5.959646922454074,5.86052917072499,5.959646922454074,96,101,96,101,-1,4,-1,4,-1,4,-1,4,96,101,96,101,-0.2849837831615659,,,,,,,,,0,0,0,0,52,48,-52,-48,-61.13798654835112,-57.44998630337534,-3.6880002449757825,-57.44998630337534,-57.44998630337534,18.35,18.35,18.3,18.3,-0.0011587687887740692,-0.0011480577593938309,,,,
1786674120,18.3,18.3,18.25,18.25,0,0,0,0,0,0,19.400000000000002,19.150000000000002,,,,,18.275,,,,,,,,,,,2.619167360603306,2.885751985183556,2.619167360603306,2.885751985183556,5.314855907268644,5.637251414861359,5.314855907268644,5.637251414861359,96,101,96,101,-1,4,-1,4,-1,4,-1,4,96,101,96,101,-0.28566499219842084,,,,,,,,,0,0,0,0,52,48,-52,-48,-64.77185334987381,-59.36882088004906,-5.403032469824751,,,18.3,18.3,18.25,18.25,-0.001167097967742253,-0.0011515761971613793,,,,
1786674840,18.3,18.35,18.23,18.35,0,0,0,0,0,0,19.400000000000002,19.150000000000002,,,,,18.325000000000003,,,,,,,,,,,2.9453431735969997,2.894265012099762,2.9453431735969997,2.894265012099762,5.784162206230245,5.710706810545801,5.784162206230245,5.710706810545801,96,101,96,101,-1,4,-1,4,-1,4,-1,4,96,101,96,101,-0.2655753992211334,,,,,,,,,0,0,1,0,52,48,-52,-48,-61.55665323166896,-61.092256636656714,-0.4643965950122464,,,18.3,18.35,18.23,18.35,-0.0011633809629112975,-0.0011539020813175328,,,,
1786675560,18.3,18.3,18.25,18.25,0,0,0,0,0,0,19.400000000000002,19.150000000000002,,,,,18.275,,,,,,,,,,,2.823144939856824,2.8841050017793424,2.823144939856824,2.8841050017793424,5.529281891054484,5.619994350800143,5.529281891054484,5.619994350800143,96,101,96,101,-1,4,-1,4,-1,4,-1,4,96,101,96,101,-0.2570682892014983,,,,,,,,,0,0,0,0,52,48,-52,-48,-62.01448009066345,-62.370243305139326,0.35576321447587844,-62.370243305139326,-62.370243305139326,18.3,18.3,18.25,18.25,-0.0011707011382156788,-0.0011585676455740767,,,,
1786676040,18.25,18.25,18.2,18.2,0,0,0,0,0,0,19.400000000000002,19.150000000000002,,,,,18.225,,,,,,,,,,,2.6214917298670506,2.846588820077586,2.6214917298670506,2.846588820077586,5.016776988448913,5.3183856696245275,5.016776988448913,5.3183856696245275,96,101,96,101,-1,4,-1,4,-1,4,-1,4,96,101,96,101,-0.26676394780663204,,,,,,,,,0,0,0,0,52,48,-52,-48,-64.67234923599908,-63.253833977051315,-1.4185152589477639,-63.253833977051315,-63.253833977051315,18.25,18.25,18.2,18.2,-0.0011805896123799242,-0.0011647358976877352,,,,
1786677960,18.25,18.3,18.17,18.3,0,0,0,0,0,0,19.400000000000002,19.150000000000002,,,,,18.275,,,,,,,,,,,3.0219457563955308,2.8716398109801498,3.0219457563955308,2.8716398109801498,5.566940922713641,5.442663296169084,5.566940922713641,5.442663296169084,96,101,96,101,-1,4,-1,4,-1,4,-1,4,96,101,96,101,-0.24822959916908688,,,,,,,,,0,0,0,0,52,48,-52,-48,-61.191471187827695,-62.35873843653979,1.1672672487120934,-62.35873843653979,-62.35873843653979,18.25,18.3,18.17,18.3,-0.001167924826073225,-0.0011680772160160746,,,-0.001167924826073225,18.17
1786684080,18.25,18.25,18.2,18.2,0,0,0,0,0,0,19.400000000000002,19.150000000000002,,,,,18.225,,,,,,,,,,,2.9461485104905165,2.8822839109102025,2.9461485104905165,2.8822839109102025,5.53971280318615,5.491188049677618,5.53971280318615,5.491188049677618,96,101,96,101,-1,4,-1,4,-1,4,-1,4,96,101,96,101,-0.23834093766905168,,,,,,,,,0,0,0,0,52,48,-52,-48,-61.37465950569646,-62.313240005046666,0.9385804993502092,,,18.25,18.25,18.2,18.2,-0.001171424069497699,-0.0011701864294700129,,,,
1786685760,18.25,18.3,18.17,18.3,0,0,0,0,0,0,19.400000000000002,19.150000000000002,,,,,18.275,,,,,,,,,,,3.3631224585828874,2.9509751320063,3.3631224585828874,2.9509751320063,6.27429928584789,5.882743667762754,6.27429928584789,5.882743667762754,96,101,96,101,-1,4,-1,4,-1,4,-1,4,96,101,96,101,-0.2273590732482364,,,,,,,,,0,0,0,0,52,48,-52,-48,-56.00073185038071,-60.80980294497598,4.809071094595268,,,18.25,18.3,18.17,18.3,-0.0011573762234543016,-0.0011685661387553542,,,-0.0011573762234543016,18.17
1786686720,18.3,18.35,18.3,18.35,0,0,0,0,0,0,19.400000000000002,19.150000000000002,,,,,18.325000000000003,,,,,,,,,,,4.022000324927864,3.1039787309950952,4.022000324927864,3.1039787309950952,7.975373413843651,6.929058540803203,7.975373413843651,6.929058540803203,96,101,96,101,-1,4,-1,4,-1,4,-1,4,96,101,96,101,-0.1983479854963956,,,,,,,,,0,0,0,0,52,48,-52,-48,-40.25239934172636,-54.7048154714078,14.452416129681438,,,18.3,18.35,18.3,18.35,-0.00113943535913849,-0.0011645752047932197,,,,
1786686960,18.35,18.400000000000002,18.35,18.400000000000002,0,0,0,0,0,0,19.400000000000002,19.150000000000002,,,,,18.375,,,,,,,,,,,4.925190777909211,3.3641518805542545,4.925190777909211,3.3641518805542545,10.245125263814057,8.587091902308629,10.245125263814057,8.587091902308629,96,101,96,101,-1,4,-1,4,-1,4,-1,4,96,101,96,101,-0.17530147235968216,,,,,,,,,0,0,0,0,52,48,-52,-48,-23.696633657984115,-45.331106088946896,21.63447243096278,,,18.35,18.400000000000002,18.35,18.400000000000002,-0.001115887300129942,-0.0011554395651122635,,,,
1786930200,18.400000000000002,18.450000000000003,18.400000000000002,18.450000000000003,0,0,0,0,0,0,19.400000000000002,19.150000000000002,,,,,18.425000000000004,,,,,,,,,,,6.043979671924105,3.7469844221785187,6.043979671924105,3.7469844221785187,13.0023151611913,10.794703531749963,13.0023151611913,10.794703531749963,96,101,96,101,-1,4,-1,4,-1,4,-1,4,96,101,96,101,-0.15024250172490936,,,,,,,,,0,0,0,0,52,48,-52,-48,-8.528415192637805,-32.11954501068224,23.591129818044433,,,18.400000000000002,18.450000000000003,18.400000000000002,18.450000000000003,-0.0010870012053199357,-0.001139841497268932,,,,
1786930200.001,18.45,18.5,18.45,18.5,0,0,0,0,0,0,19.400000000000002,19.150000000000002,,,,,18.475,,,,,,,,,,,7.345460115526157,4.261052378371039,7.345460115526157,4.261052378371039,16.17730909920292,13.486006315476441,16.17730909920292,13.486006315476441,96,101,96,101,-1,4,-1,4,-1,4,-1,4,96,101,96,101,-0.11794243926096432,,,,,,,,,0,0,0,0,52,48,-52,-48,5.40521885708419,-16.768057333816014,22.173276190900204,,,18.45,18.5,18.45,18.5,-0.001044013349632683,-0.0011191895845288418,,,,
1786930200.002,18.5,18.55,18.5,18.55,0,0,0,0,0,0,19.400000000000002,19.150000000000002,,,,,18.525,,,,,,,,,,,8.941320107274281,4.929662053928645,8.941320107274281,4.929662053928645,20.062478367303022,16.77424234138973,20.062478367303022,16.77424234138973,96,101,96,101,-1,4,-1,4,-1,4,-1,4,96,101,96,101,-0.08361636037698855,,,,,,,,,0,0,0,0,52,48,-52,-48,16.382334709852294,-2.60937382092135,18.991708530773643,,,18.5,18.55,18.5,18.55,-0.000995690574730829,-0.0010899006687343634,,,,
1786930200.003,18.55,18.6,18.55,18.6,0,0,0,0,0,0,19.400000000000002,19.150000000000002,,,,,18.575000000000003,,,,,,,,,,,10.702207956754688,5.75431146861808,10.702207956754688,5.75431146861808,24.705567538274412,20.739904939832073,24.705567538274412,20.739904939832073,96,101,96,101,-1,4,-1,4,-1,4,-1,4,96,101,96,101,-0.04915684182229184,,,,,,,,,0,0,0,0,52,48,-52,-48,25.77347712636745,9.758153875166542,16.015323251200908,,,18.55,18.6,18.55,18.6,-0.0009457902198853768,-0.0010546363348062093,,,,
1786930200.004,18.6,18.650000000000002,18.6,18.650000000000002,0,0,0,0,0,0,19.400000000000002,19.150000000000002,,,,,18.625,,,,,,,,,,,12.616335959843639,6.734600681650302,12.616335959843639,6.734600681650302,30.178157694254793,25.459031317043433,30.178157694254793,25.459031317043433,96,101,96,101,-1,4,-1,4,-1,4,-1,4,96,101,96,101,-0.014680882691040346,,,,,,,,,0,0,0,0,52,48,-52,-48,33.25481797281139,20.20396216652884,13.050855806282549,,,18.6,18.650000000000002,18.6,18.650000000000002,-0.0008966999536504909,-0.0010141804338915429,,,,
1786930200.005,18.650000000000002,18.700000000000003,18.650000000000002,18.700000000000003,0,0,0,0,0,0,19.400000000000002,19.150000000000002,,,,,18.675000000000004,,,,,,,,,,,14.672758391283383,7.8686232115978845,14.672758391283383,7.8686232115978845,36.581278023647,31.020154670345217,36.581278023647,31.020154670345217,96,101,96,101,-1,4,-1,4,-1,4,-1,4,96,101,96,101,0.019191050981087726,,,,,,,,,0,0,0,0,52,48,-52,-48,39.2545889052321,28.666304678565815,10.588284226666282,,,18.650000000000002,18.700000000000003,18.650000000000002,18.700000000000003,-0.0008475618056000166,-0.0009694595181365555,,,,
1786930200.006,18.7,18.75,18.7,18.75,0,0,0,0,0,0,19.400000000000002,19.150000000000002,,,,,18.725,,,,,,,,,,,16.861311363334558,9.153292947560265,16.861311363334558,9.153292947560265,44.05379386153869,37.53697426594196,44.05379386153869,37.53697426594196,96,101,96,101,-1,4,-1,4,-1,4,-1,4,96,101,96,101,0.05198196991920635,,,,,,,,,0,0,0,0,52,48,-52,-48,44.09246244306963,35.593836611870145,8.498625831199483,,,18.7,18.75,18.7,18.75,-0.0007989415748094938,-0.0009214495797181483,,,,
1786930200.007,18.75,18.8,18.75,18.8,0,0,0,0,0,0,19.400000000000002,19.150000000000002,,,,,18.775,,,,,,,,,,,19.17255698023922,10.584616380800115,19.17255698023922,10.584616380800115,51.592594284947005,44.56478427544448,51.592594284947005,44.56478427544448,96,101,96,101,-1,4,-1,4,-1,4,-1,4,96,101,96,101,0.08370100569303973,,,,,,,,,0,0,0,0,52,48,-52,-48,48.31330915876195,41.228794619968774,7.084514538793179,,,18.75,18.8,18.75,18.8,-0.0007394254926414031,-0.0008706849368862684,,,,
1786930440,18.8,18.85,18.8,18.85,0,0,0,0,0,0,19.400000000000002,19.150000000000002,,,,,18.825000000000003,,,,,,,,,,,21.5977314816507,12.157918538064484,21.5977314816507,12.157918538064484,58.08776989129912,51.3262770833718,58.08776989129912,51.3262770833718,96,101,96,101,-1,4,-1,4,-1,4,-1,4,96,101,96,101,0.10110747199561532,,,,,,,,,0,0,0,0,52,48,-52,-48,51.70089199428599,45.840313125337424,5.860578868948565,,,18.8,18.85,18.8,18.85,-0.0006840890358601222,-0.0008187513470744838,,,,
1786931880,18.85,18.900000000000002,18.79,18.900000000000002,0,0,0,0,0,0,19.400000000000002,19.150000000000002,,,,,18.875,,,,,,,,,,,24.12869709010422,13.868029759784447,24.12869709010422,13.868029759784447,63.449008243422725,57.38764266339726,63.449008243422725,57.38764266339726,96,101,96,101,-1,4,-1,4,-1,4,-1,4,96,101,96,101,0.11825548425160717,,,,,,,,,0,0,0,0,52,48,-52,-48,53.40136286255879,49.3770066146691,4.024356247889692,,,18.85,18.900000000000002,18.79,18.900000000000002,-0.0006325005613607318,-0.0007665364039870431,,,,
1786932120,18.900000000000002,18.950000000000003,18.900000000000002,18.950000000000003,0,0,0,0,0,0,19.400000000000002,19.150000000000002,,,,,18.925000000000004,,,,,,,,,,,26.757897297953924,15.709439408094372,26.757897297953924,15.709439408094372,68.30427812806198,62.84596039572962,68.30427812806198,62.84596039572962,96,101,96,101,-1,4,-1,4,-1,4,-1,4,96,101,96,101,0.1297556172671036,,,,,,,,,0,0,0,0,52,48,-52,-48,56.066555134919476,52.370529787631554,3.6960253472879216,,,18.900000000000002,18.950000000000003,18.900000000000002,18.950000000000003,-0.0005794675684616213,-0.0007136643397888981,,,,
1786935960,18.95,19,18.89,19,0,0,0,0,0,0,19.400000000000002,19.150000000000002,,,,,18.975,,,,,,,,,,,29.47831534810006,17.676421685238044,29.47831534810006,17.676421685238044,72.28146386880356,67.56371213226659,72.28146386880356,67.56371213226659,96,101,96,101,-1,4,-1,4,-1,4,-1,4,96,101,96,101,0.1231206945467818,,,,,,,,,0,0,0,0,52,48,-52,-48,57.25441444924952,54.605806110253454,2.6486083389960697,,,18.95,19,18.89,19,-0.0005337881525574083,-0.0006613687309484634,,,,
1786946400,19,19.05,19,19.05,0,0,0,0,0,0,19.400000000000002,19.150000000000002,,,,,19.025,,,,,,,,,,,32.48305821231823,19.79165547482093,32.48305821231823,19.79165547482093,75.91657942001345,71.74014577614003,75.91657942001345,71.74014577614003,96,101,96,101,-1,4,-1,4,-1,4,-1,4,96,101,96,101,0.12127607663216239,,,,,,,,,0,0,0,0,52,48,-52,-48,59.36929617299091,56.522907154929676,2.846389018061231,,,19,19.05,19,19.05,-0.0004864082531492587,-0.0006092798440050909,,,,
1786949280,19.05,19.1,19.05,19.1,0,0,0,0,0,0,19.400000000000002,19.150000000000002,,,,,19.075000000000003,,,,,,,,,,,35.79237972015506,22.077473224154378,35.79237972015506,22.077473224154378,79.04984841223887,75.39499709418945,79.04984841223887,75.39499709418945,96,101,96,101,-1,4,-1,4,-1,4,-1,4,96,101,96,101,0.13160729488479506,,,,,0.13160729488479506,,0.13160729488479506,,0,0,0,0,52,48,-52,-48,60.86120315760474,58.387867228691164,2.4733359289135777,,,19.05,19.1,19.05,19.1,-0.00043330693283849634,-0.0005582600840379398,,,,
1787016600,19.05,19.13,19,19,0,0,0,0,0,0,19.400000000000002,19.150000000000002,,,,,19.025,,,,,,,,,,,38.482304556831714,24.421020557393998,38.482304556831714,24.421020557393998,80.64391768668092,78.01945739043518,80.64391768668092,78.01945739043518,96,101,96,101,-1,4,-1,4,-1,4,-1,4,96,101,96,101,0.1168971334250294,,,,,,,,,0,0,0,0,52,48,-52,-48,57.87174576351904,58.83916488584105,-0.9674191223220134,58.83916488584105,58.83916488584105,19.05,19.13,19,19,-0.0004016570861002567,-0.0005111880924112955,,,,
1787017080,19,19,18.95,18.95,0,0,0,0,0,0,19.400000000000002,19.150000000000002,,,,,18.975,,,,,,,,,,,40.892298675788176,26.774060288593166,40.892298675788176,26.774060288593166,81.02811992191697,79.52378865617607,81.02811992191697,79.52378865617607,96,101,96,101,-1,4,-1,4,-1,4,-1,4,96,101,96,101,0.08158758212134072,,,,,,,,,0,0,0,0,52,48,-52,-48,48.47602234013472,56.64456685856235,-8.16854451842763,,,19,19,18.95,18.95,-0.0003829652217293895,-0.00046959886913940503,,,,
1787017320,18.95,18.95,18.9,18.9,0,0,0,0,0,0,19.400000000000002,19.150000000000002,,,,,18.924999999999997,,,,,,,,,,,42.89055766525343,29.07641705668749,42.89055766525343,29.07641705668749,80.61338850450029,80.06858858033817,80.61338850450029,80.06858858033817,96,101,96,101,-1,4,-1,4,-1,4,-1,4,96,101,96,101,0.047817706930390794,,,,,,,,,0,0,0,0,52,48,-52,-48,35.63581795330721,50.71119730364143,-15.075379350334217,,,18.95,18.95,18.9,18.9,-0.00037390948050751026,-0.0004353391878137199,,,,
1787017320.001,18.900000000000002,18.900000000000002,18.85,18.85,0,0,0,0,0,0,19.400000000000002,19.150000000000002,,,,,18.875,,,,,,,,,,,44.40915664603722,31.266808426594594,44.40915664603722,31.266808426594594,79.51385681338128,79.79122269685973,79.51385681338128,79.79122269685973,96,101,96,101,-1,4,-1,4,-1,4,-1,4,96,101,96,101,0.018325690563297928,,,,,,,,,0,0,0,0,52,48,-52,-48,21.246006416419725,40.807398118345176,-19.56139170192545,,,18.900000000000002,18.900000000000002,18.85,18.85,-0.0003774728707725492,-0.0004092866408495767,,,,
1787017320.002,18.85,18.85,18.8,18.8,0,0,0,0,0,0,19.400000000000002,19.150000000000002,,,,,18.825000000000003,,,,,,,,,,,45.48235704733106,33.2976010866998,45.48235704733106,33.2976010866998,77.82735345908873,78.80928807797423,77.82735345908873,78.80928807797423,96,101,96,101,-1,4,-1,4,-1,4,-1,4,96,101,96,101,-0.0011226398725506016,,,,,,,,,0,0,0,0,52,48,-52,-48,6.165740063569791,27.880896693357865,-21.715156629788076,,,18.85,18.85,18.8,18.8,-0.0003878125197188597,-0.0003928540186111769,,,,
1787017800,18.8,18.8,18.75,18.75,0,0,0,0,0,0,19.400000000000002,19.150000000000002,,,,,18.775,,,,,,,,,,,46.14197305338422,35.132511367654715,46.14197305338422,35.132511367654715,75.63773153636176,77.223509807168,75.63773153636176,77.223509807168,96,101,96,101,-1,4,-1,4,-1,4,-1,4,96,101,96,101,-0.006096368312410979,,,,,,,,,0,0,0,0,52,48,-52,-48,-7.181717284930636,13.966461787091523,-21.14817907202216,,,18.8,18.8,18.75,18.75,-0.00040104975332155537,-0.0003874778220250201,,,,
1787020920,18.75,18.75,18.7,18.7,0,0,0,0,0,0,19.400000000000002,19.150000000000002,,,,,18.725,,,,,,,,,,,46.4175464067139,36.74465923037746,46.4175464067139,36.74465923037746,73.01686512640529,75.12018746678665,73.01686512640529,75.12018746678665,96,101,96,101,-1,4,-1,4,-1,4,-1,4,96,101,96,101,-0.010927807697945498,,,,,,,,,0,0,0,0,52,48,-52,-48,-18.472086323216622,0.4394857179605651,-18.911572041177187,,,18.75,18.75,18.7,18.7,-0.00042162216114133603,-0.0003908053345318667,,,,
1787021400,18.7,18.7,18.65,18.65,0,0,0,0,0,0,19.400000000000002,19.150000000000002,,,,,18.674999999999997,,,,,,,,,,,46.336508725371786,38.11492344394808,46.336508725371786,38.11492344394808,70.0263605845379,72.57327402566227,70.0263605845379,72.57327402566227,96,101,96,101,-1,4,-1,4,-1,4,-1,4,96,101,96,101,-0.030340176641522665,,,,,,,,,0,0,0,0,52,48,-52,-48,-27.13833796439416,-11.65660037724291,-15.481737587151251,,,18.7,18.7,18.65,18.65,-0.0004478185507918938,-0.00040161422270895074,,,,
1787034000,18.7,18.75,18.62,18.75,0,0,0,0,0,0,19.400000000000002,19.150000000000002,,,,,18.725,,,,,,,,,,,47.34223429260713,39.433110708042236,47.34223429260713,39.433110708042236,68.1178328819849,70.34555345382358,68.1178328819849,70.34555345382358,96,101,96,101,-1,4,-1,4,-1,4,-1,4,96,101,96,101,-0.027890276696108815,,,,,,,,,0,0,0,0,52,48,-52,-48,-28.70693005210037,-20.37476790616045,-8.332162145939918,,,18.7,18.75,18.62,18.75,-0.00045837245958632193,-0.00041569138588875274,,,,
1787034000.001,18.75,18.8,18.75,18.8,0,0,0,0,0,0,19.400000000000002,19.150000000000002,,,,,18.775,,,,,,,,,,,48.64814612884948,40.74954433958613,48.64814612884948,40.74954433958613,67.46409485122517,68.90482415252438,67.46409485122517,68.90482415252438,96,101,96,101,-1,4,-1,4,-1,4,-1,4,96,101,96,101,-0.0056772510860377285,,,,,,,,,0,0,0,0,52,48,-52,-48,-20.50246052212855,-23.70495371545993,3.202493193331378,-23.70495371545993,-23.70495371545993,18.75,18.8,18.75,18.8,-0.0004624769049974528,-0.0004298587249262367,,,,
1787034480,18.8,18.85,18.8,18.85,0,0,0,0,0,0,19.400000000000002,19.150000000000002,,,,,18.825000000000003,,,,,,,,,,,50.2328023577412,42.10429548503686,50.2328023577412,42.10429548503686,67.64779558676446,68.27630986964442,67.64779558676446,68.27630986964442,96,101,96,101,-1,4,-1,4,-1,4,-1,4,96,101,96,101,0.011086131182970874,,,,,0.011086131182970874,,0.011086131182970874,,0,0,0,0,52,48,-52,-48,-8.334419063754924,-21.170536900594506,12.836117836839582,,,18.8,18.85,18.8,18.85,-0.00045723464476492737,-0.0004414290791005814,,,,
1787103000,18.8,18.86,18.75,18.75,0,0,0,0,0,0,19.400000000000002,19.150000000000002,,,,,18.775,,,,,,,,,,,50.960221236950154,43.36942773531018,50.960221236950154,43.36942773531018,67.09096764579812,67.68363875772127,67.09096764579812,67.68363875772127,96,101,96,101,-1,4,-1,4,-1,4,-1,4,96,101,96,101,-0.001159518769280594,,,,,,,,,0,0,0,0,52,48,-52,-48,-6.29092835810727,-15.958684499022784,9.667756140915515,,,18.8,18.86,18.75,18.75,-0.0004595964794102057,-0.00045118686678202307,,,,
1787103000.001,18.75,18.75,18.7,18.7,0,0,0,0,0,0,19.400000000000002,19.150000000000002,,,,,18.725,,,,,,,,,,,51.26365781526323,44.49717488958919,51.26365781526323,44.49717488958919,65.69106750592218,66.68735313182172,65.69106750592218,66.68735313182172,96,101,96,101,-1,4,-1,4,-1,4,-1,4,96,101,96,101,-0.03343299494798657,,,,,,,,,0,0,0,0,52,48,-52,-48,-15.48866976217477,-12.654119426541383,-2.834550335633386,-12.654119426541383,-12.654119426541383,18.75,18.75,18.7,18.7,-0.0004655500834141978,-0.0004585081871608334,,,,
1787103000.002,18.7,18.7,18.65,18.65,0,0,0,0,0,0,18.86,18.65,,,,,18.674999999999997,,,,,,,,,,,51.17339654274441,45.450920840039934,51.17339654274441,45.450920840039934,63.74710548126665,65.21722930654418,63.74710548126665,65.21722930654418,96,101,96,101,-1,4,-1,4,-1,4,-1,4,96,101,96,101,-0.06185660994658701,,,,,,,,,0,0,0,0,52,48,-52,-48,-26.89376492572692,-14.251945527440975,-12.641819398285945,,,18.7,18.7,18.65,18.65,-0.0004734329873911939,-0.0004627772599273834,,,,
1787103000.003,18.650000000000002,18.650000000000002,18.6,18.6,0,0,0,0,0,0,18.86,18.65,,,,,18.625,,,,,,,,,,,50.71755869445315,46.20329767638468,50.71755869445315,46.20329767638468,61.33680469822862,63.2770170023864,61.33680469822862,63.2770170023864,96,101,96,101,-1,4,-1,4,-1,4,-1,4,96,101,96,101,-0.08686362712282576,,,,,,,,,0,0,0,0,52,48,-52,-48,-37.03718150382487,-21.427636137458464,-15.609545366366405,,,18.650000000000002,18.650000000000002,18.6,18.6,-0.00048159265752377813,-0.00046664729291695945,,,,
1787103000.004,18.6,18.6,18.55,18.55,0,0,0,0,0,0,18.86,18.65,,,,,18.575000000000003,,,,,,,,,,,49.9222568829446,46.7345775630361,49.9222568829446,46.7345775630361,58.52678497943405,60.90190099091022,58.52678497943405,60.90190099091022,96,101,96,101,-1,4,-1,4,-1,4,-1,4,96,101,96,101,-0.11110008938282041,,,,,,,,,0,0,0,0,52,48,-52,-48,-44.385561951607926,-30.951294535833625,-13.4342674157743,,,18.6,18.6,18.55,18.55,-0.0004975009160928797,-0.00047248462809953057,,,,
1787103000.005,18.55,18.55,18.5,18.5,0,0,0,0,0,0,18.86,18.65,,,,,18.525,,,,,,,,,,,48.811738534162835,47.031314844625626,48.811738534162835,47.031314844625626,55.374149029991074,58.13802501045065,55.374149029991074,58.13802501045065,96,101,96,101,-1,4,-1,4,-1,4,-1,4,96,101,96,101,-0.13535434286148576,,,,,,,,,0,0,0,0,52,48,-52,-48,-49.7795946191962,-39.52402575008898,-10.255568869107222,,,18.55,18.55,18.5,18.5,-0.0005165713664228378,-0.0004823740817091824,,,,
1787103000.006,18.5,18.5,18.45,18.45,0,0,0,0,0,0,18.86,18.65,,,,,18.475,,,,,,,,,,,47.40851911505596,47.08520116897282,47.40851911505596,47.08520116897282,50.389545984398524,54.263785497424585,50.389545984398524,54.263785497424585,96,101,96,101,-1,4,-1,4,-1,4,-1,4,96,101,96,101,-0.15964834774446696,,,,,,,,,0,0,0,0,52,48,-52,-48,-53.775754029113784,-46.2445230259357,-7.531231003178085,,,18.5,18.5,18.45,18.45,-0.0005368304064090016,-0.0004952464028756483,,,,
1787103000.007,18.45,18.45,18.4,18.4,0,0,0,0,0,0,18.86,18.65,,,,,18.424999999999997,,,,,,,,,,,45.73350584493289,46.89210183696712,45.73350584493289,46.89210183696712,44.47309069725003,49.368438097337304,44.47309069725003,49.368438097337304,96,101,96,101,-1,4,-1,4,-1,4,-1,4,96,101,96,101,-0.18337417308619444,,,,,,,,,0,0,0,0,52,48,-52,-48,-57.006256707557405,-51.23679182686883,-5.769464880688574,,,18.45,18.45,18.4,18.4,-0.000560761680513004,-0.000511115002392116,,,,
1787103000.008,18.400000000000002,18.400000000000002,18.35,18.35,1,0,0,1,0,0,18.86,18.65,,,,,18.375,,,,,,,,,,,43.80611257029483,46.4512462274425,43.80611257029483,46.4512462274425,38.486092392514735,43.92726524492602,38.486092392514735,43.92726524492602,96,101,96,101,-1,4,-1,4,-1,4,-1,4,96,101,96,101,-0.2065245505594199,,,,,,,,,0,0,0,0,52,48,-52,-48,-59.39065446168613,-54.988064954388385,-4.402589507297748,,,18.400000000000002,18.400000000000002,18.35,18.35,-0.0005873564302851253,-0.0005301022428744379,,,,
1787103000.009,18.35,18.35,18.3,18.3,0,0,0,0,0,0,18.86,18.65,,,,,18.325000000000003,,,,,,,,,,,41.644366434321384,45.764549114139484,41.644366434321384,45.764549114139484,33.33231327275789,38.62978925884195,33.33231327275789,38.62978925884195,96,101,96,101,-1,4,-1,4,-1,4,-1,4,96,101,96,101,-0.22955720093533888,,,,,,,,,0,0,0,0,52,48,-52,-48,-61.15745161446273,-57.83252920320502,-3.3249224112577096,,,18.35,18.35,18.3,18.3,-0.0006158231017864202,-0.0005524739835848782,,,,
1787103000.01,18.3,18.3,18.25,18.25,0,0,0,0,0,0,18.86,18.65,,,,,18.275,,,,,,,,,,,39.26500692710794,44.8360430874207,39.26500692710794,44.8360430874207,28.895229558467793,33.76250940865487,28.895229558467793,33.76250940865487,96,101,96,101,-1,4,-1,4,-1,4,-1,4,96,101,96,101,-0.2526185612644877,,,,,,,,,0,0,0,0,52,48,-52,-48,-62.47173933348574,-60.00652552929801,-2.4652138041877336,,,18.3,18.3,18.25,18.25,-0.0006501775298723882,-0.000577920085881463,,,,
1787103000.011,18.25,18.25,18.2,18.2,0,1,0,0,1,0,18.86,18.65,,,,,18.225,,,,,,,,,,,36.683577860885926,43.671405197915725,36.683577860885926,43.671405197915725,25.074559283602188,29.41853434612853,25.074559283602188,29.41853434612853,96,101,96,101,-1,4,-1,4,-1,4,-1,4,96,101,96,101,-0.2755629576002091,,,,,,,,,0,0,0,0,52,48,-52,-48,-63.453478125635534,-61.618330883817535,-1.8351472418179995,,,18.25,18.25,18.2,18.2,-0.0006876007347208117,-0.000606424980597792,,,,
1787103000.012,18.2,18.2,18.15,18.15,0,0,0,0,0,0,18.86,18.65,,,,,18.174999999999997,,,,,,,,,,,34.06332229939407,42.298821926698345,34.06332229939407,42.298821926698345,21.784024575449152,25.60127946078884,21.784024575449152,25.60127946078884,96,101,96,101,-1,4,-1,4,-1,4,-1,4,96,101,96,101,-0.29794178010031147,-0.29794178010031147,,-0.29794178010031147,,,,,,0,0,0,0,52,48,-52,-48,-64.19015195699535,-62.81820525764484,-1.3719466993505094,,,18.2,18.2,18.15,18.15,-0.0007192752908668052,-0.0006368324613407593,,,,
1787103240,18.2,18.25,18.2,18.25,0,0,0,0,0,0,18.86,18.65,,,,,18.225,,,,,,,,,,,32.359090823198294,40.87886034048405,32.359090823198294,40.87886034048405,19.83820182268822,22.719740641738532,19.83820182268822,22.719740641738532,96,101,96,101,-1,4,-1,4,-1,4,-1,4,96,101,96,101,-0.24989295287143287,,,,,,,,,0,0,0,0,52,48,-52,-48,-57.42014816424448,-61.88387939509028,4.463731230845802,-61.88387939509028,-61.88387939509028,18.2,18.25,18.2,18.25,-0.0007291821363887107,-0.0006649025373200437,,,,
1787103240.001,18.25,18.3,18.25,18.3,0,0,0,0,0,0,18.86,18.65,,,,,18.275,,,,,,,,,,,31.141021653611258,39.48774052807365,31.141021653611258,39.48774052807365,18.899216722654078,20.809478682196307,18.899216722654078,20.809478682196307,96,101,96,101,-1,4,-1,4,-1,4,-1,4,96,101,96,101,-0.17577048103517134,,,,,,,,,0,0,0,0,52,48,-52,-48,-44.046953629132894,-57.27768296900207,13.230729339869178,,,18.25,18.3,18.25,18.3,-0.0007242846646655917,-0.0006877239097167882,,,,
1787103720,18.25,18.25,18.2,18.2,0,0,0,0,0,0,18.86,18.65,,,,,18.225,,,,,,,,,,,29.28109445094807,38.02964823134142,29.28109445094807,38.02964823134142,17.219736782683093,19.0146077324397,17.219736782683093,19.0146077324397,96,101,96,101,-1,4,-1,4,-1,4,-1,4,96,101,96,101,-0.1509805826960804,,,,,,,,,0,0,0,0,52,48,-52,-48,-44.474570119529396,-52.53295596747554,8.058385847946141,,,18.25,18.25,18.2,18.2,-0.0007315100449637107,-0.0007070050669130034,,,,
1787105400,18.2,18.2,18.15,18.15,0,0,0,0,0,0,18.86,18.65,,,,,18.174999999999997,,,,,,,,,,,27.18958770445178,36.48106815607147,27.18958770445178,36.48106815607147,15.051319574661356,17.032963653550528,15.051319574661356,17.032963653550528,96,101,96,101,-1,4,-1,4,-1,4,-1,4,96,101,96,101,-0.14847813695581025,,,,,,,,,0,0,0,0,52,48,-52,-48,-48.87457874949219,-48.70406266559975,-0.1705160838924371,-48.70406266559975,-48.70406266559975,18.2,18.2,18.15,18.15,-0.0007441466079282226,-0.0007226665799223089,,,,
1787108520,18.150000000000002,18.23,18.1,18.1,0,0,0,0,0,0,18.86,18.65,,,,,18.125,,,,,,,,,,,25.24747429699094,34.87626903334568,25.24747429699094,34.87626903334568,13.400437582719462,15.216700618134995,13.400437582719462,15.216700618134995,96,101,96,101,-1,4,-1,4,-1,4,-1,4,96,101,96,101,-0.14957640580960552,,,,,,,,,0,0,0,0,52,48,-52,-48,-52.12978941085657,-47.38147297725277,-4.748316433603797,,,18.150000000000002,18.23,18.1,18.1,-0.0007602526290699271,-0.0007347752289804948,,,,
1787109000,18.1,18.1,18.05,18.05,0,0,0,0,0,0,18.86,18.65,,,,,18.075000000000003,,,,,,,,,,,23.444083275777302,33.24309963940734,23.444083275777302,33.24309963940734,11.750639621166941,13.483670119650968,11.750639621166941,13.483670119650968,96,101,96,101,-1,4,-1,4,-1,4,-1,4,96,101,96,101,-0.1550158701578434,,,,,,,,,0,1,0,0,52,48,-52,-48,-58.65519807247731,-51.03353408808887,-7.621663984388441,,,18.1,18.1,18.05,18.05,-0.0007750183558030315,-0.0007440657398031994,,,,
1787115840,18.05,18.05,18,18,0,0,0,0,0,0,18.86,18.65,,,,,18.025,,,,,,,,,,,21.769505898936067,31.604014819340016,21.769505898936067,31.604014819340016,10.324821318775198,11.904245719213083,10.324821318775198,11.904245719213083,96,101,96,101,-1,4,-1,4,-1,4,-1,4,96,101,96,101,-0.1638127224291745,,,,,,,,,0,0,0,0,52,48,-52,-48,-63.62713139733667,-55.82167440754069,-7.805456989795978,,,18.05,18.05,18,18,-0.0007910361265119152,-0.0007543747381570668,,,,
1787116080,18,18,17.95,17.95,0,0,0,0,0,0,18.86,18.65,,,,,17.975,,,,,,,,,,,20.214541191869206,29.976947158272758,20.214541191869206,29.976947158272758,9.091977595269778,10.49811165724143,9.091977595269778,10.49811165724143,96,101,96,101,-1,4,-1,4,-1,4,-1,4,96,101,96,101,-0.167625299751743,-0.167625299751743,-0.167625299751743,-0.167625299751743,,,,,,0,0,0,0,52,48,-52,-48,-66.9824049890258,-60.34863096742409,-6.6337740216017025,,,18,18,17.95,17.95,-0.0008075333470861336,-0.0007682495185604904,,,,
1787189400,18,18.05,17.93,18.05,0,0,0,0,0,0,18.86,18.65,,,,,18.025,,,,,,,,,,,19.4849311067357,28.47808772233889,19.4849311067357,28.47808772233889,8.81693317689793,9.65752241706968,8.81693317689793,9.65752241706968,96,101,96,101,-1,4,-1,4,-1,4,-1,4,96,101,96,101,-0.1441756827887703,,,,,,,,,0,0,0,0,52,48,-52,-48,-63.46315069392841,-63.18197128819206,-0.2811794057363528,,,18,18.05,17.93,18.05,-0.0008079314903426707,-0.0007809864261236504,,,,
1787189400.001,18.05,18.1,18.05,18.1,0,0,0,0,0,0,18.86,18.65,,,,,18.075000000000003,,,,,,,,,,,19.105055075302207,27.139083058476505,19.105055075302207,27.139083058476505,9.343085580198252,9.500303998633967,9.343085580198252,9.500303998633967,96,101,96,101,-1,4,-1,4,-1,4,-1,4,96,101,96,101,-0.10638253874065835,,,,,,,,,0,0,0,0,52,48,-52,-48,-51.40576474427677,-61.36961295614192,9.963848211865148,-61.36961295614192,-61.36961295614192,18.05,18.1,18.05,18.1,-0.0008011748819798485,-0.000790491138465588,,,,
1787189400.002,18.1,18.150000000000002,18.1,18.150000000000002,0,0,0,0,0,0,18.86,18.65,,,,,18.125,,,,,,,,,,,19.04993209373302,25.983490063513152,19.04993209373302,25.983490063513152,10.678586038033785,10.089445018333876,10.678586038033785,10.089445018333876,96,101,96,101,-1,4,-1,4,-1,4,-1,4,96,101,96,101,-0.07522673283830487,,,,,,,,,0,0,0,0,52,48,-52,-48,-35.73333963186121,-54.39616501477306,18.662825382911848,,,18.1,18.150000000000002,18.1,18.150000000000002,-0.000787005424250882,-0.0007949499376624138,,,-0.000787005424250882,18.1
1787189400.003,18.150000000000002,18.200000000000003,18.150000000000002,18.200000000000003,0,0,0,0,0,0,18.86,18.65,,,,,18.175000000000004,,,,,,,,,,,19.29636551560925,25.028186556669734,19.29636551560925,25.028186556669734,12.654474307110242,11.371959662722059,12.654474307110242,11.371959662722059,96,101,96,101,-1,4,-1,4,-1,4,-1,4,96,101,96,101,-0.04760422793556152,,,,,,,,,0,0,0,0,52,48,-52,-48,-19.43732871639597,-42.50989594661561,23.072567230219637,,,18.150000000000002,18.200000000000003,18.150000000000002,18.200000000000003,-0.0007635044210929615,-0.0007930309485440689,,,,
1787189400.004,18.2,18.25,18.2,18.25,0,0,0,0,0,0,18.86,18.65,,,,,18.225,,,,,,,,,,,19.82281559782764,24.284562133978003,19.82281559782764,24.284562133978003,15.264954413458263,13.31845703809016,15.264954413458263,13.31845703809016,96,101,96,101,-1,4,-1,4,-1,4,-1,4,96,101,96,101,-0.02031520372715222,,,,,,,,,0,0,0,0,52,48,-52,-48,-4.512696402597777,-27.772282373782954,23.259585971185174,,,18.2,18.25,18.2,18.25,-0.0007338522146531622,-0.0007835002965676099,,,,
1787189400.005,18.25,18.3,18.25,18.3,0,0,0,0,0,0,18.86,18.65,,,,,18.275,,,,,,,,,,,20.609281150363763,23.759521993461682,20.609281150363763,23.759521993461682,18.46059072612861,15.889523882109387,18.46059072612861,15.889523882109387,96,101,96,101,-1,4,-1,4,-1,4,-1,4,96,101,96,101,0.0067474322204378375,,,,,,,,,0,0,0,0,52,48,-52,-48,9.300154615353556,-12.595802533875366,21.89595714922892,,,18.25,18.3,18.25,18.3,-0.0006986620709630767,-0.0007653550838804339,,,,
1787189400.006,18.3,18.35,18.3,18.35,0,0,0,0,0,0,18.86,18.65,,,,,18.325000000000003,,,,,,,,,,,21.637189639623507,23.456331657199087,21.637189639623507,23.456331657199087,21.96775672070628,18.92864030140783,21.96775672070628,18.92864030140783,96,101,96,101,-1,4,-1,4,-1,4,-1,4,96,101,96,101,0.03362308994674716,,,,,,,,,0,0,0,0,52,48,-52,-48,20.65659494880535,1.5016811112912745,19.154913837514073,,,18.3,18.35,18.3,18.35,-0.0006610816948097653,-0.000740880117958283,,,,
1787189400.007,18.35,18.400000000000002,18.35,18.400000000000002,0,0,0,0,0,0,18.86,18.65,,,,,18.375,,,,,,,,,,,22.88929514155518,23.375326440678528,22.88929514155518,23.375326440678528,25.74194815691879,22.33529422916331,25.74194815691879,22.33529422916331,96,101,96,101,-1,4,-1,4,-1,4,-1,4,96,101,96,101,0.06044851238149364,,,,,,,,,0,0,0,0,52,48,-52,-48,29.845150687275193,13.822300962209066,16.022849725066127,,,18.35,18.400000000000002,18.35,18.400000000000002,-0.0006151839153202877,-0.0007098816235150229,,,,
1787189400.008,18.400000000000002,18.450000000000003,18.400000000000002,18.450000000000003,0,0,0,0,0,0,18.86,18.65,,,,,18.425000000000004,,,,,,,,,,,24.34958358382507,23.514506032556607,24.34958358382507,23.514506032556607,29.745018543104027,26.040156386133667,29.745018543104027,26.040156386133667,96,101,96,101,-1,4,-1,4,-1,4,-1,4,96,101,96,101,0.08726378433989374,,,,,,,,,0,0,0,0,52,48,-52,-48,37.217594571577195,24.25487370575282,12.962720865824373,,,18.400000000000002,18.450000000000003,18.400000000000002,18.450000000000003,-0.000562666691664099,-0.000672491834750559,,,,
1787189400.009,18.45,18.5,18.45,18.5,0,0,0,0,0,0,18.86,18.65,,,,,18.475,,,,,,,,,,,26.003184756408995,23.870031564535516,26.003184756408995,23.870031564535516,33.94427088640869,29.992213636271178,33.94427088640869,29.992213636271178,96,101,96,101,-1,4,-1,4,-1,4,-1,4,96,101,96,101,0.11407149885591257,,,,,,,,,0,0,0,0,52,48,-52,-48,43.10675906688349,32.7065248186353,10.40023424824819,,,18.45,18.5,18.45,18.5,-0.0005094354719597771,-0.0006301470098950284,,,,
1787189400.01,18.5,18.55,18.5,18.55,0,0,0,0,0,0,18.86,18.65,,,,,18.525,,,,,,,,,,,27.836290607141695,24.436639999193545,27.836290607141695,24.436639999193545,38.31167919295862,34.1519464146149,38.31167919295862,34.1519464146149,96,101,96,101,-1,4,-1,4,-1,4,-1,4,96,101,96,101,0.1408716623535914,,,,,,,,,0,0,0,0,52,48,-52,-48,47.23475950372785,39.35106595736593,7.883693546361918,,,18.5,18.55,18.5,18.55,-0.0004560383185523207,-0.0005838446938782215,,,,
1787189400.011,18.55,18.6,18.55,18.6,0,0,0,0,0,0,18.86,18.65,,,,,18.575000000000003,,,,,,,,,,,29.83607937329825,25.207988481208503,29.83607937329825,25.207988481208503,42.82322118229022,38.48758379845256,42.82322118229022,38.48758379845256,96,101,96,101,-1,4,-1,4,-1,4,-1,4,96,101,96,101,0.1507151937995105,,,,,,,,,0,0,0,0,52,48,-52,-48,50.306177327870834,44.46632261751484,5.8398547103559935,,,18.55,18.6,18.55,18.6,-0.00040324358435510653,-0.0005346082794435598,,,,
1787189880,18.6,18.650000000000002,18.6,18.650000000000002,0,0,0,0,0,0,18.86,18.65,,,,,18.625,,,,,,,,,,,31.99064513234839,26.176939431371345,31.99064513234839,26.176939431371345,47.45830632829182,42.972945063372194,47.45830632829182,42.972945063372194,96,101,96,101,-1,4,-1,4,-1,4,-1,4,96,101,96,101,0.1615036216459653,,,,,,,,,0,0,0,0,52,48,-52,-48,52.70889426004506,48.33914753963181,4.3697467204132465,,,18.6,18.650000000000002,18.6,18.650000000000002,-0.00035355659136589857,-0.0004833540955362487,,,,
1787189880.001,18.650000000000002,18.700000000000003,18.650000000000002,18.700000000000003,0,0,0,0,0,0,18.86,18.65,,,,,18.675000000000004,,,,,,,,,,,34.288932384799715,27.335795567575396,34.288932384799715,27.335795567575396,53.744750371985376,48.358847717678785,53.744750371985376,48.358847717678785,96,101,96,101,-1,4,-1,4,-1,4,-1,4,96,101,96,101,0.18729693140097997,,,,,,,,,0,0,0,0,52,48,-52,-48,54.66551154269147,51.2288356585838,3.4366758841076717,,,18.650000000000002,18.700000000000003,18.650000000000002,18.700000000000003,-0.000304771677439849,-0.0004316187225561756,,,,
1787190120,18.7,18.75,18.7,18.75,0,0,0,0,0,0,18.86,18.65,,,,,18.725,,,,,,,,,,,36.720675309694975,28.67649267359248,36.720675309694975,28.67649267359248,60.004211120238345,54.18152941895856,60.004211120238345,54.18152941895856,96,101,96,101,-1,4,-1,4,-1,4,-1,4,96,101,96,101,0.20516281196029298,,,,,,,,,0,0,0,0,52,48,-52,-48,56.306767422386486,53.49683763824846,2.8099297841380277,,,18.7,18.75,18.7,18.75,-0.0002581070059106557,-0.00038085877493060165,,,,
1787190120.001,18.75,18.8,18.75,18.8,0,0,0,0,0,0,18.86,18.65,,,,,18.775,,,,,,,,,,,39.276341359002494,30.190756771508198,39.276341359002494,30.190756771508198,65.38948802095963,59.7855087199591,65.38948802095963,59.7855087199591,96,101,96,101,-1,4,-1,4,-1,4,-1,4,96,101,96,101,0.21776253130332607,,,,,0.21776253130332607,,0.21776253130332607,,0,0,0,0,52,48,-52,-48,57.82806887304414,55.377310524541784,2.4507583485023545,,,18.75,18.8,18.75,18.8,-0.00020895016563544176,-0.00033077789054321245,,,,
1787191560,18.75,18.81,18.7,18.7,0,0,0,0,0,0,18.86,18.65,,,,,18.725,,,,,,,,,,,41.05422173812136,31.74268033816722,41.05422173812136,31.74268033816722,69.0676131088745,64.4265609144168,69.0676131088745,64.4265609144168,96,101,96,101,-1,4,-1,4,-1,4,-1,4,96,101,96,101,0.20439023931261868,,,,,,,,,0,0,0,0,52,48,-52,-48,53.656438293414105,55.614196532884044,-1.957758239469939,55.614196532884044,55.614196532884044,18.75,18.81,18.7,18.7,-0.0001791991445303781,-0.00028463802820622195,,,,
1787191800,18.7,18.7,18.65,18.65,0,0,0,0,0,0,18.86,18.65,,,,,18.674999999999997,,,,,,,,,,,42.40749161396983,33.26622480613902,42.40749161396983,33.26622480613902,71.2137982491652,67.820179581791,71.2137982491652,67.820179581791,96,101,96,101,-1,4,-1,4,-1,4,-1,4,96,101,96,101,0.16985652532272494,,,,,,,,,0,0,0,0,52,48,-52,-48,42.0388574441929,52.457533008259404,-10.418675564066504,,,18.7,18.7,18.65,18.65,-0.0001610400083686754,-0.0002442707655418168,,,,
1787192040,18.650000000000002,18.650000000000002,18.6,18.6,0,0,0,0,0,0,18.86,18.65,,,,,18.625,,,,,,,,,,,43.36648030821009,34.709118449292035,43.36648030821009,34.709118449292035,72.24169720058325,70.03093839118712,72.24169720058325,70.03093839118712,96,101,96,101,-1,4,-1,4,-1,4,-1,4,96,101,96,101,0.14683143632871173,,,,,,,,,0,0,0,0,52,48,-52,-48,27.14683311152355,45.167549430543666,-18.020716319020117,,,18.650000000000002,18.650000000000002,18.6,18.6,-0.00015488688646259533,-0.00021115914805793293,,,,
1787192040.001,18.6,18.6,18.55,18.55,0,0,0,0,0,0,18.86,18.65,,,,,18.575000000000003,,,,,,,,,,,43.95935076238557,36.0305802083054,43.95935076238557,36.0305802083054,72.31106513296749,71.17100176207731,72.31106513296749,71.17100176207731,96,101,96,101,-1,4,-1,4,-1,4,-1,4,96,101,96,101,0.13404902311906416,,,,,,,,,0,0,0,0,52,48,-52,-48,11.612017921223304,33.61353669258846,-22.001518771365156,,,18.6,18.6,18.55,18.55,-0.0001581740365223998,-0.00018672620790502473,,,,
1787192520,18.55,18.55,18.5,18.5,0,0,0,0,0,0,18.86,18.65,,,,,18.525,,,,,,,,,,,44.212254279358035,37.199390789884355,44.212254279358035,37.199390789884355,71.55883504903707,71.36491840555719,71.55883504903707,71.36491840555719,96,101,96,101,-1,4,-1,4,-1,4,-1,4,96,101,96,101,0.12043692844102646,,,,,,,,,0,0,0,0,52,48,-52,-48,-2.682760942760954,19.528736883544692,-22.211497826305646,,,18.55,18.55,18.5,18.5,-0.00017019733228162197,-0.0001720745956335191,,,,
1787193240,18.5,18.5,18.45,18.45,0,0,0,0,0,0,18.86,18.65,,,,,18.475,,,,,,,,,,,44.14947421178484,38.19225985015585,44.14947421178484,38.19225985015585,70.10237809397982,70.7336482497685,70.10237809397982,70.7336482497685,96,101,96,101,-1,4,-1,4,-1,4,-1,4,96,101,96,101,0.1025986412285418,,,,,,,,,0,0,0,0,52,48,-52,-48,-14.972614508265156,5.275868895430182,-20.24848340369534,,,18.5,18.5,18.45,18.45,-0.00018741583241698928,-0.00016848554009711038,,,,
1787195400,18.45,18.53,18.4,18.4,0,0,0,0,0,0,18.86,18.65,,,,,18.424999999999997,,,,,,,,,,,43.79355938713354,38.992445498295524,43.79355938713354,38.992445498295524,68.30203836626843,69.51784330801847,68.30203836626843,69.51784330801847,96,101,96,101,-1,4,-1,4,-1,4,-1,4,96,101,96,101,0.0798770799600843,,,,,,,,,0,0,0,0,52,48,-52,-48,-22.985848667095937,-7.257301549224688,-15.728547117871248,,,18.45,18.53,18.4,18.4,-0.00021056147967890194,-0.00017371259595519767,,,,
1787195400.001,18.400000000000002,18.400000000000002,18.35,18.35,0,0,0,0,0,0,18.86,18.65,,,,,18.375,,,,,,,,,,,43.165448002338294,39.58858871315878,43.165448002338294,39.58858871315878,65.6874614568016,67.60265238241004,65.6874614568016,67.60265238241004,96,101,96,101,-1,4,-1,4,-1,4,-1,4,96,101,96,101,0.057560454125303875,,,,,,,,,0,0,0,0,52,48,-52,-48,-31.85230763349447,-18.123382937904132,-13.728924695590337,,,18.400000000000002,18.400000000000002,18.35,18.35,-0.00023848530002578978,-0.00018662014456471672,,,,
1787196120,18.35,18.35,18.3,18.3,0,0,0,0,0,0,18.86,18.65,,,,,18.325000000000003,,,,,,,,,,,42.284582668837956,39.97373070682723,42.284582668837956,39.97373070682723,62.634707222713075,65.11867980256156,62.634707222713075,65.11867980256156,96,101,96,101,-1,4,-1,4,-1,4,-1,4,96,101,96,101,0.031703663710120074,,,,,,,,,0,0,0,0,52,48,-52,-48,-38.7140471161193,-27.131204481243717,-11.582842634875586,,,18.35,18.35,18.3,18.3,-0.00027115367357650463,-0.0002059979424170349,,,,
1787202240,18.35,18.400000000000002,18.35,18.400000000000002,0,0,0,0,0,0,18.86,18.65,,,,,18.375,,,,,,,,,,,42.06187438296859,40.272036946275996,42.06187438296859,40.272036946275996,60.99208671037749,63.055383256469526,60.99208671037749,63.055383256469526,96,101,96,101,-1,4,-1,4,-1,4,-1,4,96,101,96,101,0.031791675053586876,,,,,,,,,0,0,0,0,52,48,-52,-48,-37.55015185866095,-32.775588818842664,-4.77456303981829,,,18.35,18.400000000000002,18.35,18.400000000000002,-0.0002870452102110877,-0.00022747647136514958,,,,
1787202720,18.35,18.35,18.3,18.3,0,0,0,0,0,0,18.86,18.65,,,,,18.325000000000003,,,,,,,,,,,41.25983573656608,40.41315105917458,41.25983573656608,40.41315105917458,58.6101002972067,60.83274177683811,58.6101002972067,60.83274177683811,96,101,96,101,-1,4,-1,4,-1,4,-1,4,96,101,96,101,0.032551711323848924,,,,,,,,,0,0,0,0,52,48,-52,-48,-40.847804405786704,-37.241077753515356,-3.606726652271348,,,18.35,18.35,18.3,18.3,-0.0003127756999340355,-0.00025123953264055183,,,,
1787203440,18.3,18.3,18.25,18.25,0,0,0,0,0,0,18.86,18.65,,,,,18.275,,,,,,,,,,,40.217466517287555,40.38519612461929,40.217466517287555,40.38519612461929,55.7567093456577,58.2947255612479,55.7567093456577,58.2947255612479,96,101,96,101,-1,4,-1,4,-1,4,-1,4,96,101,96,101,0.00339189810391481,,,,,,,,,0,0,0,0,52,48,-52,-48,-45.00263290241381,-40.52865907074519,-4.473973831668616,,,18.3,18.3,18.25,18.25,-0.00033861009981355264,-0.0002764385772066457,,,,
1787203680,18.25,18.25,18.2,18.2,0,0,0,0,0,0,18.86,18.65,,,,,18.225,,,,,,,,,,,39.14719354175366,40.20833861278135,39.14719354175366,40.20833861278135,52.49925736121308,55.39699146123049,52.49925736121308,55.39699146123049,96,101,96,101,-1,4,-1,4,-1,4,-1,4,96,101,96,101,-0.025485351245602843,,,,,,,,,0,0,0,0,52,48,-52,-48,-49.4193677985839,-43.204989241361346,-6.2143785572225525,,,18.25,18.25,18.2,18.2,-0.0003647940959066928,-0.0003021440132446108,,,,
1787203920,18.2,18.2,18.15,18.15,0,0,0,0,0,0,18.86,18.65,,,,,18.174999999999997,,,,,,,,,,,37.89158167812699,39.87737333640216,37.89158167812699,39.87737333640216,48.89546734857229,52.14622940490139,48.89546734857229,52.14622940490139,96,101,96,101,-1,4,-1,4,-1,4,-1,4,96,101,96,101,-0.03651955910245228,-0.03651955910245228,,-0.03651955910245228,,,,,,0,0,0,0,52,48,-52,-48,-53.31260506261841,-47.14560254235071,-6.167002520267701,,,18.2,18.2,18.15,18.15,-0.000390110987914618,-0.00032741496122608223,,,,
1787207520,18.2,18.25,18.14,18.25,0,0,0,0,0,0,18.86,18.65,,,,,18.225,,,,,,,,,,,37.54144660980717,39.54366951831715,37.54144660980717,39.54366951831715,46.58572525981522,49.365977332358305,46.58572525981522,49.365977332358305,96,101,96,101,-1,4,-1,4,-1,4,-1,4,96,101,96,101,-0.025365254091464413,,,,,,,,,0,0,0,0,52,48,-52,-48,-51.05416702494533,-49.697193197140365,-1.3569738278049641,,,18.2,18.25,18.14,18.25,-0.0003946461018491441,-0.0003479970326048555,,,,
1787276040,18.25,18.3,18.25,18.3,0,0,0,0,0,0,18.86,18.65,,,,,18.275,,,,,,,,,,,37.7016965831466,39.2805305275785,37.7016965831466,39.2805305275785,45.6124398330884,47.48920858272335,45.6124398330884,47.48920858272335,96,101,96,101,-1,4,-1,4,-1,4,-1,4,96,101,96,101,0.017077856430333146,,,,,,,,,0,0,0,0,52,48,-52,-48,-41.43878648254215,-48.806231592172445,7.367445109630296,-48.806231592172445,-48.806231592172445,18.25,18.3,18.25,18.3,-0.0003922348627726667,-0.0003655286413651187,,,,
1787276040.001,18.3,18.35,18.3,18.35,0,0,0,0,0,0,18.86,18.65,,,,,18.325000000000003,,,,,,,,,,,38.234524707391905,39.1311011246947,38.234524707391905,39.1311011246947,45.5898834932966,46.53954603800997,45.5898834932966,46.53954603800997,96,101,96,101,-1,4,-1,4,-1,4,-1,4,96,101,96,101,0.06139002064165948,,,,,,,,,0,0,0,0,52,48,-52,-48,-28.329758894935146,-43.53382936626026,15.20407047132511,,,18.3,18.35,18.3,18.35,-0.00038144907590361907,-0.0003769742040267159,,,,
1787276520,18.35,18.400000000000002,18.35,18.400000000000002,0,0,0,0,0,0,18.86,18.65,,,,,18.375,,,,,,,,,,,39.113318257478376,39.12856071509237,39.113318257478376,39.12856071509237,46.382237799449086,46.46089191872953,46.382237799449086,46.46089191872953,96,101,96,101,-1,4,-1,4,-1,4,-1,4,96,101,96,101,0.09128521356365296,,,,,,,,,0,0,0,0,52,48,-52,-48,-13.328532379581409,-33.53781119550101,20.209278815919596,,,18.35,18.400000000000002,18.35,18.400000000000002,-0.0003617838918723537,-0.00038083650270318275,,,-0.0003617838918723537,18.35
1787276760,18.400000000000002,18.450000000000003,18.400000000000002,18.450000000000003,0,0,0,0,0,0,18.86,18.65,,,,,18.425000000000004,,,,,,,,,,,40.31336541727449,39.29781852968982,40.31336541727449,39.29781852968982,46.89906097095643,46.67997644484298,46.89906097095643,46.67997644484298,96,101,96,101,-1,4,-1,4,-1,4,-1,4,96,101,96,101,0.09841438539397887,,,,,,,,,0,0,0,0,52,48,-52,-48,0.535512147593888,-20.640391402366202,21.17590354996009,,,18.400000000000002,18.450000000000003,18.400000000000002,18.450000000000003,-0.0003349791777208746,-0.00037586734967221306,,,,
1787278680,18.45,18.5,18.39,18.5,0,0,0,0,0,0,18.86,18.65,,,,,18.475,,,,,,,,,,,41.811719500372405,39.65694723978733,41.811719500372405,39.65694723978733,47.603621677318785,47.14179906108088,47.603621677318785,47.14179906108088,96,101,96,101,-1,4,-1,4,-1,4,-1,4,96,101,96,101,0.10055380842223602,,,,,,,,,0,0,0,0,52,48,-52,-48,10.599422306148027,-7.630839205193652,18.23026151134168,,,18.45,18.5,18.39,18.5,-0.00030156545173928655,-0.0003611097603096578,,,,
1787278680.001,18.5,18.55,18.5,18.55,0,0,0,0,0,0,18.86,18.65,,,,,18.525,,,,,,,,,,,43.587072869393424,40.21839375830249,43.587072869393424,40.21839375830249,49.11866932682765,48.130234193954266,49.11866932682765,48.130234193954266,96,101,96,101,-1,4,-1,4,-1,4,-1,4,96,101,96,101,0.11745719174444996,,,,,,,,,0,0,0,0,52,48,-52,-48,20.849738493196725,4.6640351418393085,16.185703351357418,,,18.5,18.55,18.5,18.55,-0.0002628248854389693,-0.0003391395575746287,,,,
1787278920,18.55,18.6,18.55,18.6,0,0,0,0,0,0,18.86,18.65,,,,,18.575000000000003,,,,,,,,,,,45.61963986105735,40.990000344410326,45.61963986105735,40.990000344410326,51.48337967885872,49.80680693640649,51.48337967885872,49.80680693640649,96,101,96,101,-1,4,-1,4,-1,4,-1,4,96,101,96,101,0.1458976137314134,,,,,,,,,0,0,0,0,52,48,-52,-48,29.645716599260624,15.407597386549819,14.238119212710805,,,18.55,18.6,18.55,18.6,-0.00022258692354908436,-0.00031086490103736494,,,,
1787280360,18.6,18.650000000000002,18.6,18.650000000000002,0,0,0,0,0,0,18.86,18.65,,,,,18.625,,,,,,,,,,,47.89104807374682,41.97586430574411,47.89104807374682,41.97586430574411,54.5763723473374,52.19158964187194,54.5763723473374,52.19158964187194,96,101,96,101,-1,4,-1,4,-1,4,-1,4,96,101,96,101,0.1705192677431902,,,,,,,,,0,0,0,0,52,48,-52,-48,36.64406289766775,24.434735074068286,12.209327823599466,,,18.6,18.650000000000002,18.6,18.650000000000002,-0.00018057951405234317,-0.0002773866407288189,,,,
1787280600,18.650000000000002,18.700000000000003,18.650000000000002,18.700000000000003,0,0,0,0,0,0,18.86,18.65,,,,,18.675000000000004,,,,,,,,,,,50.72025892562208,43.22506353715524,50.72025892562208,43.22506353715524,58.29360700134259,55.24259832160727,58.29360700134259,55.24259832160727,96,101,96,101,-1,4,-1,4,-1,4,-1,4,96,101,96,101,0.1868795349348384,,,,,0.1868795349348384,,0.1868795349348384,,0,0,1,0,52,48,-52,-48,42.23425697894885,32.34344374226849,9.890813236680359,,,18.650000000000002,18.700000000000003,18.650000000000002,18.700000000000003,-0.00013678959168721467,-0.0002398875906979624,,,,
1787281800,18.650000000000002,18.650000000000002,18.6,18.6,0,0,0,0,0,0,18.86,18.65,,,,,18.625,,,,,,,,,,,52.53569497638936,44.55515374276012,52.53569497638936,44.55515374276012,60.200490436118926,57.7215443788631,60.200490436118926,57.7215443788631,96,101,96,101,-1,4,-1,4,-1,4,-1,4,96,101,96,101,0.17324343943512432,,,,,,,,,0,0,0,0,52,48,-52,-48,40.503144585533406,37.256795265352665,3.246349320180741,,,18.650000000000002,18.650000000000002,18.6,18.6,-0.0001045115140891678,-0.0002014763134260113,,,,
1787288400,18.6,18.6,18.55,18.55,0,0,0,0,0,0,18.86,18.65,,,,,18.575000000000003,,,,,,,,,,,53.815612867686234,45.87807647489242,53.815612867686234,45.87807647489242,60.76886387061795,59.245204124740525,60.76886387061795,59.245204124740525,96,101,96,101,-1,4,-1,4,-1,4,-1,4,96,101,96,101,0.13497283309991517,,,,,,,,,0,0,0,0,52,48,-52,-48,33.39637811893761,38.19446064527191,-4.798082526334298,38.19446064527191,38.19446064527191,18.6,18.6,18.55,18.55,-0.00008553021700041318,-0.00016547044096953237,,,,
1787288640,18.55,18.55,18.5,18.5,0,0,0,0,0,0,18.86,18.65,,,,,18.525,,,,,,,,,,,54.598263896617745,47.12381753513889,54.598263896617745,47.12381753513889,60.189943019165064,59.7175735719528,60.189943019165064,59.7175735719528,96,101,96,101,-1,4,-1,4,-1,4,-1,4,96,101,96,101,0.10215915351967664,,,,,,,,,0,0,0,0,52,48,-52,-48,21.67104425633466,34.45120598493864,-12.780161728603979,,,18.55,18.55,18.5,18.5,-0.00007790768490703892,-0.00013465090754754397,,,,
1787288880,18.5,18.5,18.45,18.45,0,0,0,0,0,0,18.86,18.65,,,,,18.475,,,,,,,,,,,54.91916712478142,48.23743890508782,54.91916712478142,48.23743890508782,58.62762706546769,59.172600318710245,58.62762706546769,59.172600318710245,96,101,96,101,-1,4,-1,4,-1,4,-1,4,96,101,96,101,0.0742926323180266,,,,,,,,,0,0,0,0,52,48,-52,-48,8.12265576838735,25.92330568229826,-17.80064991391091,,,18.5,18.5,18.45,18.45,-0.0000831978371112097,-0.00011141939314123151,,,,
1787291760,18.5,18.55,18.41,18.55,0,0,0,0,0,0,18.650000000000002,18.41,,,,,18.525,,,,,,,,,,,56.02883700547886,49.35049577657225,56.02883700547886,49.35049577657225,58.1840214932154,58.67831090596282,58.1840214932154,58.67831090596282,96,101,96,101,-1,4,-1,4,-1,4,-1,4,96,101,96,101,0.06770916720557399,0.06770916720557399,,0.06770916720557399,,,,,,0,0,0,0,52,48,-52,-48,3.2509092480444908,16.61024684792603,-13.359337599881542,,,18.5,18.55,18.41,18.55,-0.00008123475171781481,-0.00009486193275214345,,,,
1787293680,18.55,18.6,18.49,18.6,0,0,0,0,0,0,18.650000000000002,18.41,,,,,18.575000000000003,,,,,,,,,,,57.465088907684944,50.509723366731215,57.465088907684944,50.509723366731215,58.99781799631687,58.83806445113984,58.99781799631687,58.83806445113984,96,101,96,101,-1,4,-1,4,-1,4,-1,4,96,101,96,101,0.08265852873796459,,,,,,,,,0,0,1,0,52,48,-52,-48,8.431456018916787,10.369016322920825,-1.9375603040040374,,,18.55,18.6,18.49,18.6,-0.00007167986471435291,-0.00008401031158999986,,,,
1787293920,18.6,18.650000000000002,18.6,18.650000000000002,0,0,0,0,0,0,18.650000000000002,18.41,,,,,18.625,,,,,,,,,,,59.20459554414903,51.75184796350519,59.20459554414903,51.75184796350519,61.01731947658724,59.92769196386354,61.01731947658724,59.92769196386354,96,101,96,101,-1,4,-1,4,-1,4,-1,4,96,101,96,101,0.10513965037173853,,,,,,,,,0,0,0,0,52,48,-52,-48,20.162534454036745,9.991888872346344,10.170645581690401,9.991888872346344,9.991888872346344,18.6,18.650000000000002,18.6,18.650000000000002,-0.000054103887668493737,-0.00007560904051988751,,,,
1787535000,18.650000000000002,18.700000000000003,18.650000000000002,18.700000000000003,0,0,0,0,0,0,18.700000000000003,18.41,,,,,18.675000000000004,,,,,,,,,,,61.22569586242413,53.105254806207896,61.22569586242413,53.105254806207896,63.814418826413885,61.87105539513871,63.814418826413885,61.87105539513871,96,101,96,101,-1,4,-1,4,-1,4,-1,4,96,101,96,101,0.12897895118453478,,,,,,,,,0,0,0,0,52,48,-52,-48,30.17922519819573,15.50603122979844,14.67319396839729,,,18.650000000000002,18.700000000000003,18.650000000000002,18.700000000000003,-0.00003343960273722145,-0.00006692727147602221,,,,
1787535000.001,18.7,18.75,18.7,18.75,0,0,0,0,0,0,18.700000000000003,18.41,,,,,18.725,,,,,,,,,,,63.50827602809515,54.59140069504894,63.50827602809515,54.59140069504894,67.27803063586012,64.57454301549942,67.27803063586012,64.57454301549942,96,101,96,101,-1,4,-1,4,-1,4,-1,4,96,101,96,101,0.15001269343036078,,,,,,,,,0,0,0,0,52,48,-52,-48,38.271408309048866,24.261155995049535,14.010252313999331,,,18.7,18.75,18.7,18.75,-0.00000932368880563937,-0.00005549660545912228,,,,
1787535000.002,18.75,18.8,18.75,18.8,0,0,0,0,0,0,18.700000000000003,18.41,,,,,18.775,,,,,,,,,,,66.03365890920526,56.226009011356986,66.03365890920526,56.226009011356986,71.31293883926608,67.94374092738275,71.31293883926608,67.94374092738275,96,101,96,101,-1,4,-1,4,-1,4,-1,4,96,101,96,101,0.16943208754555766,,,,,,,,,0,0,0,0,52,48,-52,-48,44.65861773944849,33.317946425182456,11.340671314266032,,,18.75,18.8,18.75,18.8,0.00001676974093982115,-0.00003883534245061715,,,,
1787535000.003,18.8,18.85,18.8,18.85,0,0,0,0,0,0,18.700000000000003,18.41,,,,,18.825000000000003,,,,,,,,,,,68.45982612997632,57.97369717115975,68.45982612997632,57.97369717115975,75.00867594673512,71.47620843705894,75.00867594673512,71.47620843705894,96,101,96,101,-1,4,-1,4,-1,4,-1,4,96,101,96,101,0.18801199233098337,,,,,,,,,0,0,0,0,52,48,-52,-48,50.0024410785373,40.7779230813076,9.224517997229704,,,18.8,18.85,18.8,18.85,0.00004495069263105099,-0.00001780443505913951,,,,
1787535000.004,18.85,18.900000000000002,18.85,18.900000000000002,0,0,0,0,0,0,18.700000000000003,18.41,,,,,18.875,,,,,,,,,,,70.71269569212087,59.79355410272562,70.71269569212087,59.79355410272562,78.20292524757748,74.83956684231822,78.20292524757748,74.83956684231822,96,101,96,101,-1,4,-1,4,-1,4,-1,4,96,101,96,101,0.20590892721045617,,,,,,,,,0,0,0,0,52,48,-52,-48,54.10142372081508,46.75847271196243,7.342951008852644,,,18.85,18.900000000000002,18.85,18.900000000000002,0.00007920696523941284,0.000007343369933154782,,,,
1787535000.005,18.900000000000002,18.950000000000003,18.900000000000002,18.950000000000003,0,0,0,0,0,0,18.700000000000003,18.41,,,,,18.925000000000004,,,,,,,,,,,72.80464599982653,61.65228151659718,72.80464599982653,61.65228151659718,80.96405938328512,77.90181311280168,80.96405938328512,77.90181311280168,96,101,96,101,-1,4,-1,4,-1,4,-1,4,96,101,96,101,0.22366827410930562,,,,,,,,,0,0,0,0,52,48,-52,-48,57.230722957278836,51.49830137401993,5.732421583258905,,,18.900000000000002,18.950000000000003,18.900000000000002,18.950000000000003,0.00011979420674778043,0.000036326385669200485,,,,
1787535000.006,18.95,19,18.95,19,0,0,0,0,0,0,18.700000000000003,18.41,,,,,18.975,,,,,,,,,,,74.74717128555322,63.52298005501947,74.74717128555322,63.52298005501947,83.35125355776599,80.62653333528382,83.35125355776599,80.62653333528382,96,101,96,101,-1,4,-1,4,-1,4,-1,4,96,101,96,101,0.24157885310706345,,,,,,,,,0,0,0,0,52,48,-52,-48,59.61047821893981,55.23626649389276,4.374211725047054,,,18.95,19,18.95,19,0.00016378862932486614,0.00006919775767954841,,,,
1787535000.007,19,19.05,19,19.05,0,0,0,0,0,0,18.700000000000003,18.41,,,,,19.025,,,,,,,,,,,76.55094476515657,65.38411787075334,76.55094476515657,65.38411787075334,85.4156741641134,83.02110374969861,85.4156741641134,83.02110374969861,96,101,96,101,-1,4,-1,4,-1,4,-1,4,96,101,96,101,0.2595228032384925,,,,,,,,,0,0,0,0,52,48,-52,-48,61.41372741614673,58.08908807829511,3.3246393378516146,,,19,19.05,19,19.05,0.00021134634101913923,0.00010597609598367818,,,,
1787535000.008,19.05,19.1,19.05,19.1,0,0,0,0,0,0,18.700000000000003,18.41,,,,,19.075000000000003,,,,,,,,,,,78.22587728193109,67.21865492949301,78.22587728193109,67.21865492949301,87.20153023590673,85.11131699280267,87.20153023590673,85.11131699280267,96,101,96,101,-1,4,-1,4,-1,4,-1,4,96,101,96,101,0.2774409166223915,,,,,,,,,0,0,0,0,52,48,-52,-48,62.77525293846895,60.257545382708585,2.517707555760367,,,19.05,19.1,19.05,19.1,0.00025409144256717146,0.0001455297129215699,,,,
1787535240,19.1,19.150000000000002,19.1,19.150000000000002,0,0,0,0,0,0,18.700000000000003,18.41,,,,,19.125,,,,,,,,,,,79.78117176179316,69.01330019125018,79.78117176179316,69.01330019125018,88.74699762794835,86.9291573103755,88.74699762794835,86.9291573103755,96,101,96,101,-1,4,-1,4,-1,4,-1,4,96,101,96,101,0.2972089779387885,,,,,,,,,0,0,0,0,52,48,-52,-48,63.87825538044461,61.919428488500024,1.9588268919445824,,,19.1,19.150000000000002,19.1,19.150000000000002,0.0002937611716448493,0.0001869981260905363,,,,
1787535240.001,19.150000000000002,19.200000000000003,19.150000000000002,19.200000000000003,0,0,0,0,0,0,18.700000000000003,18.41,,,,,19.175000000000004,,,,,,,,,,,81.22537377880793,70.75788213232985,81.22537377880793,70.75788213232985,90.08502761640857,88.50709246339204,90.08502761640857,88.50709246339204,96,101,96,101,-1,4,-1,4,-1,4,-1,4,96,101,96,101,0.3172033479414986,,,,,,,,,0,0,0,0,52,48,-52,-48,64.69265402487923,63.189972439984885,1.502681584894347,,,19.150000000000002,19.200000000000003,19.150000000000002,19.200000000000003,0.00033230507608076644,0.00022918114456409522,,,,
1787535240.002,19.200000000000003,19.250000000000004,19.200000000000003,19.250000000000004,0,0,0,0,0,0,18.700000000000003,18.41,,,,,19.225,,,,,,,,,,,82.56641850889308,72.44481590041032,82.56641850889308,72.44481590041032,91.24405198523566,89.87557222431386,91.24405198523566,89.87557222431386,96,101,96,101,-1,4,-1,4,-1,4,-1,4,96,101,96,101,0.33555031633226295,,,,,0.33555031633226295,,0.33555031633226295,,0,0,0,0,52,48,-52,-48,65.29009287361322,64.15906380435152,1.1310290692617002,,,19.200000000000003,19.250000000000004,19.200000000000003,19.250000000000004,0.0003692072484046388,0.00027074998484023826,,,,
1787535480,19.200000000000003,19.200000000000003,19.150000000000002,19.150000000000002,0,0,0,0,0,0,18.700000000000003,18.41,,,,,19.175000000000004,,,,,,,,,,,83.27054878856087,73.99134917014611,83.27054878856087,73.99134917014611,91.46530067202951,90.67043644817169,91.46530067202951,90.67043644817169,96,101,96,101,-1,4,-1,4,-1,4,-1,4,96,101,96,101,0.32035402475154096,,,,,,,,,0,0,0,0,52,48,-52,-48,59.95428607744326,63.453822089095084,-3.499536011651827,63.453822089095084,63.453822089095084,19.200000000000003,19.200000000000003,19.150000000000002,19.150000000000002,0.0003908982176481155,0.00030860158289411317,,,,
1787535720,19.150000000000002,19.150000000000002,19.1,19.1,0,0,0,0,0,0,18.700000000000003,18.41,,,,,19.125,,,,,,,,,,,83.57265244652079,75.36010678105677,83.57265244652079,75.36010678105677,91.0114417600665,90.84093910411909,91.0114417600665,90.84093910411909,96,101,96,101,-1,4,-1,4,-1,4,-1,4,96,101,96,101,0.28766409522599534,,,,,,,,,0,0,0,0,52,48,-52,-48,50.539203747375964,60.11905918082793,-9.579855433451968,,,19.150000000000002,19.150000000000002,19.1,19.1,0.0004030750821934492,0.0003405563730898315,,,,
1787535720.001,19.1,19.1,19.05,19.05,0,0,0,0,0,0,18.700000000000003,18.41,,,,,19.075000000000003,,,,,,,,,,,83.50379838978172,76.5234912965889,83.50379838978172,76.5234912965889,89.97891919202608,90.40992914807259,89.97891919202608,90.40992914807259,96,101,96,101,-1,4,-1,4,-1,4,-1,4,96,101,96,101,0.2605173693440944,,,,,,,,,0,0,0,0,52,48,-52,-48,36.1807224907361,52.99107629729215,-16.81035380655605,,,19.1,19.1,19.05,19.05,0.00040246442697906316,0.0003652852038251468,,,,
1787535960,19.05,19.05,19,19,0,0,0,0,0,0,18.700000000000003,18.41,,,,,19.025,,,,,,,,,,,83.07334689604568,77.45918495365416,83.07334689604568,77.45918495365416,88.45039920449078,89.43016417628169,88.45039920449078,89.43016417628169,96,101,96,101,-1,4,-1,4,-1,4,-1,4,96,101,96,101,0.23832294666834852,0.23832294666834852,,0.23832294666834852,,,,,,0,0,0,0,52,48,-52,-48,20.15858695624055,41.70819981794898,-21.54961286170843,,,19.05,19.05,19,19,0.00039126982993977497,0.00038153664687430106,,,,
1787536200,19.05,19.1,19.05,19.1,0,0,0,0,0,0,19.200000000000003,19,,,,,19.075000000000003,,,,,,,,,,,83.31714258107715,78.29603604328601,83.31714258107715,78.29603604328601,87.9124399873756,88.67130208182866,87.9124399873756,88.67130208182866,96,101,96,101,-1,4,-1,4,-1,4,-1,4,96,101,96,101,0.24318111445778823,,,,,,,,,0,0,0,0,52,48,-52,-48,17.602845060238675,31.12033956364784,-13.517494503409164,,,19.05,19.1,19.05,19.1,0.0003909051321600916,0.00039130332288752186,0.0003909051321600916,19.1,,
1787536200.001,19.1,19.150000000000002,19.1,19.150000000000002,0,0,0,0,0,0,19.200000000000003,19,,,,,19.125,,,,,,,,,,,83.86527461035669,79.09164155286753,83.86527461035669,79.09164155286753,87.92494856060766,88.29812532121815,87.92494856060766,88.29812532121815,96,101,96,101,-1,4,-1,4,-1,4,-1,4,96,101,96,101,0.2753522368097957,,,,,,,,,0,0,0,0,52,48,-52,-48,23.222231591793495,24.29109652475222,-1.068864932958725,,,19.1,19.150000000000002,19.1,19.150000000000002,0.00039438317396882345,0.0003954993104815527,,,,
1787537160,19.150000000000002,19.200000000000003,19.08,19.200000000000003,0,0,0,0,0,0,19.200000000000003,19,,,,,19.175000000000004,,,,,,,,,,,84.6960046735809,79.89226485582658,84.6960046735809,79.89226485582658,88.38679801435545,88.34246166778681,88.38679801435545,88.34246166778681,96,101,96,101,-1,4,-1,4,-1,4,-1,4,96,101,96,101,0.29497046488490536,,,,,0.29497046488490536,,0.29497046488490536,,0,0,0,0,52,48,-52,-48,29.339195582234808,22.580714797626896,6.758480784607912,22.580714797626896,22.580714797626896,19.150000000000002,19.200000000000003,19.08,19.200000000000003,0.0004038586937691503,0.00039765938983505846,,,,
1787538600,19.150000000000002,19.24,19.1,19.1,0,0,0,0,0,0,19.24,19,,,,,19.125,,,,,,,,,,,84.82389623164558,80.59678362380073,84.82389623164558,80.59678362380073,88.26804909166967,88.30525537972824,88.26804909166967,88.30525537972824,96,101,96,101,-1,4,-1,4,-1,4,-1,4,96,101,96,101,0.276671979318335,,,,,,,,,0,0,0,0,52,48,-52,-48,30.826709244644,25.24774536972776,5.578963874916241,,,19.150000000000002,19.24,19.1,19.1,0.00039958906624923483,0.00039707838717768936,,,,
1787538840,19.1,19.1,19.05,19.05,0,0,0,0,0,0,19.24,19,,,,,19.075000000000003,,,,,,,,,,,84.62090235666959,81.17165772849629,84.62090235666959,81.17165772849629,86.9540088559826,87.62963211785541,86.9540088559826,87.62963211785541,96,101,96,101,-1,4,-1,4,-1,4,-1,4,96,101,96,101,0.24273215039368834,,,,,,,,,0,0,0,0,52,48,-52,-48,17.293653315362057,25.170447433508606,-7.876794118146549,25.170447433508606,25.170447433508606,19.1,19.1,19.05,19.05,0.000386712678822407,0.0003944530958182467,0.000386712678822407,19.1,,
1787539080,19.05,19.05,19,19,0,0,0,0,0,0,19.24,19,,,,,19.025,,,,,,,,,,,84.11065772244156,81.59151487048847,84.11065772244156,81.59151487048847,84.99712386991193,86.31337799388368,84.99712386991193,86.31337799388368,96,101,96,101,-1,4,-1,4,-1,4,-1,4,96,101,96,101,0.21369386619899738,,,,,,,,,0,0,0,0,52,48,-52,-48,2.578647613176459,20.00955143885435,-17.430903825677888,,,19.05,19.05,19,19,0.0003671314553501159,0.0003904300333866368,,,,
1787539320,19,19,18.95,18.95,0,0,0,0,0,0,19.24,19,,,,,18.975,,,,,,,,,,,83.31510881176521,81.83774257638514,83.31510881176521,81.83774257638514,82.37848712659112,84.3459325602374,82.37848712659112,84.3459325602374,96,101,96,101,-1,4,-1,4,-1,4,-1,4,96,101,96,101,0.1898488782985165,,,,,,,,,0,0,0,0,52,48,-52,-48,-10.601247806471367,10.024440591677802,-20.62568839814917,,,19,19,18.95,18.95,0.0003432027346742118,0.0003824796338056569,,,,
1787539560,18.95,18.95,18.9,18.9,0,0,0,0,0,0,19.24,19,,,,,18.924999999999997,,,,,,,,,,,82.25463450152971,81.8972985656915,82.25463450152971,81.8972985656915,79.28360121054749,81.81476688539244,79.28360121054749,81.81476688539244,96,101,96,101,-1,4,-1,4,-1,4,-1,4,96,101,96,101,0.17448689209220344,,,,,,,,,0,0,0,0,52,48,-52,-48,-22.366288017807207,-3.273808723934998,-19.09247929387221,,,18.95,18.95,18.9,18.9,0.00031589286925856597,0.00036939791635394735,,,,
1787541240,18.95,19,18.95,19,0,0,0,0,0,0,19.24,19,,,,,18.975,,,,,,,,,,,81.91340899981167,81.8996000562801,81.91340899981167,81.8996000562801,77.65125001720394,79.73300845129819,77.65125001720394,79.73300845129819,96,101,96,101,-1,4,-1,4,-1,4,-1,4,96,101,96,101,0.18749474872680685,,,,,,,,,0,0,0,0,52,48,-52,-48,-22.66963274375584,-13.264630238714474,-9.405002505041367,,,18.95,19,18.95,19,0.0003062097236283172,0.0003531230879971418,,,,
1787541240.001,19,19.05,19,19.05,0,0,0,0,0,0,19.24,19,,,,,19.025,,,,,,,,,,,81.91830706996667,81.90227248680675,81.91830706996667,81.90227248680675,77.10243198753533,78.41772021941676,77.10243198753533,78.41772021941676,96,101,96,101,-1,4,-1,4,-1,4,-1,4,96,101,96,101,0.21584711452947156,,,,,,,,,0,0,1,0,52,48,-52,-48,-15.410574949216755,-17.76193587931278,2.3513609300960248,-17.76193587931278,-17.76193587931278,19,19.05,19,19.05,0.00030659118010107776,0.0003376234403057823,,,,
1787541480,19,19,18.95,18.95,0,0,0,0,0,0,19.24,19,,,,,18.975,,,,,,,,,,,81.27935463446711,81.81328422218681,81.27935463446711,81.81328422218681,75.61160837026831,77.01466429484253,75.61160837026831,77.01466429484253,96,101,96,101,-1,4,-1,4,-1,4,-1,4,96,101,96,101,0.21378270343588732,,,,,,,,,0,0,0,0,52,48,-52,-48,-20.318025432264932,-20.191130285761183,-0.1268951465037489,-20.191130285761183,-20.191130285761183,19,19,18.95,18.95,0.00029645603417342967,0.0003225806661976194,,,,
1787548080,18.95,18.95,18.9,18.9,0,0,0,0,0,0,19.24,19,,,,,18.924999999999997,,,,,,,,,,,80.36429133689576,81.6062852385738,80.36429133689576,81.6062852385738,73.48341941941365,75.24904185712809,73.48341941941365,75.24904185712809,96,101,96,101,-1,4,-1,4,-1,4,-1,4,96,101,96,101,0.18085167230635968,,,,,,,,,0,0,0,0,52,48,-52,-48,-28.90081493947322,-21.824762016177687,-7.076052923295535,,,18.95,18.95,18.9,18.9,0.0002771091049312007,0.0003075769411278002,,,,
1787548800,18.900000000000002,18.900000000000002,18.85,18.85,0,0,0,0,0,0,19.24,19,,,,,18.875,,,,,,,,,,,79.19283938168634,81.26150725901846,79.19283938168634,81.26150725901846,70.80891732548385,73.02897959130597,70.80891732548385,73.02897959130597,96,101,96,101,-1,4,-1,4,-1,4,-1,4,96,101,96,101,0.14385823196975603,,,,,,,,,0,0,0,0,52,48,-52,-48,-38.16329488708952,-25.698177552011106,-12.465117335078414,,,18.900000000000002,18.900000000000002,18.85,18.85,0.0002521588842014762,0.0002924029660490109,,,,
1787549280,18.85,18.85,18.8,18.8,0,0,0,0,0,0,19.24,19,,,,,18.825000000000003,,,,,,,,,,,77.78331224438442,80.76462225692788,77.78331224438442,80.76462225692788,67.66614682320382,70.3475632072549,67.66614682320382,70.3475632072549,96,101,96,101,-1,4,-1,4,-1,4,-1,4,96,101,96,101,0.11930421764542087,0.11930421764542087,,0.11930421764542087,,,,,,0,0,0,0,52,48,-52,-48,-45.96640947683668,-33.33713618391609,-12.629273292920594,,,18.85,18.85,18.8,18.8,0.0002219763310524071,0.00027675020968131775,,,,
1787551440,18.85,18.900000000000002,18.79,18.900000000000002,0,0,0,0,0,0,19.24,19,,,,,18.875,,,,,,,,,,,77.11796626039042,80.24367140027968,77.11796626039042,80.24367140027968,65.78867006614749,68.06811663670119,65.78867006614749,68.06811663670119,96,101,96,101,-1,4,-1,4,-1,4,-1,4,96,101,96,101,0.12928153787897156,,,,,,,,,0,0,0,0,52,48,-52,-48,-44.89785934025261,-39.482094660913006,-5.415764679339603,,,18.85,18.900000000000002,18.79,18.900000000000002,0.0002066005735056368,0.000260148684660871,,,,
1787551680,18.900000000000002,18.950000000000003,18.900000000000002,18.950000000000003,0,0,0,0,0,0,19.24,19,,,,,18.925000000000004,,,,,,,,,,,76.82189531128917,79.75484624470961,76.82189531128917,79.75484624470961,64.66096531985578,66.36454097827848,64.66096531985578,66.36454097827848,96,101,96,101,-1,4,-1,4,-1,4,-1,4,96,101,96,101,0.15477574905393277,,,,,,,,,0,0,0,0,52,48,-52,-48,-33.83439907509397,-40.71549069481819,6.881091619724224,-40.71549069481819,-40.71549069481819,18.900000000000002,18.950000000000003,18.900000000000002,18.950000000000003,0.00020529697171920973,0.00024326631659722634,,,,
1787551920,18.95,19,18.95,19,0,0,0,0,0,0,19.24,19,,,,,18.975,,,,,,,,,,,76.86872260887402,79.34254286816167,76.86872260887402,79.34254286816167,63.775332911524686,65.06993694490158,63.775332911524686,65.06993694490158,96,101,96,101,-1,4,-1,4,-1,4,-1,4,96,101,96,101,0.16518316374423264,,,,,,,,,0,0,0,0,52,48,-52,-48,-18.45971651764668,-35.78959610245748,17.3298795848108,,,18.95,19,18.95,19,0.0002145767585437547,0.0002296197706589472,,,,
1787552160,19,19.05,19,19.05,0,0,0,0,0,0,19.24,19,,,,,19.025,,,,,,,,,,,77.23395542123886,79.04131609002984,77.23395542123886,79.04131609002984,63.71219011464016,64.39106352977088,63.71219011464016,64.39106352977088,96,101,96,101,-1,4,-1,4,-1,4,-1,4,96,101,96,101,0.17545320816480842,,,,,,,,,0,0,0,0,52,48,-52,-48,-3.286899605201386,-25.11971863454866,21.832819029347277,,,19,19.05,19,19.05,0.00023130586597422062,0.00022198589749945056,,,,
1787552160.001,19.05,19.1,19.05,19.1,0,0,0,0,0,0,19.24,19,,,,,19.075000000000003,,,,,,,,,,,77.89485049732797,78.87753529107242,77.89485049732797,78.87753529107242,64.48057853982142,64.43582103479615,64.48057853982142,64.43582103479615,96,101,96,101,-1,4,-1,4,-1,4,-1,4,96,101,96,101,0.19270488098880192,,,,,0.19270488098880192,,0.19270488098880192,,0,0,0,0,52,48,-52,-48,10.020063796670192,-11.39023785031796,21.410301646988152,,,19.05,19.1,19.05,19.1,0.0002499619803825608,0.00022161974686296464,,,,
1787552400,19.05,19.05,19,19,0,0,0,0,0,0,19.1,18.900000000000002,,,,,19.025,,,,,,,,,,,77.86503813876719,78.7328928407431,77.86503813876719,78.7328928407431,62.98335303413258,63.70958703446436,62.98335303413258,63.70958703446436,96,101,96,101,-1,4,-1,4,-1,4,-1,4,96,101,96,101,0.1697650238539902,,,,,,,,,0,0,0,0,52,48,-52,-48,11.560183742617497,-0.041592145890097854,11.601775888507595,,,19.05,19.05,19,19,0.00025301969586258435,0.00022679364099799422,,,,
1787552880,19,19,18.95,18.95,0,0,0,0,0,0,19.1,18.900000000000002,,,,,18.975,,,,,,,,,,,77.515604912639,78.55899456529967,77.515604912639,78.55899456529967,59.57579328391482,61.64269015918959,59.57579328391482,61.64269015918959,96,101,96,101,-1,4,-1,4,-1,4,-1,4,96,101,96,101,0.11265317003259329,,,,,,,,,0,0,0,0,52,48,-52,-48,4.69106509260163,5.746103256671979,-1.055038164070349,5.746103256671979,5.746103256671979,19,19,18.95,18.95,0.00024791669462780264,0.00023367966118502184,,,,
1787621400,18.95,18.95,18.9,18.9,0,0,0,0,0,0,19.1,18.9,,,,,18.924999999999997,,,,,,,,,,,76.86938088091252,78.3176211818158,76.86938088091252,78.3176211818158,55.10223275267237,58.37246145593098,55.10223275267237,58.37246145593098,96,101,96,101,-1,4,-1,4,-1,4,-1,4,96,101,96,101,0.06503917670816771,,,,,,,,,0,0,0,0,52,48,-52,-48,-6.804215440708558,4.866774297795187,-11.670989738503746,,,18.95,18.95,18.9,18.9,0.0002381668250290913,0.00023915797007000212,0.0002381668250290913,18.95,,
1787621400.001,18.900000000000002,18.900000000000002,18.85,18.85,0,0,0,0,0,0,19.1,18.85,,,,,18.875,,,,,,,,,,,75.94756538684476,77.97904178253421,75.94756538684476,77.97904178253421,49.714957266265905,54.04370936109844,49.714957266265905,54.04370936109844,96,101,96,101,-1,4,-1,4,-1,4,-1,4,96,101,96,101,0.03002760628620482,,,,,,,,,0,0,0,0,52,48,-52,-48,-18.733601988291003,-2.321642148445112,-16.411959839845892,,,18.900000000000002,18.900000000000002,18.85,18.85,0.00022213280227220447,0.00024041731069141038,,,,
1787621400.002,18.85,18.85,18.8,18.8,0,0,0,0,0,0,19.1,18.8,,,,,18.825000000000003,,,,,,,,,,,74.76984353488865,77.52058489001342,74.76984353488865,77.52058489001342,43.544497532575775,48.79410344683711,43.544497532575775,48.79410344683711,96,101,96,101,-1,4,-1,4,-1,4,-1,4,96,101,96,101,-0.0016730629716274585,,,,,,,,,0,0,0,0,52,48,-52,-48,-29.19135042476295,-12.509525690290223,-16.681824734472727,,,18.85,18.85,18.8,18.8,0.00020585383501070116,0.00023617530553082385,,,,
1787621400.003,18.8,18.8,18.75,18.75,0,0,0,0,0,0,19.1,18.8,,,,,18.775,,,,,,,,,,,73.35449435060765,76.92542909866974,73.35449435060765,76.92542909866974,37.89528359935065,43.34469352309388,37.89528359935065,43.34469352309388,96,101,96,101,-1,4,-1,4,-1,4,-1,4,96,101,96,101,-0.0325832866643807,,,,,,,,,0,0,0,0,52,48,-52,-48,-38.40176731265477,-23.282733791604322,-15.119033521050447,,,18.8,18.8,18.75,18.75,0.00018595841242665726,0.0002255080442048399,,,,
1787621400.004,18.75,18.75,18.7,18.7,0,0,0,0,0,0,19.1,18.8,,,,,18.725,,,,,,,,,,,71.71849121488212,76.18158082955722,71.71849121488212,76.18158082955722,33.001152176066775,38.17292284958033,33.001152176066775,38.17292284958033,96,101,96,101,-1,4,-1,4,-1,4,-1,4,96,101,96,101,-0.06257509274547936,,,,,,,,,0,0,0,0,52,48,-52,-48,-45.59856416958194,-32.98132097382267,-12.617243195759272,,,18.75,18.75,18.7,18.7,0.00015692141891206207,0.0002094916647130862,,,,
1787621400.005,18.7,18.7,18.65,18.65,0,0,0,0,0,0,19.1,18.8,,,,,18.674999999999997,,,,,,,,,,,69.8775951242438,75.28101144308388,69.8775951242438,75.28101144308388,28.76289234139064,33.467907595485485,28.76289234139064,33.467907595485485,96,101,96,101,-1,4,-1,4,-1,4,-1,4,96,101,96,101,-0.07432723393537297,,,,,,,,,0,0,0,0,52,48,-52,-48,-51.12325709606604,-41.07873475076643,-10.044522345299612,,,18.7,18.7,18.65,18.65,0.00012129250036158622,0.0001883876323353835,,,,
1787621880,18.650000000000002,18.650000000000002,18.6,18.6,0,0,0,0,0,0,19.1,18.8,,,,,18.625,,,,,,,,,,,67.38633832965495,74.15320099830832,67.38633832965495,74.15320099830832,25.093468160752483,29.280687878118982,25.093468160752483,29.280687878118982,96,101,96,101,-1,4,-1,4,-1,4,-1,4,96,101,96,101,-0.07916194004234794,,,,,,,,,0,0,0,0,52,48,-52,-48,-55.316576568279636,-47.6100412866456,-7.706535281634039,,,18.650000000000002,18.650000000000002,18.6,18.6,0.00008110523602676831,0.0001622107008349963,,,,
1787622360,18.6,18.6,18.55,18.55,0,0,0,0,0,0,19.1,18.8,,,,,18.575000000000003,,,,,,,,,,,64.4527276970856,72.76741909813366,64.4527276970856,72.76741909813366,21.916850260236814,25.598769069177898,21.916850260236814,25.598769069177898,96,101,96,101,-1,4,-1,4,-1,4,-1,4,96,101,96,101,-0.09016427537590516,,,,,,,,,0,0,0,0,52,48,-52,-48,-57.87259596615944,-52.477748450021764,-5.394847516137673,,,18.6,18.6,18.55,18.55,0.000035155218246310446,0.000131047770164014,,,,
1787622360.001,18.55,18.55,18.5,18.5,0,0,0,0,0,0,19.1,18.8,,,,,18.525,,,,,,,,,,,61.03943762348424,71.09199317318374,61.03943762348424,71.09199317318374,19.171972037731933,22.385370553454916,19.171972037731933,22.385370553454916,96,101,96,101,-1,4,-1,4,-1,4,-1,4,96,101,96,101,-0.10806460365465696,,,,,,,,,0,0,0,0,52,48,-52,-48,-59.53142106695584,-55.96096267436525,-3.570458392590595,,,18.55,18.55,18.5,18.5,-0.000006383071324521818,0.00009567495244147682,,,,
1787622600,18.5,18.5,18.45,18.45,0,0,0,0,0,0,19.1,18.8,,,,,18.475,,,,,,,,,,,57.17781666366724,69.10425367182424,57.17781666366724,69.10425367182424,16.7947825422874,19.590076547871156,16.7947825422874,19.590076547871156,96,101,96,101,-1,4,-1,4,-1,4,-1,4,96,101,96,101,-0.1460790160744287,,,,,,,,,0,0,0,0,52,48,-52,-48,-60.682301270456314,-58.350723717962815,-2.331577552493499,,,18.5,18.5,18.45,18.45,-0.000046814922411349785,0.00005687939663514258,,,,
1787623080,18.45,18.45,18.4,18.4,0,0,0,0,0,0,19.1,18.8,,,,,18.424999999999997,,,,,,,,,,,53.176743380382014,66.82889505876106,53.176743380382014,66.82889505876106,14.735663947811023,17.16287024784109,14.735663947811023,17.16287024784109,96,101,96,101,-1,4,-1,4,-1,4,-1,4,96,101,96,101,-0.19580308945501965,,,,,,,,,0,0,0,0,52,48,-52,-48,-61.53803539998044,-59.906088425888015,-1.631946974092422,,,18.45,18.45,18.4,18.4,-0.00008828516304317996,0.00001601163297593559,,,,
1787624040,18.400000000000002,18.400000000000002,18.35,18.35,0,0,0,0,0,0,19.1,18.8,,,,,18.375,,,,,,,,,,,49.37840456749758,64.33596784572342,49.37840456749758,64.33596784572342,12.951596385443208,15.05723331664215,12.951596385443208,15.05723331664215,96,101,96,101,-1,4,-1,4,-1,4,-1,4,96,101,96,101,-0.24092488353840405,,,,,,,,,0,0,0,0,52,48,-52,-48,-62.21617915871684,-60.99198422402736,-1.2241949346894785,,,18.400000000000002,18.400000000000002,18.35,18.35,-0.0001287856117017524,-0.00002566805236795417,,,,
1787624520,18.400000000000002,18.450000000000003,18.400000000000002,18.450000000000003,0,0,0,0,0,0,19.1,18.8,,,,,18.425000000000004,,,,,,,,,,,46.64502646346999,61.8086905054015,46.64502646346999,61.8086905054015,12.385477479657615,13.721355398149882,12.385477479657615,13.721355398149882,96,101,96,101,-1,4,-1,4,-1,4,-1,4,96,101,96,101,-0.24623332825301703,,,,,,,,,0,0,0,0,52,48,-52,-48,-55.84725648191919,-60.0709430777682,4.22368659584901,-60.0709430777682,-60.0709430777682,18.400000000000002,18.450000000000003,18.400000000000002,18.450000000000003,-0.00014702693352972122,-0.00006369008062736909,,,,
1787625000,18.400000000000002,18.400000000000002,18.35,18.35,0,0,0,0,0,0,19.1,18.8,,,,,18.375,,,,,,,,,,,43.313238858936415,59.16648312733506,43.313238858936415,59.16648312733506,10.937150841311714,12.329253119730797,10.937150841311714,12.329253119730797,96,101,96,101,-1,4,-1,4,-1,4,-1,4,96,101,96,101,-0.2432613434974486,,,,,,,,,0,0,0,0,52,48,-52,-48,-56.039195464811215,-58.910166626356926,2.870971161545711,,,18.400000000000002,18.400000000000002,18.35,18.35,-0.00017807994877698627,-0.00009922927513125188,,,,
1787625720,18.35,18.35,18.3,18.3,0,0,0,0,0,0,19.1,18.8,,,,,18.325000000000003,,,,,,,,,,,40.2194360832981,56.45976212104407,40.2194360832981,56.45976212104407,9.678652088905476,11.003952604318137,9.678652088905476,11.003952604318137,96,101,96,101,-1,4,-1,4,-1,4,-1,4,96,101,96,101,-0.2587929954361103,,,,,,,,,0,0,0,0,52,48,-52,-48,-58.08527093236346,-58.04697550945268,-0.03829542291077814,-58.04697550945268,-58.04697550945268,18.35,18.35,18.3,18.3,-0.00020751342204551357,-0.0001327510002514172,,,,
1787626200,18.3,18.3,18.25,18.25,0,0,0,0,0,0,19.1,18.8,,,,,18.275,,,,,,,,,,,37.346619220205376,53.72931313520997,37.346619220205376,53.72931313520997,8.584587793376405,9.794270198847272,8.584587793376405,9.794270198847272,96,101,96,101,-1,4,-1,4,-1,4,-1,4,96,101,96,101,-0.2845999568115656,-0.2845999568115656,,-0.2845999568115656,,,,,,0,0,0,0,52,48,-52,-48,-60.659666356212675,-57.65784730882663,-3.001819047386043,,,18.3,18.3,18.25,18.25,-0.00023723747381292816,-0.00016448809215168024,,,,
1787634000,18.3,18.35,18.21,18.35,0,0,0,0,0,0,19.1,18.8,,,,,18.325000000000003,,,,,,,,,,,35.64054202315774,51.145202976345374,35.64054202315774,51.145202976345374,8.995457273937404,9.394863736392338,8.995457273937404,9.394863736392338,96,101,96,101,-1,4,-1,4,-1,4,-1,4,96,101,96,101,-0.2824043810386858,,,,,,,,,0,0,0,0,52,48,-52,-48,-57.75505202244415,-58.13479619395788,0.3797441715137353,-58.13479619395788,-58.13479619395788,18.3,18.35,18.21,18.35,-0.0002492085976421688,-0.00019130866458484503,,,,
1787634000.001,18.35,18.400000000000002,18.35,18.400000000000002,0,0,0,0,0,0,19.1,18.8,,,,,18.375,,,,,,,,,,,34.399734076448674,48.75299313350298,34.399734076448674,48.75299313350298,10.439123891304318,9.916993813848329,10.439123891304318,9.916993813848329,96,101,96,101,-1,4,-1,4,-1,4,-1,4,96,101,96,101,-0.2499855593509911,,,,,,,,,0,0,0,0,52,48,-52,-48,-45.88420442806165,-55.59604843477049,9.711844006708837,,,18.35,18.400000000000002,18.35,18.400000000000002,-0.0002505440770615107,-0.00021160174214480477,,,,
1787634240,18.400000000000002,18.450000000000003,18.400000000000002,18.450000000000003,0,0,0,0,0,0,19.1,18.8,,,,,18.425000000000004,,,,,,,,,,,33.590961862196856,46.586988666173546,33.590961862196856,46.586988666173546,12.479120638774523,11.198057226311427,12.479120638774523,11.198057226311427,96,101,96,101,-1,4,-1,4,-1,4,-1,4,96,101,96,101,-0.2309904982040899,,,,,,,,,0,0,0,0,52,48,-52,-48,-30.193214157980076,-48.623034241174636,18.42982008319456,,,18.400000000000002,18.450000000000003,18.400000000000002,18.450000000000003,-0.00024127974182078544,-0.0002273105435266488,,,,
1787707800,18.45,18.5,18.38,18.5,0,0,0,0,0,0,19.1,18.8,,,,,18.475,,,,,,,,,,,33.18336568522674,44.67218538318115,33.18336568522674,44.67218538318115,14.805538396638195,13.00179781147481,14.805538396638195,13.00179781147481,96,101,96,101,-1,4,-1,4,-1,4,-1,4,96,101,96,101,-0.21636973961610279,,,,,,,,,0,0,0,0,52,48,-52,-48,-17.182487659224865,-37.75373956692769,20.571251907702827,,,18.45,18.5,18.38,18.5,-0.0002267492457128854,-0.00023542209301596534,,,-0.0002267492457128854,18.38
1787707800.001,18.5,18.55,18.5,18.55,0,0,0,0,0,0,19.1,18.8,,,,,18.525,,,,,,,,,,,33.14829011430395,43.02591463048441,33.14829011430395,43.02591463048441,17.826898079943494,15.414347945709153,17.826898079943494,15.414347945709153,96,101,96,101,-1,4,-1,4,-1,4,-1,4,96,101,96,101,-0.19081760242843093,,,,,,,,,0,0,0,0,52,48,-52,-48,-2.6330615726301065,-23.973241954474183,21.34018038184408,,,18.5,18.55,18.5,18.55,-0.0002037365536332809,-0.00023479261494725986,,,,
1787707800.002,18.55,18.6,18.55,18.6,0,0,0,0,0,0,19.1,18.8,,,,,18.575000000000003,,,,,,,,,,,33.459126534710805,41.65923061680246,33.459126534710805,41.65923061680246,21.2192031696466,18.31677555767788,21.2192031696466,18.31677555767788,96,101,96,101,-1,4,-1,4,-1,4,-1,4,96,101,96,101,-0.16135265836346557,,,,,,,,,0,0,0,0,52,48,-52,-48,9.422019493122301,-10.146685974178196,19.568705467300497,,,18.55,18.6,18.55,18.6,-0.00017459310913223373,-0.00022435188750047745,,,,
1787707800.003,18.6,18.650000000000002,18.6,18.650000000000002,0,0,0,0,0,0,19.1,18.8,,,,,18.625,,,,,,,,,,,34.091166947066625,40.57807866398306,34.091166947066625,40.57807866398306,24.929461464833544,21.62311851125571,24.929461464833544,21.62311851125571,96,101,96,101,-1,4,-1,4,-1,4,-1,4,96,101,96,101,-0.13160424280275435,,,,,,,,,0,0,0,0,52,48,-52,-48,20.02502638528769,2.4078741616387545,17.617152223648933,,,18.6,18.650000000000002,18.6,18.650000000000002,-0.00014149086871750714,-0.00020639893267970053,,,,
1787707800.004,18.650000000000002,18.700000000000003,18.650000000000002,18.700000000000003,0,0,0,0,0,0,19.1,18.8,,,,,18.675000000000004,,,,,,,,,,,35.02146820908935,39.78427717042681,35.02146820908935,39.78427717042681,28.912251079006634,25.267684795131174,28.912251079006634,25.267684795131174,96,101,96,101,-1,4,-1,4,-1,4,-1,4,96,101,96,101,-0.10183409694409522,,,,,,,,,0,0,0,0,52,48,-52,-48,28.603073846295253,13.854264538018784,14.748809308276469,,,18.650000000000002,18.700000000000003,18.650000000000002,18.700000000000003,-0.00010486462163914096,-0.0001821190234426389,,,,
1787707800.005,18.7,18.75,18.7,18.75,0,0,0,0,0,0,19.1,18.8,,,,,18.725,,,,,,,,,,,36.228725974374164,39.27634128527644,36.228725974374164,39.27634128527644,33.12863896659636,29.19816188086377,33.12863896659636,29.19816188086377,96,101,96,101,-1,4,-1,4,-1,4,-1,4,96,101,96,101,-0.07743999065096645,,,,,,,,,0,0,0,0,52,48,-52,-48,35.53806777155399,23.397046874064806,12.141020897489184,,,18.7,18.75,18.7,18.75,-0.0000650794757421853,-0.0001527523124295389,,,,
1787708520,18.75,18.8,18.75,18.8,0,0,0,0,0,0,19.1,18.8,,,,,18.775,,,,,,,,,,,37.69315763554523,39.050172192457694,37.69315763554523,39.050172192457694,37.54525394568613,33.371707913274946,37.54525394568613,33.371707913274946,96,101,96,101,-1,4,-1,4,-1,4,-1,4,96,101,96,101,-0.053437790236524,,,,,,,,,0,0,0,0,52,48,-52,-48,41.14869197950366,31.32871499566015,9.81997698384351,,,18.75,18.8,18.75,18.8,-0.00002600409980560679,-0.00011929478811165913,,,,
1787708520.001,18.8,18.85,18.8,18.85,0,0,0,0,0,0,19.1,18.8,,,,,18.825000000000003,,,,,,,,,,,39.39639362861067,39.09963239762241,39.39639362861067,39.09963239762241,42.133492146061634,37.75260002966829,42.133492146061634,37.75260002966829,96,101,96,101,-1,4,-1,4,-1,4,-1,4,96,101,96,101,-0.024704596654727184,,,,,,,,,0,0,0,0,52,48,-52,-48,46.04419919762987,37.83350819874569,8.210690998884182,,,18.8,18.85,18.8,18.85,0.000014104789555957875,-0.00008298789758011934,,,,
1787708760,18.85,18.900000000000002,18.85,18.900000000000002,0,0,0,0,0,0,19.1,18.8,,,,,18.875,,,,,,,,,,,41.32137650129232,39.4170244124324,41.32137650129232,39.4170244124324,46.86883596468206,42.310717997175175,46.86883596468206,42.310717997175175,96,101,96,101,-1,4,-1,4,-1,4,-1,4,96,101,96,101,-0.0016137045332661635,,,,,,,,,0,0,0,0,52,48,-52,-48,49.964465637550255,43.173856146559444,6.790609490990811,,,18.85,18.900000000000002,18.85,18.900000000000002,0.0000608250320836481,-0.00004375154071080571,,,,
1787708760.001,18.900000000000002,18.950000000000003,18.900000000000002,18.950000000000003,0,0,0,0,0,0,19.1,18.8,,,,,18.925000000000004,,,,,,,,,,,43.45226719076045,39.99348766647926,43.45226719076045,39.99348766647926,51.73027031322671,47.02049415520094,51.73027031322671,47.02049415520094,96,101,96,101,-1,4,-1,4,-1,4,-1,4,96,101,96,101,0.019641431878115338,,,,,,,,,0,0,1,0,52,48,-52,-48,53.108535275140746,47.56647302245614,5.542062252684609,,,18.900000000000002,18.950000000000003,18.900000000000002,18.950000000000003,0.00010316938100154568,-0.000002974832424296901,,,,
1787709000,18.95,19,18.95,19,1,0,0,1,0,0,19.1,18.8,,,,,18.975,,,,,,,,,,,45.774357995816004,40.819326284955935,45.774357995816004,40.819326284955935,56.699782258849204,51.860138207025074,56.699782258849204,51.860138207025074,96,101,96,101,-1,4,-1,4,-1,4,-1,4,96,101,96,101,0.04033772368610541,,,,,,,,,0,0,0,0,52,48,-52,-48,55.63455653584747,51.18793916154209,4.446617374305383,,,18.95,19,18.95,19,0.00014268222809847212,0.000038282975865305275,,,,
1787709000.001,19,19.05,19,19.05,0,0,0,0,0,0,19.1,18.8,,,,,19.025,,,,,,,,,,,48.27399176534561,41.884278496440174,48.27399176534561,41.884278496440174,61.76193214482419,56.81103517592463,61.76193214482419,56.81103517592463,96,101,96,101,-1,4,-1,4,-1,4,-1,4,96,101,96,101,0.06142717453627054,,,,,,,,,0,0,0,0,52,48,-52,-48,57.17151898053534,53.96976910726845,3.201749873266891,,,19,19.05,19,19.05,0.00017878741315447013,0.00007892745734808117,,,,
1787709000.002,19.05,19.1,19.05,19.1,0,0,0,0,0,0,19.1,18.8,,,,,19.075000000000003,,,,,,,,,,,50.9384868590297,43.17773683395296,50.9384868590297,43.17773683395296,66.90348597967275,61.85726057779869,66.90348597967275,61.85726057779869,96,101,96,101,-1,4,-1,4,-1,4,-1,4,96,101,96,101,0.08676550118123483,,,,,,,,,0,0,0,0,52,48,-52,-48,58.21304649217598,56.031914320924884,2.181132171251093,,,19.05,19.1,19.05,19.1,0.00021592824939777714,0.00011924951554864517,,,,
1787709000.003,19.1,19.150000000000002,19.1,19.150000000000002,0,1,0,0,1,0,19.1,18.8,,,,,19.125,,,,,,,,,,,53.7560674680001,44.688926924531124,53.7560674680001,44.688926924531124,71.32760804336692,66.5924343105828,71.32760804336692,66.5924343105828,96,101,96,101,-1,4,-1,4,-1,4,-1,4,96,101,96,101,0.11388206066388656,,,,,,,,,0,0,0,0,52,48,-52,-48,59.01546815665764,57.50864754130411,1.5068206153535328,,,19.1,19.150000000000002,19.1,19.150000000000002,0.00025346000687465894,0.00015914205176842868,,,,
1787709240,19.150000000000002,19.200000000000003,19.150000000000002,19.200000000000003,0,0,0,0,0,0,19.1,18.8,,,,,19.175000000000004,,,,,,,,,,,56.71579891259349,46.40705149425431,56.71579891259349,46.40705149425431,75.13506374857137,70.8637490295771,75.13506374857137,70.8637490295771,96,101,96,101,-1,4,-1,4,-1,4,-1,4,96,101,96,101,0.1430867336047824,,,,,,,,,0,0,0,0,52,48,-52,-48,59.708080784549466,58.52702860347961,1.1810521810698589,,,19.150000000000002,19.200000000000003,19.150000000000002,19.200000000000003,0.00029411553150543137,0.00019802380167205922,,,,
1787709240.001,19.200000000000003,19.250000000000004,19.200000000000003,19.250000000000004,0,0,0,0,0,0,19.1,18.8,,,,,19.225,,,,,,,,,,,59.80752756169396,48.32140521817426,59.80752756169396,48.32140521817426,78.41247222405019,74.63811062681364,78.41247222405019,74.63811062681364,96,101,96,101,-1,4,-1,4,-1,4,-1,4,96,101,96,101,0.17180670316406949,,,,,,,,,0,0,0,0,52,48,-52,-48,60.35050923942496,59.32177616820201,1.0287330712229519,,,19.200000000000003,19.250000000000004,19.200000000000003,19.250000000000004,0.00033209862483196386,0.00023617867564379558,,,,
1787709240.002,19.25,19.3,19.25,19.3,0,0,1,0,0,1,19.1,18.8,,,,,19.275,,,,,,,,,,,62.678418450144385,50.372407108455704,62.678418450144385,50.372407108455704,81.23428156556858,77.93619609619111,81.23428156556858,77.93619609619111,96,101,96,101,-1,4,-1,4,-1,4,-1,4,96,101,96,101,0.20609307737526586,,,,,,,,,0,0,0,0,52,48,-52,-48,60.96510921037519,60.00979184775181,0.9553173626233757,,,19.25,19.3,19.25,19.3,0.00036840402364496643,0.00027379897490154465,,,,
1787709960,19.3,19.35,19.3,19.35,0,0,0,0,0,0,19.1,18.8,,,,,19.325000000000003,,,,,,,,,,,65.3442457037055,52.51124119349139,65.3442457037055,52.51124119349139,83.66447191835704,80.80033400727407,83.66447191835704,80.80033400727407,96,101,96,101,-1,4,-1,4,-1,4,-1,4,96,101,96,101,0.2395168361386894,,,,,,,,,0,0,0,0,52,48,-52,-48,61.555759354085176,60.644864647108705,0.910894706976471,,,19.3,19.35,19.3,19.35,0.00040294969440292594,0.0003111593551096206,,,,
1787709960.001,19.35,19.400000000000002,19.35,19.400000000000002,0,0,0,0,0,0,19.1,18.8,,,,,19.375,,,,,,,,,,,67.81965672486939,54.698157697973954,67.81965672486939,54.698157697973954,85.75802274874782,83.27917837801095,85.75802274874782,83.27917837801095,96,101,96,101,-1,4,-1,4,-1,4,-1,4,96,101,96,101,0.26474647092982195,,,,,,,,,0,0,0,0,52,48,-52,-48,62.11856271934505,61.2474851308076,0.8710775885374531,,,19.35,19.400000000000002,19.35,19.400000000000002,0.00043750105733246156,0.00034808815643206796,,,,
1787710200,19.400000000000002,19.450000000000003,19.400000000000002,19.450000000000003,0,0,0,0,0,0,19.1,18.8,,,,,19.425000000000004,,,,,,,,,,,70.11825267309301,56.90102840870525,70.11825267309301,56.90102840870525,87.56217618095435,85.42067727948265,87.56217618095435,85.42067727948265,96,101,96,101,-1,4,-1,4,-1,4,-1,4,96,101,96,101,0.2837605601499973,,,,,,,,,0,0,0,0,52,48,-52,-48,62.691688911062975,61.8327800487171,0.8589088623458778,,,19.400000000000002,19.450000000000003,19.400000000000002,19.450000000000003,0.000472153908146201,0.000384537139977325,,,,
1787710440,19.450000000000003,19.500000000000004,19.450000000000003,19.500000000000004,0,0,0,0,0,0,19.1,18.8,,,,,19.475,,,,,,,,,,,72.2526631964435,59.09411909266786,72.2526631964435,59.09411909266786,89.11752421268956,87.26910074608611,89.11752421268956,87.26910074608611,96,101,96,101,-1,4,-1,4,-1,4,-1,4,96,101,96,101,0.29258391989498594,,,,,,,,,0,0,0,0,52,48,-52,-48,63.215302733081785,62.39532842939374,0.819974303688042,,,19.450000000000003,19.500000000000004,19.450000000000003,19.500000000000004,0.0005085295821523938,0.00042027281508515206,,,,
1787711400,19.5,19.55,19.5,19.55,0,0,0,0,0,0,19.1,18.8,,,,,19.525,,,,,,,,,,,74.23461582526897,61.257047197325164,74.23461582526897,61.257047197325164,90.45894399467208,88.8640223703791,90.45894399467208,88.8640223703791,96,101,96,101,-1,4,-1,4,-1,4,-1,4,96,101,96,101,0.3033452766785546,,,,,,,,,0,0,0,0,52,48,-52,-48,63.687565955466404,62.928280079739054,0.7592858757273504,,,19.5,19.55,19.5,19.55,0.0005430413817727171,0.0004554299412419443,,,,
1787711400.001,19.55,19.6,19.55,19.6,0,0,0,0,0,0,19.1,18.8,,,,,19.575000000000003,,,,,,,,,,,76.07500040917833,63.373897656161326,76.07500040917833,63.373897656161326,91.6164021495956,90.24021225998735,91.6164021495956,90.24021225998735,96,101,96,101,-1,4,-1,4,-1,4,-1,4,96,101,96,101,0.3228728498278173,,,,,,,,,0,0,0,0,52,48,-52,-48,64.10855297080951,63.42577764260517,0.6827753282043432,,,19.55,19.6,19.55,19.6,0.0005763737080345848,0.0004900915553068807,,,,
1787711400.002,19.6,19.650000000000002,19.6,19.650000000000002,0,0,0,0,0,0,19.1,18.8,,,,,19.625,,,,,,,,,,,77.78392895137988,65.43247355547827,77.78392895137988,65.43247355547827,92.61564628695497,91.42792927347116,92.61564628695497,91.42792927347116,96,101,96,101,-1,4,-1,4,-1,4,-1,4,96,101,96,101,0.3440666898197832,,,,,,,,,0,0,0,0,52,48,-52,-48,64.47998083648106,63.87285062395969,0.6071302125213691,,,19.6,19.650000000000002,19.6,19.650000000000002,0.0006085799481927921,0.0005243632642718584,,,,
1787711400.003,19.650000000000002,19.700000000000003,19.650000000000002,19.700000000000003,0,0,0,0,0,0,19.1,18.8,,,,,19.675000000000004,,,,,,,,,,,79.37079116913846,67.42366178600115,79.37079116913846,67.42366178600115,93.47879940607646,92.45336433977381,93.47879940607646,92.45336433977381,96,101,96,101,-1,4,-1,4,-1,4,-1,4,96,101,96,101,0.3642414635705537,,,,,,,,,0,0,0,0,52,48,-52,-48,64.80477704947555,64.27021920305813,0.5345578464174139,,,19.650000000000002,19.700000000000003,19.650000000000002,19.700000000000003,0.0006404465193167739,0.0005581875079359105,,,,
1787711400.004,19.700000000000003,19.750000000000004,19.700000000000003,19.750000000000004,0,0,0,0,0,0,19.1,18.8,,,,,19.725,,,,,,,,,,,80.84430608562856,69.34089668594791,80.84430608562856,69.34089668594791,94.22487073396536,93.3391175368696,94.22487073396536,93.3391175368696,96,101,96,101,-1,4,-1,4,-1,4,-1,4,96,101,96,101,0.3835182142823437,,,,,,,,,0,0,0,0,52,48,-52,-48,65.08664144921752,64.6199880764959,0.4666533727216233,,,19.700000000000003,19.750000000000004,19.700000000000003,19.750000000000004,0.0006722860821086262,0.0005915428702629814,,,,
1787711400.005,19.75,19.8,19.75,19.8,0,0,0,0,0,0,19.1,18.8,,,,,19.775,,,,,,,,,,,82.21256993665509,71.17970715033465,82.21256993665509,71.17970715033465,94.87019468122458,94.10465610904708,94.87019468122458,94.10465610904708,96,101,96,101,-1,4,-1,4,-1,4,-1,4,96,101,96,101,0.4025872791856101,,,,,0.4025872791856101,,0.4025872791856101,,0,0,0,0,52,48,-52,-48,65.32967181444522,64.92526778740483,0.40440402704038547,,,19.75,19.8,19.75,19.8,0.000705178293266553,0.0006243176554486746,,,,
1787711640,19.75,19.75,19.7,19.7,0,0,0,0,0,0,19.1,18.8,,,,,19.725,,,,,,,,,,,83.03386435717253,72.87315817988292,83.03386435717253,72.87315817988292,94.88424593520955,94.49445102212832,94.88424593520955,94.49445102212832,96,101,96,101,-1,4,-1,4,-1,4,-1,4,96,101,96,101,0.3807399262484313,,,,,,,,,0,0,0,0,52,48,-52,-48,58.397295864205574,63.40459654433596,-5.007300680130385,63.40459654433596,63.40459654433596,19.75,19.75,19.7,19.7,0.0007186515056597042,0.0006535860094298391,,,,
1787711640.001,19.700000000000003,19.700000000000003,19.650000000000002,19.650000000000002,0,0,0,0,0,0,19.1,18.8,,,,,19.675000000000004,,,,,,,,,,,83.57187674136374,74.40154654580876,83.57187674136374,74.40154654580876,94.4470535689038,94.47075229551606,94.4470535689038,94.47075229551606,96,101,96,101,-1,4,-1,4,-1,4,-1,4,96,101,96,101,0.326061026185487,,,,,,,,,0,0,0,0,52,48,-52,-48,46.28795501180203,58.77539103491758,-12.48743602311555,,,19.700000000000003,19.700000000000003,19.650000000000002,19.650000000000002,0.0007207786949869063,0.0006776535072552261,,,,
1787712360,19.650000000000002,19.74,19.6,19.6,0,0,0,0,0,0,19.1,18.8,,,,,19.625,,,,,,,,,,,83.84684152039482,75.75087439932106,83.84684152039482,75.75087439932106,93.78480602401994,94.12777915976801,93.78480602401994,94.12777915976801,96,101,96,101,-1,4,-1,4,-1,4,-1,4,96,101,96,101,0.2845514598646347,0.2845514598646347,,0.2845514598646347,,,,,,0,0,0,0,52,48,-52,-48,35.365531210492605,51.34511347523635,-15.979582264743748,,,19.650000000000002,19.74,19.6,19.6,0.0007127736258153922,0.000695019120192326,,,,
1787712840,19.650000000000002,19.700000000000003,19.650000000000002,19.700000000000003,0,0,0,0,0,0,19.1,18.8,,,,,19.675000000000004,,,,,,,,,,,84.55140225635944,77.00809266461226,84.55140225635944,77.00809266461226,93.59452376182844,93.86115146079823,93.59452376182844,93.86115146079823,96,101,96,101,-1,4,-1,4,-1,4,-1,4,96,101,96,101,0.2891282491875074,,,,,,,,,0,0,0,0,52,48,-52,-48,32.13775360938752,43.04713392397193,-10.90938031458441,,,19.650000000000002,19.700000000000003,19.650000000000002,19.700000000000003,0.0007141850332780099,0.0007073088725191987,,,,
1787712840.001,19.700000000000003,19.750000000000004,19.700000000000003,19.750000000000004,0,0,0,0,0,0,19.750000000000004,19.6,,,,,19.725,,,,,,,,,,,85.43025537461588,78.21125876604135,85.43025537461588,78.21125876604135,93.81993662343919,93.84054404211871,93.81993662343919,93.84054404211871,96,101,96,101,-1,4,-1,4,-1,4,-1,4,96,101,96,101,0.32103039518282594,,,,,,,,,0,0,0,0,52,48,-52,-48,36.753945467252976,37.63629632473378,-0.8823508574808017,,,19.700000000000003,19.750000000000004,19.700000000000003,19.750000000000004,0.0007187844255506488,0.0007150585964262024,,,,
1787714280,19.75,19.8,19.75,19.8,0,0,0,0,0,0,19.8,19.6,,,,,19.775,,,,,,,,,,,86.47095141928618,79.39121485936205,86.47095141928618,79.39121485936205,94.50159557662998,94.17106980937434,94.50159557662998,94.17106980937434,96,101,96,101,-1,4,-1,4,-1,4,-1,4,96,101,96,101,0.34859335672437575,,,,,,,,,0,0,0,0,52,48,-52,-48,43.981329891158396,37.059640044572866,6.921689846585529,37.059640044572866,37.059640044572866,19.75,19.8,19.75,19.8,0.0007273054446759045,0.0007187464549944277,,,,
1787714520,19.8,19.85,19.8,19.85,0,0,0,0,0,0,19.8,19.6,,,,,19.825000000000003,,,,,,,,,,,87.43731203219431,80.54065731262381,87.43731203219431,80.54065731262381,95.09271846315612,94.63189413626523,95.09271846315612,94.63189413626523,96,101,96,101,-1,4,-1,4,-1,4,-1,4,96,101,96,101,0.36837417317988175,,,,,,,,,0,0,0,0,52,48,-52,-48,50.83209286598738,40.92628045844656,9.905812407540814,,,19.8,19.85,19.8,19.85,0.0007379756790591102,0.0007219671505609954,,,,
1787714520.001,19.85,19.900000000000002,19.85,19.900000000000002,0,0,0,0,0,0,19.8,19.6,,,,,19.875,,,,,,,,,,,88.33464688703758,81.65408439468293,88.33464688703758,81.65408439468293,95.58967705005219,95.11078559315871,95.58967705005219,95.11078559315871,96,101,96,101,-1,4,-1,4,-1,4,-1,4,96,101,96,101,0.3845009392626303,,,,,,,,,0,0,0,0,52,48,-52,-48,56.801074590093805,47.092110703623135,9.70896388647067,,,19.85,19.900000000000002,19.85,19.900000000000002,0.0007511296648662454,0.0007270256455408852,,,,
1787714520.002,19.900000000000002,19.950000000000003,19.900000000000002,19.950000000000003,0,0,0,0,0,0,19.8,19.6,,,,,19.925000000000004,,,,,,,,,,,89.16788639510632,82.72748468045769,89.16788639510632,82.72748468045769,96.01564155310597,95.56321357313234,96.01564155310597,95.56321357313234,96,101,96,101,-1,4,-1,4,-1,4,-1,4,96,101,96,101,0.4024682138064192,,,,,0.4024682138064192,0.4024682138064192,0.4024682138064192,,0,0,0,0,52,48,-52,-48,61.284430906626596,53.22473206346654,8.059698843160056,,,19.900000000000002,19.950000000000003,19.900000000000002,19.950000000000003,0.0007669095033332754,0.0007360482917938659,,,,
1787720400,19.900000000000002,19.900000000000002,19.85,19.85,0,0,0,0,0,0,19.8,19.6,,,,,19.875,,,,,,,,,,,89.53109976425718,83.69942969242905,89.53109976425718,83.69942969242905,95.73827477038714,95.65074417175974,95.73827477038714,95.65074417175974,96,101,96,101,-1,4,-1,4,-1,4,-1,4,96,101,96,101,0.38938010513485577,,,,,,,,,0,0,0,0,52,48,-52,-48,56.7739108520858,56.422877303698385,0.35103354838741296,,,19.900000000000002,19.900000000000002,19.85,19.85,0.0007675661493247498,0.0007449451444683225,,,,
1787720400.001,19.85,19.85,19.8,19.8,0,0,0,0,0,0,19.8,19.6,,,,,19.825000000000003,,,,,,,,,,,89.6631148057265,84.55138470861439,89.6631148057265,84.55138470861439,94.91852123176038,95.28463270176006,94.91852123176038,95.28463270176006,96,101,96,101,-1,4,-1,4,-1,4,-1,4,96,101,96,101,0.35310584336065076,,,,,,,,,0,0,0,0,52,48,-52,-48,46.148259270338166,55.25191890478608,-9.103659634447915,55.25191890478608,55.25191890478608,19.85,19.85,19.8,19.8,0.0007610019691443965,0.0007519814017339471,,,,
1787720880,19.8,19.8,19.75,19.75,0,0,0,0,0,0,19.8,19.6,,,,,19.775,,,,,,,,,,,89.58044568577722,85.26982199106622,89.58044568577722,85.26982199106622,93.58730391293744,94.43596830734876,93.58730391293744,94.43596830734876,96,101,96,101,-1,4,-1,4,-1,4,-1,4,96,101,96,101,0.3210908489095925,,,,,,,,,0,0,0,0,52,48,-52,-48,30.302125953048296,48.62718174552471,-18.325055792476412,,,19.8,19.8,19.75,19.75,0.000748793620974582,0.0007555627644503933,0.000748793620974582,19.8,,
1787721120,19.75,19.75,19.7,19.7,0,0,0,0,0,0,19.8,19.6,,,,,19.725,,,,,,,,,,,89.29842698736783,85.84533699053789,89.29842698736783,85.84533699053789,91.7653081158511,93.10063821159993,91.7653081158511,93.10063821159993,96,101,96,101,-1,4,-1,4,-1,4,-1,4,96,101,96,101,0.28813438136592107,,,,,,,,,0,0,0,0,52,48,-52,-48,13.91311761560251,36.78435342276869,-22.87123580716618,,,19.75,19.75,19.7,19.7,0.0007306573359945323,0.0007543430406062968,,,,
1787721360,19.700000000000003,19.700000000000003,19.650000000000002,19.650000000000002,0,0,0,0,0,0,19.900000000000002,19.650000000000002,,,,,19.675000000000004,,,,,,,,,,,88.83129796610264,86.27190284419,88.83129796610264,86.27190284419,89.46343180116429,91.2820350063821,89.46343180116429,91.2820350063821,96,101,96,101,-1,4,-1,4,-1,4,-1,4,96,101,96,101,0.2544546964176509,,,,,,,,,0,0,0,0,52,48,-52,-48,-0.8354306821820359,22.382018039201725,-23.21744872138376,,,19.700000000000003,19.700000000000003,19.650000000000002,19.650000000000002,0.0007079514455327539,0.0007471466707173817,,,,
1787721360.001,19.650000000000002,19.650000000000002,19.6,19.6,0,0,0,0,0,0,19.900000000000002,19.650000000000002,,,,,19.625,,,,,,,,,,,88.19228078789989,86.54624255043427,88.19228078789989,86.54624255043427,86.68294154385514,88.98248827511861,86.68294154385514,88.98248827511861,96,101,96,101,-1,4,-1,4,-1,4,-1,4,96,101,96,101,0.22132836346230805,,,,,,,,,0,0,0,0,52,48,-52,-48,-13.29619240397426,7.520905120623622,-20.817097524597884,,,19.650000000000002,19.650000000000002,19.6,19.6,0.0006818607434808221,0.0007329718774086395,,,,
1787721840,19.650000000000002,19.700000000000003,19.650000000000002,19.700000000000003,0,0,0,0,0,0,19.900000000000002,19.650000000000002,,,,,19.675000000000004,,,,,,,,,,,88.00941672505319,86.75526743252269,88.00941672505319,86.75526743252269,84.91190907840645,86.94719867676253,84.91190907840645,86.94719867676253,96,101,96,101,-1,4,-1,4,-1,4,-1,4,96,101,96,101,0.21175994128389775,,,,,,,,,0,0,0,0,52,48,-52,-48,-14.910478927960714,-3.782246099628627,-11.128232828332088,,,19.650000000000002,19.700000000000003,19.650000000000002,19.700000000000003,0.0006645992307485909,0.0007158107243126129,,,,
1787722560,19.650000000000002,19.650000000000002,19.6,19.6,0,0,0,0,0,0,19.900000000000002,19.650000000000002,,,,,19.625,,,,,,,,,,,87.42910534978253,86.85152999213122,87.42910534978253,86.85152999213122,82.35306492434843,84.65013180055547,82.35306492434843,84.65013180055547,96,101,96,101,-1,4,-1,4,-1,4,-1,4,96,101,96,101,0.19831064487489203,,,,,,,,,0,0,0,0,52,48,-52,-48,-22.285162771556752,-12.831816196418442,-9.45334657513831,,,19.650000000000002,19.650000000000002,19.6,19.6,0.0006332617481521563,0.0006945206874805729,,,,
1787722560.001,19.6,19.6,19.55,19.55,0,0,0,0,0,0,19.900000000000002,19.650000000000002,,,,,19.575000000000003,,,,,,,,,,,86.68499027143189,86.82773860345989,86.68499027143189,86.82773860345989,79.15976993515578,81.90495086785563,79.15976993515578,81.90495086785563,96,101,96,101,-1,4,-1,4,-1,4,-1,4,96,101,96,101,0.16269112865525814,,,,,,,,,0,0,0,0,52,48,-52,-48,-30.217188244515366,-20.177255587001774,-10.039932657513592,,,19.6,19.6,19.55,19.55,0.0005952545451640917,0.0006689308415121579,,,,
1787794200,19.55,19.61,19.5,19.5,0,0,0,0,0,0,19.900000000000002,19.650000000000002,,,,,19.525,,,,,,,,,,,85.78877175450693,86.67931476789518,85.78877175450693,86.67931476789518,75.50202502378428,78.70348794581996,75.50202502378428,78.70348794581996,96,101,96,101,-1,4,-1,4,-1,4,-1,4,96,101,96,101,0.12566303664304226,,,,,,,,,0,0,0,0,52,48,-52,-48,-36.308717328263796,-25.930386818074158,-10.378330510189638,,,19.55,19.61,19.5,19.5,0.0005570854744866198,0.0006400021979275058,,,,
1787794200.001,19.5,19.5,19.45,19.45,0,0,0,0,0,0,19.900000000000002,19.650000000000002,,,,,19.475,,,,,,,,,,,84.75131433033441,86.40388613395793,84.75131433033441,86.40388613395793,70.93450884391589,74.81899839486792,70.93450884391589,74.81899839486792,96,101,96,101,-1,4,-1,4,-1,4,-1,4,96,101,96,101,0.0903882749476055,,,,,,,,,0,0,0,0,52,48,-52,-48,-44.0179393023568,-33.20725191167318,-10.810687390683619,,,19.5,19.5,19.45,19.45,0.000517990332884006,0.0006083420124860479,,,,
1787794200.002,19.450000000000003,19.450000000000003,19.400000000000002,19.400000000000002,0,0,0,0,0,0,19.900000000000002,19.650000000000002,,,,,19.425000000000004,,,,,,,,,,,83.58270649228918,86.00086047086238,83.58270649228918,86.00086047086238,65.6224361519279,70.22071727339791,65.6224361519279,70.22071727339791,96,101,96,101,-1,4,-1,4,-1,4,-1,4,96,101,96,101,0.055381203266033005,,,,,,,,,0,0,0,0,52,48,-52,-48,-49.55823181264123,-40.025519171944296,-9.532712640696936,,,19.450000000000003,19.450000000000003,19.400000000000002,19.400000000000002,0.00047910732837659425,0.0005745497766353431,,,,
1787794200.003,19.400000000000002,19.400000000000002,19.35,19.35,0,0,0,0,0,0,19.900000000000002,19.650000000000002,,,,,19.375,,,,,,,,,,,82.2923161270764,85.4710684217501,82.2923161270764,85.4710684217501,59.48589765403347,64.8533074637157,59.48589765403347,64.8533074637157,96,101,96,101,-1,4,-1,4,-1,4,-1,4,96,101,96,101,0.020400591193421296,,,,,,,,,0,0,0,0,52,48,-52,-48,-53.62734158938649,-45.87805750816208,-7.74928408122441,,,19.400000000000002,19.400000000000002,19.35,19.35,0.00043799814554824104,0.0005367829291019515,,,,
1787794200.004,19.35,19.35,19.3,19.3,0,0,0,0,0,0,19.900000000000002,19.650000000000002,,,,,19.325000000000003,,,,,,,,,,,80.88884198663663,84.81646464530533,80.88884198663663,84.81646464530533,52.41648370345726,58.63489558358648,52.41648370345726,58.63489558358648,96,101,96,101,-1,4,-1,4,-1,4,-1,4,96,101,96,101,-0.014032596238766645,,,,,,,,,0,0,0,0,52,48,-52,-48,-56.6579424769983,-50.96536379534571,-5.692578681652591,,,19.35,19.35,19.3,19.3,0.0003968276856110736,0.0004973772520117712,,,,
1787794200.005,19.3,19.3,19.25,19.25,0,0,0,0,0,0,19.900000000000002,19.650000000000002,,,,,19.275,,,,,,,,,,,79.38036148348606,84.03987847933115,79.38036148348606,84.03987847933115,45.33657786826948,51.98573672592798,45.33657786826948,51.98573672592798,96,101,96,101,-1,4,-1,4,-1,4,-1,4,96,101,96,101,-0.04747177091604011,,,,,,,,,0,0,0,0,52,48,-52,-48,-59.09984677900385,-54.73584066450747,-4.364006114496377,,,19.3,19.3,19.25,19.25,0.0003567460330333723,0.00045762583332331787,,,,
1787795160,19.25,19.25,19.2,19.2,0,0,0,0,0,0,19.900000000000002,19.650000000000002,,,,,19.225,,,,,,,,,,,77.77437507210402,83.144806564013,77.77437507210402,83.144806564013,39.240876268040495,45.61330649698424,39.240876268040495,45.61330649698424,96,101,96,101,-1,4,-1,4,-1,4,-1,4,96,101,96,101,-0.08255127516728122,,,,,,,,,0,0,0,0,52,48,-52,-48,-60.926304153850744,-57.57785874980985,-3.348445404040895,,,19.25,19.25,19.2,19.2,0.00031437141299390646,0.000417173489741199,,,,
1787796360,19.25,19.3,19.17,19.3,0,0,0,0,0,0,19.900000000000002,19.650000000000002,,,,,19.275,,,,,,,,,,,76.69361100701941,82.2232071987282,76.69361100701941,82.2232071987282,35.35664852278931,40.484977509886775,35.35664852278931,40.484977509886775,96,101,96,101,-1,4,-1,4,-1,4,-1,4,96,101,96,101,-0.09227575994815468,-0.09227575994815468,,-0.09227575994815468,,,,,,0,0,0,0,52,48,-52,-48,-58.27695096322561,-58.74026109326963,0.46331013004402166,-58.74026109326963,-58.74026109326963,19.25,19.3,19.17,19.3,0.00028984981070175335,0.0003791500693774902,,,,
1787797080,19.3,19.35,19.3,19.35,0,0,0,0,0,0,19.900000000000002,19.650000000000002,,,,,19.325000000000003,,,,,,,,,,,75.89529889075447,81.3192202975891,75.89529889075447,81.3192202975891,33.23610166422233,36.860539587054554,33.23610166422233,36.860539587054554,96,101,96,101,-1,4,-1,4,-1,4,-1,4,96,101,96,101,-0.07072298535699623,,,,,,,,,0,0,0,0,52,48,-52,-48,-49.29040151508022,-56.89837585279011,7.607974337709891,,,19.3,19.35,19.3,19.35,0.0002759131383428171,0.00034528437103852733,,,,
1787797800,19.3,19.3,19.25,19.25,0,0,0,0,0,0,19.900000000000002,19.650000000000002,,,,,19.275,,,,,,,,,,,74.74350003730977,80.37983168897777,74.74350003730977,80.37983168897777,30.319588972263787,33.590064279659174,30.319588972263787,33.590064279659174,96,101,96,101,-1,4,-1,4,-1,4,-1,4,96,101,96,101,-0.07753486164799081,,,,,,,,,0,0,0,0,52,48,-52,-48,-48.16233538093372,-54.16399800327258,6.001662622338863,,,19.3,19.3,19.25,19.25,0.0002513920449408705,0.0003141833542706323,,,,
1787798760,19.3,19.35,19.3,19.35,0,0,0,0,0,0,19.900000000000002,19.650000000000002,,,,,19.325000000000003,,,,,,,,,,,74.08448156173837,79.480495956515,74.08448156173837,79.480495956515,28.918622049486174,31.254343164572674,28.918622049486174,31.254343164572674,96,101,96,101,-1,4,-1,4,-1,4,-1,4,96,101,96,101,-0.08650801953627138,,,,,,,,,0,0,0,0,52,48,-52,-48,-39.416255239005864,-48.786485774561356,9.370230535555493,,,19.3,19.35,19.3,19.35,0.00024270268264159797,0.0002884958537757197,,,,
1787798760.001,19.35,19.400000000000002,19.35,19.400000000000002,0,0,0,0,0,0,19.900000000000002,19.650000000000002,,,,,19.375,,,,,,,,,,,73.67779035002143,78.6515380127302,73.67779035002143,78.6515380127302,28.633544174284864,29.94394366942877,28.633544174284864,29.94394366942877,96,101,96,101,-1,4,-1,4,-1,4,-1,4,96,101,96,101,-0.07853652549984298,,,,,,,,,0,0,0,0,52,48,-52,-48,-26.753660573760808,-40.90566317719515,14.152002603434344,,,19.35,19.400000000000002,19.35,19.400000000000002,0.00024266910076288175,0.00026948303173063797,,,,
1787800200,19.400000000000002,19.450000000000003,19.400000000000002,19.450000000000003,0,0,0,0,0,0,19.900000000000002,19.650000000000002,,,,,19.425000000000004,,,,,,,,,,,73.3258053250199,77.89071905734302,73.3258053250199,77.89071905734302,29.304942625577524,29.624443147503147,29.304942625577524,29.624443147503147,96,101,96,101,-1,4,-1,4,-1,4,-1,4,96,101,96,101,-0.07084464787995615,,,,,,,,,0,0,0,0,52,48,-52,-48,-12.021483734799427,-31.588433732124955,19.56694999732553,,,19.400000000000002,19.450000000000003,19.400000000000002,19.450000000000003,0.00025558554385267477,0.000259685386873766,,,,
1787800920,19.450000000000003,19.500000000000004,19.450000000000003,19.500000000000004,0,0,0,0,0,0,19.900000000000002,19.650000000000002,,,,,19.475,,,,,,,,,,,73.18378920307808,77.21830050673374,73.18378920307808,77.21830050673374,30.796177928150733,30.210310537826942,30.796177928150733,30.210310537826942,96,101,96,101,-1,4,-1,4,-1,4,-1,4,96,101,96,101,-0.058273872869465976,,,,,-0.058273872869465976,,-0.058273872869465976,,0,0,0,0,52,48,-52,-48,1.75198139753555,-19.10985453750764,20.86183593504319,,,19.450000000000003,19.500000000000004,19.450000000000003,19.500000000000004,0.0002726859990652703,0.0002568247516010188,,,,
1787806800,19.450000000000003,19.450000000000003,19.400000000000002,19.400000000000002,0,0,0,0,0,0,19.900000000000002,19.650000000000002,,,,,19.425000000000004,,,,,,,,,,,72.59695803616123,76.55810872522339,72.59695803616123,76.55810872522339,30.975478517169485,30.592894527498213,30.975478517169485,30.592894527498213,96,101,96,101,-1,4,-1,4,-1,4,-1,4,96,101,96,101,-0.07114366984410819,,,,,,,,,0,0,0,0,52,48,-52,-48,4.588909683615461,-8.108563306852306,12.697472990467766,,,19.450000000000003,19.450000000000003,19.400000000000002,19.400000000000002,0.00027697699252607864,0.00025700206063156237,,,,
1787807520,19.450000000000003,19.500000000000004,19.36,19.500000000000004,0,0,0,0,0,0,19.900000000000002,19.650000000000002,,,,,19.475,,,,,,,,,,,72.33756940796253,75.95517453704326,72.33756940796253,75.95517453704326,31.898395505559215,31.245645016528712,31.898395505559215,31.245645016528712,96,101,96,101,-1,4,-1,4,-1,4,-1,4,96,101,96,101,-0.07584453008370749,,,,,,,,,0,0,0,0,52,48,-52,-48,10.37270798032755,1.1730288316697837,9.199679148657767,,,19.450000000000003,19.500000000000004,19.36,19.500000000000004,0.0002922280486769597,0.00026380806125424395,,,,
1787807760,19.5,19.55,19.5,19.55,0,0,0,0,0,0,19.900000000000002,19.650000000000002,,,,,19.525,,,,,,,,,,,72.27264098086316,75.42909831473182,72.27264098086316,75.42909831473182,33.93488845531447,32.59026673592159,33.93488845531447,32.59026673592159,96,101,96,101,-1,4,-1,4,-1,4,-1,4,96,101,96,101,-0.07287606198562992,,,,,,,,,0,0,0,0,52,48,-52,-48,21.24546356829716,9.48976565744393,11.75569791085323,,,19.5,19.55,19.5,19.55,0.00031154949036486313,0.00027528252920812146,,,,
1787880600,19.5,19.56,19.45,19.45,0,0,0,0,0,0,19.900000000000002,19.650000000000002,,,,,19.475,,,,,,,,,,,71.60766397958456,74.88317912399648,71.60766397958456,74.88317912399648,34.801332961698066,33.69579984880983,34.801332961698066,33.69579984880983,96,101,96,101,-1,4,-1,4,-1,4,-1,4,96,101,96,101,-0.10195866769133569,,,,,,,,,0,0,0,0,52,48,-52,-48,23.546684083228083,14.938441328867064,8.608242754361019,,,19.5,19.56,19.45,19.45,0.00031603230189021167,0.00028750972939600977,,,,
1787880840,19.450000000000003,19.450000000000003,19.400000000000002,19.400000000000002,0,0,0,0,0,0,19.900000000000002,19.650000000000002,,,,,19.425000000000004,,,,,,,,,,,70.61370995906478,74.27325495757768,70.61370995906478,74.27325495757768,34.40846854592434,34.05213419736708,34.40846854592434,34.05213419736708,96,101,96,101,-1,4,-1,4,-1,4,-1,4,96,101,96,101,-0.1407488899297813,,,,,,,,,0,0,0,0,52,48,-52,-48,16.021401084732876,17.79656417914642,-1.7751630944135428,17.79656417914642,17.79656417914642,19.450000000000003,19.450000000000003,19.400000000000002,19.400000000000002,0.0003147808984009803,0.00029737562182072735,,,,
1787881080,19.400000000000002,19.400000000000002,19.35,19.35,0,0,0,0,0,0,19.900000000000002,19.650000000000002,,,,,19.375,,,,,,,,,,,69.284159247703,73.56052699902416,69.284159247703,73.56052699902416,33.15597670236743,33.60405544986726,33.15597670236743,33.60405544986726,96,101,96,101,-1,4,-1,4,-1,4,-1,4,96,101,96,101,-0.17359135679633522,,,,,,,,,0,0,0,0,52,48,-52,-48,4.59613017791829,16.352419728544103,-11.756289550625812,,,19.400000000000002,19.400000000000002,19.35,19.35,0.00030391891795229244,0.0003025811083018977,,,,
1787881080.001,19.35,19.35,19.3,19.3,0,0,0,0,0,0,19.900000000000002,19.650000000000002,,,,,19.325000000000003,,,,,,,,,,,67.60910025381945,72.71032317828063,67.60910025381945,72.71032317828063,31.166661349281945,32.3853583995746,31.166661349281945,32.3853583995746,96,101,96,101,-1,4,-1,4,-1,4,-1,4,96,101,96,101,-0.19702831456334957,,,,,,,,,0,0,0,0,52,48,-52,-48,-7.4983154614208765,9.166474971114592,-16.66479043253547,,,19.35,19.35,19.3,19.3,0.0002847227529597724,0.00030387206837417997,0.0002847227529597724,19.35,,
1787881560,19.3,19.3,19.25,19.25,0,0,0,0,0,0,19.900000000000002,19.650000000000002,,,,,19.275,,,,,,,,,,,65.57490986301868,71.69097841895749,65.57490986301868,71.69097841895749,28.54578298802917,30.465570693801887,28.54578298802917,30.465570693801887,96,101,96,101,-1,4,-1,4,-1,4,-1,4,96,101,96,101,-0.22379059989755795,,,,,,,,,0,0,0,0,52,48,-52,-48,-19.258396148773855,-1.5347950868858922,-17.723601061887962,,,19.3,19.3,19.25,19.25,0.0002563209591096676,0.0002978875534462979,,,,
1787881800,19.25,19.25,19.2,19.2,0,0,0,0,0,0,19.900000000000002,19.650000000000002,,,,,19.225,,,,,,,,,,,63.16371500267318,70.47279793091687,63.16371500267318,70.47279793091687,25.38356490549015,27.92456779964602,25.38356490549015,27.92456779964602,96,101,96,101,-1,4,-1,4,-1,4,-1,4,96,101,96,101,-0.2553970554840294,,,,,,,,,0,0,0,0,52,48,-52,-48,-28.589675197737783,-12.687564157503557,-15.902111040234226,,,19.25,19.25,19.2,19.2,0.00022651942575544826,0.00028371587601139545,,,,
1787881800.001,19.200000000000003,19.200000000000003,19.150000000000002,19.150000000000002,0,0,0,0,0,0,19.900000000000002,19.650000000000002,,,,,19.175000000000004,,,,,,,,,,,60.35270134601966,69.02706984736012,60.35270134601966,69.02706984736012,22.114484204705835,25.01952600217593,22.114484204705835,25.01952600217593,96,101,96,101,-1,4,-1,4,-1,4,-1,4,96,101,96,101,-0.2824813357482227,-0.2824813357482227,,-0.2824813357482227,,,,,,0,0,0,0,52,48,-52,-48,-35.988495039620624,-22.833720461888284,-13.15477457773234,,,19.200000000000003,19.200000000000003,19.150000000000002,19.150000000000002,0.00019411968634048304,0.00026339710675310734,,,,
1787883000,19.200000000000003,19.250000000000004,19.200000000000003,19.250000000000004,0,0,0,0,0,0,19.900000000000002,19.650000000000002,,,,,19.225,,,,,,,,,,,58.184651249875415,67.47815290486231,58.184651249875415,67.47815290486231,20.479081699271703,22.749303850723816,20.479081699271703,22.749303850723816,96,101,96,101,-1,4,-1,4,-1,4,-1,4,96,101,96,101,-0.2735770554893116,,,,,,,,,0,0,0,0,52,48,-52,-48,-35.115062451335895,-29.73790720936704,-5.377155241968854,,,19.200000000000003,19.250000000000004,19.200000000000003,19.250000000000004,0.00017250356388167845,0.00023968421766655705,,,,
1787883480,19.25,19.3,19.25,19.3,0,0,0,0,0,0,19.900000000000002,19.650000000000002,,,,,19.275,,,,,,,,,,,56.28424382977153,65.8790230369922,56.28424382977153,65.8790230369922,20.206559823865522,21.47793183729467,20.206559823865522,21.47793183729467,96,101,96,101,-1,4,-1,4,-1,4,-1,4,96,101,96,101,-0.23892041476112955,,,,,,,,,0,0,0,0,52,48,-52,-48,-28.343583109697747,-32.00920394959802,3.6656208399002708,-32.00920394959802,-32.00920394959802,19.25,19.3,19.25,19.3,0.00016076825122228933,0.00021582577321155652,,,,
1787883720,19.3,19.35,19.3,19.35,0,0,0,0,0,0,19.900000000000002,19.650000000000002,,,,,19.325000000000003,,,,,,,,,,,54.64489308002595,64.27414732885417,54.64489308002595,64.27414732885417,21.275952376500122,21.376942106897395,21.275952376500122,21.376942106897395,96,101,96,101,-1,4,-1,4,-1,4,-1,4,96,101,96,101,-0.2115471910461365,,,,,,,,,0,0,0,0,52,48,-52,-48,-16.1003415721401,-28.886870543198594,12.786528971058495,,,19.3,19.35,19.3,19.35,0.00015712240476623856,0.0001945590485126342,,,,
1787883960,19.35,19.400000000000002,19.35,19.400000000000002,0,0,0,0,0,0,19.900000000000002,19.650000000000002,,,,,19.375,,,,,,,,,,,53.26269483481401,62.70108268684844,53.26269483481401,62.70108268684844,23.712721084619183,22.54483159575829,23.712721084619183,22.54483159575829,96,101,96,101,-1,4,-1,4,-1,4,-1,4,96,101,96,101,-0.18544664900376318,,,,,,,,,0,0,0,0,52,48,-52,-48,-2.410250788208609,-20.49230948034559,18.082058692136982,,,19.35,19.400000000000002,19.35,19.400000000000002,0.00016038003791357287,0.00017856889497995174,,,,
1787884200,19.400000000000002,19.450000000000003,19.400000000000002,19.450000000000003,0,0,0,0,0,0,19.900000000000002,19.650000000000002,,,,,19.425000000000004,,,,,,,,,,,52.13678806089873,61.19189774028418,52.13678806089873,61.19189774028418,27.59791677382945,25.071374184793868,27.59791677382945,25.071374184793868,96,101,96,101,-1,4,-1,4,-1,4,-1,4,96,101,96,101,-0.15446811358657786,,,,,,,,,0,0,0,0,52,48,-52,-48,10.349437355499186,-9.126184528636816,19.475621884136004,,,19.400000000000002,19.450000000000003,19.400000000000002,19.450000000000003,0.00017411333891555604,0.00016983454717330306,,,,
1787884200.001,19.450000000000003,19.500000000000004,19.450000000000003,19.500000000000004,0,0,0,0,0,0,19.900000000000002,19.650000000000002,,,,,19.475,,,,,,,,,,,51.53773177083455,59.81273117321995,51.53773177083455,59.81273117321995,32.22678580613957,28.649079995466717,32.22678580613957,28.649079995466717,96,101,96,101,-1,4,-1,4,-1,4,-1,4,96,101,96,101,-0.123279705537336,,,,,,,,,0,0,0,0,52,48,-52,-48,21.288632526898486,3.2818693805122416,18.006763146386245,,,19.450000000000003,19.500000000000004,19.450000000000003,19.500000000000004,0.00019004582872952442,0.00016915557090480993,,,,
1787884200.002,19.5,19.55,19.5,19.55,0,0,0,0,0,0,19.900000000000002,19.650000000000002,,,,,19.525,,,,,,,,,,,51.427893787203494,58.61489726093189,51.427893787203494,58.61489726093189,37.493089132535175,33.07108456400095,37.493089132535175,33.07108456400095,96,101,96,101,-1,4,-1,4,-1,4,-1,4,96,101,96,101,-0.09363686865202486,,,,,,,,,0,0,0,0,52,48,-52,-48,31.000791571565486,15.057152666438636,15.94363890512685,,,19.5,19.55,19.5,19.55,0.00021376024473720488,0.00017603168438073098,,,,
1787884440,19.55,19.6,19.55,19.6,0,0,0,0,0,0,19.900000000000002,19.650000000000002,,,,,19.575000000000003,,,,,,,,,,,51.77232994526038,57.63738764440739,51.77232994526038,57.63738764440739,44.42264782788728,38.746866195944115,44.42264782788728,38.746866195944115,96,101,96,101,-1,4,-1,4,-1,4,-1,4,96,101,96,101,-0.05900608079302991,,,,,,,,,0,0,0,0,52,48,-52,-48,38.7496575003003,25.34712973856586,13.40252776173444,,,19.55,19.6,19.55,19.6,0.00024581019022406144,0.00019020534088102635,,,,
1787884920,19.55,19.55,19.5,19.5,0,0,0,0,0,0,19.900000000000002,19.650000000000002,,,,,19.525,,,,,,,,,,,51.19930637774176,56.717661749169444,51.19930637774176,56.717661749169444,49.567238510859895,44.15705235340201,49.567238510859895,44.15705235340201,96,101,96,101,-1,4,-1,4,-1,4,-1,4,96,101,96,101,-0.053887895481773335,,,,,,,,,0,0,0,0,52,48,-52,-48,37.246117471039526,32.07129976745095,5.174817703588573,,,19.55,19.55,19.5,19.5,0.0002601514273733481,0.00020737684464887797,,,,
1787885160,19.5,19.5,19.45,19.45,0,0,0,0,0,0,19.900000000000002,19.650000000000002,,,,,19.475,,,,,,,,,,,50.22078449361732,55.78953642694771,50.22078449361732,55.78953642694771,52.42409263663763,48.290572495019816,52.42409263663763,48.290572495019816,96,101,96,101,-1,4,-1,4,-1,4,-1,4,96,101,96,101,-0.07700849338975271,,,,,,,,,0,0,0,0,52,48,-52,-48,29.631702502082526,34.15706726124696,-4.525364759164432,34.15706726124696,34.15706726124696,19.5,19.5,19.45,19.45,0.00026509205493465397,0.0002248288474857248,,,,
1787887320,19.5,19.55,19.41,19.55,0,0,0,0,0,0,19.900000000000002,19.650000000000002,,,,,19.525,,,,,,,,,,,50.205014172644645,54.99174753347585,50.205014172644645,54.99174753347585,56.427000037752855,52.35878626638633,56.427000037752855,52.35878626638633,96,101,96,101,-1,4,-1,4,-1,4,-1,4,96,101,96,101,-0.06768946517677372,,,,,,,,,0,0,0,0,52,48,-52,-48,28.95148339356979,33.64474021674803,-4.693256823178242,,,19.5,19.55,19.41,19.55,0.0002816570059359886,0.00024275279198913025,,,,
1787887560,19.55,19.6,19.55,19.6,0,0,0,0,0,0,19.900000000000002,19.650000000000002,,,,,19.575000000000003,,,,,,,,,,,50.63679887459859,54.3696120107791,50.63679887459859,54.3696120107791,62.01679368315325,57.18778997476979,62.01679368315325,57.18778997476979,96,101,96,101,-1,4,-1,4,-1,4,-1,4,96,101,96,101,-0.03307818924898418,,,,,-0.03307818924898418,,-0.03307818924898418,,0,0,0,0,52,48,-52,-48,37.50044148141562,33.33243621202686,4.1680052693887575,33.33243621202686,33.33243621202686,19.55,19.6,19.55,19.6,0.0002983736438558025,0.0002608074278435099,,,,
1787893200,19.55,19.55,19.5,19.5,0,0,0,0,0,0,19.6,19.41,,,,,19.525,,,,,,,,,,,50.14488466927009,53.76607953342067,50.14488466927009,53.76607953342067,64.90328347444876,61.04553672460928,64.90328347444876,61.04553672460928,96,101,96,101,-1,4,-1,4,-1,4,-1,4,96,101,96,101,-0.03316824018410337,,,,,,,,,0,0,0,0,52,48,-52,-48,32.88604021852296,32.24241689889772,0.6436233196252346,,,19.55,19.55,19.5,19.5,0.0002991121865661081,0.00027503275148166046,,,,
1787893200.001,19.5,19.5,19.45,19.45,0,0,0,0,0,0,19.6,19.41,,,,,19.475,,,,,,,,,,,49.241678621465056,53.119736545998435,49.241678621465056,53.119736545998435,65.79011599397187,63.41782635929057,65.79011599397187,63.41782635929057,96,101,96,101,-1,4,-1,4,-1,4,-1,4,96,101,96,101,-0.06011474115014098,,,,,,,,,0,0,0,0,52,48,-52,-48,20.112089614359018,29.86251367696685,-9.75042406260783,29.86251367696685,29.86251367696685,19.5,19.5,19.45,19.45,0.0002913118837790387,0.0002826163670741567,,,,
1787895360,19.450000000000003,19.52,19.400000000000002,19.400000000000002,0,0,0,0,0,0,19.6,19.41,,,,,19.425000000000004,,,,,,,,,,,47.956558719931834,52.38213971370321,47.956558719931834,52.38213971370321,65.40740101070614,64.41261368499835,65.40740101070614,64.41261368499835,96,101,96,101,-1,4,-1,4,-1,4,-1,4,96,101,96,101,-0.08433735104102874,,,,,,,,,0,0,0,0,52,48,-52,-48,6.948801020125384,24.361843083605745,-17.41304206348036,,,19.450000000000003,19.52,19.400000000000002,19.400000000000002,0.00027151392189020765,0.00028451011616029994,0.00027151392189020765,19.52,,
1787898480,19.450000000000003,19.500000000000004,19.450000000000003,19.500000000000004,0,0,0,0,0,0,19.6,19.41,,,,,19.475,,,,,,,,,,,47.65609023993671,51.70698978887942,47.65609023993671,51.70698978887942,66.53967705679581,65.47614537089709,66.53967705679581,65.47614537089709,96,101,96,101,-1,4,-1,4,-1,4,-1,4,96,101,96,101,-0.06694959310491683,,,,,,,,,0,0,0,0,52,48,-52,-48,5.536572948467041,16.3708759503686,-10.834303001901558,,,19.450000000000003,19.500000000000004,19.450000000000003,19.500000000000004,0.0002659442592065978,0.00028465215020562386,,,,
1788139800,19.450000000000003,19.51,19.400000000000002,19.400000000000002,0,0,0,0,0,0,19.6,19.41,,,,,19.425000000000004,,,,,,,,11.04171100879876,88.95828899120124,-0.7791657798240248,46.4842266513698,50.96088076923519,46.4842266513698,50.96088076923519,65.98638985820595,65.73126761455151,65.98638985820595,65.73126761455151,96,101,96,101,-1,4,-1,4,-1,4,-1,4,96,101,96,101,-0.05283169150843111,,,,,,,,,0,0,0,0,52,48,-52,-48,-4.836192647465561,6.940317733871469,-11.77651038133703,,,19.450000000000003,19.51,19.400000000000002,19.400000000000002,0.00024892001143954063,0.00027919598445621586,,,,
1788139800.001,19.400000000000002,19.400000000000002,19.35,19.35,0,0,0,0,0,0,19.6,19.41,,,,,19.375,,,,,,,,17.489464727150267,82.51053527284972,-0.6502107054569947,44.94963903341481,50.10213194983228,44.94963903341481,50.10213194983228,63.54388971973218,64.63757866714184,63.54388971973218,64.63757866714184,96,101,96,101,-1,4,-1,4,-1,4,-1,4,96,101,96,101,-0.0717513761850064,,,,,,,,,0,0,0,0,52,48,-52,-48,-19.52863196017343,-2.9698626597616427,-16.55876930041179,,,19.400000000000002,19.400000000000002,19.35,19.35,0.0002253740596663744,0.0002670293870913112,,,,
1788139800.002,19.35,19.35,19.3,19.3,0,0,0,0,0,0,19.6,19.41,,,,,19.325000000000003,,,,,,,,21.62511271054493,78.37488728945507,-0.5674977457891014,43.07823624531374,49.0987182777582,43.07823624531374,49.0987182777582,59.863016585167216,62.25029762615453,59.863016585167216,62.25029762615453,96,101,96,101,-1,4,-1,4,-1,4,-1,4,96,101,96,101,-0.09248560445209271,,,,,,,,,0,0,0,0,52,48,-52,-48,-32.11990751632865,-12.737039793875152,-19.3828677224535,,,19.35,19.35,19.3,19.3,0.0001976894679794094,0.0002501256006601948,,,,
1788139800.003,19.3,19.3,19.25,19.25,0,0,0,0,0,0,19.6,19.41,,,,,19.275,,,,,,,,26.236858706423504,73.7631412935765,-0.4752628258715299,40.894076513505595,47.92662659715069,40.894076513505595,47.92662659715069,55.120680882524205,58.685489254339366,55.120680882524205,58.685489254339366,96,101,96,101,-1,4,-1,4,-1,4,-1,4,96,101,96,101,-0.11056472565737616,,,,,,,,,0,0,0,0,52,48,-52,-48,-41.060109633881105,-24.38621043946219,-16.673899194418915,,,19.3,19.3,19.25,19.25,0.00016695013907502682,0.00022939864320952613,,,,
1788139800.004,19.25,19.25,19.2,19.2,0,0,0,0,0,0,19.6,19.41,,,,,19.225,,,,,,,,31.281727054676455,68.71827294532355,-0.3743654589064708,38.41949961968374,46.56846560036969,38.41949961968374,46.56846560036969,49.468520121528584,54.07700468793398,49.468520121528584,54.07700468793398,96,101,96,101,-1,4,-1,4,-1,4,-1,4,96,101,96,101,-0.12848780114670555,,,,,,,,,0,0,0,0,52,48,-52,-48,-47.57347991113852,-35.07053225538043,-12.502947655758092,,,19.25,19.25,19.2,19.2,0.0001316773574402147,0.0002060925491345273,,,,
1788139800.005,19.200000000000003,19.200000000000003,19.150000000000002,19.150000000000002,0,0,0,0,0,0,19.6,19.41,,,,,19.175000000000004,,,,,,,,36.69345295648464,63.30654704351536,-0.26613094087030725,35.67524964684919,45.01229189272391,35.67524964684919,45.01229189272391,43.03650931051655,48.556756999225264,43.03650931051655,48.556756999225264,96,101,96,101,-1,4,-1,4,-1,4,-1,4,96,101,96,101,-0.14637262035013737,,,,,,,,,0,0,0,0,52,48,-52,-48,-52.73001215478197,-43.37087730403256,-9.359134850749406,,,19.200000000000003,19.200000000000003,19.150000000000002,19.150000000000002,0.00009633175543687233,0.00017782379850623975,,,,
1788139800.006,19.150000000000002,19.150000000000002,19.1,19.1,0,0,0,0,0,0,19.6,19.41,,,,,19.125,,,,,,,,42.38369322646086,57.61630677353914,-0.1523261354707827,33.127017529217106,43.314395555080075,33.127017529217106,43.314395555080075,37.45986512329999,43.00831106126263,37.45986512329999,43.00831106126263,96,101,96,101,-1,4,-1,4,-1,4,-1,4,96,101,96,101,-0.16424938391919625,,,,,,,,,0,0,0,0,52,48,-52,-48,-56.5221395672451,-49.47143531676167,-7.050704250483427,,,19.150000000000002,19.150000000000002,19.1,19.1,0.00006198485107184145,0.00014666793844495655,,,,
1788139800.007,19.1,19.1,19.05,19.05,0,0,0,0,0,0,19.6,19.41,,,,,19.075000000000003,,,,,,,,48.245743359336934,51.754256640663066,-0.03508513281326127,30.760801991415885,41.52102504598519,30.760801991415885,41.52102504598519,32.62793633945193,37.818123700357276,32.62793633945193,37.818123700357276,96,101,96,101,-1,4,-1,4,-1,4,-1,4,96,101,96,101,-0.1821387425924058,,,,,,,,,0,0,0,0,52,48,-52,-48,-59.318207595981455,-54.03595980728676,-5.282247788694697,,,19.1,19.1,19.05,19.05,0.000020877381818913035,0.00011258515880371303,,,,
1788139800.008,19.05,19.05,19,19,0,0,0,0,0,0,19.6,19.41,,,,,19.025,,,,,,,,54.16060640831151,45.839393591688484,0.08321212816623025,28.563601849171896,39.66996458929758,28.563601849171896,39.66996458929758,28.442993052863546,33.13055837661041,28.442993052863546,33.13055837661041,96,101,96,101,-1,4,-1,4,-1,4,-1,4,96,101,96,101,-0.20003446056263774,,,,,,,,,0,0,0,0,52,48,-52,-48,-61.53874775278882,-57.527276767699334,-4.011470985089488,,,19.05,19.05,19,19,-0.000023583955653696756,0.000075706254864862,,,,
1788139800.009,19,19,18.95,18.95,0,0,0,0,0,0,19.6,19.41,,,,,18.975,,,,,,,,60.00477693375136,39.995223066248634,0.20009553867502725,26.523344574231043,37.791876015716646,26.523344574231043,37.791876015716646,24.819268770586326,28.974913573598368,24.819268770586326,28.974913573598368,96,101,96,101,-1,4,-1,4,-1,4,-1,4,96,101,96,101,-0.2174807121544505,,,,,,,,,0,0,0,0,52,48,-52,-48,-63.14905987024652,-60.13203869656547,-3.0170211736810444,,,19,19,18.95,18.95,-0.00006376811157507689,0.00003725321308984472,,,,
1788139800.01,18.95,18.95,18.9,18.9,0,0,0,0,0,0,19.6,19.41,,,,,18.924999999999997,,,,,,,,65.65871332210494,34.341286677895056,0.3131742664420989,24.628819961785968,35.9114394365837,24.628819961785968,35.9114394365837,21.681822211523034,25.3283678925607,21.681822211523034,25.3283678925607,96,101,96,101,-1,4,-1,4,-1,4,-1,4,96,101,96,101,-0.2345356673383508,,,,,,,,,0,0,0,0,52,48,-52,-48,-64.30999823399576,-62.079003363253136,-2.23099487074262,,,18.95,18.95,18.9,18.9,-0.000102301932654357,-0.000001743335259250589,,,,
1788139800.011,18.900000000000002,18.900000000000002,18.85,18.85,0,0,0,0,0,0,19.6,19.41,,,,,18.875,,,,,,,,71.01480316031406,28.985196839685944,0.42029606320628116,22.869618535944113,34.04832216506376,22.869618535944113,34.04832216506376,18.965371419400757,22.14686965598073,18.965371419400757,22.14686965598073,96,101,96,101,-1,4,-1,4,-1,4,-1,4,96,101,96,101,-0.251611596035311,,,,,,,,,0,0,0,0,52,48,-52,-48,-65.1403018477381,-63.5345269261923,-1.6057749215458017,,,18.900000000000002,18.900000000000002,18.85,18.85,-0.0001431930581203937,-0.00004166413751879494,,,,
1788139800.012,18.85,18.85,18.8,18.8,0,0,0,0,0,0,19.6,19.41,,,,,18.825000000000003,,,,,,,,75.98373914060697,24.016260859393025,0.5196747828121395,21.23607435480525,32.21800104931255,21.23607435480525,32.21800104931255,16.6131755023435,19.380022579162116,16.6131755023435,19.380022579162116,96,101,96,101,-1,4,-1,4,-1,4,-1,4,96,101,96,101,-0.2687444735292686,,,,,,,,,0,0,0,0,52,48,-52,-48,-65.2299137584416,-64.45731842760549,-0.7725953308361113,,,18.85,18.85,18.8,18.8,-0.0001836851228499498,-0.0000826091331724268,,,,
1788139800.013,18.8,18.8,18.75,18.75,0,0,0,0,0,0,19.6,19.41,,,,,18.775,,,,,,,,88.34575507773174,11.654244922268264,0.7669151015546347,19.719211900890592,30.432459742395128,19.719211900890592,30.432459742395128,14.575999170075931,16.978010874619024,14.575999170075931,16.978010874619024,96,101,96,101,-1,4,-1,4,-1,4,-1,4,96,101,96,101,-0.2859130960021573,,,,,,,,,0,0,0,0,52,48,-52,-48,-65.0399039505691,-64.93002944768614,-0.10987450288295975,,,18.8,18.8,18.75,18.75,-0.00022809624383660619,-0.00012410473744834668,,,,
1788139800.014,18.75,18.75,18.7,18.7,0,0,0,0,0,0,19.6,19.41,,,,,18.725,,,,,,,,92.8147787124883,7.185221287511684,0.8562955742497663,18.31069676511269,28.700779317069067,18.31069676511269,28.700779317069067,12.811173891811109,14.894592383215066,12.811173891811109,14.894592383215066,96,101,96,101,-1,4,-1,4,-1,4,-1,4,96,101,96,101,-0.3031171811679364,,,,,,,,,0,0,0,0,52,48,-52,-48,-64.79633312332935,-65.05161317001954,0.25528004669018856,-65.05161317001954,-65.05161317001954,18.75,18.75,18.7,18.7,-0.00026734986066092247,-0.0001647323882828843,,,,
1788139800.015,18.7,18.7,18.65,18.65,0,0,0,0,0,0,19.6,19.41,,,,,18.674999999999997,,,,,,,,95.16614131227146,4.833858687728537,0.9033228262454293,17.002789853318927,27.02963796510476,17.002789853318927,27.02963796510476,11.281758072680244,13.088175227947655,11.281758072680244,13.088175227947655,96,101,96,101,-1,4,-1,4,-1,4,-1,4,96,101,96,101,-0.3203568953837321,-0.3203568953837321,,-0.3203568953837321,,,,,,0,0,0,0,52,48,-52,-48,-64.58539471403695,-64.91288638659425,0.3274916725573007,,,18.7,18.7,18.65,18.65,-0.00030615792048928786,-0.00020513068976858612,,,,
1788140040,18.7,18.75,18.7,18.75,0,0,0,0,0,0,19.6,19.41,,,,,18.725,,,,,,,,97.08319441332446,2.916805586675536,0.9416638882664893,16.468576972639692,25.520914966181177,16.468576972639692,25.520914966181177,10.873085866808655,11.980630547378155,10.873085866808655,11.980630547378155,96,101,96,101,-1,4,-1,4,-1,4,-1,4,96,101,96,101,-0.28946548158431884,,,,,,,,,0,0,0,0,52,48,-52,-48,-57.878838163730755,-63.075117487916536,5.196279324185781,,,18.7,18.75,18.7,18.75,-0.0003251010439012259,-0.00024226387497639762,,,,
1788140040.001,18.75,18.8,18.75,18.8,0,0,0,0,0,0,19.6,19.41,,,,,18.775,,,,,,,,96.84062717783372,3.159372822166268,0.9368125435566746,16.363678617451153,24.212738344934028,16.363678617451153,24.212738344934028,11.274675103881135,11.627652825629646,11.274675103881135,11.627652825629646,96,101,96,101,-1,4,-1,4,-1,4,-1,4,96,101,96,101,-0.2394175218201981,,,,,,,,,0,0,0,0,52,48,-52,-48,-46.47655955314533,-58.4342813885606,11.95772183541527,,,18.75,18.8,18.75,18.8,-0.0003340055329310619,-0.00027406595411150897,,,,
1788140760,18.75,18.82,18.7,18.7,0,0,0,0,0,0,19.6,19.41,,,,,18.725,,,,,,,,99.16147490771823,0.8385250922817666,0.9832294981543647,15.566868240014172,22.977614044231192,15.566868240014172,22.977614044231192,10.927165126635002,11.277408976132325,10.927165126635002,11.277408976132325,96,101,96,101,-1,4,-1,4,-1,4,-1,4,96,101,96,101,-0.23824952327347762,,,,,,,,,0,0,0,0,52,48,-52,-48,-43.62845628438078,-53.14231217882345,9.51385589444267,,,18.75,18.82,18.7,18.7,-0.00035134889560282484,-0.00030200991623698814,,,,
1788140760.001,18.7,18.7,18.65,18.65,0,0,0,0,0,0,19.6,19.41,,,,,18.674999999999997,,,,,,,,100,0,1,14.45494908001316,21.760090477914332,14.45494908001316,21.760090477914332,9.666893416815011,10.472151196473668,9.666893416815011,10.472151196473668,96,101,96,101,-1,4,-1,4,-1,4,-1,4,96,101,96,101,-0.2581303789585738,,,,,,,,,0,0,0,0,52,48,-52,-48,-49.34116501808552,-49.3312547548356,-0.009910263249921059,-49.3312547548356,-49.3312547548356,18.7,18.7,18.65,18.65,-0.00037303343615957665,-0.00032616611495748317,,,,
1788141240,18.7,18.75,18.7,18.75,0,0,0,0,0,0,18.82,18.65,,,,,18.725,,,,,,,,99.8140774543755,0.1859225456245006,0.99628154908751,14.174332416403207,20.676410754841317,14.174332416403207,20.676410754841317,9.488916161781312,9.98053367912749,9.488916161781312,9.98053367912749,96,101,96,101,-1,4,-1,4,-1,4,-1,4,96,101,96,101,-0.24557027169694562,,,,,,,,,0,0,0,0,52,48,-52,-48,-42.301144343952664,-45.43683129989107,3.1356869559384037,-45.43683129989107,-45.43683129989107,18.7,18.75,18.7,18.75,-0.0003751637840222583,-0.00034413510218437253,,,,
1788144120,18.7,18.79,18.65,18.65,0,0,0,0,0,0,18.82,18.65,,,,,18.674999999999997,,,,,,,,100,0,1,13.161880100945835,19.602906375713392,13.161880100945835,19.602906375713392,8.70478528152684,9.342659480327164,8.70478528152684,9.342659480327164,96,101,96,101,-1,4,-1,4,-1,4,-1,4,96,101,96,101,-0.24260294841368663,,,,,,,,,0,0,0,0,52,48,-52,-48,-43.207505188800184,-44.61956770880479,1.4120625200046035,,,18.7,18.79,18.65,18.65,-0.00038688380440499604,-0.00035758941617032385,,,,
1788146040,18.7,18.75,18.63,18.75,0,0,0,0,0,0,18.82,18.65,,,,,18.725,,,,,,,,100,0,1,13.10539823806532,18.67469092747795,13.10539823806532,18.67469092747795,8.727813010086361,9.035236245206763,8.727813010086361,9.035236245206763,96,101,96,101,-1,4,-1,4,-1,4,-1,4,96,101,96,101,-0.23782625056219714,,,,,,,,,0,0,0,0,52,48,-52,-48,-40.5722795492112,-43.85552352501239,3.2832439758011844,,,18.7,18.75,18.63,18.75,-0.0003823641280443929,-0.0003671332635275184,,,,
1788146520,18.75,18.8,18.75,18.8,0,0,0,0,0,0,18.82,18.65,,,,,18.775,,,,,,,,98.84407368617315,1.155926313826866,0.9768814737234627,13.421139306480399,17.924183553049726,13.421139306480399,17.924183553049726,9.690113655184506,9.362674950195634,9.690113655184506,9.362674950195634,96,101,96,101,-1,4,-1,4,-1,4,-1,4,96,101,96,101,-0.20958056117018092,,,,,,,,,0,0,0,0,52,48,-52,-48,-22.59419358199422,-37.168780665989566,14.574587083995347,,,18.75,18.8,18.75,18.8,-0.00037063915857630576,-0.00037323886780172574,,,-0.00037063915857630576,18.75
1788153120,18.8,18.85,18.8,18.85,0,0,0,0,0,0,18.82,18.65,,,,,18.825000000000003,,,,,,,,97.49902290535137,2.5009770946486376,0.9499804581070272,14.082515953955673,17.37537389603629,14.082515953955673,17.37537389603629,11.251319804591171,10.306997377393403,11.251319804591171,10.306997377393403,96,101,96,101,-1,4,-1,4,-1,4,-1,4,96,101,96,101,-0.17905442197483581,,,,,,,,,0,0,0,0,52,48,-52,-48,-5.499254086410495,-27.968308101604023,22.469054015193528,,,18.8,18.85,18.8,18.85,-0.0003517411431794326,-0.000373304242397827,,,,
1788153360,18.85,18.900000000000002,18.85,18.900000000000002,0,0,0,0,0,0,18.82,18.65,,,,,18.875,,,,,,,,95.49763518855971,4.502364811440285,0.9099527037711943,15.064839924843982,17.045297614437388,15.064839924843982,17.045297614437388,13.325873529119427,11.816435453256414,13.325873529119427,11.816435453256414,96,101,96,101,-1,4,-1,4,-1,4,-1,4,96,101,96,101,-0.1553611484268121,,,,,,,,,0,0,0,0,52,48,-52,-48,8.835298721765374,-14.957607123962637,23.79290584572801,,,18.85,18.900000000000002,18.85,18.900000000000002,-0.00032876404270872073,-0.0003659260101560177,,,,
1788153840,18.900000000000002,18.950000000000003,18.900000000000002,18.950000000000003,0,0,0,0,0,0,18.82,18.65,,,,,18.925000000000004,,,,,,,,92.7396330477371,7.260366952262897,0.854792660954742,16.34518641033011,16.945281728136347,16.34518641033011,16.945281728136347,15.840439460894759,13.828437457075587,15.840439460894759,13.828437457075587,96,101,96,101,-1,4,-1,4,-1,4,-1,4,96,101,96,101,-0.15010310248740055,,,,,,,,,0,0,0,0,52,48,-52,-48,21.212702658696628,0.48863842801432256,20.724064230682306,,,18.900000000000002,18.950000000000003,18.900000000000002,18.950000000000003,-0.00029981712577053756,-0.0003533682337807309,,,,
1788157200,18.95,19,18.95,19,0,0,0,0,0,0,18.82,18.65,,,,,18.975,,,,,,,,89.13898271342329,10.861017286576713,0.7827796542684657,17.902268087942762,17.081994065251546,17.902268087942762,17.081994065251546,18.732158713167532,16.280298085121558,18.732158713167532,16.280298085121558,96,101,96,101,-1,4,-1,4,-1,4,-1,4,96,101,96,101,-0.14858224433327433,,,,,,,,,0,0,0,0,52,48,-52,-48,30.94508291196457,13.87345755150402,17.07162536046055,,,18.95,19,18.95,19,-0.0002671572362029044,-0.00033341380574704896,,,,
1788157920,19,19.05,19,19.05,0,0,0,0,0,0,18.82,18.65,,,,,19.025,,,,,,,,84.63887992581154,15.361120074188461,0.6927775985162308,19.716318158244352,17.45832607853623,19.716318158244352,17.45832607853623,21.94715224015245,19.113725162637003,21.94715224015245,19.113725162637003,96,101,96,101,-1,4,-1,4,-1,4,-1,4,96,101,96,101,-0.13659316897360885,,,,,,,,,0,0,0,0,52,48,-52,-48,38.56382130621256,24.889226399659783,13.674594906552777,,,19,19.05,19,19.05,-0.00023215555763050647,-0.00030837904401140125,,,,
1788226200,19.05,19.1,19.05,19.1,0,0,0,0,0,0,18.82,18.65,,,,,19.075000000000003,,,,,,,,79.2287516834923,20.771248316507695,0.5845750336698461,21.76898173604281,18.074134029608597,21.76898173604281,18.074134029608597,25.799422417025113,22.456573789831058,25.799422417025113,22.456573789831058,96,101,96,101,-1,4,-1,4,-1,4,-1,4,96,101,96,101,-0.11426969563257958,,,,,,,,,0,0,0,0,52,48,-52,-48,44.52169589862941,33.81082569387579,10.710870204753618,,,19.05,19.1,19.05,19.1,-0.00019652907431305186,-0.0002793606966341922,,,,
1788226200.001,19.1,19.150000000000002,19.1,19.150000000000002,0,0,0,0,0,0,18.82,18.65,,,,,19.125,,,,,,,,72.96011409054317,27.039885909456835,0.4592022818108633,24.043214999374083,18.926859882432236,24.043214999374083,18.926859882432236,30.139472826149987,26.298023307990523,30.139472826149987,26.298023307990523,96,101,96,101,-1,4,-1,4,-1,4,-1,4,96,101,96,101,-0.08561851402017026,,,,,,,,,0,0,0,0,52,48,-52,-48,49.182079657008316,40.80316994345371,8.378909713554606,,,19.1,19.150000000000002,19.1,19.150000000000002,-0.00016060025279476475,-0.0002475038815700809,,,,
1788226200.002,19.150000000000002,19.200000000000003,19.150000000000002,19.200000000000003,0,0,0,0,0,0,18.82,18.65,,,,,19.175000000000004,,,,,,,,65.95671889520962,34.04328110479039,0.3191343779041923,26.523191542128675,20.012050119531725,26.523191542128675,20.012050119531725,34.66208425226988,30.4800537801302,34.66208425226988,30.4800537801302,96,101,96,101,-1,4,-1,4,-1,4,-1,4,96,101,96,101,-0.05621259265928473,,,,,,,,,0,0,0,0,52,48,-52,-48,53.111309257850195,46.34472652992512,6.766582727925076,,,19.150000000000002,19.200000000000003,19.150000000000002,19.200000000000003,-0.00011955916254347298,-0.00021263640154253963,,,,
1788226200.003,19.200000000000003,19.250000000000004,19.200000000000003,19.250000000000004,0,0,0,0,0,0,18.82,18.65,,,,,19.225,,,,,,,,58.41420807376385,41.58579192623615,0.16828416147527697,29.194215415776352,21.32378801899524,29.194215415776352,21.32378801899524,39.45061767077683,34.965335725453514,39.45061767077683,34.965335725453514,96,101,96,101,-1,4,-1,4,-1,4,-1,4,96,101,96,101,-0.023947610052013773,,,,,,,,,0,0,0,0,52,48,-52,-48,56.147852501073466,50.74073432864034,5.4071181724331225,,,19.200000000000003,19.250000000000004,19.200000000000003,19.250000000000004,-0.00007400390493955157,-0.0001750008647373753,,,,
1788227640,19.200000000000003,19.26,19.150000000000002,19.150000000000002,0,0,0,0,0,0,18.82,18.65,,,,,19.175000000000004,,,,,,,,62.04601620795087,37.95398379204913,0.24092032415901743,30.93807484484094,22.697257565544625,30.93807484484094,22.697257565544625,42.77585410741912,38.87059491643632,42.77585410741912,38.87059491643632,96,101,96,101,-1,4,-1,4,-1,4,-1,4,96,101,96,101,-0.022974762825976172,,,,,,,,,0,0,0,0,52,48,-52,-48,53.497205287604764,52.98461167588419,0.5125936117205754,,,19.200000000000003,19.26,19.150000000000002,19.150000000000002,-0.00005101833658843148,-0.0001389777148016298,,,,
1788227640.001,19.150000000000002,19.150000000000002,19.1,19.1,0,0,0,0,0,0,18.82,18.65,,,,,19.125,,,,,,,,72.96011409054357,27.039885909456423,0.4592022818108715,32.18918437359679,24.05324710955208,32.18918437359679,24.05324710955208,45.7559268972684,42.31326090685236,45.7559268972684,42.31326090685236,96,101,96,101,-1,4,-1,4,-1,4,-1,4,96,101,96,101,-0.052072881588696655,,,,,,,,,0,0,0,0,52,48,-52,-48,44.250748322845126,51.75177884234339,-7.501030519498265,51.75177884234339,51.75177884234339,19.150000000000002,19.150000000000002,19.1,19.1,-0.00004200794373500786,-0.00010728644581904668,,,,
1788228120,19.150000000000002,19.200000000000003,19.150000000000002,19.200000000000003,0,0,0,0,0,0,18.82,18.65,,,,,19.175000000000004,,,,,,,,65.95671889520929,34.0432811047907,0.319134377904186,34.08730596104976,25.486684088337462,34.08730596104976,25.486684088337462,50.132064324642805,46.22266261574758,50.132064324642805,46.22266261574758,96,101,96,101,-1,4,-1,4,-1,4,-1,4,96,101,96,101,-0.04885545275375887,,,,,,,,,0,0,0,0,52,48,-52,-48,43.951824757184106,49.461907717176864,-5.510082959992758,,,19.150000000000002,19.200000000000003,19.150000000000002,19.200000000000003,-0.00002138650819643399,-0.00007809601813294372,,,,
1788228600,19.200000000000003,19.250000000000004,19.12,19.250000000000004,0,0,0,0,0,0,18.82,18.65,,,,,19.225,,,,,,,,65.43165150470071,34.56834849529928,0.30863303009401427,36.21803594763164,27.01973435395092,36.21803594763164,27.01973435395092,55.42236643604789,50.82251452589773,55.42236643604789,50.82251452589773,96,101,96,101,-1,4,-1,4,-1,4,-1,4,96,101,96,101,-0.013776208100152256,,,,,,,,,0,0,1,0,52,48,-52,-48,45.05802654512518,46.689451228189796,-1.6314246830646155,,,19.200000000000003,19.250000000000004,19.12,19.250000000000004,-0.00000533479969255584,-0.000052218442615908884,,,,
1788228840,19.25,19.3,19.25,19.3,0,0,0,0,0,0,18.82,18.65,,,,,19.275,,,,,,,,50.58631453241319,49.4136854675868,0.01172629064826388,38.56475944769035,28.669023653056552,38.56475944769035,28.669023653056552,61.36416056991739,56.09333754790756,61.36416056991739,56.09333754790756,96,101,96,101,-1,4,-1,4,-1,4,-1,4,96,101,96,101,0.016023380700018942,,,,,,,,,0,0,0,0,52,48,-52,-48,50.82506298526616,46.02141565260514,4.803647332661015,46.02141565260514,46.02141565260514,19.25,19.3,19.25,19.3,0.000017138942156472204,-0.00002943542516591809,,,,
1788229080,19.3,19.35,19.3,19.35,0,0,0,0,0,0,18.82,18.65,,,,,19.325000000000003,,,,,,,,42.75845295059371,57.24154704940629,-0.14483094098812588,41.11204835312042,30.446598610208532,41.11204835312042,30.446598610208532,66.48674080596095,61.29003917693426,66.48674080596095,61.29003917693426,96,101,96,101,-1,4,-1,4,-1,4,-1,4,96,101,96,101,0.03628031981375024,,,,,0.03628031981375024,,0.03628031981375024,,0,0,0,0,52,48,-52,-48,56.024785952887534,48.96492506011574,7.059860892771795,,,19.3,19.35,19.3,19.35,0.00004393746646463632,-0.000009778529931886764,,,,
1788229320,19.3,19.3,19.25,19.25,0,0,0,0,0,0,18.82,18.65,,,,,19.275,,,,,,,,50.586314532412594,49.413685467587406,0.011726290648251838,42.74101102598296,32.20294324103345,42.74101102598296,32.20294324103345,69.68704767495062,65.48854342594244,69.68704767495062,65.48854342594244,96,101,96,101,-1,4,-1,4,-1,4,-1,4,96,101,96,101,0.03296238366542138,,,,,,,,,0,0,0,0,52,48,-52,-48,51.84892392278434,50.9391998515158,0.9097240712685348,,,19.3,19.3,19.25,19.25,0.000052259458802913944,0.0000074344359666708075,,,,
1788229800,19.25,19.25,19.2,19.2,0,0,0,0,0,0,18.82,18.65,,,,,19.225,,,,,,,,58.41420807376472,41.58579192623528,0.1682841614752944,43.885430709694035,33.87187002227068,43.885430709694035,33.87187002227068,71.43810435630684,68.46332389112465,71.43810435630684,68.46332389112465,96,101,96,101,-1,4,-1,4,-1,4,-1,4,96,101,96,101,0.011292259648314049,,,,,,,,,0,0,0,0,52,48,-52,-48,40.506014379613724,49.80119681013794,-9.295182430524214,49.80119681013794,49.80119681013794,19.25,19.25,19.2,19.2,0.00005024682155701618,0.000022810230182008155,,,,
1788229800.001,19.200000000000003,19.200000000000003,19.150000000000002,19.150000000000002,0,0,0,0,0,0,18.82,18.65,,,,,19.175000000000004,,,,,,,,65.95671889520975,34.04328110479026,0.3191343779041948,44.57991761776451,35.401591107341225,44.57991761776451,35.401591107341225,71.94694659112017,70.2051352411224,71.94694659112017,70.2051352411224,96,101,96,101,-1,4,-1,4,-1,4,-1,4,96,101,96,101,-0.009966494563306116,,,,,,,,,0,0,0,0,52,48,-52,-48,24.957926949530048,43.33441280120391,-18.376485851673863,,,19.200000000000003,19.200000000000003,19.150000000000002,19.150000000000002,0.000041883125856505134,0.00003335516919083134,,,,
1788230520,19.150000000000002,19.150000000000002,19.1,19.1,0,0,0,0,0,0,18.82,18.65,,,,,19.125,,,,,,,,72.96011409054371,27.039885909456284,0.45920228181087425,44.856609805597245,36.752308064234946,44.856609805597245,36.752308064234946,71.39103358603958,70.798084413581,71.39103358603958,70.798084413581,96,101,96,101,-1,4,-1,4,-1,4,-1,4,96,101,96,101,-0.02909950635361494,,,,,,,,,0,0,0,0,52,48,-52,-48,9.077334228161076,31.5975498700223,-22.52021564186122,,,19.150000000000002,19.150000000000002,19.1,19.1,0.00002367816983029017,0.00003819066411130568,0.00002367816983029017,19.150000000000002,,
1788231720,19.150000000000002,19.200000000000003,19.09,19.200000000000003,0,0,0,0,0,0,18.82,18.65,,,,,19.175000000000004,,,,,,,,71.16516119126585,28.83483880873414,0.42330322382531715,45.849915290764464,38.05196623945345,45.849915290764464,38.05196623945345,71.86691767692285,71.33250104525192,71.86691767692285,71.33250104525192,96,101,96,101,-1,4,-1,4,-1,4,-1,4,96,101,96,101,-0.03122875573928886,,,,,,,,,0,0,0,0,52,48,-52,-48,3.998611300464444,19.634971714442326,-15.636360413977883,,,19.150000000000002,19.200000000000003,19.09,19.200000000000003,0.00002091487263203444,0.00003881998585723272,,,,
1788240240,19.150000000000002,19.150000000000002,19.1,19.1,0,0,0,0,0,0,18.82,18.65,,,,,19.125,,,,,,,,72.96011409054304,27.039885909456952,0.459202281810861,46.0358933590972,39.19252725654542,46.0358933590972,39.19252725654542,71.32243737387046,71.32746920956119,71.32243737387046,71.32746920956119,96,101,96,101,-1,4,-1,4,-1,4,-1,4,96,101,96,101,-0.037883788803553774,,,,,,,,,0,0,0,0,52,48,-52,-48,-5.630504305898701,8.100842043064224,-13.731346348962926,,,19.150000000000002,19.150000000000002,19.1,19.1,0.000007395840801467953,0.000032729714913371325,,,,
1788242880,19.1,19.16,19.05,19.05,0,0,0,0,0,0,18.82,18.65,,,,,19.075000000000003,,,,,,,,76.66065812635655,23.33934187364345,0.533213162527131,45.840398767173475,40.14222318663514,45.840398767173475,40.14222318663514,70.1017717172858,70.7146204634235,70.1017717172858,70.7146204634235,96,101,96,101,-1,4,-1,4,-1,4,-1,4,96,101,96,101,-0.0574372706070351,,,,,,,,,0,0,0,0,52,48,-52,-48,-15.44617857608359,-2.0001843383391806,-13.445994237744408,,,19.1,19.16,19.05,19.05,-0.000011711512108392778,0.000022067886428153516,,,,
1788243360,19.05,19.05,19,19,0,0,0,0,0,0,18.82,18.65,,,,,19.025,,,,,,,,84.63887992581114,15.361120074188861,0.6927775985162228,45.290679562154466,40.87771695456648,45.290679562154466,40.87771695456648,67.8253281386259,69.2699743010247,67.8253281386259,69.2699743010247,96,101,96,101,-1,4,-1,4,-1,4,-1,4,96,101,96,101,-0.07092849946293225,,,,,,,,,0,0,0,0,52,48,-52,-48,-26.790776594527205,-10.967212044011253,-15.823564550515952,,,19.05,19.05,19,19,-0.00003513909299734002,0.000007836900669094149,,,,
1788312600,19,19.07,18.95,18.95,0,0,0,0,0,0,18.82,18.65,,,,,18.975,,,,,,,,87.52598405351381,12.474015946486183,0.7505196810702763,44.412037502118395,41.38261988993104,44.412037502118395,41.38261988993104,65.1598050712032,67.21488968611395,65.1598050712032,67.21488968611395,96,101,96,101,-1,4,-1,4,-1,4,-1,4,96,101,96,101,-0.08360415784774716,,,,,,,,,0,0,0,0,52,48,-52,-48,-34.37145879819826,-20.559729568676932,-13.81172922952133,,,19,19.07,18.95,18.95,-0.000060103432741270854,-0.00000916085909720185,,,,
1788312600.001,18.95,18.95,18.9,18.9,0,0,0,0,0,0,18.82,18.65,,,,,18.924999999999997,,,,,,,,92.7396330477375,7.260366952262498,0.85479266095475,43.227967076709334,41.64624091661365,43.227967076709334,41.64624091661365,61.60522974357103,64.41005971484249,61.60522974357103,64.41005971484249,96,101,96,101,-1,4,-1,4,-1,4,-1,4,96,101,96,101,-0.10092654888790718,,,,,,,,,0,0,0,0,52,48,-52,-48,-43.13682397358831,-29.93630948559933,-13.200514487988976,,,18.95,18.95,18.9,18.9,-0.00009534796431654802,-0.000028998548121674885,,,,
1788312600.002,18.900000000000002,18.900000000000002,18.85,18.85,0,0,0,0,0,0,18.82,18.65,,,,,18.875,,,,,,,,95.49763518855983,4.502364811440174,0.9099527037711965,41.76028459773969,41.66253287106023,41.76028459773969,41.66253287106023,57.566387399251454,60.98822355704697,57.566387399251454,60.98822355704697,96,101,96,101,-1,4,-1,4,-1,4,-1,4,96,101,96,101,-0.11994749477784607,,,,,,,,,0,0,0,0,52,48,-52,-48,-49.12848368331275,-38.35688576240662,-10.771597920906132,,,18.900000000000002,18.900000000000002,18.85,18.85,-0.0001349814241886327,-0.00005498126425845275,,,,
1788312600.003,18.85,18.85,18.8,18.8,0,0,0,0,0,0,18.82,18.65,,,,,18.825000000000003,,,,,,,,97.49902290535158,2.5009770946484213,0.9499804581070316,40.02924806903518,41.42920647077094,40.02924806903518,41.42920647077094,53.112459040628245,57.05034129883761,53.112459040628245,57.05034129883761,96,101,96,101,-1,4,-1,4,-1,4,-1,4,96,101,96,101,-0.13916745879968828,,,,,,,,,0,0,0,0,52,48,-52,-48,-53.381169508321705,-45.00448399085525,-8.376685517466456,,,18.85,18.85,18.8,18.8,-0.0001716736978322953,-0.00008482618736407996,,,,
1788312600.004,18.8,18.8,18.75,18.75,0,0,0,0,0,0,18.82,18.65,,,,,18.775,,,,,,,,98.74111095364523,1.2588890463547553,0.9748222190729049,38.05366849414828,40.946986759824846,38.05366849414828,40.946986759824846,48.302742669744845,52.67654198429123,48.302742669744845,52.67654198429123,96,101,96,101,-1,4,-1,4,-1,4,-1,4,96,101,96,101,-0.15767902665081138,,,,,,,,,0,0,0,0,52,48,-52,-48,-56.69380821839826,-50.58507134590525,-6.108736872493012,,,18.8,18.8,18.75,18.75,-0.00020822532341220458,-0.0001175784892480486,,,,
1788312600.005,18.75,18.75,18.7,18.7,0,0,0,0,0,0,18.82,18.65,,,,,18.725,,,,,,,,99.56911656270037,0.4308834372996173,0.9913823312540077,35.85101323352061,40.21899054178139,35.85101323352061,40.21899054178139,43.18806514549557,47.9323035648934,43.18806514549557,47.9323035648934,96,101,96,101,-1,4,-1,4,-1,4,-1,4,96,101,96,101,-0.175552337799238,,,,,,,,,0,0,0,0,52,48,-52,-48,-59.112006682525816,-54.57886702313962,-4.533139659386194,,,18.75,18.75,18.7,18.7,-0.0002434569231754178,-0.00015229812761106154,,,,
1788312600.006,18.7,18.7,18.65,18.65,0,0,0,0,0,0,18.82,18.65,,,,,18.674999999999997,,,,,,,,99.96477468276139,0.03522531723861855,0.9992954936552276,33.43750197899079,39.25020646138273,33.43750197899079,39.25020646138273,37.81199234693276,42.87214795591308,37.81199234693276,42.87214795591308,96,101,96,101,-1,4,-1,4,-1,4,-1,4,96,101,96,101,-0.1934514741141603,,,,,,,,,0,0,0,0,52,48,-52,-48,-60.89728637407874,-57.52106769583112,-3.376218678247618,,,18.7,18.7,18.65,18.65,-0.0002751372535921878,-0.00018813709775288102,,,,
1788312600.007,18.650000000000002,18.650000000000002,18.6,18.6,0,0,0,0,0,0,18.82,18.65,,,,,18.625,,,,,,,,100,0,1,31.049108980491447,38.07862110696969,31.049108980491447,38.07862110696969,32.79123153546624,37.83168974568966,32.79123153546624,37.83168974568966,96,101,96,101,-1,4,-1,4,-1,4,-1,4,96,101,96,101,-0.21143219505462338,,,,,,,,,0,0,0,0,52,48,-52,-48,-62.22727895453861,-59.73259505738535,-2.4946838971532586,,,18.650000000000002,18.650000000000002,18.6,18.6,-0.000314619114090151,-0.00022468228938181487,,,,
1788312600.008,18.6,18.6,18.55,18.55,0,0,0,0,0,0,18.82,18.65,,,,,18.575000000000003,,,,,,,,99.52845094215972,0.471549057840287,0.9905690188431943,28.831315481884918,36.757577446243296,28.831315481884918,36.757577446243296,28.463912744685338,33.147801245187495,28.463912744685338,33.147801245187495,96,101,96,101,-1,4,-1,4,-1,4,-1,4,96,101,96,101,-0.22945062794516993,,,,,,,,,0,0,0,0,52,48,-52,-48,-63.30261698449192,-61.38479724890877,-1.9178197355831514,,,18.6,18.6,18.55,18.55,-0.00035630184787993434,-0.00026156902666369845,,,,
1788312840,18.55,18.55,18.5,18.5,0,0,0,0,0,0,18.82,18.65,,,,,18.525,,,,,,,,98.86010617866037,1.1398938213396215,0.9772021235732076,26.771935804607427,35.33105721172389,26.771935804607427,35.33105721172389,24.73377394922608,28.940787597206786,24.73377394922608,28.940787597206786,96,101,96,101,-1,4,-1,4,-1,4,-1,4,96,101,96,101,-0.21024927444643665,,,,,,,,,0,0,0,0,52,48,-52,-48,-64.10384009881206,-62.632755602980325,-1.4710844958317324,,,18.55,18.55,18.5,18.5,-0.00039646773832305955,-0.0002990347000788258,,,,
1788313320,18.5,18.5,18.45,18.45,0,0,0,0,0,0,18.82,18.65,,,,,18.475,,,,,,,,97.99708440868822,2.0029155913117878,0.9599416881737642,24.8596546757069,33.83514256372146,24.8596546757069,33.83514256372146,21.517837988225523,25.229312792716154,21.517837988225523,25.229312792716154,96,101,96,101,-1,4,-1,4,-1,4,-1,4,96,101,96,101,-0.19387774336627703,,,,,,,,,0,0,0,0,52,48,-52,-48,-64.70374508977922,-63.58437028190544,-1.1193748078737755,,,18.5,18.5,18.45,18.45,-0.00043702925481892276,-0.0003371686886466122,,,,
1788313800,18.45,18.45,18.4,18.4,0,0,0,0,0,0,18.82,18.65,,,,,18.424999999999997,,,,,,,,96.99836206132787,3.0016379386721304,0.9399672412265574,23.083965056013547,32.29926006262033,23.083965056013547,32.29926006262033,18.74461301246403,21.986962902590093,18.74461301246403,21.986962902590093,96,101,96,101,-1,4,-1,4,-1,4,-1,4,96,101,96,101,-0.2111355480185091,,,,,,,,,0,0,0,0,52,48,-52,-48,-65.15503462465047,-64.3163091994334,-0.8387254252170635,,,18.45,18.45,18.4,18.4,-0.00047020924125116615,-0.00037496074165923693,,,,
1788313800.001,18.400000000000002,18.400000000000002,18.35,18.35,0,0,0,0,0,0,18.82,18.65,,,,,18.375,,,,,,,,95.90981055907388,4.090189440926128,0.9181962111814774,21.43511040915544,30.747238683553913,21.43511040915544,30.747238683553913,16.352525439254926,19.16974417092251,16.352525439254926,19.16974417092251,96,101,96,101,-1,4,-1,4,-1,4,-1,4,96,101,96,101,-0.23485154199247588,,,,,,,,,0,0,0,0,52,48,-52,-48,-65.02023087220041,-64.74571267136054,-0.27451820083987855,,,18.400000000000002,18.400000000000002,18.35,18.35,-0.0005034251588285448,-0.0004130087258652964,,,,
1788314280,18.35,18.35,18.3,18.3,0,0,0,0,0,0,18.82,18.65,,,,,18.325000000000003,,,,,,,,94.76661921405758,5.233380785942426,0.8953323842811515,19.904031094215764,29.198209027934176,19.904031094215764,29.198209027934176,14.28855922004163,16.72915169548207,14.28855922004163,16.72915169548207,96,101,96,101,-1,4,-1,4,-1,4,-1,4,96,101,96,101,-0.24367111292823646,,,,,,,,,0,0,0,0,52,48,-52,-48,-64.70060009451512,-64.8949026702863,0.19430257577117516,-64.8949026702863,-64.8949026702863,18.35,18.35,18.3,18.3,-0.0005409610800819791,-0.00045073238686393446,,,,
1788314760,18.3,18.3,18.25,18.25,0,0,0,0,0,0,18.82,18.65,,,,,18.275,,,,,,,,93.59544194040362,6.404558059596388,0.8719088388080722,18.482314587486066,27.667366965013013,18.482314587486066,27.667366965013013,12.507076734061652,14.618114214771861,12.507076734061652,14.618114214771861,96,101,96,101,-1,4,-1,4,-1,4,-1,4,96,101,96,101,-0.2488375522116106,-0.2488375522116106,-0.2488375522116106,-0.2488375522116106,,,,,,0,0,0,0,52,48,-52,-48,-64.38916018900377,-64.81625644509245,0.4270962560886744,,,18.3,18.3,18.25,18.25,-0.0005794035123627238,-0.00048791599761106603,,,,
1788316440,18.3,18.35,18.3,18.35,0,0,0,0,0,0,18.82,18.65,,,,,18.325000000000003,,,,,,,,94.76661921405727,5.233380785942732,0.8953323842811454,17.811499909159146,26.25938595703389,17.811499909159146,26.25938595703389,11.75931252529962,13.18871337003574,11.75931252529962,13.18871337003574,96,101,96,101,-1,4,-1,4,-1,4,-1,4,96,101,96,101,-0.2360361016361308,,,,,,,,,0,0,0,0,52,48,-52,-48,-57.80056400779737,-62.97763879087916,5.1770747830817925,,,18.3,18.35,18.3,18.35,-0.0005970002885318591,-0.0005213380893125326,,,,
1788326160,18.35,18.400000000000002,18.35,18.400000000000002,0,0,0,0,0,0,18.82,18.65,,,,,18.375,,,,,,,,95.90981055907378,4.090189440926234,0.9181962111814753,17.513275889673768,25.00994166169673,17.513275889673768,25.00994166169673,11.767722424282823,12.478217897159283,11.767722424282823,12.478217897159283,96,101,96,101,-1,4,-1,4,-1,4,-1,4,96,101,96,101,-0.20889000086320614,,,,,,,,,0,0,0,0,52,48,-52,-48,-46.66890896786302,-58.38980831479481,11.720899346931795,,,18.35,18.400000000000002,18.35,18.400000000000002,-0.0006033579846823953,-0.000549059544289778,,,,
1788326640,18.400000000000002,18.450000000000003,18.400000000000002,18.450000000000003,0,0,0,0,0,0,18.82,18.65,,,,,18.425000000000004,,,,,,,,96.9983620613279,3.001637938672097,0.9399672412265581,17.561028910541243,23.945811268674515,17.561028910541243,23.945811268674515,12.424281558476226,12.451249727817753,12.424281558476226,12.451249727817753,96,101,96,101,-1,4,-1,4,-1,4,-1,4,96,101,96,101,-0.18452244726717104,,,,,,,,,0,0,0,0,52,48,-52,-48,-32.097352670404774,-50.238996458767225,18.14164378836245,,,18.400000000000002,18.450000000000003,18.400000000000002,18.450000000000003,-0.000595713007894277,-0.0005699768387302965,,,,
1788327120,18.45,18.5,18.45,18.5,0,0,0,0,0,0,18.82,18.65,,,,,18.475,,,,,,,,96.56154135617894,3.438458643821063,0.9312308271235787,17.93004632602206,23.08641627686702,17.93004632602206,23.08641627686702,13.63639717999261,13.043823453905182,13.63639717999261,13.043823453905182,96,101,96,101,-1,4,-1,4,-1,4,-1,4,96,101,96,101,-0.1564695789521259,,,,,,,,,0,0,0,0,52,48,-52,-48,-16.664485289385333,-38.30782773386262,21.643342444477284,,,18.45,18.5,18.45,18.5,-0.0005788287251964482,-0.0005825440997916138,,,-0.0005788287251964482,18.45
1788327840,18.5,18.55,18.5,18.55,0,0,0,0,0,0,18.82,18.65,,,,,18.525,,,,,,,,94.24521464837359,5.754785351626407,0.8849042929674719,18.59738067935815,22.44512547722289,18.59738067935815,22.44512547722289,15.324704076357312,14.184263765131247,15.324704076357312,14.184263765131247,96,101,96,101,-1,4,-1,4,-1,4,-1,4,96,101,96,101,-0.13164120957149178,,,,,,,,,0,0,0,0,52,48,-52,-48,-1.1901924584669992,-24.15523484653002,22.965042388063022,,,18.5,18.55,18.5,18.55,-0.0005568849693184347,-0.0005851980813310231,,,,
1788329760,18.5,18.5,18.45,18.45,0,0,0,0,0,0,18.82,18.65,,,,,18.475,,,,,,,,96.561541356179,3.4384586438210016,0.93123082712358,18.567697643819574,21.891207215308132,18.567697643819574,21.891207215308132,15.992603494020535,15.088433629575892,15.992603494020535,15.088433629575892,96,101,96,101,-1,4,-1,4,-1,4,-1,4,96,101,96,101,-0.1330003174627685,,,,,,,,,0,0,0,0,52,48,-52,-48,0.2235744903055441,-12.43211398198788,12.655688472293425,,,18.5,18.5,18.45,18.45,-0.000547944840498966,-0.0005799549693537301,,,,
1788330960,18.45,18.45,18.4,18.4,0,0,0,0,0,0,18.82,18.65,,,,,18.424999999999997,,,,,,,,98.20029522715681,1.7997047728431914,0.9640059045431362,18.215459500429855,21.36610039889695,18.215459500429855,21.36610039889695,15.91573805980983,15.50208584469286,15.91573805980983,15.50208584469286,96,101,96,101,-1,4,-1,4,-1,4,-1,4,96,101,96,101,-0.15189977343456235,,,,,,,,,0,0,0,0,52,48,-52,-48,-6.988494354061168,-6.154899402901979,-0.8335949511591894,-6.154899402901979,-6.154899402901979,18.45,18.45,18.4,18.4,-0.000543499452066425,-0.0005710381632761577,,,,
1788399000,18.45,18.5,18.45,18.5,0,0,0,0,0,0,18.82,18.65,,,,,18.475,,,,,,,,96.56154135617905,3.4384586438209466,0.9312308271235811,18.537731873775773,20.96204775245107,18.537731873775773,20.96204775245107,16.6290741811357,16.065580012914282,16.6290741811357,16.065580012914282,96,101,96,101,-1,4,-1,4,-1,4,-1,4,96,101,96,101,-0.14029227115614967,,,,,,,,,0,0,0,0,52,48,-52,-48,1.323931101945651,-1.657795305069233,2.981726407014884,-1.657795305069233,-1.657795305069233,18.45,18.5,18.45,18.5,-0.0005252855686820711,-0.0005580260939427704,,,,
1788399000.001,18.5,18.55,18.5,18.55,0,0,0,0,0,0,18.82,18.65,,,,,18.525,,,,,,,,94.24521464837386,5.754785351626146,0.8849042929674771,19.16166011655802,20.704849518752063,19.16166011655802,20.704849518752063,17.889855791622818,16.97771790226855,17.889855791622818,16.97771790226855,96,101,96,101,-1,4,-1,4,-1,4,-1,4,96,101,96,101,-0.12510040575750914,,,,,,,,,0,0,0,0,52,48,-52,-48,14.311004119555957,2.217503839436506,12.09350028011945,,,18.5,18.55,18.5,18.55,-0.0004991286702534719,-0.0005419287043359695,,,,
1788399960,18.55,18.6,18.55,18.6,0,0,0,0,0,0,18.82,18.65,,,,,18.575000000000003,,,,,,,,91.16284931225216,8.83715068774784,0.8232569862450432,20.06569738095973,20.613542070496013,20.06569738095973,20.613542070496013,19.619876392819577,18.298797147544065,19.619876392819577,18.298797147544065,96,101,96,101,-1,4,-1,4,-1,4,-1,4,96,101,96,101,-0.11720096140242146,,,,,,,,,0,0,0,0,52,48,-52,-48,26.932243394184766,8.89467106540631,18.037572328778456,,,18.55,18.6,18.55,18.6,-0.00046827946208986593,-0.0005235038271515392,,,,
1788399960.001,18.6,18.650000000000002,18.6,18.650000000000002,0,0,0,0,0,0,18.82,18.65,,,,,18.625,,,,,,,,87.24540149935248,12.754598500647518,0.7449080299870496,21.229835879722355,20.701584043242633,21.229835879722355,20.701584043242633,21.987104935341982,20.142951041443023,21.987104935341982,20.142951041443023,96,101,96,101,-1,4,-1,4,-1,4,-1,4,96,101,96,101,-0.0855150593097342,,,,,,,,,0,0,0,0,52,48,-52,-48,37.43264673146588,19.999956336788063,17.432690394677817,,,18.6,18.650000000000002,18.6,18.650000000000002,-0.0004360699734087595,-0.0005033679944999268,,,,
1788404760,18.650000000000002,18.700000000000003,18.59,18.700000000000003,0,0,0,0,0,0,18.82,18.65,,,,,18.675000000000004,,,,,,,,86.63979066112957,13.360209338870439,0.7327958132225912,22.635496953248694,20.977857316100643,22.635496953248694,20.977857316100643,24.817518516007453,22.48023477872524,24.817518516007453,22.48023477872524,96,101,96,101,-1,4,-1,4,-1,4,-1,4,96,101,96,101,-0.04376016153716255,,,,,,,,,0,0,0,0,52,48,-52,-48,43.84682355316793,30.630679449593632,13.216144103574297,,,18.650000000000002,18.700000000000003,18.59,18.700000000000003,-0.00040200908331734667,-0.00047904536830299015,,,,
1788412320,18.650000000000002,18.72,18.6,18.6,0,0,0,0,0,0,18.82,18.65,,,,,18.625,,,,,,,,85.39640600631037,14.603593993689628,0.7079281201262074,23.291403015029637,21.30836384451907,23.291403015029637,21.30836384451907,27.046594818231995,24.763414798478617,27.046594818231995,24.763414798478617,96,101,96,101,-1,4,-1,4,-1,4,-1,4,96,101,96,101,-0.03642768193092484,,,,,,,,,0,0,0,0,52,48,-52,-48,44.343602022972064,38.138828925447655,6.204773097524409,,,18.650000000000002,18.72,18.6,18.6,-0.00038519175118882426,-0.00045266075149005667,,,,
1788413040,18.6,18.6,18.55,18.55,0,0,0,0,0,0,18.82,18.65,,,,,18.575000000000003,,,,,,,,91.16284931225196,8.837150687748046,0.8232569862450391,23.5757833191509,21.632280912323615,23.5757833191509,21.632280912323615,27.994825633672527,26.37912021607557,27.994825633672527,26.37912021607557,96,101,96,101,-1,4,-1,4,-1,4,-1,4,96,101,96,101,-0.05090136467318471,,,,,,,,,0,0,0,0,52,48,-52,-48,34.043017140185334,39.9165223619478,-5.873505221762464,39.9165223619478,39.9165223619478,18.6,18.6,18.55,18.55,-0.000379545950491127,-0.00042837081512489935,,,,
1788413040.001,18.55,18.55,18.5,18.5,0,0,0,0,0,0,18.82,18.65,,,,,18.525,,,,,,,,94.24521464837336,5.7547853516266345,0.8849042929674673,23.51517541973103,21.90126584195325,23.51517541973103,21.90126584195325,28.055715204802,27.217417710438784,28.055715204802,27.217417710438784,96,101,96,101,-1,4,-1,4,-1,4,-1,4,96,101,96,101,-0.06844444909554212,,,,,,,,,0,0,0,0,52,48,-52,-48,19.58807698167076,35.45537992449902,-15.86730294282826,,,18.55,18.55,18.5,18.5,-0.0003835779151600925,-0.0004091123559426694,,,,
1788414480,18.55,18.6,18.55,18.6,0,0,0,0,0,0,18.82,18.65,,,,,18.575000000000003,,,,,,,,91.16284931225198,8.837150687748025,0.8232569862450395,24.108247305334665,22.216548908150596,24.108247305334665,22.216548908150596,29.228289641792635,28.22285367611571,29.228289641792635,28.22285367611571,96,101,96,101,-1,4,-1,4,-1,4,-1,4,96,101,96,101,-0.0656679419065778,,,,,,,,,0,0,0,0,52,48,-52,-48,19.575803958398797,29.387625025806738,-9.81182106740794,,,18.55,18.6,18.55,18.6,-0.0003718686277384206,-0.00039304388355076184,,,,
1788415200,18.6,18.650000000000002,18.6,18.650000000000002,0,0,0,0,0,0,18.82,18.65,,,,,18.625,,,,,,,,87.2454014993524,12.754598500647601,0.744908029987048,24.98363223807051,22.611846526710583,24.98363223807051,22.611846526710583,31.018282801285405,29.620568238700557,31.018282801285405,29.620568238700557,96,101,96,101,-1,4,-1,4,-1,4,-1,4,96,101,96,101,-0.037564085970136836,,,,,,,,,0,0,0,0,52,48,-52,-48,27.095907226749475,25.07570132675109,2.020205899998384,25.07570132675109,25.07570132675109,18.6,18.650000000000002,18.6,18.650000000000002,-0.000355776267804409,-0.00037966159928337016,,,,
1788485400,18.650000000000002,18.700000000000003,18.59,18.700000000000003,0,0,0,0,0,0,18.700000000000003,18.5,,,,,18.675000000000004,,,,,,,,86.63979066112898,13.360209338871009,0.7327958132225798,26.121165000286265,23.113177737221395,26.121165000286265,23.113177737221395,33.86932950911576,31.744948873908157,33.86932950911576,31.744948873908157,96,101,96,101,-1,4,-1,4,-1,4,-1,4,96,101,96,101,-0.006914207858758838,,,,,,,,,0,0,0,0,52,48,-52,-48,34.139856274493866,25.09991111032822,9.039945164165644,,,18.650000000000002,18.700000000000003,18.59,18.700000000000003,-0.0003345617870564993,-0.00036842038323989555,,,,
1788485400.001,18.7,18.75,18.7,18.75,0,0,0,0,0,0,18.700000000000003,18.5,,,,,18.725,,,,,,,,76.8138253408001,23.18617465919991,0.5362765068160018,27.50212074701906,23.74016959576392,27.50212074701906,23.74016959576392,37.39322320293546,34.56908603842181,37.39322320293546,34.56908603842181,96,101,96,101,-1,4,-1,4,-1,4,-1,4,96,101,96,101,0.021438459666513775,,,,,,,,,0,0,0,0,52,48,-52,-48,43.38406694513407,31.048908601194054,12.33515834394002,,,18.7,18.75,18.7,18.75,-0.00030791307256833106,-0.00035554060346981346,,,,
1788485400.002,18.75,18.8,18.75,18.8,0,0,0,0,0,0,18.700000000000003,18.5,,,,,18.775,,,,,,,,70.38909860430049,29.610901395699518,0.40778197208600964,29.109112122231984,24.50716138525936,29.109112122231984,24.50716138525936,42.867660704556954,38.71837337148938,42.867660704556954,38.71837337148938,96,101,96,101,-1,4,-1,4,-1,4,-1,4,96,101,96,101,0.049196782403913855,,,,,0.049196782403913855,,0.049196782403913855,,0,0,0,0,52,48,-52,-48,50.868579876669344,38.87210258076169,11.996477295907653,,,18.75,18.8,18.75,18.8,-0.00027703088793923407,-0.0003384547597111646,,,,
1788485400.003,18.8,18.85,18.8,18.85,0,0,0,0,0,0,18.700000000000003,18.5,,,,,18.825000000000003,,,,,,,,63.326185928508096,36.673814071491904,0.2665237185701619,30.925993723890745,25.42413743363527,30.925993723890745,25.42413743363527,49.490961922587275,44.104667647038326,49.490961922587275,44.104667647038326,96,101,96,101,-1,4,-1,4,-1,4,-1,4,96,101,96,101,0.04072067453748031,,,,,,,,,0,0,0,0,52,48,-52,-48,56.34768570708087,46.18504720084454,10.162638506236334,,,18.8,18.85,18.8,18.85,-0.00024884493672808325,-0.00031599926330582974,,,,
1788486120,18.8,18.8,18.75,18.75,0,0,0,0,0,0,18.700000000000003,18.5,,,,,18.775,,,,,,,,70.38909860430049,29.610901395699518,0.4077819720860096,31.963747418937505,26.35836743153559,31.963747418937505,26.35836743153559,54.80177688602715,49.453222266532734,54.80177688602715,49.453222266532734,96,101,96,101,-1,4,-1,4,-1,4,-1,4,96,101,96,101,0.00013108744997010827,,,,,,,,,0,0,0,0,52,48,-52,-48,52.438329492524716,50.75966550535225,1.6786639871724631,,,18.8,18.8,18.75,18.75,-0.0002383890545305779,-0.0002937526677711893,,,,
1788486840,18.8,18.85,18.8,18.85,0,0,0,0,0,0,18.700000000000003,18.5,,,,,18.825000000000003,,,,,,,,63.32618592850827,36.67381407149172,0.26652371857016555,33.576726499403016,27.38956158408808,33.576726499403016,27.38956158408808,60.782475426118516,55.11784884632563,60.782475426118516,55.11784884632563,96,101,96,101,-1,4,-1,4,-1,4,-1,4,96,101,96,101,0.0027708495119965586,,,,,,,,,0,0,0,0,52,48,-52,-48,54.63541055284108,53.572501407279,1.062909145562081,,,18.8,18.85,18.8,18.85,-0.0002145954893655594,-0.0002702225380313811,,,,
1788486840.001,18.85,18.900000000000002,18.85,18.900000000000002,0,0,0,0,0,0,18.700000000000003,18.5,,,,,18.875,,,,,,,,55.82998306877713,44.170016931222875,0.11659966137554259,35.399168113082034,28.53379108823007,35.399168113082034,28.53379108823007,65.94541849711258,60.531633671719106,65.94541849711258,60.531633671719106,96,101,96,101,-1,4,-1,4,-1,4,-1,4,96,101,96,101,0.03552297463538846,,,,,,,,,0,0,0,0,52,48,-52,-48,57.9071554411764,55.33214529840576,2.575010142770637,,,18.85,18.900000000000002,18.85,18.900000000000002,-0.00018583542737827903,-0.00024543481141834435,,,,
1788487320,18.85,18.85,18.8,18.8,0,0,0,0,0,0,18.700000000000003,18.5,,,,,18.825000000000003,,,,,,,,63.32618592850865,36.67381407149135,0.26652371857017293,36.44208467643332,29.66354731511625,36.44208467643332,29.66354731511625,69.052116953569,64.79187531264405,69.052116953569,64.79187531264405,96,101,96,101,-1,4,-1,4,-1,4,-1,4,96,101,96,101,0.030208750177380103,,,,,,,,,0,0,0,0,52,48,-52,-48,52.22649237638257,54.30184696573119,-2.0753545893486134,54.30184696573119,54.30184696573119,18.85,18.85,18.8,18.8,-0.0001705679265987873,-0.00022254395375675376,,,,
1788488040,18.8,18.8,18.75,18.75,0,0,0,0,0,0,18.700000000000003,18.5,,,,,18.775,,,,,,,,70.3890986042989,29.610901395701106,0.4077819720859779,37.085831874869896,30.723873680795343,37.085831874869896,30.723873680795343,70.61610024591624,67.70398777928014,70.61610024591624,67.70398777928014,96,101,96,101,-1,4,-1,4,-1,4,-1,4,96,101,96,101,-0.0006861688699519117,,,,,,,,,0,0,0,0,52,48,-52,-48,40.11076508497443,51.219955863843616,-11.109190778869184,,,18.8,18.8,18.75,18.75,-0.00016169295614395973,-0.00020332096512420806,,,,
1788488040.001,18.75,18.75,18.7,18.7,0,0,0,0,0,0,18.700000000000003,18.5,,,,,18.725,,,,,,,,76.81382534079977,23.186174659200226,0.5362765068159955,37.35892180588568,31.67173769866539,37.35892180588568,31.67173769866539,70.85775625474133,69.28087201701074,70.85775625474133,69.28087201701074,96,101,96,101,-1,4,-1,4,-1,4,-1,4,96,101,96,101,-0.02671166648355569,,,,,,,,,0,0,0,0,52,48,-52,-48,23.660552881415942,43.47624144598733,-19.815688564571385,,,18.75,18.75,18.7,18.7,-0.00016133934591535193,-0.0001887366999887528,,,,
1788488280,18.7,18.7,18.65,18.65,0,0,0,0,0,0,18.700000000000003,18.5,,,,,18.674999999999997,,,,,,,,82.45774753223147,17.542252467768538,0.6491549506446292,37.28782998858214,32.474036597224924,37.28782998858214,32.474036597224924,69.96598887769038,69.62343044735056,69.96598887769038,69.62343044735056,96,101,96,101,-1,4,-1,4,-1,4,-1,4,96,101,96,101,-0.0381295023482941,,,,,,,,,0,0,0,0,52,48,-52,-48,7.59257570554816,30.897596512080266,-23.305020806532106,,,18.7,18.7,18.65,18.65,-0.00017360207666265718,-0.00017793887034409938,,,,
1788489720,18.650000000000002,18.650000000000002,18.6,18.6,0,0,0,0,0,0,18.85,18.6,,,,,18.625,,,,,,,,87.24540149935237,12.75459850064763,0.7449080299870474,36.89714083355356,33.10590863098616,36.89714083355356,33.10590863098616,68.1027157413171,68.86307309433383,68.1027157413171,68.86307309433383,96,101,96,101,-1,4,-1,4,-1,4,-1,4,96,101,96,101,-0.041238910431668066,,,,,,,,,0,0,0,0,52,48,-52,-48,-6.433860549694645,16.232508280560964,-22.666368830255607,,,18.650000000000002,18.650000000000002,18.6,18.6,-0.00019427806133734085,-0.00017455263233939628,,,,
1788491400,18.6,18.6,18.55,18.55,0,0,0,0,0,0,18.85,18.6,,,,,18.575000000000003,,,,,,,,91.16284931225209,8.837150687747908,0.8232569862450418,36.20968272206597,33.549304929711845,36.20968272206597,33.549304929711845,65.40672338266738,67.1348982385006,65.40672338266738,67.1348982385006,96,101,96,101,-1,4,-1,4,-1,4,-1,4,96,101,96,101,-0.05468610514667906,-0.05468610514667906,,-0.05468610514667906,,,,,,0,0,0,0,52,48,-52,-48,-18.09016260123996,1.6822763590073748,-19.772438960247335,,,18.6,18.6,18.55,18.55,-0.00022337879629235138,-0.00018080986049174165,,,,
1788498720,18.6,18.650000000000002,18.6,18.650000000000002,0,0,0,0,0,0,18.85,18.6,,,,,18.625,,,,,,,,87.24540149935201,12.754598500647985,0.7449080299870403,36.22067941074958,33.930929855574384,36.22067941074958,33.930929855574384,64.41455410822041,65.7747261733605,64.41455410822041,65.7747261733605,96,101,96,101,-1,4,-1,4,-1,4,-1,4,96,101,96,101,-0.027037510076128184,,,,,,,,,0,0,0,0,52,48,-52,-48,-19.192729663212354,-9.031044277149697,-10.161685386062658,,,18.6,18.650000000000002,18.6,18.650000000000002,-0.0002333920175553119,-0.00019128054231782907,,,,
1788501600,18.6,18.69,18.55,18.55,0,0,0,0,0,0,18.85,18.6,,,,,18.575000000000003,,,,,,,,89.47564851038081,10.5243514896192,0.789512970207616,35.58153997231942,34.16673130082368,35.58153997231942,34.16673130082368,62.64104637847464,64.20788627591757,62.64104637847464,64.20788627591757,96,101,96,101,-1,4,-1,4,-1,4,-1,4,96,101,96,101,0.004012053000867227,,,,,0.004012053000867227,,0.004012053000867227,,0,0,0,0,52,48,-52,-48,-23.706673141349327,-16.855856488874068,-6.85081665247526,,,18.6,18.69,18.55,18.55,-0.00025324922176908735,-0.00020653991992201676,,,,
1788503280,18.55,18.55,18.5,18.5,0,0,0,0,0,0,18.85,18.6,,,,,18.525,,,,,,,,94.24521464837383,5.754785351626168,0.8849042929674766,34.66337802624465,34.23768083302668,34.66337802624465,34.23768083302668,59.62639140132988,61.91713883862373,59.62639140132988,61.91713883862373,96,101,96,101,-1,4,-1,4,-1,4,-1,4,96,101,96,101,-0.006436179583720936,,,,,,,,,0,0,0,0,52,48,-52,-48,-32.58154026142659,-23.392776416807052,-9.188763844619537,,,18.55,18.55,18.5,18.5,-0.0002767170424188798,-0.00022576953600593808,,,,
1788503520,18.5,18.5,18.45,18.45,0,0,0,0,0,0,18.85,18.6,,,,,18.475,,,,,,,,96.56154135617881,3.438458643821196,0.9312308271235761,33.48612375164275,34.13031553568612,33.48612375164275,34.13031553568612,55.15595453447318,58.536546686548455,55.15595453447318,58.536546686548455,96,101,96,101,-1,4,-1,4,-1,4,-1,4,96,101,96,101,-0.014204658666094102,,,,,,,,,0,0,0,0,52,48,-52,-48,-39.94522916010648,-28.856543056523684,-11.088686103582795,,,18.5,18.5,18.45,18.45,-0.00030495652648818074,-0.000247661944310192,,,,
1788504240,18.45,18.45,18.4,18.4,0,0,0,0,0,0,18.85,18.6,,,,,18.424999999999997,,,,,,,,98.04121301677866,1.9587869832213334,0.9608242603355733,32.06828374340852,33.835739565360754,32.06828374340852,33.835739565360754,49.094714276301694,53.815630481425075,49.094714276301694,53.815630481425075,96,101,96,101,-1,4,-1,4,-1,4,-1,4,96,101,96,101,-0.02792844725215156,,,,,,,,,0,0,0,0,52,48,-52,-48,-46.27818685230117,-35.62790735379589,-10.650279498505277,,,18.45,18.45,18.4,18.4,-0.00033532341077418713,-0.00027116950254966636,,,,
1788744840,18.400000000000002,18.48,18.35,18.35,0,0,0,0,0,0,18.85,18.6,,,,,18.375,,,,,,,,99.01367790702056,0.9863220929794358,0.9802735581404113,30.42704269680143,33.34878286985228,30.42704269680143,33.34878286985228,43.01624860046642,48.41593954094574,43.01624860046642,48.41593954094574,96,101,96,101,-1,4,-1,4,-1,4,-1,4,96,101,96,101,-0.06234625716221111,,,,,,,,,0,0,0,0,52,48,-52,-48,-49.99292561666277,-42.19947047262425,-7.793455144038518,,,18.400000000000002,18.48,18.35,18.35,-0.0003670807527798615,-0.0002951198286309181,,,,
1788745800,18.400000000000002,18.450000000000003,18.400000000000002,18.450000000000003,0,0,0,0,0,0,18.85,18.6,,,,,18.425000000000004,,,,,,,,97.93527509679022,2.0647249032097803,0.9587055019358044,29.614226721859847,32.8152748487105,29.614226721859847,32.8152748487105,38.94899230689334,43.68246592391954,38.94899230689334,43.68246592391954,96,101,96,101,-1,4,-1,4,-1,4,-1,4,96,101,96,101,-0.06357882469224983,,,,,,,,,0,0,0,0,52,48,-52,-48,-48.44218858664387,-46.16463255392857,-2.277556032715303,,,18.400000000000002,18.450000000000003,18.400000000000002,18.450000000000003,-0.0003832245206701391,-0.00032009191248338925,,,,
1788745800.001,18.45,18.5,18.45,18.5,0,0,0,0,0,0,18.85,18.6,,,,,18.475,,,,,,,,95.96540752188241,4.0345924781175935,0.9193081504376481,29.284639098869857,32.31089831301898,29.284639098869857,32.31089831301898,36.76147392538906,40.2219699246543,36.76147392538906,40.2219699246543,96,101,96,101,-1,4,-1,4,-1,4,-1,4,96,101,96,101,-0.03436369808066117,,,,,,,,,0,0,0,0,52,48,-52,-48,-41.21156555478919,-46.481216652599244,5.269651097810055,-46.481216652599244,-46.481216652599244,18.45,18.5,18.45,18.5,-0.0003835940827433415,-0.0003418160559790983,,,,
1788746280,18.45,18.45,18.4,18.4,0,0,0,0,0,0,18.85,18.6,,,,,18.424999999999997,,,,,,,,97.8980220058946,2.1019779941053973,0.957960440117892,28.320698712108463,31.740869798603192,28.320698712108463,31.740869798603192,33.32801661137245,36.774993268013375,33.32801661137245,36.774993268013375,96,101,96,101,-1,4,-1,4,-1,4,-1,4,96,101,96,101,-0.02327876875759443,,,,,,,,,0,0,0,0,52,48,-52,-48,-42.980812728181796,-45.656873121569404,2.6760603933876084,,,18.45,18.45,18.4,18.4,-0.00039078019360602045,-0.0003608265811769551,,,,
1788749880,18.400000000000002,18.400000000000002,18.35,18.35,0,0,0,0,0,0,18.85,18.6,,,,,18.375,,,,,,,,98.94509063746375,1.0549093625362438,0.9789018127492751,27.049671360491704,31.070698593158692,27.049671360491704,31.070698593158692,29.086351900656986,32.930672584335184,29.086351900656986,32.930672584335184,96,101,96,101,-1,4,-1,4,-1,4,-1,4,96,101,96,101,-0.02645866289244083,,,,,,,,,0,0,0,0,52,48,-52,-48,-47.983897713716715,-45.15461614583289,-2.8292815678838252,-45.15461614583289,-45.15461614583289,18.400000000000002,18.400000000000002,18.35,18.35,-0.0004052300769082246,-0.0003775388395802957,,,,