time,open,high,low,close,买入形状,卖出形状,Q-买入形状,Q-卖出形状,多头突破形状,空头突破形状,多头反转形状,空头反转形状,快速 MA,慢速 MA,支撑,阻力,red_green (开盘价),red_green (最高价,red_green (最低价),red_green (关闭),cyan_magenta (开盘价),cyan_magenta (最高价,cyan_magenta (最低价),cyan_magenta (关闭),yellow (开盘价),yellow (最高价,yellow (最低价),yellow (关闭),blue (开盘价),blue (最高价,blue (最低价),blue (关闭),fuchsia (开盘价),fuchsia (最高价,fuchsia (最低价),fuchsia (关闭),white (开盘价),white (最高价,white (最低价),white (关闭)
1786683660,39.17,39.21,39.17,39.17,0,0,0,0,0,0,0,0,39.21713014022328,39.37512876188145,39.07,39.36,17.592954047088988,14.530527771139576,17.592954047088988,14.530527771139576,31.463283198913313,31.0501333146952,31.463283198913313,31.0501333146952,96,101,96,101,-1,4,-1,4,-1,4,-1,4,96,101,96,101
1786683720,39.160000000000004,39.160000000000004,39.120000000000005,39.120000000000005,0,0,0,0,0,0,0,0,39.20189435715238,39.37272283721928,39.07,39.36,17.1480027839853,14.90445277297468,17.1480027839853,14.90445277297468,29.213426415395162,30.131779865045182,29.213426415395162,30.131779865045182,96,101,96,101,-1,4,-1,4,-1,4,-1,4,96,101,96,101
1786683840,39.1,39.1,39.06,39.06,0,0,0,0,0,0,0,0,39.17851962554892,39.369743837180614,39.06,39.36,15.923145442272064,15.04998029716002,15.923145442272064,15.04998029716002,25.571641246418388,27.851710555731785,25.571641246418388,27.851710555731785,96,101,96,101,-1,4,-1,4,-1,4,-1,4,96,101,96,101
1786683900,39.03,39.07,39.03,39.07,0,0,0,0,0,0,0,0,39.15636454211578,39.366628641454106,39.03,39.36,15.381016005919289,15.09727111269706,15.381016005919289,15.09727111269706,22.66389125469405,25.257800905212918,22.66389125469405,25.257800905212918,96,101,96,101,-1,4,-1,4,-1,4,-1,4,96,101,96,101
1786683960,39.08,39.09,39.050000000000004,39.09,0,0,0,0,0,0,0,0,39.141874019306854,39.36374344767513,39.03,39.36,15.175229148353663,15.108407974933717,15.175229148353663,15.108407974933717,21.087322072129925,23.17256148867142,21.087322072129925,23.17256148867142,96,101,96,101,-1,4,-1,4,-1,4,-1,4,96,101,96,101
1786684080,39.15,39.17,39.13,39.17,0,0,0,0,0,0,0,0,39.144563591554096,39.361682982192455,39.03,39.36,16.1746175425189,15.260723627445886,16.1746175425189,15.260723627445886,22.64627606182567,22.909418775248547,22.64627606182567,22.909418775248547,96,101,96,101,-1,4,-1,4,-1,4,-1,4,96,101,96,101
1786684140,39.230000000000004,39.230000000000004,39.190000000000005,39.190000000000005,0,0,0,0,0,0,0,0,39.155248999150324,39.36010736379585,39.03,39.36,17.400240099005714,15.566368837668719,17.400240099005714,15.566368837668719,26.027635120662634,24.46852694795559,26.027635120662634,24.46852694795559,96,101,96,101,-1,4,-1,4,-1,4,-1,4,96,101,96,101
1786684200,39.14,39.15,39.11,39.11,0,0,0,0,0,0,0,0,39.14944615081996,39.35775140329373,39.03,39.36,17.399601831064285,15.828259265296657,17.399601831064285,15.828259265296657,26.378665601260685,25.423596274608137,26.378665601260685,25.423596274608137,96,101,96,101,-1,4,-1,4,-1,4,-1,4,96,101,96,101
1786684320,39.1,39.13,39.09,39.09,0,0,0,0,0,0,0,0,39.14106200218603,39.35521988020955,39.03,39.36,17.088450147478984,16.008286534179845,17.088450147478984,16.008286534179845,25.640587831383645,25.532092052995893,25.640587831383645,25.532092052995893,96,101,96,101,-1,4,-1,4,-1,4,-1,4,96,101,96,101
1786684440,39.08,39.1,39.06,39.1,0,0,0,0,0,0,0,0,39.13117194118251,39.35254770893052,39.03,39.36,16.954803087255332,16.1435031846192,16.954803087255332,16.1435031846192,24.488469223437068,25.01028063821648,24.488469223437068,25.01028063821648,96,101,96,101,-1,4,-1,4,-1,4,-1,4,96,101,96,101
1786684740,39.14,39.14,39.1,39.1,0,0,0,0,0,0,0,0,39.1279285579372,39.35016746638727,39.03,39.36,16.830702245619086,16.241674479047756,16.830702245619086,16.241674479047756,24.713060200175452,24.861670419195967,24.713060200175452,24.861670419195967,96,101,96,101,-1,4,-1,4,-1,4,-1,4,96,101,96,101
1786684800,39.09,39.13,39.09,39.13,0,0,0,0,0,0,0,0,39.12588094134256,39.34784407534527,39.03,39.36,17.181304259130787,16.3759073047739,17.181304259130787,16.3759073047739,24.81898666508561,24.84032854214079,24.81898666508561,24.84032854214079,96,101,96,101,-1,4,-1,4,-1,4,-1,4,96,101,96,101
1786684800.001,39.14,39.17,39.13,39.17,0,0,0,0,0,0,0,0,39.131478345946945,39.34594181257235,39.03,39.36,18.12798128409971,16.62620358753473,18.12798128409971,16.62620358753473,26.727962596047643,25.784145569094214,26.727962596047643,25.784145569094214,96,101,96,101,-1,4,-1,4,-1,4,-1,4,96,101,96,101
1786684860,39.19,39.19,39.15,39.15,0,0,0,0,0,0,0,0,39.13727016183538,39.34412481277892,39.03,39.36,18.696479515359623,16.921957291509713,18.696479515359623,16.921957291509713,28.797128112629423,27.29063684086182,28.797128112629423,27.29063684086182,96,101,96,101,-1,4,-1,4,-1,4,-1,4,96,101,96,101
1786684920,39.12,39.15,39.11,39.15,0,0,0,0,0,0,0,0,39.13716043544107,39.3420605526186,39.03,39.36,19.224370730100976,17.25087349702275,19.224370730100976,17.25087349702275,29.271997256712762,28.28131704878729,29.271997256712762,28.28131704878729,96,101,96,101,-1,4,-1,4,-1,4,-1,4,96,101,96,101
1786685100,39.2,39.22,39.18,39.22,0,0,0,0,0,0,0,0,39.14979793202754,39.3407133497733,39.03,39.36,20.80151195124279,17.758107561911324,20.80151195124279,17.758107561911324,32.79591106852459,30.538614058655938,32.79591106852459,30.538614058655938,96,101,96,101,-1,4,-1,4,-1,4,-1,4,96,101,96,101
1786685160,39.230000000000004,39.24,39.2,39.2,0,0,0,0,0,0,0,0,39.16134982317405,39.33944588692315,39.03,39.36,21.955441221806215,18.357726656182024,21.955441221806215,18.357726656182024,36.07614888124673,33.30738146995134,36.07614888124673,33.30738146995134,96,101,96,101,-1,4,-1,4,-1,4,-1,4,96,101,96,101
1786685280,39.18,39.22,39.18,39.22,0,0,0,0,0,0,0,0,39.169589249263616,39.338124700651946,39.03,39.36,23.337505979254797,19.069123702335276,23.337505979254797,19.069123702335276,38.45488085925046,35.8811311646009,38.45488085925046,35.8811311646009,96,101,96,101,-1,4,-1,4,-1,4,-1,4,96,101,96,101
1786685340,39.28,39.28,39.24,39.28,0,0,0,0,0,0,0,0,39.18723968879144,39.337413675438164,39.03,39.28,25.552528844090627,19.995324436871755,25.552528844090627,19.995324436871755,43.437516926976826,39.659324045788864,43.437516926976826,39.659324045788864,96,101,96,101,-1,4,-1,4,-1,4,-1,4,96,101,96,101
1786685460,39.29,39.29,39.25,39.25,0,0,0,0,0,0,0,0,39.20107489688997,39.336676557606275,39.03,39.29,27.143497280692827,21.016491985989052,27.143497280692827,21.016491985989052,47.44860758243028,43.553965814109574,47.44860758243028,43.553965814109574,96,101,96,101,-1,4,-1,4,-1,4,-1,4,96,101,96,101
1786685460.001,39.19,39.21,39.17,39.17,0,0,0,0,0,0,0,0,39.19784915806149,39.335150754379676,39.03,39.29,27.37858908983589,21.925363000824316,27.37858908983589,21.925363000824316,47.250321650741185,45.40214373242538,47.250321650741185,45.40214373242538,96,101,96,101,-1,4,-1,4,-1,4,-1,4,96,101,96,101
1786685580,39.160000000000004,39.2,39.160000000000004,39.2,0,0,0,0,0,0,0,0,39.19581597780788,39.33367330077059,39.03,39.29,28.062727136214097,22.802129305879998,28.062727136214097,22.802129305879998,47.166942367302156,46.28454304986377,47.166942367302156,46.28454304986377,96,101,96,101,-1,4,-1,4,-1,4,-1,4,96,101,96,101
1786685640,39.21,39.23,39.19,39.23,0,0,0,0,0,0,0,0,39.19960701214584,39.33250905565513,39.03,39.29,29.163836688596252,23.710944646268036,29.163836688596252,23.710944646268036,48.567335881930134,47.42593946589695,48.567335881930134,47.42593946589695,96,101,96,101,-1,4,-1,4,-1,4,-1,4,96,101,96,101
1786685700,39.24,39.25,39.21,39.25,0,0,0,0,0,0,0,0,39.206345131149625,39.33155540004331,39.050000000000004,39.29,30.49685456487662,24.680360348926406,30.49685456487662,24.680360348926406,50.720054132563575,49.07299679923027,50.720054132563575,49.07299679923027,96,101,96,101,-1,4,-1,4,-1,4,-1,4,96,101,96,101
1786685820,39.26,39.3,39.26,39.3,0,0,0,0,0,0,0,0,39.22094904669818,39.331108745979854,39.06,39.3,32.51105439409344,25.79903092680741,32.51105439409344,25.79903092680741,54.470003109296876,51.771499954263575,54.470003109296876,51.771499954263575,96,101,96,101,-1,4,-1,4,-1,4,-1,4,96,101,96,101
1786685880,39.31,39.31,39.27,39.27,0,0,0,0,0,0,0,0,39.23229164426821,39.33063336873959,39.06,39.31,33.915544297620954,26.958532836923634,33.915544297620954,26.958532836923634,57.770825175934185,54.77116256509888,57.770825175934185,54.77116256509888,96,101,96,101,-1,4,-1,4,-1,4,-1,4,96,101,96,101
1786685940,39.24,39.24,39.2,39.2,0,0,0,0,0,0,0,0,39.22884467864368,39.32946620420819,39.06,39.31,34.13275697201451,27.98342199907947,34.13275697201451,27.98342199907947,57.569798202749126,56.170480383924,57.569798202749126,56.170480383924,96,101,96,101,-1,4,-1,4,-1,4,-1,4,96,101,96,101
1786686120,39.19,39.21,39.17,39.21,0,0,0,0,0,0,0,0,39.2229941310115,39.32814481577494,39.06,39.31,34.489733958485516,28.91289513613748,34.489733958485516,28.91289513613748,56.618268589369386,56.3943744866467,56.618268589369386,56.3943744866467,96,101,96,101,-1,4,-1,4,-1,4,-1,4,96,101,96,101
1786686300,39.22,39.22,39.18,39.18,0,0,0,0,0,0,0,0,39.217601258706374,39.32680340798945,39.06,39.31,34.35537407946323,29.690392128041157,34.35537407946323,29.690392128041157,55.71609169132084,56.05523308898377,55.71609169132084,56.05523308898377,96,101,96,101,-1,4,-1,4,-1,4,-1,4,96,101,96,101
1786686420,39.17,39.19,39.15,39.19,0,0,0,0,0,0,0,0,39.21015860560824,39.32530951006584,39.09,39.31,34.38589083776238,30.361177658001335,34.38589083776238,30.361177658001335,54.16357642805842,55.109404758521094,54.16357642805842,55.109404758521094,96,101,96,101,-1,4,-1,4,-1,4,-1,4,96,101,96,101
1786686660,39.24,39.28,39.24,39.28,0,0,0,0,0,0,0,0,39.22043279852796,39.32472599918625,39.09,39.31,36.08257969818799,31.17852080659943,36.08257969818799,31.17852080659943,56.555792782491764,55.83259877050643,56.555792782491764,55.83259877050643,96,101,96,101,-1,4,-1,4,-1,4,-1,4,96,101,96,101
1786686780,39.300000000000004,39.300000000000004,39.260000000000005,39.260000000000005,0,0,0,0,0,0,0,0,39.23005107758348,39.32421462937677,39.11,39.31,37.61239543403179,32.09764575337548,37.61239543403179,32.09764575337548,59.12574446291548,57.47917161671096,59.12574446291548,57.47917161671096,96,101,96,101,-1,4,-1,4,-1,4,-1,4,96,101,96,101
1786686900,39.25,39.29,39.25,39.29,0,0,0,0,0,0,0,0,39.23852663923497,39.32374151531995,39.11,39.31,39.81301380528509,33.19984118936257,39.81301380528509,33.19984118936257,63.12818913147851,60.30368037409473,63.12818913147851,60.30368037409473,96,101,96,101,-1,4,-1,4,-1,4,-1,4,96,101,96,101
1786686960,39.31,39.35,39.31,39.35,0,0,0,0,0,0,0,0,39.25637028058619,39.32387012379106,39.11,39.35,43.89563403131455,34.72781159535571,43.89563403131455,34.72781159535571,67.6813049698388,63.99249267196677,67.6813049698388,63.99249267196677,96,101,96,101,-1,4,-1,4,-1,4,-1,4,96,101,96,101
1786687020,39.36,39.36,39.32,39.32,0,0,0,0,0,0,0,0,39.27036356290385,39.32396428508004,39.15,39.36,47.03728787756266,36.48630820709956,47.03728787756266,36.48630820709956,71.25930036375789,67.62589651786233,71.25930036375789,67.62589651786233,96,101,96,101,-1,4,-1,4,-1,4,-1,4,96,101,96,101
1786687080,39.31,39.34,39.300000000000004,39.300000000000004,0,0,0,0,0,0,0,0,39.27817624843649,39.32385850446564,39.15,39.36,49.52163744474984,38.34849809819246,49.52163744474984,38.34849809819246,73.20061243300471,70.41325447543352,73.20061243300471,70.41325447543352,96,101,96,101,-1,4,-1,4,-1,4,-1,4,96,101,96,101
1786687260,39.25,39.27,39.230000000000004,39.27,0,0,0,0,0,0,0,0,39.27426541538743,39.32318992896516,39.15,39.36,51.17918282207297,40.18145305874681,51.17918282207297,40.18145305874681,72.6135119555626,71.51338321549807,72.6135119555626,71.51338321549807,96,101,96,101,-1,4,-1,4,-1,4,-1,4,96,101,96,101
1786687380,39.31,39.31,39.27,39.27,0,0,0,0,0,0,0,0,39.27591412774123,39.32279334592404,39.15,39.36,52.71833210101587,41.97243577907096,52.71833210101587,41.97243577907096,73.11572914163433,72.31455617856619,73.11572914163433,72.31455617856619,96,101,96,101,-1,4,-1,4,-1,4,-1,4,96,101,96,101
1786687440,39.25,39.26,39.22,39.26,0,0,0,0,0,0,0,0,39.27059640754585,39.322035866528445,39.15,39.36,53.93109192929824,43.68081522910343,53.93109192929824,43.68081522910343,71.71824402616274,72.01640010236446,71.71824402616274,72.01640010236446,96,101,96,101,-1,4,-1,4,-1,4,-1,4,96,101,96,101
1786687560,39.29,39.31,39.27,39.31,0,0,0,0,0,0,0,0,39.27533645465873,39.32178343667908,39.15,39.36,56.13947713781163,45.460624073204606,56.13947713781163,45.460624073204606,72.8061139271872,72.41125701477583,72.8061139271872,72.41125701477583,96,101,96,101,-1,4,-1,4,-1,4,-1,4,96,101,96,101
1786688040,39.32,39.35,39.31,39.31,0,0,0,0,0,0,0,0,39.28406315987229,39.32179885853633,39.15,39.36,58.19012054571692,47.27912356927779,58.19012054571692,47.27912356927779,74.78619288997,73.59872495237292,74.78619288997,73.59872495237292,96,101,96,101,-1,4,-1,4,-1,4,-1,4,96,101,96,101
1786688280,39.29,39.33,39.29,39.33,0,0,0,0,0,0,0,0,39.28999107019854,39.321747791950564,39.15,39.36,60.52718985738647,49.17170446757903,60.52718985738647,49.17170446757903,76.19768914378382,74.89820704807838,76.19768914378382,74.89820704807838,96,101,96,101,-1,4,-1,4,-1,4,-1,4,96,101,96,101
1786688400,39.34,39.34,39.300000000000004,39.300000000000004,0,0,0,0,0,0,0,0,39.29423511804123,39.32166406599417,39.15,39.36,62.047974997443376,51.01117168613108,62.047974997443376,51.01117168613108,77.50278117086245,76.20049410947041,77.50278117086245,76.20049410947041,96,101,96,101,-1,4,-1,4,-1,4,-1,4,96,101,96,101
1786688580,39.27,39.31,39.27,39.31,0,0,0,0,0,0,0,0,39.29467721779131,39.3214153356526,39.15,39.36,63.6765828439464,52.820516137247544,63.6765828439464,52.820516137247544,77.22460608296166,76.71255009621603,77.22460608296166,76.71255009621603,96,101,96,101,-1,4,-1,4,-1,4,-1,4,96,101,96,101
1786688700,39.32,39.36,39.32,39.32,0,0,0,0,0,0,0,0,39.30170560243531,39.3215339226942,39.15,39.36,65.40531177500652,54.618344085498826,65.40531177500652,54.618344085498826,78.78511209227379,77.7488310942449,78.78511209227379,77.7488310942449,96,101,96,101,-1,4,-1,4,-1,4,-1,4,96,101,96,101
1786689120,39.300000000000004,39.31,39.27,39.31,0,0,0,0,0,0,0,0,39.30078943229556,39.32128648731084,39.15,39.36,66.7941098516836,56.3577391949538,66.7941098516836,56.3577391949538,78.38723893623495,78.06803501523993,78.38723893623495,78.06803501523993,96,101,96,101,-1,4,-1,4,-1,4,-1,4,96,101,96,101
1786689420,39.32,39.32,39.28,39.32,0,0,0,0,0,0,0,0,39.301858020363035,39.32114101645866,39.15,39.36,68.30015828219106,58.06379906455912,68.30015828219106,58.06379906455912,78.73191908820128,78.39997705172061,78.73191908820128,78.39997705172061,96,101,96,101,-1,4,-1,4,-1,4,-1,4,96,101,96,101
1786690200,39.33,39.36,39.32,39.36,0,0,0,0,0,0,0,0,39.310005046963695,39.321395003027895,39.15,39.36,70.56443269060598,59.8496038682801,70.56443269060598,59.8496038682801,80.97021636131562,79.68509670651812,80.97021636131562,79.68509670651812,96,101,96,101,-1,4,-1,4,-1,4,-1,4,96,101,96,101
1786690380,39.37,39.4,39.36,39.36,0,0,0,0,0,0,0,0,39.32151928084908,39.32191180233442,39.15,39.4,71.8947724405048,61.57034223574077,71.8947724405048,61.57034223574077,81.9744711668423,80.82978393668022,81.9744711668423,80.82978393668022,96,101,96,101,-1,4,-1,4,-1,4,-1,4,96,101,96,101
1786930200,39.04,39.07,39.03,39.03,0,0,0,0,0,0,0,0,39.2709400176644,39.319139877269734,39.03,39.4,66.75943155189731,62.31164070947741,66.75943155189731,62.31164070947741,70.6499328148223,75.73985837575125,70.6499328148223,75.73985837575125,96,101,96,101,-1,4,-1,4,-1,4,-1,4,96,101,96,101
1786930260,39.01,39.02,38.980000000000004,38.980000000000004,0,0,0,0,0,0,0,0,39.22046607505875,39.31589802111116,38.980000000000004,39.4,61.99090072676178,62.2658207119466,61.99090072676178,62.2658207119466,61.033275746038264,68.38656706089476,61.033275746038264,68.38656706089476,96,101,96,101,-1,4,-1,4,-1,4,-1,4,96,101,96,101
1786930260.001,38.81,38.85,38.81,38.85,0,0,0,0,0,0,0,0,39.15068436444201,39.311129549922654,38.81,39.4,58.04724074748945,61.66316643130987,58.04724074748945,61.66316643130987,52.89535015519989,60.64095860804733,52.89535015519989,60.64095860804733,96,101,96,101,-1,4,-1,4,-1,4,-1,4,96,101,96,101
1786930260.002,38.92,38.92,38.88,38.88,0,0,0,0,0,0,0,0,39.10389326787679,39.30697237363818,38.81,39.4,54.74846689264457,60.67535221150054,54.74846689264457,60.67535221150054,47.421196016805695,54.03107731242651,47.421196016805695,54.03107731242651,96,101,96,101,-1,4,-1,4,-1,4,-1,4,96,101,96,101
1786930320,38.84,38.84,38.800000000000004,38.84,0,0,0,0,0,0,0,0,39.05348843129313,39.30219321237478,38.800000000000004,39.4,51.314052590789004,59.33802369425604,51.314052590789004,59.33802369425604,41.40864420488116,47.71986075865384,41.40864420488116,47.71986075865384,96,101,96,101,-1,4,-1,4,-1,4,-1,4,96,101,96,101
1786930320.001,38.9,38.93,38.89,38.93,0,0,0,0,0,0,0,0,39.02861174681559,39.29835712734286,38.800000000000004,39.4,49.19638216763737,57.88921776188194,49.19638216763737,57.88921776188194,38.25502836608864,42.98744456237124,38.25502836608864,42.98744456237124,96,101,96,101,-1,4,-1,4,-1,4,-1,4,96,101,96,101
1786930380,39.06,39.06,39.02,39.06,0,0,0,0,0,0,0,0,39.03189445951579,39.295852744649565,38.800000000000004,39.4,48.77759296518708,56.58755707663982,48.77759296518708,56.58755707663982,38.790024313790376,40.8887344380808,38.790024313790376,40.8887344380808,96,101,96,101,-1,4,-1,4,-1,4,-1,4,96,101,96,101
1786930440,39.12,39.12,39.08,39.08,0,0,0,0,0,0,0,0,39.04306516384625,39.293837626129005,38.800000000000004,39.4,48.62681251529273,55.45030785359023,48.62681251529273,55.45030785359023,40.29621131658228,40.592472877331545,40.29621131658228,40.592472877331545,96,101,96,101,-1,4,-1,4,-1,4,-1,4,96,101,96,101
1786930500,39.06,39.1,39.06,39.1,0,0,0,0,0,0,0,0,39.0509927098136,39.29177622354729,38.800000000000004,39.4,48.72489733562896,54.489534922452904,48.72489733562896,54.489534922452904,41.30151446183247,40.94699366958201,41.30151446183247,40.94699366958201,96,101,96,101,-1,4,-1,4,-1,4,-1,4,96,101,96,101
1786930500.001,39.15,39.15,39.11,39.11,0,0,0,0,0,0,0,0,39.06414555045355,39.290100174888444,38.800000000000004,39.4,48.93502371641735,53.69603332159068,48.93502371641735,53.69603332159068,43.163202872046966,42.05509827081448,43.163202872046966,42.05509827081448,96,101,96,101,-1,4,-1,4,-1,4,-1,4,96,101,96,101
1786930560,39.07,39.11,39.07,39.11,0,0,0,0,0,0,0,0,39.07005848067412,39.28817546336385,38.800000000000004,39.4,49.130141070006566,53.043762999935815,49.130141070006566,53.043762999935815,43.997031033183106,43.026064651998794,43.997031033183106,43.026064651998794,96,101,96,101,-1,4,-1,4,-1,4,-1,4,96,101,96,101
1786930560.001,39.2,39.24,39.2,39.24,0,0,0,0,0,0,0,0,39.09853269630913,39.287563435536015,38.800000000000004,39.4,50.85894051738707,52.731645502428854,50.85894051738707,52.731645502428854,47.8069789808237,45.41652181641125,47.8069789808237,45.41652181641125,96,101,96,101,-1,4,-1,4,-1,4,-1,4,96,101,96,101
1786930620,39.32,39.32,39.28,39.28,0,0,0,0,0,0,0,0,39.133950993949895,39.2876208474544,38.800000000000004,39.4,52.940444766145156,52.761473968674046,52.940444766145156,52.761473968674046,52.786934364515545,49.101728090463396,52.786934364515545,49.101728090463396,96,101,96,101,-1,4,-1,4,-1,4,-1,4,96,101,96,101
1786930620.001,39.17,39.17,39.13,39.13,0,0,0,0,0,0,0,0,39.135656873837796,39.28618515079648,38.800000000000004,39.4,53.08755585427766,52.80805709518885,53.08755585427766,52.80805709518885,53.48403897910856,51.29288353478598,53.48403897910856,51.29288353478598,96,101,96,101,-1,4,-1,4,-1,4,-1,4,96,101,96,101
1786930680,39.1,39.14,39.1,39.14,0,0,0,0,0,0,0,0,39.13402229071578,39.28459790219817,38.800000000000004,39.4,53.343206626591154,52.884507028246325,53.343206626591154,52.884507028246325,53.5577476963788,52.42531561558239,53.5577476963788,52.42531561558239,96,101,96,101,-1,4,-1,4,-1,4,-1,4,96,101,96,101
1786930680.001,39.26,39.26,39.22,39.22,0,0,0,0,0,0,0,0,39.152078843918964,39.28408780698559,38.800000000000004,39.4,54.53297758183463,53.12000282161608,54.53297758183463,53.12000282161608,56.287593263562705,54.356454439572545,56.287593263562705,54.356454439572545,96,101,96,101,-1,4,-1,4,-1,4,-1,4,96,101,96,101
1786930740,39.2,39.21,39.17,39.17,0,0,0,0,0,0,0,0,39.15776147835794,39.283085274909446,38.800000000000004,39.4,55.042526802179786,53.39464910455376,55.042526802179786,53.39464910455376,57.38936565448241,55.872910047027474,57.38936565448241,55.872910047027474,96,101,96,101,-1,4,-1,4,-1,4,-1,4,96,101,96,101
1786930740.001,39.13,39.17,39.13,39.13,0,0,0,0,0,0,0,0,39.15513817926256,39.2816947083266,38.800000000000004,39.4,55.03948917345268,53.629626257253605,55.03948917345268,53.629626257253605,57.238503894318185,56.55570697067283,57.238503894318185,56.55570697067283,96,101,96,101,-1,4,-1,4,-1,4,-1,4,96,101,96,101
1786930800,39.04,39.08,39.04,39.08,0,0,0,0,0,0,0,0,39.13905244969967,39.27955512582252,38.800000000000004,39.4,54.44143042296792,53.74559828092708,54.44143042296792,53.74559828092708,55.34728905227269,55.951498011472765,55.34728905227269,55.951498011472765,96,101,96,101,-1,4,-1,4,-1,4,-1,4,96,101,96,101
1786930800.001,39.1,39.14,39.1,39.14,0,0,0,0,0,0,0,0,39.136800489148214,39.27803384762196,38.800000000000004,39.32,54.6003758689464,53.86770936492984,54.6003758689464,53.86770936492984,55.15481918766233,55.55315859956755,55.15481918766233,55.55315859956755,96,101,96,101,-1,4,-1,4,-1,4,-1,4,96,101,96,101
1786930860,39.21,39.21,39.17,39.17,0,0,0,0,0,0,0,0,39.14526100627278,39.27709155394745,38.800000000000004,39.32,55.10511092592644,54.044481016500775,55.10511092592644,54.044481016500775,56.46603549418692,56.00959704687723,56.46603549418692,56.00959704687723,96,101,96,101,-1,4,-1,4,-1,4,-1,4,96,101,96,101
1786930860.001,39.160000000000004,39.2,39.160000000000004,39.2,0,0,0,0,0,0,0,0,39.15278930816258,39.276191803825256,38.800000000000004,39.32,55.93093633597935,54.313974633569146,55.93093633597935,54.313974633569146,57.5423161378746,56.77595659237592,57.5423161378746,56.77595659237592,96,101,96,101,-1,4,-1,4,-1,4,-1,4,96,101,96,101
1786930920,39.28,39.28,39.24,39.24,0,0,0,0,0,0,0,0,39.17107004001181,39.275964356357676,38.800000000000004,39.32,57.17396469293323,54.722544642049726,57.17396469293323,54.722544642049726,60.179128118178234,58.47754235527708,60.179128118178234,58.47754235527708,96,101,96,101,-1,4,-1,4,-1,4,-1,4,96,101,96,101
1786930980,39.160000000000004,39.2,39.160000000000004,39.2,0,0,0,0,0,0,0,0,39.173905790312695,39.275075822131896,38.800000000000004,39.32,57.85201483391422,55.16961181231608,57.85201483391422,55.16961181231608,60.72496695843858,59.60125465685783,60.72496695843858,59.60125465685783,96,101,96,101,-1,4,-1,4,-1,4,-1,4,96,101,96,101
1786931040,39.22,39.25,39.21,39.25,0,0,0,0,0,0,0,0,39.18531685874069,39.2746936414805,38.89,39.32,59.07687091720606,55.72779168444322,59.07687091720606,55.72779168444322,62.430924059614114,61.01608935823597,62.430924059614114,61.01608935823597,96,101,96,101,-1,4,-1,4,-1,4,-1,4,96,101,96,101
1786931040.001,39.34,39.34,39.300000000000004,39.34,0,0,0,0,0,0,0,0,39.21101682381814,39.27521078600972,39.02,39.34,61.285665851691384,56.52177370833581,61.285665851691384,56.52177370833581,66.17888728919326,63.597488323714614,66.17888728919326,63.597488323714614,96,101,96,101,-1,4,-1,4,-1,4,-1,4,96,101,96,101
1786931100,39.37,39.37,39.33,39.33,0,0,0,0,0,0,0,0,39.23507437100272,39.2758886223015,39.04,39.37,63.21764210038008,57.4783263357707,63.21764210038008,57.4783263357707,69.72476053359432,66.66112442865446,69.72476053359432,66.66112442865446,96,101,96,101,-1,4,-1,4,-1,4,-1,4,96,101,96,101
1786931160,39.31,39.35,39.31,39.35,0,0,0,0,0,0,0,0,39.25354569748707,39.27649337896185,39.04,39.37,65.2497152836863,58.588524756901506,65.2497152836863,58.588524756901506,72.47836617165237,69.56974530015341,72.47836617165237,69.56974530015341,96,101,96,101,-1,4,-1,4,-1,4,-1,4,96,101,96,101
1786931160.001,39.410000000000004,39.45,39.410000000000004,39.45,1,0,0,0,0,0,0,0,39.286840419156086,39.27808714301862,39.04,39.45,67.7318784777087,59.89471814558825,67.7318784777087,59.89471814558825,76.05837979548228,72.81406254781785,76.05837979548228,72.81406254781785,96,101,96,101,-1,4,-1,4,-1,4,-1,4,96,101,96,101
1786931220,39.480000000000004,39.49,39.45,39.49,0,0,0,0,0,0,0,0,39.321354282339826,39.28006305867681,39.04,39.49,70.03674430072951,61.34357902489415,70.03674430072951,61.34357902489415,79.27157191579644,76.04281723180715,79.27157191579644,76.04281723180715,96,101,96,101,-1,4,-1,4,-1,4,-1,4,96,101,96,101
1786931280,39.550000000000004,39.550000000000004,39.510000000000005,39.510000000000005,0,0,0,0,0,0,0,1,39.35807774615683,39.28248365842464,39.04,39.550000000000004,71.79602446972503,62.83678551701284,71.79602446972503,62.83678551701284,81.77563307068279,78.90922515124497,81.77563307068279,78.90922515124497,96,101,96,101,-1,4,-1,4,-1,4,-1,4,96,101,96,101
1786931340,39.46,39.480000000000004,39.440000000000005,39.440000000000005,0,0,0,0,0,0,0,0,39.37539694382529,39.2841836551899,39.04,39.550000000000004,72.76297510283992,64.25481260070242,72.76297510283992,64.25481260070242,82.5124473939186,80.71083627258179,82.5124473939186,80.71083627258179,96,101,96,101,-1,4,-1,4,-1,4,-1,4,96,101,96,101
1786931460,39.39,39.43,39.39,39.43,0,0,0,0,0,0,0,0,39.382900529796444,39.28550189411007,39.04,39.550000000000004,73.5656197383513,65.58492790608084,73.5656197383513,65.58492790608084,82.42019300431113,81.56551463844646,82.42019300431113,81.56551463844646,96,101,96,101,-1,4,-1,4,-1,4,-1,4,96,101,96,101
1786931520,39.47,39.47,39.43,39.43,0,0,0,0,0,0,0,0,39.393888312257694,39.28707235619189,39.04,39.550000000000004,74.31093261418332,66.83150000723833,74.31093261418332,66.83150000723833,82.95064162274275,82.25807813059461,82.95064162274275,82.25807813059461,96,101,96,101,-1,4,-1,4,-1,4,-1,4,96,101,96,101
1786931520.001,39.36,39.39,39.35,39.39,0,0,0,0,0,0,0,0,39.39075710396842,39.287963841868255,39.04,39.550000000000004,74.62205647507494,67.9444366455007,74.62205647507494,67.9444366455007,82.07197853377937,82.16502833218699,82.07197853377937,82.16502833218699,96,101,96,101,-1,4,-1,4,-1,4,-1,4,96,101,96,101
1786931580,39.49,39.49,39.45,39.45,0,0,0,0,0,0,0,0,39.403952782034764,39.289708811932584,39.04,39.550000000000004,75.48238577447434,69.02128652106836,75.48238577447434,69.02128652106836,83.03312445752525,82.59907639485613,83.03312445752525,82.59907639485613,96,101,96,101,-1,4,-1,4,-1,4,-1,4,96,101,96,101
1786931580.001,39.44,39.48,39.44,39.48,0,0,0,0,0,0,0,0,39.41535530651329,39.29146958660655,39.04,39.550000000000004,76.56697726677372,70.09924234188341,76.56697726677372,70.09924234188341,83.81886858264058,83.20897248874834,83.81886858264058,83.20897248874834,96,101,96,101,-1,4,-1,4,-1,4,-1,4,96,101,96,101
1786931640,39.53,39.53,39.49,39.49,0,0,0,0,0,0,0,0,39.43135131138966,39.29357768358891,39.04,39.550000000000004,77.66933603343271,71.18068429781903,77.66933603343271,71.18068429781903,85.29236354702518,84.25066801788677,85.29236354702518,84.25066801788677,96,101,96,101,-1,4,-1,4,-1,4,-1,4,96,101,96,101
1786931700,39.36,39.4,39.36,39.4,0,0,0,0,0,0,0,0,39.423226830530936,39.294503942126994,39.1,39.550000000000004,77.83581203104461,72.13141683113697,77.83581203104461,72.13141683113697,83.80038087580506,84.0255244468459,83.80038087580506,84.0255244468459,96,101,96,101,-1,4,-1,4,-1,4,-1,4,96,101,96,101
1786931760,39.49,39.5,39.46,39.5,0,0,0,0,0,0,0,0,39.434761346191976,39.296416009037834,39.160000000000004,39.550000000000004,78.9427778383509,73.10446840359612,78.9427778383509,73.10446840359612,84.49736150540697,84.26144297612643,84.49736150540697,84.26144297612643,96,101,96,101,-1,4,-1,4,-1,4,-1,4,96,101,96,101
1786931820,39.56,39.58,39.54,39.58,0,0,1,0,0,0,0,0,39.45874413173283,39.299105070307775,39.160000000000004,39.58,80.44686513561156,74.15338222245546,80.44686513561156,74.15338222245546,86.39456383003136,85.3280034030789,86.39456383003136,85.3280034030789,96,101,96,101,-1,4,-1,4,-1,4,-1,4,96,101,96,101
1786931880,39.730000000000004,39.730000000000004,39.690000000000005,39.690000000000005,0,0,0,0,0,0,0,1,39.50321489566019,39.30312724207917,39.160000000000004,39.730000000000004,81.53629796386666,75.20808447122849,81.53629796386666,75.20808447122849,87.84130315866041,86.58465328086965,87.84130315866041,86.58465328086965,96,101,96,101,-1,4,-1,4,-1,4,-1,4,96,101,96,101
1786931940,39.67,39.71,39.67,39.71,0,0,0,0,0,0,0,0,39.538387944934094,39.307043057249196,39.160000000000004,39.730000000000004,82.70152399256126,76.27857583141888,82.70152399256126,76.27857583141888,88.8329182353735,87.70878575812156,88.8329182353735,87.70878575812156,96,101,96,101,-1,4,-1,4,-1,4,-1,4,96,101,96,101
1786931940.001,39.730000000000004,39.730000000000004,39.690000000000005,39.690000000000005,0,0,0,0,0,0,0,0,39.56837801555214,39.310986244075906,39.21,39.730000000000004,83.62990975960567,77.3287663925884,83.62990975960567,77.3287663925884,89.93132122038224,88.8200534892519,89.93132122038224,88.8200534892519,96,101,96,101,-1,4,-1,4,-1,4,-1,4,96,101,96,101
1786932000,39.62,39.63,39.59,39.59,0,0,0,0,0,0,0,0,39.57473352787599,39.313895170337176,39.300000000000004,39.730000000000004,83.72393310242953,78.24236163685143,83.72393310242953,78.24236163685143,88.7610082510108,88.79053087013135,88.7610082510108,88.79053087013135,96,101,96,101,-1,4,-1,4,-1,4,-1,4,96,101,96,101
1786932060,39.54,39.550000000000004,39.510000000000005,39.510000000000005,0,0,0,0,0,0,0,0,39.565388037959146,39.315979132158034,39.31,39.730000000000004,83.19680116807781,78.95013871274091,83.19680116807781,78.95013871274091,86.10156814889963,87.44604950951549,86.10156814889963,87.44604950951549,96,101,96,101,-1,4,-1,4,-1,4,-1,4,96,101,96,101
1786932120,39.49,39.53,39.49,39.53,0,0,0,0,0,0,0,0,39.55652960681506,39.317976023048665,39.31,39.730000000000004,82.86093134578039,79.5088233746037,82.86093134578039,79.5088233746037,83.61500872390155,85.53052911670852,83.61500872390155,85.53052911670852,96,101,96,101,-1,4,-1,4,-1,4,-1,4,96,101,96,101
1786932120.001,39.550000000000004,39.58,39.54,39.58,0,0,0,0,0,0,0,0,39.558372708606264,39.320450556816006,39.35,39.730000000000004,82.93307680264857,79.99800243575295,82.93307680264857,79.99800243575295,82.56027662876862,84.04540287273858,82.56027662876862,84.04540287273858,96,101,96,101,-1,4,-1,4,-1,4,-1,4,96,101,96,101
1786932240,39.63,39.63,39.59,39.59,0,0,0,0,0,0,0,0,39.56654736764755,39.3232653108112,39.35,39.730000000000004,83.07687392811224,80.43784122037572,83.07687392811224,80.43784122037572,82.48437789712256,83.26489038493057,82.48437789712256,83.26489038493057,96,101,96,101,-1,4,-1,4,-1,4,-1,4,96,101,96,101
1786932300,39.56,39.59,39.550000000000004,39.550000000000004,0,0,0,0,0,0,0,0,39.56596299777224,39.32565404735371,39.35,39.730000000000004,82.90318016827011,80.79003249864634,82.90318016827011,80.79003249864634,81.46694088904499,82.36591563698778,81.46694088904499,82.36591563698778,96,101,96,101,-1,4,-1,4,-1,4,-1,4,96,101,96,101
1786932360,39.49,39.5,39.46,39.46,0,0,0,0,0,0,0,0,39.54912124060153,39.32712349298534,39.35,39.730000000000004,82.05064886592821,80.97012055111519,82.05064886592821,80.97012055111519,78.81431372270112,80.59011467984445,78.81431372270112,80.59011467984445,96,101,96,101,-1,4,-1,4,-1,4,-1,4,96,101,96,101
1786932540,39.410000000000004,39.42,39.38,39.38,0,0,0,0,0,0,0,0,39.52079616655277,39.327782297366916,39.35,39.730000000000004,80.644573332494,80.92361380559787,80.644573332494,80.92361380559787,74.8843185946133,77.73721663722887,74.8843185946133,77.73721663722887,96,101,96,101,-1,4,-1,4,-1,4,-1,4,96,101,96,101
1786932660,39.36,39.4,39.36,39.4,0,0,0,0,0,0,0,0,39.4964089847553,39.3283682114893,39.35,39.730000000000004,79.49254159676282,80.71917491862143,79.49254159676282,80.71917491862143,70.62646809243493,74.18184236483191,70.62646809243493,74.18184236483191,96,101,96,101,-1,4,-1,4,-1,4,-1,4,96,101,96,101
1786932660.001,39.46,39.49,39.45,39.49,0,0,0,0,0,0,0,0,39.492819472375544,39.32984381800848,39.35,39.730000000000004,79.11404208178666,80.48987022764504,79.11404208178666,80.48987022764504,68.45677214940544,71.31930725711868,68.45677214940544,71.31930725711868,96,101,96,101,-1,4,-1,4,-1,4,-1,4,96,101,96,101
1786932720,39.5,39.52,39.480000000000004,39.52,0,0,0,0,0,0,0,0,39.49533714406484,39.33160324933841,39.36,39.730000000000004,78.99299299299544,80.2760306226951,78.99299299299544,80.2760306226951,67.39903778219711,69.3591725196579,67.39903778219711,69.3591725196579,96,101,96,101,-1,4,-1,4,-1,4,-1,4,96,101,96,101
1786932780,39.550000000000004,39.550000000000004,39.510000000000005,39.510000000000005,0,0,0,0,0,0,0,0,39.500427360295475,39.33351101136821,39.36,39.730000000000004,78.80378535217473,80.06570986976362,78.80378535217473,80.06570986976362,66.94353614413905,68.15135433189847,66.94353614413905,68.15135433189847,96,101,96,101,-1,4,-1,4,-1,4,-1,4,96,101,96,101
1786932780.001,39.5,39.5,39.46,39.46,0,0,0,0,0,0,0,0,39.495501173575086,39.33490227825344,39.36,39.730000000000004,78.2440679652682,79.80547531197855,78.2440679652682,79.80547531197855,65.29997333658021,66.72566383423934,65.29997333658021,66.72566383423934,96,101,96,101,-1,4,-1,4,-1,4,-1,4,96,101,96,101
1786932960,39.43,39.46,39.42,39.42,0,0,0,0,0,0,0,0,39.48419792989477,39.33588169173682,39.36,39.730000000000004,77.41711072965379,79.46428037164644,77.41711072965379,79.46428037164644,62.01536176102492,64.37051279763213,62.01536176102492,64.37051279763213,96,101,96,101,-1,4,-1,4,-1,4,-1,4,96,101,96,101
1786933080,39.39,39.41,39.37,39.41,0,0,0,0,0,0,0,0,39.46828315476239,39.33648651735802,39.36,39.730000000000004,76.57241695249719,79.05115702605369,76.57241695249719,79.05115702605369,56.41183832008113,60.39117555885663,56.41183832008113,60.39117555885663,96,101,96,101,-1,4,-1,4,-1,4,-1,4,96,101,96,101
1786933200,39.45,39.45,39.410000000000004,39.410000000000004,0,0,0,0,0,0,0,0,39.46011045995711,39.33735066478066,39.36,39.730000000000004,75.78805844513757,78.58500008592281,75.78805844513757,78.58500008592281,52.298582505647744,56.34487903225219,52.298582505647744,56.34487903225219,96,101,96,101,-1,4,-1,4,-1,4,-1,4,96,101,96,101
1786933320,39.38,39.38,39.34,39.34,0,0,0,0,0,0,0,0,39.4406964369346,39.337509696308544,39.34,39.730000000000004,74.52209113684432,78.00458452176875,74.52209113684432,78.00458452176875,46.39198228375246,51.368430658002325,46.39198228375246,51.368430658002325,96,101,96,101,-1,4,-1,4,-1,4,-1,4,96,101,96,101
1786933500,39.25,39.29,39.25,39.29,0,0,0,0,0,0,1,0,39.41087284234043,39.336904293028525,39.25,39.730000000000004,72.96252548728475,77.28429037398531,72.96252548728475,77.28429037398531,40.478841957502134,45.92363630775223,40.478841957502134,45.92363630775223,96,101,96,101,-1,4,-1,4,-1,4,-1,4,96,101,96,101
1786933620,39.300000000000004,39.300000000000004,39.260000000000005,39.260000000000005,0,0,0,0,0,0,0,0,39.3858656588846,39.336271746165885,39.25,39.730000000000004,71.28394263757856,76.42709784021292,71.28394263757856,76.42709784021292,35.46995977309737,40.6967980404248,35.46995977309737,40.6967980404248,96,101,96,101,-1,4,-1,4,-1,4,-1,4,96,101,96,101
1786933680,39.21,39.25,39.21,39.25,0,0,0,0,0,0,0,0,39.35873856939043,39.33528065084749,39.21,39.63,69.64845364733675,75.45872009837346,69.64845364733675,75.45872009837346,31.06216332199557,35.87948068121018,31.06216332199557,35.87948068121018,96,101,96,101,-1,4,-1,4,-1,4,-1,4,96,101,96,101
1786933800,39.300000000000004,39.33,39.29,39.33,0,0,0,0,0,0,0,0,39.35108913253157,39.33509543707454,39.21,39.63,68.41506069973784,74.45248304142551,68.41506069973784,74.45248304142551,29.536799330941285,32.70814000607574,29.536799330941285,32.70814000607574,96,101,96,101,-1,4,-1,4,-1,4,-1,4,96,101,96,101
1786933860,39.37,39.38,39.34,39.34,0,0,0,0,0,0,0,0,39.35149716904098,39.335276908679106,39.21,39.63,66.7475865451288,73.35178354195455,66.7475865451288,73.35178354195455,29.273300525422133,30.990720265748934,29.273300525422133,30.990720265748934,96,101,96,101,-1,4,-1,4,-1,4,-1,4,96,101,96,101
1786933920,39.31,39.33,39.29,39.29,0,0,0,0,0,0,0,0,39.34274010800323,39.334959062158255,39.21,39.63,64.5678935103318,72.09694210886559,64.5678935103318,72.09694210886559,27.618872977834307,29.30479662179162,27.618872977834307,29.30479662179162,96,101,96,101,-1,4,-1,4,-1,4,-1,4,96,101,96,101
1786934100,39.27,39.31,39.27,39.31,0,0,0,0,0,0,0,0,39.33436311866931,39.33457804329764,39.21,39.63,62.750932172637306,70.76179783226155,62.750932172637306,70.76179783226155,25.98101200297893,27.642904312385276,25.98101200297893,27.642904312385276,96,101,96,101,-1,4,-1,4,-1,4,-1,4,96,101,96,101
1786934100.001,39.34,39.37,39.33,39.37,0,0,0,0,0,0,0,0,39.33841830921428,39.334797830594844,39.21,39.59,61.68487180005758,69.46509411337527,61.68487180005758,69.46509411337527,26.280427870685234,26.961666091535257,26.280427870685234,26.961666091535257,96,101,96,101,-1,4,-1,4,-1,4,-1,4,96,101,96,101
1786934340,39.410000000000004,39.410000000000004,39.370000000000005,39.370000000000005,0,0,0,0,0,0,0,0,39.34658467723593,39.3352807709206,39.21,39.550000000000004,60.69495859694791,68.2122176110285,60.69495859694791,68.2122176110285,27.361245867180774,27.161455979358017,27.361245867180774,27.161455979358017,96,101,96,101,-1,4,-1,4,-1,4,-1,4,96,101,96,101
1786934400,39.36,39.39,39.35,39.35,0,0,0,0,0,0,0,0,39.34962988743546,39.33555990089485,39.21,39.550000000000004,59.5687141423005,66.97743140121023,59.5687141423005,66.97743140121023,27.573375578462578,27.3674157789103,27.573375578462578,27.3674157789103,96,101,96,101,-1,4,-1,4,-1,4,-1,4,96,101,96,101
1786934580,39.34,39.38,39.34,39.38,0,0,0,0,0,0,0,0,39.352727483659315,39.33586942095228,39.21,39.550000000000004,58.83347472633909,65.81400901908577,58.83347472633909,65.81400901908577,27.865091155165796,27.61625346703805,27.865091155165796,27.61625346703805,96,101,96,101,-1,4,-1,4,-1,4,-1,4,96,101,96,101
1786934760,39.39,39.4,39.36,39.36,0,0,0,0,0,0,0,0,39.35647400178186,39.33624219619985,39.21,39.550000000000004,57.94371307404363,64.6896810269369,57.94371307404363,64.6896810269369,28.389858352779488,28.003055909908767,28.389858352779488,28.003055909908767,96,101,96,101,-1,4,-1,4,-1,4,-1,4,96,101,96,101
1786934880,39.35,39.38,39.34,39.38,0,0,0,0,0,0,0,0,39.3583272135791,39.33654492724927,39.21,39.550000000000004,57.324545162957705,63.637518760654146,57.324545162957705,63.637518760654146,28.619878588096643,28.311467249002703,28.619878588096643,28.311467249002703,96,101,96,101,-1,4,-1,4,-1,4,-1,4,96,101,96,101
1786934940,39.42,39.45,39.410000000000004,39.45,0,0,0,0,0,0,0,0,39.37257075050412,39.33754116346238,39.21,39.550000000000004,57.47424121239448,62.7570505394742,57.47424121239448,62.7570505394742,30.740115712873983,29.525791480938345,30.740115712873983,29.525791480938345,96,101,96,101,-1,4,-1,4,-1,4,-1,4,96,101,96,101
1786935000,39.5,39.5,39.46,39.46,0,0,0,0,0,0,0,0,39.39089122010943,39.33889232933175,39.21,39.5,57.716764355608525,62.03700965606482,57.716764355608525,62.03700965606482,33.656362918727055,31.5910771998327,33.656362918727055,31.5910771998327,96,101,96,101,-1,4,-1,4,-1,4,-1,4,96,101,96,101
1786935180,39.43,39.47,39.43,39.47,0,0,0,0,0,0,0,0,39.402850392210745,39.34006421328533,39.21,39.5,58.045484085901464,61.46679171747006,58.045484085901464,61.46679171747006,35.551607776491274,33.57134248816199,35.551607776491274,33.57134248816199,96,101,96,101,-1,4,-1,4,-1,4,-1,4,96,101,96,101
1786935240,39.480000000000004,39.480000000000004,39.440000000000005,39.440000000000005,0,0,0,0,0,0,0,0,39.41202910877849,39.341191269206206,39.21,39.5,58.04016482924808,60.9772735905812,58.04016482924808,60.9772735905812,38.8401536043395,36.20574804625075,38.8401536043395,36.20574804625075,96,101,96,101,-1,4,-1,4,-1,4,-1,4,96,101,96,101
1786935360,39.43,39.47,39.43,39.47,0,0,0,0,0,0,0,0,39.42014502839452,39.34234027813616,39.21,39.5,58.0894501078845,60.56472737876738,58.0894501078845,60.56472737876738,41.590879960182114,38.89831400321643,41.590879960182114,38.89831400321643,96,101,96,101,-1,4,-1,4,-1,4,-1,4,96,101,96,101
1786935480,39.480000000000004,39.51,39.47,39.47,0,0,0,0,0,0,0,0,39.43163381111067,39.34374319410827,39.21,39.51,57.824915451055595,60.17332567480855,57.824915451055595,60.17332567480855,44.83299914954368,41.865656576380054,44.83299914954368,41.865656576380054,96,101,96,101,-1,4,-1,4,-1,4,-1,4,96,101,96,101
1786935720,39.46,39.5,39.46,39.5,0,0,0,0,0,0,0,0,39.44163978484813,39.34516531821333,39.21,39.51,57.9552159764814,59.85645286076181,57.9552159764814,59.85645286076181,47.74801287647961,44.806834726429834,47.74801287647961,44.806834726429834,96,101,96,101,-1,4,-1,4,-1,4,-1,4,96,101,96,101
1786935780,39.51,39.51,39.47,39.47,0,0,0,0,0,0,0,0,39.44922043002725,39.34654012433393,39.21,39.51,57.700269471895574,59.548426662352355,57.700269471895574,59.548426662352355,50.31462328188032,47.56072900415508,50.31462328188032,47.56072900415508,96,101,96,101,-1,4,-1,4,-1,4,-1,4,96,101,96,101
1786935840,39.46,39.46,39.42,39.42,0,0,0,0,0,0,0,0,39.446331866992,39.34740373835382,39.21,39.51,56.836967015882955,59.161075284285296,56.836967015882955,59.161075284285296,51.62306055740135,49.59189478077822,51.62306055740135,49.59189478077822,96,101,96,101,-1,4,-1,4,-1,4,-1,4,96,101,96,101
1786935960,39.39,39.41,39.37,39.41,0,0,0,0,0,0,0,0,39.43730183056921,39.347893916744994,39.27,39.51,55.52443640485827,58.64155544436715,55.52443640485827,58.64155544436715,52.147497284495294,50.86969603263675,52.147497284495294,50.86969603263675,96,101,96,101,-1,4,-1,4,-1,4,-1,4,96,101,96,101
1786936140,39.42,39.42,39.38,39.38,0,0,0,0,0,0,0,0,39.429307558344505,39.348346050243386,39.27,39.51,53.89357006824753,57.9632718192072,53.89357006824753,57.9632718192072,52.51298086570177,51.691338449169265,52.51298086570177,51.691338449169265,96,101,96,101,-1,4,-1,4,-1,4,-1,4,96,101,96,101
1786936140.001,39.37,39.38,39.34,39.34,0,0,0,0,0,0,0,0,39.41549406288793,39.34839567495075,39.27,39.51,51.8297436348013,57.087053507149214,51.8297436348013,57.087053507149214,51.0615466243829,51.37644253677608,51.0615466243829,51.37644253677608,96,101,96,101,-1,4,-1,4,-1,4,-1,4,96,101,96,101
1786936200,39.300000000000004,39.34,39.300000000000004,39.34,0,0,0,0,0,0,0,0,39.39934362721134,39.3481794659131,39.27,39.51,49.913333375172655,56.06223634543828,49.913333375172655,56.06223634543828,48.55695593014346,49.96669923345977,48.55695593014346,49.96669923345977,96,101,96,101,-1,4,-1,4,-1,4,-1,4,96,101,96,101
1786936260,39.35,39.36,39.32,39.32,0,0,0,0,0,0,0,0,39.387341755597156,39.34803174320086,39.300000000000004,39.51,47.85908428793503,54.890357480080674,47.85908428793503,54.890357480080674,46.83033197373616,48.398515603597964,46.83033197373616,48.398515603597964,96,101,96,101,-1,4,-1,4,-1,4,-1,4,96,101,96,101
1786936440,39.28,39.31,39.27,39.31,0,0,0,0,0,0,1,0,39.37085537579161,39.34752064791196,39.27,39.51,45.814204640994625,53.59376421735409,45.814204640994625,53.59376421735409,43.753729927068164,46.07612276533307,43.753729927068164,46.07612276533307,96,101,96,101,-1,4,-1,4,-1,4,-1,4,96,101,96,101
1786936680,39.34,39.37,39.33,39.37,0,0,0,0,0,0,0,0,39.36827561049617,39.3476116530737,39.27,39.51,44.73956365015429,52.32887842203984,44.73956365015429,52.32887842203984,44.4555780327252,45.265850399029134,44.4555780327252,45.265850399029134,96,101,96,101,-1,4,-1,4,-1,4,-1,4,96,101,96,101
1786936920,39.42,39.42,39.38,39.38,0,0,0,0,0,0,0,0,39.37283156010293,39.34806659516583,39.27,39.51,43.87904536745098,51.12175941424143,43.87904536745098,51.12175941424143,46.961924028050255,46.1138872135397,46.961924028050255,46.1138872135397,96,101,96,101,-1,4,-1,4,-1,4,-1,4,96,101,96,101
1786937220,39.36,39.37,39.33,39.33,0,0,0,0,0,0,0,0,39.367468246144824,39.34801949803317,39.27,39.51,42.39317948955608,49.874819425000666,42.39317948955608,49.874819425000666,46.63403011928159,46.373958666410644,46.63403011928159,46.373958666410644,96,101,96,101,-1,4,-1,4,-1,4,-1,4,96,101,96,101
1786942800,39.300000000000004,39.34,39.300000000000004,39.34,0,0,0,0,0,0,0,0,39.360049777148795,39.347807032049424,39.27,39.51,41.15080952601638,48.628532296574335,41.15080952601638,48.628532296574335,45.400597245098766,45.887277955754705,45.400597245098766,45.887277955754705,96,101,96,101,-1,4,-1,4,-1,4,-1,4,96,101,96,101
1786942800.001,39.37,39.38,39.34,39.38,0,0,0,0,0,0,0,0,39.36125284797023,39.34799469010532,39.27,39.51,40.54663082360862,47.47397494329351,40.54663082360862,47.47397494329351,46.53384525770395,46.21056160672933,46.53384525770395,46.21056160672933,96,101,96,101,-1,4,-1,4,-1,4,-1,4,96,101,96,101
1786942920,39.39,39.410000000000004,39.370000000000005,39.370000000000005,0,0,0,0,0,0,0,0,39.36526748167261,39.348346318396146,39.27,39.51,39.848245105438814,46.384584966457126,39.848245105438814,46.384584966457126,48.07662926850843,47.14359543761888,48.07662926850843,47.14359543761888,96,101,96,101,-1,4,-1,4,-1,4,-1,4,96,101,96,101
1786943040,39.36,39.39,39.35,39.39,0,0,0,0,0,0,0,0,39.36734006076244,39.3486281129063,39.27,39.51,39.47446935614921,45.397425593556,39.47446935614921,45.397425593556,49.113301277769054,48.12844835769397,49.113301277769054,48.12844835769397,96,101,96,101,-1,4,-1,4,-1,4,-1,4,96,101,96,101
1786943460,39.4,39.44,39.4,39.44,0,0,0,0,0,0,0,0,39.37812671638139,39.34940461592879,39.27,39.51,39.81420506147914,44.59982266040216,39.81420506147914,44.59982266040216,52.287591571421125,50.20801996455755,52.287591571421125,50.20801996455755,96,101,96,101,-1,4,-1,4,-1,4,-1,4,96,101,96,101
1786943460.001,39.46,39.480000000000004,39.440000000000005,39.440000000000005,0,0,0,0,0,0,0,0,39.391800646736286,39.35043873251988,39.27,39.51,40.12967393071419,43.96122998473245,40.12967393071419,43.96122998473245,55.65126896598037,52.929644465268964,55.65126896598037,52.929644465268964,96,101,96,101,-1,4,-1,4,-1,4,-1,4,96,101,96,101
1786943520,39.42,39.43,39.39,39.39,0,0,0,0,0,0,0,0,39.39389749884484,39.350965046955835,39.27,39.51,39.735796122476344,43.35759657583872,39.735796122476344,43.35759657583872,55.677278161317126,54.30346131329304,55.677278161317126,54.30346131329304,96,101,96,101,-1,4,-1,4,-1,4,-1,4,96,101,96,101
1786943820,39.37,39.41,39.37,39.41,0,0,0,0,0,0,0,0,39.39440098390335,39.35141978944052,39.27,39.51,39.644777718123564,42.82719388187941,39.644777718123564,42.82719388187941,55.10433366208122,54.70389748768713,55.10433366208122,54.70389748768713,96,101,96,101,-1,4,-1,4,-1,4,-1,4,96,101,96,101
1786943820.001,39.43,39.43,39.39,39.43,0,0,0,0,0,0,0,0,39.39844928986032,39.352069012099484,39.27,39.51,39.83498590309272,42.3997355991956,39.83498590309272,42.3997355991956,56.27990504368891,55.49190126568802,56.27990504368891,55.49190126568802,96,101,96,101,-1,4,-1,4,-1,4,-1,4,96,101,96,101
1786944000,39.44,39.44,39.4,39.4,0,0,0,0,0,0,0,0,39.401155479582684,39.35267860733564,39.27,39.480000000000004,39.59951987704759,41.99970478174589,39.59951987704759,41.99970478174589,56.93039479935221,56.211148032520114,56.93039479935221,56.211148032520114,96,101,96,101,-1,4,-1,4,-1,4,-1,4,96,101,96,101
1786944300,39.39,39.4,39.36,39.36,0,0,0,0,0,0,0,0,39.39609690753735,39.35288412699731,39.27,39.480000000000004,38.83142230341229,41.547092999126804,38.83142230341229,41.547092999126804,54.987957447063884,55.599552739792,54.987957447063884,55.599552739792,96,101,96,101,-1,4,-1,4,-1,4,-1,4,96,101,96,101
1786944540,39.34,39.38,39.34,39.38,0,0,0,0,0,0,0,0,39.39074595465177,39.353021266695514,39.27,39.480000000000004,38.94890574432503,41.17592339129798,38.94890574432503,41.17592339129798,52.727773049864474,54.163662894828235,52.727773049864474,54.163662894828235,96,101,96,101,-1,4,-1,4,-1,4,-1,4,96,101,96,101
1786944660,39.39,39.42,39.38,39.42,0,0,0,0,0,0,0,0,39.39364062956357,39.35355505176985,39.27,39.480000000000004,39.73826961973038,40.970544281074034,39.73826961973038,40.970544281074034,53.290472137979414,53.72706751640382,53.290472137979414,53.72706751640382,96,101,96,101,-1,4,-1,4,-1,4,-1,4,96,101,96,101
1786944900,39.43,39.44,39.4,39.4,0,0,0,0,0,0,0,0,39.397221121158076,39.354149860541625,39.27,39.480000000000004,40.13111430675639,40.850625713314365,40.13111430675639,40.850625713314365,54.24897611826815,53.98802181733599,54.24897611826815,53.98802181733599,96,101,96,101,-1,4,-1,4,-1,4,-1,4,96,101,96,101
1786945020,39.39,39.43,39.39,39.43,0,0,0,0,0,0,0,0,39.40075667488691,39.354771918314015,39.27,39.480000000000004,41.0061027406275,40.87283671721624,41.0061027406275,40.87283671721624,55.070550958515646,54.52928638792582,55.070550958515646,54.52928638792582,96,101,96,101,-1,4,-1,4,-1,4,-1,4,96,101,96,101
1786945320,39.46,39.5,39.46,39.5,0,0,0,0,0,0,0,0,39.41637667339232,39.356084303869764,39.27,39.5,43.00906819112686,41.17801264206061,43.00906819112686,41.17801264206061,59.94142463110884,57.23535550951733,59.94142463110884,57.23535550951733,96,101,96,101,-1,4,-1,4,-1,4,-1,4,96,101,96,101
1786945440,39.51,39.51,39.47,39.47,0,0,0,0,0,0,0,0,39.428550611563416,39.35735046336691,39.300000000000004,39.51,44.824209936873366,41.698897969891,44.824209936873366,41.698897969891,64.23550682666463,60.73543116809098,64.23550682666463,60.73543116809098,96,101,96,101,-1,4,-1,4,-1,4,-1,4,96,101,96,101
1786945500,39.45,39.46,39.42,39.46,0,0,0,0,0,0,0,0,39.431844439764006,39.358239181807704,39.300000000000004,39.51,46.87458149600421,42.43828133076432,46.87458149600421,42.43828133076432,65.77329156571275,63.25436136690187,65.77329156571275,63.25436136690187,96,101,96,101,-1,4,-1,4,-1,4,-1,4,96,101,96,101
1786945680,39.49,39.52,39.480000000000004,39.52,0,0,0,0,0,0,0,0,39.445448481019035,39.359716072204314,39.300000000000004,39.52,50.03900214544927,43.52409859000503,50.03900214544927,43.52409859000503,69.86282134203974,66.5585913544708,69.86282134203974,66.5585913544708,96,101,96,101,-1,4,-1,4,-1,4,-1,4,96,101,96,101
1786945920,39.57,39.57,39.53,39.53,0,0,0,0,0,0,0,0,39.463245726894364,39.361543109628485,39.300000000000004,39.57,52.81399405569498,44.85122651367503,52.81399405569498,44.85122651367503,73.02527543603401,69.79193339525241,73.02527543603401,69.79193339525241,96,101,96,101,-1,4,-1,4,-1,4,-1,4,96,101,96,101
1786946040,39.51,39.53,39.49,39.53,0,0,0,0,0,0,0,0,39.472958625034785,39.363086627608965,39.34,39.57,55.39077225806599,46.356875905730874,55.39077225806599,46.356875905730874,74.40261704041009,72.09727521783125,74.40261704041009,72.09727521783125,96,101,96,101,-1,4,-1,4,-1,4,-1,4,96,101,96,101
1786946400,39.58,39.59,39.550000000000004,39.59,0,0,0,0,0,0,0,0,39.49181463260422,39.36521180212695,39.34,39.59,58.57714566820413,48.10262872894134,58.57714566820413,48.10262872894134,77.61295746320874,74.85511634052,77.61295746320874,74.85511634052,96,101,96,101,-1,4,-1,4,-1,4,-1,4,96,101,96,101
1786946520,39.61,39.64,39.6,39.6,0,0,0,0,0,0,0,0,39.513908941827694,39.36768067308423,39.34,39.64,60.87146915037561,49.92674878914624,60.87146915037561,49.92674878914624,79.65280523873486,77.25396078962743,79.65280523873486,77.25396078962743,96,101,96,101,-1,4,-1,4,-1,4,-1,4,96,101,96,101
1786946700,39.57,39.6,39.56,39.6,0,0,0,0,0,0,0,0,39.52713761907114,39.369859638194505,39.34,39.64,63.00191238382056,51.79462930267114,63.00191238382056,51.79462930267114,80.47460526254484,78.86428302608613,80.47460526254484,78.86428302608613,96,101,96,101,-1,4,-1,4,-1,4,-1,4,96,101,96,101
1786947000,39.61,39.63,39.59,39.63,0,0,0,0,0,0,0,0,39.543415627724876,39.37231542952259,39.34,39.64,65.47851997102278,53.74947082672138,65.47851997102278,53.74947082672138,82.41452651847506,80.63940477228059,82.41452651847506,80.63940477228059,96,101,96,101,-1,4,-1,4,-1,4,-1,4,96,101,96,101
1786947120,39.64,39.64,39.6,39.6,0,0,0,0,0,0,0,0,39.556127937835505,39.37471361762021,39.34,39.64,67.27988814585007,55.6823875865969,67.27988814585007,55.6823875865969,84.0000960891948,82.31975043073768,84.0000960891948,82.31975043073768,96,101,96,101,-1,4,-1,4,-1,4,-1,4,96,101,96,101
1786947360,39.59,39.62,39.58,39.62,0,0,0,0,0,0,0,0,39.56531679762299,39.37702160815798,39.34,39.64,69.28481307895375,57.62559122836216,69.28481307895375,57.62559122836216,84.97305533513997,83.64640288293883,84.97305533513997,83.64640288293883,96,101,96,101,-1,4,-1,4,-1,4,-1,4,96,101,96,101
1786947480,39.67,39.7,39.660000000000004,39.7,0,0,0,0,0,0,0,0,39.58738041017639,39.380102653516275,39.34,39.7,71.47875500188562,59.6046146245798,71.47875500188562,59.6046146245798,86.6546454367644,85.15052415985161,86.6546454367644,85.15052415985161,96,101,96,101,-1,4,-1,4,-1,4,-1,4,96,101,96,101
1786947600,39.71,39.72,39.68,39.68,0,0,0,0,0,0,0,0,39.60664457802311,39.383219376698534,39.34,39.72,72.95576269782937,61.511921492186886,72.95576269782937,61.511921492186886,87.73572783468705,86.44312599726933,87.73572783468705,86.44312599726933,96,101,96,101,-1,4,-1,4,-1,4,-1,4,96,101,96,101
1786947720,39.65,39.67,39.63,39.67,0,0,0,0,0,0,0,0,39.615739503231026,39.38594024525543,39.34,39.72,74.18721382165393,63.322677539253604,74.18721382165393,63.322677539253604,87.51951274719214,86.98131937223073,87.51951274719214,86.98131937223073,96,101,96,101,-1,4,-1,4,-1,4,-1,4,96,101,96,101
1786947960,39.68,39.69,39.65,39.69,0,0,0,0,0,0,0,0,39.626817169310236,39.38883304546848,39.34,39.72,75.61081619573746,65.0781259187513,75.61081619573746,65.0781259187513,87.94189527990619,87.46160732606846,87.94189527990619,87.46160732606846,96,101,96,101,-1,4,-1,4,-1,4,-1,4,96,101,96,101
1786948080,39.72,39.72,39.68,39.68,0,0,0,0,0,0,0,0,39.638911017314435,39.39186289907908,39.38,39.72,76.71798011826415,66.74096223296742,76.71798011826415,66.74096223296742,88.84815513787873,88.1548812319736,88.84815513787873,88.1548812319736,96,101,96,101,-1,4,-1,4,-1,4,-1,4,96,101,96,101
1786948260,39.61,39.64,39.6,39.64,0,0,0,0,0,0,0,0,39.63668477174211,39.394199254975476,39.39,39.72,77.11114026854689,68.2224162380502,77.11114026854689,68.2224162380502,87.24399692090277,87.69943907643818,87.24399692090277,87.69943907643818,96,101,96,101,-1,4,-1,4,-1,4,-1,4,96,101,96,101
1786948320,39.65,39.69,39.65,39.69,0,0,1,0,0,0,0,0,39.64395420718294,39.39700987598733,39.39,39.72,78.26986834460304,69.65776653898632,78.26986834460304,69.65776653898632,87.50165722471938,87.60054815057879,87.50165722471938,87.60054815057879,96,101,96,101,-1,4,-1,4,-1,4,-1,4,96,101,96,101
1786948680,39.7,39.71,39.67,39.71,0,0,0,0,0,0,0,0,39.653538290725436,39.39999153559608,39.42,39.72,79.6632904469727,71.0871270972701,79.6632904469727,71.0871270972701,88.5352550647972,88.06790160768799,88.5352550647972,88.06790160768799,96,101,96,101,-1,4,-1,4,-1,4,-1,4,96,101,96,101
1786948800,39.77,39.78,39.74,39.78,0,0,0,0,0,0,0,0,39.674107086351114,39.40364004436295,39.42,39.78,81.11591255790321,72.5198107345034,81.11591255790321,72.5198107345034,89.8484004451509,88.95815102641944,89.8484004451509,88.95815102641944,96,101,96,101,-1,4,-1,4,-1,4,-1,4,96,101,96,101
1786949220,39.82,39.85,39.81,39.85,0,0,0,0,0,0,0,0,39.703663373681216,39.407948766972936,39.42,39.85,82.46477594662441,73.94052005052069,82.46477594662441,73.94052005052069,90.90647209024131,89.93231155833038,90.90647209024131,89.93231155833038,96,101,96,101,-1,4,-1,4,-1,4,-1,4,96,101,96,101
1786949520,39.86,39.88,39.84,39.88,0,0,0,0,0,0,0,0,39.733300336042205,39.41251312418382,39.480000000000004,39.88,83.71729195043694,75.33720175050873,83.71729195043694,75.33720175050873,91.88808718846099,90.91019937339568,91.88808718846099,90.91019937339568,96,101,96,101,-1,4,-1,4,-1,4,-1,4,96,101,96,101
1786949760,39.95,39.96,39.92,39.96,0,0,0,0,0,0,0,0,39.772094214337564,39.417828084805535,39.49,39.96,84.88034252540572,76.70050757549402,84.88034252540572,76.70050757549402,92.81651712927997,91.86335825133783,92.81651712927997,91.86335825133783,96,101,96,101,-1,4,-1,4,-1,4,-1,4,96,101,96,101
1787016600,40.27,40.27,40.230000000000004,40.230000000000004,0,0,0,0,0,0,0,0,39.85777405415497,39.42604206737795,39.49,40.27,85.67460377359103,77.9825213180793,85.67460377359103,77.9825213180793,93.47406537348431,92.66871181241106,93.47406537348431,92.66871181241106,96,101,96,101,-1,4,-1,4,-1,4,-1,4,96,101,96,101
1787016600.001,40.09,40.13,40.09,40.13,0,0,0,0,0,0,0,0,39.90484543824801,39.432913953938034,39.550000000000004,40.27,85.69784636119167,79.0847106099525,85.69784636119167,79.0847106099525,92.01002838464555,92.3393700985283,92.01002838464555,92.3393700985283,96,101,96,101,-1,4,-1,4,-1,4,-1,4,96,101,96,101
1787016660,40.19,40.19,40.15,40.15,0,0,0,0,0,0,0,0,39.95184323735443,39.44018180845938,39.56,40.27,85.8622859068208,80.05293565236227,85.8622859068208,80.05293565236227,91.55391065842113,91.94664037847471,91.55391065842113,91.94664037847471,96,101,96,101,-1,4,-1,4,-1,4,-1,4,96,101,96,101
1787016660.001,39.99,40.01,39.97,40.01,0,0,0,0,0,0,0,0,39.95999295177484,39.44571897122761,39.56,40.27,85.01497977061929,80.76179909782755,85.01497977061929,80.76179909782755,88.58230744608142,90.26447391227806,88.58230744608142,90.26447391227806,96,101,96,101,-1,4,-1,4,-1,4,-1,4,96,101,96,101
1787016720,40.12,40.12,40.08,40.08,0,0,0,0,0,0,0,0,39.984236657512746,39.45216289522867,39.58,40.27,84.7281955012893,81.32842715546495,84.7281955012893,81.32842715546495,87.54059532244767,88.90253461736287,87.54059532244767,88.90253461736287,96,101,96,101,-1,4,-1,4,-1,4,-1,4,96,101,96,101
1787016780,40.06,40.06,40.02,40.02,0,0,0,0,0,0,0,0,39.99316332584376,39.45794568565757,39.58,40.27,84.03332439405436,81.714841046692,84.03332439405436,81.714841046692,85.72604023030074,87.31428742383181,85.72604023030074,87.31428742383181,96,101,96,101,-1,4,-1,4,-1,4,-1,4,96,101,96,101
1787016780.001,40,40.04,40,40.04,0,0,0,0,0,0,0,0,39.99925484235702,39.46360460089149,39.58,40.27,83.53094408019331,81.97428433719219,83.53094408019331,81.97428433719219,83.81654170622885,85.56541456503032,83.81654170622885,85.56541456503032,96,101,96,101,-1,4,-1,4,-1,4,-1,4,96,101,96,101
1787016780.002,40.160000000000004,40.160000000000004,40.120000000000005,40.120000000000005,0,0,0,0,0,0,0,0,40.023632749807255,39.47026856837848,39.6,40.27,83.63587664589382,82.2116546670067,83.63587664589382,82.2116546670067,83.95313964430005,84.75927710466519,83.95313964430005,84.75927710466519,96,101,96,101,-1,4,-1,4,-1,4,-1,4,96,101,96,101
1787016840,40.08,40.12,40.08,40.12,0,0,0,0,0,0,0,0,40.03872982559987,39.476600887764434,39.6,40.27,83.73331402832994,82.42903457576715,83.73331402832994,82.42903457576715,83.55074307173766,84.15501008820142,83.55074307173766,84.15501008820142,96,101,96,101,-1,4,-1,4,-1,4,-1,4,96,101,96,101
1787016900,40.36,40.36,40.32,40.32,0,0,0,0,0,0,0,0,40.09229409973323,39.48512558871537,39.6,40.36,84.63309697126051,82.7439006322662,84.63309697126051,82.7439006322662,85.53589527729487,84.84545268274815,85.53589527729487,84.84545268274815,96,101,96,101,-1,4,-1,4,-1,4,-1,4,96,101,96,101
1787016900.001,40.27,40.28,40.24,40.24,0,0,0,0,0,0,0,0,40.12157396038779,39.492769446870774,39.6,40.36,84.94436330817574,83.05825244311042,84.94436330817574,83.05825244311042,85.991253702727,85.41835319273757,85.991253702727,85.41835319273757,96,101,96,101,-1,4,-1,4,-1,4,-1,4,96,101,96,101
1787016960,40.1,40.14,40.1,40.14,0,0,0,0,0,0,0,0,40.122499906983954,39.49907688189362,39.6,40.36,84.57808834055375,83.2753718570309,84.57808834055375,83.2753718570309,84.4058770339484,84.91211511334299,84.4058770339484,84.91211511334299,96,101,96,101,-1,4,-1,4,-1,4,-1,4,96,101,96,101
1787017020,40.24,40.28,40.24,40.24,0,0,0,0,0,0,0,0,40.146287802683844,39.50658192121143,39.6,40.36,84.89328386537659,83.50650214393742,84.89328386537659,83.50650214393742,84.81542706805975,84.86377109070136,84.81542706805975,84.86377109070136,96,101,96,101,-1,4,-1,4,-1,4,-1,4,96,101,96,101
1787017080,40.2,40.2,40.160000000000004,40.160000000000004,0,0,0,0,0,0,0,0,40.15120517189284,39.5132162636206,39.65,40.36,84.66171902833464,83.67153312742275,84.66171902833464,83.67153312742275,83.96330530300034,84.41353819685085,83.96330530300034,84.41353819685085,96,101,96,101,-1,4,-1,4,-1,4,-1,4,96,101,96,101
1787017140,40.12,40.16,40.12,40.16,0,0,0,0,0,0,0,0,40.150379989124446,39.519519252705635,39.67,40.36,84.44669453679565,83.78227047161887,84.44669453679565,83.78227047161887,82.70746365872932,83.56050092779009,82.70746365872932,83.56050092779009,96,101,96,101,-1,4,-1,4,-1,4,-1,4,96,101,96,101
1787017140.001,40.21,40.22,40.18,40.18,0,0,0,0,0,0,0,0,40.158189688071516,39.52622387042332,39.74,40.36,84.37809053646096,83.86738762373918,84.37809053646096,83.86738762373918,82.25013639884034,82.90531866331521,82.25013639884034,82.90531866331521,96,101,96,101,-1,4,-1,4,-1,4,-1,4,96,101,96,101
1787017200,40.11,40.15,40.11,40.15,0,0,0,0,0,0,0,0,40.15427641145245,39.532297928097385,39.81,40.36,84.11779442343719,83.90316002369603,84.11779442343719,83.90316002369603,80.75011691329172,81.82771778830346,80.75011691329172,81.82771778830346,96,101,96,101,-1,4,-1,4,-1,4,-1,4,96,101,96,101
1787017260,40.18,40.2,40.160000000000004,40.2,0,0,0,0,0,0,0,0,40.16016554876413,39.538809059824445,39.84,40.36,84.17407056300303,83.94186152931131,84.17407056300303,83.94186152931131,80.42867163996438,81.12819471413391,80.42867163996438,81.12819471413391,96,101,96,101,-1,4,-1,4,-1,4,-1,4,96,101,96,101
1787017260.001,40.230000000000004,40.230000000000004,40.190000000000005,40.190000000000005,0,0,0,0,0,0,0,0,40.16801423686762,39.5454212416504,39.92,40.36,84.15894153357023,83.97287295849115,84.15894153357023,83.97287295849115,80.40406287088528,80.76612879250959,80.40406287088528,80.76612879250959,96,101,96,101,-1,4,-1,4,-1,4,-1,4,96,101,96,101
1787017260.002,40.18,40.18,40.14,40.14,0,0,0,0,0,0,0,0,40.16534498167957,39.55147011818456,39.97,40.36,83.8079659253772,83.94931481090343,83.8079659253772,83.94931481090343,79.4672187244952,80.1166737585024,79.4672187244952,80.1166737585024,96,101,96,101,-1,4,-1,4,-1,4,-1,4,96,101,96,101
1787017320,39.910000000000004,39.92,39.88,39.92,0,0,0,0,0,0,0,0,40.11831256076813,39.55500441219931,39.88,40.36,81.9995802191171,83.6707812977911,81.9995802191171,83.6707812977911,74.15871495066631,77.13769435458435,74.15871495066631,77.13769435458435,96,101,96,101,-1,4,-1,4,-1,4,-1,4,96,101,96,101
1787017380,39.93,39.96,39.92,39.96,0,0,0,0,0,0,0,0,40.087104216386045,39.558901549059684,39.88,40.36,80.4842040410009,83.21555597539249,80.4842040410009,83.21555597539249,70.06837221335316,73.60303328396876,70.06837221335316,73.60303328396876,96,101,96,101,-1,4,-1,4,-1,4,-1,4,96,101,96,101
1787017440,39.97,39.97,39.93,39.93,0,0,0,0,0,0,0,0,40.06096405583101,39.562726740943006,39.88,40.36,78.86698498485097,82.59433154817228,78.86698498485097,82.59433154817228,66.56236415279889,70.08269871838382,66.56236415279889,70.08269871838382,96,101,96,101,-1,4,-1,4,-1,4,-1,4,96,101,96,101
1787017500,39.9,39.9,39.86,39.86,0,0,0,0,0,0,0,0,40.02684937901325,39.565817353802615,39.86,40.36,76.87508549713752,81.77729639802445,76.87508549713752,81.77729639802445,62.241424912925446,66.16206181565464,62.241424912925446,66.16206181565464,96,101,96,101,-1,4,-1,4,-1,4,-1,4,96,101,96,101
1787017500.001,39.75,39.79,39.75,39.79,0,0,0,0,0,0,0,0,39.98136161313205,39.56791535691569,39.75,40.36,74.53526846582936,80.74272097913943,74.53526846582936,80.74272097913943,56.62046947423685,61.39126564494575,56.62046947423685,61.39126564494575,96,101,96,101,-1,4,-1,4,-1,4,-1,4,96,101,96,101
1787017560,39.86,39.86,39.82,39.82,0,0,0,0,0,0,0,0,39.95444738044137,39.57055633180542,39.75,40.36,72.57266525608523,79.57557016156025,72.57266525608523,79.57557016156025,52.96792120348117,57.17959342421346,52.96792120348117,57.17959342421346,96,101,96,101,-1,4,-1,4,-1,4,-1,4,96,101,96,101
1787017560.001,39.79,39.79,39.75,39.75,0,0,0,0,0,0,0,0,39.91969937187628,39.5724745109251,39.75,40.36,70.26005191146288,78.24478184011777,70.26005191146288,78.24478184011777,48.52137606914922,52.85048474668134,48.52137606914922,52.85048474668134,96,101,96,101,-1,4,-1,4,-1,4,-1,4,96,101,96,101
1787017620,39.660000000000004,39.7,39.660000000000004,39.7,0,0,0,0,0,0,0,0,39.877329789110895,39.57361075128073,39.660000000000004,40.36,67.76248517829116,76.74731088842826,67.76248517829116,76.74731088842826,42.273855544180336,47.56217014543084,42.273855544180336,47.56217014543084,96,101,96,101,-1,4,-1,4,-1,4,-1,4,96,101,96,101
1787017620.001,39.71,39.75,39.71,39.75,0,0,0,0,0,0,0,0,39.85175467593922,39.575233198199996,39.660000000000004,40.36,65.79345612493981,75.1824744936442,65.79345612493981,75.1824744936442,37.744937405215765,42.6535537753233,37.744937405215765,42.6535537753233,96,101,96,101,-1,4,-1,4,-1,4,-1,4,96,101,96,101
1787017680,39.76,39.76,39.72,39.72,0,0,0,0,0,0,0,0,39.830223522738144,39.576806333872966,39.660000000000004,40.28,63.75498797035725,73.54997641888892,63.75498797035725,73.54997641888892,33.90382389834808,38.27868883683569,33.90382389834808,38.27868883683569,96,101,96,101,-1,4,-1,4,-1,4,-1,4,96,101,96,101
1787017680.001,39.68,39.69,39.65,39.65,0,0,0,0,0,0,0,0,39.79987985193727,39.57766729904173,39.65,40.28,61.371928605527785,71.81025530269447,61.371928605527785,71.81025530269447,29.342110625143484,33.81039973098959,29.342110625143484,33.81039973098959,96,101,96,101,-1,4,-1,4,-1,4,-1,4,96,101,96,101
1787017740,39.58,39.59,39.550000000000004,39.550000000000004,0,0,0,0,0,0,0,0,39.75687139400928,39.577524672517264,39.550000000000004,40.28,58.45880765471278,69.90290563869708,58.45880765471278,69.90290563869708,25.39729411608411,29.60384692353685,25.39729411608411,29.60384692353685,96,101,96,101,-1,4,-1,4,-1,4,-1,4,96,101,96,101
1787017800,39.5,39.54,39.5,39.54,0,0,0,0,0,0,0,0,39.715015989037894,39.577018622707804,39.5,40.230000000000004,55.44935929453648,67.838113303817,55.44935929453648,67.838113303817,22.16778033870334,25.885813631120094,22.16778033870334,25.885813631120094,96,101,96,101,-1,4,-1,4,-1,4,-1,4,96,101,96,101
1787017800.001,39.57,39.61,39.57,39.57,0,0,0,0,0,0,0,0,39.6910736880007,39.57708145564935,39.5,40.230000000000004,52.814169418564425,65.69183560592377,52.814169418564425,65.69183560592377,20.296635639154292,23.091224635137195,20.296635639154292,23.091224635137195,96,101,96,101,-1,4,-1,4,-1,4,-1,4,96,101,96,101
1787017860,39.53,39.57,39.53,39.57,0,0,0,0,0,0,0,0,39.666636047758146,39.576878323420665,39.5,40.230000000000004,50.367207390876096,63.502603003774105,50.367207390876096,63.502603003774105,18.294126228909693,20.692675432023442,18.294126228909693,20.692675432023442,96,101,96,101,-1,4,-1,4,-1,4,-1,4,96,101,96,101
1787017920,39.58,39.62,39.58,39.62,0,0,0,0,0,0,0,0,39.655732523923334,39.577174724845996,39.5,40.230000000000004,48.28930655900498,61.329274940235656,48.28930655900498,61.329274940235656,17.40825437561029,19.050464903816867,17.40825437561029,19.050464903816867,96,101,96,101,-1,4,-1,4,-1,4,-1,4,96,101,96,101
1787017920.001,39.68,39.68,39.64,39.64,0,0,0,0,0,0,0,0,39.655296307452424,39.57793252194537,39.5,40.230000000000004,46.51180289901526,59.21249322006132,46.51180289901526,59.21249322006132,17.512723019626197,18.281593961721534,17.512723019626197,18.281593961721534,96,101,96,101,-1,4,-1,4,-1,4,-1,4,96,101,96,101
1787017980,39.6,39.62,39.58,39.62,0,0,0,0,0,0,0,0,39.646454554582284,39.57821843383314,39.5,40.230000000000004,44.70928810227706,57.14060677466357,44.70928810227706,57.14060677466357,16.804925378948653,17.543259670335093,16.804925378948653,17.543259670335093,96,101,96,101,-1,4,-1,4,-1,4,-1,4,96,101,96,101
1787018040,39.65,39.65,39.61,39.61,0,0,0,0,0,0,0,0,39.642250696173384,39.578667338305785,39.5,40.18,42.57096232873776,55.059228996674165,42.57096232873776,55.059228996674165,16.497245009198593,17.02025233976684,16.497245009198593,17.02025233976684,96,101,96,101,-1,4,-1,4,-1,4,-1,4,96,101,96,101
1787018100,39.58,39.62,39.58,39.62,0,0,0,0,0,0,0,0,39.63578087262671,39.578945938587985,39.5,39.97,40.59750278637305,52.99326810948829,40.59750278637305,52.99326810948829,15.868070473000776,16.44416140638381,15.868070473000776,16.44416140638381,96,101,96,101,-1,4,-1,4,-1,4,-1,4,96,101,96,101
1787018100.001,39.63,39.65,39.61,39.65,0,0,0,0,0,0,0,0,39.63594192608852,39.579520274190756,39.5,39.97,39.01131005861075,50.9958455307915,39.01131005861075,50.9958455307915,15.893562066558776,16.168861736471293,15.893562066558776,16.168861736471293,96,101,96,101,-1,4,-1,4,-1,4,-1,4,96,101,96,101
1787018220,39.660000000000004,39.660000000000004,39.620000000000005,39.620000000000005,0,0,0,0,0,0,0,0,39.63546763649667,39.58005572751556,39.5,39.97,37.22146565243095,49.028076976739996,37.22146565243095,49.028076976739996,15.882189412532155,16.025525574501724,15.882189412532155,16.025525574501724,96,101,96,101,-1,4,-1,4,-1,4,-1,4,96,101,96,101
1787018220.001,39.54,39.57,39.53,39.57,0,0,0,0,0,0,0,0,39.62114018743667,39.579823000541936,39.5,39.9,35.14418488323738,47.04466382052533,35.14418488323738,47.04466382052533,14.54353776888134,15.284531671691532,14.54353776888134,15.284531671691532,96,101,96,101,-1,4,-1,4,-1,4,-1,4,96,101,96,101
1787018280,39.63,39.63,39.59,39.59,0,0,0,0,0,0,0,0,39.6179025775997,39.58005693420155,39.5,39.86,33.381394268654006,45.092768170258,33.381394268654006,45.092768170258,14.407281457575975,14.845906564633754,14.407281457575975,14.845906564633754,96,101,96,101,-1,4,-1,4,-1,4,-1,4,96,101,96,101
1787018340,39.550000000000004,39.59,39.550000000000004,39.59,0,0,0,0,0,0,0,0,39.61040513924824,39.58002320019623,39.5,39.86,31.744517269398017,43.18587518442085,31.744517269398017,43.18587518442085,13.704409747519426,14.27515815607659,13.704409747519426,14.27515815607659,96,101,96,101,-1,4,-1,4,-1,4,-1,4,96,101,96,101
1787018340.001,39.660000000000004,39.67,39.63,39.67,0,0,0,0,0,0,0,0,39.61881632605159,39.58078582175315,39.5,39.79,30.88901188304568,41.42918042708153,30.88901188304568,41.42918042708153,14.677039856848216,14.476099006462402,14.677039856848216,14.476099006462402,96,101,96,101,-1,4,-1,4,-1,4,-1,4,96,101,96,101
1787018520,39.730000000000004,39.730000000000004,39.690000000000005,39.690000000000005,0,0,0,0,0,0,0,0,39.634183054648275,39.58200519997783,39.5,39.76,30.260726981100596,39.83368707765568,30.260726981100596,39.83368707765568,16.611631031897335,15.543865019179869,16.611631031897335,15.543865019179869,96,101,96,101,-1,4,-1,4,-1,4,-1,4,96,101,96,101
1787018520.001,39.68,39.72,39.68,39.72,0,0,0,0,0,0,0,0,39.64736189319707,39.5832456125817,39.5,39.76,29.926489007367486,38.41837306761452,29.926489007367486,38.41837306761452,18.230713095833714,16.88728905750679,18.230713095833714,16.88728905750679,96,101,96,101,-1,4,-1,4,-1,4,-1,4,96,101,96,101
1787018580,39.76,39.76,39.72,39.72,0,0,0,0,0,0,0,0,39.66299306413094,39.58473902273843,39.5,39.76,29.616125174615316,37.160909082900346,29.616125174615316,37.160909082900346,20.24472081404134,18.566004935774068,20.24472081404134,18.566004935774068,96,101,96,101,-1,4,-1,4,-1,4,-1,4,96,101,96,101
1787018640,39.68,39.7,39.660000000000004,39.7,0,0,0,0,0,0,0,0,39.66729735550107,39.58575322815065,39.5,39.76,29.16181723024913,36.01818167537875,29.16181723024913,36.01818167537875,21.031678505968927,19.798841720871497,21.031678505968927,19.798841720871497,96,101,96,101,-1,4,-1,4,-1,4,-1,4,96,101,96,101
1787018760,39.76,39.77,39.730000000000004,39.77,0,0,0,0,0,0,0,0,39.68354632116754,39.587453859379664,39.5,39.77,29.321355202174885,35.06149217920677,29.321355202174885,35.06149217920677,23.115215627425492,21.457028674148496,23.115215627425492,21.457028674148496,96,101,96,101,-1,4,-1,4,-1,4,-1,4,96,101,96,101
1787018820,39.800000000000004,39.81,39.77,39.77,0,0,0,0,0,0,0,0,39.701689414288595,39.58940290887174,39.5,39.81,29.469497604677372,34.262635811416864,29.469497604677372,34.262635811416864,25.37077190765638,23.41390029090244,25.37077190765638,23.41390029090244,96,101,96,101,-1,4,-1,4,-1,4,-1,4,96,101,96,101
1787018940,39.75,39.78,39.74,39.74,0,0,0,0,0,0,0,0,39.711079217751276,39.59103405737385,39.53,39.81,29.35788897178515,33.56195769146948,29.35788897178515,33.56195769146948,26.998476761184463,25.20618852604345,26.998476761184463,25.20618852604345,96,101,96,101,-1,4,-1,4,-1,4,-1,4,96,101,96,101
1787019000,39.69,39.73,39.69,39.73,0,0,0,0,0,0,0,0,39.71209511755407,39.59228413308821,39.53,39.81,29.171195905694162,32.93470600778729,29.171195905694162,32.93470600778729,29.646110780103374,27.426149653073413,29.646110780103374,27.426149653073413,96,101,96,101,-1,4,-1,4,-1,4,-1,4,96,101,96,101
1787019060,39.77,39.78,39.74,39.78,0,0,0,0,0,0,0,0,39.722017217392725,39.59401928267605,39.53,39.81,29.413120450636285,32.431622356765715,29.413120450636285,32.431622356765715,33.61763902732277,30.521894340198088,33.61763902732277,30.521894340198088,96,101,96,101,-1,4,-1,4,-1,4,-1,4,96,101,96,101
1787019120,39.83,39.83,39.79,39.79,0,0,0,0,0,0,0,0,39.73680196574556,39.59610200954826,39.53,39.83,29.72082114934498,32.044365041419894,29.72082114934498,32.044365041419894,38.11603102037994,34.31896268028902,38.11603102037994,34.31896268028902,96,101,96,101,-1,4,-1,4,-1,4,-1,4,96,101,96,101
1787019180,39.78,39.81,39.77,39.77,0,0,0,0,0,0,0,0,39.74526221439788,39.597965007794876,39.53,39.83,29.840430269906744,31.729517216918016,29.840430269906744,31.729517216918016,42.67088373175431,38.49492320602167,42.67088373175431,38.49492320602167,96,101,96,101,-1,4,-1,4,-1,4,-1,4,96,101,96,101
1787019240,39.68,39.71,39.67,39.67,0,0,0,0,0,0,0,0,39.73400241784069,39.598814443869884,39.53,39.83,29.120931097803783,31.356862057044555,29.120931097803783,31.356862057044555,43.71790034150398,41.10641177376282,43.71790034150398,41.10641177376282,96,101,96,101,-1,4,-1,4,-1,4,-1,4,96,101,96,101
1787019360,39.6,39.61,39.57,39.61,0,0,0,0,0,0,0,0,39.709032281263596,39.59879307295244,39.53,39.83,27.954485853276264,30.870808313649086,27.954485853276264,30.870808313649086,41.44073997525744,41.27357587451013,41.44073997525744,41.27357587451013,96,101,96,101,-1,4,-1,4,-1,4,-1,4,96,101,96,101
1787019480,39.62,39.64,39.6,39.64,0,0,0,0,0,0,0,0,39.69405671497324,39.599070422143626,39.53,39.83,27.12052756143095,30.335053920475065,27.12052756143095,30.335053920475065,41.06175980563196,41.16766784007105,41.06175980563196,41.16766784007105,96,101,96,101,-1,4,-1,4,-1,4,-1,4,96,101,96,101
1787019540,39.67,39.67,39.63,39.63,0,0,0,0,0,0,0,0,39.68483428194781,39.59951084912064,39.53,39.83,26.263081240597867,29.753343537635466,26.263081240597867,29.753343537635466,41.51614043945949,41.34190413976527,41.51614043945949,41.34190413976527,96,101,96,101,-1,4,-1,4,-1,4,-1,4,96,101,96,101
1787019660,39.56,39.59,39.550000000000004,39.550000000000004,0,0,0,0,0,0,0,0,39.66274320038154,39.59915087383918,39.53,39.83,24.802429258296062,29.04607006915841,24.802429258296062,29.04607006915841,38.18266583122513,39.7622849854952,38.18266583122513,39.7622849854952,96,101,96,101,-1,4,-1,4,-1,4,-1,4,96,101,96,101
1787019840,39.53,39.56,39.52,39.56,0,0,0,0,0,0,1,0,39.64163837606975,39.59862864292204,39.52,39.83,23.529166038849688,28.25794092197145,23.529166038849688,28.25794092197145,34.71934127524953,37.240813130372366,34.71934127524953,37.240813130372366,96,101,96,101,-1,4,-1,4,-1,4,-1,4,96,101,96,101
1787019960,39.57,39.58,39.54,39.54,0,0,0,0,0,0,0,0,39.62558291375404,39.59817794332414,39.52,39.83,22.180737235410252,27.38976896674842,22.180737235410252,27.38976896674842,32.09709771644744,34.668955423409905,32.09709771644744,34.668955423409905,96,101,96,101,-1,4,-1,4,-1,4,-1,4,96,101,96,101
1787020020,39.47,39.51,39.47,39.51,0,0,0,0,0,0,0,0,39.60214359610179,39.59716788086983,39.47,39.83,20.917426148771792,26.465148564180332,20.917426148771792,26.465148564180332,28.464178995050226,31.566567209230065,28.464178995050226,31.566567209230065,96,101,96,101,-1,4,-1,4,-1,4,-1,4,96,101,96,101
1787020200,39.53,39.550000000000004,39.510000000000005,39.510000000000005,0,0,0,0,0,0,0,0,39.58781445741661,39.596433208755045,39.47,39.83,19.744351568321854,25.505034707629118,19.744351568321854,25.505034707629118,26.461359773535385,29.013963491382725,26.461359773535385,29.013963491382725,96,101,96,101,-1,4,-1,4,-1,4,-1,4,96,101,96,101
1787020260,39.49,39.51,39.47,39.47,0,0,0,0,0,0,0,0,39.56881788940147,39.5953078368603,39.47,39.83,18.334040742013148,24.480606998255407,18.334040742013148,24.480606998255407,23.157355996363684,26.085659743873205,23.157355996363684,26.085659743873205,96,101,96,101,-1,4,-1,4,-1,4,-1,4,96,101,96,101
1787020320,39.45,39.49,39.45,39.49,0,0,0,0,0,0,1,0,39.552063121631505,39.59412732770414,39.45,39.83,17.33843814584109,23.460297162196216,17.33843814584109,23.460297162196216,20.751417921695232,23.41853883278422,20.751417921695232,23.41853883278422,96,101,96,101,-1,4,-1,4,-1,4,-1,4,96,101,96,101
1787020500,39.51,39.52,39.480000000000004,39.480000000000004,0,0,0,1,0,0,0,0,39.54138497830456,39.59312440238702,39.45,39.83,16.3354570851884,22.442462865480817,16.3354570851884,22.442462865480817,19.44106498551338,21.4298019091488,19.44106498551338,21.4298019091488,96,101,96,101,-1,4,-1,4,-1,4,-1,4,96,101,96,101
1787020740,39.47,39.49,39.45,39.45,0,0,0,0,0,0,0,0,39.52719377012797,39.5918329489636,39.45,39.83,15.168638721960656,21.403345130692223,15.168638721960656,21.403345130692223,17.11489780713179,19.272349858140295,17.11489780713179,19.272349858140295,96,101,96,101,-1,4,-1,4,-1,4,-1,4,96,101,96,101
1787020860,39.39,39.43,39.39,39.43,0,0,0,0,0,0,0,0,39.50709793313501,39.59009000088104,39.39,39.83,14.406191814854312,20.403751799858235,14.406191814854312,20.403751799858235,15.449133185333775,17.360741521737033,15.449133185333775,17.360741521737033,96,101,96,101,-1,4,-1,4,-1,4,-1,4,96,101,96,101
1787020920,39.44,39.44,39.4,39.4,0,0,0,0,0,0,0,0,39.49004982408016,39.58833122806962,39.39,39.83,13.457434935623128,19.41142081925322,13.457434935623128,19.41142081925322,14.086270003013247,15.72350576237514,14.086270003013247,15.72350576237514,96,101,96,101,-1,4,-1,4,-1,4,-1,4,96,101,96,101
1787020980,39.39,39.39,39.35,39.35,0,0,0,0,0,0,0,0,39.46701046212619,39.58609244304737,39.35,39.83,12.49618958307862,18.42353064265685,12.49618958307862,18.42353064265685,12.550136193058925,14.136820977717033,12.550136193058925,14.136820977717033,96,101,96,101,-1,4,-1,4,-1,4,-1,4,96,101,96,101
1787021040,39.34,39.35,39.31,39.31,0,0,0,0,0,0,0,0,39.44088734780021,39.583477924542755,39.31,39.83,11.603604612858717,17.449255495542833,11.603604612858717,17.449255495542833,11.14187497866578,12.639347978191406,11.14187497866578,12.639347978191406,96,101,96,101,-1,4,-1,4,-1,4,-1,4,96,101,96,101
1787021100,39.29,39.29,39.25,39.25,0,0,0,0,0,0,0,0,39.40860479971533,39.58029240622226,39.25,39.83,10.774775711940237,16.495758383599604,10.774775711940237,16.495758383599604,9.944267223092794,11.2918076006421,9.944267223092794,11.2918076006421,96,101,96,101,-1,4,-1,4,-1,4,-1,4,96,101,96,101
1787021220,39.230000000000004,39.25,39.21,39.21,0,0,0,0,0,0,0,0,39.37491907855497,39.57674057465123,39.21,39.81,10.005148875373077,15.568528453852958,10.005148875373077,15.568528453852958,8.80015531564637,10.045981458144235,8.80015531564637,10.045981458144235,96,101,96,101,-1,4,-1,4,-1,4,-1,4,96,101,96,101
1787021400,39.18,39.19,39.15,39.15,0,0,0,0,0,0,0,0,39.33644894306013,39.5726270697625,39.15,39.71,9.290495384275001,14.671666586770394,9.290495384275001,14.671666586770394,7.837107917612916,8.941544687878576,7.837107917612916,8.941544687878576,96,101,96,101,-1,4,-1,4,-1,4,-1,4,96,101,96,101
1787021460,39.12,39.16,39.12,39.16,0,0,0,0,0,0,0,0,39.30194307462495,39.568388657791395,39.12,39.67,8.884288828512751,13.844898335590731,8.884288828512751,13.844898335590731,7.200418456545495,8.070981572212036,7.200418456545495,8.070981572212036,96,101,96,101,-1,4,-1,4,-1,4,-1,4,96,101,96,101
1787021520,39.17,39.18,39.14,39.14,0,0,0,0,0,0,0,0,39.27492312166284,39.56425875406544,39.12,39.67,8.38446765882116,13.064836810337937,8.38446765882116,13.064836810337937,6.85589187623443,7.463436724223232,6.85589187623443,7.463436724223232,96,101,96,101,-1,4,-1,4,-1,4,-1,4,96,101,96,101
1787021640,39.13,39.15,39.11,39.11,0,0,0,0,0,0,0,0,39.24736134196656,39.559871436446215,39.11,39.67,7.785577111762506,12.310656853398589,7.785577111762506,12.310656853398589,6.11457398915333,6.789005356688281,6.11457398915333,6.789005356688281,96,101,96,101,-1,4,-1,4,-1,4,-1,4,96,101,96,101
1787021700,39.02,39.04,39,39.04,0,0,0,0,0,0,0,0,39.20723503736658,39.554565916348906,39,39.59,7.524015270937048,11.626850913046939,7.524015270937048,11.626850913046939,5.722991130117757,6.255998243403019,5.722991130117757,6.255998243403019,96,101,96,101,-1,4,-1,4,-1,4,-1,4,96,101,96,101
1787021760,39.050000000000004,39.050000000000004,39.010000000000005,39.010000000000005,0,0,0,0,0,0,0,0,39.17379836390599,39.549280020000495,39,39.58,7.0602233112309785,10.974475541358945,7.0602233112309785,10.974475541358945,5.352925271598534,5.804461757500777,5.352925271598534,5.804461757500777,96,101,96,101,-1,4,-1,4,-1,4,-1,4,96,101,96,101
1787021820,39,39.01,38.97,38.97,0,0,0,0,0,0,0,0,39.13916835834732,39.5436487096854,38.97,39.58,6.555921646143051,10.343253556328104,6.555921646143051,10.343253556328104,4.820779800904986,5.312620779202881,4.820779800904986,5.312620779202881,96,101,96,101,-1,4,-1,4,-1,4,-1,4,96,101,96,101
1787021880,38.96,39,38.96,39,0,0,0,0,0,0,0,0,39.11144077804175,39.538106599804614,38.96,39.550000000000004,6.405101846021715,9.780660454855763,6.405101846021715,9.780660454855763,4.526185642155029,4.919403210678954,4.526185642155029,4.919403210678954,96,101,96,101,-1,4,-1,4,-1,4,-1,4,96,101,96,101
1787022000,39.11,39.13,39.09,39.13,0,0,0,0,0,0,0,0,39.11239093960992,39.53391316763409,38.96,39.550000000000004,7.296800920512244,9.425823378520974,7.296800920512244,9.425823378520974,6.4740047704515815,5.696703990565268,6.4740047704515815,5.696703990565268,96,101,96,101,-1,4,-1,4,-1,4,-1,4,96,101,96,101
1787022060,39.15,39.15,39.11,39.11,0,0,0,0,0,0,0,0,39.11438046574145,39.52982779614851,38.96,39.52,8.00712794835742,9.223152602783324,8.00712794835742,9.223152602783324,8.274926913260705,6.985815451912987,8.274926913260705,6.985815451912987,96,101,96,101,-1,4,-1,4,-1,4,-1,4,96,101,96,101
1787022120,39.07,39.09,39.050000000000004,39.050000000000004,0,0,0,0,0,0,0,0,39.10509916893997,39.5251860602001,38.96,39.52,8.174106493918126,9.073288872945438,8.174106493918126,9.073288872945438,8.767671344371196,7.876743398142091,8.767671344371196,7.876743398142091,96,101,96,101,-1,4,-1,4,-1,4,-1,4,96,101,96,101
1787022180,39.04,39.07,39.03,39.03,0,0,0,0,0,0,0,0,39.09386901701149,39.52039150570391,38.96,39.52,8.164954388030711,8.943526803671904,8.164954388030711,8.943526803671904,8.828775766439655,8.352759582290872,8.828775766439655,8.352759582290872,96,101,96,101,-1,4,-1,4,-1,4,-1,4,96,101,96,101
1787022300,39,39.03,38.99,38.99,0,0,0,0,0,0,0,0,39.077407983615466,39.51524664826739,38.96,39.49,7.828048779033454,8.784172800152126,7.828048779033454,8.784172800152126,8.22433653543759,8.288548058864231,8.22433653543759,8.288548058864231,96,101,96,101,-1,4,-1,4,-1,4,-1,4,96,101,96,101
1787022480,38.980000000000004,38.99,38.95,38.99,0,0,0,0,0,0,0,0,39.059091380533864,39.509887643475345,38.95,39.44,7.593577762349241,8.614087794751713,7.593577762349241,8.614087794751713,7.5477701865212765,7.918159122692754,7.5477701865212765,7.918159122692754,96,101,96,101,-1,4,-1,4,-1,4,-1,4,96,101,96,101
1787022660,39.03,39.06,39.02,39.06,0,0,0,0,0,0,0,0,39.05683234164892,39.505278479527,38.95,39.44,7.944036493610009,8.518366180302898,7.944036493610009,8.518366180302898,8.274028580928084,8.09609385181042,8.274028580928084,8.09609385181042,96,101,96,101,-1,4,-1,4,-1,4,-1,4,96,101,96,101
1787022720,39.08,39.08,39.04,39.04,0,0,0,0,0,0,0,0,39.05619615831881,39.50078151289821,38.95,39.39,8.107124796014464,8.459617411118836,8.107124796014464,8.459617411118836,9.195199101112856,8.645646476461637,9.195199101112856,8.645646476461637,96,101,96,101,-1,4,-1,4,-1,4,-1,4,96,101,96,101
1787022780,38.99,39.03,38.99,39.03,0,0,0,0,0,0,0,0,39.04900897801842,39.495964449751625,38.95,39.35,8.17739510279264,8.41929993850081,8.17739510279264,8.41929993850081,9.151440499366577,8.898543487914107,9.151440499366577,8.898543487914107,96,101,96,101,-1,4,-1,4,-1,4,-1,4,96,101,96,101
1787022840,39.12,39.14,39.1,39.1,0,0,0,0,0,0,0,0,39.0607043153484,39.49215717496139,38.95,39.29,8.810827920125629,8.475232507304355,8.810827920125629,8.475232507304355,11.058377570885623,9.978460529399864,11.058377570885623,9.978460529399864,96,101,96,101,-1,4,-1,4,-1,4,-1,4,96,101,96,101
1787022960,39.06,39.09,39.050000000000004,39.09,0,0,0,0,0,0,0,0,39.06360656104263,39.48802294104801,38.95,39.25,9.317846705051732,8.59560596412541,9.317846705051732,8.59560596412541,12.291109346473496,11.13478493793668,12.291109346473496,11.13478493793668,96,101,96,101,-1,4,-1,4,-1,4,-1,4,96,101,96,101
1787023020,39.12,39.13,39.09,39.13,0,0,0,0,0,0,0,0,39.073253852974275,39.48432785374073,38.95,39.19,10.113325187158432,8.81242299598727,10.113325187158432,8.81242299598727,14.390111866138346,12.762448402037514,14.390111866138346,12.762448402037514,96,101,96,101,-1,4,-1,4,-1,4,-1,4,96,101,96,101
1787023140,39.160000000000004,39.160000000000004,39.120000000000005,39.120000000000005,0,0,0,0,0,0,0,0,39.08417739485774,39.48083537095061,38.95,39.18,10.770814946517268,9.092193274634413,10.770814946517268,9.092193274634413,16.552068674377114,14.657258538207314,16.552068674377114,14.657258538207314,96,101,96,101,-1,4,-1,4,-1,4,-1,4,96,101,96,101
1787023260,39.11,39.15,39.11,39.15,0,0,0,0,0,0,0,0,39.093720898823,39.47741080672888,38.95,39.18,11.624847645142632,9.454001041849875,11.624847645142632,9.454001041849875,18.568439816132695,16.612849177170006,18.568439816132695,16.612849177170006,96,101,96,101,-1,4,-1,4,-1,4,-1,4,96,101,96,101
1787023260.001,39.18,39.2,39.160000000000004,39.2,0,0,0,0,0,0,0,0,39.110620129340035,39.47451783021084,38.95,39.2,12.823722163996091,9.935389773585047,12.823722163996091,9.935389773585047,21.582472223351807,19.097660700260906,21.582472223351807,19.097660700260906,96,101,96,101,-1,4,-1,4,-1,4,-1,4,96,101,96,101
1787023320,39.22,39.22,39.18,39.18,0,0,0,0,0,0,0,0,39.12565889370245,39.47171997452052,38.95,39.22,13.774625126308043,10.48385196683119,13.774625126308043,10.48385196683119,24.66467543956458,21.881168069912743,24.66467543956458,21.881168069912743,96,101,96,101,-1,4,-1,4,-1,4,-1,4,96,101,96,101
1787023380,39.14,39.18,39.14,39.18,0,0,0,0,0,0,0,0,39.13311485242322,39.46868461822346,38.95,39.22,14.657606448454857,11.080102607063143,14.657606448454857,11.080102607063143,26.50455889807286,24.192863483992802,26.50455889807286,24.192863483992802,96,101,96,101,-1,4,-1,4,-1,4,-1,4,96,101,96,101
1787023500,39.19,39.19,39.15,39.15,0,0,0,0,0,0,0,0,39.1386091216796,39.46564629698077,38.95,39.22,15.234011182656106,11.67351811786214,15.234011182656106,11.67351811786214,28.13172717579162,26.16229532989221,28.13172717579162,26.16229532989221,96,101,96,101,-1,4,-1,4,-1,4,-1,4,96,101,96,101
1787023500.001,39.14,39.160000000000004,39.120000000000005,39.120000000000005,0,0,0,0,0,0,0,0,39.137649887434826,39.46233970032756,38.95,39.22,15.525737656622251,12.22383519482787,15.525737656622251,12.22383519482787,28.92772382263627,27.545009576264242,28.92772382263627,27.545009576264242,96,101,96,101,-1,4,-1,4,-1,4,-1,4,96,101,96,101
1787023620,39.11,39.13,39.09,39.13,0,0,0,0,0,0,0,0,39.13383475638607,39.45890016765432,38.95,39.22,15.877795356473912,12.745829503634448,15.877795356473912,12.745829503634448,29.693151031647652,28.619080303955947,29.693151031647652,28.619080303955947,96,101,96,101,-1,4,-1,4,-1,4,-1,4,96,101,96,101
1787029200,39.17,39.17,39.13,39.13,0,0,0,0,0,0,0,0,39.13556177037648,39.455760199153616,38.95,39.22,16.204706077764744,13.239954728510204,16.204706077764744,13.239954728510204,31.165558027126558,29.892319165541252,31.165558027126558,29.892319165541252,96,101,96,101,-1,4,-1,4,-1,4,-1,4,96,101,96,101
1787029200.001,39.12,39.13,39.09,39.09,0,0,0,0,0,0,0,0,39.12970205455046,39.45225346417033,38.95,39.22,16.183590708573767,13.66047415423357,16.183590708573767,13.66047415423357,31.713335451822672,30.802827308681962,31.713335451822672,30.802827308681962,96,101,96,101,-1,4,-1,4,-1,4,-1,4,96,101,96,101
1787029260,39.07,39.09,39.050000000000004,39.050000000000004,0,0,0,0,0,0,0,0,39.11763501432916,39.44838361212221,38.95,39.22,15.839308255363969,13.971736168680772,15.839308255363969,13.971736168680772,31.182858958704976,30.99284313369347,31.182858958704976,30.99284313369347,96,101,96,101,-1,4,-1,4,-1,4,-1,4,96,101,96,101
1787029440,39.03,39.05,39.01,39.05,0,0,0,0,0,0,0,0,39.10291349657234,39.444286926097774,38.95,39.22,15.519617405954813,14.192862059719923,15.519617405954813,14.192862059719923,30.425643813343545,30.709243473518505,30.425643813343545,30.709243473518505,96,101,96,101,-1,4,-1,4,-1,4,-1,4,96,101,96,101
1787029560,39.09,39.13,39.09,39.13,0,0,0,0,0,0,0,0,39.10541407295313,39.441027023018854,38.95,39.22,15.872112266568436,14.432754946412569,15.872112266568436,14.432754946412569,33.888647078104135,32.29894527581132,33.888647078104135,32.29894527581132,96,101,96,101,-1,4,-1,4,-1,4,-1,4,96,101,96,101
1787029620,39.14,39.14,39.1,39.1,0,0,0,0,0,0,0,0,39.1068539384768,39.43776638929064,38.99,39.22,15.955922429346009,14.650350301117344,15.955922429346009,14.650350301117344,37.830480564300856,35.06471292005609,37.830480564300856,35.06471292005609,96,101,96,101,-1,4,-1,4,-1,4,-1,4,96,101,96,101
1787029680,39.06,39.1,39.06,39.06,0,0,0,0,0,0,0,0,39.10075928299617,39.43414018972887,38.99,39.22,15.709070827249864,14.801596090564846,15.709070827249864,14.801596090564846,38.669512441358236,36.867112680707166,38.669512441358236,36.867112680707166,96,101,96,101,-1,4,-1,4,-1,4,-1,4,96,101,96,101
1787029800,39.050000000000004,39.050000000000004,39.010000000000005,39.010000000000005,0,0,0,0,0,0,0,0,39.08668183760293,39.43005255931698,38.99,39.22,15.07400732660217,14.840511981427323,15.07400732660217,14.840511981427323,37.166460399471546,37.016786540089356,37.166460399471546,37.016786540089356,96,101,96,101,-1,4,-1,4,-1,4,-1,4,96,101,96,101
1787029860,38.99,39.03,38.99,39.03,0,0,0,0,0,0,1,0,39.07395180652361,39.425939266852794,38.99,39.22,14.646643166909797,14.812816436496247,14.646643166909797,14.812816436496247,35.243209442933335,36.129997991511345,35.243209442933335,36.129997991511345,96,101,96,101,-1,4,-1,4,-1,4,-1,4,96,101,96,101
1787030160,39.06,39.1,39.06,39.1,0,0,0,0,0,0,0,0,39.07626359927689,39.42256342008477,38.99,39.22,14.817986836805845,14.813555065111903,14.817986836805845,14.813555065111903,37.29841232674721,36.71420515912928,37.29841232674721,36.71420515912928,96,101,96,101,-1,4,-1,4,-1,4,-1,4,96,101,96,101
1787030280,39.12,39.14,39.1,39.14,0,0,0,0,0,0,0,0,39.08542779334776,39.4196191737821,38.99,39.22,15.301766997813209,14.883299626926375,15.301766997813209,14.883299626926375,41.388057126629874,39.051131142879576,41.388057126629874,39.051131142879576,96,101,96,101,-1,4,-1,4,-1,4,-1,4,96,101,96,101
1787030340,39.15,39.19,39.15,39.19,0,0,0,0,0,0,0,0,39.10201667940574,39.417201735900356,38.99,39.22,16.202139122554083,15.071705269158906,16.202139122554083,15.071705269158906,47.327329388963165,43.18923026592137,47.327329388963165,43.18923026592137,96,101,96,101,-1,4,-1,4,-1,4,-1,4,96,101,96,101
1787030400,39.21,39.21,39.17,39.17,0,0,0,0,0,0,0,0,39.116801525574395,39.4148746871186,38.99,39.22,17.1125126438754,15.363249179832692,17.1125126438754,15.363249179832692,53.05305482016989,48.12114254304563,53.05305482016989,48.12114254304563,96,101,96,101,-1,4,-1,4,-1,4,-1,4,96,101,96,101
1787030460,39.12,39.12,39.08,39.08,0,0,0,0,0,0,0,0,39.11253458153057,39.411675270663025,38.99,39.22,17.17987285185251,15.622766847264094,17.17987285185251,15.622766847264094,53.19891471358493,50.660028628315274,53.19891471358493,50.660028628315274,96,101,96,101,-1,4,-1,4,-1,4,-1,4,96,101,96,101
1787030520,39.07,39.09,39.050000000000004,39.09,0,0,0,0,0,0,0,0,39.106013142464406,39.408341851717786,38.99,39.22,17.341627965609085,15.868318435599093,17.341627965609085,15.868318435599093,52.37155652698824,51.51579257765176,52.37155652698824,51.51579257765176,96,101,96,101,-1,4,-1,4,-1,4,-1,4,96,101,96,101
1787030820,39.1,39.1,39.06,39.06,0,0,0,0,0,0,0,0,39.10007135898603,39.40500843362441,38.99,39.21,17.1942100950497,16.057731529806322,17.1942100950497,16.057731529806322,51.55657226122799,51.536182419439875,51.55657226122799,51.536182419439875,96,101,96,101,-1,4,-1,4,-1,4,-1,4,96,101,96,101
1787030880,39.04,39.07,39.03,39.03,0,0,0,0,0,0,0,0,39.0897553543219,39.40140967640758,38.99,39.21,16.858909373974704,16.172185507544665,16.858909373974704,16.172185507544665,48.95325241438577,50.24471741691282,48.95325241438577,50.24471741691282,96,101,96,101,-1,4,-1,4,-1,4,-1,4,96,101,96,101
1787030940,39.01,39.050000000000004,39.010000000000005,39.010000000000005,0,0,0,0,0,0,0,0,39.07767862323307,39.39764772274515,38.99,39.21,16.33497367039151,16.195440959379926,16.33497367039151,16.195440959379926,45.557814238786,47.901265827849414,45.557814238786,47.901265827849414,96,101,96,101,-1,4,-1,4,-1,4,-1,4,96,101,96,101
1787031060,39,39.04,39,39.04,0,0,0,0,0,0,0,0,39.06840372203918,39.393956368953326,38.99,39.21,16.188598000057386,16.194463393762422,16.188598000057386,16.194463393762422,42.964898977160445,45.43308240250493,42.964898977160445,45.43308240250493,96,101,96,101,-1,4,-1,4,-1,4,-1,4,96,101,96,101
1787031120,39.050000000000004,39.08,39.04,39.08,0,0,0,0,0,0,0,0,39.06808789378963,39.39069975500023,38.99,39.21,16.57988861910085,16.24952414023934,16.57988861910085,16.24952414023934,41.54755316054756,43.490317781526244,41.54755316054756,43.490317781526244,96,101,96,101,-1,4,-1,4,-1,4,-1,4,96,101,96,101
1787031180,39.09,39.12,39.08,39.08,0,0,0,0,0,0,0,0,39.07267797370667,39.38774088513289,38.99,39.21,16.943229908212636,16.348624964235523,16.943229908212636,16.348624964235523,41.82336854755025,42.656843164538245,41.82336854755025,42.656843164538245,96,101,96,101,-1,4,-1,4,-1,4,-1,4,96,101,96,101
1787031360,39.07,39.08,39.04,39.04,0,0,0,0,0,0,0,0,39.06916076636606,39.384413446806526,38.99,39.21,16.860818749355296,16.42179550496692,16.860818749355296,16.42179550496692,39.82375689168865,41.24030002811345,39.82375689168865,41.24030002811345,96,101,96,101,-1,4,-1,4,-1,4,-1,4,96,101,96,101
1787031420,39.03,39.07,39.03,39.07,0,0,0,0,0,0,0,0,39.06688911187526,39.38115228481509,38.99,39.21,17.160233951468985,16.52728671161007,17.160233951468985,16.52728671161007,38.10980404380772,39.67505203596059,38.10980404380772,39.67505203596059,96,101,96,101,-1,4,-1,4,-1,4,-1,4,96,101,96,101
1787031480,39.08,39.09,39.050000000000004,39.050000000000004,0,0,0,0,0,0,0,0,39.06624260668582,39.3779899071884,38.99,39.21,17.187635787015704,16.621622293810876,17.187635787015704,16.621622293810876,37.26181961518917,38.46843582557488,37.26181961518917,38.46843582557488,96,101,96,101,-1,4,-1,4,-1,4,-1,4,96,101,96,101
1787031600,39.01,39.05,39.01,39.05,0,0,0,0,0,0,0,0,39.060865163045975,39.37459365603893,38.99,39.21,17.282698839265834,16.71606180030444,17.282698839265834,16.71606180030444,34.67162178196323,36.570028803769056,34.67162178196323,36.570028803769056,96,101,96,101,-1,4,-1,4,-1,4,-1,4,96,101,96,101
1787031660,39.06,39.07,39.03,39.03,0,0,0,0,0,0,0,0,39.05767755764368,39.37129753342494,38.99,39.21,17.214401108764324,16.787253130084423,17.214401108764324,16.787253130084423,33.07257022304896,34.82129951340901,33.07257022304896,34.82129951340901,96,101,96,101,-1,4,-1,4,-1,4,-1,4,96,101,96,101
1787031900,39.01,39.02,38.980000000000004,39.02,0,0,0,0,0,0,0,0,39.04840285019331,39.367669365596505,38.980000000000004,39.21,17.005209192832194,16.81838971047696,17.005209192832194,16.81838971047696,30.13363161975636,32.47746556658269,30.13363161975636,32.47746556658269,96,101,96,101,-1,4,-1,4,-1,4,-1,4,96,101,96,101
1787032140,39.03,39.07,39.03,39.07,0,0,0,0,0,0,0,0,39.049905362279375,39.3645748113783,38.980000000000004,39.21,17.738603341396097,16.949848800608265,17.738603341396097,16.949848800608265,30.233589007410192,31.35552728699644,30.233589007410192,31.35552728699644,96,101,96,101,-1,4,-1,4,-1,4,-1,4,96,101,96,101
1787032260,39.08,39.09,39.050000000000004,39.050000000000004,0,0,0,0,0,0,0,0,39.05234681156191,39.36157738373606,38.980000000000004,39.21,18.257274531296407,17.136623904992284,18.257274531296407,17.136623904992284,30.914504863494322,31.13501607524538,30.914504863494322,31.13501607524538,96,101,96,101,-1,4,-1,4,-1,4,-1,4,96,101,96,101
1787032440,39.02,39.06,39.02,39.06,0,0,0,0,0,0,0,0,39.051314057944595,39.358443943765224,38.980000000000004,39.21,19.264107863094576,17.440550184721182,19.264107863094576,17.440550184721182,30.47330230535544,30.80415919030041,30.47330230535544,30.80415919030041,96,101,96,101,-1,4,-1,4,-1,4,-1,4,96,101,96,101
1787032500,39.07,39.07,39.03,39.03,0,0,0,0,0,0,0,0,39.04986301710618,39.3553085148057,38.980000000000004,39.21,19.792862063349702,17.77659473881097,19.792862063349702,17.77659473881097,30.219352286577724,30.511755738439067,30.219352286577724,30.511755738439067,96,101,96,101,-1,4,-1,4,-1,4,-1,4,96,101,96,101
1787032620,39.02,39.04,39,39,0,0,0,0,0,0,0,0,39.04322125642021,39.3519057766816,38.980000000000004,39.21,19.701837524433135,18.05162942247128,19.701837524433135,18.05162942247128,27.889879599675126,29.200817669057095,27.889879599675126,29.200817669057095,96,101,96,101,-1,4,-1,4,-1,4,-1,4,96,101,96,101
1787032740,38.980000000000004,39.02,38.980000000000004,39.02,0,0,0,0,0,0,0,0,39.036574967374115,39.348470561656576,38.980000000000004,39.12,20.146415267396943,18.350884543174946,20.146415267396943,18.350884543174946,25.396294315249563,27.29855599215333,25.396294315249563,27.29855599215333,96,101,96,101,-1,4,-1,4,-1,4,-1,4,96,101,96,101
1787032920,39.04,39.06,39.02,39.06,0,0,0,0,0,0,0,0,39.03840982179094,39.34546753782583,38.980000000000004,39.12,21.617438515492957,18.817535110648947,21.617438515492957,18.817535110648947,25.991854754685885,26.645205373419607,25.991854754685885,26.645205373419607,96,101,96,101,-1,4,-1,4,-1,4,-1,4,96,101,96,101
1787033040,39.08,39.08,39.04,39.04,0,0,0,0,0,0,0,0,39.041123187525926,39.34256072982093,38.980000000000004,39.12,22.454288145338637,19.33707125846176,22.454288145338637,19.33707125846176,26.99922954128321,26.822217457351407,26.99922954128321,26.822217457351407,96,101,96,101,-1,4,-1,4,-1,4,-1,4,96,101,96,101
1787033100,39.03,39.06,39.02,39.02,0,0,0,0,0,0,0,0,39.0397068504,39.33948384030364,38.980000000000004,39.12,22.70226227252348,19.817812831899147,22.70226227252348,19.817812831899147,26.24778681178299,26.5350021345672,26.24778681178299,26.5350021345672,96,101,96,101,-1,4,-1,4,-1,4,-1,4,96,101,96,101
1787033160,39,39.01,38.97,38.97,0,0,0,0,0,0,0,0,39.02945712002424,39.33594005416464,38.97,39.12,21.609772639300807,20.073807090099386,21.609772639300807,20.073807090099386,23.331436314861353,24.93321922471428,23.331436314861353,24.93321922471428,96,101,96,101,-1,4,-1,4,-1,4,-1,4,96,101,96,101
1787033220,38.96,38.980000000000004,38.940000000000005,38.940000000000005,0,0,0,0,0,0,0,0,39.01561643153499,39.332133022116565,38.940000000000005,39.12,20.066217450779323,20.072722855910804,20.066217450779323,20.072722855910804,20.633294619087543,22.78325692190091,20.633294619087543,22.78325692190091,96,101,96,101,-1,4,-1,4,-1,4,-1,4,96,101,96,101
1787033400,38.93,38.96,38.92,38.96,0,0,0,0,0,0,1,0,39.00308011064984,39.32829753599268,38.92,39.12,19.58529715667603,20.00309061316298,19.58529715667603,20.00309061316298,18.966469279415108,20.87486310065801,18.966469279415108,20.87486310065801,96,101,96,101,-1,4,-1,4,-1,4,-1,4,96,101,96,101
1787033640,38.97,38.97,38.93,38.93,0,0,0,0,0,0,0,0,38.992217060228654,39.324467046413986,38.92,39.12,18.424442597865795,19.777569468120525,18.424442597865795,19.777569468120525,17.53776184540981,19.20631247303391,17.53776184540981,19.20631247303391,96,101,96,101,-1,4,-1,4,-1,4,-1,4,96,101,96,101
1787033760,38.910000000000004,38.95,38.910000000000004,38.95,0,0,0,0,0,0,0,0,38.98211698867193,39.320608336167744,38.910000000000004,39.09,18.030069969907633,19.52792668266154,18.030069969907633,19.52792668266154,16.17522443892275,17.69076845597833,16.17522443892275,17.69076845597833,96,101,96,101,-1,4,-1,4,-1,4,-1,4,96,101,96,101
1787033940,39,39.02,38.980000000000004,39.02,0,0,0,0,0,0,0,0,38.98658056648916,39.317484538461265,38.910000000000004,39.09,19.27677004118154,19.492047162450113,19.27677004118154,19.492047162450113,18.531144757171877,18.1109566065751,18.531144757171877,18.1109566065751,96,101,96,101,-1,4,-1,4,-1,4,-1,4,96,101,96,101
1787034060,39.07,39.11,39.07,39.11,0,0,0,0,0,0,0,0,39.006596221066886,39.31528734570709,38.910000000000004,39.11,22.508152826258407,19.922919400137012,22.508152826258407,19.922919400137012,24.645743125194905,21.378349865885003,24.645743125194905,21.378349865885003,96,101,96,101,-1,4,-1,4,-1,4,-1,4,96,101,96,101
1787034180,39.12,39.12,39.08,39.08,0,0,0,0,0,0,0,0,39.02236660511533,39.313078848071534,38.910000000000004,39.12,24.817478315626982,20.622142102349866,24.817478315626982,20.622142102349866,29.98206553588143,25.680207700883216,29.98206553588143,25.680207700883216,96,101,96,101,-1,4,-1,4,-1,4,-1,4,96,101,96,101
1787034240,39.06,39.1,39.06,39.1,0,0,0,0,0,0,0,0,39.034057525397394,39.31082599054512,38.910000000000004,39.12,27.422681477414013,21.59364772735903,27.422681477414013,21.59364772735903,33.98462760218413,29.832417651533675,33.98462760218413,29.832417651533675,96,101,96,101,-1,4,-1,4,-1,4,-1,4,96,101,96,101
1787034300,39.13,39.17,39.13,39.17,0,0,0,0,0,0,0,0,39.056350096537265,39.309292066924435,38.910000000000004,39.17,31.45470192487988,23.002369755576296,31.45470192487988,23.002369755576296,40.74872842091983,35.29057303622675,40.74872842091983,35.29057303622675,96,101,96,101,-1,4,-1,4,-1,4,-1,4,96,101,96,101
1787034360,39.19,39.19,39.15,39.19,0,0,0,0,0,0,0,0,39.07822583656079,39.307972411200474,38.910000000000004,39.19,35.659550404899946,24.81053841976539,35.659550404899946,24.81053841976539,48.80503252405395,42.04780278014035,48.80503252405395,42.04780278014035,96,101,96,101,-1,4,-1,4,-1,4,-1,4,96,101,96,101
1787034480,39.21,39.22,39.18,39.18,0,0,0,0,0,0,0,1,39.09915447233762,39.306831723858515,38.910000000000004,39.22,39.33363781837484,26.88526690528102,39.33363781837484,26.88526690528102,54.92044262430446,48.48412270222241,54.92044262430446,48.48412270222241,96,101,96,101,-1,4,-1,4,-1,4,-1,4,96,101,96,101
1787034960,39.160000000000004,39.160000000000004,39.120000000000005,39.120000000000005,0,0,0,0,0,0,0,0,39.105368810700476,39.305105371713985,38.910000000000004,39.22,41.36280193733894,28.95348619557501,41.36280193733894,28.95348619557501,57.4894116503256,52.986767176274,57.4894116503256,52.986767176274,96,101,96,101,-1,4,-1,4,-1,4,-1,4,96,101,96,101
1787035200,39.07,39.11,39.07,39.07,0,0,0,0,0,0,0,0,39.10136236027009,39.302898684764926,38.910000000000004,39.22,42.094952029372315,30.830838457546054,42.094952029372315,30.830838457546054,57.01857404129267,55.00267060878333,57.01857404129267,55.00267060878333,96,101,96,101,-1,4,-1,4,-1,4,-1,4,96,101,96,101
1787035620,39.06,39.07,39.03,39.03,0,0,0,0,0,0,0,0,39.090811628099765,39.30031594494969,38.910000000000004,39.22,41.85314670008534,32.40545392076596,41.85314670008534,32.40545392076596,55.048178671338206,55.02542464006077,55.048178671338206,55.02542464006077,96,101,96,101,-1,4,-1,4,-1,4,-1,4,96,101,96,101
1787035740,39.01,39.04,39,39.04,0,0,0,0,0,0,0,0,39.0791489078392,39.29759306655881,38.910000000000004,39.22,41.85902792657688,33.75596449302466,41.85902792657688,33.75596449302466,52.52977526667673,53.77759995336875,52.52977526667673,53.77759995336875,96,101,96,101,-1,4,-1,4,-1,4,-1,4,96,101,96,101
1787036040,39.050000000000004,39.06,39.02,39.02,0,0,0,0,0,0,0,0,39.07081880338359,39.29496361647696,38.910000000000004,39.22,41.40365957237441,34.8484923615032,41.40365957237441,34.8484923615032,50.739807371437394,52.25870366240307,50.739807371437394,52.25870366240307,96,101,96,101,-1,4,-1,4,-1,4,-1,4,96,101,96,101
1787103000,38.04,38.05,38.01,38.05,0,0,0,0,0,0,0,0,38.88279114216233,39.28244324881716,38.01,39.22,38.68238282605959,35.39619099929697,38.68238282605959,35.39619099929697,43.84545472451424,48.05207919345865,43.84545472451424,48.05207919345865,96,101,96,101,-1,4,-1,4,-1,4,-1,4,96,101,96,101
1787103000.001,38.34,38.38,38.34,38.38,0,0,0,0,0,0,1,0,38.788950328435845,39.27333104401964,38.01,39.22,38.1035349382478,35.78295441914709,38.1035349382478,35.78295441914709,41.76127524202762,44.90667721774314,41.76127524202762,44.90667721774314,96,101,96,101,-1,4,-1,4,-1,4,-1,4,96,101,96,101
1787103060,38.72,38.76,38.72,38.76,0,0,0,0,0,0,0,0,38.78126238993236,39.26809060245394,38.01,39.22,39.80924466225725,36.358138739591396,39.80924466225725,36.358138739591396,44.46125835385132,44.68396778579723,44.46125835385132,44.68396778579723,96,101,96,101,-1,4,-1,4,-1,4,-1,4,96,101,96,101
1787103120,38.910000000000004,38.910000000000004,38.870000000000005,38.870000000000005,0,0,0,0,0,0,0,0,38.79982074327799,39.264262171915426,38.01,39.22,42.04246862675957,37.1701858663297,42.04246862675957,37.1701858663297,48.45203490542633,46.568001345611776,48.45203490542633,46.568001345611776,96,101,96,101,-1,4,-1,4,-1,4,-1,4,96,101,96,101
1787103180,38.86,38.9,38.86,38.9,0,0,0,0,0,0,0,0,38.81561091116684,39.26050500270897,38.01,39.22,44.29327222543849,38.18776963191667,44.29327222543849,38.18776963191667,51.849087770176546,49.20854455789416,51.849087770176546,49.20854455789416,96,101,96,101,-1,4,-1,4,-1,4,-1,4,96,101,96,101
1787103180.001,39.03,39.03,38.99,38.99,0,0,0,0,0,0,0,0,38.84974226065166,39.25794608062563,38.01,39.22,46.91459103342077,39.43445840356012,46.91459103342077,39.43445840356012,56.201225172548035,52.704884865221096,56.201225172548035,52.704884865221096,96,101,96,101,-1,4,-1,4,-1,4,-1,4,96,101,96,101
1787103240,38.85,38.89,38.85,38.89,0,0,0,0,0,0,0,0,38.85463760719984,39.25415225561111,38.01,39.22,48.75835401155307,40.76644349041626,48.75835401155307,40.76644349041626,58.373187101853496,55.539035983537296,58.373187101853496,55.539035983537296,96,101,96,101,-1,4,-1,4,-1,4,-1,4,96,101,96,101
1787103240.001,39.07,39.07,39.03,39.03,0,0,0,0,0,0,0,0,38.88894592104229,39.25205455489193,38.01,39.22,51.29686591509623,42.270789551084825,51.29686591509623,42.270789551084825,62.26556533169498,58.90230065761614,62.26556533169498,58.90230065761614,96,101,96,101,-1,4,-1,4,-1,4,-1,4,96,101,96,101
1787103240.002,39.02,39.02,38.980000000000004,39.02,0,0,0,0,0,0,0,0,38.910349692973995,39.24961288436232,38.01,39.22,53.595023662601186,43.88853728130145,53.595023662601186,43.88853728130145,65.20047276364893,62.051386710632535,65.20047276364893,62.051386710632535,96,101,96,101,-1,4,-1,4,-1,4,-1,4,96,101,96,101
1787103300,39.19,39.23,39.19,39.23,0,0,0,0,0,0,0,0,38.966043688190844,39.249285061300675,38.01,39.23,56.909664829558245,45.74869835962385,56.909664829558245,45.74869835962385,69.98448016743681,66.01793343903468,69.98448016743681,66.01793343903468,96,101,96,101,-1,4,-1,4,-1,4,-1,4,96,101,96,101
1787103360,39.31,39.31,39.27,39.27,0,0,0,0,0,0,0,0,39.02373271458039,39.24962385007712,38.01,39.31,59.767765693381016,47.751422264446305,59.767765693381016,47.751422264446305,74.00867530835242,70.01330437369356,74.00867530835242,70.01330437369356,96,101,96,101,-1,4,-1,4,-1,4,-1,4,96,101,96,101
1787103420,39.160000000000004,39.2,39.160000000000004,39.2,0,0,0,0,0,0,0,0,39.05335706950517,39.2489974104412,38.01,39.31,62.03710111088678,49.79223352822351,62.03710111088678,49.79223352822351,76.33710630825816,73.17520534097585,76.33710630825816,73.17520534097585,96,101,96,101,-1,4,-1,4,-1,4,-1,4,96,101,96,101
1787103420.001,39.35,39.39,39.35,39.39,0,0,0,0,0,0,0,0,39.11214063262544,39.25026775129916,38.01,39.39,64.74873674582344,51.92887684502351,64.74873674582344,51.92887684502351,79.55188822281343,76.36354678189464,79.55188822281343,76.36354678189464,96,101,96,101,-1,4,-1,4,-1,4,-1,4,96,101,96,101
1787103480,39.45,39.49,39.45,39.49,0,0,0,0,0,0,0,0,39.17841809336021,39.252520476825204,38.01,39.49,67.26668412112176,54.1199921701804,67.26668412112176,54.1199921701804,82.31860689368567,79.34107683779015,82.31860689368567,79.34107683779015,96,101,96,101,-1,4,-1,4,-1,4,-1,4,96,101,96,101
1787103480.001,39.5,39.5,39.46,39.46,0,0,0,0,0,0,0,0,39.2320390460826,39.25471761967603,38.01,39.5,69.41302355829954,56.30471093991171,69.41302355829954,56.30471093991171,84.61441472958292,81.97774578368654,84.61441472958292,81.97774578368654,96,101,96,101,-1,4,-1,4,-1,4,-1,4,96,101,96,101
1787103480.002,39.31,39.35,39.31,39.35,0,0,0,0,0,0,0,0,39.251062249825154,39.25553303307892,38.01,39.5,70.87872801170961,58.38671337873998,70.87872801170961,58.38671337873998,85.22079268288319,83.59926923328487,85.22079268288319,83.59926923328487,96,101,96,101,-1,4,-1,4,-1,4,-1,4,96,101,96,101
1787103480.003,39.410000000000004,39.410000000000004,39.370000000000005,39.370000000000005,0,0,0,0,0,0,0,0,39.27511153773573,39.256804677857566,38.01,39.5,72.33561656696143,60.379413834200186,72.33561656696143,60.379413834200186,86.23910705512714,84.919188144206,86.23910705512714,84.919188144206,96,101,96,101,-1,4,-1,4,-1,4,-1,4,96,101,96,101
1787103540,39.35,39.39,39.35,39.39,0,0,0,0,0,0,0,0,39.293576106632266,39.25799733446263,38.01,39.5,73.7843189310663,62.29440027660963,73.7843189310663,62.29440027660963,86.99689521311954,85.95804167866277,86.99689521311954,85.95804167866277,96,101,96,101,-1,4,-1,4,-1,4,-1,4,96,101,96,101
1787103540.001,39.480000000000004,39.480000000000004,39.440000000000005,39.440000000000005,0,0,0,0,0,0,0,0,39.32262287512337,39.25994097624244,38.01,39.5,75.3692357475913,64.1622339153213,75.3692357475913,64.1622339153213,88.43262159206989,87.19533163536633,88.43262159206989,87.19533163536633,96,101,96,101,-1,4,-1,4,-1,4,-1,4,96,101,96,101
1787103600,39.29,39.33,39.29,39.33,0,0,0,0,0,0,0,0,39.321539928131244,39.26050541097303,38.01,39.5,76.31361919610946,65.89814609829104,76.31361919610946,65.89814609829104,88.30178686798705,87.74855925167668,88.30178686798705,87.74855925167668,96,101,96,101,-1,4,-1,4,-1,4,-1,4,96,101,96,101
1787103600.001,39.47,39.47,39.43,39.43,0,0,0,0,0,0,0,0,39.343684183622535,39.2623245942801,38.34,39.5,77.66993306944583,67.57982995131316,77.66993306944583,67.57982995131316,89.45522287629952,88.60189106398809,89.45522287629952,88.60189106398809,96,101,96,101,-1,4,-1,4,-1,4,-1,4,96,101,96,101
1787103660,39.38,39.42,39.38,39.42,0,0,0,0,0,0,0,0,39.355135544176015,39.26376083380634,38.72,39.5,78.88142874185839,69.19434406424818,78.88142874185839,69.19434406424818,90.0411977482376,89.32154440611285,90.0411977482376,89.32154440611285,96,101,96,101,-1,4,-1,4,-1,4,-1,4,96,101,96,101
1787103660.001,39.53,39.53,39.49,39.49,0,0,0,0,0,0,0,1,39.38208059675007,39.26614463977178,38.85,39.53,80.2019281926279,70.76685608258815,80.2019281926279,70.76685608258815,91.23831987442921,90.27993214027103,91.23831987442921,90.27993214027103,96,101,96,101,-1,4,-1,4,-1,4,-1,4,96,101,96,101
1787103720,39.32,39.32,39.28,39.28,0,0,0,0,0,0,0,0,39.3659447306743,39.26641517403608,38.85,39.53,80.44126414879358,72.14891437776035,80.44126414879358,72.14891437776035,90.2907403434957,90.28533624188336,90.2907403434957,90.28533624188336,96,101,96,101,-1,4,-1,4,-1,4,-1,4,96,101,96,101
1787103780,39.230000000000004,39.27,39.230000000000004,39.27,0,0,0,0,0,0,0,0,39.34607599176382,39.26631817396275,38.85,39.53,80.61651219831585,73.35857120926828,80.61651219831585,73.35857120926828,89.08379247487605,89.6845643583797,89.08379247487605,89.6845643583797,96,101,96,101,-1,4,-1,4,-1,4,-1,4,96,101,96,101
1787103840,39.29,39.29,39.25,39.25,0,0,0,0,0,0,0,0,39.33103187204918,39.26628847405599,38.85,39.53,80.68525756760907,74.40524068903123,80.68525756760907,74.40524068903123,88.16204768523208,88.9233060218059,88.16204768523208,88.9233060218059,96,101,96,101,-1,4,-1,4,-1,4,-1,4,96,101,96,101
1787103840.001,39.19,39.23,39.19,39.23,0,0,0,0,0,0,0,0,39.31023819834327,39.265794724728735,38.980000000000004,39.53,80.65510759097533,75.2980788178804,80.65510759097533,75.2980788178804,86.88325891816883,87.90328246998737,86.88325891816883,87.90328246998737,96,101,96,101,-1,4,-1,4,-1,4,-1,4,96,101,96,101
1787103900,39.24,39.24,39.2,39.2,0,0,0,0,0,0,0,0,39.29261913197783,39.265272720834254,38.980000000000004,39.53,80.48613374049215,76.03922952111064,80.48613374049215,76.03922952111064,85.80595125316735,86.85461686157737,85.80595125316735,86.85461686157737,96,101,96,101,-1,4,-1,4,-1,4,-1,4,96,101,96,101
1787103900.001,39.07,39.08,39.04,39.08,0,1,0,0,0,0,0,0,39.25153686555762,39.2632965411908,39.04,39.53,79.76531967632165,76.57152811471221,79.76531967632165,76.57152811471221,83.51036423203819,85.18249054680777,83.51036423203819,85.18249054680777,96,101,96,101,-1,4,-1,4,-1,4,-1,4,96,101,96,101
1787103960,39.22,39.23,39.19,39.23,0,0,0,0,0,0,0,0,39.245196829395624,39.26283256233981,39.04,39.53,79.80087954906558,77.03286403390554,79.80087954906558,77.03286403390554,82.95249265001767,84.06749159841272,82.95249265001767,84.06749159841272,96,101,96,101,-1,4,-1,4,-1,4,-1,4,96,101,96,101
1787104020,39.28,39.28,39.24,39.24,0,0,0,0,0,0,0,0,39.24667619374794,39.2627380426482,39.04,39.53,79.88089191210226,77.43972515936221,79.88089191210226,77.43972515936221,82.81266287294747,83.44007723568009,82.81266287294747,83.44007723568009,96,101,96,101,-1,4,-1,4,-1,4,-1,4,96,101,96,101
1787104080,39.22,39.22,39.18,39.18,0,0,0,0,0,0,0,0,39.236977491854375,39.262047448525664,39.04,39.53,79.67323421913254,77.75879788218654,79.67323421913254,77.75879788218654,82.12889900387977,82.78448811977992,82.12889900387977,82.78448811977992,96,101,96,101,-1,4,-1,4,-1,4,-1,4,96,101,96,101
1787104080.001,38.99,39.03,38.99,39.03,0,0,0,0,0,0,0,0,39.19692097818388,39.25960584870617,38.99,39.53,78.7755220004727,77.90404418479885,78.7755220004727,77.90404418479885,79.8322893717466,81.30838874576327,79.8322893717466,81.30838874576327,96,101,96,101,-1,4,-1,4,-1,4,-1,4,96,101,96,101
1787104140,39.09,39.13,39.09,39.13,0,0,0,0,0,0,0,0,39.18232928518075,39.25818356828787,38.99,39.53,78.41185689517579,77.97658885770984,78.41185689517579,77.97658885770984,78.80361645397832,80.0560025998708,78.80361645397832,80.0560025998708,96,101,96,101,-1,4,-1,4,-1,4,-1,4,96,101,96,101
1787104200,39.18,39.18,39.14,39.14,0,0,0,0,0,0,0,0,39.17705729393576,39.25714028236792,38.99,39.53,78.12116035003166,77.99724192804153,78.12116035003166,77.99724192804153,77.34187532789983,78.69893896388531,77.34187532789983,78.69893896388531,96,101,96,101,-1,4,-1,4,-1,4,-1,4,96,101,96,101
1787104200.001,39.07,39.08,39.04,39.04,0,0,0,0,0,0,0,0,39.154562028371686,39.25511235252678,38.99,39.53,77.3813030317963,77.90925065714934,77.3813030317963,77.90925065714934,72.18368855266185,75.44131375827358,72.18368855266185,75.44131375827358,96,101,96,101,-1,4,-1,4,-1,4,-1,4,96,101,96,101
1787104260,39.02,39.02,38.980000000000004,38.980000000000004,0,0,0,0,0,0,0,0,39.12524772018289,39.252507586166644,38.980000000000004,39.53,76.41233777764546,77.69540596007735,76.41233777764546,77.69540596007735,64.9389599358952,70.19013684708439,64.9389599358952,70.19013684708439,96,101,96,101,-1,4,-1,4,-1,4,-1,4,96,101,96,101
1787104260.001,38.82,38.85,38.81,38.81,0,0,0,0,0,0,0,0,39.07035419530115,39.24823719559119,38.81,39.53,74.71371214691139,77.26944970105365,74.71371214691139,77.26944970105365,55.8603783577514,63.025257602417895,55.8603783577514,63.025257602417895,96,101,96,101,-1,4,-1,4,-1,4,-1,4,96,101,96,101
1787104320,38.800000000000004,38.84,38.800000000000004,38.84,0,0,0,0,0,0,0,0,39.026047371913066,39.2440424639601,38.800000000000004,39.53,73.27739436198165,76.69915608118622,73.27739436198165,76.69915608118622,48.349991625626465,55.687624614022184,48.349991625626465,55.687624614022184,96,101,96,101,-1,4,-1,4,-1,4,-1,4,96,101,96,101
1787104380,38.95,38.95,38.910000000000004,38.910000000000004,0,0,0,0,0,0,0,0,39.007372092171295,39.24085132833197,38.800000000000004,39.53,72.27261807296794,76.0667935085836,72.27261807296794,76.0667935085836,43.908603389480184,49.79811400175119,43.908603389480184,49.79811400175119,96,101,96,101,-1,4,-1,4,-1,4,-1,4,96,101,96,101
1787104440,38.84,38.88,38.84,38.84,0,0,0,0,0,0,0,0,38.979365045109844,39.236995427884224,38.800000000000004,39.53,71.01066415046274,75.34448931456633,71.01066415046274,75.34448931456633,38.575280400376265,44.18669720106372,38.575280400376265,44.18669720106372,96,101,96,101,-1,4,-1,4,-1,4,-1,4,96,101,96,101
1787104560,38.83,38.83,38.79,38.79,0,0,0,0,0,0,0,0,38.9473592793323,39.2326803821673,38.79,39.53,69.60388738783571,74.52440332503339,69.60388738783571,74.52440332503339,33.37340636634565,38.780051783704685,33.37340636634565,38.780051783704685,96,101,96,101,-1,4,-1,4,-1,4,-1,4,96,101,96,101
1787104560.001,38.75,38.79,38.75,38.79,0,0,0,0,0,0,0,0,38.91632425884764,39.228142932261825,38.75,39.32,68.29759467968204,73.63485923284033,68.29759467968204,73.63485923284033,29.045337324999583,33.912694554352136,29.045337324999583,33.912694554352136,96,101,96,101,-1,4,-1,4,-1,4,-1,4,96,101,96,101
1787104560.002,38.82,38.84,38.800000000000004,38.84,0,0,0,0,0,0,0,0,38.9000228784511,39.224148143549435,38.75,39.29,67.31957099955439,72.73267519951376,67.31957099955439,72.73267519951376,26.324574849999696,30.118634702175918,26.324574849999696,30.118634702175918,96,101,96,101,-1,4,-1,4,-1,4,-1,4,96,101,96,101
1787104620,38.85,38.86,38.82,38.86,0,0,0,0,0,0,0,0,38.89032174903575,39.22039210895359,38.75,39.29,66.50539111612757,71.84306318760144,66.50539111612757,71.84306318760144,24.395423131501595,27.257028916838756,24.395423131501595,27.257028916838756,96,101,96,101,-1,4,-1,4,-1,4,-1,4,96,101,96,101
1787104680,39.01,39.01,38.97,38.97,0,0,0,0,0,0,0,0,38.90723294618076,39.21803331516632,38.75,39.28,66.2662842318929,71.04638047964308,66.2662842318929,71.04638047964308,25.232707006488486,26.244867961663623,25.232707006488486,26.244867961663623,96,101,96,101,-1,4,-1,4,-1,4,-1,4,96,101,96,101
1787104740,38.910000000000004,38.95,38.910000000000004,38.95,0,0,0,0,0,0,0,0,38.91258453172365,39.215233647022046,38.75,39.28,65.95027144841184,70.31836490375291,65.95027144841184,70.31836490375291,24.99799794695358,25.621432954308602,24.99799794695358,25.621432954308602,96,101,96,101,-1,4,-1,4,-1,4,-1,4,96,101,96,101
1787104740.001,38.97,38.97,38.93,38.97,0,0,0,0,0,0,0,0,38.92059946534965,39.21266084124736,38.75,39.28,65.750815969014,69.66585791307593,65.750815969014,69.66585791307593,25.309639265887004,25.4655361100978,25.309639265887004,25.4655361100978,96,101,96,101,-1,4,-1,4,-1,4,-1,4,96,101,96,101
1787104800,39,39.03,38.99,39.03,0,0,0,0,0,0,0,0,38.93806622922548,39.21071065045552,38.75,39.28,65.8475621967912,69.12038709646383,65.8475621967912,69.12038709646383,26.565771385412393,26.015653747755096,26.565771385412393,26.015653747755096,96,101,96,101,-1,4,-1,4,-1,4,-1,4,96,101,96,101
1787104860,39.09,39.09,39.050000000000004,39.050000000000004,0,0,0,0,0,0,0,0,38.960842066336,39.20924420948913,38.75,39.28,66.0313829421332,68.6791007887023,66.0313829421332,68.6791007887023,28.55820697504216,27.28693036139863,28.55820697504216,27.28693036139863,96,101,96,101,-1,4,-1,4,-1,4,-1,4,96,101,96,101
1787104920,39.04,39.08,39.04,39.08,0,0,0,0,0,0,0,0,38.980082902759754,39.207825527470995,38.75,39.22,66.34305107784549,68.34537940143704,66.34305107784549,68.34537940143704,30.229378872380455,28.75815461688954,30.229378872380455,28.75815461688954,96,101,96,101,-1,4,-1,4,-1,4,-1,4,96,101,96,101
1787104920.001,39.1,39.13,39.09,39.13,0,0,0,0,0,0,0,0,39.004916314379194,39.20691847412966,38.75,39.18,66.8674196098791,68.13424228835734,66.8674196098791,68.13424228835734,32.61419287962279,30.686173748256167,32.61419287962279,30.686173748256167,96,101,96,101,-1,4,-1,4,-1,4,-1,4,96,101,96,101
1787104980,39.15,39.15,39.11,39.11,0,0,0,0,0,0,0,0,39.02644668146176,39.206086781186414,38.75,39.18,67.26034828436141,68.0094002877865,67.26034828436141,68.0094002877865,34.84146935469507,32.763821551475615,34.84146935469507,32.763821551475615,96,101,96,101,-1,4,-1,4,-1,4,-1,4,96,101,96,101
1787105040,39.09,39.1,39.06,39.06,0,0,0,0,0,0,0,0,39.034971527256594,39.20476585135703,38.75,39.18,67.3902482189371,67.9209499922366,67.3902482189371,67.9209499922366,35.79818252380452,34.281002037640064,35.79818252380452,34.281002037640064,96,101,96,101,-1,4,-1,4,-1,4,-1,4,96,101,96,101
1787105100,39.01,39.05,39.01,39.05,0,0,0,0,0,0,0,0,39.03527973442206,39.20309322265364,38.75,39.15,67.46387710555436,67.8556538655677,67.46387710555436,67.8556538655677,35.88562165044048,35.08331184404027,35.88562165044048,35.08331184404027,96,101,96,101,-1,4,-1,4,-1,4,-1,4,96,101,96,101
1787105160,39.07,39.07,39.03,39.03,0,0,0,0,0,0,0,0,39.0367440251332,39.20150357201364,38.75,39.15,67.43826182357869,67.79602643099784,67.43826182357869,67.79602643099784,36.180349693051525,35.631830768545896,36.180349693051525,35.631830768545896,96,101,96,101,-1,4,-1,4,-1,4,-1,4,96,101,96,101
1787105160.001,38.980000000000004,38.980000000000004,38.940000000000005,38.940000000000005,0,0,0,0,0,0,0,0,39.021578444805954,39.19903421640488,38.75,39.15,66.9915438737742,67.68110035139446,66.9915438737742,67.68110035139446,36.17463557650038,35.90323317252314,36.17463557650038,35.90323317252314,96,101,96,101,-1,4,-1,4,-1,4,-1,4,96,101,96,101
1787105220,38.92,38.96,38.92,38.96,0,0,0,0,0,0,0,0,39.007958121507905,39.196523096506986,38.75,39.15,66.67071931136176,67.53676020281837,66.67071931136176,67.53676020281837,36.13910562641839,36.021169399470764,36.13910562641839,36.021169399470764,96,101,96,101,-1,4,-1,4,-1,4,-1,4,96,101,96,101
1787105220.001,38.97,38.97,38.93,38.93,0,0,0,0,0,0,0,0,38.99620816002162,39.19400379538088,38.75,39.15,66.23183334551261,67.35034208034612,66.23183334551261,67.35034208034612,36.1615614364009,36.09136541793583,36.1615614364009,36.09136541793583,96,101,96,101,-1,4,-1,4,-1,4,-1,4,96,101,96,101
1787105280,38.910000000000004,38.94,38.9,38.9,0,0,0,0,0,0,0,0,38.98114000971466,39.191211054464986,38.75,39.15,65.68331893361508,67.1121959165274,65.68331893361508,67.1121959165274,35.30829255195539,35.69982898494561,35.30829255195539,35.69982898494561,96,101,96,101,-1,4,-1,4,-1,4,-1,4,96,101,96,101
1787105340,38.86,38.87,38.83,38.83,0,0,0,0,0,0,0,0,38.9560842503726,39.18774958460298,38.75,39.15,63.93282976608793,66.65800075217889,63.93282976608793,66.65800075217889,32.79794348119109,34.24888623306835,32.79794348119109,34.24888623306835,96,101,96,101,-1,4,-1,4,-1,4,-1,4,96,101,96,101
1787105460,38.77,38.81,38.77,38.81,0,0,0,0,0,0,0,0,38.92709923515334,39.18385821228521,38.75,39.15,60.15984986216104,65.72969348217633,60.15984986216104,65.72969348217633,29.298506811371446,31.773696522219897,29.298506811371446,31.773696522219897,96,101,96,101,-1,4,-1,4,-1,4,-1,4,96,101,96,101
1787105520,38.82,38.85,38.81,38.81,0,0,0,0,0,0,0,0,38.9082327075497,39.18027090005683,38.77,39.15,56.412168278600106,64.39861845309402,56.412168278600106,64.39861845309402,26.999798291148576,29.386747406684236,26.999798291148576,29.386747406684236,96,101,96,101,-1,4,-1,4,-1,4,-1,4,96,101,96,101
1787105580,38.79,38.83,38.79,38.83,0,0,0,0,0,0,0,0,38.89158433648006,39.176652947485785,38.77,39.15,53.11532841987224,62.786719876919484,53.11532841987224,62.786719876919484,24.867751635000666,27.12724952084245,24.867751635000666,27.12724952084245,96,101,96,101,-1,4,-1,4,-1,4,-1,4,96,101,96,101
1787105640,38.89,38.93,38.89,38.93,0,0,0,0,0,0,0,0,38.89614476015035,39.17406601931843,38.77,39.15,50.96972803823301,61.09857818567856,50.96972803823301,61.09857818567856,26.300018118754426,26.71363381979844,26.300018118754426,26.71363381979844,96,101,96,101,-1,4,-1,4,-1,4,-1,4,96,101,96,101
1787105700,38.95,38.95,38.910000000000004,38.910000000000004,0,0,0,0,0,0,0,0,38.901088137092714,39.17157116672156,38.77,39.15,48.79423464356073,59.34081482251888,48.79423464356073,59.34081482251888,28.390048752952367,27.551841286375403,28.390048752952367,27.551841286375403,96,101,96,101,-1,4,-1,4,-1,4,-1,4,96,101,96,101
1787105700.001,38.89,38.9,38.86,38.86,0,0,0,0,0,0,0,0,38.89604180913646,39.168603626090835,38.77,39.15,46.31625817634667,57.4801638730657,46.31625817634667,57.4801638730657,28.453928831434336,28.00288505890487,28.453928831434336,28.00288505890487,96,101,96,101,-1,4,-1,4,-1,4,-1,4,96,101,96,101
1787105760,38.800000000000004,38.81,38.77,38.77,0,0,0,0,0,0,0,0,38.87554935899044,39.16477009083952,38.77,39.15,43.19110420404355,55.43886963463397,43.19110420404355,55.43886963463397,25.518649961827638,26.760767510366254,25.518649961827638,26.760767510366254,96,101,96,101,-1,4,-1,4,-1,4,-1,4,96,101,96,101
1787105820,38.75,38.77,38.730000000000004,38.730000000000004,0,0,0,0,0,0,0,0,38.85151008159824,39.16057669026732,38.730000000000004,39.15,40.106025332326155,53.248463305732855,40.106025332326155,53.248463305732855,22.28129180401555,24.5210296571909,22.28129180401555,24.5210296571909,96,101,96,101,-1,4,-1,4,-1,4,-1,4,96,101,96,101
1787105880,38.71,38.75,38.71,38.75,0,0,0,0,0,0,0,0,38.830629460701594,39.156358680082235,38.71,39.15,37.589741292909125,51.01150301818661,37.589741292909125,51.01150301818661,19.877470896948427,22.199250277069666,19.877470896948427,22.199250277069666,96,101,96,101,-1,4,-1,4,-1,4,-1,4,96,101,96,101
1787105940,38.84,38.87,38.83,38.87,0,0,0,0,0,0,0,0,38.83536349814979,39.1533766699985,38.71,39.15,36.29848799498353,48.9096437291576,36.29848799498353,48.9096437291576,21.778091937644156,21.98867110735691,21.778091937644156,21.98867110735691,96,101,96,101,-1,4,-1,4,-1,4,-1,4,96,101,96,101
1787106000,38.92,38.92,38.88,38.88,0,0,0,0,0,0,0,0,38.84590346818316,39.15078917411129,38.71,39.15,35.18657508941852,46.94920535205201,35.18657508941852,46.94920535205201,24.705896985513203,23.347284046435057,24.705896985513203,23.347284046435057,96,101,96,101,-1,4,-1,4,-1,4,-1,4,96,101,96,101
1787106000.001,38.86,38.9,38.86,38.9,0,0,0,0,0,0,0,0,38.853314958816526,39.148161089460096,38.71,39.1,34.32830056212554,45.146218953491086,34.32830056212554,45.146218953491086,26.82583377979055,25.086558913112803,26.82583377979055,25.086558913112803,96,101,96,101,-1,4,-1,4,-1,4,-1,4,96,101,96,101
1787106060,38.94,38.98,38.94,38.98,0,0,0,0,0,0,0,0,38.87392436024383,39.146355174805436,38.71,39.07,34.22819546970887,43.586501312950766,34.22819546970887,43.586501312950766,31.24032505800226,28.163441985557533,31.24032505800226,28.163441985557533,96,101,96,101,-1,4,-1,4,-1,4,-1,4,96,101,96,101
1787106120,39,39,38.96,38.96,0,0,0,0,0,0,0,0,38.891998718987374,39.14463356444253,38.71,39.07,33.96102471316173,42.211433227266625,33.96102471316173,42.211433227266625,35.413785114651276,31.788613550104404,35.413785114651276,31.788613550104404,96,101,96,101,-1,4,-1,4,-1,4,-1,4,96,101,96,101
1787106120.001,38.87,38.91,38.87,38.91,0,0,0,0,0,0,0,0,38.892847436747246,39.14216623212635,38.71,39,33.27739751239578,40.9351424108565,33.27739751239578,40.9351424108565,36.3286989294413,34.05865623977285,36.3286989294413,34.05865623977285,96,101,96,101,-1,4,-1,4,-1,4,-1,4,96,101,96,101
1787106180,39,39.01,38.97,38.97,0,0,0,0,0,0,0,0,38.909299417944716,39.140585805272686,38.71,39.01,33.16524890959398,39.825157624961854,33.16524890959398,39.825157624961854,40.03498869276771,37.046822466270285,40.03498869276771,37.046822466270285,96,101,96,101,-1,4,-1,4,-1,4,-1,4,96,101,96,101
1787106240,38.910000000000004,38.92,38.88,38.88,0,0,0,0,0,0,0,0,38.90639649346992,39.1381255816713,38.71,39.01,32.277138795842504,38.74686922080195,32.277138795842504,38.74686922080195,40.28973056782682,38.668276517048554,40.28973056782682,38.668276517048554,96,101,96,101,-1,4,-1,4,-1,4,-1,4,96,101,96,101
1787106300,38.82,38.85,38.81,38.85,0,0,0,0,0,0,0,0,38.893718343142055,39.13512599047722,38.71,39.01,31.191141076975708,37.66747948596963,31.191141076975708,37.66747948596963,38.62496386333203,38.64662019019029,38.62496386333203,38.64662019019029,96,101,96,101,-1,4,-1,4,-1,4,-1,4,96,101,96,101
1787106360,38.910000000000004,38.91,38.87,38.91,0,0,0,0,0,0,0,0,38.89425440196471,39.132753260887064,38.71,39.01,30.705362707365907,36.67289137474052,30.705362707365907,36.67289137474052,39.34087811662229,38.99374915340629,39.34087811662229,38.99374915340629,96,101,96,101,-1,4,-1,4,-1,4,-1,4,96,101,96,101
1787106420,38.92,38.92,38.88,38.88,0,0,0,0,0,0,0,0,38.89408693494082,39.13037097305071,38.71,39.01,29.99295875091644,35.718615285622796,29.99295875091644,35.718615285622796,39.759713710351605,39.37673143187895,39.759713710351605,39.37673143187895,96,101,96,101,-1,4,-1,4,-1,4,-1,4,96,101,96,101
1787106480,38.83,38.83,38.79,38.79,0,0,0,0,0,0,0,0,38.877586280103095,39.12711686718288,38.71,39.01,28.54746866592065,34.69416576852249,28.54746866592065,34.69416576852249,37.19663772575582,38.286684578817386,37.19663772575582,38.286684578817386,96,101,96,101,-1,4,-1,4,-1,4,-1,4,96,101,96,101
1787106540,38.75,38.75,38.71,38.75,0,0,0,0,0,0,0,0,38.851964532205564,39.12323179056082,38.71,39.01,26.976747836153475,33.59167749246977,26.976747836153475,33.59167749246977,32.92179337532329,35.60423897707034,32.92179337532329,35.60423897707034,96,101,96,101,-1,4,-1,4,-1,4,-1,4,96,101,96,101
1787106600,38.81,38.81,38.77,38.77,0,0,0,0,0,0,0,0,38.83948613241061,39.11984971635955,38.71,39.01,25.788753532585893,32.476974069629215,25.788753532585893,32.476974069629215,30.68621250352389,33.145225740297114,30.68621250352389,33.145225740297114,96,101,96,101,-1,4,-1,4,-1,4,-1,4,96,101,96,101
1787106660,38.71,38.75,38.71,38.75,0,0,0,0,0,0,0,0,38.820791684093535,39.11603694969594,38.71,39.01,24.43931054626817,31.328736423434776,24.43931054626817,31.328736423434776,27.081688639384147,30.11345718984063,27.081688639384147,30.11345718984063,96,101,96,101,-1,4,-1,4,-1,4,-1,4,96,101,96,101
1787106780,38.77,38.8,38.76,38.8,0,0,0,0,0,0,0,0,38.81458713547047,39.11275963344689,38.71,39.01,23.821465056121152,30.256269085247116,23.821465056121152,30.256269085247116,25.68040844414748,27.896932816994056,25.68040844414748,27.896932816994056,96,101,96,101,-1,4,-1,4,-1,4,-1,4,96,101,96,101
1787106840,38.81,38.82,38.78,38.82,0,0,0,0,0,0,0,0,38.81314705023341,39.1097139322849,38.71,39.01,23.498377953114993,29.2908560663711,23.498377953114993,29.2908560663711,25.674782329415837,26.785857573204947,25.674782329415837,26.785857573204947,96,101,96,101,-1,4,-1,4,-1,4,-1,4,96,101,96,101
1787106900,38.85,38.85,38.81,38.81,0,0,0,0,0,0,0,0,38.81499910170612,39.10686437408638,38.71,39.01,23.073055217115563,28.402598802191733,23.073055217115563,28.402598802191733,26.610130885531028,26.697994229367985,26.610130885531028,26.697994229367985,96,101,96,101,-1,4,-1,4,-1,4,-1,4,96,101,96,101
1787106960,38.7,38.71,38.67,38.67,0,0,0,0,0,0,0,0,38.791059871092884,39.10265013487491,38.67,39.01,21.42497984446445,27.40579609394498,21.42497984446445,27.40579609394498,23.30868361616956,25.003338922768773,23.30868361616956,25.003338922768773,96,101,96,101,-1,4,-1,4,-1,4,-1,4,96,101,96,101
1787107020,38.65,38.67,38.63,38.63,0,0,0,0,0,0,0,0,38.76420050059115,39.098079818441654,38.63,39.01,19.894624141288414,26.33277152927975,19.894624141288414,26.33277152927975,20.429999490551374,22.71666920666007,20.429999490551374,22.71666920666007,96,101,96,101,-1,4,-1,4,-1,4,-1,4,96,101,96,101
1787107200,38.62,38.66,38.62,38.66,0,0,0,0,0,0,0,0,38.742830712604885,39.093588145289665,38.62,39.01,18.949770035958277,25.27805703023382,18.949770035958277,25.27805703023382,18.39054901387923,20.55360911026965,18.39054901387923,20.55360911026965,96,101,96,101,-1,4,-1,4,-1,4,-1,4,96,101,96,101
1787107200.001,38.79,38.83,38.79,38.83,0,0,0,0,0,0,0,0,38.75625543152521,39.090832707691426,38.62,39.01,20.27478646196126,24.56330409190917,20.27478646196126,24.56330409190917,22.86955483240939,21.71158197133952,22.86955483240939,21.71158197133952,96,101,96,101,-1,4,-1,4,-1,4,-1,4,96,101,96,101
1787107260,38.97,38.97,38.93,38.93,0,0,0,0,0,0,0,0,38.79026959549032,39.089365052225176,38.62,39.01,22.7806690616171,24.308641944724588,22.7806690616171,24.308641944724588,31.543867512028562,26.62772474168404,31.543867512028562,26.62772474168404,96,101,96,101,-1,4,-1,4,-1,4,-1,4,96,101,96,101
1787107260.001,38.84,38.86,38.82,38.86,0,0,0,0,0,0,0,0,38.800523608431476,39.08695014291614,38.62,39.01,24.21470290415467,24.29522208178603,24.21470290415467,24.29522208178603,35.389249076244305,31.008486908964173,35.389249076244305,31.008486908964173,96,101,96,101,-1,4,-1,4,-1,4,-1,4,96,101,96,101
1787107320,38.87,38.87,38.83,38.83,0,0,0,0,0,0,0,0,38.808307194777264,39.084526095059594,38.62,39.01,25.315269947388913,24.440943205443585,25.315269947388913,24.440943205443585,38.612030343740756,34.810258626352464,38.612030343740756,34.810258626352464,96,101,96,101,-1,4,-1,4,-1,4,-1,4,96,101,96,101
1787107320.001,38.75,38.75,38.71,38.71,0,0,0,0,0,0,0,0,38.79285740178746,39.08093213723147,38.62,39.01,24.719974385109158,24.480804802538668,24.719974385109158,24.480804802538668,36.978809891704586,35.894534259028525,36.978809891704586,35.894534259028525,96,101,96,101,-1,4,-1,4,-1,4,-1,4,96,101,96,101
1787107380,38.69,38.69,38.65,38.65,0,0,0,0,0,0,0,0,38.76930757115944,39.07677692525238,38.62,38.97,23.35857459749356,24.32048620181794,23.35857459749356,24.32048620181794,33.381104449299876,34.6378193541642,33.381104449299876,34.6378193541642,96,101,96,101,-1,4,-1,4,-1,4,-1,4,96,101,96,101
1787107440,38.64,38.66,38.62,38.66,0,0,0,0,0,0,0,0,38.747009224888025,39.07249722118685,38.62,38.97,22.22918854133835,24.021729393177996,22.22918854133835,24.021729393177996,29.638016267898273,32.13791781103124,29.638016267898273,32.13791781103124,96,101,96,101,-1,4,-1,4,-1,4,-1,4,96,101,96,101
1787107560,38.69,38.71,38.67,38.71,0,0,0,0,0,0,0,0,38.73785603248414,39.06875761367919,38.62,38.97,21.85432736520506,23.712100532039006,21.85432736520506,23.712100532039006,28.261156801055765,30.199537306043503,28.261156801055765,30.199537306043503,96,101,96,101,-1,4,-1,4,-1,4,-1,4,96,101,96,101
1787107680,38.72,38.74,38.7,38.74,0,0,0,0,0,0,0,0,38.735821602335506,39.065353723659165,38.62,38.97,21.91055465583063,23.45473683543781,21.91055465583063,23.45473683543781,28.179892642663326,29.189714974353414,28.179892642663326,29.189714974353414,96,101,96,101,-1,4,-1,4,-1,4,-1,4,96,101,96,101
1787107740,38.77,38.81,38.77,38.81,0,0,0,0,0,0,0,0,38.746884341304806,39.06268022060451,38.62,38.97,22.906161937826617,23.376368992921925,22.906161937826617,23.376368992921925,30.527820067338027,29.85876752084572,30.527820067338027,29.85876752084572,96,101,96,101,-1,4,-1,4,-1,4,-1,4,96,101,96,101
1787107860,38.910000000000004,38.910000000000004,38.870000000000005,38.870000000000005,0,0,0,0,0,0,0,0,38.771693248946356,39.06089567446251,38.62,38.97,24.639279750893,23.55678481548922,24.639279750893,23.55678481548922,35.91029265845109,32.88453008964841,35.91029265845109,32.88453008964841,96,101,96,101,-1,4,-1,4,-1,4,-1,4,96,101,96,101
1787107860.001,38.82,38.85,38.81,38.85,0,0,0,0,0,0,0,0,38.783506597622775,39.058664540056576,38.62,38.97,25.979061655478855,23.902824364059168,25.979061655478855,23.902824364059168,38.692338762188875,35.78843442591864,38.692338762188875,35.78843442591864,96,101,96,101,-1,4,-1,4,-1,4,-1,4,96,101,96,101
1787107920,38.88,38.88,38.84,38.84,0,0,0,0,0,0,0,0,38.79620236775197,39.05662144347227,38.62,38.97,27.08837396310645,24.35790287820878,27.08837396310645,24.35790287820878,41.80955044085068,38.798992433384655,41.80955044085068,38.798992433384655,96,101,96,101,-1,4,-1,4,-1,4,-1,4,96,101,96,101
1787107980,38.82,38.83,38.79,38.79,0,0,0,0,0,0,0,0,38.797498906948576,39.05410116376939,38.62,38.97,27.444595229892663,24.798858928449334,27.444595229892663,24.798858928449334,42.57668426065579,40.68783834702022,42.57668426065579,40.68783834702022,96,101,96,101,-1,4,-1,4,-1,4,-1,4,96,101,96,101
1787108040,38.730000000000004,38.77,38.730000000000004,38.77,0,0,0,0,0,0,0,0,38.790074863260955,39.05114161653454,38.62,38.97,27.505830341504176,25.185569130314313,27.505830341504176,25.185569130314313,41.40272570327299,41.045282025146605,41.40272570327299,41.045282025146605,96,101,96,101,-1,4,-1,4,-1,4,-1,4,96,101,96,101
1787108100,38.84,38.84,38.800000000000004,38.800000000000004,0,0,0,0,0,0,0,0,38.79430367600139,39.0487753649604,38.62,38.97,27.967004185035638,25.582916995274502,27.967004185035638,25.582916995274502,42.667537782292776,41.856409903719694,42.667537782292776,41.856409903719694,96,101,96,101,-1,4,-1,4,-1,4,-1,4,96,101,96,101
1787108100.001,38.79,38.8,38.76,38.8,0,0,0,0,0,0,0,0,38.79291512884962,39.04616731821121,38.62,38.97,28.39523703974333,25.984677001627194,28.39523703974333,25.984677001627194,42.799281469071516,42.327845686395605,42.799281469071516,42.327845686395605,96,101,96,101,-1,4,-1,4,-1,4,-1,4,96,101,96,101
1787108160,38.82,38.82,38.78,38.78,0,0,0,0,0,0,0,0,38.79299116602848,39.04365155716765,38.62,38.97,28.52334005442478,26.34734315202685,28.52334005442478,26.34734315202685,43.13198484894781,42.72991526767171,43.13198484894781,42.72991526767171,96,101,96,101,-1,4,-1,4,-1,4,-1,4,96,101,96,101
1787108220,38.74,38.74,38.7,38.7,0,0,0,0,0,0,0,0,38.77850792372027,39.04036480867178,38.62,38.97,27.564125737868903,26.521169235718567,27.564125737868903,26.521169235718567,40.486756244153455,41.60833575591258,40.486756244153455,41.60833575591258,96,101,96,101,-1,4,-1,4,-1,4,-1,4,96,101,96,101
1787108280,38.69,38.73,38.69,38.73,0,0,0,0,0,0,0,0,38.76726405880143,39.037143931636905,38.62,38.97,27.077739398101976,26.600679258916198,27.077739398101976,26.600679258916198,38.53966861743769,40.07400218667513,38.53966861743769,40.07400218667513,96,101,96,101,-1,4,-1,4,-1,4,-1,4,96,101,96,101
1787108340,38.77,38.77,38.730000000000004,38.730000000000004,0,0,0,0,0,0,0,0,38.76291301780723,39.03422044309657,38.62,38.97,26.626094939747066,26.604310070463466,26.626094939747066,26.604310070463466,38.17685881494705,39.12543050081109,38.17685881494705,39.12543050081109,96,101,96,101,-1,4,-1,4,-1,4,-1,4,96,101,96,101
1787108340.001,38.660000000000004,38.7,38.660000000000004,38.7,0,0,0,0,0,0,0,0,38.74905004487258,39.03076219656493,38.62,38.910000000000004,25.914707205955683,26.505795375533783,25.914707205955683,26.505795375533783,35.33526673934266,37.230348620076875,35.33526673934266,37.230348620076875,96,101,96,101,-1,4,-1,4,-1,4,-1,4,96,101,96,101
1787108460,38.730000000000004,38.74,38.7,38.7,0,0,0,0,0,0,0,0,38.74255609731999,39.02760370041337,38.62,38.910000000000004,25.333497961085907,26.338324316326943,25.333497961085907,26.338324316326943,34.1241061847433,35.67722740241008,34.1241061847433,35.67722740241008,96,101,96,101,-1,4,-1,4,-1,4,-1,4,96,101,96,101
1787108580,38.56,38.56,38.52,38.52,0,0,0,0,0,0,0,0,38.704515594776964,39.022685587308096,38.52,38.910000000000004,23.523962392436914,25.93627261291408,23.523962392436914,25.93627261291408,29.75717038057357,32.717198891491826,29.75717038057357,32.717198891491826,96,101,96,101,-1,4,-1,4,-1,4,-1,4,96,101,96,101
1787108700,38.49,38.51,38.47,38.51,0,0,0,0,0,0,0,0,38.66672488057509,39.01745156819724,38.47,38.910000000000004,22.372779893506227,25.427202224427244,22.372779893506227,25.427202224427244,26.306146040491797,29.51167246599181,26.306146040491797,29.51167246599181,96,101,96,101,-1,4,-1,4,-1,4,-1,4,96,101,96,101
1787108760,38.54,38.54,38.5,38.5,0,0,0,0,0,0,0,0,38.63883550834932,39.01243546635779,38.47,38.910000000000004,21.171549583652624,24.819251847173724,21.171549583652624,24.819251847173724,23.862410891850093,26.687041678920952,23.862410891850093,26.687041678920952,96,101,96,101,-1,4,-1,4,-1,4,-1,4,96,101,96,101
1787108820,38.47,38.51,38.47,38.51,0,0,0,0,0,0,0,0,38.61298662804338,39.00730343850017,38.47,38.910000000000004,20.18839657106367,24.157701093443716,20.18839657106367,24.157701093443716,21.139209335871534,23.913125507396245,21.139209335871534,23.913125507396245,96,101,96,101,-1,4,-1,4,-1,4,-1,4,96,101,96,101
1787108880,38.52,38.52,38.480000000000004,38.480000000000004,0,0,0,0,0,0,0,0,38.591231483550644,39.002189308100505,38.47,38.910000000000004,18.878643376834326,23.403549991070946,18.878643376834326,23.403549991070946,18.86217943074733,21.38765246907179,18.86217943074733,21.38765246907179,96,101,96,101,-1,4,-1,4,-1,4,-1,4,96,101,96,101
1787108940,38.45,38.49,38.45,38.45,0,0,0,0,0,0,0,0,38.56797727442022,38.9968275571078,38.45,38.910000000000004,17.53016884991759,22.564495542334754,17.53016884991759,22.564495542334754,16.38736258899229,18.88750752903204,16.38736258899229,18.88750752903204,96,101,96,101,-1,4,-1,4,-1,4,-1,4,96,101,96,101
1787109120,38.410000000000004,38.44,38.4,38.44,0,0,0,0,0,0,0,0,38.54228443664685,38.991154314416846,38.4,38.910000000000004,16.746398007007777,21.733338751573758,16.746398007007777,21.733338751573758,14.697939863246607,16.792723696139323,14.697939863246607,16.792723696139323,96,101,96,101,-1,4,-1,4,-1,4,-1,4,96,101,96,101
1787109180,38.46,38.47,38.43,38.47,0,0,0,0,0,0,0,0,38.52671756937773,38.985836029364606,38.4,38.88,16.36989885194048,20.96713305162615,16.36989885194048,20.96713305162615,14.101993566993388,15.447358631566356,14.101993566993388,15.447358631566356,96,101,96,101,-1,4,-1,4,-1,4,-1,4,96,101,96,101
1787109300,38.49,38.49,38.45,38.45,0,0,0,0,0,0,0,0,38.515193162824204,38.9806369975633,38.4,38.88,15.786100456193026,20.226985537992846,15.786100456193026,20.226985537992846,13.741558395769008,14.594458513667682,13.741558395769008,14.594458513667682,96,101,96,101,-1,4,-1,4,-1,4,-1,4,96,101,96,101
1787109300.001,38.44,38.45,38.410000000000004,38.410000000000004,0,0,0,0,0,0,0,0,38.49849137564404,38.97509168747146,38.4,38.84,14.775617870914662,19.448218728410247,14.775617870914662,19.448218728410247,12.379982384343382,13.487220449005532,12.379982384343382,13.487220449005532,96,101,96,101,-1,4,-1,4,-1,4,-1,4,96,101,96,101
1787109420,38.4,38.410000000000004,38.370000000000005,38.370000000000005,0,0,0,0,0,0,0,0,38.47755354976937,38.969203544644216,38.370000000000005,38.84,13.720216594420759,18.629932709268893,13.720216594420759,18.629932709268893,10.944746805627563,12.215983627316547,10.944746805627563,12.215983627316547,96,101,96,101,-1,4,-1,4,-1,4,-1,4,96,101,96,101
1787109540,38.35,38.35,38.31,38.31,0,0,0,0,0,0,0,0,38.44951351041736,38.962776975377444,38.31,38.84,12.740201123390705,17.788542482714867,12.740201123390705,17.788542482714867,9.727531894001078,10.971757760658813,9.727531894001078,10.971757760658813,96,101,96,101,-1,4,-1,4,-1,4,-1,4,96,101,96,101
1787109660,38.27,38.28,38.24,38.28,0,0,0,0,0,0,0,0,38.41626862973542,38.955850504644005,38.24,38.82,12.201244271348875,16.990357023948295,12.201244271348875,16.990357023948295,8.977543329186448,9.97465054492263,8.977543329186448,9.97465054492263,96,101,96,101,-1,4,-1,4,-1,4,-1,4,96,101,96,101
1787109780,38.33,38.35,38.31,38.35,0,0,0,0,0,0,0,0,38.4017955455411,38.9496894714303,38.24,38.82,12.35013498666069,16.327468161478638,12.35013498666069,16.327468161478638,9.784589378108613,9.879619961515623,9.784589378108613,9.879619961515623,96,101,96,101,-1,4,-1,4,-1,4,-1,4,96,101,96,101
1787109840,38.37,38.39,38.35,38.35,0,0,0,0,0,0,0,0,38.394802416048776,38.943855081996496,38.24,38.77,12.488390650878802,15.779028517107234,12.488390650878802,15.779028517107234,10.988070213218887,10.433845087367255,10.988070213218887,10.433845087367255,96,101,96,101,-1,4,-1,4,-1,4,-1,4,96,101,96,101
1787109960,38.32,38.36,38.32,38.32,0,0,0,0,0,0,0,0,38.38362621919142,38.93778023872621,38.24,38.77,12.338477775073903,15.287521268245328,12.338477775073903,15.287521268245328,11.294678519645904,10.86426180350658,11.294678519645904,10.86426180350658,96,101,96,101,-1,4,-1,4,-1,4,-1,4,96,101,96,101
1787115600,38.29,38.33,38.29,38.33,0,0,0,0,0,0,0,0,38.37145175509601,38.93160000417836,38.24,38.77,12.292037340305143,14.859594992825302,12.292037340305143,14.859594992825302,11.258978176754013,11.061619990130296,11.258978176754013,11.061619990130296,96,101,96,101,-1,4,-1,4,-1,4,-1,4,96,101,96,101
1787115660,38.4,38.4,38.36,38.36,0,0,0,0,0,0,0,0,38.37179386023007,38.926045111931145,38.24,38.74,12.527207214884442,14.526396738833752,12.527207214884442,14.526396738833752,12.550339503315858,11.805979746723077,12.550339503315858,11.805979746723077,96,101,96,101,-1,4,-1,4,-1,4,-1,4,96,101,96,101
1787115660.001,38.27,38.27,38.230000000000004,38.230000000000004,0,0,0,0,0,0,0,0,38.3484374007943,38.919251959905296,38.230000000000004,38.74,11.632406699535553,14.11296959036258,11.632406699535553,14.11296959036258,11.093568313766646,11.44977403024486,11.093568313766646,11.44977403024486,96,101,96,101,-1,4,-1,4,-1,4,-1,4,96,101,96,101
1787115720,38.21,38.23,38.19,38.23,0,0,0,0,0,0,0,0,38.32447908549837,38.91226106146511,38.19,38.56,11.149952562460706,13.689681443519456,11.149952562460706,13.689681443519456,10.064328395927078,10.757051213085969,10.064328395927078,10.757051213085969,96,101,96,101,-1,4,-1,4,-1,4,-1,4,96,101,96,101
1787115840,38.24,38.28,38.24,38.24,0,0,0,0,0,0,0,0,38.31154349419563,38.905704566657825,38.19,38.54,10.789067449114246,13.275308015747283,10.789067449114246,13.275308015747283,9.777360847302702,10.267206030194336,9.777360847302702,10.267206030194336,96,101,96,101,-1,4,-1,4,-1,4,-1,4,96,101,96,101
1787115900,38.2,38.21,38.17,38.17,0,0,0,0,0,0,0,0,38.28823255585703,38.89851679319191,38.17,38.54,10.018419774177515,12.810038266951603,10.018419774177515,12.810038266951603,8.662285152818873,9.464745591506604,8.662285152818873,9.464745591506604,96,101,96,101,-1,4,-1,4,-1,4,-1,4,96,101,96,101
1787116020,38.15,38.19,38.15,38.19,0,0,0,0,0,0,0,0,38.26794784873151,38.89133420486827,38.15,38.52,9.651250417485384,12.358782859885,9.651250417485384,12.358782859885,7.894483164255722,8.679614377881164,7.894483164255722,8.679614377881164,96,101,96,101,-1,4,-1,4,-1,4,-1,4,96,101,96,101
1787116020.001,38.2,38.2,38.160000000000004,38.160000000000004,0,0,0,0,0,0,0,0,38.25074520956821,38.88418991758932,38.15,38.52,9.048983401602326,11.88595436584462,9.048983401602326,11.88595436584462,7.305002132509111,7.992308255195137,7.305002132509111,7.992308255195137,96,101,96,101,-1,4,-1,4,-1,4,-1,4,96,101,96,101
1787116140,38.15,38.18,38.14,38.18,0,0,0,0,0,0,0,0,38.235458201767926,38.87705038275427,38.14,38.49,8.746861523518849,11.437512531226654,8.746861523518849,11.437512531226654,6.792042644191549,7.392175449693344,6.792042644191549,7.392175449693344,96,101,96,101,-1,4,-1,4,-1,4,-1,4,96,101,96,101
1787116200,38.19,38.2,38.160000000000004,38.2,0,0,0,0,0,0,0,0,38.2265870135677,38.870180893041955,38.14,38.49,8.638436819171137,11.03764457236158,8.638436819171137,11.03764457236158,6.84215900114386,7.117167225418601,6.84215900114386,7.117167225418601,96,101,96,101,-1,4,-1,4,-1,4,-1,4,96,101,96,101
1787116320,38.21,38.21,38.17,38.17,0,0,0,0,0,0,0,0,38.218722708070544,38.86334658896525,38.14,38.49,8.279581177182157,10.643635515907377,8.279581177182157,10.643635515907377,6.831094269888151,6.974130747653376,6.831094269888151,6.974130747653376,96,101,96,101,-1,4,-1,4,-1,4,-1,4,96,101,96,101
1787116380,38.14,38.15,38.11,38.11,0,0,0,0,0,0,0,0,38.20137918539105,38.855983272988816,38.11,38.49,7.688182521669146,10.221427945301915,7.688182521669146,10.221427945301915,6.136913800749258,6.5555222742013175,6.136913800749258,6.5555222742013175,96,101,96,101,-1,4,-1,4,-1,4,-1,4,96,101,96,101
1787116500,38.1,38.14,38.1,38.14,0,0,0,0,0,0,0,0,38.187795091077525,38.84872639133387,38.1,38.45,7.4674338522231505,9.828000217719234,7.4674338522231505,9.828000217719234,5.771938908104926,6.163730591153122,5.771938908104926,6.163730591153122,96,101,96,101,-1,4,-1,4,-1,4,-1,4,96,101,96,101
1787116560,38.160000000000004,38.160000000000004,38.120000000000005,38.120000000000005,0,0,0,0,0,0,0,0,38.17789295330586,38.841608052448294,38.1,38.410000000000004,7.098249332400997,9.438035805530914,7.098249332400997,9.438035805530914,5.714966825283994,5.939348708218558,5.714966825283994,5.939348708218558,96,101,96,101,-1,4,-1,4,-1,4,-1,4,96,101,96,101
1787116620,38.1,38.1,38.06,38.06,0,0,0,0,0,0,0,0,38.15888211331085,38.83396352787999,38.06,38.4,6.591231522943784,9.031349479447039,6.591231522943784,9.031349479447039,5.220474582637753,5.579911645428156,5.220474582637753,5.579911645428156,96,101,96,101,-1,4,-1,4,-1,4,-1,4,96,101,96,101
1787116740,38.050000000000004,38.09,38.050000000000004,38.09,0,0,0,0,0,0,0,0,38.14393385028464,38.82642823572861,38.050000000000004,38.4,6.430988277516119,8.659869307742623,6.430988277516119,8.659869307742623,4.971586909341697,5.275749277384927,4.971586909341697,5.275749277384927,96,101,96,101,-1,4,-1,4,-1,4,-1,4,96,101,96,101
1787116800,38.34,38.37,38.33,38.37,0,0,0,0,0,0,0,0,38.18261254417228,38.82175399126034,38.050000000000004,38.4,8.456104021668656,8.630759981160628,8.456104021668656,8.630759981160628,10.59676393471521,7.936256606050068,10.59676393471521,7.936256606050068,96,101,96,101,-1,4,-1,4,-1,4,-1,4,96,101,96,101
1787116860,38.4,38.43,38.39,38.43,0,0,0,0,0,0,0,0,38.225167839171256,38.817723271612635,38.050000000000004,38.43,10.802407150555661,8.940995291074204,10.802407150555661,8.940995291074204,19.335041355806343,13.635648980928206,19.335041355806343,13.635648980928206,96,101,96,101,-1,4,-1,4,-1,4,-1,4,96,101,96,101
1787116920,38.53,38.53,38.49,38.49,0,0,0,0,0,0,0,0,38.27574338356436,38.814595013520304,38.050000000000004,38.53,13.446955708124671,9.584703922081415,13.446955708124671,9.584703922081415,29.86735323209059,21.751501106509398,29.86735323209059,21.751501106509398,96,101,96,101,-1,4,-1,4,-1,4,-1,4,96,101,96,101
1787116920.001,38.410000000000004,38.45,38.410000000000004,38.45,0,0,0,0,0,0,0,0,38.30500216231024,38.810834532457086,38.050000000000004,38.53,15.592048933941859,10.442896066632906,15.592048933941859,10.442896066632906,36.79592376161713,29.273712434063263,36.79592376161713,29.273712434063263,96,101,96,101,-1,4,-1,4,-1,4,-1,4,96,101,96,101
1787116980,38.47,38.48,38.44,38.48,0,0,0,0,0,0,0,0,38.33439570855686,38.807409976578576,38.050000000000004,38.53,17.816840469716162,11.496316695644802,17.816840469716162,11.496316695644802,44.039363224243175,36.65653782915322,44.039363224243175,36.65653782915322,96,101,96,101,-1,4,-1,4,-1,4,-1,4,96,101,96,101
1787116980.001,38.51,38.51,38.47,38.47,0,0,0,0,0,0,0,0,38.36147527669804,38.804185333362206,38.050000000000004,38.53,19.80507857281095,12.68328267809711,19.80507857281095,12.68328267809711,50.72421609697021,43.690376963061716,50.72421609697021,43.690376963061716,96,101,96,101,-1,4,-1,4,-1,4,-1,4,96,101,96,101
1787117040,38.410000000000004,38.410000000000004,38.370000000000005,38.370000000000005,0,0,0,0,0,0,0,0,38.365449468813544,38.799997751272365,38.050000000000004,38.53,21.048237412294558,13.878276211553887,21.048237412294558,13.878276211553887,53.477899511688776,48.58413823737524,53.477899511688776,48.58413823737524,96,101,96,101,-1,4,-1,4,-1,4,-1,4,96,101,96,101
1787117100,38.32,38.32,38.28,38.28,0,0,0,0,0,0,0,0,38.352337444180776,38.79495631427795,38.050000000000004,38.53,21.45509088616718,14.960678307927214,21.45509088616718,14.960678307927214,53.159628152875996,50.87188319512562,53.159628152875996,50.87188319512562,96,101,96,101,-1,4,-1,4,-1,4,-1,4,96,101,96,101
1787117160,38.27,38.31,38.27,38.31,0,0,0,0,0,0,0,0,38.34221548463276,38.78999820833157,38.050000000000004,38.53,22.082052832836286,15.978017525771367,22.082052832836286,15.978017525771367,52.8273003215128,51.84959175831921,52.8273003215128,51.84959175831921,96,101,96,101,-1,4,-1,4,-1,4,-1,4,96,101,96,101
1787117220,38.32,38.36,38.32,38.36,0,0,0,0,0,0,0,0,38.34302479045711,38.785586949210526,38.050000000000004,38.53,23.0795141753413,16.992517047138502,23.0795141753413,16.992517047138502,54.03054313272522,52.94006744552222,54.03054313272522,52.94006744552222,96,101,96,101,-1,4,-1,4,-1,4,-1,4,96,101,96,101
1787117220.001,38.39,38.41,38.37,38.41,0,0,0,0,0,0,0,0,38.35277785885884,38.78171709565287,38.050000000000004,38.53,24.421010671122506,18.053730421993357,24.421010671122506,18.053730421993357,56.66903697090737,54.804552208214794,56.66903697090737,54.804552208214794,96,101,96,101,-1,4,-1,4,-1,4,-1,4,96,101,96,101
1787117280,38.45,38.45,38.410000000000004,38.410000000000004,0,0,0,0,0,0,0,0,38.36560612694512,38.7781510880676,38.050000000000004,38.53,25.666685988633684,19.141295502941976,25.666685988633684,19.141295502941976,59.76393645125394,57.28424432973436,59.76393645125394,57.28424432973436,96,101,96,101,-1,4,-1,4,-1,4,-1,4,96,101,96,101
1787117340,38.4,38.4,38.36,38.36,0,0,0,0,0,0,0,0,38.36701107356116,38.77412305070706,38.050000000000004,38.53,26.408102105724595,20.179410731910924,26.408102105724595,20.179410731910924,60.928612196312976,59.10642826302367,60.928612196312976,59.10642826302367,96,101,96,101,-1,4,-1,4,-1,4,-1,4,96,101,96,101
1787117340.001,38.35,38.35,38.31,38.31,0,0,0,0,0,0,0,0,38.35906966624701,38.769637580882446,38.050000000000004,38.53,26.68127753671103,21.10824884688237,26.68127753671103,21.10824884688237,60.43881045398249,59.77261935850308,60.43881045398249,59.77261935850308,96,101,96,101,-1,4,-1,4,-1,4,-1,4,96,101,96,101
1787117400,38.26,38.3,38.26,38.3,0,0,0,0,0,0,0,0,38.34590548450513,38.76483190014398,38.050000000000004,38.53,26.851883958507358,21.92876814854308,26.851883958507358,21.92876814854308,58.768980389127734,59.270799873815406,58.768980389127734,59.270799873815406,96,101,96,101,-1,4,-1,4,-1,4,-1,4,96,101,96,101
1787117460,38.36,38.37,38.33,38.37,0,0,0,0,0,0,0,0,38.34786206307996,38.760770554537245,38.050000000000004,38.53,27.687764880576058,22.751481967404935,27.687764880576058,22.751481967404935,59.59960223829988,59.43520105605764,59.59960223829988,59.43520105605764,96,101,96,101,-1,4,-1,4,-1,4,-1,4,96,101,96,101
1787117520,38.39,38.4,38.36,38.4,0,0,0,0,0,0,0,0,38.35491744555027,38.75704812779227,38.050000000000004,38.53,28.72211558187738,23.604429626615282,28.72211558187738,23.604429626615282,61.204420966161756,60.3198110111097,61.204420966161756,60.3198110111097,96,101,96,101,-1,4,-1,4,-1,4,-1,4,96,101,96,101
1787117580,38.410000000000004,38.410000000000004,38.370000000000005,38.370000000000005,0,0,0,0,0,0,0,0,38.360083970601735,38.75332957262352,38.050000000000004,38.53,29.563845119880714,24.45577469708177,29.563845119880714,24.45577469708177,62.4609322567101,61.3903716339099,62.4609322567101,61.3903716339099,96,101,96,101,-1,4,-1,4,-1,4,-1,4,96,101,96,101
1787117640,38.32,38.33,38.29,38.29,0,0,0,0,0,0,0,0,38.34976567291657,38.74885199810322,38.050000000000004,38.53,29.622123813849406,25.19382457090572,29.622123813849406,25.19382457090572,61.09746574384653,61.24391868887821,61.09746574384653,61.24391868887821,96,101,96,101,-1,4,-1,4,-1,4,-1,4,96,101,96,101
1787117760,38.24,38.25,38.21,38.25,0,0,0,0,0,0,0,0,38.329202217234766,38.74375562664614,38.21,38.53,29.31457609116031,25.78250335951352,29.31457609116031,25.78250335951352,58.02401825663033,59.63396847275427,58.02401825663033,59.63396847275427,96,101,96,101,-1,4,-1,4,-1,4,-1,4,96,101,96,101
1787117880,38.28,38.28,38.24,38.28,0,0,0,0,0,0,0,0,38.31783211713147,38.7390084728155,38.21,38.53,29.354258503943832,26.292754094432134,29.354258503943832,26.292754094432134,56.34201564854036,57.987992060647315,56.34201564854036,57.987992060647315,96,101,96,101,-1,4,-1,4,-1,4,-1,4,96,101,96,101
1787117940,38.32,38.34,38.300000000000004,38.34,0,0,0,0,0,0,0,0,38.319438398865145,38.73490556927173,38.21,38.53,29.947692729543398,26.814888185162317,29.947692729543398,26.814888185162317,56.56696579398699,57.27747892731715,56.56696579398699,57.27747892731715,96,101,96,101,-1,4,-1,4,-1,4,-1,4,96,101,96,101
1787118000,38.35,38.39,38.35,38.39,0,0,0,0,0,0,0,0,38.329843538465425,38.73134100307666,38.21,38.51,31.181587693306138,27.438702400611437,31.181587693306138,27.438702400611437,58.128827823417424,57.703153375367286,58.128827823417424,57.703153375367286,96,101,96,101,-1,4,-1,4,-1,4,-1,4,96,101,96,101
1787118060,38.4,38.4,38.36,38.36,0,0,0,0,0,0,0,0,38.337750773895955,38.727778737706075,38.21,38.51,32.02972825489534,28.09456323693771,32.02972825489534,28.09456323693771,59.52709051531025,58.61512194533877,59.52709051531025,58.61512194533877,96,101,96,101,-1,4,-1,4,-1,4,-1,4,96,101,96,101
1787118060.001,38.300000000000004,38.33,38.29,38.33,0,0,0,0,0,0,0,0,38.333917299854264,38.72368807033255,38.21,38.51,32.519668300180534,28.726721103115256,32.519668300180534,28.726721103115256,58.93988710836116,58.77750452684997,58.93988710836116,58.77750452684997,96,101,96,101,-1,4,-1,4,-1,4,-1,4,96,101,96,101
1787118180,38.34,38.34,38.300000000000004,38.300000000000004,0,0,0,0,0,0,0,0,38.33017476048682,38.71960493862112,38.21,38.45,32.78482656859415,29.30645045532653,32.78482656859415,29.30645045532653,58.436569902404806,58.60703721462738,58.436569902404806,58.60703721462738,96,101,96,101,-1,4,-1,4,-1,4,-1,4,96,101,96,101
1787118180.001,38.25,38.27,38.230000000000004,38.27,0,0,0,0,0,0,0,0,38.31680965251952,38.714998587656396,38.21,38.45,32.72048595448131,29.794169812348645,32.72048595448131,29.794169812348645,56.27896467825173,57.443000946439554,56.27896467825173,57.443000946439554,96,101,96,101,-1,4,-1,4,-1,4,-1,4,96,101,96,101
1787118240,38.28,38.32,38.28,38.28,0,0,0,0,0,0,0,0,38.3125412308493,38.710802913484024,38.21,38.45,33.6045969017102,30.3385165394003,33.6045969017102,30.3385165394003,55.322445914691784,56.38272343056567,55.322445914691784,56.38272343056567,96,101,96,101,-1,4,-1,4,-1,4,-1,4,96,101,96,101
1787118300,38.26,38.3,38.26,38.3,0,0,0,0,0,0,0,0,38.307836764634274,38.706582652321664,38.21,38.45,34.84858342039264,30.982811808113492,34.84858342039264,30.982811808113492,54.383525069735704,55.383124250150686,54.383525069735704,55.383124250150686,96,101,96,101,-1,4,-1,4,-1,4,-1,4,96,101,96,101
1787118360,38.33,38.34,38.300000000000004,38.300000000000004,0,0,0,0,0,0,0,0,38.30883614076138,38.70266972377452,38.21,38.45,36.003713759169294,31.70008351540718,36.003713759169294,31.70008351540718,54.471592916916244,54.92735858353346,54.471592916916244,54.92735858353346,96,101,96,101,-1,4,-1,4,-1,4,-1,4,96,101,96,101
1787118420,38.29,38.300000000000004,38.260000000000005,38.260000000000005,0,0,0,0,0,0,0,0,38.302381084865374,38.698397719889535,38.21,38.45,36.557019919228665,32.39393157309596,36.557019919228665,32.39393157309596,53.35660345259503,54.14198101806424,53.35660345259503,54.14198101806424,96,101,96,101,-1,4,-1,4,-1,4,-1,4,96,101,96,101
1787118540,38.230000000000004,38.27,38.230000000000004,38.230000000000004,0,0,0,0,0,0,0,0,38.29164513004137,38.6938697160432,38.21,38.410000000000004,36.62437563928377,32.998280725408506,36.62437563928377,32.998280725408506,51.329469626034154,52.7357253220492,51.329469626034154,52.7357253220492,96,101,96,101,-1,4,-1,4,-1,4,-1,4,96,101,96,101
1787118660,38.2,38.21,38.17,38.21,0,0,0,0,0,0,0,0,38.27437631851869,38.68892242201956,38.17,38.410000000000004,36.3893011888587,33.4827122201871,36.3893011888587,33.4827122201871,48.460973965172116,50.59834964361066,48.460973965172116,50.59834964361066,96,101,96,101,-1,4,-1,4,-1,4,-1,4,96,101,96,101
1787118720,38.22,38.22,38.18,38.18,0,0,0,0,0,0,0,0,38.259641230303174,38.68399118730626,38.17,38.410000000000004,35.72458919917826,33.80298036004299,35.72458919917826,33.80298036004299,42.569723716179126,46.58403667989489,42.569723716179126,46.58403667989489,96,101,96,101,-1,4,-1,4,-1,4,-1,4,96,101,96,101
1787118840,38.15,38.160000000000004,38.120000000000005,38.120000000000005,0,0,0,0,0,0,0,0,38.23667615812684,38.67851200467967,38.120000000000005,38.410000000000004,34.214499494475064,33.861768807819,34.214499494475064,33.861768807819,36.97613949191646,41.780088085905675,36.97613949191646,41.780088085905675,96,101,96,101,-1,4,-1,4,-1,4,-1,4,96,101,96,101
1787118960,38.11,38.13,38.09,38.09,0,0,0,0,0,0,0,0,38.212432008164384,38.6727888338205,38.09,38.410000000000004,32.36584476867922,33.648065373656166,32.36584476867922,33.648065373656166,32.08344423982429,36.93176616286498,32.08344423982429,36.93176616286498,96,101,96,101,-1,4,-1,4,-1,4,-1,4,96,101,96,101
1787119140,38.08,38.11,38.07,38.11,0,0,0,0,0,0,1,0,38.19138376425571,38.66705627494335,38.07,38.410000000000004,30.946855856630638,33.26217829979537,30.946855856630638,33.26217829979537,28.34425090686249,32.63800853486374,28.34425090686249,32.63800853486374,96,101,96,101,-1,4,-1,4,-1,4,-1,4,96,101,96,101
1787119260,38.19,38.19,38.15,38.15,0,0,0,0,0,0,0,0,38.18628368590619,38.66204410637012,38.07,38.4,30.224461390680755,32.828218741350426,30.224461390680755,32.828218741350426,27.411955322765156,30.024981928814448,27.411955322765156,30.024981928814448,96,101,96,101,-1,4,-1,4,-1,4,-1,4,96,101,96,101
1787119320,38.14,38.17,38.13,38.13,0,0,0,0,0,0,0,0,38.17847453089294,38.65688280514587,38.07,38.4,29.256047481822584,32.31790856141787,29.256047481822584,32.31790856141787,25.76868897795457,27.89683545338451,25.76868897795457,27.89683545338451,96,101,96,101,-1,4,-1,4,-1,4,-1,4,96,101,96,101
1787119380,38.09,38.13,38.09,38.13,0,0,0,0,0,0,0,0,38.16723673739725,38.65150752018588,38.07,38.4,28.356805995025717,31.752036766218993,28.356805995025717,31.752036766218993,23.741583033735637,25.819209243560074,23.741583033735637,25.819209243560074,96,101,96,101,-1,4,-1,4,-1,4,-1,4,96,101,96,101
1787119440,38.17,38.17,38.13,38.17,0,0,0,0,0,0,0,0,38.16531490635533,38.64658373059863,38.07,38.4,28.117034138238143,31.232750676507443,28.117034138238143,31.232750676507443,23.80857493117183,24.81389208736595,23.80857493117183,24.81389208736595,96,101,96,101,-1,4,-1,4,-1,4,-1,4,96,101,96,101
1787119500,38.22,38.22,38.18,38.18,0,0,0,0,0,0,0,0,38.17040916580587,38.642073776396984,38.07,38.4,28.043198366459173,30.77710034650055,28.043198366459173,30.77710034650055,25.144192046267463,24.979042066816707,25.144192046267463,24.979042066816707,96,101,96,101,-1,4,-1,4,-1,4,-1,4,96,101,96,101
1787119500.001,38.17,38.18,38.14,38.14,0,0,0,0,0,0,0,0,38.16730446899268,38.637210687411276,38.07,38.4,27.379398483140616,30.29171436602056,27.379398483140616,30.29171436602056,24.71005934792887,24.84455070737279,24.71005934792887,24.84455070737279,96,101,96,101,-1,4,-1,4,-1,4,-1,4,96,101,96,101
1787119620,38.13,38.160000000000004,38.120000000000005,38.120000000000005,0,0,0,0,0,0,0,0,38.1611278988728,38.63219698239558,38.07,38.34,26.46539382958296,29.745097146529474,26.46539382958296,29.745097146529474,23.43568996739775,24.14012033738527,23.43568996739775,24.14012033738527,96,101,96,101,-1,4,-1,4,-1,4,-1,4,96,101,96,101
1787119740,38.09,38.1,38.06,38.1,0,0,0,0,0,0,0,0,38.147589493017136,38.62676882005002,38.06,38.34,25.3190561750889,29.11280557918082,25.3190561750889,29.11280557918082,21.18663535667064,22.663377847027952,21.18663535667064,22.663377847027952,96,101,96,101,-1,4,-1,4,-1,4,-1,4,96,101,96,101
1787119860,38.15,38.15,38.11,38.11,0,0,0,0,0,0,0,0,38.14317928216553,38.62175951172448,38.06,38.34,24.403409305439627,28.440034682932076,24.403409305439627,28.440034682932076,20.853850713881048,21.758614280454502,20.853850713881048,21.758614280454502,96,101,96,101,-1,4,-1,4,-1,4,-1,4,96,101,96,101
1787119920,38.09,38.13,38.09,38.13,0,0,0,0,0,0,0,0,38.13835880662028,38.61673371227116,38.06,38.34,23.850784831241537,27.784427561261996,23.850784831241537,27.784427561261996,20.078810815979747,20.918712548217123,20.078810815979747,20.918712548217123,96,101,96,101,-1,4,-1,4,-1,4,-1,4,96,101,96,101
1787119920.001,38.15,38.160000000000004,38.120000000000005,38.120000000000005,0,0,0,0,0,0,0,0,38.13744508420447,38.61192375825188,38.06,38.34,23.18882400996239,27.127912768219197,23.18882400996239,27.127912768219197,20.230817434105,20.57476499116106,20.230817434105,20.57476499116106,96,101,96,101,-1,4,-1,4,-1,4,-1,4,96,101,96,101
1787119980,38.1,38.14,38.1,38.1,0,0,0,0,0,0,0,0,38.13306112950063,38.606962659496475,38.06,38.34,22.2765270568698,26.434857666597853,22.2765270568698,26.434857666597853,19.29988433127345,19.937324661217254,19.29988433127345,19.937324661217254,96,101,96,101,-1,4,-1,4,-1,4,-1,4,96,101,96,101
1787120100,38.050000000000004,38.08,38.04,38.04,0,0,0,0,0,0,0,0,38.118565166561126,38.60145390998241,38.04,38.300000000000004,20.68534655280767,25.6134989360564,20.68534655280767,25.6134989360564,16.928858384334692,18.433091522775975,16.928858384334692,18.433091522775975,96,101,96,101,-1,4,-1,4,-1,4,-1,4,96,101,96,101
1787120220,38.01,38.02,37.980000000000004,38.02,0,0,0,0,0,0,0,0,38.09821998476213,38.595535628954394,37.980000000000004,38.27,19.7273023185162,24.772613704979225,19.7273023185162,24.772613704979225,15.507127784579277,16.970109653677625,15.507127784579277,16.970109653677625,96,101,96,101,-1,4,-1,4,-1,4,-1,4,96,101,96,101
1787120400,38.04,38.08,38.04,38.04,0,0,0,0,0,0,0,0,38.09005877541144,38.590140581236774,37.980000000000004,38.22,19.097430074985766,23.96187318640873,19.097430074985766,23.96187318640873,15.604748985421407,16.287429319549517,15.604748985421407,16.287429319549517,96,101,96,101,-1,4,-1,4,-1,4,-1,4,96,101,96,101
1787120520,37.99,38.03,37.99,38.03,0,0,0,0,0,0,0,0,38.076714755639664,38.5844343731316,37.980000000000004,38.22,18.382678576123112,23.16484538493936,18.382678576123112,23.16484538493936,14.531961715395198,15.409695517472358,14.531961715395198,15.409695517472358,96,101,96,101,-1,4,-1,4,-1,4,-1,4,96,101,96,101
1787120580,38.04,38.04,38,38,0,0,0,0,0,0,0,0,38.065190860674875,38.57875177572067,37.980000000000004,38.22,17.329370366140243,22.331206096539486,17.329370366140243,22.331206096539486,13.680456980542644,14.5450762490075,13.680456980542644,14.5450762490075,96,101,96,101,-1,4,-1,4,-1,4,-1,4,96,101,96,101
1787120640,37.99,38,37.96,37.96,0,0,0,0,0,0,0,0,38.048489492067326,38.57272771161731,37.96,38.22,16.091558197130226,21.439827825195305,16.091558197130226,21.439827825195305,12.180651437867818,13.362863843437658,12.180651437867818,13.362863843437658,96,101,96,101,-1,4,-1,4,-1,4,-1,4,96,101,96,101
1787120760,37.94,37.95,37.910000000000004,37.910000000000004,0,0,0,0,0,0,0,0,38.025733826842966,38.5662660760125,37.910000000000004,38.22,14.942161183049494,20.51158973346019,14.942161183049494,20.51158973346019,10.848721640621276,12.105792742029468,10.848721640621276,12.105792742029468,96,101,96,101,-1,4,-1,4,-1,4,-1,4,96,101,96,101
1787121000,37.83,37.87,37.83,37.87,0,0,0,0,0,0,1,0,37.99499434317455,38.55920538537224,37.83,38.22,14.283027220994928,19.621795088822296,14.283027220994928,19.621795088822296,9.900408022788184,11.003100382408826,9.900408022788184,11.003100382408826,96,101,96,101,-1,4,-1,4,-1,4,-1,4,96,101,96,101
1787121060,37.88,37.88,37.84,37.84,0,0,0,0,0,0,0,0,37.96923779593069,38.55218178286439,37.83,38.22,13.364851807250444,18.727946048597744,13.364851807250444,18.727946048597744,9.214355336059427,10.108727859234126,9.214355336059427,10.108727859234126,96,101,96,101,-1,4,-1,4,-1,4,-1,4,96,101,96,101
1787121060.001,37.82,37.86,37.82,37.82,0,0,0,0,0,0,0,0,37.94452789364026,38.54502906197353,37.82,38.22,12.410219535303984,17.825413689555777,12.410219535303984,17.825413689555777,8.117799079259605,9.113263469246865,8.117799079259605,9.113263469246865,96,101,96,101,-1,4,-1,4,-1,4,-1,4,96,101,96,101
1787121120,37.800000000000004,37.84,37.800000000000004,37.84,0,0,0,0,0,0,0,0,37.923098579645064,38.53788117744311,37.800000000000004,38.22,11.915164715267588,16.98109240751461,11.915164715267588,16.98109240751461,7.593034131428893,8.353148800337879,7.593034131428893,8.353148800337879,96,101,96,101,-1,4,-1,4,-1,4,-1,4,96,101,96,101
1787121240,37.88,37.88,37.84,37.84,0,0,0,0,0,0,0,0,37.910413989406564,38.531069756108685,37.800000000000004,38.22,11.45547095380522,16.191717914127555,11.45547095380522,16.191717914127555,7.989796451277608,8.171472625807743,7.989796451277608,8.171472625807743,96,101,96,101,-1,4,-1,4,-1,4,-1,4,96,101,96,101
1787121300,37.81,37.84,37.800000000000004,37.800000000000004,0,0,0,0,0,0,0,0,37.89276296102961,38.523928100160674,37.800000000000004,38.18,10.637223028533418,15.398218644756964,10.637223028533418,15.398218644756964,7.112947222788162,7.642209924297953,7.112947222788162,7.642209924297953,96,101,96,101,-1,4,-1,4,-1,4,-1,4,96,101,96,101
1787121420,37.79,37.800000000000004,37.760000000000005,37.760000000000005,0,0,0,0,0,0,0,0,37.87104848326665,38.516459495515626,37.760000000000005,38.160000000000004,9.877421383638174,14.609533321739994,9.877421383638174,14.609533321739994,6.441639491453965,7.041924707875959,6.441639491453965,7.041924707875959,96,101,96,101,-1,4,-1,4,-1,4,-1,4,96,101,96,101
1787121480,37.75,37.78,37.74,37.78,0,0,0,0,0,0,1,0,37.85206997115756,38.50899887035295,37.74,38.160000000000004,9.542948798721525,13.885735532737355,9.542948798721525,13.885735532737355,6.184670584511645,6.613297646193802,6.184670584511645,6.613297646193802,96,101,96,101,-1,4,-1,4,-1,4,-1,4,96,101,96,101
1787121600,37.81,37.82,37.78,37.78,0,0,0,0,0,0,0,0,37.841390582462246,38.50187782023335,37.74,38.160000000000004,9.232367112727497,13.22096861559309,9.232367112727497,13.22096861559309,6.7566718217645585,6.68498473397918,6.7566718217645585,6.68498473397918,96,101,96,101,-1,4,-1,4,-1,4,-1,4,96,101,96,101
1787121600.001,37.76,37.77,37.730000000000004,37.730000000000004,0,0,0,0,0,0,0,0,37.823561991711536,38.494330113896034,37.730000000000004,38.160000000000004,8.572912318961247,12.556960573217111,8.572912318961247,12.556960573217111,6.1995962553901185,6.442290494684649,6.1995962553901185,6.442290494684649,96,101,96,101,-1,4,-1,4,-1,4,-1,4,96,101,96,101
1787121660,37.72,37.73,37.69,37.73,0,0,0,0,0,0,0,0,37.80412647806701,38.486592169147485,37.69,38.160000000000004,8.336501288659493,11.954037818280309,8.336501288659493,11.954037818280309,6.122564984404497,6.282427739544573,6.122564984404497,6.282427739544573,96,101,96,101,-1,4,-1,4,-1,4,-1,4,96,101,96,101
1787121780,37.81,37.83,37.79,37.79,0,0,0,0,0,0,0,0,37.80398226993361,38.47979357376625,37.69,38.14,8.680886534958258,11.48644477780573,8.680886534958258,11.48644477780573,8.26678076830363,7.274604253924101,8.26678076830363,7.274604253924101,96,101,96,101,-1,4,-1,4,-1,4,-1,4,96,101,96,101
1787121840,37.71,37.75,37.71,37.75,0,0,0,0,0,0,0,0,37.791743069339624,38.47239927618317,37.69,38.08,8.624732985468777,11.07762880747188,8.624732985468777,11.07762880747188,8.271795914610765,7.773200084267433,8.271795914610765,7.773200084267433,96,101,96,101,-1,4,-1,4,-1,4,-1,4,96,101,96,101
1787121900,37.77,37.81,37.77,37.81,0,0,0,0,0,0,0,0,37.792638268853636,38.46567556862579,37.69,38.08,9.13650017823608,10.80032471758105,9.13650017823608,10.80032471758105,9.893345285299956,8.833272684783694,9.893345285299956,8.833272684783694,96,101,96,101,-1,4,-1,4,-1,4,-1,4,96,101,96,101
1787121900.001,37.82,37.82,37.78,37.82,0,0,0,0,0,0,0,0,37.795188886637824,38.459118266118736,37.69,38.08,9.705697533926,10.643949405630329,9.705697533926,10.643949405630329,11.768419948046851,10.300846316415273,11.768419948046851,10.300846316415273,96,101,96,101,-1,4,-1,4,-1,4,-1,4,96,101,96,101
1787122020,37.88,37.91,37.87,37.91,0,0,0,0,0,0,0,0,37.81363939209761,38.453521732790854,37.69,38.04,11.194973106899509,10.722667077240212,11.194973106899509,10.722667077240212,15.639777745226212,12.970312030820743,15.639777745226212,12.970312030820743,96,101,96,101,-1,4,-1,4,-1,4,-1,4,96,101,96,101
1787122080,38.02,38.02,37.980000000000004,38.02,0,0,0,0,0,0,0,0,37.848735260201074,38.44907541372494,37.69,38.04,13.66914169450195,11.143592022563316,13.66914169450195,11.143592022563316,22.08476906464158,17.527540547731164,22.08476906464158,17.527540547731164,96,101,96,101,-1,4,-1,4,-1,4,-1,4,96,101,96,101
1787122140,38.03,38.06,38.02,38.06,0,0,0,0,0,0,0,0,37.88472278864936,38.445071346590034,37.69,38.06,16.363409351243888,11.889280212374826,16.363409351243888,11.889280212374826,28.525489386943672,23.02651496733742,28.525489386943672,23.02651496733742,96,101,96,101,-1,4,-1,4,-1,4,-1,4,96,101,96,101
1787122200,38.08,38.08,38.04,38.04,0,0,0,0,0,0,0,0,37.91537925131917,38.441173455910864,37.69,38.08,18.666816619805818,12.857499699150681,18.666816619805818,12.857499699150681,34.31564858503525,28.671081776186334,34.31564858503525,28.671081776186334,96,101,96,101,-1,4,-1,4,-1,4,-1,4,96,101,96,101
1787122260,37.980000000000004,38.02,37.980000000000004,38.02,0,0,0,0,0,0,0,0,37.93197696320053,38.436850005271616,37.69,38.08,20.607282099343525,13.964611470606801,20.607282099343525,13.964611470606801,38.56793202332484,33.61950689975559,38.56793202332484,33.61950689975559,96,101,96,101,-1,4,-1,4,-1,4,-1,4,96,101,96,101
1787122320,38.08,38.08,38.04,38.04,0,0,0,0,0,0,0,0,37.954041757770135,38.433033918983675,37.69,38.08,22.607555600184053,15.199317774832124,22.607555600184053,15.199317774832124,44.182847509354275,38.901177204554934,44.182847509354275,38.901177204554934,96,101,96,101,-1,4,-1,4,-1,4,-1,4,96,101,96,101
1787122380,37.97,37.980000000000004,37.940000000000005,37.940000000000005,0,0,0,0,0,0,0,0,37.953912953327084,38.42826077882795,37.69,38.08,23.507820743430532,16.386246770346183,23.507820743430532,16.386246770346183,45.895328260297575,42.39825273242626,45.895328260297575,42.39825273242626,96,101,96,101,-1,4,-1,4,-1,4,-1,4,96,101,96,101
1787122440,37.9,37.910000000000004,37.870000000000005,37.870000000000005,0,0,0,1,0,0,0,0,37.9410802951464,38.42283861519118,37.69,38.08,23.6395558814753,17.42243378622177,23.6395558814753,17.42243378622177,45.23550932949519,43.81688103096072,45.23550932949519,43.81688103096072,96,101,96,101,-1,4,-1,4,-1,4,-1,4,96,101,96,101
1787122560,37.85,37.89,37.85,37.89,0,0,0,0,0,0,0,0,37.9293687263319,38.417404068439694,37.69,38.08,23.963088610263306,18.35681304679913,23.963088610263306,18.35681304679913,44.365998878169194,44.09143995456496,44.365998878169194,44.09143995456496,96,101,96,101,-1,4,-1,4,-1,4,-1,4,96,101,96,101
1787189400,38.08,38.12,38.08,38.12,0,0,0,0,0,0,0,0,37.96160471548367,38.41431215399419,37.69,38.12,26.577395158222355,19.531181919859588,26.577395158222355,19.531181919859588,50.61158566457044,47.3515128095677,50.61158566457044,47.3515128095677,96,101,96,101,-1,4,-1,4,-1,4,-1,4,96,101,96,101
1787189400.001,38.230000000000004,38.230000000000004,38.190000000000005,38.190000000000005,0,0,0,0,0,0,0,0,38.005555373274525,38.41221286224632,37.69,38.230000000000004,29.709190876297082,20.985183199350654,29.709190876297082,20.985183199350654,57.03215279185401,52.191832800710856,57.03215279185401,52.191832800710856,96,101,96,101,-1,4,-1,4,-1,4,-1,4,96,101,96,101
1787189400.002,37.660000000000004,37.7,37.660000000000004,37.7,0,0,0,0,0,0,1,0,37.947575608436736,38.40499349711617,37.660000000000004,38.230000000000004,27.973206199804814,21.983472199415534,27.973206199804814,21.983472199415534,49.486206152416244,50.83901947656355,49.486206152416244,50.83901947656355,96,101,96,101,-1,4,-1,4,-1,4,-1,4,96,101,96,101
1787189460,37.71,37.71,37.67,37.67,0,0,0,1,0,0,0,0,37.899531558417934,38.39781279896908,37.660000000000004,38.230000000000004,26.0801620594826,22.568713607996546,26.0801620594826,22.568713607996546,43.06837720332428,46.95369833994391,43.06837720332428,46.95369833994391,96,101,96,101,-1,4,-1,4,-1,4,-1,4,96,101,96,101
1787189460.001,37.27,37.300000000000004,37.260000000000005,37.260000000000005,0,0,0,0,0,0,0,0,37.78567733567528,38.38662394856474,37.260000000000005,38.230000000000004,24.217293340948128,22.8042249984182,24.217293340948128,22.8042249984182,37.06302729357111,42.00836281675751,37.06302729357111,42.00836281675751,96,101,96,101,-1,4,-1,4,-1,4,-1,4,96,101,96,101
1787189520,37.2,37.24,37.2,37.24,0,0,0,0,0,0,0,0,37.68403903221917,38.37508208506327,37.2,38.230000000000004,22.73811324015358,22.794780461523256,22.73811324015358,22.794780461523256,32.10118012125791,37.05477146900771,32.10118012125791,37.05477146900771,96,101,96,101,-1,4,-1,4,-1,4,-1,4,96,101,96,101
1787189520.001,37.39,37.43,37.39,37.43,0,0,0,0,0,0,0,0,37.635425874845986,38.365545613238424,37.2,38.230000000000004,22.555065051320533,22.760535402922866,22.555065051320533,22.760535402922866,30.483397108096216,33.769084288551966,30.483397108096216,33.769084288551966,96,101,96,101,-1,4,-1,4,-1,4,-1,4,96,101,96,101
1787189580,37.46,37.46,37.42,37.42,0,0,0,0,0,0,0,0,37.59868177638914,38.35626986915977,37.2,38.230000000000004,22.32243509151442,22.69794964415023,22.32243509151442,22.69794964415023,29.40185771540014,31.585471001976053,29.40185771540014,31.585471001976053,96,101,96,101,-1,4,-1,4,-1,4,-1,4,96,101,96,101
1787189580.001,37.39,37.43,37.39,37.43,0,0,0,0,0,0,0,0,37.565588120075965,38.34692058356282,37.2,38.230000000000004,22.169078199012745,22.622396580559162,22.169078199012745,22.622396580559162,28.169692188789558,29.877581595382807,28.169692188789558,29.877581595382807,96,101,96,101,-1,4,-1,4,-1,4,-1,4,96,101,96,101
1787189580.002,37.56,37.58,37.54,37.58,0,0,0,0,0,0,0,0,37.56578421945609,38.33915686299669,37.2,38.230000000000004,23.053105080901414,22.683926366322343,23.053105080901414,22.683926366322343,29.249472638934662,29.563527117158735,29.249472638934662,29.563527117158735,96,101,96,101,-1,4,-1,4,-1,4,-1,4,96,101,96,101
1787189640,37.59,37.62,37.58,37.58,0,0,0,0,0,0,0,0,37.570793149251955,38.331735733348296,37.2,38.230000000000004,23.943170338807622,22.86381836239167,23.943170338807622,22.86381836239167,30.480130500501556,30.021828808830143,30.480130500501556,30.021828808830143,96,101,96,101,-1,4,-1,4,-1,4,-1,4,96,101,96,101
1787189640.001,37.43,37.47,37.43,37.47,0,0,0,0,0,0,0,0,37.55004287969099,38.32302857845594,37.2,38.230000000000004,24.105343331250598,23.04117907222866,24.105343331250598,23.04117907222866,29.648711025395198,29.83526991711267,29.648711025395198,29.83526991711267,96,101,96,101,-1,4,-1,4,-1,4,-1,4,96,101,96,101
1787189640.002,37.56,37.6,37.56,37.6,0,0,0,0,0,0,0,0,37.5567017500502,38.31570159425903,37.2,38.230000000000004,25.157458197326303,23.34350466152832,25.157458197326303,23.34350466152832,30.739117078632777,30.28719349787272,30.739117078632777,30.28719349787272,96,101,96,101,-1,4,-1,4,-1,4,-1,4,96,101,96,101
1787189700,37.69,37.69,37.65,37.65,0,0,0,0,0,0,0,0,37.576089310647134,38.30921036778216,37.2,38.230000000000004,26.481162639542216,23.791741515530305,26.481162639542216,23.791741515530305,32.81106013119971,31.549126814536216,32.81106013119971,31.549126814536216,96,101,96,101,-1,4,-1,4,-1,4,-1,4,96,101,96,101
1787189700.001,37.52,37.56,37.52,37.52,0,0,0,0,0,0,0,0,37.56831549659008,38.30149019828515,37.2,38.230000000000004,26.80879110564981,24.222748599833093,26.80879110564981,24.222748599833093,32.67300299733904,32.111064905937624,32.67300299733904,32.111064905937624,96,101,96,101,-1,4,-1,4,-1,4,-1,4,96,101,96,101
1787189760,37.46,37.47,37.43,37.43,0,0,0,0,0,0,0,0,37.545591466907034,38.29295132400702,37.2,38.230000000000004,26.48888439005899,24.546482284151075,26.48888439005899,24.546482284151075,31.389619767483385,31.750342336710503,31.389619767483385,31.750342336710503,96,101,96,101,-1,4,-1,4,-1,4,-1,4,96,101,96,101
1787189820,37.22,37.25,37.21,37.25,0,0,0,0,0,0,0,0,37.489423321408786,38.282441028909105,37.2,38.230000000000004,24.94356185734324,24.603207937464244,24.94356185734324,24.603207937464244,27.404694890852628,29.577518613781564,27.404694890852628,29.577518613781564,96,101,96,101,-1,4,-1,4,-1,4,-1,4,96,101,96,101
1787189880,37.31,37.31,37.27,37.27,0,0,0,0,0,0,0,0,37.45195241448598,38.27249965880387,37.2,38.230000000000004,23.647315760736895,24.46665191221748,23.647315760736895,24.46665191221748,24.6825262726032,27.13002244319238,24.6825262726032,27.13002244319238,96,101,96,101,-1,4,-1,4,-1,4,-1,4,96,101,96,101
1787189880.001,37.17,37.2,37.160000000000004,37.2,0,0,0,0,0,0,0,0,37.4037186421552,38.2616953504244,37.160000000000004,38.230000000000004,22.22524447475635,24.14645084972303,22.22524447475635,24.14645084972303,21.503580596810703,24.31680152000154,21.503580596810703,24.31680152000154,96,101,96,101,-1,4,-1,4,-1,4,-1,4,96,101,96,101
1787189940,37.31,37.31,37.27,37.27,0,0,0,0,0,0,0,0,37.38183040418759,38.25196040498071,37.160000000000004,38.230000000000004,21.372039428829158,23.750106361023906,21.372039428829158,23.750106361023906,20.113883502206207,22.215342511103874,20.113883502206207,22.215342511103874,96,101,96,101,-1,4,-1,4,-1,4,-1,4,96,101,96,101
1787189940.001,37.26,37.27,37.230000000000004,37.230000000000004,0,0,0,0,0,0,0,0,37.35664911857772,38.24192431471556,37.160000000000004,38.230000000000004,20.312754903538963,23.259056152811773,20.312754903538963,23.259056152811773,18.361966900422452,20.288654705763165,18.361966900422452,20.288654705763165,96,101,96,101,-1,4,-1,4,-1,4,-1,4,96,101,96,101
1787190000,37.18,37.22,37.18,37.22,0,0,0,0,0,0,0,0,37.32937958186662,38.2316232435907,37.160000000000004,37.71,19.262377884394294,22.688102114466414,19.262377884394294,22.688102114466414,16.32627870503496,18.30746670539906,16.32627870503496,18.30746670539906,96,101,96,101,-1,4,-1,4,-1,4,-1,4,96,101,96,101
1787190060,37.36,37.36,37.32,37.32,0,0,0,0,0,0,0,0,37.33009844576966,38.222685035528436,37.160000000000004,37.71,18.954584537511636,22.15474246061573,18.954584537511636,22.15474246061573,16.343752908721484,17.325609807060275,16.343752908721484,17.325609807060275,96,101,96,101,-1,4,-1,4,-1,4,-1,4,96,101,96,101
1787190120,37.31,37.31,37.27,37.27,0,0,0,0,0,0,0,0,37.32159569805396,38.21333825242202,37.160000000000004,37.69,18.33499805853049,21.60906468888927,18.33499805853049,21.60906468888927,15.691174055272588,16.508391931166432,15.691174055272588,16.508391931166432,96,101,96,101,-1,4,-1,4,-1,4,-1,4,96,101,96,101
1787190120.001,37.17,37.21,37.17,37.21,0,0,0,0,0,0,0,0,37.29888132871082,38.20322211724037,37.160000000000004,37.69,17.359133711225557,21.001931692080166,17.359133711225557,21.001931692080166,13.903516346441911,15.205954138804172,13.903516346441911,15.205954138804172,96,101,96,101,-1,4,-1,4,-1,4,-1,4,96,101,96,101
1787190180,37.22,37.26,37.22,37.26,0,0,0,0,0,0,0,0,37.2893877537937,38.19370415255805,37.160000000000004,37.69,16.78675233131822,20.399763211971315,16.78675233131822,20.399763211971315,13.038795052624389,14.12237459571428,13.038795052624389,14.12237459571428,96,101,96,101,-1,4,-1,4,-1,4,-1,4,96,101,96,101
1787190180.001,37.39,37.39,37.35,37.35,0,0,0,0,0,0,0,0,37.30283240461909,38.185441756346854,37.160000000000004,37.69,16.856056403780787,19.89351938222981,16.856056403780787,19.89351938222981,13.926443823477726,14.024409209596003,13.926443823477726,14.024409209596003,96,101,96,101,-1,4,-1,4,-1,4,-1,4,96,101,96,101
1787190180.002,37.31,37.35,37.31,37.31,0,0,0,0,0,0,0,0,37.3065598462035,38.17686356308304,37.160000000000004,37.69,16.653387488423938,19.4306433974004,16.653387488423938,19.4306433974004,14.046431154436103,14.035420182016054,14.046431154436103,14.035420182016054,96,101,96,101,-1,4,-1,4,-1,4,-1,4,96,101,96,101
1787190240,37.18,37.21,37.17,37.21,0,0,0,0,0,0,0,0,37.28657926810589,38.16711036013362,37.160000000000004,37.69,15.797638181840899,18.91164265232047,15.797638181840899,18.91164265232047,12.52043898684645,13.277929584431252,12.52043898684645,13.277929584431252,96,101,96,101,-1,4,-1,4,-1,4,-1,4,96,101,96,101
1787190300,37.4,37.4,37.36,37.36,0,0,0,0,0,0,0,0,37.302352734510876,38.15921208125999,37.160000000000004,37.69,16.004348939212715,18.496314979019363,16.004348939212715,18.496314979019363,13.61564997270418,13.446789778567716,13.61564997270418,13.446789778567716,96,101,96,101,-1,4,-1,4,-1,4,-1,4,96,101,96,101
1787190360,37.28,37.32,37.28,37.32,0,0,0,0,0,0,0,0,37.303137085811926,38.15072904230881,37.160000000000004,37.69,15.929271945557309,18.12959454566764,15.929271945557309,18.12959454566764,13.593120537351224,13.519955157959469,13.593120537351224,13.519955157959469,96,101,96,101,-1,4,-1,4,-1,4,-1,4,96,101,96,101
1787190420,37.4,37.4,37.36,37.36,0,0,0,0,0,0,0,0,37.31590003990673,38.142993761622485,37.160000000000004,37.69,16.126580291235094,17.843449652177274,16.126580291235094,17.843449652177274,14.535091301708272,14.027523229833871,14.535091301708272,14.027523229833871,96,101,96,101,-1,4,-1,4,-1,4,-1,4,96,101,96,101
1787190420.001,37.27,37.31,37.27,37.27,0,0,0,0,0,0,0,0,37.30997882052975,38.13443992651513,37.160000000000004,37.69,15.708994115559419,17.538527432660437,15.708994115559419,17.538527432660437,14.034083599061056,14.030803414447464,14.034083599061056,14.030803414447464,96,101,96,101,-1,4,-1,4,-1,4,-1,4,96,101,96,101
1787190480,37.2,37.24,37.2,37.24,0,0,0,0,0,0,0,0,37.29483115619101,38.12540735676539,37.160000000000004,37.56,15.120968501163642,17.193161871018038,15.120968501163642,17.193161871018038,12.88368714365447,13.457245279050966,12.88368714365447,13.457245279050966,96,101,96,101,-1,4,-1,4,-1,4,-1,4,96,101,96,101
1787190480.001,37.25,37.25,37.21,37.21,0,0,0,0,0,0,0,0,37.281831552035065,38.11643149583572,37.160000000000004,37.47,14.374677693670623,16.79052127425412,14.374677693670623,16.79052127425412,11.924335308713115,12.69079029388204,11.924335308713115,12.69079029388204,96,101,96,101,-1,4,-1,4,-1,4,-1,4,96,101,96,101
1787190540,36.97,37,36.96,37,0,0,0,0,0,0,1,0,37.228165209240814,38.10519005474946,36.96,37.4,13.572886879780759,16.330859217900784,13.572886879780759,16.330859217900784,10.716096931277972,11.703443612580006,10.716096931277972,11.703443612580006,96,101,96,101,-1,4,-1,4,-1,4,-1,4,96,101,96,101
1787190600,37.18,37.18,37.14,37.14,0,0,0,0,0,0,0,0,37.214559413621274,38.09571884359109,36.96,37.4,13.615768413114749,15.942989102931351,13.615768413114749,15.942989102931351,12.918559274428834,12.31100144350442,12.918559274428834,12.31100144350442,96,101,96,101,-1,4,-1,4,-1,4,-1,4,96,101,96,101
1787190660,37.1,37.14,37.1,37.14,0,0,0,0,0,0,0,0,37.19857891417498,38.08607653337293,36.96,37.4,13.655586979782026,15.616217371052878,13.655586979782026,15.616217371052878,14.282444153032976,13.296722798268698,14.282444153032976,13.296722798268698,96,101,96,101,-1,4,-1,4,-1,4,-1,4,96,101,96,101
1787190660.001,37.24,37.28,37.24,37.28,0,0,0,0,0,0,0,0,37.21095850553711,38.077923201365905,36.96,37.4,14.479962937919078,15.453895309176621,14.479962937919078,15.453895309176621,18.191214362090953,15.743968580179825,18.191214362090953,15.743968580179825,96,101,96,101,-1,4,-1,4,-1,4,-1,4,96,101,96,101
1787190720,37.38,37.38,37.34,37.34,0,0,0,0,0,0,0,0,37.23684483786369,38.070713351932746,36.96,37.4,15.582912716819132,15.472326367411267,15.582912716819132,15.472326367411267,23.341980216430258,19.54297439830504,23.341980216430258,19.54297439830504,96,101,96,101,-1,4,-1,4,-1,4,-1,4,96,101,96,101
1787190720.001,37.300000000000004,37.300000000000004,37.260000000000005,37.260000000000005,0,0,0,0,0,0,0,0,37.243479109767264,38.06277922239444,36.96,37.4,16.157136611624534,15.570156402298876,16.157136611624534,15.570156402298876,26.191364647351392,22.867169522828217,26.191364647351392,22.867169522828217,96,101,96,101,-1,4,-1,4,-1,4,-1,4,96,101,96,101
1787190780,37.17,37.21,37.17,37.21,0,0,0,0,0,0,0,0,37.234967756476244,38.05416118701407,36.96,37.4,16.40912966579983,15.690009725656154,16.40912966579983,15.690009725656154,27.028997486379527,24.948083504603872,27.028997486379527,24.948083504603872,96,101,96,101,-1,4,-1,4,-1,4,-1,4,96,101,96,101
1787190840,37.300000000000004,37.34,37.300000000000004,37.34,0,0,0,0,0,0,0,0,37.25164028560178,38.04692243556782,36.96,37.4,17.37428182127983,15.930620025030963,17.37428182127983,15.930620025030963,30.290999802415442,27.619541653509657,30.290999802415442,27.619541653509657,96,101,96,101,-1,4,-1,4,-1,4,-1,4,96,101,96,101
1787190900,37.39,37.43,37.39,37.43,0,0,0,0,0,0,0,0,37.28164508215903,38.04065123388721,36.96,37.43,18.776681263741832,16.33720020198966,18.776681263741832,16.33720020198966,34.84825423377298,31.233897943641317,34.84825423377298,31.233897943641317,96,101,96,101,-1,4,-1,4,-1,4,-1,4,96,101,96,101
1787190960,37.49,37.49,37.45,37.49,0,0,0,0,0,0,0,0,37.31710355206951,38.0350394471487,36.96,37.49,20.416367135229336,16.919938335309613,20.416367135229336,16.919938335309613,40.085196388243915,35.65954716594261,40.085196388243915,35.65954716594261,96,101,96,101,-1,4,-1,4,-1,4,-1,4,96,101,96,101
1787191020,37.5,37.5,37.46,37.46,0,0,0,0,0,0,0,0,37.345508966844754,38.02945033158834,36.96,37.5,21.770203678438484,17.612833384328024,21.770203678438484,17.612833384328024,44.45658711947327,40.05806714270794,44.45658711947327,40.05806714270794,96,101,96,101,-1,4,-1,4,-1,4,-1,4,96,101,96,101
1787191080,37.45,37.47,37.43,37.47,0,0,0,0,0,0,0,0,37.36571945772147,38.02375099163887,36.96,37.5,23.08358058104719,18.394368698145048,23.08358058104719,18.394368698145048,47.85124297129033,43.95465505699914,47.85124297129033,43.95465505699914,96,101,96,101,-1,4,-1,4,-1,4,-1,4,96,101,96,101
1787191080.001,37.480000000000004,37.51,37.47,37.51,0,0,0,0,0,0,0,0,37.38952804116605,38.01850637148989,36.96,37.51,24.52811672627045,19.270618416448677,24.52811672627045,19.270618416448677,53.77725588015362,48.865955468576374,53.77725588015362,48.865955468576374,96,101,96,101,-1,4,-1,4,-1,4,-1,4,96,101,96,101
1787191140,37.58,37.6,37.56,37.6,0,0,0,0,0,0,0,0,37.42537142762071,38.014209459004086,36.96,37.6,26.375658444922667,20.285624134802106,26.375658444922667,20.285624134802106,60.11264789727452,54.48930168292544,60.11264789727452,54.48930168292544,96,101,96,101,-1,4,-1,4,-1,4,-1,4,96,101,96,101
1787191200,37.62,37.62,37.58,37.58,0,0,0,0,0,0,0,0,37.45590995593209,38.010021636858106,36.96,37.62,27.978746958699258,21.384641681073127,27.978746958699258,21.384641681073127,65.29136053532635,59.890331109125896,65.29136053532635,59.890331109125896,96,101,96,101,-1,4,-1,4,-1,4,-1,4,96,101,96,101
1787191260,37.57,37.59,37.550000000000004,37.59,0,0,0,0,0,0,0,0,37.477865721520196,38.00570964710496,36.96,37.62,29.523572119692062,22.547346029447258,29.523572119692062,22.547346029447258,69.3406466926175,64.6154889008717,69.3406466926175,64.6154889008717,96,101,96,101,-1,4,-1,4,-1,4,-1,4,96,101,96,101
1787191260.001,37.6,37.64,37.6,37.64,0,0,0,0,0,0,0,0,37.50492043881955,38.0019380751603,36.96,37.64,31.239267474472204,23.78904909302225,31.239267474472204,23.78904909302225,73.38441985417637,68.99995437752403,73.38441985417637,68.99995437752403,96,101,96,101,-1,4,-1,4,-1,4,-1,4,96,101,96,101
1787191320,37.72,37.73,37.69,37.73,0,0,0,0,0,0,0,0,37.54341975297357,37.99909955368275,36.96,37.73,33.3385998877129,25.15327063512092,33.3385998877129,25.15327063512092,77.00111683233673,73.00053560493038,77.00111683233673,73.00053560493038,96,101,96,101,-1,4,-1,4,-1,4,-1,4,96,101,96,101
1787191440,37.75,37.77,37.730000000000004,37.730000000000004,0,0,0,0,0,0,0,0,37.579767676675345,37.99655461616683,36.96,37.77,35.28797998572217,26.60108625663538,35.28797998572217,26.60108625663538,79.79284441008053,76.39669000750546,79.79284441008053,76.39669000750546,96,101,96,101,-1,4,-1,4,-1,4,-1,4,96,101,96,101
1787191440.001,37.63,37.65,37.61,37.65,0,0,0,0,0,0,0,0,37.59011294758286,37.99297364154494,36.96,37.77,36.64817489112894,28.036384632991602,36.64817489112894,28.036384632991602,80.35153859488376,78.37411430119461,80.35153859488376,78.37411430119461,96,101,96,101,-1,4,-1,4,-1,4,-1,4,96,101,96,101
1787191500,37.69,37.69,37.65,37.65,0,0,0,0,0,0,0,0,37.60342574499204,37.98969363847816,37.1,37.77,37.911213017578085,29.447074402218245,37.911213017578085,29.447074402218245,81.3242464852089,79.84918039320175,81.3242464852089,79.84918039320175,96,101,96,101,-1,4,-1,4,-1,4,-1,4,96,101,96,101
1787191560,37.58,37.58,37.54,37.54,0,0,0,0,0,0,0,0,37.59431803378136,37.98535174489463,37.1,37.77,38.465361469078395,30.73540112605541,38.465361469078395,30.73540112605541,80.217960832119,80.03357061266038,80.217960832119,80.03357061266038,96,101,96,101,-1,4,-1,4,-1,4,-1,4,96,101,96,101
1787191620,37.5,37.54,37.5,37.54,0,0,0,0,0,0,0,0,37.58201778521505,37.980787714265496,37.17,37.77,38.97992788832868,31.91319066352302,38.97992788832868,31.91319066352302,78.7053420889062,79.3694563507833,78.7053420889062,79.3694563507833,96,101,96,101,-1,4,-1,4,-1,4,-1,4,96,101,96,101
1787191680,37.56,37.6,37.56,37.6,0,0,0,0,0,0,0,0,37.58286303638807,37.976866111801826,37.17,37.77,39.79519738111959,33.03919162317967,39.79519738111959,33.03919162317967,78.46701279578205,78.91823457328267,78.46701279578205,78.91823457328267,96,101,96,101,-1,4,-1,4,-1,4,-1,4,96,101,96,101
1787191680.001,37.63,37.63,37.59,37.59,0,0,0,0,0,0,0,0,37.586584908559935,37.97314936773746,37.17,37.77,40.49599036908238,34.10444858688005,40.49599036908238,34.10444858688005,78.65073759920647,78.78448608624457,78.65073759920647,78.78448608624457,96,101,96,101,-1,4,-1,4,-1,4,-1,4,96,101,96,101
1787191740,37.57,37.58,37.54,37.54,0,0,0,0,0,0,0,0,37.58053916760964,37.96897209376329,37.17,37.77,40.86551186690381,35.07031476974059,40.86551186690381,35.07031476974059,77.89110841836731,78.33779725230593,77.89110841836731,78.33779725230593,96,101,96,101,-1,4,-1,4,-1,4,-1,4,96,101,96,101
1787191800,37.53,37.57,37.53,37.57,0,0,0,0,0,0,0,0,37.57619871289274,37.96486955220014,37.300000000000004,37.77,43.32573544607556,36.24966058064559,43.32573544607556,36.24966058064559,77.23999769193388,77.78889747211991,77.23999769193388,77.78889747211991,96,101,96,101,-1,4,-1,4,-1,4,-1,4,96,101,96,101
1787191800.001,37.6,37.6,37.56,37.56,0,0,0,0,0,0,0,0,37.57567773479103,37.96097366942535,37.39,37.77,45.52204534807545,37.57428697599271,45.52204534807545,37.57428697599271,77.06990983823606,77.42940365517799,77.06990983823606,77.42940365517799,96,101,96,101,-1,4,-1,4,-1,4,-1,4,96,101,96,101
1787191860,37.45,37.45,37.410000000000004,37.410000000000004,0,0,0,0,0,0,0,0,37.54797875270781,37.955624014339854,37.410000000000004,37.77,46.23872464860976,38.81206378636658,46.23872464860976,38.81206378636658,74.2786176038496,75.8540106295138,74.2786176038496,75.8540106295138,96,101,96,101,-1,4,-1,4,-1,4,-1,4,96,101,96,101
1787191920,37.31,37.35,37.31,37.35,0,0,0,0,0,0,0,0,37.5095583734276,37.949465234761014,37.31,37.77,46.37511204143392,39.8924992513762,46.37511204143392,39.8924992513762,70.26350644703865,73.05875853827622,70.26350644703865,73.05875853827622,96,101,96,101,-1,4,-1,4,-1,4,-1,4,96,101,96,101
1787191980,37.36,37.36,37.32,37.36,0,0,0,0,0,0,0,0,37.47994169947107,37.943467239058585,37.31,37.77,46.58994089914454,40.849276629628825,46.58994089914454,40.849276629628825,67.13944291580376,70.09910072704,67.13944291580376,70.09910072704,96,101,96,101,-1,4,-1,4,-1,4,-1,4,96,101,96,101
1787191980.001,37.410000000000004,37.410000000000004,37.370000000000005,37.370000000000005,0,0,0,0,0,0,0,0,37.46237654199148,37.937893767359824,37.31,37.77,46.87760825996404,41.710466862533856,46.87760825996404,41.710466862533856,65.06132144105932,67.58021108404967,65.06132144105932,67.58021108404967,96,101,96,101,-1,4,-1,4,-1,4,-1,4,96,101,96,101
1787192040,37.36,37.38,37.34,37.38,0,0,0,0,0,0,0,0,37.44497474647788,37.93220991561164,37.31,37.77,47.232911373670326,42.499387506981925,47.232911373670326,42.499387506981925,62.96261414524674,65.2714126146482,62.96261414524674,65.2714126146482,96,101,96,101,-1,4,-1,4,-1,4,-1,4,96,101,96,101
1787192040.001,37.410000000000004,37.410000000000004,37.370000000000005,37.370000000000005,0,0,0,0,0,0,0,0,37.433767216815234,37.9267484570815,37.31,37.77,47.474652272023704,43.210139616273615,47.474652272023704,43.210139616273615,61.48118249486759,63.3762975547579,61.48118249486759,63.3762975547579,96,101,96,101,-1,4,-1,4,-1,4,-1,4,96,101,96,101
1787192100,37.26,37.26,37.22,37.22,0,0,0,0,0,0,0,0,37.397324692545794,37.91984880410888,37.22,37.77,46.37637464060047,43.66245890546317,46.37637464060047,43.66245890546317,55.59794320455592,59.48712037965691,55.59794320455592,59.48712037965691,96,101,96,101,-1,4,-1,4,-1,4,-1,4,96,101,96,101
1787192160,37.15,37.19,37.15,37.19,0,0,0,0,0,0,1,0,37.35720505147686,37.912453956970154,37.15,37.77,45.091995146871476,43.8666783685215,45.091995146871476,43.8666783685215,49.23320504953403,54.36016271459547,49.23320504953403,54.36016271459547,96,101,96,101,-1,4,-1,4,-1,4,-1,4,96,101,96,101
1787192220,37.21,37.21,37.17,37.17,0,0,0,0,0,0,0,0,37.3255920118144,37.90519902539168,37.15,37.77,43.722990202518226,43.846151487663896,43.722990202518226,43.846151487663896,43.02938313001553,48.6947729223055,43.02938313001553,48.6947729223055,96,101,96,101,-1,4,-1,4,-1,4,-1,4,96,101,96,101
1787192280,37.14,37.16,37.12,37.16,0,0,0,0,0,0,0,0,37.29306013087845,37.897651439732726,37.12,37.77,42.363587904101976,43.63435669001219,42.363587904101976,43.63435669001219,37.497713012540906,43.09624296742321,37.497713012540906,43.09624296742321,96,101,96,101,-1,4,-1,4,-1,4,-1,4,96,101,96,101
1787192400,37.19,37.19,37.15,37.15,0,0,0,0,0,0,0,0,37.2694734404157,37.89034479190786,37.12,37.69,41.01310234834158,43.25989178405924,41.01310234834158,43.25989178405924,33.151885878881195,38.124064423152205,33.151885878881195,38.124064423152205,96,101,96,101,-1,4,-1,4,-1,4,-1,4,96,101,96,101
1787192460,37.13,37.17,37.13,37.17,0,0,0,0,0,0,0,0,37.24896311791588,37.88304451205471,37.12,37.69,39.93544688959761,42.78497108485043,39.93544688959761,42.78497108485043,29.16315492915104,33.64360967615163,29.16315492915104,33.64360967615163,96,101,96,101,-1,4,-1,4,-1,4,-1,4,96,101,96,101
1787192520,37.22,37.23,37.19,37.23,0,0,0,0,0,0,0,0,37.24309103587056,37.87641388672746,37.12,37.63,39.46386734986441,42.310527694138145,39.46386734986441,42.310527694138145,27.19479213707453,30.419200906613078,27.19479213707453,30.419200906613078,96,101,96,101,-1,4,-1,4,-1,4,-1,4,96,101,96,101
1787192580,37.25,37.26,37.22,37.22,0,0,0,0,0,0,0,0,37.24131690813652,37.870015075250905,37.12,37.63,38.93778864145255,41.828707829468776,38.93778864145255,41.828707829468776,25.81531633727259,28.117258621942835,25.81531633727259,28.117258621942835,96,101,96,101,-1,4,-1,4,-1,4,-1,4,96,101,96,101
1787192700,37.2,37.24,37.2,37.24,0,0,0,0,0,0,0,0,37.23865322786927,37.863613598548575,37.12,37.63,38.62565382667508,41.371128686212536,38.62565382667508,41.371128686212536,24.41312828909091,26.265193455516872,24.41312828909091,26.265193455516872,96,101,96,101,-1,4,-1,4,-1,4,-1,4,96,101,96,101
1787192700.001,37.25,37.26,37.22,37.22,0,0,0,0,0,0,0,0,37.23768597431728,37.85734215312355,37.12,37.63,38.159447512776744,40.91231709000743,38.159447512776744,40.91231709000743,23.431033039000916,24.848113247258894,23.431033039000916,24.848113247258894,96,101,96,101,-1,4,-1,4,-1,4,-1,4,96,101,96,101
1787192760,37.160000000000004,37.2,37.160000000000004,37.2,0,0,0,0,0,0,0,0,37.228409736562625,37.850668765198606,37.12,37.6,37.550174806837674,40.4320110495546,37.550174806837674,40.4320110495546,21.49033601145148,23.169224629355185,21.49033601145148,23.169224629355185,96,101,96,101,-1,4,-1,4,-1,4,-1,4,96,101,96,101
1787192820,37.230000000000004,37.27,37.230000000000004,37.27,0,0,0,0,0,0,0,0,37.233547360217905,37.8447582965565,37.12,37.6,37.60170553051154,40.027681689691306,37.60170553051154,40.027681689691306,21.365342954870638,22.267283792112913,21.365342954870638,22.267283792112913,96,101,96,101,-1,4,-1,4,-1,4,-1,4,96,101,96,101
1787192880,37.36,37.4,37.36,37.4,0,0,0,0,0,0,0,0,37.26138723411768,37.84020017088595,37.12,37.6,38.795939967926465,39.85171858658204,38.795939967926465,39.85171858658204,24.115348906372645,23.19131634924278,24.115348906372645,23.19131634924278,96,101,96,101,-1,4,-1,4,-1,4,-1,4,96,101,96,101
1787192940,37.410000000000004,37.410000000000004,37.370000000000005,37.370000000000005,0,0,0,0,0,0,0,0,37.283559252156884,37.83565423220384,37.12,37.45,39.64032168097583,39.8215190286383,39.64032168097583,39.8215190286383,26.516452908759035,24.85388462900091,26.516452908759035,24.85388462900091,96,101,96,101,-1,4,-1,4,-1,4,-1,4,96,101,96,101
1787192940.001,37.35,37.36,37.32,37.32,0,0,0,0,0,0,0,0,37.29260908509806,37.83065601430463,37.12,37.410000000000004,39.98347330693786,39.84465535410966,39.98347330693786,39.84465535410966,27.43168491080438,26.142784769902644,27.43168491080438,26.142784769902644,96,101,96,101,-1,4,-1,4,-1,4,-1,4,96,101,96,101
1787193000,37.27,37.31,37.27,37.31,0,0,0,0,0,0,0,0,37.29334682720144,37.82534268746246,37.12,37.410000000000004,40.21393068095729,39.89740897223076,40.21393068095729,39.89740897223076,27.3370486048654,26.739916687384024,27.3370486048654,26.739916687384024,96,101,96,101,-1,4,-1,4,-1,4,-1,4,96,101,96,101
1787193000.001,37.33,37.33,37.29,37.33,0,0,0,0,0,0,0,0,37.2975867980133,37.820281234519214,37.12,37.410000000000004,40.6042936570088,39.99839249862762,40.6042936570088,39.99839249862762,27.871316386588003,27.305616536986015,27.871316386588003,27.305616536986015,96,101,96,101,-1,4,-1,4,-1,4,-1,4,96,101,96,101
1787193060,37.38,37.38,37.34,37.34,0,0,0,0,0,0,0,0,37.30772253170785,37.81563498674622,37.12,37.410000000000004,41.05495698485915,40.149330282374976,41.05495698485915,40.149330282374976,29.076512946745808,28.19106474186591,29.076512946745808,28.19106474186591,96,101,96,101,-1,4,-1,4,-1,4,-1,4,96,101,96,101
1787193120,37.33,37.36,37.32,37.36,0,0,0,0,0,0,0,0,37.31480328351855,37.81096863530264,37.12,37.410000000000004,41.649796918039385,40.36368265889847,41.649796918039385,40.36368265889847,30.586885783927638,29.388975262896775,30.586885783927638,29.388975262896775,96,101,96,101,-1,4,-1,4,-1,4,-1,4,96,101,96,101
1787193120.001,37.4,37.4,37.36,37.36,0,0,0,0,0,0,0,0,37.3254451107576,37.806614055183545,37.12,37.410000000000004,42.20214828456388,40.6263206054221,42.20214828456388,40.6263206054221,32.63337077218878,31.01117301754278,32.63337077218878,31.01117301754278,96,101,96,101,-1,4,-1,4,-1,4,-1,4,96,101,96,101
1787193120.002,37.35,37.35,37.31,37.31,0,0,0,0,0,0,0,0,37.32506115122592,37.80180529178205,37.12,37.410000000000004,42.27412887446717,40.861721786714256,42.27412887446717,40.861721786714256,33.74176878512543,32.3764709013341,33.74176878512543,32.3764709013341,96,101,96,101,-1,4,-1,4,-1,4,-1,4,96,101,96,101
1787193180,37.29,37.33,37.29,37.33,0,0,0,0,0,0,0,0,37.32353488130605,37.7969780417809,37.12,37.410000000000004,42.517334836696556,41.098237936711726,42.517334836696556,41.098237936711726,34.35568977100389,33.36608033616899,34.35568977100389,33.36608033616899,96,101,96,101,-1,4,-1,4,-1,4,-1,4,96,101,96,101
1787193240,37.34,37.34,37.300000000000004,37.300000000000004,0,0,0,0,0,0,0,0,37.321680054401924,37.792165656622224,37.12,37.410000000000004,42.478618679930776,41.29543518574302,42.478618679930776,41.29543518574302,34.937930167863364,34.15200525201618,34.937930167863364,34.15200525201618,96,101,96,101,-1,4,-1,4,-1,4,-1,4,96,101,96,101
1787193240.001,37.27,37.27,37.230000000000004,37.230000000000004,0,0,0,0,0,0,0,0,37.307435196025814,37.786704638480046,37.13,37.410000000000004,41.8253840123167,41.37114216096783,41.8253840123167,41.37114216096783,33.476209051446205,33.81410715173119,33.476209051446205,33.81410715173119,96,101,96,101,-1,4,-1,4,-1,4,-1,4,96,101,96,101
1787193300,37.21,37.21,37.17,37.17,0,0,0,0,0,0,0,0,37.284871220990816,37.78070094390147,37.13,37.410000000000004,40.68970843471736,41.273794485789196,40.68970843471736,41.273794485789196,30.65817918695416,32.236143169342675,30.65817918695416,32.236143169342675,96,101,96,101,-1,4,-1,4,-1,4,-1,4,96,101,96,101
1787193360,37.15,37.16,37.12,37.16,0,0,0,0,0,0,0,0,37.259743120204604,37.77439214512302,37.12,37.410000000000004,39.54696911971546,41.02710514777866,39.54696911971546,41.02710514777866,27.171296445960735,29.703719807651705,27.171296445960735,29.703719807651705,96,101,96,101,-1,4,-1,4,-1,4,-1,4,96,101,96,101
1787193480,37.230000000000004,37.230000000000004,37.190000000000005,37.190000000000005,0,0,0,0,0,0,0,0,37.24948679531892,37.768709967891276,37.12,37.410000000000004,37.681673884085505,40.5491863958225,37.681673884085505,40.5491863958225,25.8492064774903,27.776463142571004,25.8492064774903,27.776463142571004,96,101,96,101,-1,4,-1,4,-1,4,-1,4,96,101,96,101
1787193480.001,37.18,37.2,37.160000000000004,37.160000000000004,0,0,0,0,0,0,0,0,37.235640711321544,37.762785822273784,37.12,37.410000000000004,35.629784598122065,39.846414710436726,35.629784598122065,39.846414710436726,24.40754494607419,26.092004044322596,24.40754494607419,26.092004044322596,96,101,96,101,-1,4,-1,4,-1,4,-1,4,96,101,96,101
1787193600,37.14,37.17,37.13,37.17,0,0,0,0,0,0,1,0,37.22128179411157,37.75675478589958,37.12,37.410000000000004,33.63425053342108,38.95896268514878,33.63425053342108,38.95896268514878,22.69415182569944,24.393077935011018,22.69415182569944,24.393077935011018,96,101,96,101,-1,4,-1,4,-1,4,-1,4,96,101,96,101
1787193780,37.2,37.2,37.160000000000004,37.160000000000004,0,0,0,0,0,0,0,0,37.21256389215189,37.75094959731683,37.12,37.410000000000004,31.671364506308652,37.917877231028754,31.671364506308652,37.917877231028754,22.21075082596914,23.30191438049008,22.21075082596914,23.30191438049008,96,101,96,101,-1,4,-1,4,-1,4,-1,4,96,101,96,101
1787193840,37.15,37.18,37.14,37.18,0,0,0,0,0,0,0,0,37.20421894206367,37.74513583681285,37.12,37.410000000000004,30.06846484377014,36.79653260427752,30.06846484377014,36.79653260427752,21.30379627447628,22.30285532748318,21.30379627447628,22.30285532748318,96,101,96,101,-1,4,-1,4,-1,4,-1,4,96,101,96,101
1787193900,37.19,37.2,37.160000000000004,37.160000000000004,0,0,0,0,0,0,0,0,37.19860337683997,37.7394462596638,37.12,37.410000000000004,28.360277794489917,35.59135334573644,28.360277794489917,35.59135334573644,20.920495328861485,21.611675328172332,20.920495328861485,21.611675328172332,96,101,96,101,-1,4,-1,4,-1,4,-1,4,96,101,96,101
1787194080,37.12,37.16,37.12,37.16,0,0,0,0,0,0,0,0,37.18916033862664,37.73354795525587,37.12,37.410000000000004,26.77410410587249,34.331746311470155,26.77410410587249,34.331746311470155,19.114119148876366,20.362897238524347,19.114119148876366,20.362897238524347,96,101,96,101,-1,4,-1,4,-1,4,-1,4,96,101,96,101
1787194140,37.19,37.22,37.18,37.22,0,0,0,0,0,0,0,0,37.19234330736119,37.728305355369415,37.12,37.4,25.960569197211274,33.13586386657603,25.960569197211274,33.13586386657603,20.619983901007515,20.49144056976593,20.619983901007515,20.49144056976593,96,101,96,101,-1,4,-1,4,-1,4,-1,4,96,101,96,101
1787194260,37.27,37.27,37.230000000000004,37.230000000000004,0,0,0,0,0,0,0,0,37.20161422117431,37.72347976311035,37.12,37.4,25.315034034773166,32.01860246203277,25.315034034773166,32.01860246203277,23.881168466873888,22.186304518319908,23.881168466873888,22.186304518319908,96,101,96,101,-1,4,-1,4,-1,4,-1,4,96,101,96,101
1787194320,37.2,37.24,37.2,37.24,0,0,0,0,0,0,0,0,37.20616921126383,37.718536349215384,37.12,37.4,24.825498636685012,30.991016201268803,24.825498636685012,30.991016201268803,25.592725680965994,23.88951509964295,25.592725680965994,23.88951509964295,96,101,96,101,-1,4,-1,4,-1,4,-1,4,96,101,96,101
1787194440,37.27,37.3,37.26,37.3,0,0,0,0,0,0,0,0,37.22080511224616,37.71423913844375,37.12,37.4,25.030270712086608,30.13948113138563,25.030270712086608,30.13948113138563,30.113961913734414,27.00173850668868,30.113961913734414,27.00173850668868,96,101,96,101,-1,4,-1,4,-1,4,-1,4,96,101,96,101
1787194500,37.32,37.32,37.28,37.28,0,0,0,0,0,0,0,0,37.233992061534735,37.71005102097997,37.12,37.4,25.000635990893635,29.405360397029632,25.000635990893635,29.405360397029632,34.48191809354566,30.74182830011717,34.48191809354566,30.74182830011717,96,101,96,101,-1,4,-1,4,-1,4,-1,4,96,101,96,101
1787194560,37.24,37.26,37.22,37.22,0,0,0,0,0,0,0,0,37.23387229277084,37.7053075614014,37.12,37.4,24.313777376159482,28.677991394048185,24.313777376159482,28.677991394048185,35.07317117377803,32.9074997369476,35.07317117377803,32.9074997369476,96,101,96,101,-1,4,-1,4,-1,4,-1,4,96,101,96,101
1787194680,37.18,37.21,37.17,37.21,0,0,0,0,0,0,0,0,37.22710763347917,37.700246457971204,37.12,37.35,23.56608998115911,27.94771976363546,23.56608998115911,27.94771976363546,33.80656051348491,33.357030125216255,33.80656051348491,33.357030125216255,96,101,96,101,-1,4,-1,4,-1,4,-1,4,96,101,96,101
1787194860,37.230000000000004,37.230000000000004,37.190000000000005,37.190000000000005,0,0,0,0,0,0,0,0,37.22278503345266,37.69530204877083,37.12,37.34,22.652028608878588,27.191192455813052,22.652028608878588,27.191192455813052,33.213505070671985,33.28526759794412,33.213505070671985,33.28526759794412,96,101,96,101,-1,4,-1,4,-1,4,-1,4,96,101,96,101
1787194980,37.14,37.160000000000004,37.120000000000005,37.120000000000005,0,0,0,0,0,0,0,0,37.20652108797642,37.68971032025901,37.12,37.34,21.034026565387336,26.311597328609377,21.034026565387336,26.311597328609377,29.05985163693103,31.172559617437575,29.05985163693103,31.172559617437575,96,101,96,101,-1,4,-1,4,-1,4,-1,4,96,101,96,101
1787195100,37.11,37.14,37.1,37.1,0,0,0,0,0,0,0,0,37.1895778598595,37.68397522586174,37.1,37.32,19.531596096431095,25.343025724012477,19.531596096431095,25.343025724012477,25.369273753314058,28.270916685375816,25.369273753314058,28.270916685375816,96,101,96,101,-1,4,-1,4,-1,4,-1,4,96,101,96,101
1787195280,37.09,37.09,37.050000000000004,37.050000000000004,0,0,0,0,0,0,0,0,37.16662430958201,37.67779968464255,37.050000000000004,37.32,18.136482089543158,24.31351949051686,18.136482089543158,24.31351949051686,22.380012423475474,25.325464554425643,22.380012423475474,25.325464554425643,96,101,96,101,-1,4,-1,4,-1,4,-1,4,96,101,96,101
1787195400,37.03,37.03,36.99,36.99,0,0,0,0,0,0,0,0,37.13693504117316,37.67108857666933,36.99,37.32,16.84101908314722,23.246019432321198,16.84101908314722,23.246019432321198,19.727085478625174,22.52627501652541,19.727085478625174,22.52627501652541,96,101,96,101,-1,4,-1,4,-1,4,-1,4,96,101,96,101
1787195580,36.980000000000004,36.99,36.95,36.99,0,0,0,0,0,0,0,0,37.10779533671744,37.66417890592303,36.95,37.32,16.024189534737086,22.21432944695204,16.024189534737086,22.21432944695204,17.84060742888372,20.183441222704566,17.84060742888372,20.183441222704566,96,101,96,101,-1,4,-1,4,-1,4,-1,4,96,101,96,101
1787195760,37,37,36.96,36.96,0,0,0,0,0,0,0,0,37.08334769973851,37.65730482062363,36.95,37.32,14.984646584776854,21.181517609498446,14.984646584776854,21.181517609498446,16.099402640906426,18.141421931805496,16.099402640906426,18.141421931805496,96,101,96,101,-1,4,-1,4,-1,4,-1,4,96,101,96,101
1787195880,36.9,36.94,36.9,36.94,0,0,0,0,0,0,0,0,37.054860239179995,37.650034789240976,36.9,37.32,14.305704118349533,20.199258539334316,14.305704118349533,20.199258539334316,14.485202263634106,16.313312097719802,14.485202263634106,16.313312097719802,96,101,96,101,-1,4,-1,4,-1,4,-1,4,96,101,96,101
1787195940,36.980000000000004,37,36.96,37,0,0,0,0,0,0,0,0,37.04246140781394,37.64343411140442,36.9,37.32,14.262341691109311,19.351127561016458,14.262341691109311,19.351127561016458,14.93017336882926,15.62174273327453,14.93017336882926,15.62174273327453,96,101,96,101,-1,4,-1,4,-1,4,-1,4,96,101,96,101
1787196060,37.050000000000004,37.06,37.02,37.06,0,0,0,0,0,0,0,0,37.043226000332616,37.63749612687966,36.9,37.32,14.809160728828536,18.702275156418185,14.809160728828536,18.702275156418185,17.083005744710956,16.352374238992745,17.083005744710956,16.352374238992745,96,101,96,101,-1,4,-1,4,-1,4,-1,4,96,101,96,101
1787196120,37.13,37.13,37.09,37.09,0,0,0,0,0,0,0,0,37.054154606332744,37.63218107420756,36.9,37.32,15.690139044116336,18.27196999751792,15.690139044116336,18.27196999751792,20.528290638323764,18.440332438658253,20.528290638323764,18.440332438658253,96,101,96,101,-1,4,-1,4,-1,4,-1,4,96,101,96,101
1787196180,37.06,37.1,37.06,37.1,0,0,0,0,0,0,0,0,37.06006589002982,37.626753070152425,36.9,37.32,16.610231153210087,18.034578734045372,16.610231153210087,18.034578734045372,22.852820547134787,20.64657649289652,22.852820547134787,20.64657649289652,96,101,96,101,-1,4,-1,4,-1,4,-1,4,96,101,96,101
1787196180.001,37.160000000000004,37.160000000000004,37.120000000000005,37.120000000000005,0,0,0,0,0,0,0,0,37.07338724335773,37.621843421029844,36.9,37.32,17.668684030021662,17.982308062041987,17.668684030021662,17.982308062041987,26.330989040401366,23.488782766648946,26.330989040401366,23.488782766648946,96,101,96,101,-1,4,-1,4,-1,4,-1,4,96,101,96,101
1787196180.002,37.1,37.1,37.06,37.06,0,0,0,0,0,0,0,0,37.07337744153511,37.61638560921197,36.9,37.32,18.484557248656508,18.05405794584406,18.484557248656508,18.05405794584406,28.1567207647885,25.82275176571872,28.1567207647885,25.82275176571872,96,101,96,101,-1,4,-1,4,-1,4,-1,4,96,101,96,101
1787196240,37.02,37.06,37.02,37.06,0,0,0,0,0,0,0,0,37.068520937013574,37.61071676401251,36.9,37.32,19.405128089438772,18.24706796635759,19.405128089438772,18.24706796635759,28.809656759429227,27.316204262573976,28.809656759429227,27.316204262573976,96,101,96,101,-1,4,-1,4,-1,4,-1,4,96,101,96,101
1787196300,37.08,37.08,37.04,37.08,0,0,0,0,0,0,0,0,37.0681837969505,37.60530333020807,36.9,37.32,20.540055914983036,18.574637673304085,20.540055914983036,18.574637673304085,30.278407092497854,28.797305677535917,30.278407092497854,28.797305677535917,96,101,96,101,-1,4,-1,4,-1,4,-1,4,96,101,96,101
1787196420,37.15,37.17,37.13,37.17,0,0,0,0,0,0,0,0,37.08427159144435,37.600839283804675,36.9,37.32,22.854421668954842,19.18603538696848,22.854421668954842,19.18603538696848,34.72843056907985,31.762868123307882,34.72843056907985,31.762868123307882,96,101,96,101,-1,4,-1,4,-1,4,-1,4,96,101,96,101
1787196480,37.2,37.2,37.160000000000004,37.160000000000004,0,0,0,0,0,0,0,0,37.10046463542417,37.59658549325272,36.9,37.26,24.863419560948298,19.997090268965596,24.863419560948298,19.997090268965596,39.154981304109334,35.45892471370861,39.154981304109334,35.45892471370861,96,101,96,101,-1,4,-1,4,-1,4,-1,4,96,101,96,101
1787196480.001,37.14,37.18,37.14,37.18,0,0,0,0,0,0,0,0,37.11250136837735,37.5923076939832,36.9,37.230000000000004,27.009029648331524,20.998795894589303,27.009029648331524,20.998795894589303,42.541004383114185,38.9999645484114,42.541004383114185,38.9999645484114,96,101,96,101,-1,4,-1,4,-1,4,-1,4,96,101,96,101
1787196540,37.21,37.25,37.21,37.25,0,0,0,0,0,0,0,0,37.135076877157225,37.58876897729348,36.9,37.25,29.98177402919297,22.282078485246966,29.98177402919297,22.282078485246966,47.824262260356434,43.412113404383916,47.824262260356434,43.412113404383916,96,101,96,101,-1,4,-1,4,-1,4,-1,4,96,101,96,101
1787202000,37.35,37.35,37.31,37.31,0,0,0,0,0,0,0,0,37.1693053237347,37.58612782660731,36.9,37.35,33.58251566016097,23.896426653091822,33.58251566016097,23.896426653091822,54.51603431840073,48.96407386139232,54.51603431840073,48.96407386139232,96,101,96,101,-1,4,-1,4,-1,4,-1,4,96,101,96,101
1787202000.001,37.300000000000004,37.34,37.300000000000004,37.34,0,0,0,0,0,0,0,0,37.197916476995054,37.58354612352333,36.9,37.35,37.34622952757245,25.817827063731915,37.34622952757245,25.817827063731915,60.18834687608964,54.57621036874098,60.18834687608964,54.57621036874098,96,101,96,101,-1,4,-1,4,-1,4,-1,4,96,101,96,101
1787202060,37.39,37.39,37.35,37.35,0,0,0,0,0,0,0,0,37.22799226905656,37.581354951481636,36.9,37.39,40.981162712577756,27.984017870709895,40.981162712577756,27.984017870709895,65.1760174389806,59.876113903860784,65.1760174389806,59.876113903860784,96,101,96,101,-1,4,-1,4,-1,4,-1,4,96,101,96,101
1787202060.001,37.34,37.35,37.31,37.31,0,0,0,0,0,0,0,0,37.24532700801597,37.578787572196575,36.9,37.39,43.796233723303985,30.24290584965191,43.796233723303985,30.24290584965191,68.22667383982586,64.05139387184332,68.22667383982586,64.05139387184332,96,101,96,101,-1,4,-1,4,-1,4,-1,4,96,101,96,101
1787202120,37.300000000000004,37.34,37.300000000000004,37.34,0,0,0,0,0,0,0,0,37.260116036861554,37.57627890646991,36.9,37.39,46.83039630049096,32.61254734262892,46.83039630049096,32.61254734262892,70.84152218340773,67.44645802762552,70.84152218340773,67.44645802762552,96,101,96,101,-1,4,-1,4,-1,4,-1,4,96,101,96,101
1787202180,37.38,37.38,37.34,37.34,0,0,0,0,0,0,0,0,37.27706463622006,37.5740605425581,36.9,37.39,49.64783297930744,35.04615957644014,49.64783297930744,35.04615957644014,74.01576537003466,70.73111169883009,74.01576537003466,70.73111169883009,96,101,96,101,-1,4,-1,4,-1,4,-1,4,96,101,96,101
1787202240,37.27,37.28,37.24,37.24,0,0,0,0,0,0,0,0,37.27274985387702,37.570869227043424,36.9,37.39,50.863463956975956,37.30577448794526,50.863463956975956,37.30577448794526,73.7627843113418,72.24694800508595,73.7627843113418,72.24694800508595,96,101,96,101,-1,4,-1,4,-1,4,-1,4,96,101,96,101
1787202360,37.19,37.21,37.17,37.17,0,0,0,1,0,0,0,0,37.256492304687264,37.56701314849904,36.96,37.39,51.01187199366255,39.263788417333444,51.01187199366255,39.263788417333444,71.44681803945923,71.84688302227259,71.44681803945923,71.84688302227259,96,101,96,101,-1,4,-1,4,-1,4,-1,4,96,101,96,101
1787202540,37.11,37.15,37.11,37.11,0,0,0,0,0,0,0,0,37.23228158262291,37.56259842397003,37.02,37.39,50.3093433218463,40.84172483226386,50.3093433218463,40.84172483226386,67.59581487930353,69.72134895078807,67.59581487930353,69.72134895078807,96,101,96,101,-1,4,-1,4,-1,4,-1,4,96,101,96,101
1787202720,37.09,37.1,37.06,37.06,0,0,0,0,0,0,0,0,37.2033819009339,37.557730114610465,37.02,37.39,48.95671515740072,42.001009164426264,48.95671515740072,42.001009164426264,63.012156193921946,66.36675257235501,63.012156193921946,66.36675257235501,96,101,96,101,-1,4,-1,4,-1,4,-1,4,96,101,96,101
1787202900,37.01,37.05,37.01,37.05,0,0,0,0,0,0,1,0,37.17307004015804,37.55254540368565,37.01,37.39,47.56064726800651,42.79524317922345,47.56064726800651,42.79524317922345,57.91712513414883,62.14193885325192,57.91712513414883,62.14193885325192,96,101,96,101,-1,4,-1,4,-1,4,-1,4,96,101,96,101
1787203020,37.06,37.1,37.06,37.1,0,0,0,0,0,0,0,0,37.15736033588688,37.54790979436208,37.01,37.39,46.9645786256139,43.39086252870779,46.9645786256139,43.39086252870779,55.00768160186529,58.57481022755861,55.00768160186529,58.57481022755861,96,101,96,101,-1,4,-1,4,-1,4,-1,4,96,101,96,101
1787203080,37.12,37.13,37.09,37.13,0,0,0,0,0,0,0,0,37.14996148693775,37.5436188179671,37.01,37.39,46.831254382047675,43.88234707918492,46.831254382047675,43.88234707918492,53.563435542123756,56.06912288484118,53.563435542123756,56.06912288484118,96,101,96,101,-1,4,-1,4,-1,4,-1,4,96,101,96,101
1787203320,37.19,37.21,37.17,37.17,0,0,0,0,0,0,0,0,37.156029095373306,37.54003388777174,37.01,37.39,47.343307640472894,44.37677001651178,47.343307640472894,44.37677001651178,54.13309052298661,55.1011067039139,54.13309052298661,55.1011067039139,96,101,96,101,-1,4,-1,4,-1,4,-1,4,96,101,96,101
1787203500,37.14,37.17,37.13,37.13,0,0,0,0,0,0,0,0,37.153720775002405,37.53608661857335,37.01,37.39,47.24735709472488,44.78685388482793,47.24735709472488,44.78685388482793,53.396876424950655,54.24899156443227,53.396876424950655,54.24899156443227,96,101,96,101,-1,4,-1,4,-1,4,-1,4,96,101,96,101
1787203620,37.1,37.13,37.09,37.09,0,0,0,0,0,0,0,0,37.144559421971664,37.531780615735144,37.01,37.39,46.58683158795889,45.043993556703775,46.58683158795889,45.043993556703775,51.5996550114738,52.92432328795304,51.5996550114738,52.92432328795304,96,101,96,101,-1,4,-1,4,-1,4,-1,4,96,101,96,101
1787203740,37.08,37.11,37.07,37.07,0,0,0,0,0,0,0,0,37.133427405855606,37.52731845372119,37.01,37.39,45.687772188819,45.135961932720235,45.687772188819,45.135961932720235,49.47608913519909,51.20020621157606,49.47608913519909,51.20020621157606,96,101,96,101,-1,4,-1,4,-1,4,-1,4,96,101,96,101
1787203860,37.06,37.08,37.04,37.08,0,0,0,0,0,0,0,0,37.12128908963943,37.522734853850004,37.01,37.39,44.99578846104622,45.11593715105251,44.99578846104622,45.11593715105251,47.306035585272646,49.253120898424356,47.306035585272646,49.253120898424356,96,101,96,101,-1,4,-1,4,-1,4,-1,4,96,101,96,101
1787203980,37.09,37.12,37.08,37.12,0,0,0,0,0,0,0,0,37.118630467280745,37.51859487188798,37.01,37.39,44.92466071382861,45.088611945734804,44.92466071382861,45.088611945734804,46.55386140545242,47.90349115193839,46.55386140545242,47.90349115193839,96,101,96,101,-1,4,-1,4,-1,4,-1,4,96,101,96,101
1787204040,37.14,37.14,37.1,37.1,0,0,0,0,0,0,0,0,37.11766735201758,37.51456241876803,37.01,37.39,44.631208272170326,45.023268563797025,44.631208272170326,45.023268563797025,46.200685869396544,47.05208851066747,46.200685869396544,47.05208851066747,96,101,96,101,-1,4,-1,4,-1,4,-1,4,96,101,96,101
1787204100,37.04,37.050000000000004,37.010000000000005,37.010000000000005,0,0,0,0,0,0,0,0,37.10051571225681,37.509674567171665,37.01,37.39,43.0467633664323,44.74091067845921,43.0467633664323,44.74091067845921,43.21574823790867,45.13391837428807,43.21574823790867,45.13391837428807,96,101,96,101,-1,4,-1,4,-1,4,-1,4,96,101,96,101
1787204160,37,37.02,36.980000000000004,36.980000000000004,0,0,0,0,0,0,0,0,37.081028006998,37.50453684345188,36.980000000000004,37.39,41.13817531256185,44.226234197616726,41.13817531256185,44.226234197616726,38.10519284179559,41.619555608041836,38.10519284179559,41.619555608041836,96,101,96,101,-1,4,-1,4,-1,4,-1,4,96,101,96,101
1787204220,36.97,36.97,36.93,36.93,0,0,0,0,0,0,0,0,37.05599261178624,37.498952728923335,36.93,37.38,38.63705200306401,43.42777959839491,38.63705200306401,43.42777959839491,33.158488274334054,37.38902194118795,33.158488274334054,37.38902194118795,96,101,96,101,-1,4,-1,4,-1,4,-1,4,96,101,96,101
1787204340,36.92,36.96,36.92,36.96,0,0,0,0,0,0,0,0,37.036115167219045,37.49345734521929,36.92,37.38,36.751898142786864,42.474082247593756,36.751898142786864,42.474082247593756,29.15104466067542,33.270033300931686,29.15104466067542,33.270033300931686,96,101,96,101,-1,4,-1,4,-1,4,-1,4,96,101,96,101
1787204400,36.99,37,36.96,37,0,0,0,0,0,0,0,0,37.027124530754975,37.48841465190036,36.92,37.38,35.58448850868111,41.489854570606234,35.58448850868111,41.489854570606234,27.11426928361846,30.19215129227507,27.11426928361846,30.19215129227507,96,101,96,101,-1,4,-1,4,-1,4,-1,4,96,101,96,101
1787204520,37.13,37.15,37.11,37.15,0,0,0,0,0,0,0,0,37.04704128273892,37.484914671947784,36.92,37.28,36.687054198294256,40.80374023170452,36.687054198294256,40.80374023170452,29.866942060730622,30.029546676502846,29.866942060730622,30.029546676502846,96,101,96,101,-1,4,-1,4,-1,4,-1,4,96,101,96,101
1787204580,37.2,37.2,37.160000000000004,37.160000000000004,0,0,0,0,0,0,0,0,37.07000347375608,37.48181436012077,36.92,37.21,37.85663779054443,40.38272559725308,37.85663779054443,40.38272559725308,33.381391067252416,31.70546887187763,33.381391067252416,31.70546887187763,96,101,96,101,-1,4,-1,4,-1,4,-1,4,96,101,96,101
1787204640,37.11,37.12,37.08,37.08,0,0,0,0,0,0,0,0,37.07424526640649,37.47794887726717,36.92,37.21,37.77649893961632,40.01040750330497,37.77649893961632,40.01040750330497,33.90137471418009,32.80342179302886,33.90137471418009,32.80342179302886,96,101,96,101,-1,4,-1,4,-1,4,-1,4,96,101,96,101
1787204700,37.07,37.11,37.07,37.11,0,0,0,0,0,0,0,0,37.07832188463561,37.47415502442537,36.92,37.21,38.1394020765825,39.743121013773184,38.1394020765825,39.743121013773184,34.34707498297503,33.575248388001945,34.34707498297503,33.575248388001945,96,101,96,101,-1,4,-1,4,-1,4,-1,4,96,101,96,101
1787204760,37.160000000000004,37.16,37.12,37.16,0,0,0,0,0,0,0,0,37.09074820864126,37.47089643380091,36.92,37.21,39.20524653466913,39.666281802472604,39.20524653466913,39.666281802472604,36.49202171792996,35.03363505296595,36.49202171792996,35.03363505296595,96,101,96,101,-1,4,-1,4,-1,4,-1,4,96,101,96,101
1787204820,37.17,37.17,37.13,37.13,0,0,0,0,0,0,0,0,37.10030914040345,37.4676370994679,36.92,37.21,39.7576414614931,39.67933318233268,39.7576414614931,39.67933318233268,38.14817667007977,36.590905861522856,38.14817667007977,36.590905861522856,96,101,96,101,-1,4,-1,4,-1,4,-1,4,96,101,96,101
1787204820.001,37.11,37.15,37.11,37.11,0,0,0,0,0,0,0,0,37.1044953572998,37.46421119134716,36.92,37.21,39.97903441832523,39.72214764461733,39.97903441832523,39.72214764461733,38.71667422784977,37.65379004468632,38.71667422784977,37.65379004468632,96,101,96,101,-1,4,-1,4,-1,4,-1,4,96,101,96,101
1787205060,37.07,37.07,37.03,37.03,0,0,0,0,0,0,0,0,37.09337498930589,37.46002335196394,36.92,37.21,39.01843283450903,39.621616957459004,39.01843283450903,39.621616957459004,37.015508000770865,37.33464902272859,37.015508000770865,37.33464902272859,96,101,96,101,-1,4,-1,4,-1,4,-1,4,96,101,96,101
1787205120,37,37,36.96,36.96,0,0,0,0,0,0,0,0,37.07154923367452,37.455180665211394,36.92,37.2,37.10603748627153,39.26224846157508,37.10603748627153,39.26224846157508,33.42970594594942,35.38217748433901,33.42970594594942,35.38217748433901,96,101,96,101,-1,4,-1,4,-1,4,-1,4,96,101,96,101
1787205360,36.95,36.97,36.93,36.93,0,0,0,0,0,0,0,0,37.048237251794305,37.450087656934,36.92,37.2,34.89292402150871,38.63805925585132,34.89292402150871,38.63805925585132,29.32272667707493,32.35245208070697,29.32272667707493,32.35245208070697,96,101,96,101,-1,4,-1,4,-1,4,-1,4,96,101,96,101
1787205540,36.92,36.96,36.92,36.96,0,0,0,0,0,0,0,0,37.02976987268019,37.44507849285174,36.92,37.2,33.27520787419981,37.8719376299011,33.27520787419981,37.8719376299011,25.863249005881883,29.107850543294425,25.863249005881883,29.107850543294425,96,101,96,101,-1,4,-1,4,-1,4,-1,4,96,101,96,101
1787205600,36.97,36.97,36.93,36.93,0,0,0,0,0,0,0,0,37.01405413825349,37.440086003702305,36.92,37.2,31.335725096013537,36.93819298220287,31.335725096013537,36.93819298220287,22.97595256404771,26.041901553671067,22.97595256404771,26.041901553671067,96,101,96,101,-1,4,-1,4,-1,4,-1,4,96,101,96,101
1787205660,36.9,36.92,36.88,36.88,0,0,0,0,0,0,0,0,36.99210490099528,37.43464567862401,36.88,37.2,29.097459017726855,35.81808813013487,29.097459017726855,35.81808813013487,20.036530769183763,23.039216161427415,20.036530769183763,23.039216161427415,96,101,96,101,-1,4,-1,4,-1,4,-1,4,96,101,96,101
1787205780,36.78,36.82,36.78,36.82,0,0,0,0,0,0,0,0,36.95838885839008,37.42839713124135,36.78,37.2,27.487453162830665,34.62799742051998,27.487453162830665,34.62799742051998,17.745597802157533,20.392406981792476,17.745597802157533,20.392406981792476,96,101,96,101,-1,4,-1,4,-1,4,-1,4,96,101,96,101
1787205840,36.89,36.91,36.87,36.91,0,0,0,0,0,0,0,0,36.947166641713096,37.42310628084757,36.78,37.2,27.046311894759572,33.54489948826849,27.046311894759572,33.54489948826849,18.581940973277945,19.48717397753521,18.581940973277945,19.48717397753521,96,101,96,101,-1,4,-1,4,-1,4,-1,4,96,101,96,101
1787205900,36.95,36.95,36.910000000000004,36.95,0,0,0,0,0,0,0,0,36.94525755534102,37.418266085681594,36.78,37.2,27.105064792206512,32.62492310311678,27.105064792206512,32.62492310311678,21.30943777776004,20.398305877647623,21.30943777776004,20.398305877647623,96,101,96,101,-1,4,-1,4,-1,4,-1,4,96,101,96,101
1787205960,36.99,36.99,36.95,36.95,0,0,0,0,0,0,0,0,36.948544060430535,37.413739391628376,36.78,37.2,27.159621054121523,31.84416566754603,27.159621054121523,31.84416566754603,24.444634374292896,22.42147012597026,24.444634374292896,22.42147012597026,96,101,96,101,-1,4,-1,4,-1,4,-1,4,96,101,96,101
1787205960.001,36.93,36.94,36.9,36.94,0,0,0,0,0,0,0,0,36.944566352473466,37.408892896852635,36.78,37.2,27.09318442145004,31.165454060960887,27.09318442145004,31.165454060960887,25.935932453712805,24.178701289841534,25.935932453712805,24.178701289841534,96,101,96,101,-1,4,-1,4,-1,4,-1,4,96,101,96,101
1787206080,36.980000000000004,36.980000000000004,36.940000000000005,36.940000000000005,0,0,0,0,0,0,0,0,36.946160348993445,37.404359965872345,36.78,37.2,27.03149326254089,30.574888232615173,27.03149326254089,30.574888232615173,28.077975325773835,26.128338307807685,28.077975325773835,26.128338307807685,96,101,96,101,-1,4,-1,4,-1,4,-1,4,96,101,96,101
1787206140,36.89,36.92,36.88,36.92,0,0,0,0,0,0,0,0,36.93897967947949,37.39940779374095,36.78,37.2,26.740016577511632,30.02704942474324,26.740016577511632,30.02704942474324,28.2528825051485,27.190610406478093,28.2528825051485,27.190610406478093,96,101,96,101,-1,4,-1,4,-1,4,-1,4,96,101,96,101
1787206260,36.99,37.01,36.97,37.01,0,0,0,0,0,0,0,0,36.94946822260443,37.3954004193422,36.78,37.2,27.523223824316972,29.669360053253772,27.523223824316972,29.669360053253772,31.45928134992807,29.32494587820308,31.45928134992807,29.32494587820308,96,101,96,101,-1,4,-1,4,-1,4,-1,4,96,101,96,101
1787206320,37.050000000000004,37.050000000000004,37.010000000000005,37.010000000000005,0,0,0,0,0,0,0,0,36.962898242736955,37.391698259282414,36.78,37.17,28.250487696350586,29.466664002267603,28.250487696350586,29.466664002267603,35.13785577502172,32.2314008266124,35.13785577502172,32.2314008266124,96,101,96,101,-1,4,-1,4,-1,4,-1,4,96,101,96,101
1787206380,36.96,36.980000000000004,36.940000000000005,36.940000000000005,0,0,0,0,0,0,0,0,36.961159168299936,37.38733641922322,36.78,37.17,28.106132017805685,29.272302290201615,28.106132017805685,29.272302290201615,35.9685022289303,34.09995152777135,35.9685022289303,34.09995152777135,96,101,96,101,-1,4,-1,4,-1,4,-1,4,96,101,96,101
1787206500,36.93,36.94,36.9,36.94,0,0,0,0,0,0,0,0,36.954887804366614,37.382752640590816,36.78,37.17,27.97208745915676,29.086557314338062,27.97208745915676,29.086557314338062,35.932185583981,35.016068555876174,35.932185583981,35.016068555876174,96,101,96,101,-1,4,-1,4,-1,4,-1,4,96,101,96,101
1787206560,36.95,36.980000000000004,36.940000000000005,36.940000000000005,0,0,0,0,0,0,0,0,36.954605173269655,37.37847981166288,36.78,37.17,27.84761751183999,28.909565913981194,27.84761751183999,28.909565913981194,36.581329140010965,35.79869884794357,36.581329140010965,35.79869884794357,96,101,96,101,-1,4,-1,4,-1,4,-1,4,96,101,96,101
1787206620,36.93,36.95,36.910000000000004,36.910000000000004,0,0,0,0,0,0,0,0,36.948919384190326,37.37395099098298,36.78,37.15,27.380750218839744,28.691163671818128,27.380750218839744,28.691163671818128,36.18535694994145,35.99202789894251,36.18535694994145,35.99202789894251,96,101,96,101,-1,4,-1,4,-1,4,-1,4,96,101,96,101
1787206740,36.89,36.92,36.88,36.88,0,0,0,0,0,0,0,0,36.93881282948905,37.36916872573274,36.78,37.07,26.595942533419123,28.391846366332555,26.595942533419123,28.391846366332555,34.75751684144638,35.37477237019445,34.75751684144638,35.37477237019445,96,101,96,101,-1,4,-1,4,-1,4,-1,4,96,101,96,101
1787206980,36.83,36.87,36.83,36.87,0,0,0,0,0,0,0,0,36.92387716352135,37.36406920275696,36.78,37.050000000000004,25.750096521078838,28.014453531296308,25.750096521078838,28.014453531296308,32.30916409538934,33.8419682327919,32.30916409538934,33.8419682327919,96,101,96,101,-1,4,-1,4,-1,4,-1,4,96,101,96,101
1787207100,36.88,36.88,36.84,36.84,0,0,0,0,0,0,0,0,36.91105101257807,37.35898725380747,36.78,37.050000000000004,24.61338002484256,27.528585887517202,24.61338002484256,27.528585887517202,30.278603238224886,32.060285735508394,30.278603238224886,32.060285735508394,96,101,96,101,-1,4,-1,4,-1,4,-1,4,96,101,96,101
1787207220,36.83,36.87,36.83,36.87,0,0,0,0,0,0,0,0,36.90116294968509,37.35398903901005,36.78,37.050000000000004,23.909145620257743,27.01152299219442,23.909145620257743,27.01152299219442,28.470095292628056,30.265190514068223,28.470095292628056,30.265190514068223,96,101,96,101,-1,4,-1,4,-1,4,-1,4,96,101,96,101
1787207280,36.88,36.9,36.86,36.9,0,0,0,0,0,0,0,0,36.898527261863556,37.34933906515589,36.78,37.050000000000004,23.60650172934937,26.525091383216555,23.60650172934937,26.525091383216555,28.076408210007603,29.17079936203791,28.076408210007603,29.17079936203791,96,101,96,101,-1,4,-1,4,-1,4,-1,4,96,101,96,101
1787207400,36.96,36.97,36.93,36.97,0,0,0,0,0,0,0,0,36.90909806273685,37.34543187711122,36.78,37.050000000000004,24.14514739036772,26.18509938423815,24.14514739036772,26.18509938423815,30.18794173102689,29.6793705465324,30.18794173102689,29.6793705465324,96,101,96,101,-1,4,-1,4,-1,4,-1,4,96,101,96,101
1787207460,36.980000000000004,36.980000000000004,36.940000000000005,36.940000000000005,0,0,0,0,0,0,0,0,36.91714083920894,37.34153039906368,36.78,37.050000000000004,24.294030305107306,25.914946658648027,24.294030305107306,25.914946658648027,31.861773184417647,30.770571865475024,31.861773184417647,30.770571865475024,96,101,96,101,-1,4,-1,4,-1,4,-1,4,96,101,96,101
1787207520,36.92,36.96,36.92,36.96,0,0,0,0,0,0,0,0,36.92250917147398,37.337601406701516,36.83,37.050000000000004,24.666470763407602,25.736592959327965,24.666470763407602,25.736592959327965,32.888322593446446,31.829447229460733,32.888322593446446,31.829447229460733,96,101,96,101,-1,4,-1,4,-1,4,-1,4,96,101,96,101
1787207520.001,37.01,37.02,36.980000000000004,36.980000000000004,0,0,0,0,0,0,0,0,36.935386291812044,37.33417585373268,36.83,37.050000000000004,25.246500369300065,25.666579732181123,25.246500369300065,25.666579732181123,35.46890235900869,33.64917479423471,35.46890235900869,33.64917479423471,96,101,96,101,-1,4,-1,4,-1,4,-1,4,96,101,96,101
1787207580,36.910000000000004,36.95,36.910000000000004,36.95,0,0,0,0,0,0,0,0,36.935619087240156,37.33022053843849,36.83,37.050000000000004,25.43381123285125,25.633327089419712,25.43381123285125,25.633327089419712,36.04294194874749,34.8460583714911,36.04294194874749,34.8460583714911,96,101,96,101,-1,4,-1,4,-1,4,-1,4,96,101,96,101
1787207640,36.97,37,36.96,37,0,0,0,0,0,0,0,0,36.9449004653177,37.3268020919532,36.83,37.050000000000004,26.193222842682708,25.71331219702871,26.193222842682708,25.71331219702871,38.43973778757121,36.64289807953115,38.43973778757121,36.64289807953115,96,101,96,101,-1,4,-1,4,-1,4,-1,4,96,101,96,101
1787207700,37.01,37.01,36.97,36.97,0,0,0,0,0,0,0,0,36.95188825950236,37.32338449236494,36.83,37.050000000000004,26.58418311582439,25.837722328285235,26.58418311582439,25.837722328285235,40.49413422084842,38.56851615018979,40.49413422084842,38.56851615018979,96,101,96,101,-1,4,-1,4,-1,4,-1,4,96,101,96,101
1787207760,36.910000000000004,36.93,36.89,36.93,0,0,0,0,0,0,0,0,36.945484333532235,37.31933754882565,36.83,37.050000000000004,26.47102717897977,25.928194449813024,26.47102717897977,25.928194449813024,39.76420295852934,39.16635955435956,39.76420295852934,39.16635955435956,96,101,96,101,-1,4,-1,4,-1,4,-1,4,96,101,96,101
1787207940,36.97,37.01,36.97,37.01,0,0,0,0,0,0,0,0,36.954790212283946,37.31612689328178,36.83,37.050000000000004,27.318334761433555,26.12678592290167,27.318334761433555,26.12678592290167,42.34615079843056,40.75625517639506,42.34615079843056,40.75625517639506,96,101,96,101,-1,4,-1,4,-1,4,-1,4,96,101,96,101
1787208180,37.02,37.02,36.980000000000004,36.980000000000004,0,0,0,0,0,0,0,0,36.96179805247474,37.31291501706339,36.83,37.050000000000004,28.224167992759767,26.426411932881397,28.224167992759767,26.426411932881397,46.93709477303943,43.846674974717246,46.93709477303943,43.846674974717246,96,101,96,101,-1,4,-1,4,-1,4,-1,4,96,101,96,101
1787208300,36.97,37,36.96,36.96,0,0,0,0,0,0,0,0,36.96389537626721,37.30953609483722,36.83,37.02,29.19818921586829,26.82238011616524,29.19818921586829,26.82238011616524,50.284705572657906,47.06569027368758,50.284705572657906,47.06569027368758,96,101,96,101,-1,4,-1,4,-1,4,-1,4,96,101,96,101
1787208600,36.95,36.96,36.92,36.92,0,0,0,0,0,0,0,0,36.95833864118832,37.30579278377748,36.83,37.02,29.438185667226545,27.19606662345971,29.438185667226545,27.19606662345971,51.24932435328358,49.15750731348558,51.24932435328358,49.15750731348558,96,101,96,101,-1,4,-1,4,-1,4,-1,4,96,101,96,101
1787208840,36.910000000000004,36.95,36.910000000000004,36.95,0,0,0,0,0,0,0,0,36.954398282184385,37.30211988708981,36.83,37.02,30.159378385348266,27.619396875158078,30.159378385348266,27.619396875158078,52.07614045096274,50.61682388222416,52.07614045096274,50.61682388222416,96,101,96,101,-1,4,-1,4,-1,4,-1,4,96,101,96,101
1787209140,36.97,37.01,36.97,37.01,0,0,0,0,0,0,0,0,36.962083442999344,37.29908055156321,36.83,37.02,31.825735078753574,28.22030233281458,31.825735078753574,28.22030233281458,55.95944313786204,53.288133510043096,55.95944313786204,53.288133510043096,96,101,96,101,-1,4,-1,4,-1,4,-1,4,96,101,96,101
1787275800,37.14,37.14,37.1,37.1,0,0,0,0,0,0,0,1,36.98958342306007,37.29723232053605,36.83,37.14,34.86808290535424,29.169985271748818,34.86808290535424,29.169985271748818,61.29857030864361,57.29335190934336,61.29857030864361,57.29335190934336,96,101,96,101,-1,4,-1,4,-1,4,-1,4,96,101,96,101
1787275800.001,36.300000000000004,36.34,36.300000000000004,36.34,0,0,0,0,0,0,0,0,36.869053103715814,37.2875749508458,36.300000000000004,37.14,32.691477297514965,29.67305556114398,32.691477297514965,29.67305556114398,52.94979495842924,55.1215734338863,52.94979495842924,55.1215734338863,96,101,96,101,-1,4,-1,4,-1,4,-1,4,96,101,96,101
1787275800.002,36.81,36.85,36.81,36.85,0,0,0,0,0,0,0,0,36.86316466061597,37.28308830125198,36.300000000000004,37.14,34.67348323623249,30.38740237187091,34.67348323623249,30.38740237187091,54.46717118885773,54.794372311372015,54.46717118885773,54.794372311372015,96,101,96,101,-1,4,-1,4,-1,4,-1,4,96,101,96,101
1787275860,36.87,36.87,36.83,36.83,0,0,0,0,0,0,0,0,36.8595589647464,37.27871262992941,36.300000000000004,37.14,36.40315506856505,31.246795614255785,36.40315506856505,31.246795614255785,55.97186101902094,55.38311666519648,55.97186101902094,55.38311666519648,96,101,96,101,-1,4,-1,4,-1,4,-1,4,96,101,96,101
1787275860.001,36.78,36.82,36.78,36.82,0,0,0,0,0,0,0,0,36.849942183277356,37.27401565517057,36.300000000000004,37.14,37.92991383350879,32.201526788434784,37.92991383350879,32.201526788434784,56.54730944487509,55.96521305503579,56.54730944487509,55.96521305503579,96,101,96,101,-1,4,-1,4,-1,4,-1,4,96,101,96,101
1787275860.002,37.09,37.09,37.050000000000004,37.050000000000004,0,0,0,0,0,0,0,0,36.888740574196625,37.27191931365975,36.300000000000004,37.14,41.173015226353414,33.48316799385173,41.173015226353414,33.48316799385173,61.496333265675275,58.73077316035553,61.496333265675275,58.73077316035553,96,101,96,101,-1,4,-1,4,-1,4,-1,4,96,101,96,101
1787275920,37.02,37.06,37.02,37.06,0,0,0,0,0,0,0,0,36.91745440919118,37.26967799378917,36.300000000000004,37.14,44.263831599074194,35.02326279459779,44.263831599074194,35.02326279459779,65.36420402364008,62.047488591997805,65.36420402364008,62.047488591997805,96,101,96,101,-1,4,-1,4,-1,4,-1,4,96,101,96,101
1787275920.001,37.07,37.07,37.03,37.03,0,0,0,0,0,0,0,0,36.940341486307936,37.267425808112996,36.300000000000004,37.14,46.89578013564824,36.71933670046214,46.89578013564824,36.71933670046214,68.71353542162345,65.38051200681062,68.71353542162345,65.38051200681062,96,101,96,101,-1,4,-1,4,-1,4,-1,4,96,101,96,101
1787275920.002,36.9,36.94,36.9,36.94,0,0,0,0,0,0,0,0,36.93785515546407,37.26403516988965,36.300000000000004,37.14,48.62544663389554,38.420209548095485,48.62544663389554,38.420209548095485,69.5095609736364,67.44503649022352,69.5095609736364,67.44503649022352,96,101,96,101,-1,4,-1,4,-1,4,-1,4,96,101,96,101
1787275920.003,36.99,37.03,36.99,37.03,0,0,0,0,0,0,0,0,36.95218452113727,37.26157379174813,36.300000000000004,37.14,50.94585123941092,40.20958693256912,50.94585123941092,40.20958693256912,71.72248083454551,69.58375866238451,71.72248083454551,69.58375866238451,96,101,96,101,-1,4,-1,4,-1,4,-1,4,96,101,96,101
1787275980,37.28,37.28,37.24,37.24,0,0,0,0,0,0,0,0,37.00693885062746,37.26149179713703,36.300000000000004,37.28,54.15817381852006,42.20224220199068,54.15817381852006,42.20224220199068,75.41227220220517,72.49801543229484,75.41227220220517,72.49801543229484,96,101,96,101,-1,4,-1,4,-1,4,-1,4,96,101,96,101
1787276040,37.22,37.26,37.22,37.26,0,0,0,0,0,0,0,0,37.050525726270955,37.26134428340101,36.300000000000004,37.28,57.286817379587845,44.357181513075986,57.286817379587845,44.357181513075986,78.4000234036394,75.44901941796712,78.4000234036394,75.44901941796712,96,101,96,101,-1,4,-1,4,-1,4,-1,4,96,101,96,101
1787276040.001,37.46,37.47,37.43,37.43,0,0,0,0,0,0,0,1,37.12194529119139,37.263155119718746,36.300000000000004,37.47,60.09355875113133,46.60523540422675,60.09355875113133,46.60523540422675,81.16827402851635,78.30864672324174,81.16827402851635,78.30864672324174,96,101,96,101,-1,4,-1,4,-1,4,-1,4,96,101,96,101
1787276100,37.33,37.37,37.33,37.37,0,0,0,0,0,0,0,0,37.16462190491416,37.264085582872454,36.300000000000004,37.47,62.333518229835626,48.85213295074231,62.333518229835626,48.85213295074231,82.44215917950974,80.37540295137575,82.44215917950974,80.37540295137575,96,101,96,101,-1,4,-1,4,-1,4,-1,4,96,101,96,101
1787276100.001,37.550000000000004,37.58,37.54,37.58,0,0,0,0,0,0,0,0,37.237720952505526,37.26709633992513,36.300000000000004,37.58,65.02398121341879,51.16239698826752,65.02398121341879,51.16239698826752,84.79417215386555,82.58478755262064,84.79417215386555,82.58478755262064,96,101,96,101,-1,4,-1,4,-1,4,-1,4,96,101,96,101
1787276160,37.74,37.74,37.7,37.7,0,0,0,0,0,0,0,0,37.32419593083785,37.27153650901377,36.300000000000004,37.74,67.32385557119048,53.47117678582794,67.32385557119048,53.47117678582794,86.72833803664672,84.65656279463369,86.72833803664672,84.65656279463369,96,101,96,101,-1,4,-1,4,-1,4,-1,4,96,101,96,101
1787276160.001,37.57,37.61,37.57,37.61,0,0,0,0,0,0,0,0,37.37373606462491,37.274771634960565,36.300000000000004,37.74,69.01302461769274,55.69144076180863,69.01302461769274,55.69144076180863,87.17587704728447,85.91621992095908,87.17587704728447,85.91621992095908,96,101,96,101,-1,4,-1,4,-1,4,-1,4,96,101,96,101
1787276220,37.63,37.67,37.63,37.67,0,0,0,0,0,0,0,0,37.425177992268864,37.27857158552481,36.300000000000004,37.74,70.87915777992103,57.86111462153898,70.87915777992103,57.86111462153898,88.15472000878353,87.03546996487131,88.15472000878353,87.03546996487131,96,101,96,101,-1,4,-1,4,-1,4,-1,4,96,101,96,101
1787276220.001,37.79,37.79,37.75,37.75,0,0,0,0,0,0,0,0,37.48666078155331,37.283395085503,36.300000000000004,37.79,72.76746338432744,59.99059301622305,72.76746338432744,59.99059301622305,89.6167973996668,88.32613368226905,89.6167973996668,88.32613368226905,96,101,96,101,-1,4,-1,4,-1,4,-1,4,96,101,96,101
1787276220.002,37.64,37.67,37.63,37.63,0,0,0,0,0,0,0,0,37.51514670005877,37.286976560605794,36.300000000000004,37.79,73.94562635447856,61.98416920740242,73.94562635447856,61.98416920740242,89.6619529005773,88.99404329142317,89.6619529005773,88.99404329142317,96,101,96,101,-1,4,-1,4,-1,4,-1,4,96,101,96,101
1787276280,37.42,37.46,37.42,37.46,0,0,0,0,0,0,0,0,37.502695784896574,37.28856551688501,36.300000000000004,37.79,74.22467797153642,63.73281331656442,74.22467797153642,63.73281331656442,87.82146298477097,88.40775313809706,87.82146298477097,88.40775313809706,96,101,96,101,-1,4,-1,4,-1,4,-1,4,96,101,96,101
1787276340,37.5,37.54,37.5,37.54,0,0,0,0,0,0,0,0,37.50705412703659,37.29093468255448,36.78,37.79,74.86730643857433,65.32345519113726,74.86730643857433,65.32345519113726,87.01091841647676,87.70933577728691,87.01091841647676,87.70933577728691,96,101,96,101,-1,4,-1,4,-1,4,-1,4,96,101,96,101
1787276340.001,37.550000000000004,37.550000000000004,37.510000000000005,37.510000000000005,0,0,0,0,0,0,0,0,37.5100139827269,37.293247106940335,36.78,37.79,75.32021695662442,66.75156401477828,75.32021695662442,66.75156401477828,86.33534138478458,87.02233858103574,86.33534138478458,87.02233858103574,96,101,96,101,-1,4,-1,4,-1,4,-1,4,96,101,96,101
1787276340.002,37.42,37.46,37.42,37.46,0,0,0,0,0,0,0,0,37.49849628889777,37.29477366972368,36.78,37.79,75.50108353067186,68.00149537419165,75.50108353067186,68.00149537419165,84.97008168552007,85.99621013327791,84.97008168552007,85.99621013327791,96,101,96,101,-1,4,-1,4,-1,4,-1,4,96,101,96,101
1787276340.003,37.49,37.49,37.45,37.45,0,0,0,0,0,0,0,0,37.49210302424969,37.296450880306864,36.9,37.79,75.62109242517327,69.0900092386176,75.62109242517327,69.0900092386176,84.01078909573828,85.00349961450809,84.01078909573828,85.00349961450809,96,101,96,101,-1,4,-1,4,-1,4,-1,4,96,101,96,101
1787276400,37.300000000000004,37.34,37.300000000000004,37.34,0,0,0,0,0,0,0,0,37.46202368650732,37.29675153489751,36.9,37.79,75.2052042318124,69.96360852335971,75.2052042318124,69.96360852335971,81.827080969885,83.41529029219654,81.827080969885,83.41529029219654,96,101,96,101,-1,4,-1,4,-1,4,-1,4,96,101,96,101
1787276400.001,37.42,37.42,37.38,37.38,0,0,0,0,0,0,0,0,37.44953453138478,37.29771254781727,36.9,37.79,75.01077689214796,70.68463257604375,75.01077689214796,70.68463257604375,80.6456475427394,82.03046891746797,80.6456475427394,82.03046891746797,96,101,96,101,-1,4,-1,4,-1,4,-1,4,96,101,96,101
1787276460,37.33,37.33,37.29,37.29,0,0,0,0,0,0,0,0,37.42295249537543,37.29776847603136,36.9,37.79,74.39878947271839,71.21522641842584,74.39878947271839,71.21522641842584,78.77009482570372,80.40028187158585,78.77009482570372,80.40028187158585,96,101,96,101,-1,4,-1,4,-1,4,-1,4,96,101,96,101
1787276460.001,37.28,37.32,37.28,37.32,0,0,0,0,0,0,0,0,37.40180961742838,37.29785701524166,36.99,37.79,73.97433135601895,71.60938426665344,73.97433135601895,71.60938426665344,77.1433027556847,78.77179231363527,77.1433027556847,78.77179231363527,96,101,96,101,-1,4,-1,4,-1,4,-1,4,96,101,96,101
1787276460.002,37.480000000000004,37.5,37.46,37.5,0,0,0,0,0,0,0,0,37.417238171835336,37.29973571824092,37.22,37.79,74.44308716999458,72.01419896713074,74.44308716999458,72.01419896713074,77.51305145118133,78.1424218824083,77.51305145118133,78.1424218824083,96,101,96,101,-1,4,-1,4,-1,4,-1,4,96,101,96,101
1787276520,37.550000000000004,37.59,37.550000000000004,37.59,0,0,0,0,0,0,0,0,37.44622517089558,37.30249125006605,37.22,37.79,75.3098081727131,72.48500028221393,75.3098081727131,72.48500028221393,78.65452348739804,78.39847268490317,78.65452348739804,78.39847268490317,96,101,96,101,-1,4,-1,4,-1,4,-1,4,96,101,96,101
1787276580,37.64,37.64,37.6,37.6,0,0,0,0,0,0,0,0,37.47660847315699,37.30558420611846,37.28,37.79,76.16255917092296,73.01036583774379,76.16255917092296,73.01036583774379,80.03561265362785,79.21704266926551,80.03561265362785,79.21704266926551,96,101,96,101,-1,4,-1,4,-1,4,-1,4,96,101,96,101
1787276640,37.59,37.63,37.59,37.63,0,0,0,0,0,0,0,0,37.50207359924966,37.30867955398461,37.28,37.79,77.0982152991744,73.59434433223387,77.0982152991744,73.59434433223387,81.20022791212209,80.20863529069379,81.20022791212209,80.20863529069379,96,101,96,101,-1,4,-1,4,-1,4,-1,4,96,101,96,101
1787276640.001,37.64,37.67,37.63,37.67,0,0,0,0,0,0,0,0,37.53018142968912,37.312142112319755,37.28,37.79,78.1587934010071,74.24640848491576,78.1587934010071,74.24640848491576,82.60115412601841,81.4048947083561,82.60115412601841,81.4048947083561,96,101,96,101,-1,4,-1,4,-1,4,-1,4,96,101,96,101
1787276700,37.74,37.74,37.7,37.7,0,0,0,0,0,0,0,0,37.56348177580625,37.31613406476765,37.28,37.79,79.28743183976549,74.96655467846573,79.28743183976549,74.96655467846573,84.37721168615585,82.89105319725597,84.37721168615585,82.89105319725597,96,101,96,101,-1,4,-1,4,-1,4,-1,4,96,101,96,101
1787276700.001,37.6,37.6,37.56,37.56,0,0,0,0,0,0,0,0,37.5652729680839,37.3186932614698,37.28,37.79,79.66431230758667,75.63766291119728,79.66431230758667,75.63766291119728,83.58216447215057,83.23660883470328,83.58216447215057,83.23660883470328,96,101,96,101,-1,4,-1,4,-1,4,-1,4,96,101,96,101
1787276760,37.480000000000004,37.52,37.480000000000004,37.52,0,0,0,0,0,0,0,0,37.554617276917135,37.32056364361106,37.28,37.79,79.82251818782139,76.23549937928644,79.82251818782139,76.23549937928644,81.88230787853365,82.55945835661846,81.88230787853365,82.55945835661846,96,101,96,101,-1,4,-1,4,-1,4,-1,4,96,101,96,101
1787276820,37.58,37.58,37.54,37.54,0,0,0,0,0,0,0,0,37.55438383262917,37.32287975992671,37.28,37.79,80.06530092512466,76.78261388583475,80.06530092512466,76.78261388583475,81.16079006278837,81.86012420970341,81.16079006278837,81.86012420970341,96,101,96,101,-1,4,-1,4,-1,4,-1,4,96,101,96,101
1787276820.001,37.53,37.57,37.53,37.53,0,0,0,0,0,0,0,0,37.552374650939015,37.3250733278213,37.28,37.74,80.24280339979217,77.27692667354295,80.24280339979217,77.27692667354295,79.80716194787956,80.83364307879148,79.80716194787956,80.83364307879148,96,101,96,101,-1,4,-1,4,-1,4,-1,4,96,101,96,101
1787276880,37.49,37.53,37.49,37.53,0,0,0,0,0,0,0,0,37.545882290162226,37.32697972920285,37.28,37.74,80.40762712626915,77.72416959536098,80.40762712626915,77.72416959536098,78.26167653317452,79.547659805983,78.26167653317452,79.547659805983,96,101,96,101,-1,4,-1,4,-1,4,-1,4,96,101,96,101
1787276880.001,37.63,37.63,37.59,37.59,0,0,0,0,0,0,0,0,37.556327934375155,37.329729516308625,37.28,37.74,80.84830956068234,78.17047530469259,80.84830956068234,78.17047530469259,78.41370027081095,78.98068003839697,78.41370027081095,78.98068003839697,96,101,96,101,-1,4,-1,4,-1,4,-1,4,96,101,96,101
1787276940,37.58,37.62,37.58,37.62,0,0,0,0,0,0,0,0,37.56548043115543,37.33248510984453,37.28,37.74,81.40133059397972,78.63202606030504,81.40133059397972,78.63202606030504,78.5119036029102,78.74629182065358,78.5119036029102,78.74629182065358,96,101,96,101,-1,4,-1,4,-1,4,-1,4,96,101,96,101
1787276940.001,37.63,37.63,37.59,37.59,0,0,0,0,0,0,0,0,37.57236277700596,37.33518011704342,37.28,37.74,81.77103420927074,79.08045579587156,81.77103420927074,79.08045579587156,78.29591737392306,78.52110459728831,78.29591737392306,78.52110459728831,96,101,96,101,-1,4,-1,4,-1,4,-1,4,96,101,96,101
1787277000,37.550000000000004,37.59,37.550000000000004,37.59,0,0,0,0,0,0,0,0,37.573145302398814,37.337582968283456,37.28,37.74,82.11433042346953,79.51386645695698,82.11433042346953,79.51386645695698,75.98296677163346,77.25203568446088,75.98296677163346,77.25203568446088,96,101,96,101,-1,4,-1,4,-1,4,-1,4,96,101,96,101
1787277060,37.69,37.69,37.65,37.65,0,0,0,0,0,0,0,0,37.58954312620509,37.340824265448134,37.28,37.74,82.72073731076723,79.97199086464416,82.72073731076723,79.97199086464416,76.306202094984,76.77911888972244,76.306202094984,76.77911888972244,96,101,96,101,-1,4,-1,4,-1,4,-1,4,96,101,96,101
1787277060.001,37.61,37.65,37.61,37.65,0,0,0,0,0,0,0,0,37.598111042652654,37.343767970932895,37.28,37.74,83.28382942040082,80.44511065832367,83.28382942040082,80.44511065832367,75.3212824679695,76.05020067884597,75.3212824679695,76.05020067884597,96,101,96,101,-1,4,-1,4,-1,4,-1,4,96,101,96,101
1787277120,37.74,37.74,37.7,37.7,0,0,0,0,0,0,0,0,37.61906055004914,37.34744523822046,37.28,37.74,84.04639385777394,80.95957968681657,84.04639385777394,80.95957968681657,76.77398441232144,76.4120925455837,76.77398441232144,76.4120925455837,96,101,96,101,-1,4,-1,4,-1,4,-1,4,96,101,96,101
1787277180,37.62,37.66,37.62,37.66,0,0,0,0,0,0,0,0,37.6240798439796,37.35042256586669,37.28,37.74,84.56273485259257,81.47431613907028,84.56273485259257,81.47431613907028,76.00235078479089,76.20722166518729,76.00235078479089,76.20722166518729,96,101,96,101,-1,4,-1,4,-1,4,-1,4,96,101,96,101
1787277300,37.69,37.7,37.660000000000004,37.7,0,0,0,0,0,0,0,0,37.63545926628634,37.35376827831246,37.46,37.74,85.23394890195199,82.01140653376767,85.23394890195199,82.01140653376767,76.62946593878449,76.41834380198588,76.62946593878449,76.41834380198588,96,101,96,101,-1,4,-1,4,-1,4,-1,4,96,101,96,101
1787277360,37.76,37.77,37.730000000000004,37.730000000000004,0,0,0,0,0,0,0,0,37.65507273302216,37.35764454751664,37.480000000000004,37.77,86.00103500627087,82.58135345841097,86.00103500627087,82.58135345841097,78.67959825565302,77.54897102881945,78.67959825565302,77.54897102881945,96,101,96,101,-1,4,-1,4,-1,4,-1,4,96,101,96,101
1787277420,37.69,37.71,37.67,37.71,0,0,0,0,0,0,0,0,37.66263526641207,37.361017901936044,37.480000000000004,37.77,86.6174519689102,83.15793895991087,86.6174519689102,83.15793895991087,79.14833912109196,78.3486550749557,79.14833912109196,78.3486550749557,96,101,96,101,-1,4,-1,4,-1,4,-1,4,96,101,96,101
1787277540,37.75,37.79,37.75,37.75,0,0,0,0,0,0,0,0,37.6809440058523,37.36502104055691,37.480000000000004,37.79,87.38159370267454,83.7613182088771,87.38159370267454,83.7613182088771,81.23078927466136,79.78972217480853,81.23078927466136,79.78972217480853,96,101,96,101,-1,4,-1,4,-1,4,-1,4,96,101,96,101
1787277600,37.74,37.77,37.730000000000004,37.77,0,0,0,0,0,0,0,0,37.694711762364,37.368918011960986,37.480000000000004,37.79,88.18703116111247,84.39356291633929,88.18703116111247,84.39356291633929,82.95972414018615,81.37472315749734,82.95972414018615,81.37472315749734,96,101,96,101,-1,4,-1,4,-1,4,-1,4,96,101,96,101
1787277660,37.81,37.83,37.79,37.79,0,0,0,0,0,0,0,0,37.71446113890388,37.373240552472154,37.480000000000004,37.83,88.84407328639249,85.02935011206117,88.84407328639249,85.02935011206117,84.666776535744,83.02074984662067,84.666776535744,83.02074984662067,96,101,96,101,-1,4,-1,4,-1,4,-1,4,96,101,96,101
1787277720,37.71,37.75,37.71,37.75,0,0,0,0,0,0,0,0,37.71849850758802,37.376856732712895,37.480000000000004,37.83,89.26744246808342,85.6347918772072,89.26744246808342,85.6347918772072,84.3637305371313,83.69224019187598,84.3637305371313,83.69224019187598,96,101,96,101,-1,4,-1,4,-1,4,-1,4,96,101,96,101
1787277780,37.79,37.79,37.75,37.75,0,0,0,0,0,0,0,0,37.72665029408717,37.38070227102752,37.480000000000004,37.83,89.66057099393927,86.2099031795975,89.66057099393927,86.2099031795975,84.93514565520344,84.31369292353972,84.93514565520344,84.31369292353972,96,101,96,101,-1,4,-1,4,-1,4,-1,4,96,101,96,101
1787277780.001,37.74,37.74,37.7,37.7,0,0,0,0,0,0,0,0,37.724229028495564,37.38401203284151,37.49,37.83,89.79219220679052,86.72165875491079,89.79219220679052,86.72165875491079,84.12622874342138,84.21996083348054,84.12622874342138,84.21996083348054,96,101,96,101,-1,4,-1,4,-1,4,-1,4,96,101,96,101
1787277840,37.67,37.71,37.67,37.71,0,0,0,0,0,0,0,0,37.71921768998122,37.38712302422286,37.49,37.83,89.96109724524106,87.18443568210083,89.96109724524106,87.18443568210083,82.8614428190366,83.54070182625857,82.8614428190366,83.54070182625857,96,101,96,101,-1,4,-1,4,-1,4,-1,4,96,101,96,101
1787277900,37.72,37.76,37.72,37.76,0,0,0,0,0,0,0,0,37.724208413014935,37.39070057290389,37.49,37.83,90.35136434210293,87.63685406210114,90.35136434210293,87.63685406210114,83.07604189683659,83.30837186154758,83.07604189683659,83.30837186154758,96,101,96,101,-1,4,-1,4,-1,4,-1,4,96,101,96,101
1787277900.001,37.81,37.81,37.77,37.77,0,0,0,0,0,0,0,0,37.734958398527375,37.39460736654,37.550000000000004,37.83,90.76044055856339,88.08308070445288,90.76044055856339,88.08308070445288,84.35089305443144,83.8296324579895,84.35089305443144,83.8296324579895,96,101,96,101,-1,4,-1,4,-1,4,-1,4,96,101,96,101
1787277960,37.71,37.72,37.68,37.68,0,0,0,0,0,0,0,0,37.72739020485573,37.397579764219536,37.550000000000004,37.83,90.72012897804976,88.4598018863953,90.72012897804976,88.4598018863953,83.0540122284738,83.44182234323165,83.0540122284738,83.44182234323165,96,101,96,101,-1,4,-1,4,-1,4,-1,4,96,101,96,101
1787278020,37.67,37.71,37.67,37.71,0,0,0,0,0,0,0,0,37.72180410700317,37.40055575329861,37.550000000000004,37.83,90.56665037757683,88.76078024227836,90.56665037757683,88.76078024227836,81.94240009193867,82.69211121758516,81.94240009193867,82.69211121758516,96,101,96,101,-1,4,-1,4,-1,4,-1,4,96,101,96,101
1787278080,37.76,37.76,37.72,37.72,0,0,0,0,0,0,0,0,37.723900329972295,37.40386697300045,37.550000000000004,37.83,90.49216174516489,89.00812045697644,90.49216174516489,89.00812045697644,80.89271359231802,81.79241240495159,80.89271359231802,81.79241240495159,96,101,96,101,-1,4,-1,4,-1,4,-1,4,96,101,96,101
1787278200,37.71,37.75,37.71,37.75,0,0,0,0,0,0,0,0,37.726221482098545,37.40717841273842,37.61,37.83,90.62707536200686,89.23939972912365,90.62707536200686,89.23939972912365,79.7039585893339,80.74818549714274,79.7039585893339,80.74818549714274,96,101,96,101,-1,4,-1,4,-1,4,-1,4,96,101,96,101
1787278260,37.82,37.82,37.78,37.78,0,0,0,0,0,0,0,0,37.738423636868504,37.411020750256775,37.61,37.83,90.91254540143343,89.47842053945362,90.91254540143343,89.47842053945362,81.21563797453112,80.98191173583693,81.21563797453112,80.98191173583693,96,101,96,101,-1,4,-1,4,-1,4,-1,4,96,101,96,101
1787278260.001,37.77,37.78,37.74,37.74,0,0,0,0,0,0,0,0,37.7411344907712,37.41442684561077,37.62,37.83,90.87040506169974,89.67727547120307,90.87040506169974,89.67727547120307,80.7970774475575,80.88949459169721,80.7970774475575,80.88949459169721,96,101,96,101,-1,4,-1,4,-1,4,-1,4,96,101,96,101
1787278320,37.7,37.72,37.68,37.68,0,0,0,0,0,0,0,0,37.732443371237046,37.41720203454333,37.62,37.83,90.37044525314516,89.77629972576622,90.37044525314516,89.77629972576622,77.90769903668163,79.39859681418943,77.90769903668163,79.39859681418943,96,101,96,101,-1,4,-1,4,-1,4,-1,4,96,101,96,101
1787278380,37.65,37.68,37.64,37.68,0,0,0,0,0,0,0,0,37.720483970406065,37.41968426968884,37.64,37.83,89.90619685948734,89.79485645915496,89.90619685948734,89.79485645915496,74.36986448042111,76.88423064730527,74.36986448042111,76.88423064730527,96,101,96,101,-1,4,-1,4,-1,4,-1,4,96,101,96,101
1787278440,37.730000000000004,37.77,37.730000000000004,37.77,0,0,0,0,0,0,0,0,37.72706264245345,37.42303732836523,37.64,37.83,90.11697871646277,89.84087392448464,90.11697871646277,89.84087392448464,74.92927159546322,75.90675112138425,74.92927159546322,75.90675112138425,96,101,96,101,-1,4,-1,4,-1,4,-1,4,96,101,96,101
1787278500,37.88,37.88,37.84,37.84,0,0,0,0,0,0,0,1,37.75002094988616,37.42731888065347,37.64,37.88,90.39000837524357,89.9193217031645,90.39000837524357,89.9193217031645,77.65366136753987,76.78020624446205,77.65366136753987,76.78020624446205,96,101,96,101,-1,4,-1,4,-1,4,-1,4,96,101,96,101
1787278560,37.82,37.86,37.82,37.86,0,0,0,0,0,0,0,0,37.767592898391705,37.43149149543967,37.64,37.88,90.85998613199021,90.0537023358539,90.85998613199021,90.0537023358539,79.52731413920995,78.153760191836,79.52731413920995,78.153760191836,96,101,96,101,-1,4,-1,4,-1,4,-1,4,96,101,96,101
1787278560.001,37.95,37.97,37.93,37.97,0,0,0,0,0,0,0,0,37.80196994716897,37.43671711903397,37.64,37.97,91.51284426541949,90.26215118293469,91.51284426541949,90.26215118293469,82.09484069075158,80.1243004412938,82.09484069075158,80.1243004412938,96,101,96,101,-1,4,-1,4,-1,4,-1,4,96,101,96,101
1787278620,38,38,37.96,37.96,0,0,0,0,0,0,0,0,37.833126926471586,37.442056583852874,37.64,38,91.72224427820699,90.47073591083073,91.72224427820699,90.47073591083073,83.98045168450973,82.05237606290177,83.98045168450973,82.05237606290177,96,101,96,101,-1,4,-1,4,-1,4,-1,4,96,101,96,101
1787278680,37.95,37.99,37.95,37.99,0,0,0,0,0,0,0,0,37.85922506105251,37.44737608716446,37.64,38,92.21430619484302,90.71981737997534,92.21430619484302,90.71981737997534,85.44356176132591,83.74796891211383,85.44356176132591,83.74796891211383,96,101,96,101,-1,4,-1,4,-1,4,-1,4,96,101,96,101
1787278680.001,38.12,38.16,38.12,38.16,0,0,0,0,0,0,0,0,37.911487171164175,37.454334202383386,37.64,38.16,92.77042718092567,91.01276163725397,92.77042718092567,91.01276163725397,87.14834567832622,85.44815729522003,87.14834567832622,85.44815729522003,96,101,96,101,-1,4,-1,4,-1,4,-1,4,96,101,96,101
1787278740,38.17,38.21,38.17,38.21,0,0,0,0,0,0,0,0,37.96333798852827,37.46172059506282,37.64,38.21,93.28682523943098,91.3376278661364,93.28682523943098,91.3376278661364,88.63797594938788,87.04306662230395,88.63797594938788,87.04306662230395,96,101,96,101,-1,4,-1,4,-1,4,-1,4,96,101,96,101
1787278740.001,38.27,38.29,38.25,38.29,0,0,0,0,0,0,0,0,38.020306839098886,37.469829511198185,37.64,38.29,93.76633772232877,91.68458641702102,93.76633772232877,91.68458641702102,90.02946201067236,88.53626431648816,90.02946201067236,88.53626431648816,96,101,96,101,-1,4,-1,4,-1,4,-1,4,96,101,96,101
1787278800,38.47,38.47,38.43,38.43,0,0,0,0,0,0,0,1,38.09722074714151,37.47951611639356,37.64,38.47,93.97150327517565,92.01128882532883,93.97150327517565,92.01128882532883,91.05515348423079,89.79570890035947,91.05515348423079,89.79570890035947,96,101,96,101,-1,4,-1,4,-1,4,-1,4,96,101,96,101
1787278860,38.2,38.24,38.2,38.24,0,0,0,0,0,0,0,0,38.12075636887336,37.48695045022713,37.64,38.47,93.02155796320334,92.15561298788234,93.02155796320334,92.15561298788234,88.2466099632278,89.02115943179363,88.2466099632278,89.02115943179363,96,101,96,101,-1,4,-1,4,-1,4,-1,4,96,101,96,101
1787278860.001,38.33,38.33,38.29,38.29,0,0,0,0,0,0,0,0,38.15395218059336,37.49507366299435,37.64,38.47,92.43958593581966,92.19618055187337,92.43958593581966,92.19618055187337,87.16936316175826,88.09526129677594,87.16936316175826,88.09526129677594,96,101,96,101,-1,4,-1,4,-1,4,-1,4,96,101,96,101
1787278920,38.27,38.31,38.27,38.31,0,0,0,0,0,0,0,0,38.17990026897032,37.503049712782136,37.64,38.47,92.0192313581711,92.17090209563018,92.0192313581711,92.17090209563018,86.04432808822986,87.06979469250291,86.04432808822986,87.06979469250291,96,101,96,101,-1,4,-1,4,-1,4,-1,4,96,101,96,101
1787278920.001,38.44,38.47,38.43,38.47,0,0,0,0,0,0,0,0,38.23022143218784,37.512538438691436,37.64,38.47,92.58928626115888,92.23067126213428,92.58928626115888,92.23067126213428,87.7970316487754,87.43341317063916,87.7970316487754,87.43341317063916,96,101,96,101,-1,4,-1,4,-1,4,-1,4,96,101,96,101
1787278980,38.480000000000004,38.52,38.480000000000004,38.52,0,0,0,0,0,0,0,0,38.28048420209308,37.52243026185537,37.64,38.52,93.11862295679039,92.35752150422802,93.11862295679039,92.35752150422802,89.28057258206725,88.3569928763532,89.28057258206725,88.3569928763532,96,101,96,101,-1,4,-1,4,-1,4,-1,4,96,101,96,101
1787279040,38.660000000000004,38.660000000000004,38.620000000000005,38.620000000000005,0,0,0,0,0,0,0,0,38.344638589591305,37.53348402376062,37.64,38.660000000000004,93.40311055097412,92.50689136804888,93.40311055097412,92.50689136804888,90.47578490227612,89.41638888931466,90.47578490227612,89.41638888931466,96,101,96,101,-1,4,-1,4,-1,4,-1,4,96,101,96,101
1787279040.001,38.56,38.56,38.52,38.56,0,0,0,0,0,0,0,0,38.381370967241374,37.54356544309302,37.64,38.660000000000004,93.35671859650495,92.62829525782833,93.35671859650495,92.62829525782833,90.32378201707705,89.87008545319586,90.32378201707705,89.87008545319586,96,101,96,101,-1,4,-1,4,-1,4,-1,4,96,101,96,101
1787279100,38.62,38.62,38.58,38.58,0,0,0,0,0,0,0,0,38.41990957925809,37.5540108947372,37.64,38.660000000000004,93.41716002180632,92.7409902241109,93.41716002180632,92.7409902241109,90.80974032836296,90.3399128907794,90.80974032836296,90.3399128907794,96,101,96,101,-1,4,-1,4,-1,4,-1,4,96,101,96,101
1787279100.001,38.57,38.58,38.54,38.58,0,0,0,0,0,0,0,0,38.44659268605965,37.564087071572324,37.64,38.660000000000004,93.47328420244332,92.84560364958698,93.47328420244332,92.84560364958698,90.86213036548753,90.60102162813347,90.86213036548753,90.60102162813347,96,101,96,101,-1,4,-1,4,-1,4,-1,4,96,101,96,101
1787279160,38.6,38.6,38.56,38.56,0,0,0,0,0,0,0,0,38.46963644010941,37.57412932293313,37.730000000000004,38.660000000000004,93.42187984429778,92.92792882025995,93.42187984429778,92.92792882025995,90.9910697250397,90.79604567658657,90.9910697250397,90.79604567658657,96,101,96,101,-1,4,-1,4,-1,4,-1,4,96,101,96,101
1787279160.001,38.42,38.42,38.38,38.38,0,0,0,0,0,0,0,0,38.455763147968305,37.5822806066187,37.82,38.660000000000004,92.2250789030384,92.8275216892283,92.2250789030384,92.8275216892283,88.58058077272307,89.68831322465482,88.58058077272307,89.68831322465482,96,101,96,101,-1,4,-1,4,-1,4,-1,4,96,101,96,101
1787279220,38.31,38.35,38.31,38.35,0,0,0,0,0,0,0,0,38.434109242277096,37.5897869355744,37.82,38.660000000000004,90.90391709277294,92.55272103259183,90.90391709277294,92.55272103259183,85.64610004608757,87.6672066353712,85.64610004608757,87.6672066353712,96,101,96,101,-1,4,-1,4,-1,4,-1,4,96,101,96,101
1787279280,38.36,38.38,38.34,38.38,0,0,0,0,0,0,0,0,38.42184695580247,37.597517082152436,37.93,38.660000000000004,89.85872204619473,92.16786403453511,89.85872204619473,92.16786403453511,83.60702132801913,85.63711398169517,83.60702132801913,85.63711398169517,96,101,96,101,-1,4,-1,4,-1,4,-1,4,96,101,96,101
1787279280.001,38.5,38.5,38.46,38.46,0,0,0,0,0,0,0,0,38.43120811535354,37.60623167171642,37.95,38.660000000000004,89.37244528986845,91.76851849958273,89.37244528986845,91.76851849958273,83.37184461169142,84.50447929669329,83.37184461169142,84.50447929669329,96,101,96,101,-1,4,-1,4,-1,4,-1,4,96,101,96,101
1787279340,38.36,38.4,38.36,38.4,0,0,0,0,0,0,0,0,38.42310967013775,37.613997194054235,37.95,38.660000000000004,88.55770646165749,91.3098310655934,88.55770646165749,91.3098310655934,81.88174916296235,83.19311422982781,81.88174916296235,83.19311422982781,96,101,96,101,-1,4,-1,4,-1,4,-1,4,96,101,96,101
1787279340.001,38.52,38.56,38.52,38.56,0,0,1,0,0,0,0,0,38.44557457859755,37.62327748731406,38.12,38.660000000000004,88.76968626645433,90.94695323714495,88.76968626645433,90.94695323714495,82.84542085116662,83.01926754049722,82.84542085116662,83.01926754049722,96,101,96,101,-1,4,-1,4,-1,4,-1,4,96,101,96,101
1787279400,38.72,38.73,38.69,38.73,0,0,0,0,0,0,0,0,38.494864049155574,37.63415698163598,38.17,38.73,89.57185153313617,90.75051013657227,89.57185153313617,90.75051013657227,85.16501341633419,84.0921404784157,85.16501341633419,84.0921404784157,96,101,96,101,-1,4,-1,4,-1,4,-1,4,96,101,96,101
1787279460,38.77,38.78,38.74,38.74,0,0,0,0,0,0,0,1,38.541858464460624,37.64529306473745,38.2,38.78,90.09693906098907,90.65714284006037,90.09693906098907,90.65714284006037,86.95848267765993,85.52531157803782,86.95848267765993,85.52531157803782,96,101,96,101,-1,4,-1,4,-1,4,-1,4,96,101,96,101
1787279520,38.56,38.6,38.56,38.6,0,0,0,0,0,0,0,0,38.55000541031627,37.654659966249184,38.2,38.78,89.80762281576892,90.53578283659017,89.80762281576892,90.53578283659017,86.3654162299742,85.945363904006,86.3654162299742,85.945363904006,96,101,96,101,-1,4,-1,4,-1,4,-1,4,96,101,96,101
1787279580,38.65,38.65,38.61,38.61,0,0,0,0,0,0,0,0,38.56333775995573,37.66429850721519,38.2,38.78,89.59434300223946,90.40129143168294,89.59434300223946,90.40129143168294,86.383389350003,86.1643766270045,86.383389350003,86.1643766270045,96,101,96,101,-1,4,-1,4,-1,4,-1,4,96,101,96,101
1787279640,38.59,38.59,38.550000000000004,38.550000000000004,0,0,0,0,0,0,0,0,38.5633369551153,37.673244127375575,38.27,38.78,89.06407154748372,90.21026001965448,89.06407154748372,90.21026001965448,85.6469151822081,85.9056459046063,85.6469151822081,85.9056459046063,96,101,96,101,-1,4,-1,4,-1,4,-1,4,96,101,96,101
1787279640.001,38.5,38.52,38.480000000000004,38.52,0,0,0,0,0,0,0,0,38.55303326630646,37.68153688896056,38.27,38.78,88.33533705251249,89.94241388149135,88.33533705251249,89.94241388149135,84.28883456720597,85.09724023590613,84.28883456720597,85.09724023590613,96,101,96,101,-1,4,-1,4,-1,4,-1,4,96,101,96,101
1787279700,38.6,38.6,38.56,38.56,0,0,0,0,0,0,0,0,38.556724187584074,37.69041048542198,38.31,38.78,87.89094305863385,89.64934662108314,87.89094305863385,89.64934662108314,83.97689579444722,84.53706801517667,83.97689579444722,84.53706801517667,96,101,96,101,-1,4,-1,4,-1,4,-1,4,96,101,96,101
1787279700.001,38.54,38.57,38.53,38.53,0,0,0,0,0,0,0,0,38.554289486811214,37.69889727992856,38.31,38.78,87.3040754650148,89.31430788450193,87.3040754650148,89.31430788450193,83.00060455850574,83.7688362868412,83.00060455850574,83.7688362868412,96,101,96,101,-1,4,-1,4,-1,4,-1,4,96,101,96,101
1787279760,38.300000000000004,38.34,38.300000000000004,38.34,0,0,0,0,0,0,0,0,38.51290351951221,37.70514374148814,38.300000000000004,38.78,85.6557588086868,88.79165801652833,85.6557588086868,88.79165801652833,78.64337533586213,81.20610581135168,78.64337533586213,81.20610581135168,96,101,96,101,-1,4,-1,4,-1,4,-1,4,96,101,96,101
1787279820,38.480000000000004,38.51,38.47,38.51,0,0,0,0,0,0,0,0,38.50995136444938,37.71301959148992,38.300000000000004,38.78,85.0319958168575,88.25456341657535,85.0319958168575,88.25456341657535,77.46813124026279,79.33711852580723,77.46813124026279,79.33711852580723,96,101,96,101,-1,4,-1,4,-1,4,-1,4,96,101,96,101
1787279880,38.59,38.59,38.550000000000004,38.550000000000004,0,0,0,0,0,0,0,0,38.51965717697374,37.72148042474209,38.300000000000004,38.78,84.69698756864487,87.74633829544243,84.69698756864487,87.74633829544243,77.09033097904882,78.21372475242802,77.09033097904882,78.21372475242802,96,101,96,101,-1,4,-1,4,-1,4,-1,4,96,101,96,101
1787279880.001,38.49,38.53,38.49,38.53,0,0,0,0,0,0,0,0,38.519113447826996,37.729392725656766,38.300000000000004,38.78,84.25065101817518,87.24695439868995,84.25065101817518,87.24695439868995,75.78482758617267,76.99927616930034,75.78482758617267,76.99927616930034,96,101,96,101,-1,4,-1,4,-1,4,-1,4,96,101,96,101
1787279940,38.59,38.6,38.56,38.6,0,0,0,0,0,0,0,0,38.53139585125239,37.73792281462204,38.300000000000004,38.78,84.2672301326405,86.82127950354004,84.2672301326405,86.82127950354004,75.97391417885372,76.48659517407702,75.97391417885372,76.48659517407702,96,101,96,101,-1,4,-1,4,-1,4,-1,4,96,101,96,101
1787280000,38.61,38.61,38.57,38.57,0,0,0,0,0,0,0,0,38.54083902981256,37.74633485958434,38.300000000000004,38.78,84.07520993519627,86.42898385091951,84.07520993519627,86.42898385091951,75.20707795416895,75.84683656412298,75.20707795416895,75.84683656412298,96,101,96,101,-1,4,-1,4,-1,4,-1,4,96,101,96,101
1787280060,38.5,38.51,38.47,38.47,0,0,0,0,0,0,0,0,38.53038344863452,37.75366817773109,38.300000000000004,38.78,83.27033905010079,85.97774887937398,83.27033905010079,85.97774887937398,71.8168396515826,73.83183810785279,71.8168396515826,73.83183810785279,96,101,96,101,-1,4,-1,4,-1,4,-1,4,96,101,96,101
1787280180,38.43,38.47,38.43,38.47,0,0,0,0,0,0,0,0,38.51698039736763,37.76066318757125,38.300000000000004,38.78,82.52295894251212,85.48420745982229,82.52295894251212,85.48420745982229,67.81344876539589,70.82264343662433,67.81344876539589,70.82264343662433,96,101,96,101,-1,4,-1,4,-1,4,-1,4,96,101,96,101
1787280180.001,38.59,38.59,38.550000000000004,38.550000000000004,0,0,0,0,0,0,0,0,38.52540820390685,37.76864995519077,38.300000000000004,38.78,82.33021626115476,85.03363728858406,82.33021626115476,85.03363728858406,67.14059155260536,68.98161749461485,67.14059155260536,68.98161749461485,96,101,96,101,-1,4,-1,4,-1,4,-1,4,96,101,96,101
1787280240,38.54,38.550000000000004,38.510000000000005,38.510000000000005,0,0,0,0,0,0,0,0,38.52503095471167,37.77615924253547,38.300000000000004,38.78,81.90061434776405,84.58606258275263,81.90061434776405,84.58606258275263,65.52937404016436,67.2554957673896,65.52937404016436,67.2554957673896,96,101,96,101,-1,4,-1,4,-1,4,-1,4,96,101,96,101
1787280300,38.5,38.53,38.49,38.53,0,0,0,0,0,0,0,0,38.52351017506712,37.7835274756114,38.300000000000004,38.78,81.6270115685378,84.16334100929338,81.6270115685378,84.16334100929338,63.058791194090546,65.15714348074007,63.058791194090546,65.15714348074007,96,101,96,101,-1,4,-1,4,-1,4,-1,4,96,101,96,101
1787280360,38.58,38.6,38.56,38.6,0,0,0,0,0,0,0,0,38.53499317353977,37.791518910348266,38.300000000000004,38.78,81.81154833619864,83.8273706274227,81.81154833619864,83.8273706274227,62.95795547728767,64.05754947901387,62.95795547728767,64.05754947901387,96,101,96,101,-1,4,-1,4,-1,4,-1,4,96,101,96,101
1787280420,38.660000000000004,38.660000000000004,38.620000000000005,38.620000000000005,0,0,0,0,0,0,0,0,38.55287320259314,37.79989517326354,38.300000000000004,38.78,82.10821718937746,83.58177727913052,82.10821718937746,83.58177727913052,63.963961837675164,64.01075565834452,63.963961837675164,64.01075565834452,96,101,96,101,-1,4,-1,4,-1,4,-1,4,96,101,96,101
1787280480,38.53,38.56,38.52,38.56,0,0,0,0,0,0,0,0,38.5517447415156,37.80732573538696,38.300000000000004,38.660000000000004,82.00775556056227,83.35691703362077,82.00775556056227,83.35691703362077,62.14768157515025,63.07921861674738,62.14768157515025,63.07921861674738,96,101,96,101,-1,4,-1,4,-1,4,-1,4,96,101,96,101
1787280540,38.61,38.61,38.57,38.61,0,0,0,0,0,0,0,0,38.55991236427034,37.81517987400666,38.300000000000004,38.660000000000004,82.22775297039678,83.19560788173162,82.22775297039678,83.19560788173162,62.25753658822386,62.66837760248562,62.25753658822386,62.66837760248562,96,101,96,101,-1,4,-1,4,-1,4,-1,4,96,101,96,101
1787280600,38.63,38.65,38.61,38.65,0,0,0,0,0,0,0,0,38.57386769197876,37.823353871943574,38.300000000000004,38.660000000000004,82.68266284594486,83.12233001947637,82.68266284594486,83.12233001947637,63.42312659942986,63.04575210095774,63.42312659942986,63.04575210095774,96,101,96,101,-1,4,-1,4,-1,4,-1,4,96,101,96,101
1787280660,38.79,38.79,38.75,38.75,0,0,0,0,0,0,0,0,38.608315990406865,37.83270690141014,38.300000000000004,38.79,83.671168294837,83.20073548738503,83.671168294837,83.20073548738503,67.9486857732722,65.49721893711498,67.9486857732722,65.49721893711498,96,101,96,101,-1,4,-1,4,-1,4,-1,4,96,101,96,101
1787280720,38.68,38.69,38.65,38.65,0,0,0,0,0,0,0,0,38.61831914366622,37.84097184103127,38.300000000000004,38.79,83.96794819924307,83.31033730336476,83.96794819924307,83.31033730336476,68.85397556076396,67.17559724893947,68.85397556076396,67.17559724893947,96,101,96,101,-1,4,-1,4,-1,4,-1,4,96,101,96,101
1787280780,38.53,38.53,38.49,38.49,0,0,0,0,0,0,0,0,38.5974126326966,37.84756250264621,38.300000000000004,38.79,83.24974071917292,83.30168064848021,83.24974071917292,83.30168064848021,65.02352424158771,66.09956074526359,65.02352424158771,66.09956074526359,96,101,96,101,-1,4,-1,4,-1,4,-1,4,96,101,96,101
1787280840,38.42,38.43,38.39,38.43,0,0,0,0,0,0,0,0,38.564549729782065,37.853225230646416,38.300000000000004,38.79,82.21016296594007,83.14574955097449,82.21016296594007,83.14574955097449,59.23299162398476,62.666276184624174,59.23299162398476,62.666276184624174,96,101,96,101,-1,4,-1,4,-1,4,-1,4,96,101,96,101
1787280960,38.45,38.45,38.410000000000004,38.410000000000004,0,0,0,0,0,0,0,0,38.538874021336845,37.85889794808609,38.39,38.79,81.12061716402512,82.85644492426744,81.12061716402512,82.85644492426744,54.444605065456294,58.555440625040234,54.444605065456294,58.555440625040234,96,101,96,101,-1,4,-1,4,-1,4,-1,4,96,101,96,101
1787281020,38.37,38.4,38.36,38.4,0,0,0,0,0,0,0,0,38.51119995685136,37.864149378121716,38.36,38.79,80.04678426100467,82.45506482951562,80.04678426100467,82.45506482951562,49.17409297155727,53.86476679829875,49.17409297155727,53.86476679829875,96,101,96,101,-1,4,-1,4,-1,4,-1,4,96,101,96,101
1787281080,38.410000000000004,38.410000000000004,38.370000000000005,38.370000000000005,0,0,0,0,0,0,0,0,38.48795147984808,37.86931538762631,38.36,38.79,78.86331830447331,81.94195818308101,78.86331830447331,81.94195818308101,44.65651117678668,49.26063898754272,44.65651117678668,49.26063898754272,96,101,96,101,-1,4,-1,4,-1,4,-1,4,96,101,96,101
1787281140,38.300000000000004,38.300000000000004,38.260000000000005,38.260000000000005,0,0,0,0,0,0,0,0,38.44892999866358,37.87333546668807,38.260000000000005,38.79,77.08115581688675,81.24755784505327,77.08115581688675,81.24755784505327,38.7082764264642,43.98445770700346,38.7082764264642,43.98445770700346,96,101,96,101,-1,4,-1,4,-1,4,-1,4,96,101,96,101
1787281200,38.21,38.25,38.21,38.25,0,0,0,0,0,0,0,0,38.41033666557323,37.87695070250875,38.21,38.79,75.36417884859982,80.4070751312742,75.36417884859982,80.4070751312742,33.769655656181165,38.87705668159231,33.769655656181165,38.87705668159231,96,101,96,101,-1,4,-1,4,-1,4,-1,4,96,101,96,101
1787281200.001,38.35,38.35,38.31,38.31,0,0,0,0,0,0,0,0,38.39451787789325,37.88139232072591,38.21,38.79,73.88937901170523,79.47597568562149,73.88937901170523,79.47597568562149,31.80256199101243,35.339809336302366,31.80256199101243,35.339809336302366,96,101,96,101,-1,4,-1,4,-1,4,-1,4,96,101,96,101
1787281260,38.24,38.28,38.24,38.28,0,0,0,0,0,0,0,0,38.37127220312478,37.88522589630741,38.21,38.79,71.99890054032423,78.40782209343617,71.99890054032423,78.40782209343617,28.58938811052302,31.964598723412692,28.58938811052302,31.964598723412692,96,101,96,101,-1,4,-1,4,-1,4,-1,4,96,101,96,101
1787281320,38.33,38.34,38.300000000000004,38.300000000000004,0,0,0,0,0,0,0,0,38.360737863162704,37.88948567180021,38.21,38.79,70.39073165047783,77.26252345872784,70.39073165047783,77.26252345872784,27.066766163699523,29.51568244355611,27.066766163699523,29.51568244355611,96,101,96,101,-1,4,-1,4,-1,4,-1,4,96,101,96,101
1787281440,38.25,38.28,38.24,38.28,0,0,0,0,0,0,0,0,38.34363400925434,37.893238716525246,38.21,38.79,68.26979899105832,75.97784853477505,68.26979899105832,75.97784853477505,24.57939562799872,27.047539035777415,24.57939562799872,27.047539035777415,96,101,96,101,-1,4,-1,4,-1,4,-1,4,96,101,96,101
1787281500,38.33,38.33,38.29,38.29,0,0,0,0,0,0,0,0,38.33630661363234,37.89731925997607,38.21,38.79,66.28454123999632,74.59309034980666,66.28454123999632,74.59309034980666,23.43258541513183,25.240062225454622,23.43258541513183,25.240062225454622,96,101,96,101,-1,4,-1,4,-1,4,-1,4,96,101,96,101
1787281560,38.25,38.28,38.24,38.24,0,0,0,0,0,0,0,0,38.321220562668884,37.90086168856669,38.21,38.79,64.01591754598299,73.08206566354613,64.01591754598299,73.08206566354613,21.07029488784697,23.155178556650796,21.07029488784697,23.155178556650796,96,101,96,101,-1,4,-1,4,-1,4,-1,4,96,101,96,101
1787281680,38.230000000000004,38.230000000000004,38.190000000000005,38.190000000000005,0,0,0,0,0,0,0,0,38.299786520971516,37.903871356673825,38.190000000000005,38.79,60.189620663700694,71.24028780642536,60.189620663700694,71.24028780642536,18.44120514196403,20.798191849307415,18.44120514196403,20.798191849307415,96,101,96,101,-1,4,-1,4,-1,4,-1,4,96,101,96,101
1787281740,38.09,38.09,38.050000000000004,38.050000000000004,0,0,0,0,0,0,0,0,38.25679503231003,37.90545804300874,38.050000000000004,38.79,55.890362044864936,69.04744126905959,55.890362044864936,69.04744126905959,16.115627573420873,18.456909711364144,16.115627573420873,18.456909711364144,96,101,96,101,-1,4,-1,4,-1,4,-1,4,96,101,96,101
1787281800,37.94,37.98,37.94,37.98,0,0,0,0,0,0,0,0,38.20404442037487,37.90606708404017,37.94,38.79,52.23432778115609,66.6455679136448,52.23432778115609,66.6455679136448,14.216756407470006,16.336833059417074,14.216756407470006,16.336833059417074,96,101,96,101,-1,4,-1,4,-1,4,-1,4,96,101,96,101
1787281860,38.050000000000004,38.06,38.02,38.02,0,0,0,0,0,0,0,0,38.173006040912774,37.907333414878906,37.94,38.79,49.175573275779435,64.14985439394974,49.175573275779435,64.14985439394974,13.765623139176109,15.05122809929659,13.765623139176109,15.05122809929659,96,101,96,101,-1,4,-1,4,-1,4,-1,4,96,101,96,101
1787281920,38.01,38.03,37.99,37.99,0,0,0,0,0,0,0,0,38.14215645771651,37.908288637948104,37.94,38.79,46.0832003947364,61.56890382263355,46.0832003947364,61.56890382263355,12.841122354587883,13.946175226942238,12.841122354587883,13.946175226942238,96,101,96,101,-1,4,-1,4,-1,4,-1,4,96,101,96,101
1787281980,37.97,38,37.96,38,0,0,0,0,0,0,1,0,38.11388558661654,37.90906851883088,37.94,38.69,43.29574490435609,58.95845254859391,43.29574490435609,58.95845254859391,11.779785547630057,12.862980387286147,11.779785547630057,12.862980387286147,96,101,96,101,-1,4,-1,4,-1,4,-1,4,96,101,96,101
1787282160,38.04,38.08,38.04,38.08,0,0,0,0,0,0,0,0,38.10530032844384,37.910636659605366,37.94,38.53,41.37966228513738,56.44719679667155,41.37966228513738,56.44719679667155,12.180992654271177,12.521986520778661,12.180992654271177,12.521986520778661,96,101,96,101,-1,4,-1,4,-1,4,-1,4,96,101,96,101
1787282220,38.14,38.16,38.12,38.16,0,0,0,0,0,0,0,0,38.11282148084799,37.91298521688956,37.94,38.45,40.27271161771159,54.13655605682012,40.27271161771159,54.13655605682012,13.936649165845969,13.229317843312316,13.936649165845969,13.229317843312316,96,101,96,101,-1,4,-1,4,-1,4,-1,4,96,101,96,101
1787282280,38.18,38.18,38.14,38.14,0,0,0,0,0,0,0,0,38.12018727220896,37.915376740436265,37.94,38.45,39.07676162821121,51.985156852733134,39.07676162821121,51.985156852733134,15.575951385851297,14.402634614581807,15.575951385851297,14.402634614581807,96,101,96,101,-1,4,-1,4,-1,4,-1,4,96,101,96,101
1787282340,38.050000000000004,38.07,38.03,38.03,0,0,0,0,0,0,0,0,38.10621382877703,37.91664994036559,37.94,38.410000000000004,37.04186689006169,49.85040114378007,37.04186689006169,49.85040114378007,15.065101187872603,14.733867901227205,15.065101187872603,14.733867901227205,96,101,96,101,-1,4,-1,4,-1,4,-1,4,96,101,96,101
1787282460,37.97,38.01,37.97,38.01,0,0,0,0,0,0,0,0,38.08629616293878,37.917446126696944,37.94,38.410000000000004,34.984254549174935,47.72666591597933,34.984254549174935,47.72666591597933,13.820506900529491,14.277187400878347,13.820506900529491,14.277187400878347,96,101,96,101,-1,4,-1,4,-1,4,-1,4,96,101,96,101
1787282460.001,38.03,38.07,38.03,38.07,0,0,0,0,0,0,0,0,38.080908981798395,37.91883140570162,37.94,38.35,33.57781619902381,45.70540167069997,33.57781619902381,45.70540167069997,13.762115158437112,14.01965127965773,13.762115158437112,14.01965127965773,96,101,96,101,-1,4,-1,4,-1,4,-1,4,96,101,96,101
1787282520,38.09,38.12,38.08,38.08,0,0,0,0,0,0,0,0,38.08316795480474,37.92056774328999,37.94,38.35,32.35587134447169,43.79832590981021,32.35587134447169,43.79832590981021,14.317107110593247,14.168379195125489,14.317107110593247,14.168379195125489,96,101,96,101,-1,4,-1,4,-1,4,-1,4,96,101,96,101
1787282580,38.06,38.1,38.06,38.1,0,0,0,0,0,0,0,0,38.08380408423418,37.92222046889573,37.94,38.35,31.389275492135503,42.02560442157096,31.389275492135503,42.02560442157096,14.69197416202119,14.43017667857334,14.69197416202119,14.43017667857334,96,101,96,101,-1,4,-1,4,-1,4,-1,4,96,101,96,101
1787282640,38.13,38.13,38.09,38.09,0,0,0,0,0,0,0,0,38.08735485679766,37.92402258694984,37.94,38.34,30.407688587235118,40.36590215952298,30.407688587235118,40.36590215952298,15.383036676690493,14.906606677631917,15.383036676690493,14.906606677631917,96,101,96,101,-1,4,-1,4,-1,4,-1,4,96,101,96,101
1787282700,38.08,38.09,38.050000000000004,38.050000000000004,0,0,0,0,0,0,0,0,38.08298730707688,37.92540876353077,37.94,38.34,29.16008057890325,38.765070505148735,29.16008057890325,38.765070505148735,15.269493622037265,15.08805014983459,15.269493622037265,15.08805014983459,96,101,96,101,-1,4,-1,4,-1,4,-1,4,96,101,96,101
1787282760,38.03,38.06,38.02,38.02,0,0,0,0,0,0,0,0,38.07395931185078,37.926482639847215,37.94,38.33,27.749486587973234,37.19141565983795,27.749486587973234,37.19141565983795,14.600742432334517,14.844396291084553,14.600742432334517,14.844396291084553,96,101,96,101,-1,4,-1,4,-1,4,-1,4,96,101,96,101
1787282880,38.01,38.04,38,38,0,0,0,0,0,0,0,0,38.062936406665784,37.927346825852055,37.94,38.33,26.27158208379029,35.63143943468828,26.27158208379029,35.63143943468828,13.691392673093453,14.267894482089003,13.691392673093453,14.267894482089003,96,101,96,101,-1,4,-1,4,-1,4,-1,4,96,101,96,101
1787288400,37.89,37.93,37.89,37.89,0,0,0,0,0,0,0,0,38.033917666059885,37.92710788562799,37.89,38.28,24.395040506376695,34.02623958778663,24.395040506376695,34.02623958778663,11.862463561064272,13.065179021576638,11.862463561064272,13.065179021576638,96,101,96,101,-1,4,-1,4,-1,4,-1,4,96,101,96,101
1787288460,37.81,37.81,37.77,37.77,0,0,0,0,0,0,0,0,37.98835687829142,37.92567729306784,37.77,38.230000000000004,22.652537613064077,32.401425019969125,22.652537613064077,32.401425019969125,10.41627311445258,11.74072606801461,10.41627311445258,11.74072606801461,96,101,96,101,-1,4,-1,4,-1,4,-1,4,96,101,96,101
1787288520,37.72,37.74,37.7,37.7,0,0,0,0,0,0,0,0,37.93835259738995,37.923564417846606,37.7,38.18,21.034499212130928,30.77757847599224,21.034499212130928,30.77757847599224,9.134774545606522,10.437750306810566,9.134774545606522,10.437750306810566,96,101,96,101,-1,4,-1,4,-1,4,-1,4,96,101,96,101
1787288640,37.67,37.69,37.65,37.69,0,1,0,0,0,0,0,0,37.890773337258445,37.921107723805015,37.65,38.18,19.78266154910904,29.206876057866065,19.78266154910904,29.206876057866065,8.329806753376992,9.383778530093778,8.329806753376992,9.383778530093778,96,101,96,101,-1,4,-1,4,-1,4,-1,4,96,101,96,101
1787288640.001,37.71,37.730000000000004,37.690000000000005,37.690000000000005,0,0,0,0,0,0,0,0,37.85669333654479,37.91894081444709,37.65,38.18,18.620240862017333,27.694499601316245,18.620240862017333,27.694499601316245,8.068405788608965,8.72609215935137,8.068405788608965,8.72609215935137,96,101,96,101,-1,4,-1,4,-1,4,-1,4,96,101,96,101
1787288820,37.660000000000004,37.660000000000004,37.620000000000005,37.620000000000005,0,0,0,0,0,0,0,0,37.816082426869976,37.91609894896337,37.620000000000005,38.18,17.290223657587525,26.20817446649786,17.290223657587525,26.20817446649786,7.205107312478539,7.965599735914955,7.205107312478539,7.965599735914955,96,101,96,101,-1,4,-1,4,-1,4,-1,4,96,101,96,101
1787288820.001,37.59,37.62,37.58,37.58,0,0,0,0,0,0,0,0,37.77558259168149,37.9128873507979,37.58,38.18,16.05520768204556,24.757750640147528,16.05520768204556,24.757750640147528,6.347923307425754,7.156761521670354,6.347923307425754,7.156761521670354,96,101,96,101,-1,4,-1,4,-1,4,-1,4,96,101,96,101
1787288880,37.54,37.58,37.54,37.58,0,0,0,0,0,0,0,0,37.737597878042436,37.90944236886625,37.54,38.18,15.136978561899442,23.383354628969233,15.136978561899442,23.383354628969233,5.864357543931084,6.51055953280072,5.864357543931084,6.51055953280072,96,101,96,101,-1,4,-1,4,-1,4,-1,4,96,101,96,101
1787288940,37.6,37.61,37.57,37.57,0,0,0,0,0,0,0,0,37.70954977900442,37.906197502841046,37.54,38.18,14.227194378906631,22.07533173610315,14.227194378906631,22.07533173610315,5.802606289859744,6.156582911330232,5.802606289859744,6.156582911330232,96,101,96,101,-1,4,-1,4,-1,4,-1,4,96,101,96,101
1787289000,37.56,37.6,37.56,37.6,0,0,0,0,0,0,0,0,37.68720739494301,37.90301809153583,37.54,38.18,13.553823351841885,20.857973395494394,13.553823351841885,20.857973395494394,5.7496766435130064,5.953129777421619,5.7496766435130064,5.953129777421619,96,101,96,101,-1,4,-1,4,-1,4,-1,4,96,101,96,101
1787289060,37.61,37.61,37.57,37.57,0,0,0,0,0,0,0,0,37.66832120192307,37.89983714866814,37.54,38.13,12.757121683853185,19.700708865259937,12.757121683853185,19.700708865259937,5.749722837296847,5.851426307359233,5.749722837296847,5.851426307359233,96,101,96,101,-1,4,-1,4,-1,4,-1,4,96,101,96,101
1787289120,37.56,37.58,37.54,37.58,0,0,0,0,0,0,0,0,37.64983855914918,37.896522019494,37.54,38.13,12.074470135006525,18.611246189509448,12.074470135006525,18.611246189509448,5.428333860540128,5.639880083949681,5.428333860540128,5.639880083949681,96,101,96,101,-1,4,-1,4,-1,4,-1,4,96,101,96,101
1787289120.001,37.61,37.61,37.57,37.61,0,0,0,0,0,0,0,0,37.64017094233418,37.89353838414249,37.54,38.13,11.61200798250606,17.611355017080392,11.61200798250606,17.611355017080392,5.774014918437609,5.706947501193644,5.774014918437609,5.706947501193644,96,101,96,101,-1,4,-1,4,-1,4,-1,4,96,101,96,101
1787289240,37.660000000000004,37.67,37.63,37.63,0,0,0,0,0,0,0,0,37.64074592251585,37.89104878164687,37.54,38.13,11.296864555184218,16.709284951095224,11.296864555184218,16.709284951095224,6.829806638950126,6.268377070071885,6.829806638950126,6.268377070071885,96,101,96,101,-1,4,-1,4,-1,4,-1,4,96,101,96,101
1787289300,37.62,37.63,37.59,37.59,0,0,0,0,0,0,0,0,37.63394363357357,37.888185941365144,37.54,38.13,10.775659944099656,15.861624235810142,10.775659944099656,15.861624235810142,7.0896412117641985,6.679009140918042,7.0896412117641985,6.679009140918042,96,101,96,101,-1,4,-1,4,-1,4,-1,4,96,101,96,101
1787289360,37.56,37.6,37.56,37.56,0,0,0,0,0,0,0,0,37.62292357898444,37.88505307959368,37.54,38.13,10.12025566237827,15.041428725319875,10.12025566237827,15.041428725319875,6.656545469296818,6.66777730510743,6.656545469296818,6.66777730510743,96,101,96,101,-1,4,-1,4,-1,4,-1,4,96,101,96,101
1787289420,37.51,37.55,37.51,37.55,0,0,0,0,0,0,0,0,37.607240504017575,37.881586548121774,37.51,38.09,9.62059454363696,14.267023842222315,9.62059454363696,14.267023842222315,6.217337481145691,6.4425573931265605,6.217337481145691,6.4425573931265605,96,101,96,101,-1,4,-1,4,-1,4,-1,4,96,101,96,101
1787289480,37.61,37.64,37.6,37.64,0,0,0,0,0,0,0,0,37.610772533590136,37.87905003188839,37.51,38.06,9.658855647662905,13.608714100142398,9.658855647662905,13.608714100142398,7.802493960384992,7.122525676755776,7.802493960384992,7.122525676755776,96,101,96,101,-1,4,-1,4,-1,4,-1,4,96,101,96,101
1787289540,37.67,37.71,37.67,37.71,0,0,0,0,0,0,0,0,37.62638964869496,37.877235272035435,37.51,38.04,10.085008815686999,13.105327630934484,10.085008815686999,13.105327630934484,10.611092904210679,8.866809290483229,10.611092904210679,8.866809290483229,96,101,96,101,-1,4,-1,4,-1,4,-1,4,96,101,96,101
1787289600,37.72,37.72,37.68,37.68,0,0,0,0,0,0,0,0,37.63856122772012,37.8754054019986,37.51,37.93,10.31331175742365,12.706468220432937,10.31331175742365,12.706468220432937,13.061107350730676,10.963958320606952,13.061107350730676,10.963958320606952,96,101,96,101,-1,4,-1,4,-1,4,-1,4,96,101,96,101
1787289660,37.64,37.68,37.64,37.68,0,0,0,0,0,0,0,0,37.64367130752858,37.873328399656984,37.51,37.81,10.52530734617911,12.394873809825246,10.52530734617911,12.394873809825246,14.47881696160717,12.72138764110706,14.47881696160717,12.72138764110706,96,101,96,101,-1,4,-1,4,-1,4,-1,4,96,101,96,101
1787289720,37.71,37.73,37.69,37.73,0,0,0,0,0,0,0,0,37.65694319100823,37.87176957644315,37.51,37.74,11.001178250023452,12.195774444139277,11.001178250023452,12.195774444139277,16.845382555578105,14.783385098342583,16.845382555578105,14.783385098342583,96,101,96,101,-1,4,-1,4,-1,4,-1,4,96,101,96,101
1787289780,37.75,37.79,37.75,37.79,0,0,0,0,0,0,0,0,37.6787110956734,37.870823278833434,37.51,37.79,11.777879803593212,12.136075209775553,11.777879803593212,12.136075209775553,20.067897201156548,17.425641149749566,20.067897201156548,17.425641149749566,96,101,96,101,-1,4,-1,4,-1,4,-1,4,96,101,96,101
1787289840,37.83,37.84,37.800000000000004,37.84,0,0,0,0,0,0,0,0,37.70561210858127,37.87038390955814,37.51,37.84,12.778120531908012,12.22779597008019,12.778120531908012,12.22779597008019,24.024082462398717,20.72486180607414,24.024082462398717,20.72486180607414,96,101,96,101,-1,4,-1,4,-1,4,-1,4,96,101,96,101
1787289960,37.85,37.87,37.83,37.87,0,0,0,0,0,0,0,0,37.733076573687704,37.87024741957912,37.51,37.87,13.874326208200292,12.463014575525918,13.874326208200292,12.463014575525918,28.610503861779463,24.667682833926804,28.610503861779463,24.667682833926804,96,101,96,101,-1,4,-1,4,-1,4,-1,4,96,101,96,101
1787290020,38.01,38.01,37.97,37.97,0,0,0,0,0,0,0,0,37.77857780271418,37.8713726525518,37.51,38.01,15.450267193328845,12.889764949497764,15.450267193328845,12.889764949497764,35.491030959866166,30.079356896896485,35.491030959866166,30.079356896896485,96,101,96,101,-1,4,-1,4,-1,4,-1,4,96,101,96,101
1787290080,37.94,37.96,37.92,37.92,0,0,0,0,0,0,0,0,37.806715171917666,37.87198917673868,37.51,38.01,16.634623108091088,13.424744686439668,16.634623108091088,13.424744686439668,40.14438598403277,35.111871440464625,40.14438598403277,35.111871440464625,96,101,96,101,-1,4,-1,4,-1,4,-1,4,96,101,96,101
1787290080.001,37.9,37.94,37.9,37.94,0,0,0,0,0,0,0,0,37.8285245345993,37.87253323136483,37.51,38.01,18.0493413122347,14.085401347267531,18.0493413122347,14.085401347267531,43.948644207511926,39.53025782398828,43.948644207511926,39.53025782398828,96,101,96,101,-1,4,-1,4,-1,4,-1,4,96,101,96,101
1787290140,37.97,37.97,37.93,37.93,0,0,0,0,0,0,0,0,37.84939886164185,37.87323770999138,37.51,38.01,19.701279117663315,14.887669600181214,19.701279117663315,14.887669600181214,47.71634941289033,43.62330361843931,47.71634941289033,43.62330361843931,96,101,96,101,-1,4,-1,4,-1,4,-1,4,96,101,96,101
1787290200,37.92,37.96,37.92,37.96,0,0,0,0,0,0,0,0,37.867083917100906,37.87396834637621,37.51,38.01,21.713497782511077,15.862787911942624,21.713497782511077,15.862787911942624,50.89972806819174,47.26151584331552,50.89972806819174,47.26151584331552,96,101,96,101,-1,4,-1,4,-1,4,-1,4,96,101,96,101
1787290260,38.03,38.07,38.03,38.07,0,0,0,0,0,0,0,0,37.90155350793104,37.87578624011044,37.51,38.07,24.417852804125026,17.084940039397253,24.417852804125026,17.084940039397253,57.027353122489444,52.14443448290248,57.027353122489444,52.14443448290248,96,101,96,101,-1,4,-1,4,-1,4,-1,4,96,101,96,101
1787290260.001,38.08,38.08,38.04,38.04,0,0,0,0,0,0,0,0,37.929149839822365,37.87755287785396,37.51,38.08,26.880069667322427,18.484244271957994,26.880069667322427,18.484244271957994,62.564798917021,57.35461669996174,62.564798917021,57.35461669996174,96,101,96,101,-1,4,-1,4,-1,4,-1,4,96,101,96,101
1787290260.002,37.99,38.03,37.99,38.03,0,0,0,0,0,0,0,0,37.9450619901577,37.87893709465806,37.51,38.08,29.08704881806924,19.998930635688172,29.08704881806924,19.998930635688172,66.25854944767225,61.806583073816995,66.25854944767225,61.806583073816995,96,101,96,101,-1,4,-1,4,-1,4,-1,4,96,101,96,101
1787290320,38.06,38.08,38.04,38.04,0,0,0,0,0,0,0,0,37.9647476889169,37.88067238061503,37.51,38.08,31.51620519500986,21.644255572734128,31.51620519500986,21.644255572734128,70.37700228346849,66.09179267864275,70.37700228346849,66.09179267864275,96,101,96,101,-1,4,-1,4,-1,4,-1,4,96,101,96,101
1787290440,37.97,37.97,37.93,37.97,0,0,0,0,0,0,0,0,37.963278412144135,37.8814285426653,37.51,38.08,33.17661230693092,23.291735106190817,33.17661230693092,23.291735106190817,71.6514656164067,68.87162914752471,71.6514656164067,68.87162914752471,96,101,96,101,-1,4,-1,4,-1,4,-1,4,96,101,96,101
1787290560,38.01,38.01,37.97,37.97,0,0,0,0,0,0,0,0,37.96692476145126,37.88244252068189,37.51,38.08,34.718418910857615,24.924118506857504,34.718418910857615,24.924118506857504,73.3453665183235,71.10849783292412,73.3453665183235,71.10849783292412,96,101,96,101,-1,4,-1,4,-1,4,-1,4,96,101,96,101
1787290620,37.910000000000004,37.910000000000004,37.870000000000005,37.870000000000005,0,0,0,0,0,0,0,0,37.95172631997527,37.88245138448937,37.6,38.08,35.33663855836094,26.411621371357995,35.33663855836094,26.411621371357995,72.29101591294908,71.6997568729366,72.29101591294908,71.6997568729366,96,101,96,101,-1,4,-1,4,-1,4,-1,4,96,101,96,101
1787290680,37.84,37.87,37.83,37.83,0,0,0,0,0,0,0,0,37.93201850422219,37.88206215014951,37.64,38.08,35.56646558044013,27.71945625836973,35.56646558044013,27.71945625836973,70.23440461711438,70.9670807450255,70.23440461711438,70.9670807450255,96,101,96,101,-1,4,-1,4,-1,4,-1,4,96,101,96,101
1787290740,37.82,37.83,37.79,37.79,0,0,0,0,0,0,0,0,37.90862120042422,37.8812787788379,37.64,38.08,35.46502814350975,28.825966527675444,35.46502814350975,28.825966527675444,67.5693392958724,69.26821002044895,67.5693392958724,69.26821002044895,96,101,96,101,-1,4,-1,4,-1,4,-1,4,96,101,96,101
1787290980,37.77,37.78,37.74,37.78,0,0,0,0,0,0,0,0,37.88281128519558,37.880138359811326,37.64,38.08,35.28372822385141,29.74850391284344,35.28372822385141,29.74850391284344,64.43286726613637,66.85053864329265,64.43286726613637,66.85053864329265,96,101,96,101,-1,4,-1,4,-1,4,-1,4,96,101,96,101
1787291160,37.81,37.81,37.77,37.77,0,0,0,0,0,0,0,0,37.86472438485699,37.87917512571702,37.69,38.08,35.17533576259304,30.523765605664813,35.17533576259304,30.523765605664813,62.14546517548539,64.49800190938902,62.14546517548539,64.49800190938902,96,101,96,101,-1,4,-1,4,-1,4,-1,4,96,101,96,101
1787291220,37.76,37.78,37.74,37.78,0,0,0,0,0,0,0,0,37.84689570882239,37.87805563856229,37.74,38.08,35.34138320812212,31.211996691730146,35.34138320812212,31.211996691730146,59.73370699252138,62.1158544509552,59.73370699252138,62.1158544509552,96,101,96,101,-1,4,-1,4,-1,4,-1,4,96,101,96,101
1787291340,37.83,37.83,37.79,37.79,0,0,0,0,0,0,0,0,37.838975276915285,37.87731213303762,37.74,38.08,35.80207332012193,31.867721924357543,35.80207332012193,31.867721924357543,58.6188666452188,60.367360548087,58.6188666452188,60.367360548087,96,101,96,101,-1,4,-1,4,-1,4,-1,4,96,101,96,101
1787291460,37.7,37.71,37.67,37.67,0,0,0,1,0,0,0,0,37.81067674171857,37.87538199572713,37.67,38.08,34.950539298322205,32.3081244063525,34.950539298322205,32.3081244063525,54.605645094398234,57.48650282124262,54.605645094398234,57.48650282124262,96,101,96,101,-1,4,-1,4,-1,4,-1,4,96,101,96,101
1787291700,37.65,37.69,37.65,37.69,0,0,0,0,0,0,0,0,37.78631127352731,37.873404728771305,37.65,38.08,34.37304875142711,32.60311359850601,34.37304875142711,32.60311359850601,50.91511434156443,54.20080858140352,50.91511434156443,54.20080858140352,96,101,96,101,-1,4,-1,4,-1,4,-1,4,96,101,96,101
1787291760,37.7,37.74,37.7,37.74,0,0,0,0,0,0,0,0,37.775466799552646,37.871944648551356,37.65,38.08,34.36985656982201,32.85550545155116,34.36985656982201,32.85550545155116,49.0049350997872,51.602871840595355,49.0049350997872,51.602871840595355,96,101,96,101,-1,4,-1,4,-1,4,-1,4,96,101,96,101
1787291760.001,37.75,37.76,37.72,37.76,0,0,0,0,0,0,0,0,37.77023041175519,37.87069810146792,37.65,38.08,34.580112017393354,33.10187781810005,34.580112017393354,33.10187781810005,48.019267679516894,49.81106976005613,48.019267679516894,49.81106976005613,96,101,96,101,-1,4,-1,4,-1,4,-1,4,96,101,96,101
1787291880,37.77,37.800000000000004,37.760000000000005,37.760000000000005,0,0,0,0,0,0,0,0,37.77079457931485,37.869729297804895,37.65,38.08,34.77534921870968,33.34094516104428,34.77534921870968,33.34094516104428,47.675663023546115,48.74336639180112,47.675663023546115,48.74336639180112,96,101,96,101,-1,4,-1,4,-1,4,-1,4,96,101,96,101
1787292000,37.72,37.75,37.71,37.75,0,0,0,0,0,0,0,0,37.76458950428791,37.868405291524915,37.65,38.08,34.85003109754386,33.55652886625851,34.85003109754386,33.55652886625851,46.529014421185046,47.636190406493085,46.529014421185046,47.636190406493085,96,101,96,101,-1,4,-1,4,-1,4,-1,4,96,101,96,101
1787292120,37.76,37.76,37.72,37.72,0,0,0,0,0,0,0,0,37.75890656411435,37.86706129194092,37.65,38.08,34.59954913215427,33.705531761386474,34.59954913215427,33.705531761386474,45.54617276201824,46.591181584255665,45.54617276201824,46.591181584255665,96,101,96,101,-1,4,-1,4,-1,4,-1,4,96,101,96,101
1787292180,37.71,37.75,37.71,37.75,0,0,0,0,0,0,0,0,37.754862946396585,37.86576383298297,37.65,38.08,34.89312972409717,33.87518861320229,34.89312972409717,33.87518861320229,43.02767189125376,44.80942673775471,43.02767189125376,44.80942673775471,96,101,96,101,-1,4,-1,4,-1,4,-1,4,96,101,96,101
1787292300,37.76,37.79,37.75,37.79,0,0,0,0,0,0,0,0,37.75882725917296,37.86487729401465,37.65,38.08,35.62656976684598,34.125385920865675,35.62656976684598,34.125385920865675,41.29644603665895,43.05293638720683,41.29644603665895,43.05293638720683,96,101,96,101,-1,4,-1,4,-1,4,-1,4,96,101,96,101
1787292360,37.82,37.82,37.78,37.82,0,0,0,0,0,0,0,0,37.767525333262725,37.86429808379228,37.65,38.08,36.653243354928414,34.48650841144606,36.653243354928414,34.48650841144606,40.98136933012319,42.01715285866501,40.98136933012319,42.01715285866501,96,101,96,101,-1,4,-1,4,-1,4,-1,4,96,101,96,101
1787292600,37.88,37.910000000000004,37.870000000000005,37.870000000000005,0,0,0,0,0,0,0,0,37.788581333275566,37.86448748926035,37.65,38.01,38.182619981650156,35.01452435004664,38.182619981650156,35.01452435004664,42.91909578945634,42.468124324060675,42.91909578945634,42.468124324060675,96,101,96,101,-1,4,-1,4,-1,4,-1,4,96,101,96,101
1787292720,37.83,37.87,37.83,37.87,0,0,0,0,0,0,0,0,37.80096048480122,37.864409670130065,37.65,38.01,39.60275542074884,35.66998593157553,39.60275542074884,35.66998593157553,43.56520502883636,43.016664676448514,43.56520502883636,43.016664676448514,96,101,96,101,-1,4,-1,4,-1,4,-1,4,96,101,96,101
1787292780,37.89,37.91,37.87,37.91,0,0,0,0,0,0,0,0,37.81836160877676,37.86473063526973,37.65,37.910000000000004,41.382282107285164,36.48602824239119,41.382282107285164,36.48602824239119,45.58080696823863,44.29873582234357,45.58080696823863,44.29873582234357,96,101,96,101,-1,4,-1,4,-1,4,-1,4,96,101,96,101
1787292900,37.92,37.92,37.88,37.88,0,0,0,0,0,0,0,0,37.83199283142341,37.86501523923056,37.65,37.92,42.98305506021308,37.41417493065146,42.98305506021308,37.41417493065146,47.24202059071625,45.77037820652991,47.24202059071625,45.77037820652991,96,101,96,101,-1,4,-1,4,-1,4,-1,4,96,101,96,101
1787292960,37.87,37.910000000000004,37.870000000000005,37.870000000000005,0,0,0,0,0,0,0,0,37.84132746813431,37.86519750882362,37.65,37.92,44.424115037115236,38.415594945860576,44.424115037115236,38.415594945860576,48.067911336893054,46.91914477171149,48.067911336893054,46.91914477171149,96,101,96,101,-1,4,-1,4,-1,4,-1,4,96,101,96,101
1787293020,37.84,37.85,37.81,37.81,0,0,0,0,0,0,0,0,37.838055807261405,37.864780949863516,37.65,37.92,45.01036245927623,39.35770459063424,45.01036245927623,39.35770459063424,46.981797757204,46.95047126445775,46.981797757204,46.95047126445775,96,101,96,101,-1,4,-1,4,-1,4,-1,4,96,101,96,101
1787293080,37.800000000000004,37.84,37.800000000000004,37.84,0,0,0,0,0,0,0,0,37.835985054426,37.86440170326454,37.65,37.92,45.930674915192654,40.296700351285445,45.930674915192654,40.296700351285445,46.0508432603279,46.50065726239282,46.0508432603279,46.50065726239282,96,101,96,101,-1,4,-1,4,-1,4,-1,4,96,101,96,101
1787293140,37.86,37.86,37.82,37.86,0,0,0,0,0,0,0,0,37.837927165742485,37.86422523523869,37.65,37.92,47.03587733353105,41.25943992017768,47.03587733353105,41.25943992017768,46.18311482114479,46.3418860417688,46.18311482114479,46.3418860417688,96,101,96,101,-1,4,-1,4,-1,4,-1,4,96,101,96,101
1787293200,37.87,37.91,37.87,37.91,0,0,0,0,0,0,0,0,37.848607075001425,37.86454803555141,37.65,37.92,48.68870313802818,42.320763237013466,48.68870313802818,42.320763237013466,47.69183928191148,47.016862661840136,47.69183928191148,47.016862661840136,96,101,96,101,-1,4,-1,4,-1,4,-1,4,96,101,96,101
1787293200.001,37.94,37.94,37.9,37.9,0,0,0,0,0,0,0,0,37.86037548560723,37.86503346139998,37.65,37.94,50.098156673281814,43.43181944219466,50.098156673281814,43.43181944219466,49.71592868682108,48.366395674330604,49.71592868682108,48.366395674330604,96,101,96,101,-1,4,-1,4,-1,4,-1,4,96,101,96,101
1787293260,37.88,37.92,37.88,37.92,0,0,0,0,0,0,0,0,37.86879206398167,37.86544772214891,37.65,37.94,51.657561522433404,44.60692545365733,51.657561522433404,44.60692545365733,51.05219136611259,49.70929352022159,51.05219136611259,49.70929352022159,96,101,96,101,-1,4,-1,4,-1,4,-1,4,96,101,96,101
1787293260.001,37.95,37.95,37.910000000000004,37.95,0,0,0,0,0,0,0,0,37.88113290083349,37.866156368363015,37.7,37.95,53.481520160555384,45.87472469749991,53.481520160555384,45.87472469749991,53.460017848694804,51.5846556844582,53.460017848694804,51.5846556844582,96,101,96,101,-1,4,-1,4,-1,4,-1,4,96,101,96,101
1787293320,37.99,38,37.96,37.96,0,0,0,0,0,0,0,1,37.89789661583347,37.867222805825406,37.71,38,55.3005093220195,47.22126535814556,55.3005093220195,47.22126535814556,56.58699204306749,54.08582386376284,56.58699204306749,54.08582386376284,96,101,96,101,-1,4,-1,4,-1,4,-1,4,96,101,96,101
1787293440,37.93,37.97,37.93,37.97,0,0,0,0,0,0,0,0,37.908582079621326,37.86811279449049,37.71,38,57.11488396944418,48.63463944547393,57.11488396944418,48.63463944547393,58.60280381100144,56.344313837382145,58.60280381100144,56.344313837382145,96,101,96,101,-1,4,-1,4,-1,4,-1,4,96,101,96,101
1787293500,37.99,38.02,37.980000000000004,38.02,0,0,0,0,0,0,0,0,37.9264156409023,37.869491439984785,37.71,38.02,59.42622684380725,50.17629478809297,59.42622684380725,50.17629478809297,63.976148440318006,60.16023113885008,63.976148440318006,60.16023113885008,96,101,96,101,-1,4,-1,4,-1,4,-1,4,96,101,96,101
1787293560,38.04,38.05,38.01,38.05,0,0,0,0,0,0,0,0,37.94646128195036,37.871154875076144,37.71,38.05,61.94841364819695,51.85802605382211,61.94841364819695,51.85802605382211,68.76527009170121,64.46275061527564,68.76527009170121,64.46275061527564,96,101,96,101,-1,4,-1,4,-1,4,-1,4,96,101,96,101
1787293620,38.08,38.08,38.04,38.04,0,0,0,0,0,0,0,0,37.965892564019995,37.872967596053826,37.71,38.08,64.16513096906509,53.616183898856825,64.16513096906509,53.616183898856825,72.43003217162426,68.44639139344994,72.43003217162426,68.44639139344994,96,101,96,101,-1,4,-1,4,-1,4,-1,4,96,101,96,101
1787293680,38.03,38.07,38.03,38.03,0,0,0,0,0,0,0,0,37.97997270389515,37.87466277751929,37.75,38.08,66.09819805523466,55.399328778339374,66.09819805523466,55.399328778339374,74.97325016704,71.70982078024497,74.97325016704,71.70982078024497,96,101,96,101,-1,4,-1,4,-1,4,-1,4,96,101,96,101
1787293800,37.97,38,37.96,37.96,0,0,0,0,0,0,0,0,37.97876554561118,37.87564457409456,37.78,38.08,67.0159959385074,57.05885265836338,67.0159959385074,57.05885265836338,74.89401509334327,73.30191793679413,74.89401509334327,73.30191793679413,96,101,96,101,-1,4,-1,4,-1,4,-1,4,96,101,96,101
1787294100,37.95,37.96,37.92,37.92,0,0,0,0,0,0,0,0,37.970505143378844,37.87621859159942,37.800000000000004,38.08,67.36698369728573,58.53144280678085,67.36698369728573,58.53144280678085,73.63008602685258,73.46600198182335,73.63008602685258,73.46600198182335,96,101,96,101,-1,4,-1,4,-1,4,-1,4,96,101,96,101
1787294160,37.88,37.89,37.85,37.89,0,0,0,0,0,0,0,0,37.95344360215845,37.876223050057796,37.800000000000004,38.08,67.31696105224155,59.78651684184666,67.31696105224155,59.78651684184666,70.75269832201995,72.10935015192166,70.75269832201995,72.10935015192166,96,101,96,101,-1,4,-1,4,-1,4,-1,4,96,101,96,101
1787294400,37.9,37.9,37.86,37.86,0,0,0,0,0,0,0,0,37.9388780987357,37.87619429665755,37.800000000000004,38.08,66.89457160364788,60.80195323638969,66.89457160364788,60.80195323638969,68.15347563814356,70.13141289503261,68.15347563814356,70.13141289503261,96,101,96,101,-1,4,-1,4,-1,4,-1,4,96,101,96,101
1787294580,37.85,37.86,37.82,37.82,0,0,0,0,0,0,0,0,37.91968814138981,37.87576781941055,37.800000000000004,38.08,66.00109969712167,61.54468844506569,66.00109969712167,61.54468844506569,64.53022164332563,67.33081726917912,64.53022164332563,67.33081726917912,96,101,96,101,-1,4,-1,4,-1,4,-1,4,96,101,96,101
1787294700,37.800000000000004,37.83,37.79,37.83,0,0,0,0,0,0,0,0,37.90095696416742,37.87517974823897,37.79,38.08,64.70935448066056,61.99678359300782,64.70935448066056,61.99678359300782,60.82656871753506,64.0786929933571,60.82656871753506,64.0786929933571,96,101,96,101,-1,4,-1,4,-1,4,-1,4,96,101,96,101
1787295060,37.84,37.85,37.81,37.85,0,0,0,0,0,0,0,0,37.88926781916728,37.874796533496955,37.79,38.08,63.4963486411329,62.2110071713114,63.4963486411329,62.2110071713114,58.44935125954849,61.264022126452794,58.44935125954849,61.264022126452794,96,101,96,101,-1,4,-1,4,-1,4,-1,4,96,101,96,101
1787535000,38.19,38.23,38.19,38.23,0,0,0,0,0,0,0,0,37.948794882348984,37.87819822636432,37.79,38.23,66.1037523096234,62.76711361964169,66.1037523096234,62.76711361964169,63.95389137610899,62.60895675128089,63.95389137610899,62.60895675128089,96,101,96,101,-1,4,-1,4,-1,4,-1,4,96,101,96,101
1787535000.001,38.61,38.61,38.57,38.57,0,0,0,0,0,0,0,1,38.06416550980069,37.8852144960854,37.79,38.61,68.2303620489213,63.54757768096734,68.2303620489213,63.54757768096734,68.72238308428388,65.66566991778238,68.72238308428388,65.66566991778238,96,101,96,101,-1,4,-1,4,-1,4,-1,4,96,101,96,101
1787535000.002,38.45,38.49,38.45,38.45,0,0,0,0,0,0,0,0,38.13674147771572,37.890966922326676,37.79,38.61,69.30914571209361,64.37065882827109,69.30914571209361,64.37065882827109,70.777915659545,68.22179278866369,70.777915659545,68.22179278866369,96,101,96,101,-1,4,-1,4,-1,4,-1,4,96,101,96,101
1787535060,38.300000000000004,38.34,38.300000000000004,38.34,0,0,0,0,0,0,0,0,38.171273330252255,37.89530224316588,37.79,38.61,69.49242101837267,65.10233914114275,69.49242101837267,65.10233914114275,70.4128165970704,69.31730469286705,70.4128165970704,69.31730469286705,96,101,96,101,-1,4,-1,4,-1,4,-1,4,96,101,96,101
1787535060.001,38.35,38.39,38.35,38.39,0,0,0,0,0,0,0,0,38.208617573236694,37.90009193892211,37.79,38.61,70.03462904086987,65.8069519839609,70.03462904086987,65.8069519839609,70.8935253371715,70.10541501501928,70.8935253371715,70.10541501501928,96,101,96,101,-1,4,-1,4,-1,4,-1,4,96,101,96,101
1787535120,38.53,38.53,38.49,38.49,0,0,0,0,0,0,0,0,38.26220225689063,37.90609434085655,37.79,38.61,71.28215553795062,66.58912392024514,71.28215553795062,66.58912392024514,73.40079949535335,71.75310725518631,73.40079949535335,71.75310725518631,96,101,96,101,-1,4,-1,4,-1,4,-1,4,96,101,96,101
1787535120.001,38.480000000000004,38.51,38.47,38.47,0,0,0,0,0,0,0,0,38.30240790715294,37.91183801242348,37.79,38.61,72.29176347571605,67.40378671388385,72.29176347571605,67.40378671388385,75.0412168431932,73.39716204918975,75.0412168431932,73.39716204918975,96,101,96,101,-1,4,-1,4,-1,4,-1,4,96,101,96,101
1787535180,38.46,38.5,38.46,38.5,0,0,0,0,0,0,0,0,38.3359094997918,37.9175577005254,37.79,38.61,73.45247084649824,68.26788444711448,73.45247084649824,68.26788444711448,76.43808259537046,74.9176223222801,76.43808259537046,74.9176223222801,96,101,96,101,-1,4,-1,4,-1,4,-1,4,96,101,96,101
1787535180.001,38.71,38.71,38.67,38.67,0,0,0,0,0,0,0,0,38.399077469526624,37.92517735856329,37.79,38.71,75.0791811499155,69.24092683322891,75.0791811499155,69.24092683322891,79.4313999885785,77.1745111554293,79.4313999885785,77.1745111554293,96,101,96,101,-1,4,-1,4,-1,4,-1,4,96,101,96,101
1787535240,38.65,38.65,38.61,38.61,0,0,0,0,0,0,0,0,38.43985126294602,37.93212418418289,37.79,38.71,76.18538519176789,70.23299231302019,76.18538519176789,70.23299231302019,81.06542359269469,79.11996737406199,81.06542359269469,79.11996737406199,96,101,96,101,-1,4,-1,4,-1,4,-1,4,96,101,96,101
1787535240.001,38.56,38.6,38.56,38.6,0,0,0,0,0,0,0,0,38.466544972713415,37.93863704470512,37.79,38.71,77.14518921445833,71.22044901322565,77.14518921445833,71.22044901322565,81.8138413403222,80.46690435719209,81.8138413403222,80.46690435719209,96,101,96,101,-1,4,-1,4,-1,4,-1,4,96,101,96,101
1787535240.002,38.71,38.74,38.7,38.74,0,0,0,0,0,0,0,0,38.51383982615946,37.946478135470905,37.79,38.74,78.77767569913988,72.30005282549911,78.77767569913988,72.30005282549911,84.20133769020104,82.33412102369657,84.20133769020104,82.33412102369657,96,101,96,101,-1,4,-1,4,-1,4,-1,4,96,101,96,101
1787535300,38.980000000000004,38.980000000000004,38.940000000000005,38.940000000000005,0,0,0,0,0,0,0,0,38.59374773655471,37.95649659515113,37.79,38.980000000000004,80.07873323513043,73.41129288401787,80.07873323513043,73.41129288401787,86.1701742026453,84.25214761317093,86.1701742026453,84.25214761317093,96,101,96,101,-1,4,-1,4,-1,4,-1,4,96,101,96,101
1787535300.001,38.910000000000004,38.94,38.9,38.9,0,0,0,0,0,0,0,0,38.65185420869628,37.966017358715135,37.79,38.980000000000004,81.072035318765,74.50568466041031,81.072035318765,74.50568466041031,87.30552746781353,85.77883754049223,87.30552746781353,85.77883754049223,96,101,96,101,-1,4,-1,4,-1,4,-1,4,96,101,96,101
1787535360,38.800000000000004,38.84,38.800000000000004,38.800000000000004,0,0,0,0,0,0,0,0,38.68121404953938,37.9744483634377,37.79,38.980000000000004,81.45733032553422,75.49877689828516,81.45733032553422,75.49877689828516,87.05419761346806,86.41651757698014,87.05419761346806,86.41651757698014,96,101,96,101,-1,4,-1,4,-1,4,-1,4,96,101,96,101
1787535420,38.7,38.74,38.7,38.74,0,0,0,0,0,0,0,0,38.68947816174434,37.98193312267381,37.79,38.980000000000004,81.49287010357071,76.35507592761167,81.49287010357071,76.35507592761167,85.83036866268452,86.12344311983233,85.83036866268452,86.12344311983233,96,101,96,101,-1,4,-1,4,-1,4,-1,4,96,101,96,101
1787535480,38.82,38.82,38.78,38.78,0,0,0,0,0,0,0,0,38.708360920215064,37.99000675661072,37.79,38.980000000000004,81.7406940972469,77.12444995184526,81.7406940972469,77.12444995184526,85.64571815745103,85.88458063864168,85.64571815745103,85.88458063864168,96,101,96,101,-1,4,-1,4,-1,4,-1,4,96,101,96,101
1787535480.001,38.64,38.68,38.64,38.68,0,0,0,0,0,0,0,0,38.700780146842625,37.99673969103914,37.79,38.980000000000004,81.4337594490547,77.74006559430374,81.4337594490547,77.74006559430374,83.90281244228093,84.8936965404613,83.90281244228093,84.8936965404613,96,101,96,101,-1,4,-1,4,-1,4,-1,4,96,101,96,101
1787535540,38.72,38.72,38.68,38.68,0,0,0,0,0,0,0,0,38.699426180750024,38.003670971061965,37.81,38.980000000000004,81.14874870430481,78.2270203243039,81.14874870430481,78.2270203243039,82.79304691931397,83.84337172988764,82.79304691931397,83.84337172988764,96,101,96,101,-1,4,-1,4,-1,4,-1,4,96,101,96,101
1787535540.001,38.550000000000004,38.550000000000004,38.510000000000005,38.510000000000005,0,0,0,0,0,0,0,0,38.667409299401534,38.00884174083581,38.19,38.980000000000004,79.97109909223579,78.47617443400846,79.97109909223579,78.47617443400846,79.80100300166897,81.8221873657783,79.80100300166897,81.8221873657783,96,101,96,101,-1,4,-1,4,-1,4,-1,4,96,101,96,101
1787535600,38.37,38.37,38.33,38.37,0,0,0,0,0,0,0,0,38.610910638904286,38.012302685371445,38.300000000000004,38.980000000000004,78.1256876103521,78.42610488777184,78.1256876103521,78.42610488777184,75.26760641439574,78.54489689008702,75.26760641439574,78.54489689008702,96,101,96,101,-1,4,-1,4,-1,4,-1,4,96,101,96,101
1787535660,38.47,38.47,38.43,38.43,0,0,0,0,0,0,0,0,38.58044203789139,38.01659154754022,38.300000000000004,38.980000000000004,76.7343253911379,78.18442210253842,76.7343253911379,78.18442210253842,72.39024127236317,75.4675690812251,72.39024127236317,75.4675690812251,96,101,96,101,-1,4,-1,4,-1,4,-1,4,96,101,96,101
1787535660.001,38.36,38.4,38.36,38.4,0,0,0,0,0,0,0,0,38.54521015221417,38.020273887034016,38.300000000000004,38.980000000000004,75.28122910917152,77.76968024634314,75.28122910917152,77.76968024634314,69.1796305743905,72.3235998278078,69.1796305743905,72.3235998278078,96,101,96,101,-1,4,-1,4,-1,4,-1,4,96,101,96,101
1787535720,38.46,38.46,38.42,38.42,0,0,0,0,0,0,0,0,38.52486891241765,38.0243839312758,38.33,38.980000000000004,74.03933680438107,77.23677404034856,74.03933680438107,77.23677404034856,67.05192824743682,69.68776403762232,67.05192824743682,69.68776403762232,96,101,96,101,-1,4,-1,4,-1,4,-1,4,96,101,96,101
1787535720.001,38.33,38.35,38.31,38.31,0,0,0,0,0,0,0,0,38.488226079856865,38.02735855219179,38.31,38.980000000000004,72.29538847195214,76.53086181629193,72.29538847195214,76.53086181629193,63.8596359767946,66.77370000720846,63.8596359767946,66.77370000720846,96,101,96,101,-1,4,-1,4,-1,4,-1,4,96,101,96,101
1787535780,38.300000000000004,38.300000000000004,38.260000000000005,38.260000000000005,0,0,0,0,0,0,0,0,38.44915467139804,38.029806062451904,38.260000000000005,38.980000000000004,70.40747941353666,75.65609290161261,70.40747941353666,75.65609290161261,60.57116457074602,63.67243228897724,60.57116457074602,63.67243228897724,96,101,96,101,-1,4,-1,4,-1,4,-1,4,96,101,96,101
1787535780.001,38.19,38.22,38.18,38.18,0,0,0,0,0,0,0,0,38.402641700840825,38.0314331994756,38.18,38.980000000000004,68.05694516971259,74.57050036848402,68.05694516971259,74.57050036848402,56.72006182894673,60.19624705896199,56.72006182894673,60.19624705896199,96,101,96,101,-1,4,-1,4,-1,4,-1,4,96,101,96,101
1787535840,38.1,38.14,38.1,38.14,0,0,0,0,0,0,0,0,38.352464421900066,38.03238079616407,38.1,38.980000000000004,65.61418249448565,73.29102638648426,65.61418249448565,73.29102638648426,52.626799694919555,56.41152337694077,52.626799694919555,56.41152337694077,96,101,96,101,-1,4,-1,4,-1,4,-1,4,96,101,96,101
1787535840.001,38.21,38.25,38.21,38.25,0,0,0,0,0,0,0,0,38.331410284584905,38.034413491392954,38.1,38.980000000000004,63.964575533405956,71.95867626461593,63.964575533405956,71.95867626461593,50.43881750560933,53.42517044127505,50.43881750560933,53.42517044127505,96,101,96,101,-1,4,-1,4,-1,4,-1,4,96,101,96,101
1787535900,38.45,38.45,38.410000000000004,38.410000000000004,0,0,0,0,0,0,0,0,38.34812356617553,38.03828334056649,38.1,38.980000000000004,63.33268515503557,70.72639182039016,63.33268515503557,70.72639182039016,50.868326169273786,52.146748305274414,50.868326169273786,52.146748305274414,96,101,96,101,-1,4,-1,4,-1,4,-1,4,96,101,96,101
1787535960,38.28,38.32,38.28,38.32,0,0,0,0,0,0,0,0,38.34058594808301,38.04095382142321,38.1,38.980000000000004,62.23974307703246,69.51401342848192,62.23974307703246,69.51401342848192,49.771890618081024,50.95931946167772,49.771890618081024,50.95931946167772,96,101,96,101,-1,4,-1,4,-1,4,-1,4,96,101,96,101
1787535960.001,38.37,38.4,38.36,38.36,0,0,0,0,0,0,0,0,38.34654001812852,38.044261080248184,38.1,38.980000000000004,61.449840168830455,68.36198867710314,61.449840168830455,68.36198867710314,49.62440564382939,50.29186255275356,49.62440564382939,50.29186255275356,96,101,96,101,-1,4,-1,4,-1,4,-1,4,96,101,96,101
1787536020,38.33,38.33,38.29,38.29,0,0,0,0,0,0,0,0,38.338684257256666,38.04683891361221,38.1,38.94,60.196454372798996,67.19548377648826,60.196454372798996,67.19548377648826,48.59137089373404,49.4416167232438,48.59137089373404,49.4416167232438,96,101,96,101,-1,4,-1,4,-1,4,-1,4,96,101,96,101
1787536080,38.230000000000004,38.27,38.230000000000004,38.27,0,0,0,0,0,0,0,0,38.32377196805849,38.048926751951065,38.1,38.84,58.81337429855146,65.99803956535443,58.81337429855146,65.99803956535443,44.14974648034351,46.79568160179365,44.14974648034351,46.79568160179365,96,101,96,101,-1,4,-1,4,-1,4,-1,4,96,101,96,101
1787536080.001,38.39,38.39,38.35,38.35,0,0,0,0,0,0,0,0,38.330964943563,38.05205517564641,38.1,38.82,57.973763529327194,64.85171441735055,57.973763529327194,64.85171441735055,42.160821658476216,44.478251630134935,42.160821658476216,44.478251630134935,96,101,96,101,-1,4,-1,4,-1,4,-1,4,96,101,96,101
1787536140,38.31,38.35,38.31,38.35,0,0,0,0,0,0,0,0,38.33200162049094,38.05488713078094,38.1,38.82,57.194124957904656,63.75777306600114,57.194124957904656,63.75777306600114,39.936548434538075,42.20740003233651,39.936548434538075,42.20740003233651,96,101,96,101,-1,4,-1,4,-1,4,-1,4,96,101,96,101
1787536140.001,38.4,38.43,38.39,38.43,0,0,0,0,0,0,0,0,38.347395265250164,38.058486927157915,38.1,38.72,56.95036693270016,62.785286475529574,56.95036693270016,62.785286475529574,39.36119735947422,40.78429869590536,39.36119735947422,40.78429869590536,96,101,96,101,-1,4,-1,4,-1,4,-1,4,96,101,96,101
1787536200,38.49,38.52,38.480000000000004,38.52,0,0,0,0,0,0,0,0,38.376353701871345,38.062946427053525,38.1,38.72,57.26423628144488,61.99656501923176,57.26423628144488,61.99656501923176,40.329078256172785,40.55668847603907,40.329078256172785,40.55668847603907,96,101,96,101,-1,4,-1,4,-1,4,-1,4,96,101,96,101
1787536260,38.53,38.53,38.49,38.49,0,0,0,0,0,0,0,0,38.39944090759171,38.06732838631999,38.1,38.550000000000004,57.37561436218202,61.3364292110818,57.37561436218202,61.3364292110818,41.15869045334287,40.85768946469097,41.15869045334287,40.85768946469097,96,101,96,101,-1,4,-1,4,-1,4,-1,4,96,101,96,101
1787536260.001,38.42,38.46,38.42,38.46,0,0,0,0,0,0,0,0,38.408027409241704,38.0711028965722,38.1,38.53,57.298964836912106,60.75964858620041,57.298964836912106,60.75964858620041,40.863293115852336,40.86049129027165,40.863293115852336,40.86049129027165,96,101,96,101,-1,4,-1,4,-1,4,-1,4,96,101,96,101
1787536320,38.51,38.51,38.47,38.47,0,0,0,0,0,0,0,0,38.42171939544018,38.07520469196286,38.1,38.53,57.28781428733674,60.26367225779132,57.28781428733674,60.26367225779132,41.2919135798214,41.076202435046525,41.2919135798214,41.076202435046525,96,101,96,101,-1,4,-1,4,-1,4,-1,4,96,101,96,101
1787536380,38.45,38.45,38.410000000000004,38.410000000000004,0,0,0,0,0,0,0,0,38.42201283869348,38.07866865854366,38.1,38.53,56.91731614796516,59.785621384959015,56.91731614796516,59.785621384959015,40.68527657491184,40.88073950497918,40.68527657491184,40.88073950497918,96,101,96,101,-1,4,-1,4,-1,4,-1,4,96,101,96,101
1787536380.001,38.2,38.24,38.2,38.24,0,0,0,0,0,0,0,0,38.386495352870426,38.08014127553991,38.1,38.53,55.55287399814053,59.18094318684208,55.55287399814053,59.18094318684208,36.886081220054336,38.883410362516756,36.886081220054336,38.883410362516756,96,101,96,101,-1,4,-1,4,-1,4,-1,4,96,101,96,101
1787536440,38.25,38.27,38.230000000000004,38.230000000000004,0,0,0,0,0,0,0,0,38.36046589477277,38.08176507710999,38.1,38.53,54.22586799227097,58.47307530190335,54.22586799227097,58.47307530190335,33.92183585095571,36.40262310673623,33.92183585095571,36.40262310673623,96,101,96,101,-1,4,-1,4,-1,4,-1,4,96,101,96,101
1787536440.001,38.18,38.22,38.18,38.22,0,0,0,0,0,0,0,0,38.33250239875348,38.08300787899613,38.1,38.53,52.93362412007394,57.68172513307058,52.93362412007394,57.68172513307058,30.76417098913085,33.58339704793354,30.76417098913085,33.58339704793354,96,101,96,101,-1,4,-1,4,-1,4,-1,4,96,101,96,101
1787536500,38.24,38.26,38.22,38.22,0,0,0,0,0,0,0,0,38.31447165958618,38.08450365466118,38.1,38.53,51.73368338160526,56.83200488286125,51.73368338160526,56.83200488286125,28.512146562112118,31.047771805022826,28.512146562112118,31.047771805022826,96,101,96,101,-1,4,-1,4,-1,4,-1,4,96,101,96,101
1787536620,38.12,38.12,38.08,38.08,0,0,0,0,0,0,0,0,38.27426469117657,38.0845915121604,38.08,38.53,49.77911656143056,55.82444940837115,49.77911656143056,55.82444940837115,24.704763498421773,27.8762676517223,24.704763498421773,27.8762676517223,96,101,96,101,-1,4,-1,4,-1,4,-1,4,96,101,96,101
1787536680,37.99,38.02,37.980000000000004,37.980000000000004,0,0,0,0,0,0,0,0,38.223186262477796,38.083683470580034,37.980000000000004,38.53,47.363921560944256,54.61580257302445,47.363921560944256,54.61580257302445,21.341624526886523,24.60894608930441,21.341624526886523,24.60894608930441,96,101,96,101,-1,4,-1,4,-1,4,-1,4,96,101,96,101
1787536740,37.92,37.96,37.92,37.96,0,0,0,0,0,0,0,0,38.17290997233032,38.082320119297314,37.92,38.53,45.001192469856406,53.242286844000446,45.001192469856406,53.242286844000446,18.673773403997988,21.641359746651197,18.673773403997988,21.641359746651197,96,101,96,101,-1,4,-1,4,-1,4,-1,4,96,101,96,101
1787536800,37.99,38,37.96,38,0,0,0,0,0,0,0,0,38.13904755311874,38.081368343649245,37.92,38.53,43.04732578083305,51.78586383497653,43.04732578083305,51.78586383497653,17.11720260025225,19.379281173451723,17.11720260025225,19.379281173451723,96,101,96,101,-1,4,-1,4,-1,4,-1,4,96,101,96,101
1787536860,38.08,38.08,38.04,38.04,0,0,0,0,0,0,0,0,38.1234631495214,38.08108938832272,37.92,38.53,41.473117036583865,50.312614292349004,41.473117036583865,50.312614292349004,17.100459371644718,18.23987027254822,17.100459371644718,18.23987027254822,96,101,96,101,-1,4,-1,4,-1,4,-1,4,96,101,96,101
1787536860.001,38.02,38.06,38.02,38.06,0,0,0,0,0,0,0,0,38.109500152638724,38.080746873679374,37.92,38.53,40.13139979327447,48.8581550781955,40.13139979327447,48.8581550781955,16.871822318552663,17.55584629555044,16.871822318552663,17.55584629555044,96,101,96,101,-1,4,-1,4,-1,4,-1,4,96,101,96,101
1787536920,38.07,38.07,38.03,38.03,0,0,0,0,0,0,0,0,38.097469821855924,38.08037459964608,37.92,38.53,38.70544746710421,47.40776827661103,38.70544746710421,47.40776827661103,17.318704844473647,17.437275570012044,17.318704844473647,17.437275570012044,96,101,96,101,-1,4,-1,4,-1,4,-1,4,96,101,96,101
1787536980,37.980000000000004,38.02,37.980000000000004,38.02,0,0,0,0,0,0,0,0,38.08096015727606,38.079641187377625,37.92,38.53,37.32132486891371,45.966847789797136,37.32132486891371,45.966847789797136,16.81181726716016,17.1245464185861,16.81181726716016,17.1245464185861,96,101,96,101,-1,4,-1,4,-1,4,-1,4,96,101,96,101
1787536980.001,38.09,38.11,38.07,38.11,0,0,0,0,0,0,0,0,38.08381588625617,38.07981059513175,37.92,38.53,36.57628425702852,44.625338713687334,36.57628425702852,44.625338713687334,18.578747353116142,17.85164688585112,18.578747353116142,17.85164688585112,96,101,96,101,-1,4,-1,4,-1,4,-1,4,96,101,96,101
1787537040,38.13,38.17,38.13,38.17,0,0,0,0,0,0,0,0,38.09706148269444,38.08057533216194,37.92,38.53,36.24460488932961,43.42809102449337,36.24460488932961,43.42809102449337,21.4047342652003,19.62819057552571,21.4047342652003,19.62819057552571,96,101,96,101,-1,4,-1,4,-1,4,-1,4,96,101,96,101
1787537100,38.19,38.21,38.17,38.17,0,0,0,0,0,0,0,0,38.1127472737197,38.081597799835286,37.92,38.53,35.93661690503776,42.35788043599971,35.93661690503776,42.35788043599971,24.482746466190438,22.055468520858074,24.482746466190438,22.055468520858074,96,101,96,101,-1,4,-1,4,-1,4,-1,4,96,101,96,101
1787537160,38.11,38.13,38.09,38.09,0,0,0,0,0,0,0,0,38.11103564819491,38.081814073800444,37.92,38.53,35.17043598565033,41.33110265737837,35.17043598565033,41.33110265737837,25.24750633870176,23.65148742977992,25.24750633870176,23.65148742977992,96,101,96,101,-1,4,-1,4,-1,4,-1,4,96,101,96,101
1787537220,38.03,38.07,38.03,38.03,0,0,0,0,0,0,0,0,38.09872613640189,38.08143118086047,37.92,38.51,34.001363329776645,40.283997039149554,34.001363329776645,40.283997039149554,24.404185761041678,24.027836595410797,24.404185761041678,24.027836595410797,96,101,96,101,-1,4,-1,4,-1,4,-1,4,96,101,96,101
1787537280,37.99,38.03,37.99,38.03,0,0,0,0,0,0,0,0,38.08380623281367,38.080786757833664,37.92,38.51,32.313934412690166,39.14541666394107,32.313934412690166,39.14541666394107,23.11927866168915,23.573557628549974,23.11927866168915,23.573557628549974,96,101,96,101,-1,4,-1,4,-1,4,-1,4,96,101,96,101
1787537280.001,38.050000000000004,38.08,38.04,38.08,0,0,0,0,0,0,0,0,38.08068994805967,38.080646259414095,37.92,38.45,31.083963356258092,37.99378047712922,31.083963356258092,37.99378047712922,23.235728314234752,23.404642971392363,23.235728314234752,23.404642971392363,96,101,96,101,-1,4,-1,4,-1,4,-1,4,96,101,96,101
1787537340,38.1,38.13,38.09,38.13,0,0,0,0,0,0,0,0,38.08723116962458,38.081004671426555,37.92,38.27,30.278774599005157,36.89163678025436,30.278774599005157,36.89163678025436,24.506502489484543,23.955572730438455,24.506502489484543,23.955572730438455,96,101,96,101,-1,4,-1,4,-1,4,-1,4,96,101,96,101
1787537460,38.15,38.15,38.11,38.11,0,0,0,0,0,0,0,0,38.09379519938981,38.08142585214205,37.92,38.27,29.396328434925255,35.82087844520735,29.396328434925255,35.82087844520735,25.829929534312353,24.892751132375402,25.829929534312353,24.892751132375402,96,101,96,101,-1,4,-1,4,-1,4,-1,4,96,101,96,101
1787537520,38.08,38.12,38.08,38.12,0,0,0,0,0,0,0,0,38.09613546616742,38.081677004525375,37.92,38.26,28.644299584452124,34.79565289367089,28.644299584452124,34.79565289367089,26.449073090300462,25.670912111337934,26.449073090300462,25.670912111337934,96,101,96,101,-1,4,-1,4,-1,4,-1,4,96,101,96,101
1787537640,38.19,38.19,38.15,38.15,0,0,0,0,0,0,0,0,38.10835326019758,38.08248950530953,37.92,38.26,28.148143414673175,33.8460086823855,28.148143414673175,33.8460086823855,28.43175819918015,27.05133515525904,28.43175819918015,27.05133515525904,96,101,96,101,-1,4,-1,4,-1,4,-1,4,96,101,96,101
1787537700,38.07,38.11,38.07,38.11,0,0,0,0,0,0,0,0,38.106228425010144,38.08263057159169,37.92,38.21,27.417885192331273,32.92770532666347,27.417885192331273,32.92770532666347,28.44501990843075,27.748177531844895,28.44501990843075,27.748177531844895,96,101,96,101,-1,4,-1,4,-1,4,-1,4,96,101,96,101
1787537760,38.12,38.12,38.08,38.08,0,0,0,0,0,0,0,0,38.10388386288709,38.0827370667334,37.92,38.21,26.537631937353407,32.01483769961918,26.537631937353407,32.01483769961918,28.503225495282614,28.125701513563754,28.503225495282614,28.125701513563754,96,101,96,101,-1,4,-1,4,-1,4,-1,4,96,101,96,101
1787537760.001,38.04,38.08,38.04,38.08,0,0,0,0,0,0,0,0,38.09711709993792,38.08257716225513,37.92,38.21,25.720253914873958,31.115611444655574,25.720253914873958,31.115611444655574,27.80370147839209,27.96470149597792,27.80370147839209,27.96470149597792,96,101,96,101,-1,4,-1,4,-1,4,-1,4,96,101,96,101
1787537820,38.1,38.1,38.06,38.06,0,0,0,0,0,0,0,0,38.092792778737085,38.0824851838579,37.96,38.21,24.826489147369482,30.217165402186133,24.826489147369482,30.217165402186133,27.485139908879376,27.724920702428648,27.485139908879376,27.724920702428648,96,101,96,101,-1,4,-1,4,-1,4,-1,4,96,101,96,101
1787537880,38.050000000000004,38.07,38.03,38.03,0,0,0,0,0,0,0,0,38.083800152300036,38.082095613205915,37.980000000000004,38.21,23.79440838616923,29.299628685612287,23.79440838616923,29.299628685612287,26.415834207610892,27.07037745501977,26.415834207610892,27.07037745501977,96,101,96,101,-1,4,-1,4,-1,4,-1,4,96,101,96,101
1787537940,38.02,38.04,38,38,0,0,0,0,0,0,0,0,38.070988003397,38.08141141141614,37.980000000000004,38.21,22.633891345108616,28.347380494111764,22.633891345108616,28.347380494111764,24.796710351254273,25.93354390313702,24.796710351254273,25.93354390313702,96,101,96,101,-1,4,-1,4,-1,4,-1,4,96,101,96,101
1787537940.001,37.980000000000004,38.02,37.980000000000004,38.02,0,0,0,0,0,0,0,0,38.05929321490058,38.08066768261266,37.980000000000004,38.21,21.69103926789736,27.396474604652564,21.69103926789736,27.396474604652564,23.221536272972124,24.577540088054572,23.221536272972124,24.577540088054572,96,101,96,101,-1,4,-1,4,-1,4,-1,4,96,101,96,101
1787538000,38.06,38.06,38.02,38.02,0,0,0,0,0,0,0,0,38.054573236433804,38.08019669406262,37.980000000000004,38.21,20.841959432235235,26.46011529430723,20.841959432235235,26.46011529430723,22.712890655283623,23.645215371669096,22.712890655283623,23.645215371669096,96,101,96,101,-1,4,-1,4,-1,4,-1,4,96,101,96,101
1787538060,37.980000000000004,38.02,37.980000000000004,38.02,0,0,0,0,0,0,0,0,38.0458629510216,38.07946505199898,37.980000000000004,38.21,20.129645559746393,25.555762475084254,20.129645559746393,25.555762475084254,21.50209029532794,22.573652833498517,21.50209029532794,22.573652833498517,96,101,96,101,-1,4,-1,4,-1,4,-1,4,96,101,96,101
1787538060.001,38.08,38.09,38.050000000000004,38.050000000000004,0,0,0,0,0,0,0,0,38.049039384169184,38.07930453738539,37.980000000000004,38.21,19.723559765796274,24.722590659471685,19.723559765796274,24.722590659471685,22.311764727531713,22.442708780515115,22.311764727531713,22.442708780515115,96,101,96,101,-1,4,-1,4,-1,4,-1,4,96,101,96,101
1787538120,37.99,38.03,37.99,38.03,0,0,0,0,0,0,0,0,38.04315343553236,38.07868127499018,37.980000000000004,38.21,19.18774994125527,23.931899128297914,19.18774994125527,23.931899128297914,22.96110446033334,22.701906620424225,22.96110446033334,22.701906620424225,96,101,96,101,-1,4,-1,4,-1,4,-1,4,96,101,96,101
1787538240,38.08,38.08,38.04,38.04,0,0,0,0,0,0,0,0,38.04500432604163,38.078429056665236,37.980000000000004,38.19,18.888624945451305,23.211431387891256,18.888624945451305,23.211431387891256,25.231967088448783,23.966936854436504,25.231967088448783,23.966936854436504,96,101,96,101,-1,4,-1,4,-1,4,-1,4,96,101,96,101
1787538300,38.03,38.07,38.03,38.07,0,0,0,0,0,0,0,0,38.047124751609815,38.07821251547122,37.980000000000004,38.19,18.878723163633346,22.592473070140127,18.878723163633346,22.592473070140127,27.25765246236794,25.61229465840222,27.25765246236794,25.61229465840222,96,101,96,101,-1,4,-1,4,-1,4,-1,4,96,101,96,101
1787538300.001,38.12,38.15,38.11,38.15,0,0,0,0,0,0,0,0,38.06340509980197,38.07879414881645,37.980000000000004,38.19,20.137952688226385,22.241827301295306,20.137952688226385,22.241827301295306,32.439332362702075,29.025813510552148,32.439332362702075,29.025813510552148,96,101,96,101,-1,4,-1,4,-1,4,-1,4,96,101,96,101
1787538360,38.160000000000004,38.160000000000004,38.120000000000005,38.120000000000005,0,0,0,0,0,0,0,0,38.0761193240804,38.07933682726935,37.980000000000004,38.19,21.041447870917505,22.070344525527048,21.041447870917505,22.070344525527048,38.44553611384324,33.73567481219769,38.44553611384324,33.73567481219769,96,101,96,101,-1,4,-1,4,-1,4,-1,4,96,101,96,101
1787538420,38.11,38.11,38.07,38.07,0,0,0,0,0,0,0,0,38.07743096212639,38.07937659349884,37.980000000000004,38.19,21.29492758973954,21.9595706775574,21.29492758973954,21.9595706775574,41.13065657048619,37.43316569134194,41.13065657048619,37.43316569134194,96,101,96,101,-1,4,-1,4,-1,4,-1,4,96,101,96,101
1787538420.001,37.99,38.03,37.99,38.03,0,0,0,0,0,0,0,0,38.066382908406446,38.07875261412738,37.980000000000004,38.19,21.061917539418555,21.831334514966137,21.061917539418555,21.831334514966137,39.88539036090942,38.659278026125676,39.88539036090942,38.659278026125676,96,101,96,101,-1,4,-1,4,-1,4,-1,4,96,101,96,101
1787538480,38.04,38.04,38,38,0,0,0,0,0,0,0,0,38.056737531120426,38.07810167601003,37.980000000000004,38.19,20.4942630079144,21.640324299673036,20.4942630079144,21.640324299673036,37.387477452207925,38.023377739166804,37.387477452207925,38.023377739166804,96,101,96,101,-1,4,-1,4,-1,4,-1,4,96,101,96,101
1787538540,37.980000000000004,37.980000000000004,37.940000000000005,37.940000000000005,0,0,0,0,0,0,0,0,38.03793676788641,38.07686019996349,37.940000000000005,38.19,19.264579116248424,21.300932130612377,19.264579116248424,21.300932130612377,32.89297009131042,35.45817391523861,32.89297009131042,35.45817391523861,96,101,96,101,-1,4,-1,4,-1,4,-1,4,96,101,96,101
1787538600,37.93,37.94,37.9,37.9,0,0,0,0,0,0,0,0,38.015281597967665,38.0752330669622,37.9,38.160000000000004,17.888537750802108,20.813447219210907,17.888537750802108,20.813447219210907,28.839135654303067,32.14865478477084,28.839135654303067,32.14865478477084,96,101,96,101,-1,4,-1,4,-1,4,-1,4,96,101,96,101
1787538720,37.89,37.89,37.85,37.85,0,0,0,0,0,0,0,0,37.98765464076142,38.073124611901214,37.85,38.160000000000004,16.610785054316242,20.213066909940242,16.610785054316242,20.213066909940242,25.354179767180337,28.75141727597559,25.354179767180337,28.75141727597559,96,101,96,101,-1,4,-1,4,-1,4,-1,4,96,101,96,101
1787538840,37.800000000000004,37.81,37.77,37.77,0,0,0,0,0,0,0,0,37.950505312138134,38.07024111659208,37.77,38.160000000000004,15.424300407579368,19.528957409602977,15.424300407579368,19.528957409602977,22.186699540700126,25.469058408337858,22.186699540700126,25.469058408337858,96,101,96,101,-1,4,-1,4,-1,4,-1,4,96,101,96,101
1787538960,37.7,37.730000000000004,37.690000000000005,37.690000000000005,0,0,0,0,0,0,0,0,37.90556495235544,38.06659029287806,37.690000000000005,38.160000000000004,14.322564664180842,18.785187017399814,14.322564664180842,18.785187017399814,19.291896309611044,22.380477358974453,19.291896309611044,22.380477358974453,96,101,96,101,-1,4,-1,4,-1,4,-1,4,96,101,96,101
1787539080,37.68,37.68,37.64,37.64,0,0,0,0,0,0,0,0,37.859704657987784,38.06247828333035,37.64,38.160000000000004,13.299524331025067,18.00152091934628,13.299524331025067,18.00152091934628,16.93691362878955,19.658695493882,16.93691362878955,19.658695493882,96,101,96,101,-1,4,-1,4,-1,4,-1,4,96,101,96,101
1787539080.001,37.63,37.67,37.63,37.67,0,0,0,0,0,0,0,0,37.82278865956577,38.05844035679638,37.63,38.160000000000004,12.66701862484073,17.239449162988347,12.66701862484073,17.239449162988347,15.108487543888605,17.383591518885304,15.108487543888605,17.383591518885304,96,101,96,101,-1,4,-1,4,-1,4,-1,4,96,101,96,101
1787539140,37.69,37.69,37.65,37.65,0,0,0,0,0,0,0,0,37.79379678206896,38.054508943627596,37.63,38.160000000000004,11.920961738939377,16.479665245267064,11.920961738939377,16.479665245267064,13.868499527414585,15.626045523149944,13.868499527414585,15.626045523149944,96,101,96,101,-1,4,-1,4,-1,4,-1,4,96,101,96,101
1787539200,37.6,37.61,37.57,37.57,0,0,0,0,0,0,0,0,37.75553070048066,38.049820629097304,37.57,38.160000000000004,11.06946447187228,15.70677942049638,11.06946447187228,15.70677942049638,12.209865954373697,13.91795573876182,12.209865954373697,13.91795573876182,96,101,96,101,-1,4,-1,4,-1,4,-1,4,96,101,96,101
1787539260,37.54,37.56,37.52,37.56,0,0,0,0,0,0,0,0,37.71755542160539,38.04481412200844,37.52,38.160000000000004,10.561673869567395,14.97176434179224,10.561673869567395,14.97176434179224,11.062614314836281,12.49028502679905,11.062614314836281,12.49028502679905,96,101,96,101,-1,4,-1,4,-1,4,-1,4,96,101,96,101
1787539320,37.57,37.59,37.550000000000004,37.59,0,0,0,0,0,0,0,0,37.6919392843438,38.040155938373196,37.52,38.160000000000004,10.302318098120223,14.304700592696237,10.302318098120223,14.304700592696237,10.718914615275455,11.604599821037253,10.718914615275455,11.604599821037253,96,101,96,101,-1,4,-1,4,-1,4,-1,4,96,101,96,101
1787539440,37.6,37.6,37.56,37.56,0,0,0,0,0,0,0,0,37.670374565978264,38.03551093732803,37.52,38.160000000000004,9.849323665369056,13.66821817450664,9.849323665369056,13.66821817450664,10.381670949553756,10.993135385295504,10.381670949553756,10.993135385295504,96,101,96,101,-1,4,-1,4,-1,4,-1,4,96,101,96,101
1787539500,37.49,37.51,37.47,37.47,0,0,0,0,0,0,0,0,37.63636706913373,38.030016632810664,37.47,38.160000000000004,9.145800546414124,13.022158513350565,9.145800546414124,13.022158513350565,9.136670337712752,10.064902861504128,9.136670337712752,10.064902861504128,96,101,96,101,-1,4,-1,4,-1,4,-1,4,96,101,96,101
1787539620,37.45,37.49,37.45,37.45,0,0,0,0,0,0,0,0,37.604906389897295,38.02437799301487,37.45,38.160000000000004,8.492529078813115,12.375068594130932,8.492529078813115,12.375068594130932,7.985871872479709,9.025387366991918,7.985871872479709,9.025387366991918,96,101,96,101,-1,4,-1,4,-1,4,-1,4,96,101,96,101
1787539740,37.39,37.39,37.35,37.39,0,0,0,0,0,0,0,0,37.56340825840082,38.017933104195485,37.35,38.160000000000004,8.128050609503214,11.768351739184116,8.128050609503214,11.768351739184116,7.3892507206289295,8.207319043810424,7.3892507206289295,8.207319043810424,96,101,96,101,-1,4,-1,4,-1,4,-1,4,96,101,96,101
1787539860,37.42,37.42,37.38,37.38,0,0,0,0,0,0,0,0,37.532485544752184,38.01171818110233,37.35,38.160000000000004,7.732204630006686,11.191759295015913,7.732204630006686,11.191759295015913,7.144930952778928,7.676124998294676,7.144930952778928,7.676124998294676,96,101,96,101,-1,4,-1,4,-1,4,-1,4,96,101,96,101
1787540100,37.37,37.410000000000004,37.370000000000005,37.370000000000005,0,0,0,0,0,0,0,0,37.50536696085785,38.005465595552394,37.35,38.11,7.303057008651549,10.636230396963862,7.303057008651549,10.636230396963862,6.6180536914471695,7.147089344870922,6.6180536914471695,7.147089344870922,96,101,96,101,-1,4,-1,4,-1,4,-1,4,96,101,96,101
1787540160,37.34,37.37,37.33,37.37,0,0,0,0,0,0,0,0,37.47833054373218,37.99900988481721,37.33,38.04,7.036512120278473,10.12198492886595,7.036512120278473,10.12198492886595,6.120121752737904,6.633605548804413,6.120121752737904,6.633605548804413,96,101,96,101,-1,4,-1,4,-1,4,-1,4,96,101,96,101
1787540280,37.38,37.39,37.35,37.35,0,0,0,0,0,0,0,0,37.4574219600233,37.992684745001455,37.33,38.04,6.685879795577754,9.631112766967636,6.685879795577754,9.631112766967636,5.83101657979942,6.232311064301916,5.83101657979942,6.232311064301916,96,101,96,101,-1,4,-1,4,-1,4,-1,4,96,101,96,101
1787540400,37.31,37.32,37.28,37.32,0,0,0,0,0,0,0,0,37.43001190668573,37.985858694470764,37.28,37.980000000000004,6.496917241636767,9.183370549063227,6.496917241636767,9.183370549063227,5.48502719826965,5.858669131285783,5.48502719826965,5.858669131285783,96,101,96,101,-1,4,-1,4,-1,4,-1,4,96,101,96,101
1787540580,37.35,37.35,37.31,37.31,0,0,0,0,0,0,0,0,37.410615802439835,37.97926640232014,37.28,37.94,6.251510616505287,8.764533415840663,6.251510616505287,8.764533415840663,5.448205130984363,5.653437131135073,5.448205130984363,5.653437131135073,96,101,96,101,-1,4,-1,4,-1,4,-1,4,96,101,96,101
1787540640,37.29,37.33,37.29,37.33,0,0,0,0,0,0,0,0,37.39353414139017,37.97267337012459,37.28,37.89,6.169405630778214,8.393800875117456,6.169405630778214,8.393800875117456,5.221838164220344,5.437637647677708,5.221838164220344,5.437637647677708,96,101,96,101,-1,4,-1,4,-1,4,-1,4,96,101,96,101
1787540700,37.34,37.34,37.300000000000004,37.34,0,0,0,0,0,0,0,0,37.381376418713174,37.966245442727,37.28,37.81,6.189563293095916,8.078909791971522,6.189563293095916,8.078909791971522,5.320017127773388,5.378827387725549,5.320017127773388,5.378827387725549,96,101,96,101,-1,4,-1,4,-1,4,-1,4,96,101,96,101
1787540820,37.4,37.44,37.4,37.44,0,0,0,0,0,0,0,0,37.389611009250174,37.960876499681625,37.28,37.730000000000004,6.976330277536811,7.921398432766564,6.976330277536811,7.921398432766564,6.897677018610922,6.138252203168236,6.897677018610922,6.138252203168236,96,101,96,101,-1,4,-1,4,-1,4,-1,4,96,101,96,101
1787540880,37.46,37.5,37.46,37.5,0,0,0,0,0,0,0,0,37.40725749241681,37.95615799388048,37.28,37.69,8.167729113319504,7.956588529988411,8.167729113319504,7.956588529988411,9.223982899069103,7.681117551118669,9.223982899069103,7.681117551118669,96,101,96,101,-1,4,-1,4,-1,4,-1,4,96,101,96,101
1787540940,37.54,37.57,37.53,37.57,0,0,0,0,0,0,0,0,37.43442279682588,37.952182955798754,37.28,37.69,9.81166244086273,8.221599088684743,9.81166244086273,8.221599088684743,12.386790536864352,10.03395404399151,12.386790536864352,10.03395404399151,96,101,96,101,-1,4,-1,4,-1,4,-1,4,96,101,96,101
1787541000,37.68,37.68,37.64,37.64,0,0,0,0,0,0,0,0,37.4742247125545,37.94920932771452,37.28,37.69,11.875806367897878,8.743628700000906,11.875806367897878,8.743628700000906,16.72114513549418,13.377549589742845,16.72114513549418,13.377549589742845,96,101,96,101,-1,4,-1,4,-1,4,-1,4,96,101,96,101
1787541000.001,37.62,37.64,37.6,37.6,0,0,0,0,0,0,0,0,37.499517189059745,37.945867278019186,37.28,37.68,13.48529178094358,9.421009140135576,13.48529178094358,9.421009140135576,19.722020505748254,16.54978504774555,19.722020505748254,16.54978504774555,96,101,96,101,-1,4,-1,4,-1,4,-1,4,96,101,96,101
1787541060,37.54,37.58,37.54,37.58,0,0,0,0,0,0,0,0,37.51172618498828,37.94209413760772,37.28,37.68,14.826204119171091,10.193179851426365,14.826204119171091,10.193179851426365,21.514978615316654,19.032381831531104,21.514978615316654,19.032381831531104,96,101,96,101,-1,4,-1,4,-1,4,-1,4,96,101,96,101
1787541060.001,37.59,37.59,37.550000000000004,37.550000000000004,0,0,0,0,0,0,0,0,37.5211093028692,37.938325373386085,37.28,37.68,15.840922258124333,11.00000019524036,15.840922258124333,11.00000019524036,23.08426738455714,21.058324608044124,23.08426738455714,21.058324608044124,96,101,96,101,-1,4,-1,4,-1,4,-1,4,96,101,96,101
1787541120,37.5,37.54,37.5,37.54,0,0,0,0,0,0,0,0,37.52211973265056,37.93422926685157,37.28,37.68,16.706355614494854,11.815193826562432,16.706355614494854,11.815193826562432,23.98617066696981,22.522247637506965,23.98617066696981,22.522247637506965,96,101,96,101,-1,4,-1,4,-1,4,-1,4,96,101,96,101
1787541120.001,37.59,37.6,37.56,37.6,0,0,0,0,0,0,0,0,37.533855538835304,37.93077093252137,37.28,37.68,17.970801795640767,12.694566393573622,17.970801795640767,12.694566393573622,26.386642526575685,24.454445082041325,26.386642526575685,24.454445082041325,96,101,96,101,-1,4,-1,4,-1,4,-1,4,96,101,96,101
1787541180,37.64,37.66,37.62,37.66,0,0,0,0,0,0,0,0,37.55436665298646,37.92794402440341,37.28,37.68,19.60575988550664,13.681879749564052,19.60575988550664,13.681879749564052,29.534415398719066,26.994430240380197,29.534415398719066,26.994430240380197,96,101,96,101,-1,4,-1,4,-1,4,-1,4,96,101,96,101
1787541240,37.67,37.69,37.65,37.69,0,0,0,0,0,0,0,0,37.57660301911013,37.92544375218712,37.28,37.69,21.423558826180795,14.787833903366444,21.423558826180795,14.787833903366444,33.43766217849378,30.21604620943699,33.43766217849378,30.21604620943699,96,101,96,101,-1,4,-1,4,-1,4,-1,4,96,101,96,101
1787541300,37.74,37.76,37.72,37.72,0,0,0,0,0,0,0,0,37.60509943987798,37.923532205730865,37.28,37.76,23.346993792285616,16.010571030354896,23.346993792285616,16.010571030354896,38.4444030794016,34.330224644419296,38.4444030794016,34.330224644419296,96,101,96,101,-1,4,-1,4,-1,4,-1,4,96,101,96,101
1787541360,37.660000000000004,37.7,37.660000000000004,37.7,0,0,0,0,0,0,0,0,37.619929844748654,37.9211753346954,37.28,37.76,24.976054675254254,17.291354408197662,24.976054675254254,17.291354408197662,42.413703810447366,38.37196422743333,42.413703810447366,38.37196422743333,96,101,96,101,-1,4,-1,4,-1,4,-1,4,96,101,96,101
1787541420,37.74,37.74,37.7,37.7,0,0,0,0,0,0,0,0,37.63691229721859,37.91910725507986,37.28,37.76,26.48875406658227,18.60526864510975,26.48875406658227,18.60526864510975,48.10662482944022,43.23929452843677,48.10662482944022,43.23929452843677,96,101,96,101,-1,4,-1,4,-1,4,-1,4,96,101,96,101
1787541420.001,37.62,37.66,37.62,37.66,0,0,0,0,0,0,0,0,37.63868581893642,37.91639640345386,37.28,37.76,27.579431758843636,19.887291947071734,27.579431758843636,19.887291947071734,52.06758318713923,47.653438857788004,52.06758318713923,47.653438857788004,96,101,96,101,-1,4,-1,4,-1,4,-1,4,96,101,96,101
1787541480,37.71,37.71,37.67,37.67,0,0,0,0,0,0,0,0,37.64680354882677,37.914077367930275,37.28,37.76,28.670696837293598,21.14206407424629,28.670696837293598,21.14206407424629,56.712690350881495,52.183064604334746,56.712690350881495,52.183064604334746,96,101,96,101,-1,4,-1,4,-1,4,-1,4,96,101,96,101
1787541540,37.58,37.6,37.56,37.56,0,0,0,0,0,0,0,0,37.633445327827964,37.91068688002384,37.29,37.76,28.82059211814627,22.238996651946284,28.82059211814627,22.238996651946284,57.301353634089004,54.74220911921188,57.301353634089004,54.74220911921188,96,101,96,101,-1,4,-1,4,-1,4,-1,4,96,101,96,101
1787541600,37.550000000000004,37.550000000000004,37.510000000000005,37.510000000000005,0,0,0,0,0,0,0,0,37.61342496519258,37.90683261587766,37.29,37.76,28.56731591504481,23.14304226096036,28.56731591504481,23.14304226096036,56.43687454350518,55.58954183135853,56.43687454350518,55.58954183135853,96,101,96,101,-1,4,-1,4,-1,4,-1,4,96,101,96,101
1787541660,37.49,37.52,37.480000000000004,37.480000000000004,0,0,0,0,0,0,0,0,37.591590123036354,37.90271819515583,37.300000000000004,37.76,28.150169973061107,23.858346219831898,28.150169973061107,23.858346219831898,54.62446389443329,55.10700286289591,54.62446389443329,55.10700286289591,96,101,96,101,-1,4,-1,4,-1,4,-1,4,96,101,96,101
1787541720,37.46,37.47,37.43,37.47,0,0,0,0,0,0,0,0,37.567058585514594,37.89827987148927,37.4,37.76,27.681651338621656,24.404532665373292,27.681651338621656,24.404532665373292,52.17811190951428,53.6425573862051,52.17811190951428,53.6425573862051,96,101,96,101,-1,4,-1,4,-1,4,-1,4,96,101,96,101
1787541780,37.53,37.53,37.49,37.49,0,0,0,0,0,0,0,0,37.555472176027095,37.894350055189214,37.43,37.76,27.408935983265565,24.8337331393579,27.408935983265565,24.8337331393579,51.450286398631306,52.5464218924182,51.450286398631306,52.5464218924182,96,101,96,101,-1,4,-1,4,-1,4,-1,4,96,101,96,101
1787541840,37.44,37.48,37.44,37.48,0,0,0,0,0,0,0,0,37.53932571977975,37.89009449908451,37.43,37.76,27.07453146498032,25.153847185875385,27.07453146498032,25.153847185875385,49.57643596073156,51.06142892657488,49.57643596073156,51.06142892657488,96,101,96,101,-1,4,-1,4,-1,4,-1,4,96,101,96,101
1787541900,37.49,37.49,37.45,37.45,0,0,0,0,0,0,0,0,37.525508922244036,37.88584811932579,37.43,37.76,26.52050649020901,25.34908422935162,26.52050649020901,25.34908422935162,48.029802252055866,49.545615589315375,48.029802252055866,49.545615589315375,96,101,96,101,-1,4,-1,4,-1,4,-1,4,96,101,96,101
1787541960,37.4,37.44,37.4,37.44,0,0,0,0,0,0,0,0,37.50753760304815,37.88127914964759,37.4,37.76,25.92488589675249,25.43134161040889,25.92488589675249,25.43134161040889,45.454116216047865,47.49986590268162,45.454116216047865,47.49986590268162,96,101,96,101,-1,4,-1,4,-1,4,-1,4,96,101,96,101
1787542080,37.480000000000004,37.480000000000004,37.440000000000005,37.440000000000005,0,0,0,0,0,0,0,0,37.49768228128182,37.87702098232108,37.4,37.76,25.371809631400062,25.422837041979054,25.371809631400062,25.422837041979054,44.19876628042207,45.84931609155184,44.19876628042207,45.84931609155184,96,101,96,101,-1,4,-1,4,-1,4,-1,4,96,101,96,101
1787542080.001,37.43,37.46,37.42,37.46,0,0,0,0,0,0,0,0,37.48840671498815,37.872738849827,37.4,37.76,25.020576475910442,25.365371246826395,25.020576475910442,25.365371246826395,42.82513300226668,44.33722454690926,42.82513300226668,44.33722454690926,96,101,96,101,-1,4,-1,4,-1,4,-1,4,96,101,96,101
1787542140,37.480000000000004,37.480000000000004,37.440000000000005,37.440000000000005,0,0,0,1,0,0,0,0,37.48202973650546,37.86856566060816,37.4,37.76,24.532093740618162,25.24633160308236,24.532093740618162,25.24633160308236,41.94535209718106,43.141288322045156,41.94535209718106,43.141288322045156,96,101,96,101,-1,4,-1,4,-1,4,-1,4,96,101,96,101
1787547600,37.29,37.32,37.28,37.28,0,0,0,0,0,0,0,0,37.447721299565075,37.86284195585916,37.28,37.76,22.779801330574006,24.893970135581167,22.779801330574006,24.893970135581167,36.250777988059895,39.696033155052525,36.250777988059895,39.696033155052525,96,101,96,101,-1,4,-1,4,-1,4,-1,4,96,101,96,101
1787547780,37.27,37.29,37.25,37.29,0,0,0,0,0,0,1,0,37.416620457219906,37.857009365916944,37.25,37.76,21.466644406647596,24.40435217430494,21.466644406647596,24.40435217430494,31.856409143827413,35.77622114943997,31.856409143827413,35.77622114943997,96,101,96,101,-1,4,-1,4,-1,4,-1,4,96,101,96,101
1787547960,37.37,37.37,37.33,37.37,0,0,0,0,0,0,0,0,37.405719768028405,37.852030831596046,37.25,37.76,20.875227890945116,23.900191562396397,20.875227890945116,23.900191562396397,30.442748453812918,33.109484801626444,30.442748453812918,33.109484801626444,96,101,96,101,-1,4,-1,4,-1,4,-1,4,96,101,96,101
1787548020,37.39,37.4,37.36,37.36,0,0,0,0,0,0,0,0,37.39983132535657,37.84726767240935,37.25,37.76,20.24756247644275,23.37838740726016,20.24756247644275,23.37838740726016,29.567173744724876,31.33832927317566,29.567173744724876,31.33832927317566,96,101,96,101,-1,4,-1,4,-1,4,-1,4,96,101,96,101
1787548140,37.34,37.35,37.31,37.31,0,0,0,0,0,0,0,0,37.38592259953416,37.84205439540362,37.25,37.74,19.272265627654466,22.7917985816022,19.272265627654466,22.7917985816022,27.416120912845365,29.377225093010512,27.416120912845365,29.377225093010512,96,101,96,101,-1,4,-1,4,-1,4,-1,4,96,101,96,101
1787548200,37.25,37.26,37.22,37.22,0,0,0,0,0,0,0,0,37.35817909658856,37.835997469412874,37.22,37.74,17.89567522567915,22.09235238789891,17.89567522567915,22.09235238789891,23.869902581380572,26.62356383719554,23.869902581380572,26.62356383719554,96,101,96,101,-1,4,-1,4,-1,4,-1,4,96,101,96,101
1787548320,37.21,37.25,37.21,37.25,0,0,0,0,0,0,0,0,37.33608592751185,37.83003397883829,37.21,37.71,16.93487302701952,21.355569622058997,16.93487302701952,21.355569622058997,21.083293121702855,23.8534284794492,21.083293121702855,23.8534284794492,96,101,96,101,-1,4,-1,4,-1,4,-1,4,96,101,96,101
1787548440,37.28,37.28,37.24,37.24,0,0,0,0,0,0,0,0,37.321040001297575,37.82429566395764,37.21,37.71,15.983414798755659,20.588118933015664,15.983414798755659,20.588118933015664,19.26619929912192,21.559813889285557,19.26619929912192,21.559813889285557,96,101,96,101,-1,4,-1,4,-1,4,-1,4,96,101,96,101
1787548500,37.230000000000004,37.230000000000004,37.190000000000005,37.190000000000005,0,0,0,0,0,0,0,0,37.29963878894044,37.81811693429969,37.190000000000005,37.6,14.841742313130254,19.76720798731775,14.841742313130254,19.76720798731775,16.914887619798698,19.237350754542128,16.914887619798698,19.237350754542128,96,101,96,101,-1,4,-1,4,-1,4,-1,4,96,101,96,101
1787548500.001,37.17,37.21,37.17,37.21,0,0,0,0,0,0,0,0,37.28091658489066,37.81193334954712,37.17,37.550000000000004,14.13435154825939,18.962514210309415,14.13435154825939,18.962514210309415,15.079588904137408,17.15846982933977,15.079588904137408,17.15846982933977,96,101,96,101,-1,4,-1,4,-1,4,-1,4,96,101,96,101
1787548620,37.24,37.26,37.22,37.22,0,0,0,0,0,0,0,0,37.27226508460751,37.80617613545544,37.17,37.53,13.588576901491303,18.194808880478256,13.588576901491303,18.194808880478256,14.426572571585043,15.792521200462406,14.426572571585043,15.792521200462406,96,101,96,101,-1,4,-1,4,-1,4,-1,4,96,101,96,101
1787548740,37.2,37.24,37.2,37.2,0,0,0,0,0,0,0,0,37.26155022073948,37.800277202100986,37.17,37.53,12.915583313289556,17.440633799451298,12.915583313289556,17.440633799451298,13.28573048508752,14.539125842774963,13.28573048508752,14.539125842774963,96,101,96,101,-1,4,-1,4,-1,4,-1,4,96,101,96,101
1787548920,37.19,37.23,37.19,37.23,0,0,0,0,0,0,0,0,37.25338957454442,37.79447013209666,37.17,37.53,12.66268450519739,16.758069614557883,12.66268450519739,16.758069614557883,12.453144289881244,13.496135066328105,12.453144289881244,13.496135066328105,96,101,96,101,-1,4,-1,4,-1,4,-1,4,96,101,96,101
1787548980,37.25,37.27,37.230000000000004,37.230000000000004,0,0,0,0,0,0,0,0,37.2515611670515,37.78898618385026,37.17,37.49,12.484599292356446,16.147573854243394,12.484599292356446,16.147573854243394,12.417465081399497,12.9568000738638,12.417465081399497,12.9568000738638,96,101,96,101,-1,4,-1,4,-1,4,-1,4,96,101,96,101
1787549100,37.22,37.25,37.21,37.21,0,0,0,0,0,0,0,0,37.246428833648196,37.78335779727796,37.17,37.49,12.077103701255918,15.566078118102327,12.077103701255918,15.566078118102327,11.854195251369,12.4054976626164,11.854195251369,12.4054976626164,96,101,96,101,-1,4,-1,4,-1,4,-1,4,96,101,96,101
1787549280,37.19,37.21,37.17,37.17,0,0,0,0,0,0,0,0,37.23495692450004,37.77738740460189,37.17,37.480000000000004,11.214453436880495,14.94441744935635,11.214453436880495,14.94441744935635,10.451295687614119,11.428396675115259,10.451295687614119,11.428396675115259,96,101,96,101,-1,4,-1,4,-1,4,-1,4,96,101,96,101
1787549340,37.15,37.19,37.15,37.19,0,0,0,0,0,0,0,0,37.22435869580306,37.77141008382642,37.15,37.480000000000004,10.88180512347333,14.36404425994449,10.88180512347333,14.36404425994449,9.52031433645615,10.474355505785706,9.52031433645615,10.474355505785706,96,101,96,101,-1,4,-1,4,-1,4,-1,4,96,101,96,101
1787549400,37.25,37.25,37.21,37.21,0,0,0,0,0,0,0,0,37.22417226626311,37.76595658382151,37.15,37.480000000000004,10.807109441351725,13.855910714431237,10.807109441351725,13.855910714431237,9.94012891602566,10.207242210905683,9.94012891602566,10.207242210905683,96,101,96,101,-1,4,-1,4,-1,4,-1,4,96,101,96,101
1787549460,37.17,37.2,37.160000000000004,37.160000000000004,0,0,0,0,0,0,0,0,37.214928823912246,37.76005983506044,37.15,37.480000000000004,10.15226907141917,13.326819051143799,10.15226907141917,13.326819051143799,9.004372000661293,9.605807105783487,9.004372000661293,9.605807105783487,96,101,96,101,-1,4,-1,4,-1,4,-1,4,96,101,96,101
1787549700,37.14,37.18,37.14,37.18,0,0,0,0,0,0,0,0,37.20615388623123,37.75415542542468,37.14,37.4,9.887936487976779,12.835550113548509,9.887936487976779,12.835550113548509,8.289461714852557,8.947634410318022,8.289461714852557,8.947634410318022,96,101,96,101,-1,4,-1,4,-1,4,-1,4,96,101,96,101
1787549760,37.19,37.19,37.15,37.15,0,0,0,0,0,0,0,0,37.19836833115888,37.7482765986377,37.14,37.4,9.29686268353602,12.33002333783244,9.29686268353602,12.33002333783244,7.756881971126659,8.35225819072234,7.756881971126659,8.35225819072234,96,101,96,101,-1,4,-1,4,-1,4,-1,4,96,101,96,101
1787549820,37.14,37.18,37.14,37.18,0,0,0,0,0,0,0,0,37.1926043921603,37.742489435135504,37.14,37.4,9.093630556370996,11.867681511909376,9.093630556370996,11.867681511909376,7.250259734649941,7.80125896268614,7.250259734649941,7.80125896268614,96,101,96,101,-1,4,-1,4,-1,4,-1,4,96,101,96,101
1787549880,37.2,37.24,37.2,37.24,0,0,0,0,0,0,0,0,37.19879753297964,37.737356870275114,37.14,37.4,9.596159249349126,11.543178331543627,9.596159249349126,11.543178331543627,8.82320399615967,8.312231479422906,8.82320399615967,8.312231479422906,96,101,96,101,-1,4,-1,4,-1,4,-1,4,96,101,96,101
1787549940,37.300000000000004,37.300000000000004,37.260000000000005,37.260000000000005,0,0,0,0,0,0,0,0,37.21234949668031,37.732739720653804,37.14,37.35,10.293207782229777,11.364611110213076,10.293207782229777,11.364611110213076,12.301422240611029,10.306826860016967,12.301422240611029,10.306826860016967,96,101,96,101,-1,4,-1,4,-1,4,-1,4,96,101,96,101
1787549940.001,37.25,37.28,37.24,37.24,0,0,0,0,0,0,0,0,37.219801103344494,37.72796950784465,37.14,37.300000000000004,10.710052387646565,11.271102721275003,10.710052387646565,11.271102721275003,14.573380235542027,12.440103547779497,14.573380235542027,12.440103547779497,96,101,96,101,-1,4,-1,4,-1,4,-1,4,96,101,96,101
1787550000,37.230000000000004,37.27,37.230000000000004,37.27,0,0,0,0,0,0,0,0,37.22650393303943,37.72327992733541,37.14,37.300000000000004,11.442744498206409,11.295622975122347,11.442744498206409,11.295622975122347,16.667292949146066,14.553698248462782,16.667292949146066,14.553698248462782,96,101,96,101,-1,4,-1,4,-1,4,-1,4,96,101,96,101
1787550060,37.33,37.33,37.29,37.29,0,0,0,0,0,0,0,0,37.24047291491105,37.719101354260765,37.14,37.33,12.353516204555714,11.446750579327114,12.353516204555714,11.446750579327114,20.366837179854013,17.460267714158398,20.366837179854013,17.460267714158398,96,101,96,101,-1,4,-1,4,-1,4,-1,4,96,101,96,101
1787550120,37.25,37.29,37.25,37.29,0,0,0,0,0,0,0,0,37.247053597048435,37.714699019060824,37.14,37.33,13.199232789022924,11.69710518071223,13.199232789022924,11.69710518071223,22.92667676640547,20.193472240281935,22.92667676640547,20.193472240281935,96,101,96,101,-1,4,-1,4,-1,4,-1,4,96,101,96,101
1787550180,37.32,37.32,37.28,37.28,0,0,0,0,0,0,0,0,37.25546809455478,37.7105063256705,37.14,37.33,13.869333672756323,12.00742353671853,13.869333672756323,12.00742353671853,26.01878416712298,23.106128203702458,26.01878416712298,23.106128203702458,96,101,96,101,-1,4,-1,4,-1,4,-1,4,96,101,96,101
1787550180.001,37.25,37.26,37.22,37.22,0,0,0,0,0,0,0,0,37.25144359251451,37.705758335697,37.14,37.33,13.800325968020257,12.263552455475919,13.800325968020257,12.263552455475919,26.251394832323612,24.678761518013033,26.251394832323612,24.678761518013033,96,101,96,101,-1,4,-1,4,-1,4,-1,4,96,101,96,101
1787550240,37.19,37.23,37.19,37.23,0,0,0,0,0,0,0,0,37.24512051508763,37.70089175192555,37.14,37.33,13.85145475832292,12.490395641596919,13.85145475832292,12.490395641596919,25.610439268041976,25.144600393027503,25.610439268041976,25.144600393027503,96,101,96,101,-1,4,-1,4,-1,4,-1,4,96,101,96,101
1787550360,37.24,37.24,37.2,37.2,0,0,0,0,0,0,0,0,37.23934102749594,37.69604042437737,37.14,37.33,13.553309372359791,12.64224046027733,13.553309372359791,12.64224046027733,25.14508239781778,25.14484139542264,25.14508239781778,25.14484139542264,96,101,96,101,-1,4,-1,4,-1,4,-1,4,96,101,96,101
1787550480,37.160000000000004,37.18,37.14,37.18,0,0,0,0,0,0,0,0,37.22612750734516,37.69077302380314,37.14,37.33,13.046045338850215,12.69992687150203,13.046045338850215,12.69992687150203,22.729398357793325,23.937119876607984,22.729398357793325,23.937119876607984,96,101,96,101,-1,4,-1,4,-1,4,-1,4,96,101,96,101
1787550540,37.2,37.21,37.17,37.17,0,0,0,0,0,0,0,0,37.218346748433916,37.68572387265419,37.14,37.33,12.459807077319454,12.665624043761662,12.459807077319454,12.665624043761662,21.899923867119796,22.918521871863888,21.899923867119796,22.918521871863888,96,101,96,101,-1,4,-1,4,-1,4,-1,4,96,101,96,101
1787550600,37.14,37.18,37.14,37.18,0,0,0,0,0,0,1,0,37.20895036993078,37.6805591243359,37.14,37.33,12.030650350598473,12.574913516166921,12.030650350598473,12.574913516166921,20.09004463335549,21.50428325260969,20.09004463335549,21.50428325260969,96,101,96,101,-1,4,-1,4,-1,4,-1,4,96,101,96,101
1787550840,37.21,37.24,37.2,37.24,0,0,0,0,0,0,0,0,37.212171514791855,37.67604278147352,37.14,37.33,12.323391915417497,12.538981858917003,12.323391915417497,12.538981858917003,21.94531298243692,21.724798117523306,21.94531298243692,21.724798117523306,96,101,96,101,-1,4,-1,4,-1,4,-1,4,96,101,96,101
1787550960,37.25,37.27,37.230000000000004,37.230000000000004,0,0,0,0,0,0,0,0,37.21783729998121,37.671737214825356,37.14,37.33,12.480015995191867,12.530558164099125,12.480015995191867,12.530558164099125,24.41466387505608,23.069730996289692,24.41466387505608,23.069730996289692,96,101,96,101,-1,4,-1,4,-1,4,-1,4,96,101,96,101
1787551140,37.19,37.23,37.19,37.23,0,0,0,0,0,0,0,0,37.21762445756038,37.667209149669546,37.14,37.33,12.625452640696556,12.544114517898757,12.625452640696556,12.544114517898757,25.960868355490092,24.515299675889892,25.960868355490092,24.515299675889892,96,101,96,101,-1,4,-1,4,-1,4,-1,4,96,101,96,101
1787551200,37.24,37.24,37.2,37.2,0,0,0,0,0,0,0,0,37.216844253155465,37.66269297239257,37.14,37.33,12.414878834563881,12.525652277422347,12.414878834563881,12.525652277422347,27.96645859042072,26.240879133155307,27.96645859042072,26.240879133155307,96,101,96,101,-1,4,-1,4,-1,4,-1,4,96,101,96,101
1787551200.001,37.13,37.17,37.13,37.17,0,0,0,0,0,0,0,0,37.20590287379387,37.65765788477341,37.13,37.33,11.981616514181194,12.447932882673612,11.981616514181194,12.447932882673612,25.685535934646435,25.96320753390087,25.685535934646435,25.96320753390087,96,101,96,101,-1,4,-1,4,-1,4,-1,4,96,101,96,101
1787551260,37.19,37.22,37.18,37.22,0,0,0,0,0,0,0,0,37.206041745225285,37.65317040996637,37.13,37.33,12.146194926433523,12.4048274603536,12.146194926433523,12.4048274603536,27.444745086839955,26.703976310370415,27.444745086839955,26.703976310370415,96,101,96,101,-1,4,-1,4,-1,4,-1,4,96,101,96,101
1787551320,37.24,37.25,37.21,37.21,0,0,0,0,0,0,0,0,37.20918567033584,37.64889342412923,37.13,37.33,12.18563905300345,12.37351483073215,12.18563905300345,12.37351483073215,30.23835293157733,28.471164620973873,30.23835293157733,28.471164620973873,96,101,96,101,-1,4,-1,4,-1,4,-1,4,96,101,96,101
1787551380,37.15,37.19,37.15,37.19,0,0,0,0,0,0,0,0,37.20327312421417,37.64419465042313,37.13,37.33,11.995508372346693,12.319513908105657,11.995508372346693,12.319513908105657,29.061445369923273,28.76630499544857,29.061445369923273,28.76630499544857,96,101,96,101,-1,4,-1,4,-1,4,-1,4,96,101,96,101
1787551440,37.2,37.23,37.19,37.23,0,0,0,0,0,0,0,0,37.20570831375099,37.63994064063451,37.13,37.33,12.272473193823005,12.312793806065278,12.272473193823005,12.312793806065278,31.05266745993375,29.90948622769116,31.05266745993375,29.90948622769116,96,101,96,101,-1,4,-1,4,-1,4,-1,4,96,101,96,101
1787551500,37.24,37.24,37.2,37.2,0,0,0,0,0,0,0,0,37.207094680947776,37.63569579180564,37.13,37.33,12.215540096840337,12.298900419033144,12.215540096840337,12.298900419033144,32.75942925137232,31.33445773953174,32.75942925137232,31.33445773953174,96,101,96,101,-1,4,-1,4,-1,4,-1,4,96,101,96,101
1787551560,37.17,37.21,37.17,37.21,0,0,0,0,0,0,0,0,37.20519867835121,37.63132734279928,37.13,37.33,12.279769668377483,12.296167454653764,12.279769668377483,12.296167454653764,32.65093935831923,31.992698548925482,32.65093935831923,31.992698548925482,96,101,96,101,-1,4,-1,4,-1,4,-1,4,96,101,96,101
1787551620,37.22,37.22,37.18,37.22,0,0,0,0,0,0,0,0,37.205465585317654,37.627101863434774,37.13,37.32,12.511017647729787,12.32686033937891,12.511017647729787,12.32686033937891,33.84366230713094,32.91818042802821,33.84366230713094,32.91818042802821,96,101,96,101,-1,4,-1,4,-1,4,-1,4,96,101,96,101
1787551680,37.28,37.32,37.28,37.32,0,0,0,0,0,0,0,0,37.22386578192656,37.623913453516685,37.13,37.32,13.957275007867294,12.559776720591538,13.957275007867294,12.559776720591538,41.43742483468389,37.177802631356045,41.43742483468389,37.177802631356045,96,101,96,101,-1,4,-1,4,-1,4,-1,4,96,101,96,101
1787551740,37.33,37.34,37.300000000000004,37.34,0,0,0,0,0,0,0,0,37.24255685187931,37.62095577404554,37.13,37.34,16.15181615472178,13.072925211181573,16.15181615472178,13.072925211181573,49.123234892314215,43.15051876183513,49.123234892314215,43.15051876183513,96,101,96,101,-1,4,-1,4,-1,4,-1,4,96,101,96,101
1787551800,37.38,37.42,37.38,37.42,0,0,0,0,0,0,0,0,37.27239500002246,37.618823544121376,37.13,37.42,19.930087789928695,14.052519865288305,19.930087789928695,14.052519865288305,55.60316685351079,49.37684280767296,55.60316685351079,49.37684280767296,96,101,96,101,-1,4,-1,4,-1,4,-1,4,96,101,96,101
1787551860,37.44,37.44,37.4,37.4,0,0,0,0,0,0,0,0,37.29802015153353,37.61677886540707,37.13,37.44,23.327938662076594,15.377579693400918,23.327938662076594,15.377579693400918,60.83958080531334,55.108211806493145,60.83958080531334,55.108211806493145,96,101,96,101,-1,4,-1,4,-1,4,-1,4,96,101,96,101
1787551920,37.32,37.36,37.32,37.36,0,0,0,0,0,0,0,0,37.306864972466826,37.614091181837516,37.13,37.44,25.76880018621394,16.862039763802777,25.76880018621394,16.862039763802777,62.00996327091383,58.55908753870349,62.00996327091383,58.55908753870349,96,101,96,101,-1,4,-1,4,-1,4,-1,4,96,101,96,101
1787551980,37.43,37.43,37.39,37.39,0,0,0,0,0,0,0,0,37.324404674442555,37.611994088817575,37.13,37.44,28.571028744341497,18.534752475308306,28.571028744341497,18.534752475308306,65.87029109857166,62.21468931863757,65.87029109857166,62.21468931863757,96,101,96,101,-1,4,-1,4,-1,4,-1,4,96,101,96,101
1787552040,37.37,37.41,37.37,37.41,0,0,0,0,0,0,0,0,37.337543218483304,37.60985152740314,37.13,37.44,32.08579653244398,20.47061591204197,32.08579653244398,20.47061591204197,68.62614813057293,65.42041872460524,68.62614813057293,65.42041872460524,96,101,96,101,-1,4,-1,4,-1,4,-1,4,96,101,96,101
1787552040.001,37.42,37.42,37.38,37.38,0,0,0,0,0,0,0,0,37.34768687572876,37.6076971175119,37.13,37.44,34.754271383301166,22.51113812222186,34.754271383301166,22.51113812222186,71.08047719947737,68.2504479620413,71.08047719947737,68.2504479620413,96,101,96,101,-1,4,-1,4,-1,4,-1,4,96,101,96,101
1787552100,37.32,37.36,37.32,37.36,0,0,0,0,0,0,0,0,37.347501383172016,37.60509979959304,37.13,37.44,36.96570097837141,24.576075673100366,36.96570097837141,24.576075673100366,70.78787446591157,69.51916121397645,70.78787446591157,69.51916121397645,96,101,96,101,-1,4,-1,4,-1,4,-1,4,96,101,96,101
1787552160,37.42,37.42,37.38,37.42,0,0,0,0,0,0,0,0,37.358258707443774,37.60312534055895,37.13,37.44,40.24366111256933,26.814302164453075,40.24366111256933,26.814302164453075,73.67071267585051,71.59493694491348,73.67071267585051,71.59493694491348,96,101,96,101,-1,4,-1,4,-1,4,-1,4,96,101,96,101
1787552220,37.46,37.5,37.46,37.5,0,0,0,0,0,0,0,0,37.38160560912066,37.6019665477839,37.13,37.5,44.51197103310009,29.342540574259793,44.51197103310009,29.342540574259793,76.81427881868274,74.20460788179811,76.81427881868274,74.20460788179811,96,101,96,101,-1,4,-1,4,-1,4,-1,4,96,101,96,101
1787552280,37.53,37.57,37.53,37.57,0,0,0,0,0,0,0,0,37.413434892310846,37.60151580269816,37.13,37.57,48.47540167359294,32.0758064455931,48.47540167359294,32.0758064455931,79.60704418224759,76.90582603202284,79.60704418224759,76.90582603202284,96,101,96,101,-1,4,-1,4,-1,4,-1,4,96,101,96,101
1787552340,37.58,37.58,37.54,37.54,0,0,0,0,0,0,0,0,37.43887097249675,37.60103637514229,37.15,37.58,51.52080949055853,34.853664023445305,51.52080949055853,34.853664023445305,81.75841882287885,79.33212242745086,81.75841882287885,79.33212242745086,96,101,96,101,-1,4,-1,4,-1,4,-1,4,96,101,96,101
1787552340.001,37.51,37.51,37.47,37.51,0,0,0,0,0,0,0,0,37.449379280527644,37.599997870580346,37.15,37.58,53.87249770155036,37.570640263174596,53.87249770155036,37.570640263174596,81.88816851484842,80.61014547114964,81.88816851484842,80.61014547114964,96,101,96,101,-1,4,-1,4,-1,4,-1,4,96,101,96,101
1787552400,37.57,37.57,37.53,37.53,0,0,0,0,0,0,0,0,37.466461835583225,37.599434044339084,37.15,37.58,56.373668500646,40.256787154241934,56.373668500646,40.256787154241934,83.39620793336216,82.0031767022559,83.39620793336216,82.0031767022559,96,101,96,101,-1,4,-1,4,-1,4,-1,4,96,101,96,101
1787552460,37.51,37.52,37.480000000000004,37.52,0,0,0,0,0,0,0,0,37.47377180487112,37.59851098585478,37.17,37.58,58.537454083933255,42.86831100134069,58.537454083933255,42.86831100134069,83.54595600637411,82.774566354315,83.54595600637411,82.774566354315,96,101,96,101,-1,4,-1,4,-1,4,-1,4,96,101,96,101
1787552580,37.550000000000004,37.550000000000004,37.510000000000005,37.510000000000005,0,0,0,0,0,0,0,0,37.48278299186425,37.597762949511285,37.17,37.58,60.38795339539843,45.371117057634656,60.38795339539843,45.371117057634656,84.18224800546389,83.47840717988944,84.18224800546389,83.47840717988944,96,101,96,101,-1,4,-1,4,-1,4,-1,4,96,101,96,101
1787552580.001,37.480000000000004,37.5,37.46,37.46,0,0,0,0,0,0,0,0,37.481064872131356,37.596524843877674,37.17,37.58,61.312623390965236,47.64847510525332,61.312623390965236,47.64847510525332,83.01335543325483,83.24588130657213,83.01335543325483,83.24588130657213,96,101,96,101,-1,4,-1,4,-1,4,-1,4,96,101,96,101
1787552700,37.410000000000004,37.45,37.410000000000004,37.45,0,0,0,0,0,0,0,0,37.47299247113778,37.594934215248706,37.18,37.58,62.01251537097571,49.70048085749938,62.01251537097571,49.70048085749938,80.80509830786937,82.02548980722075,80.80509830786937,82.02548980722075,96,101,96,101,-1,4,-1,4,-1,4,-1,4,96,101,96,101
1787552760,37.47,37.51,37.47,37.51,0,0,0,0,0,0,0,0,37.47729687032485,37.59395642869565,37.28,37.58,63.61479601908061,51.688240166296694,63.61479601908061,51.688240166296694,80.81706839087218,81.42127909904647,80.81706839087218,81.42127909904647,96,101,96,101,-1,4,-1,4,-1,4,-1,4,96,101,96,101
1787552760.001,37.52,37.52,37.480000000000004,37.480000000000004,0,0,0,0,0,0,0,0,37.480212590871844,37.592955203866175,37.300000000000004,37.58,64.62643757327334,53.53655408157908,64.62643757327334,53.53655408157908,80.89082052550981,81.15604981227814,80.89082052550981,81.15604981227814,96,101,96,101,-1,4,-1,4,-1,4,-1,4,96,101,96,101
1787552820,37.47,37.480000000000004,37.440000000000005,37.440000000000005,0,0,0,0,0,0,0,0,37.47532545313757,37.59156593152257,37.32,37.58,64.93089838153166,55.16431755300088,64.93089838153166,55.16431755300088,79.62070330757987,80.38837655992901,79.62070330757987,80.38837655992901,96,101,96,101,-1,4,-1,4,-1,4,-1,4,96,101,96,101
1787552820.001,37.4,37.42,37.38,37.38,0,0,0,0,0,0,0,0,37.46041779499135,37.58959346785899,37.32,37.58,64.26123103681913,56.46387662211777,64.26123103681913,56.46387662211777,76.56377743824316,78.47607699908609,76.56377743824316,78.47607699908609,96,101,96,101,-1,4,-1,4,-1,4,-1,4,96,101,96,101
1787552880,37.35,37.35,37.31,37.31,0,0,0,0,0,0,0,0,37.435493347417165,37.58694411328659,37.31,37.58,62.52828596276064,57.330220813638185,62.52828596276064,57.330220813638185,71.84831716928778,75.16219708418694,71.84831716928778,75.16219708418694,96,101,96,101,-1,4,-1,4,-1,4,-1,4,96,101,96,101
1787552940,37.29,37.33,37.29,37.33,0,0,0,0,0,0,0,0,37.41388849637162,37.58425478545953,37.29,37.58,61.236582997166586,57.88827255414224,61.236582997166586,57.88827255414224,67.42554170065935,71.29386939242315,67.42554170065935,71.29386939242315,96,101,96,101,-1,4,-1,4,-1,4,-1,4,96,101,96,101
1787553000,37.36,37.36,37.32,37.32,0,0,0,0,0,0,0,0,37.39924210309193,37.5817580545926,37.29,37.58,59.87841437038484,58.17257852789118,59.87841437038484,58.17257852789118,64.33300399739049,67.81343669490681,64.33300399739049,67.81343669490681,96,101,96,101,-1,4,-1,4,-1,4,-1,4,96,101,96,101
1787553000.001,37.26,37.27,37.230000000000004,37.230000000000004,0,0,0,1,0,0,0,0,37.37089505404491,37.57839064443081,37.230000000000004,37.58,57.18868635980183,58.032022503878416,57.18868635980183,58.032022503878416,58.26549844294628,63.03946756892655,58.26549844294628,63.03946756892655,96,101,96,101,-1,4,-1,4,-1,4,-1,4,96,101,96,101
1787553060,37.160000000000004,37.18,37.14,37.18,0,0,0,0,0,0,1,0,37.333762619976135,37.57429388843316,37.14,37.58,53.897430984895315,57.44136657259512,53.897430984895315,57.44136657259512,50.850946717330544,56.94520714312854,50.850946717330544,56.94520714312854,96,101,96,101,-1,4,-1,4,-1,4,-1,4,96,101,96,101
1787553180,37.21,37.23,37.19,37.23,0,0,0,0,0,0,0,0,37.31247244664714,37.57073540861459,37.14,37.58,51.63491607327573,56.61187364412093,51.63491607327573,56.61187364412093,46.11899329017954,51.532100216654044,46.11899329017954,51.532100216654044,96,101,96,101,-1,4,-1,4,-1,4,-1,4,96,101,96,101
1787553300,37.26,37.26,37.22,37.22,0,0,0,0,0,0,0,0,37.298083516953724,37.56737817403467,37.14,37.58,49.375279210898846,55.578074439374916,49.375279210898846,55.578074439374916,42.647448794179766,47.089774505416905,42.647448794179766,47.089774505416905,96,101,96,101,-1,4,-1,4,-1,4,-1,4,96,101,96,101
1787553360,37.21,37.25,37.21,37.25,0,0,0,0,0,0,0,0,37.28691681690153,37.564087512269815,37.14,37.58,47.753235457739386,54.46024029914127,47.753235457739386,54.46024029914127,39.60690416124505,43.348339333330976,39.60690416124505,43.348339333330976,96,101,96,101,-1,4,-1,4,-1,4,-1,4,96,101,96,101
1787553360.001,37.28,37.32,37.28,37.32,0,0,0,0,0,0,0,0,37.29050769867701,37.56152611082103,37.14,37.58,47.358163083773874,53.44565783980307,47.358163083773874,53.44565783980307,39.273450320028296,41.310894826679636,39.273450320028296,41.310894826679636,96,101,96,101,-1,4,-1,4,-1,4,-1,4,96,101,96,101
1787553420,37.33,37.33,37.29,37.29,0,0,0,0,0,0,0,0,37.29283963225089,37.55895702845797,37.14,37.57,46.5151196889011,52.45558096110279,46.5151196889011,52.45558096110279,39.052567806777425,40.18173131672853,39.052567806777425,40.18173131672853,96,101,96,101,-1,4,-1,4,-1,4,-1,4,96,101,96,101
1787553480,37.24,37.25,37.21,37.21,0,0,0,1,0,0,0,0,37.28020212335679,37.555617489202994,37.14,37.57,44.46245240953514,51.313705453735984,44.46245240953514,51.313705453735984,36.20090227593921,38.191316796333865,36.20090227593921,38.191316796333865,96,101,96,101,-1,4,-1,4,-1,4,-1,4,96,101,96,101
1787553540,37.18,37.22,37.18,37.22,0,0,0,0,0,0,1,0,37.26683204032222,37.55214534171507,37.14,37.550000000000004,42.71513438028258,50.08533815752835,42.71513438028258,50.08533815752835,33.10726688586998,35.64929184110193,33.10726688586998,35.64929184110193,96,101,96,101,-1,4,-1,4,-1,4,-1,4,96,101,96,101
1787553660,37.25,37.25,37.21,37.21,0,0,0,0,0,0,0,0,37.25892318450606,37.548873580437636,37.14,37.550000000000004,40.93389462296079,48.77798908116155,40.93389462296079,48.77798908116155,31.169865122953457,33.40957848202769,31.169865122953457,33.40957848202769,96,101,96,101,-1,4,-1,4,-1,4,-1,4,96,101,96,101
1787553720,37.19,37.23,37.19,37.23,0,0,0,0,0,0,0,0,37.25124018126253,37.54556803900708,37.14,37.52,39.597346594336535,47.46646872590084,39.597346594336535,47.46646872590084,29.11962465084317,31.26460156643543,29.11962465084317,31.26460156643543,96,101,96,101,-1,4,-1,4,-1,4,-1,4,96,101,96,101
1787553900,37.26,37.29,37.25,37.29,0,0,0,0,0,0,0,0,37.255863178608735,37.5428924034614,37.14,37.52,39.308647234423574,46.301065655689804,39.308647234423574,46.301065655689804,29.37526268773559,30.319932127085508,29.37526268773559,30.319932127085508,96,101,96,101,-1,4,-1,4,-1,4,-1,4,96,101,96,101
1787554020,37.300000000000004,37.33,37.29,37.33,0,0,0,0,0,0,0,0,37.26691835825563,37.54064140110523,37.14,37.52,39.675489892282165,45.354554832345855,39.675489892282165,45.354554832345855,30.893082303773454,30.60650721542948,30.893082303773454,30.60650721542948,96,101,96,101,-1,4,-1,4,-1,4,-1,4,96,101,96,101
1787554140,37.35,37.35,37.31,37.35,0,0,0,0,0,0,0,0,37.27959986887582,37.53861180175758,37.14,37.52,40.33358982061123,44.637274116383765,40.33358982061123,44.637274116383765,33.03822639024735,31.822366802838417,33.03822639024735,31.822366802838417,96,101,96,101,-1,4,-1,4,-1,4,-1,4,96,101,96,101
1787554200,37.4,37.4,37.36,37.36,0,0,0,0,0,0,0,0,37.296642316959,37.53696723988271,37.14,37.480000000000004,41.10341276993263,44.13243678117646,41.10341276993263,44.13243678117646,35.980817425407,33.90159211412271,35.980817425407,33.90159211412271,96,101,96,101,-1,4,-1,4,-1,4,-1,4,96,101,96,101
1787554260,37.35,37.39,37.35,37.39,0,0,0,0,0,0,0,0,37.31119219872403,37.535372209303446,37.14,37.42,42.29443884192158,43.86986564699719,42.29443884192158,43.86986564699719,38.43810324775155,36.169847680937124,38.43810324775155,36.169847680937124,96,101,96,101,-1,4,-1,4,-1,4,-1,4,96,101,96,101
1787554320,37.410000000000004,37.410000000000004,37.370000000000005,37.370000000000005,0,0,0,0,0,0,0,0,37.32430876865299,37.533859384666926,37.14,37.410000000000004,43.082931305593924,43.757446455368154,43.082931305593924,43.757446455368154,40.933958627943,38.55190315444006,40.933958627943,38.55190315444006,96,101,96,101,-1,4,-1,4,-1,4,-1,4,96,101,96,101
1787554380,37.35,37.39,37.35,37.39,0,0,0,0,0,0,0,0,37.33382838647366,37.53229527802016,37.14,37.410000000000004,44.13256319646421,43.81103456123902,44.13256319646421,43.81103456123902,42.68365284992527,40.61777800218266,42.68365284992527,40.61777800218266,96,101,96,101,-1,4,-1,4,-1,4,-1,4,96,101,96,101
1787554500,37.43,37.43,37.39,37.39,0,0,0,0,0,0,0,0,37.346465649539056,37.531012074590436,37.14,37.43,45.10722138084376,43.99620410689685,45.10722138084376,43.99620410689685,45.222351793442655,42.92006489781266,45.222351793442655,42.92006489781266,96,101,96,101,-1,4,-1,4,-1,4,-1,4,96,101,96,101
1787554740,37.37,37.37,37.33,37.33,0,0,0,0,0,0,0,0,37.34589613750165,37.529144624428675,37.14,37.43,45.059880171100914,44.14815783035458,45.059880171100914,44.14815783035458,45.45032751126267,44.18519620453766,45.45032751126267,44.18519620453766,96,101,96,101,-1,4,-1,4,-1,4,-1,4,96,101,96,101
1787621400,36.89,36.910000000000004,36.870000000000005,36.870000000000005,0,0,0,0,0,0,0,0,37.261793809471044,37.522718641432704,36.870000000000005,37.43,41.84131730173657,43.818609183409144,41.84131730173657,43.818609183409144,39.20232154026597,41.693758872401816,39.20232154026597,41.693758872401816,96,101,96,101,-1,4,-1,4,-1,4,-1,4,96,101,96,101
1787621400.001,36.69,36.73,36.69,36.73,0,0,0,0,0,0,0,0,37.16267978350661,37.51469822377334,36.69,37.43,39.173679067503365,43.15504773827975,39.173679067503365,43.15504773827975,33.99160028126695,37.842679576834385,33.99160028126695,37.842679576834385,96,101,96,101,-1,4,-1,4,-1,4,-1,4,96,101,96,101
1787621400.002,36.83,36.83,36.79,36.79,0,0,0,0,0,0,0,0,37.097344065293285,37.507619966157016,36.69,37.43,37.17812735240883,42.30120196886962,37.17812735240883,42.30120196886962,31.0625676829464,34.4526236298904,31.0625676829464,34.4526236298904,96,101,96,101,-1,4,-1,4,-1,4,-1,4,96,101,96,101
1787621460,36.74,36.78,36.74,36.78,0,0,0,0,0,0,0,0,37.03722090190663,37.500247296510345,36.69,37.43,35.2448582237055,41.29315286241761,35.2448582237055,41.29315286241761,27.854293894352807,31.153458762121602,27.854293894352807,31.153458762121602,96,101,96,101,-1,4,-1,4,-1,4,-1,4,96,101,96,101
1787621460.001,36.79,36.79,36.75,36.75,0,0,0,0,0,0,0,0,36.98742316216603,37.492914819264804,36.69,37.43,33.20890928156283,40.1382609222955,33.20890928156283,40.1382609222955,25.183198553162992,28.1683286576423,25.183198553162992,28.1683286576423,96,101,96,101,-1,4,-1,4,-1,4,-1,4,96,101,96,101
1787621460.002,36.63,36.67,36.63,36.67,0,0,0,0,0,0,0,0,36.92728561752978,37.484593942124526,36.63,37.43,31.137596212579016,38.852451678050286,31.137596212579016,38.852451678050286,21.970831504637314,25.069580081139804,21.970831504637314,25.069580081139804,96,101,96,101,-1,4,-1,4,-1,4,-1,4,96,101,96,101
1787621460.003,36.72,36.72,36.68,36.72,0,0,0,0,0,0,0,0,36.887173081009216,37.47685337221947,36.63,37.43,29.590173926718084,37.52926914214569,29.590173926718084,37.52926914214569,20.14835316769877,22.60896662441929,20.14835316769877,22.60896662441929,96,101,96,101,-1,4,-1,4,-1,4,-1,4,96,101,96,101
1787621520,36.83,36.83,36.79,36.79,0,0,0,0,0,0,0,0,36.87192949052269,37.47015168029026,36.63,37.43,28.679597593606623,36.265030349497245,28.679597593606623,36.265030349497245,20.09505712929549,21.35201187685739,20.09505712929549,21.35201187685739,96,101,96,101,-1,4,-1,4,-1,4,-1,4,96,101,96,101
1787621520.001,36.77,36.77,36.730000000000004,36.730000000000004,0,0,0,0,0,0,0,0,36.848548371033715,37.46291965693745,36.63,37.43,27.382934607597143,34.99615952922581,27.382934607597143,34.99615952922581,19.173914514186162,20.262963195521777,19.173914514186162,20.262963195521777,96,101,96,101,-1,4,-1,4,-1,4,-1,4,96,101,96,101
1787621580,36.45,36.49,36.45,36.49,0,0,0,0,0,0,1,0,36.78093351569425,37.45310619434769,36.45,37.43,25.679855207686597,33.66525891186306,25.679855207686597,33.66525891186306,16.78463809670769,18.523800646114733,16.78463809670769,18.523800646114733,96,101,96,101,-1,4,-1,4,-1,4,-1,4,96,101,96,101
1787621640,36.6,36.6,36.56,36.56,0,0,0,0,0,0,0,0,36.74318802799227,37.444352235531625,36.45,37.43,24.54090221244729,32.361779383375094,24.54090221244729,32.361779383375094,16.223567348198397,17.373683997156565,16.223567348198397,17.373683997156565,96,101,96,101,-1,4,-1,4,-1,4,-1,4,96,101,96,101
1787621640.001,36.54,36.58,36.54,36.58,0,0,0,0,0,0,0,0,36.71109323502398,37.435619045791675,36.45,37.43,23.609725252898247,31.111485936164115,23.609725252898247,31.111485936164115,15.567722450059232,16.4707032236079,15.567722450059232,16.4707032236079,96,101,96,101,-1,4,-1,4,-1,4,-1,4,96,101,96,101
1787621700,36.6,36.6,36.56,36.56,0,0,0,0,0,0,0,0,36.68604598017114,37.42703908845378,36.45,37.43,22.618638683000963,29.898222042855092,22.618638683000963,29.898222042855092,15.180496793928294,15.825600008768095,15.180496793928294,15.825600008768095,96,101,96,101,-1,4,-1,4,-1,4,-1,4,96,101,96,101
1787621700.001,36.49,36.53,36.49,36.53,0,0,0,0,0,0,0,0,36.655249741352144,37.417980656396196,36.45,37.43,21.508710635479396,28.69972041322999,21.508710635479396,28.69972041322999,13.944799001209677,14.885199504988886,13.944799001209677,14.885199504988886,96,101,96,101,-1,4,-1,4,-1,4,-1,4,96,101,96,101
1787621760,36.63,36.64,36.6,36.6,0,0,0,1,0,0,0,0,36.647628576257816,37.409974215370696,36.45,37.43,20.920541038886995,27.588409074038136,20.920541038886995,27.588409074038136,14.343355412115509,14.614277458552198,14.343355412115509,14.614277458552198,96,101,96,101,-1,4,-1,4,-1,4,-1,4,96,101,96,101
1787621820,36.5,36.52,36.480000000000004,36.480000000000004,0,0,0,0,0,0,0,0,36.61957489572609,37.40085341057431,36.45,37.43,19.615850054440585,26.449472071238485,19.615850054440585,26.449472071238485,12.90654953691536,13.76041349773378,12.90654953691536,13.76041349773378,96,101,96,101,-1,4,-1,4,-1,4,-1,4,96,101,96,101
1787621880,36.15,36.17,36.13,36.13,0,0,0,0,0,0,0,0,36.53298552074559,37.38834077298982,36.13,37.43,18.21471790769483,25.273078619303675,18.21471790769483,25.273078619303675,11.194624877795588,12.477519187764685,11.194624877795588,12.477519187764685,96,101,96,101,-1,4,-1,4,-1,4,-1,4,96,101,96,101
1787621940,36.12,36.15,36.11,36.15,0,0,0,0,0,0,0,0,36.4609275472767,37.37588630427019,36.11,37.43,17.10803008824335,24.106643114866483,17.10803008824335,24.106643114866483,9.876778033781536,11.17714861077311,9.876778033781536,11.17714861077311,96,101,96,101,-1,4,-1,4,-1,4,-1,4,96,101,96,101
1787621940.001,36.2,36.230000000000004,36.190000000000005,36.190000000000005,0,0,0,0,0,0,0,0,36.414092235650635,37.364219110529525,36.11,37.37,16.274754858422302,22.987801935374456,16.274754858422302,22.987801935374456,9.439835717267327,10.308492164020219,9.439835717267327,10.308492164020219,96,101,96,101,-1,4,-1,4,-1,4,-1,4,96,101,96,101
1787622000,36.09,36.09,36.050000000000004,36.050000000000004,0,0,0,0,0,0,0,0,36.350317889774765,37.351274973443,36.050000000000004,36.910000000000004,15.112272368534994,21.862726282968822,15.112272368534994,21.862726282968822,8.256919227636986,9.282705695828604,8.256919227636986,9.282705695828604,96,101,96,101,-1,4,-1,4,-1,4,-1,4,96,101,96,101
1787622060,36.03,36.07,36.03,36.07,0,0,0,0,0,0,0,0,36.296926758300565,37.338393298748706,36.03,36.83,14.217156139446086,20.770501976751287,14.217156139446086,20.770501976751287,7.322257297158243,8.302481496493424,7.322257297158243,8.302481496493424,96,101,96,101,-1,4,-1,4,-1,4,-1,4,96,101,96,101
1787622060.001,36.17,36.17,36.13,36.13,0,0,0,0,0,0,0,0,36.269000681033795,37.32650215481422,36.03,36.83,13.662474479716073,19.75506947717483,13.662474479716073,19.75506947717483,7.459894009809104,7.881187753151265,7.459894009809104,7.881187753151265,96,101,96,101,-1,4,-1,4,-1,4,-1,4,96,101,96,101
1787622060.002,36.12,36.13,36.09,36.09,0,0,0,0,0,0,0,0,36.23887934508826,37.31433132076963,36.03,36.83,12.963081141303183,18.784785429193164,12.963081141303183,18.784785429193164,7.149296906366968,7.515242329759117,7.149296906366968,7.515242329759117,96,101,96,101,-1,4,-1,4,-1,4,-1,4,96,101,96,101
1787622120,36,36.04,36,36.04,0,0,0,0,0,0,0,0,36.20029522173888,37.301518737146715,36,36.83,12.217978600468683,17.846670167946808,12.217978600468683,17.846670167946808,6.367729016646221,6.941485673202669,6.367729016646221,6.941485673202669,96,101,96,101,-1,4,-1,4,-1,4,-1,4,96,101,96,101
1787622120.001,36.08,36.12,36.08,36.12,0,0,0,0,0,0,0,0,36.18327184808938,37.28962966181856,36,36.83,11.887761322496678,16.995397475739644,11.887761322496678,16.995397475739644,6.497014481800649,6.719250077501659,6.497014481800649,6.719250077501659,96,101,96,101,-1,4,-1,4,-1,4,-1,4,96,101,96,101
1787622180,36.13,36.17,36.13,36.17,0,0,0,0,0,0,0,0,36.178434542376166,37.27835639818521,36,36.83,11.807170775953072,16.25422223291299,11.807170775953072,16.25422223291299,7.107331094290701,6.9132905858961795,7.107331094290701,6.9132905858961795,96,101,96,101,-1,4,-1,4,-1,4,-1,4,96,101,96,101
1787622180.001,36.22,36.22,36.18,36.18,0,0,0,0,0,0,0,0,36.18114341345929,37.2675601487837,36,36.83,11.782727731446869,15.615437304132115,11.782727731446869,15.615437304132115,8.050040038862539,7.481665312379359,8.050040038862539,7.481665312379359,96,101,96,101,-1,4,-1,4,-1,4,-1,4,96,101,96,101
1787622180.002,36.02,36.02,35.980000000000004,35.980000000000004,0,0,0,0,0,0,0,0,36.14699612616366,37.25488127499813,35.980000000000004,36.77,10.941104322057807,14.947675449550072,10.941104322057807,14.947675449550072,7.057669787005382,7.269667549692371,7.057669787005382,7.269667549692371,96,101,96,101,-1,4,-1,4,-1,4,-1,4,96,101,96,101
1787622240,35.92,35.94,35.9,35.9,0,0,0,0,0,0,0,0,36.10451198201269,37.24153253926017,35.9,36.64,10.159596870482249,14.263664223968954,10.159596870482249,14.263664223968954,6.161476063931788,6.715571806812079,6.161476063931788,6.715571806812079,96,101,96,101,-1,4,-1,4,-1,4,-1,4,96,101,96,101
1787622300,35.83,35.85,35.81,35.81,0,0,0,0,0,0,0,0,36.05338859134371,37.227421104375324,35.81,36.64,9.433911379733516,13.57369953193532,9.433911379733516,13.57369953193532,5.387085303475929,6.0513285551440035,5.387085303475929,6.0513285551440035,96,101,96,101,-1,4,-1,4,-1,4,-1,4,96,101,96,101
1787622360,35.58,35.62,35.58,35.62,0,0,0,0,0,0,1,0,35.972166423220614,37.21129419454738,35.58,36.64,8.907335971902768,12.907076166216385,8.907335971902768,12.907076166216385,4.802829874021845,5.427079214582925,4.802829874021845,5.427079214582925,96,101,96,101,-1,4,-1,4,-1,4,-1,4,96,101,96,101
1787622420,35.74,35.74,35.7,35.7,0,0,0,0,0,0,0,0,35.92510586142293,37.196389111351216,35.58,36.64,8.712923903217535,12.307911557216547,8.712923903217535,12.307911557216547,5.1669043707832785,5.296991792683102,5.1669043707832785,5.296991792683102,96,101,96,101,-1,4,-1,4,-1,4,-1,4,96,101,96,101
1787622420.001,35.64,35.68,35.64,35.68,0,0,0,0,0,0,0,0,35.87811691692179,37.18116799249864,35.58,36.64,8.458760708363268,11.758032864523221,8.458760708363268,11.758032864523221,5.099166236409635,5.1980790145463684,5.099166236409635,5.1980790145463684,96,101,96,101,-1,4,-1,4,-1,4,-1,4,96,101,96,101
1787622480,35.730000000000004,35.730000000000004,35.690000000000005,35.690000000000005,0,0,0,0,0,0,0,0,35.84633808354207,37.16646317001938,35.58,36.64,8.259570878679023,11.258252580831194,8.259570878679023,11.258252580831194,5.724097375569206,5.461088195057787,5.724097375569206,5.461088195057787,96,101,96,101,-1,4,-1,4,-1,4,-1,4,96,101,96,101
1787622480.001,35.61,35.65,35.61,35.65,0,0,0,0,0,0,0,0,35.808216007746545,37.151241314264624,35.58,36.52,7.9327594249387925,10.783182129989422,7.9327594249387925,10.783182129989422,5.5235120362022005,5.492300115629994,5.5235120362022005,5.492300115629994,96,101,96,101,-1,4,-1,4,-1,4,-1,4,96,101,96,101
1787622540,35.81,35.81,35.77,35.77,0,0,0,0,0,0,0,0,35.803691885125964,37.13763028957874,35.58,36.230000000000004,8.09972448531963,10.399831037893737,8.09972448531963,10.399831037893737,7.088724602459064,6.290512359044529,7.088724602459064,6.290512359044529,96,101,96,101,-1,4,-1,4,-1,4,-1,4,96,101,96,101
1787622600,35.71,35.75,35.71,35.75,0,0,0,0,0,0,0,0,35.79150548176973,37.12369035303235,35.58,36.230000000000004,8.17754339273889,10.082361374300188,8.17754339273889,10.082361374300188,7.836049659250666,7.063281009147597,7.836049659250666,7.063281009147597,96,101,96,101,-1,4,-1,4,-1,4,-1,4,96,101,96,101
1787622600.001,35.76,35.77,35.730000000000004,35.77,0,0,0,0,0,0,0,0,35.785171151750994,37.11008812729737,35.58,36.230000000000004,8.327023883991151,9.83159887568461,8.327023883991151,9.83159887568461,8.773756850786363,7.9185189299669805,8.773756850786363,7.9185189299669805,96,101,96,101,-1,4,-1,4,-1,4,-1,4,96,101,96,101
1787622660,35.97,35.97,35.93,35.93,0,0,0,0,0,0,0,0,35.81392791203869,37.098478626859915,35.58,36.22,9.083587815057424,9.72474015273787,9.083587815057424,9.72474015273787,11.703220157816878,9.81086954389193,11.703220157816878,9.81086954389193,96,101,96,101,-1,4,-1,4,-1,4,-1,4,96,101,96,101
1787622720,35.81,35.83,35.79,35.83,0,0,0,0,0,0,0,0,35.8144258674256,37.0857242789973,35.58,36.22,9.400011079232858,9.678350285094297,9.400011079232858,9.678350285094297,12.751331563843033,11.281100553867482,12.751331563843033,11.281100553867482,96,101,96,101,-1,4,-1,4,-1,4,-1,4,96,101,96,101
1787622780,35.89,35.89,35.85,35.85,0,0,0,0,0,0,0,0,35.82331813395428,37.07356118501059,35.58,36.22,9.771052758901565,9.691593495638191,9.771052758901565,9.691593495638191,14.198284197579758,12.739692375723621,14.198284197579758,12.739692375723621,96,101,96,101,-1,4,-1,4,-1,4,-1,4,96,101,96,101
1787622840,35.84,35.88,35.84,35.88,0,0,0,0,0,0,0,0,35.83119968535653,37.06155228433055,35.58,36.22,10.231421577281198,9.768711793015765,10.231421577281198,9.768711793015765,15.57932162913805,14.159507002430836,15.57932162913805,14.159507002430836,96,101,96,101,-1,4,-1,4,-1,4,-1,4,96,101,96,101
1787622840.001,35.93,35.93,35.89,35.89,0,0,0,0,0,0,0,0,35.84431489407959,37.05002771765396,35.58,36.22,10.697516947243745,9.901398243619763,10.697516947243745,9.901398243619763,17.747235250851574,15.953371126641205,17.747235250851574,15.953371126641205,96,101,96,101,-1,4,-1,4,-1,4,-1,4,96,101,96,101
1787622900,35.81,35.85,35.81,35.85,0,0,0,0,0,0,0,0,35.84292430727724,37.03795447336553,35.58,36.22,10.975879636340247,10.054895585436975,10.975879636340247,10.054895585436975,18.63509652229332,17.294233824467263,18.63509652229332,17.294233824467263,96,101,96,101,-1,4,-1,4,-1,4,-1,4,96,101,96,101
1787622900.001,35.9,35.94,35.9,35.94,0,0,0,0,0,0,0,0,35.85815019080259,37.02689688324912,35.58,36.22,11.581849623705903,10.273031876618251,11.581849623705903,10.273031876618251,20.60905847463417,18.95164614955072,20.60905847463417,18.95164614955072,96,101,96,101,-1,4,-1,4,-1,4,-1,4,96,101,96,101
1787622960,36.050000000000004,36.050000000000004,36.010000000000005,36.010000000000005,0,0,0,0,0,0,0,0,35.88818348944454,37.016911176284786,35.58,36.22,12.414806310815738,10.578999652932179,12.414806310815738,10.578999652932179,23.675688935131326,21.313667542341022,23.675688935131326,21.313667542341022,96,101,96,101,-1,4,-1,4,-1,4,-1,4,96,101,96,101
1787622960.001,36,36.04,36,36.04,0,0,0,0,0,0,0,0,35.91336224893947,37.00705799708461,35.58,36.050000000000004,13.304096207533535,10.968299160732373,13.304096207533535,10.968299160732373,26.27727515194547,23.79547134714325,26.27727515194547,23.79547134714325,96,101,96,101,-1,4,-1,4,-1,4,-1,4,96,101,96,101
1787623020,36.09,36.09,36.050000000000004,36.050000000000004,0,0,0,0,0,0,0,0,35.940629718829264,36.99766770192291,35.58,36.09,14.168475435952974,11.425467200049601,14.168475435952974,11.425467200049601,29.0732439307781,26.434357638960677,29.0732439307781,26.434357638960677,96,101,96,101,-1,4,-1,4,-1,4,-1,4,96,101,96,101
1787623020.001,36.02,36.02,35.980000000000004,35.980000000000004,0,0,0,0,0,0,0,0,35.95021219419364,36.98767432512102,35.58,36.09,14.700843020643614,11.893378031563032,14.700843020643614,11.893378031563032,31.24211181908653,28.838234729023604,31.24211181908653,28.838234729023604,96,101,96,101,-1,4,-1,4,-1,4,-1,4,96,101,96,101
1787623080,35.85,35.89,35.85,35.85,0,0,0,0,0,0,0,0,35.934416037673586,36.97648685256592,35.58,36.09,14.69325384735441,12.2933602909618,14.69325384735441,12.2933602909618,32.88884309767848,30.863538913351043,32.88884309767848,30.863538913351043,96,101,96,101,-1,4,-1,4,-1,4,-1,4,96,101,96,101
1787623140,35.84,35.86,35.82,35.82,0,0,0,0,0,0,0,0,35.91603736415718,36.96511219068301,35.61,36.09,14.570376642041456,12.618648341116037,14.570376642041456,12.618648341116037,33.72889847932881,32.29621869633993,33.72889847932881,32.29621869633993,96,101,96,101,-1,4,-1,4,-1,4,-1,4,96,101,96,101
1787623200,35.72,35.76,35.72,35.76,0,0,0,0,0,0,0,0,35.88524269188618,36.952988354623145,35.61,36.09,14.224616148304904,12.84807231357159,14.224616148304904,12.84807231357159,32.51488001524887,32.4055493557944,32.51488001524887,32.4055493557944,96,101,96,101,-1,4,-1,4,-1,4,-1,4,96,101,96,101
1787623200.001,35.81,35.81,35.77,35.77,0,0,0,0,0,0,0,0,35.866713717603844,36.94134999620235,35.61,36.09,13.942162871302447,13.004370964675998,13.942162871302447,13.004370964675998,32.46811144164195,32.43683039871817,32.46811144164195,32.43683039871817,96,101,96,101,-1,4,-1,4,-1,4,-1,4,96,101,96,101
1787623260,35.75,35.79,35.75,35.79,0,0,0,0,0,0,0,0,35.85034152652435,36.92976110735125,35.61,36.09,13.757104905591657,13.111904384806806,13.757104905591657,13.111904384806806,32.16016694997887,32.29849867434852,32.16016694997887,32.29849867434852,96,101,96,101,-1,4,-1,4,-1,4,-1,4,96,101,96,101
1787623260.001,35.86,35.86,35.82,35.82,0,0,0,0,0,0,0,0,35.84724912776235,36.91885137825654,35.71,36.09,13.701095481833187,13.196074541524862,13.701095481833187,13.196074541524862,33.28014309998189,32.7893208871652,33.28014309998189,32.7893208871652,96,101,96,101,-1,4,-1,4,-1,4,-1,4,96,101,96,101
1787623320,35.800000000000004,35.84,35.800000000000004,35.84,0,0,0,0,0,0,0,0,35.84350686210859,36.90798386868848,35.71,36.09,13.726306808420413,13.271822008224225,13.726306808420413,13.271822008224225,33.97226551427034,33.380793200717775,33.97226551427034,33.380793200717775,96,101,96,101,-1,4,-1,4,-1,4,-1,4,96,101,96,101
1787623320.001,35.94,35.97,35.93,35.97,0,0,0,0,0,0,0,0,35.86408137202824,36.8985180258823,35.72,36.09,14.251647827896177,13.411797125320218,14.251647827896177,13.411797125320218,37.511941869374674,35.44636753504622,37.511941869374674,35.44636753504622,96,101,96,101,-1,4,-1,4,-1,4,-1,4,96,101,96,101
1787623380,35.99,36.02,35.980000000000004,36.02,0,0,0,0,0,0,0,0,35.890005971053405,36.88964388300453,35.72,36.09,14.932514681888167,13.62904249054421,14.932514681888167,13.62904249054421,41.66202160232134,38.55419456868378,41.66202160232134,38.55419456868378,96,101,96,101,-1,4,-1,4,-1,4,-1,4,96,101,96,101
1787623380.001,36.25,36.25,36.21,36.21,0,0,0,0,0,0,0,0,35.95061094601339,36.88301392728641,35.72,36.25,16.379872970771665,14.022018273433847,16.379872970771665,14.022018273433847,49.48429143738416,44.01924300303397,49.48429143738416,44.01924300303397,96,101,96,101,-1,4,-1,4,-1,4,-1,4,96,101,96,101
1787623440,36.19,36.23,36.19,36.23,0,0,0,0,0,0,0,0,35.998984713404894,36.87638360628522,35.72,36.25,18.700752076511368,14.690408816730637,18.700752076511368,14.690408816730637,55.93323061370665,49.97623680837031,55.93323061370665,49.97623680837031,96,101,96,101,-1,4,-1,4,-1,4,-1,4,96,101,96,101
1787623440.001,36.32,36.32,36.28,36.28,0,0,0,0,0,0,0,1,36.05250264430097,36.87058211103197,35.72,36.32,21.364984071046283,15.643919567347156,21.364984071046283,15.643919567347156,61.76516291985665,55.870699864113476,61.76516291985665,55.870699864113476,96,101,96,101,-1,4,-1,4,-1,4,-1,4,96,101,96,101
1787623500,36.17,36.21,36.17,36.21,0,0,0,0,0,0,0,0,36.0787142847311,36.86387648471988,35.72,36.32,23.438913780257277,16.75749016919146,23.438913780257277,16.75749016919146,64.79485007030189,60.33277496720768,64.79485007030189,60.33277496720768,96,101,96,101,-1,4,-1,4,-1,4,-1,4,96,101,96,101
1787623500.001,36.22,36.22,36.18,36.18,0,0,0,0,0,0,0,0,36.09955411174969,36.8572044135618,35.72,36.32,25.19327708166748,17.962602585259464,25.19327708166748,17.962602585259464,67.43033480929347,63.88155488825058,67.43033480929347,63.88155488825058,96,101,96,101,-1,4,-1,4,-1,4,-1,4,96,101,96,101
1787623560,36.1,36.14,36.1,36.14,0,0,0,0,0,0,0,0,36.10448366718914,36.84993538125439,35.72,36.32,26.593757290119814,19.1956246859538,26.593757290119814,19.1956246859538,68.2993603384678,66.09045761335919,68.2993603384678,66.09045761335919,96,101,96,101,-1,4,-1,4,-1,4,-1,4,96,101,96,101
1787623560.001,36.18,36.19,36.15,36.15,0,0,0,0,0,0,0,0,36.11518360648809,36.843103520081044,35.72,36.32,27.95134605511126,20.446442024404863,27.95134605511126,20.446442024404863,69.68919014927022,67.8898238813147,69.68919014927022,67.8898238813147,96,101,96,101,-1,4,-1,4,-1,4,-1,4,96,101,96,101
1787623620,36.13,36.17,36.13,36.13,0,0,0,0,0,0,0,0,36.12030173864177,36.83614063265072,35.72,36.32,29.09767847974619,21.682332946596482,29.09767847974619,21.682332946596482,70.35733401124565,69.12357894628018,70.35733401124565,69.12357894628018,96,101,96,101,-1,4,-1,4,-1,4,-1,4,96,101,96,101
1787623680,36.11,36.14,36.1,36.1,0,0,0,0,0,0,0,0,36.11903475585842,36.8289485202197,35.72,36.32,29.990701445478624,22.869242732151072,29.990701445478624,22.869242732151072,70.36664846839163,69.7451137073359,70.36664846839163,69.7451137073359,96,101,96,101,-1,4,-1,4,-1,4,-1,4,96,101,96,101
1787623800,36.01,36.05,36.01,36.05,0,0,0,0,0,0,0,0,36.10405873964174,36.821065118691806,35.72,36.32,30.669636936467832,23.983584761339184,30.669636936467832,23.983584761339184,68.84545723850066,69.29528547291828,68.84545723850066,69.29528547291828,96,101,96,101,-1,4,-1,4,-1,4,-1,4,96,101,96,101
1787623860,36.06,36.06,36.02,36.02,0,0,0,0,0,0,0,0,36.09119957485839,36.81322699147431,35.72,36.32,31.443908152596162,25.049345245804464,31.443908152596162,25.049345245804464,66.64505234026053,67.97016890658941,66.64505234026053,67.97016890658941,96,101,96,101,-1,4,-1,4,-1,4,-1,4,96,101,96,101
1787623860.001,36,36.02,35.980000000000004,35.980000000000004,0,0,0,0,0,0,0,0,36.07340571276293,36.80506884562216,35.72,36.32,31.893332502882455,26.02705771110132,31.893332502882455,26.02705771110132,63.72854603404073,65.84935747031507,63.72854603404073,65.84935747031507,96,101,96,101,-1,4,-1,4,-1,4,-1,4,96,101,96,101
1787623920,35.95,35.99,35.95,35.99,0,0,0,0,0,0,0,0,36.05581679529088,36.796826037871355,35.72,36.32,32.37804055860651,26.934340975030633,32.37804055860651,26.934340975030633,60.67208707679692,63.260722273556,60.67208707679692,63.260722273556,96,101,96,101,-1,4,-1,4,-1,4,-1,4,96,101,96,101
1787623980,36.06,36.06,36.02,36.02,0,0,0,0,0,0,0,0,36.05172889311678,36.78922909553764,35.75,36.32,33.030282944582076,27.805189827823693,33.030282944582076,27.805189827823693,59.5284555896355,61.39458893159575,59.5284555896355,61.39458893159575,96,101,96,101,-1,4,-1,4,-1,4,-1,4,96,101,96,101
1787624040,35.97,36.01,35.97,36.01,0,0,0,0,0,0,0,0,36.04171757921676,36.78134290221554,35.75,36.32,33.56855114395828,28.62852715870006,33.56855114395828,28.62852715870006,57.54820002921139,59.47139448040357,57.54820002921139,59.47139448040357,96,101,96,101,-1,4,-1,4,-1,4,-1,4,96,101,96,101
1787624100,36.02,36.06,36.02,36.06,0,0,0,0,0,0,0,0,36.04261741329856,36.77403269091655,35.800000000000004,36.32,34.405298838527315,29.453780255818238,34.405298838527315,29.453780255818238,57.041314310752725,58.25635439557814,57.041314310752725,58.25635439557814,96,101,96,101,-1,4,-1,4,-1,4,-1,4,96,101,96,101
1787624100.001,36.15,36.15,36.11,36.15,0,0,0,0,0,0,0,0,36.05971727754731,36.7676907404265,35.800000000000004,36.32,36.27908448379966,30.428823716958444,36.27908448379966,30.428823716958444,58.940174171121456,58.5982642833498,58.940174171121456,58.5982642833498,96,101,96,101,-1,4,-1,4,-1,4,-1,4,96,101,96,101
1787624160,36.17,36.18,36.14,36.18,0,0,0,0,0,0,0,0,36.079162621023556,36.761710401384114,35.93,36.32,39.47922709789118,31.72173848566312,39.47922709789118,31.72173848566312,61.23443500381843,59.91634964358411,61.23443500381843,59.91634964358411,96,101,96,101,-1,4,-1,4,-1,4,-1,4,96,101,96,101
1787624220,36.2,36.22,36.18,36.22,0,0,0,0,0,0,0,0,36.10234517477685,36.756187578153096,35.95,36.32,42.83688848279083,33.30961705668137,42.83688848279083,33.30961705668137,64.10570619374927,62.01102791866669,64.10570619374927,62.01102791866669,96,101,96,101,-1,4,-1,4,-1,4,-1,4,96,101,96,101
1787624280,36.33,36.33,36.29,36.29,0,0,0,0,0,0,0,0,36.138888476332575,36.75168156576683,35.95,36.33,46.53901549592483,35.19953111943044,46.53901549592483,35.19953111943044,68.67140156185532,65.34121474026101,68.67140156185532,65.34121474026101,96,101,96,101,-1,4,-1,4,-1,4,-1,4,96,101,96,101
1787624280.001,36.28,36.300000000000004,36.260000000000005,36.260000000000005,0,0,0,0,0,0,0,0,36.16333299578726,36.74692188186202,35.95,36.33,49.69099057954931,37.26973961373313,49.69099057954931,37.26973961373313,71.78860180711737,68.56490827368918,71.78860180711737,68.56490827368918,96,101,96,101,-1,4,-1,4,-1,4,-1,4,96,101,96,101
1787624340,36.2,36.24,36.2,36.2,0,0,0,0,0,0,0,0,36.17242396625018,36.741612543070694,35.95,36.33,52.04639601434345,39.38069052810603,52.04639601434345,39.38069052810603,72.96165869181506,70.76328348275212,72.96165869181506,70.76328348275212,96,101,96,101,-1,4,-1,4,-1,4,-1,4,96,101,96,101
1787624400,36.18,36.22,36.18,36.18,0,0,0,0,0,0,0,0,36.17622566935621,36.736157028545946,35.95,36.33,54.04308201331894,41.47531788313644,54.04308201331894,41.47531788313644,73.4987519466144,72.13101771468325,73.4987519466144,72.13101771468325,96,101,96,101,-1,4,-1,4,-1,4,-1,4,96,101,96,101
1787624520,36.15,36.19,36.15,36.19,0,0,0,0,0,0,0,0,36.17630585068538,36.73058996026854,35.95,36.33,55.99238567903425,43.54918471112184,55.99238567903425,43.54918471112184,73.63124874112619,72.88113322790471,73.63124874112619,72.88113322790471,96,101,96,101,-1,4,-1,4,-1,4,-1,4,96,101,96,101
1787624520.001,36.22,36.23,36.19,36.23,0,0,0,0,0,0,0,0,36.183644180863794,36.72547629565558,35.95,36.33,58.183405749579414,45.639787716615785,58.183405749579414,45.639787716615785,74.82210079450161,73.85161701120316,74.82210079450161,73.85161701120316,96,101,96,101,-1,4,-1,4,-1,4,-1,4,96,101,96,101
1787624580,36.31,36.31,36.27,36.27,0,0,0,0,0,0,0,0,36.2017694813128,36.72107686319467,35.95,36.33,60.59887676746665,47.776800438165914,60.59887676746665,47.776800438165914,77.38849857327311,75.62005779223813,77.38849857327311,75.62005779223813,96,101,96,101,-1,4,-1,4,-1,4,-1,4,96,101,96,101
1787624640,36.25,36.29,36.25,36.29,0,0,0,0,0,0,0,0,36.21538715137714,36.71665487118941,35.95,36.33,63.03229033169522,49.95615613724153,63.03229033169522,49.95615613724153,79.30723765296952,77.46364772260382,79.30723765296952,77.46364772260382,96,101,96,101,-1,4,-1,4,-1,4,-1,4,96,101,96,101
1787624640.001,36.300000000000004,36.31,36.27,36.27,0,0,0,0,0,0,0,0,36.227741002641906,36.712343214096315,35.95,36.33,65.1014124508599,52.11976418204415,65.1014124508599,52.11976418204415,81.13034163357997,79.29699467809189,81.13034163357997,79.29699467809189,96,101,96,101,-1,4,-1,4,-1,4,-1,4,96,101,96,101
1787624700,36.19,36.19,36.15,36.15,0,0,0,0,0,0,0,0,36.21603051731307,36.7068804292131,35.95,36.33,65.8798829900842,54.085495440335585,65.8798829900842,54.085495440335585,79.786598247502,79.54179646279695,79.786598247502,79.54179646279695,96,101,96,101,-1,4,-1,4,-1,4,-1,4,96,101,96,101
1787624760,36.050000000000004,36.09,36.050000000000004,36.09,0,0,0,0,0,0,0,0,36.19069163537736,36.70060964550617,35.95,36.33,66.03131991936395,55.79204179448249,66.03131991936395,55.79204179448249,75.77395752750856,77.65787699515275,75.77395752750856,77.65787699515275,96,101,96,101,-1,4,-1,4,-1,4,-1,4,96,101,96,101
1787624820,36.11,36.12,36.08,36.08,0,0,0,0,0,0,0,0,36.17299012591481,36.69456709513629,35.95,36.33,66.07670182988558,57.26127894239722,66.07670182988558,57.26127894239722,72.87363475403718,75.26575587459496,72.87363475403718,75.26575587459496,96,101,96,101,-1,4,-1,4,-1,4,-1,4,96,101,96,101
1787624880,36.06,36.07,36.03,36.03,0,0,0,0,0,0,0,0,36.149416163627265,36.6880871572079,35.95,36.33,65.6426516991795,58.458617907651835,65.6426516991795,58.458617907651835,66.53454407488893,70.90014997474194,66.53454407488893,70.90014997474194,96,101,96,101,-1,4,-1,4,-1,4,-1,4,96,101,96,101
1787625000,36.02,36.050000000000004,36.010000000000005,36.010000000000005,0,0,0,0,0,0,0,0,36.126492012664734,36.6814726912987,35.97,36.33,64.92214483177784,59.3819788968127,64.92214483177784,59.3819788968127,59.66118815441638,65.28066906457916,59.66118815441638,65.28066906457916,96,101,96,101,-1,4,-1,4,-1,4,-1,4,96,101,96,101
1787625060,36,36.03,35.99,36.03,0,0,0,0,0,0,0,0,36.106523767937816,36.67485770597898,35.97,36.33,64.45151543903182,60.106198402843994,64.45151543903182,60.106198402843994,53.61936428273296,59.45001667365606,53.61936428273296,59.45001667365606,96,101,96,101,-1,4,-1,4,-1,4,-1,4,96,101,96,101
1787625120,36.09,36.09,36.050000000000004,36.050000000000004,0,0,0,0,0,0,0,0,36.09867096164609,36.668772886350666,35.99,36.33,64.21291512989468,60.69287222099409,64.21291512989468,60.69287222099409,50.32035735512453,54.8851870143903,50.32035735512453,54.8851870143903,96,101,96,101,-1,4,-1,4,-1,4,-1,4,96,101,96,101
1787625180,36.04,36.04,36,36,0,0,0,0,0,0,0,0,36.08315502922559,36.662251099753476,35.99,36.33,63.49532595394984,61.09322275427348,63.49532595394984,61.09322275427348,45.61293788333968,50.24906244886499,45.61293788333968,50.24906244886499,96,101,96,101,-1,4,-1,4,-1,4,-1,4,96,101,96,101
1787625300,35.94,35.95,35.910000000000004,35.910000000000004,0,0,0,0,0,0,0,0,36.05409653906336,36.65489868416721,35.910000000000004,36.33,61.26409299410553,61.1176327885352,61.26409299410553,61.1176327885352,39.57299437619578,44.911028412530385,39.57299437619578,44.911028412530385,96,101,96,101,-1,4,-1,4,-1,4,-1,4,96,101,96,101
1787625360,35.9,35.94,35.9,35.94,0,0,0,0,0,0,0,0,36.03092747135487,36.647652594440835,35.9,36.33,59.53785593692286,60.89195038116201,59.53785593692286,60.89195038116201,34.71705165800173,39.81404003526606,34.71705165800173,39.81404003526606,96,101,96,101,-1,4,-1,4,-1,4,-1,4,96,101,96,101
1787625360.001,35.99,35.99,35.95,35.95,0,0,0,0,0,0,0,0,36.01863762807823,36.640843447564144,35.9,36.33,57.97836037234176,60.475723237044825,57.97836037234176,60.475723237044825,31.950163879616422,35.88210195744124,31.950163879616422,35.88210195744124,96,101,96,101,-1,4,-1,4,-1,4,-1,4,96,101,96,101
1787625420,35.94,35.95,35.910000000000004,35.95,0,0,0,0,0,0,0,0,36.003733816912494,36.63383671342586,35.9,36.31,56.530257348087886,59.91208525290812,56.530257348087886,59.91208525290812,28.714758408442194,32.298430182941715,28.714758408442194,32.298430182941715,96,101,96,101,-1,4,-1,4,-1,4,-1,4,96,101,96,101
1787625480,35.96,35.98,35.94,35.98,0,0,0,0,0,0,0,0,35.996994335049614,36.627198205497905,35.9,36.31,55.53687831034388,59.28705568968466,55.53687831034388,59.28705568968466,26.871786277003775,29.585108229972747,26.871786277003775,29.585108229972747,96,101,96,101,-1,4,-1,4,-1,4,-1,4,96,101,96,101
1787625600,36.02,36.02,35.980000000000004,35.980000000000004,0,0,0,0,0,0,0,0,35.99632869837393,36.62089109234204,35.9,36.31,54.6144549181531,58.61954129375158,54.6144549181531,58.61954129375158,26.222328436767715,27.90371833337023,26.222328436767715,27.90371833337023,96,101,96,101,-1,4,-1,4,-1,4,-1,4,96,101,96,101
1787625660,35.910000000000004,35.92,35.88,35.88,0,0,0,0,0,0,0,0,35.977602268366546,36.613651711655386,35.88,36.31,52.58695872376516,57.757743783753526,52.58695872376516,57.757743783753526,22.920725961673785,25.41222214752201,22.920725961673785,25.41222214752201,96,101,96,101,-1,4,-1,4,-1,4,-1,4,96,101,96,101
1787625780,35.82,35.85,35.81,35.85,0,0,0,0,0,0,0,0,35.95197761351202,36.605920517177886,35.81,36.31,50.35299562991311,56.699922618919175,50.35299562991311,56.699922618919175,20.36062225286315,22.886422200192577,20.36062225286315,22.886422200192577,96,101,96,101,-1,4,-1,4,-1,4,-1,4,96,101,96,101
1787625900,35.86,35.86,35.82,35.82,0,0,0,0,0,0,0,0,35.9304059262068,36.59823308251276,35.81,36.31,47.92731327227296,55.44669271225543,47.92731327227296,55.44669271225543,18.166247645311174,20.526334922751875,18.166247645311174,20.526334922751875,96,101,96,101,-1,4,-1,4,-1,4,-1,4,96,101,96,101
1787625960,35.800000000000004,35.84,35.800000000000004,35.84,0,0,0,0,0,0,0,0,35.91154424265405,36.59055580474315,35.800000000000004,36.31,45.909085977649305,54.084177464454555,45.909085977649305,54.084177464454555,16.21796967980853,18.372152301280202,16.21796967980853,18.372152301280202,96,101,96,101,-1,4,-1,4,-1,4,-1,4,96,101,96,101
1787625960.001,35.85,35.85,35.81,35.81,0,0,0,0,0,0,0,0,35.89550589550483,36.58292175030126,35.800000000000004,36.31,43.68372971929266,52.59839921514571,43.68372971929266,52.59839921514571,14.601925493744146,16.487038897512175,14.601925493744146,16.487038897512175,96,101,96,101,-1,4,-1,4,-1,4,-1,4,96,101,96,101
1787626140,35.72,35.76,35.72,35.76,0,0,0,0,0,0,0,0,35.868444217534254,36.57460080419544,35.72,36.19,41.0318473857132,50.946034668083925,41.0318473857132,50.946034668083925,13.077997027424747,14.78251796246846,13.077997027424747,14.78251796246846,96,101,96,101,-1,4,-1,4,-1,4,-1,4,96,101,96,101
1787626200,35.78,35.79,35.75,35.79,0,0,0,0,0,0,0,0,35.851757390103785,36.56666116103595,35.72,36.12,38.92067327502409,49.228125897646805,38.92067327502409,49.228125897646805,12.61486396261705,13.698690962542756,12.61486396261705,13.698690962542756,96,101,96,101,-1,4,-1,4,-1,4,-1,4,96,101,96,101
1787626320,35.82,35.83,35.79,35.79,0,0,0,0,0,0,0,0,35.84295301614552,36.55906585926777,35.72,36.12,36.96029731509849,47.475578957282764,36.96029731509849,47.475578957282764,12.779953654140051,13.239322308341404,12.779953654140051,13.239322308341404,96,101,96,101,-1,4,-1,4,-1,4,-1,4,96,101,96,101
1787626440,35.77,35.81,35.77,35.77,0,0,0,0,0,0,0,0,35.83211307381603,36.55134712766643,35.72,36.09,34.9057561719826,45.67988998795416,34.9057561719826,45.67988998795416,12.312559806593276,12.775941057467339,12.312559806593276,12.775941057467339,96,101,96,101,-1,4,-1,4,-1,4,-1,4,96,101,96,101
1787626560,35.72,35.74,35.7,35.7,0,0,0,0,0,0,0,0,35.81051675736463,36.543008681951676,35.7,36.09,32.41248787398384,43.78454682881554,32.41248787398384,43.78454682881554,10.825731534903092,11.800836296185215,10.825731534903092,11.800836296185215,96,101,96,101,-1,4,-1,4,-1,4,-1,4,96,101,96,101
1787626680,35.67,35.71,35.67,35.71,0,0,0,0,0,0,1,0,35.789816740874095,36.53458736836675,35.67,36.09,30.53021060159971,41.89107022492757,30.53021060159971,41.89107022492757,9.798678977968907,10.799757637077061,9.798678977968907,10.799757637077061,96,101,96,101,-1,4,-1,4,-1,4,-1,4,96,101,96,101
1787626860,35.74,35.78,35.74,35.78,0,0,0,0,0,0,0,0,35.78560763647275,36.52694636635979,35.67,36.09,29.53995746339021,40.12662554470795,29.53995746339021,40.12662554470795,10.49708198111623,10.648419809096644,10.49708198111623,10.648419809096644,96,101,96,101,-1,4,-1,4,-1,4,-1,4,96,101,96,101
1787626920,35.82,35.82,35.78,35.78,0,0,0,0,0,0,0,0,35.787012308629215,36.51964673419037,35.67,36.04,28.620436692195675,38.48288428006334,28.620436692195675,38.48288428006334,11.809998840956714,11.22920932502668,11.809998840956714,11.22920932502668,96,101,96,101,-1,4,-1,4,-1,4,-1,4,96,101,96,101
1787626980,35.77,35.8,35.76,35.8,0,0,0,0,0,0,0,0,35.786949464636024,36.512353400185155,35.67,36.02,27.983046192536637,36.982907410416665,27.983046192536637,36.982907410416665,12.712141863677173,11.970675594351928,12.712141863677173,11.970675594351928,96,101,96,101,-1,4,-1,4,-1,4,-1,4,96,101,96,101
1787627040,35.84,35.84,35.800000000000004,35.800000000000004,0,0,0,0,0,0,0,0,35.7917465316719,36.50539797663439,35.67,36.02,27.39118358571046,35.61266114974435,27.39118358571046,35.61266114974435,14.155050168866163,13.062862881609046,14.155050168866163,13.062862881609046,96,101,96,101,-1,4,-1,4,-1,4,-1,4,96,101,96,101
1787627100,35.79,35.83,35.79,35.83,0,0,0,0,0,0,0,0,35.79627746530731,36.49854492877402,35.67,36.02,27.16627220404713,34.406034157501885,27.16627220404713,34.406034157501885,15.3471858590281,14.205024370318572,15.3471858590281,14.205024370318572,96,101,96,101,-1,4,-1,4,-1,4,-1,4,96,101,96,101
1787627160,35.85,35.85,35.81,35.81,0,0,0,0,0,0,0,0,35.801196714039314,36.4918264054363,35.67,36.02,26.74097570462386,33.311025807090736,26.74097570462386,33.311025807090736,16.636873593452627,15.4209489818856,16.636873593452627,15.4209489818856,96,101,96,101,-1,4,-1,4,-1,4,-1,4,96,101,96,101
1787627220,35.78,35.82,35.78,35.82,0,0,0,0,0,0,0,0,35.802191250880654,36.485008895597794,35.67,36.02,26.454282634813058,32.33149106819393,26.454282634813058,32.33149106819393,17.251248794387973,16.336098888136785,17.251248794387973,16.336098888136785,96,101,96,101,-1,4,-1,4,-1,4,-1,4,96,101,96,101
1787627280,35.84,35.86,35.82,35.86,0,0,0,0,0,0,0,0,35.810277690114475,36.47865723162833,35.67,36.02,26.62096807431774,31.51570206906876,26.62096807431774,31.51570206906876,18.7599989666182,17.548048927377494,18.7599989666182,17.548048927377494,96,101,96,101,-1,4,-1,4,-1,4,-1,4,96,101,96,101
1787627460,35.9,35.93,35.89,35.93,0,0,0,0,0,0,0,0,35.82962114039669,36.473065285708316,35.67,35.93,27.533323168576427,30.946790797569854,27.533323168576427,30.946790797569854,22.83824087248604,20.193144899931767,22.83824087248604,20.193144899931767,96,101,96,101,-1,4,-1,4,-1,4,-1,4,96,101,96,101
1787627520,35.99,35.99,35.95,35.95,0,0,0,0,0,0,0,0,35.85393244820335,36.467993325983194,35.67,35.99,28.596960258266883,30.61110072052657,28.596960258266883,30.61110072052657,28.972460430385155,24.58280266515846,28.972460430385155,24.58280266515846,96,101,96,101,-1,4,-1,4,-1,4,-1,4,96,101,96,101
1787627580,35.94,35.95,35.910000000000004,35.910000000000004,0,0,0,0,0,0,0,0,35.86655079095426,36.46257382356877,35.67,35.99,29.15172283722188,30.402618165768757,29.15172283722188,30.402618165768757,32.89702957525078,28.73991612020462,32.89702957525078,28.73991612020462,96,101,96,101,-1,4,-1,4,-1,4,-1,4,96,101,96,101
1787627580.001,35.89,35.93,35.89,35.93,0,0,0,0,0,0,0,0,35.87566276835651,36.457141911559795,35.67,35.99,29.88330973413027,30.32843124696326,29.88330973413027,30.32843124696326,36.49677364953464,32.61834488486963,36.49677364953464,32.61834488486963,96,101,96,101,-1,4,-1,4,-1,4,-1,4,96,101,96,101
1787627640,35.94,35.94,35.9,35.9,0,0,0,0,0,0,0,0,35.88251196198866,36.451730880930675,35.67,35.99,30.23796509944129,30.315507511602977,30.23796509944129,30.315507511602977,39.650295781233574,36.134320333051605,39.650295781233574,36.134320333051605,96,101,96,101,-1,4,-1,4,-1,4,-1,4,96,101,96,101
1787627640.001,35.89,35.93,35.89,35.93,0,0,0,0,0,0,0,0,35.88872190829375,36.4464068588982,35.67,35.99,30.89196326333401,30.39785833327884,30.89196326333401,30.39785833327884,42.285287540377034,39.20980393671432,42.285287540377034,39.20980393671432,96,101,96,101,-1,4,-1,4,-1,4,-1,4,96,101,96,101
1787627700,35.980000000000004,35.980000000000004,35.940000000000005,35.940000000000005,0,0,0,0,0,0,0,0,35.90046944011913,36.44150065466373,35.67,35.99,31.607472380888122,30.570660340080167,31.607472380888122,30.570660340080167,45.972423333928624,42.59111363532148,45.972423333928624,42.59111363532148,96,101,96,101,-1,4,-1,4,-1,4,-1,4,96,101,96,101
1787627820,35.92,35.94,35.9,35.9,0,0,0,0,0,0,0,0,35.90280832979444,36.43624525843158,35.67,35.99,31.83897327143072,30.751847901701673,31.83897327143072,30.751847901701673,48.74856362985384,45.669838632587656,48.74856362985384,45.669838632587656,96,101,96,101,-1,4,-1,4,-1,4,-1,4,96,101,96,101
1787627820.001,35.87,35.910000000000004,35.870000000000005,35.870000000000005,0,0,0,0,0,0,0,0,35.89926742134696,36.430743647236575,35.67,35.99,31.72926305940216,30.89147863851603,31.72926305940216,30.89147863851603,50.27427902967054,47.9720588311291,50.27427902967054,47.9720588311291,96,101,96,101,-1,4,-1,4,-1,4,-1,4,96,101,96,101
1787627940,35.86,35.89,35.85,35.85,0,0,0,0,0,0,0,0,35.892733950799034,36.42509777346639,35.67,35.99,31.41093907463968,30.96568727224798,31.41093907463968,30.96568727224798,50.84734120910524,49.40970002011717,50.84734120910524,49.40970002011717,96,101,96,101,-1,4,-1,4,-1,4,-1,4,96,101,96,101
1787628000,35.84,35.88,35.84,35.88,0,0,0,0,0,0,0,0,35.88799444459315,36.41954124504052,35.67,35.99,31.440027842035565,31.033450210789063,31.440027842035565,31.033450210789063,51.501802669029054,50.455751344573116,51.501802669029054,50.455751344573116,96,101,96,101,-1,4,-1,4,-1,4,-1,4,96,101,96,101
1787628060,35.9,35.93,35.89,35.93,0,0,0,0,0,0,0,0,35.89320757587924,36.41453751789252,35.74,35.99,32.00816438145726,31.172695092313095,32.00816438145726,31.172695092313095,54.18521861426985,52.32048497942148,54.18521861426985,52.32048497942148,96,101,96,101,-1,4,-1,4,-1,4,-1,4,96,101,96,101
1787628120,35.97,35.98,35.94,35.98,0,0,0,0,0,0,0,0,35.90656377420422,36.41008109151216,35.76,35.99,33.076845280617206,31.444716547785113,33.076845280617206,31.444716547785113,58.689371057129094,55.50492801827529,58.689371057129094,55.50492801827529,96,101,96,101,-1,4,-1,4,-1,4,-1,4,96,101,96,101
1787628240,36,36.02,35.980000000000004,36.02,0,0,0,0,0,0,0,0,35.92476430010649,36.4060670176331,35.76,36.02,34.502092262737655,31.881484507064048,34.502092262737655,31.881484507064048,64.10109355917186,59.80301078872357,64.10109355917186,59.80301078872357,96,101,96,101,-1,4,-1,4,-1,4,-1,4,96,101,96,101
1787628360,36.03,36.03,35.99,35.99,0,0,0,0,0,0,0,0,35.93904957887501,36.402059717291806,35.78,36.03,35.50086056431702,32.39853822952876,35.50086056431702,32.39853822952876,68.27712781262346,64.04006930067351,68.27712781262346,64.04006930067351,96,101,96,101,-1,4,-1,4,-1,4,-1,4,96,101,96,101
1787628360.001,35.980000000000004,36.01,35.97,35.97,0,0,0,0,0,0,0,0,35.9471011705947,36.39789328561063,35.78,36.03,36.21183805647618,32.94329534766411,36.21183805647618,32.94329534766411,70.82483971240724,67.43245450654038,70.82483971240724,67.43245450654038,96,101,96,101,-1,4,-1,4,-1,4,-1,4,96,101,96,101
1787628420,35.95,35.99,35.95,35.99,0,0,0,0,0,0,0,0,35.95247671533506,36.39370197596939,35.78,36.03,37.0884816585028,33.535464820641074,37.0884816585028,33.535464820641074,72.7704975312698,70.10147601890509,72.7704975312698,70.10147601890509,96,101,96,101,-1,4,-1,4,-1,4,-1,4,96,101,96,101
1787628480,36.02,36.06,36.02,36.06,0,0,0,0,0,0,0,0,35.969602161031716,36.39024888831464,35.78,36.06,38.660083617960424,34.26755322025813,38.660083617960424,34.26755322025813,76.0743458692936,73.08791094409935,76.0743458692936,73.08791094409935,96,101,96,101,-1,4,-1,4,-1,4,-1,4,96,101,96,101
1787628540,36.07,36.1,36.06,36.1,0,0,0,0,0,0,0,0,35.990886616601706,36.38722816969128,35.82,36.1,40.69775621667753,35.18615364831805,40.69775621667753,35.18615364831805,79.02718018032465,76.057545562212,79.02718018032465,76.057545562212,96,101,96,101,-1,4,-1,4,-1,4,-1,4,96,101,96,101
1787634000,36.28,36.28,36.24,36.24,0,0,0,0,0,0,0,0,36.038604201462,36.38589588276234,35.84,36.28,44.152380772629144,36.467043237505344,44.152380772629144,36.467043237505344,81.46123640749137,78.75939098485168,81.46123640749137,78.75939098485168,96,101,96,101,-1,4,-1,4,-1,4,-1,4,96,101,96,101
1787634000.001,36.22,36.26,36.22,36.26,0,0,0,0,0,0,0,0,36.07643374059012,36.384510517428055,35.84,36.28,47.5834607174413,38.055102877496196,47.5834607174413,38.055102877496196,83.26653987152653,81.0129654281891,83.26653987152653,81.0129654281891,96,101,96,101,-1,4,-1,4,-1,4,-1,4,96,101,96,101
1787634060,36.36,36.37,36.33,36.37,0,0,0,0,0,0,0,0,36.12738518169495,36.38423346418665,35.84,36.37,51.32749923762406,39.9511595003716,51.32749923762406,39.9511595003716,85.45295254294115,83.23295898556512,85.45295254294115,83.23295898556512,96,101,96,101,-1,4,-1,4,-1,4,-1,4,96,101,96,101
1787634120,36.38,36.38,36.34,36.34,0,0,0,0,0,0,0,0,36.16846666381102,36.38392600019806,35.84,36.38,54.40169194801511,42.01552127860639,54.40169194801511,42.01552127860639,87.04820479535799,85.14058189046156,87.04820479535799,85.14058189046156,96,101,96,101,-1,4,-1,4,-1,4,-1,4,96,101,96,101
1787634120.001,36.32,36.36,36.32,36.36,0,0,0,0,0,0,0,0,36.20086666433023,36.38355526056093,35.84,36.38,57.45750670826752,44.22151919712941,57.45750670826752,44.22151919712941,88.17411517670521,86.65734853358339,88.17411517670521,86.65734853358339,96,101,96,101,-1,4,-1,4,-1,4,-1,4,96,101,96,101
1787634120.002,36.43,36.43,36.39,36.39,0,0,0,0,0,0,0,0,36.237678785967155,36.38375205730494,35.84,36.43,60.1203163794815,46.492775937465424,60.1203163794815,46.492775937465424,89.41239947477,88.03487400417669,89.41239947477,88.03487400417669,96,101,96,101,-1,4,-1,4,-1,4,-1,4,96,101,96,101
1787634120.003,36.38,36.4,36.36,36.4,0,0,0,0,0,0,0,0,36.26476749154888,36.38378105839312,35.84,36.43,62.68691032230048,48.80622370672758,62.68691032230048,48.80622370672758,90.0553486181258,89.04511131115125,90.0553486181258,89.04511131115125,96,101,96,101,-1,4,-1,4,-1,4,-1,4,96,101,96,101
1787634180,36.410000000000004,36.410000000000004,36.370000000000005,36.370000000000005,0,0,0,0,0,0,0,1,36.286324917327875,36.3837766034174,35.84,36.43,64.78822123912867,51.089366211356314,64.78822123912867,51.089366211356314,90.53784678995012,89.79147905055069,90.53784678995012,89.79147905055069,96,101,96,101,-1,4,-1,4,-1,4,-1,4,96,101,96,101
1787634240,36.35,36.35,36.31,36.31,0,0,0,0,0,0,0,0,36.29305372023796,36.38317517784443,35.84,36.43,66.17552874460446,53.244532287534625,66.17552874460446,53.244532287534625,89.67209895428563,89.73178900241817,89.67209895428563,89.73178900241817,96,101,96,101,-1,4,-1,4,-1,4,-1,4,96,101,96,101
1787634300,36.27,36.300000000000004,36.260000000000005,36.260000000000005,0,0,0,0,0,0,0,0,36.28946819534621,36.3820822241677,35.84,36.43,66.99381804480194,55.208715967144244,66.99381804480194,55.208715967144244,87.63102987290439,88.68140943766127,87.63102987290439,88.68140943766127,96,101,96,101,-1,4,-1,4,-1,4,-1,4,96,101,96,101
1787634360,36.22,36.26,36.22,36.26,0,0,0,0,0,0,0,0,36.281686099222654,36.38073480568511,35.84,36.43,67.75365810927096,57.00085055887663,67.75365810927096,57.00085055887663,85.31011351743453,86.9957614775479,85.31011351743453,86.9957614775479,96,101,96,101,-1,4,-1,4,-1,4,-1,4,96,101,96,101
1787634360.001,36.29,36.3,36.26,36.3,0,0,0,0,0,0,0,0,36.28259165693975,36.37979880430184,35.89,36.43,68.83516373304481,58.691466726614934,68.83516373304481,58.691466726614934,84.3317456523065,85.66375356492719,84.3317456523065,85.66375356492719,96,101,96,101,-1,4,-1,4,-1,4,-1,4,96,101,96,101
1787634420,36.37,36.4,36.36,36.4,0,0,0,0,0,0,0,0,36.30151438598101,36.379867141240794,35.94,36.43,70.7792685791807,60.418295562695754,70.7792685791807,60.418295562695754,85.60303473494409,85.63339414993564,85.60303473494409,85.63339414993564,96,101,96,101,-1,4,-1,4,-1,4,-1,4,96,101,96,101
1787634480,36.410000000000004,36.44,36.4,36.4,0,0,0,0,0,0,0,0,36.32184510368143,36.38020013817704,35.95,36.44,72.49540616675314,62.14359707756109,72.49540616675314,62.14359707756109,86.96849981889214,86.30094698441388,86.96849981889214,86.30094698441388,96,101,96,101,-1,4,-1,4,-1,4,-1,4,96,101,96,101
1787634600,36.39,36.4,36.36,36.4,0,0,0,0,0,0,0,0,36.33363084240602,36.3802644817441,35.95,36.44,74.0889624980704,63.85007785191957,74.0889624980704,63.85007785191957,87.63966651143141,86.97030674792265,87.63966651143141,86.97030674792265,96,101,96,101,-1,4,-1,4,-1,4,-1,4,96,101,96,101
1787634720,36.410000000000004,36.41,36.37,36.41,0,0,0,0,0,0,0,0,36.3450919013625,36.38042768756422,35.95,36.44,75.66145775562937,65.53741783816383,75.66145775562937,65.53741783816383,88.50066653360795,87.7354866407653,88.50066653360795,87.7354866407653,96,101,96,101,-1,4,-1,4,-1,4,-1,4,96,101,96,101
1787634780,36.47,36.49,36.45,36.49,0,0,0,0,0,0,0,0,36.36901458596326,36.38138528934633,35.95,36.49,77.3999250587987,67.23206172682596,77.3999250587987,67.23206172682596,89.87969219364197,88.80758941720364,89.87969219364197,88.80758941720364,96,101,96,101,-1,4,-1,4,-1,4,-1,4,96,101,96,101
1787634900,36.57,36.58,36.54,36.54,0,0,0,0,0,0,0,1,36.40252708548509,36.38309621515715,36.02,36.58,78.7002443834842,68.87037353491999,78.7002443834842,68.87037353491999,90.82351994976256,89.8155546834831,90.82351994976256,89.8155546834831,96,101,96,101,-1,4,-1,4,-1,4,-1,4,96,101,96,101
1787635020,36.480000000000004,36.52,36.480000000000004,36.480000000000004,0,0,0,0,0,0,0,0,36.41903731236659,36.384193101905176,36.06,36.58,79.43672614259174,70.3798524788731,79.43672614259174,70.3798524788731,90.35838389516356,90.08696928932332,90.35838389516356,90.08696928932332,96,101,96,101,-1,4,-1,4,-1,4,-1,4,96,101,96,101
1787635140,36.47,36.51,36.47,36.51,0,0,0,0,0,0,0,0,36.43315174042115,36.38531224185305,36.22,36.58,80.35608086867035,71.80502796312986,80.35608086867035,71.80502796312986,90.07552596419426,90.0812476267588,90.07552596419426,90.0812476267588,96,101,96,101,-1,4,-1,4,-1,4,-1,4,96,101,96,101
1787635200,36.58,36.59,36.550000000000004,36.550000000000004,0,0,0,0,0,0,0,0,36.45682112095064,36.38708359599713,36.22,36.59,81.44865894326843,73.18268953172108,81.44865894326843,73.18268953172108,90.9980698740712,90.539658750415,90.9980698740712,90.539658750415,96,101,96,101,-1,4,-1,4,-1,4,-1,4,96,101,96,101
1787635260,36.480000000000004,36.52,36.480000000000004,36.52,0,0,0,0,0,0,0,0,36.46588394744447,36.388273477297325,36.22,36.59,82.2302764721654,74.47520195178456,82.2302764721654,74.47520195178456,90.64596465396582,90.5928117021904,90.64596465396582,90.5928117021904,96,101,96,101,-1,4,-1,4,-1,4,-1,4,96,101,96,101
1787635320,36.56,36.56,36.52,36.52,0,0,0,0,0,0,0,0,36.478147472151534,36.38971685894943,36.22,36.59,82.95606417756973,75.6867536983253,82.95606417756973,75.6867536983253,90.95368398911351,90.77324784565195,90.95368398911351,90.77324784565195,96,101,96,101,-1,4,-1,4,-1,4,-1,4,96,101,96,101
1787635380,36.49,36.53,36.49,36.53,0,0,0,0,0,0,0,0,36.48515096206338,36.39098004111577,36.22,36.59,83.7076496555694,76.8325959779316,83.7076496555694,76.8325959779316,90.79839580019252,90.78582182292223,90.79839580019252,90.78582182292223,96,101,96,101,-1,4,-1,4,-1,4,-1,4,96,101,96,101
1787635500,36.57,36.57,36.53,36.53,0,0,0,0,0,0,0,0,36.49572957502155,36.39249599427216,36.22,36.59,84.40555045656909,77.91444661773697,84.40555045656909,77.91444661773697,91.274815447784,91.03031863535311,91.274815447784,91.03031863535311,96,101,96,101,-1,4,-1,4,-1,4,-1,4,96,101,96,101
1787635560,36.49,36.53,36.49,36.53,0,0,0,0,0,0,0,0,36.49953631895703,36.39373152335071,36.22,36.59,85.0536012003545,78.93432584382518,85.0536012003545,78.93432584382518,90.97024997565158,91.00028430550235,90.97024997565158,91.00028430550235,96,101,96,101,-1,4,-1,4,-1,4,-1,4,96,101,96,101
1787635620,36.54,36.550000000000004,36.510000000000005,36.510000000000005,0,0,0,0,0,0,0,0,36.50386304884363,36.39502109359929,36.22,36.59,85.50008310219256,79.8722911664491,85.50008310219256,79.8722911664491,90.80966481429488,90.90497455989862,90.80966481429488,90.90497455989862,96,101,96,101,-1,4,-1,4,-1,4,-1,4,96,101,96,101
1787635680,36.5,36.5,36.46,36.46,0,0,0,0,0,0,0,0,36.49831219147812,36.3958003198653,36.22,36.59,85.52647468184959,80.68003166864916,85.52647468184959,80.68003166864916,89.57792698368122,90.24145077178991,89.57792698368122,90.24145077178991,96,101,96,101,-1,4,-1,4,-1,4,-1,4,96,101,96,101
1787635740,36.4,36.44,36.4,36.44,0,0,0,0,0,0,0,0,36.485285732421495,36.39610744769417,36.22,36.59,85.39570164556837,81.35369880820905,85.39570164556837,81.35369880820905,87.36143741458382,88.80144409318686,87.36143741458382,88.80144409318686,96,101,96,101,-1,4,-1,4,-1,4,-1,4,96,101,96,101
1787635800,36.480000000000004,36.480000000000004,36.440000000000005,36.440000000000005,0,0,0,0,0,0,0,0,36.479476205314555,36.39667685949158,36.22,36.59,85.27426954045015,81.91378034138634,85.27426954045015,81.91378034138634,86.17587492678612,87.48865950998649,86.17587492678612,87.48865950998649,96,101,96,101,-1,4,-1,4,-1,4,-1,4,96,101,96,101
1787635860,36.42,36.42,36.38,36.38,0,0,0,0,0,0,0,0,36.46381386495433,36.39664359057458,36.26,36.59,84.69567264780929,82.3111935280182,84.69567264780929,82.3111935280182,83.82039279438806,85.65452615218727,83.82039279438806,85.65452615218727,96,101,96,101,-1,4,-1,4,-1,4,-1,4,96,101,96,101
1787635920,36.34,36.38,36.34,36.38,0,0,0,0,0,0,0,0,36.44615073799294,36.39634531272475,36.34,36.59,84.1584041046428,82.57508075325029,84.1584041046428,82.57508075325029,80.46760485133014,83.0610655017587,80.46760485133014,83.0610655017587,96,101,96,101,-1,4,-1,4,-1,4,-1,4,96,101,96,101
1787635980,36.410000000000004,36.42,36.38,36.38,0,0,0,0,0,0,0,0,36.43654757350937,36.396315342780554,36.34,36.59,83.52524078624394,82.7108179008208,83.52524078624394,82.7108179008208,77.97492814750117,80.51799682462993,77.97492814750117,80.51799682462993,96,101,96,101,-1,4,-1,4,-1,4,-1,4,96,101,96,101
1787636040,36.37,36.4,36.36,36.4,0,0,0,0,0,0,0,0,36.42747831771979,36.39621933605305,36.34,36.59,83.06689742543647,82.76168640433731,83.06689742543647,82.76168640433731,73.24491910712463,76.88145796587727,73.24491910712463,76.88145796587727,96,101,96,101,-1,4,-1,4,-1,4,-1,4,96,101,96,101
1787636280,36.43,36.43,36.39,36.39,0,0,0,0,0,0,0,0,36.42308832055861,36.39629012209564,36.34,36.59,82.55523435632179,82.73219325462081,82.55523435632179,82.73219325462081,69.96282641614562,73.42214219101145,69.96282641614562,73.42214219101145,96,101,96,101,-1,4,-1,4,-1,4,-1,4,96,101,96,101
1787636340,36.32,36.33,36.29,36.29,0,0,0,0,0,0,0,0,36.40131468651765,36.395365178923875,36.29,36.59,81.15578639965328,82.50699227533973,81.15578639965328,82.50699227533973,63.211380171367864,68.31676118118966,63.211380171367864,68.31676118118966,96,101,96,101,-1,4,-1,4,-1,4,-1,4,96,101,96,101
1787636520,36.230000000000004,36.26,36.22,36.26,0,1,0,0,0,0,0,0,36.37319686472656,36.39388559173724,36.22,36.59,79.59174874676795,82.0905289141152,79.59174874676795,82.0905289141152,55.18504400789072,61.75090259454019,55.18504400789072,61.75090259454019,96,101,96,101,-1,4,-1,4,-1,4,-1,4,96,101,96,101
1787636700,36.31,36.31,36.27,36.27,0,0,0,0,0,0,0,0,36.35685804083688,36.392785569265556,36.22,36.59,78.22761149060553,81.53868356789953,78.22761149060553,81.53868356789953,49.84972884074037,55.80031571764028,49.84972884074037,55.80031571764028,96,101,96,101,-1,4,-1,4,-1,4,-1,4,96,101,96,101
1787636820,36.26,36.26,36.22,36.22,0,0,0,0,0,0,0,0,36.33439900310896,36.39119897985329,36.22,36.59,76.51999550229945,80.82172812995667,76.51999550229945,80.82172812995667,43.34609962410943,49.57320767087485,43.34609962410943,49.57320767087485,96,101,96,101,-1,4,-1,4,-1,4,-1,4,96,101,96,101
1787636820.001,36.2,36.24,36.2,36.24,0,0,0,0,0,0,0,0,36.314811305574,36.389561842408646,36.2,36.59,74.9503854339534,79.98296488767049,74.9503854339534,79.98296488767049,38.03292055692899,43.803064113901925,38.03292055692899,43.803064113901925,96,101,96,101,-1,4,-1,4,-1,4,-1,4,96,101,96,101
1787636940,36.28,36.29,36.25,36.25,0,0,0,0,0,0,0,0,36.30545167425751,36.38830583734322,36.2,36.57,73.50154837914717,79.05704824359573,73.50154837914717,79.05704824359573,34.94396853597551,39.37351632493872,34.94396853597551,39.37351632493872,96,101,96,101,-1,4,-1,4,-1,4,-1,4,96,101,96,101
1787637060,36.24,36.28,36.24,36.28,0,0,0,0,0,0,0,0,36.29839985469554,36.38709549733649,36.2,36.57,72.44191397111283,78.11202906181246,72.44191397111283,78.11202906181246,32.29629537515849,35.83490585004861,32.29629537515849,35.83490585004861,96,101,96,101,-1,4,-1,4,-1,4,-1,4,96,101,96,101
1787637240,36.29,36.29,36.25,36.25,0,0,0,1,0,0,0,0,36.29202412353877,36.38586403301805,36.2,36.57,71.17225344936664,77.12063254574878,71.17225344936664,77.12063254574878,30.10012131057524,32.96751358031192,30.10012131057524,32.96751358031192,96,101,96,101,-1,4,-1,4,-1,4,-1,4,96,101,96,101
1787637480,36.22,36.26,36.22,36.26,0,0,0,0,0,0,0,0,36.28377731319839,36.38447898459665,36.2,36.57,70.08852106012611,76.11604519065983,70.08852106012611,76.11604519065983,27.41182559221456,30.189669586263243,27.41182559221456,30.189669586263243,96,101,96,101,-1,4,-1,4,-1,4,-1,4,96,101,96,101
1787637600,36.34,36.35,36.31,36.35,0,0,0,0,0,0,0,0,36.29339355928353,36.384003240139634,36.2,36.550000000000004,69.9393409844028,75.23365887548026,69.9393409844028,75.23365887548026,28.62405563581762,29.40686261104043,28.62405563581762,29.40686261104043,96,101,96,101,-1,4,-1,4,-1,4,-1,4,96,101,96,101
1787637660,36.37,36.37,36.33,36.33,0,0,0,0,0,0,0,0,36.30247351820167,36.38359856445002,36.2,36.550000000000004,69.6103404378978,74.43032767011132,69.6103404378978,74.43032767011132,29.882890178686186,29.64487639486331,29.882890178686186,29.64487639486331,96,101,96,101,-1,4,-1,4,-1,4,-1,4,96,101,96,101
1787637660.001,36.32,36.34,36.300000000000004,36.34,0,0,0,0,0,0,0,0,36.306872272468034,36.38303207790491,36.2,36.5,69.400078025667,73.71172057804786,69.400078025667,73.71172057804786,30.302550556089987,29.97371347547665,30.302550556089987,29.97371347547665,96,101,96,101,-1,4,-1,4,-1,4,-1,4,96,101,96,101
1787637840,36.36,36.39,36.35,36.39,0,0,0,0,0,0,0,0,36.319562162322335,36.382968740479654,36.2,36.480000000000004,69.68102483335743,73.13590690023494,69.68102483335743,73.13590690023494,32.420501209249096,31.197107342362873,32.420501209249096,31.197107342362873,96,101,96,101,-1,4,-1,4,-1,4,-1,4,96,101,96,101
1787638020,36.44,36.44,36.4,36.4,0,0,0,0,0,0,0,0,36.336611466142514,36.38327087573193,36.2,36.480000000000004,70.03714210716518,72.69322621551069,70.03714210716518,72.69322621551069,35.70108894858691,33.44909814547489,35.70108894858691,33.44909814547489,96,101,96,101,-1,4,-1,4,-1,4,-1,4,96,101,96,101
1787638140,36.37,36.37,36.33,36.33,0,0,0,0,0,0,0,0,36.33783362381357,36.38287348725035,36.2,36.44,69.70115576617715,72.26578757989161,69.70115576617715,72.26578757989161,35.94891873248843,34.699008438981664,35.94891873248843,34.699008438981664,96,101,96,101,-1,4,-1,4,-1,4,-1,4,96,101,96,101
1787638260,36.31,36.35,36.31,36.35,0,0,0,0,0,0,0,0,36.337621449786866,36.38241371789131,36.2,36.44,69.57964464002163,71.8820528741959,69.57964464002163,71.8820528741959,35.72178382198643,35.21039613048404,35.72178382198643,35.21039613048404,96,101,96,101,-1,4,-1,4,-1,4,-1,4,96,101,96,101
1787638560,36.36,36.4,36.36,36.4,0,0,0,0,0,0,0,0,36.34653876194683,36.38245603578957,36.2,36.44,69.81375165553024,71.5865812715294,69.81375165553024,71.5865812715294,37.35859858734358,36.28449735891381,37.35859858734358,36.28449735891381,96,101,96,101,-1,4,-1,4,-1,4,-1,4,96,101,96,101
1787638680,36.43,36.43,36.39,36.39,0,0,0,0,0,0,0,0,36.356865047653464,36.382663770093494,36.2,36.44,69.77211005376158,71.32737109756258,69.77211005376158,71.32737109756258,39.56744347779643,37.92597041835512,39.56744347779643,37.92597041835512,96,101,96,101,-1,4,-1,4,-1,4,-1,4,96,101,96,101
1787638740,36.37,36.410000000000004,36.370000000000005,36.370000000000005,0,0,0,0,0,0,0,0,36.36167746323162,36.38267043241429,36.2,36.44,69.47588790706433,71.06287349891997,69.47588790706433,71.06287349891997,40.435098072543354,39.18053424544924,40.435098072543354,39.18053424544924,96,101,96,101,-1,4,-1,4,-1,4,-1,4,96,101,96,101
1787639100,36.35,36.38,36.34,36.38,0,0,0,0,0,0,0,0,36.3625845911289,36.38251119096406,36.2,36.44,69.3124316279883,70.81281037450115,69.3124316279883,70.81281037450115,41.06792190001778,40.12422807273351,41.06792190001778,40.12422807273351,96,101,96,101,-1,4,-1,4,-1,4,-1,4,96,101,96,101
1787639520,36.39,36.41,36.37,36.41,0,0,0,0,0,0,0,0,36.36878133213577,36.38265204146856,36.2,36.44,69.49547222598906,70.624619210428,69.49547222598906,70.624619210428,42.84586355908866,41.485045815911086,42.84586355908866,41.485045815911086,96,101,96,101,-1,4,-1,4,-1,4,-1,4,96,101,96,101
1787639580,36.42,36.45,36.410000000000004,36.410000000000004,0,0,0,0,0,0,0,0,36.37869987780805,36.38305683044234,36.2,36.45,69.66543849556128,70.48759339401846,69.66543849556128,70.48759339401846,45.21923440199879,43.35214010895494,45.21923440199879,43.35214010895494,96,101,96,101,-1,4,-1,4,-1,4,-1,4,96,101,96,101
1787639700,36.39,36.410000000000004,36.370000000000005,36.370000000000005,0,0,0,0,0,0,0,0,36.37954232426719,36.38305958171489,36.2,36.45,69.07530065815905,70.28583728889569,69.07530065815905,70.28583728889569,45.78637080016898,44.56925545456196,45.78637080016898,44.56925545456196,96,101,96,101,-1,4,-1,4,-1,4,-1,4,96,101,96,101
1787639760,36.36,36.37,36.33,36.33,0,0,0,0,0,0,0,0,36.37295887137012,36.38266429566134,36.2,36.45,67.78016462732013,69.92788405152776,67.78016462732013,69.92788405152776,45.12301170626749,44.84613358041473,45.12301170626749,44.84613358041473,96,101,96,101,-1,4,-1,4,-1,4,-1,4,96,101,96,101
1787639880,36.32,36.35,36.31,36.31,0,0,0,0,0,0,0,0,36.36393604627253,36.382073937827236,36.22,36.45,64.95337631144928,69.2172400886594,64.95337631144928,69.2172400886594,43.57482636047405,44.21047997044439,43.57482636047405,44.21047997044439,96,101,96,101,-1,4,-1,4,-1,4,-1,4,96,101,96,101
1787640180,36.300000000000004,36.34,36.300000000000004,36.300000000000004,0,0,0,0,0,0,0,0,36.354735553010855,36.38138995171287,36.22,36.45,62.1453512635619,68.20697025650261,62.1453512635619,68.20697025650261,42.492708308978,43.351594139711196,42.492708308978,43.351594139711196,96,101,96,101,-1,4,-1,4,-1,4,-1,4,96,101,96,101
1787640600,36.29,36.33,36.29,36.33,0,0,0,0,0,0,0,0,36.34781393731191,36.38074593892634,36.22,36.45,60.0873499828312,67.04702450312098,60.0873499828312,67.04702450312098,42.23864793830751,42.79512103900935,42.23864793830751,42.79512103900935,96,101,96,101,-1,4,-1,4,-1,4,-1,4,96,101,96,101
1787707800,36.37,36.37,36.33,36.33,0,0,0,0,0,0,0,0,36.34699928204308,36.38037367419407,36.22,36.45,58.17634879358127,65.77978511604388,58.17634879358127,65.77978511604388,43.65353496752889,43.22432800326912,43.65353496752889,43.22432800326912,96,101,96,101,-1,4,-1,4,-1,4,-1,4,96,101,96,101
1787707800.001,36.02,36.06,36.02,36.06,0,0,0,0,0,0,0,0,36.29239335197464,36.377053206457475,36.02,36.45,54.52214844115753,64.17155130534583,54.52214844115753,64.17155130534583,38.2146578791444,40.71949294120676,38.2146578791444,40.71949294120676,96,101,96,101,-1,4,-1,4,-1,4,-1,4,96,101,96,101
1787707800.002,36.25,36.27,36.230000000000004,36.27,0,0,0,0,0,0,0,0,36.28589759100955,36.375855330439656,36.02,36.45,53.76054134698963,62.6842641684378,53.76054134698963,62.6842641684378,40.66239778345266,40.690945362329714,40.66239778345266,40.690945362329714,96,101,96,101,-1,4,-1,4,-1,4,-1,4,96,101,96,101
1787707860,36.31,36.31,36.27,36.27,0,0,0,0,0,0,0,0,36.28543136234115,36.374934713553024,36.02,36.45,53.053334759548015,61.30841711002497,53.053334759548015,61.30841711002497,43.690693116713526,42.190819239521616,43.690693116713526,42.190819239521616,96,101,96,101,-1,4,-1,4,-1,4,-1,4,96,101,96,101
1787707860.001,36.17,36.19,36.15,36.15,0,0,0,0,0,0,0,0,36.26323172070337,36.37282922718268,36.02,36.45,50.89288352985593,59.820483741429385,50.89288352985593,59.820483741429385,42.16677350203339,42.178796370777505,42.16677350203339,42.178796370777505,96,101,96,101,-1,4,-1,4,-1,4,-1,4,96,101,96,101
1787707920,36.14,36.18,36.14,36.18,0,0,0,0,0,0,0,0,36.24567443815124,36.37077785842133,36.02,36.45,49.26269009476592,58.312227506191746,49.26269009476592,58.312227506191746,40.92700187217474,41.55289912147612,40.92700187217474,41.55289912147612,96,101,96,101,-1,4,-1,4,-1,4,-1,4,96,101,96,101
1787707920.001,36.37,36.37,36.33,36.37,0,0,0,0,0,0,0,0,36.265854843335866,36.37063744855312,36.02,36.45,50.129891428848985,57.14332235228564,50.129891428848985,57.14332235228564,46.442413564854064,43.99765634316509,46.442413564854064,43.99765634316509,96,101,96,101,-1,4,-1,4,-1,4,-1,4,96,101,96,101
1787707980,36.410000000000004,36.410000000000004,36.370000000000005,36.370000000000005,0,0,0,0,0,0,0,0,36.28721456878995,36.370763775764864,36.02,36.45,50.935149810497634,56.25644056060164,50.935149810497634,56.25644056060164,51.967251494127396,47.98245391864624,51.967251494127396,47.98245391864624,96,101,96,101,-1,4,-1,4,-1,4,-1,4,96,101,96,101
1787708040,36.34,36.38,36.34,36.38,0,0,0,0,0,0,0,0,36.30166040476753,36.370723008510154,36.02,36.45,51.80820301952223,55.62097805473315,51.80820301952223,55.62097805473315,55.97192985210924,51.97719188537774,55.97192985210924,51.97719188537774,96,101,96,101,-1,4,-1,4,-1,4,-1,4,96,101,96,101
1787708040.001,36.42,36.46,36.42,36.46,0,0,0,0,0,0,0,0,36.32802517965828,36.37147866680027,36.02,36.46,53.62140155070921,55.33532426844402,53.62140155070921,55.33532426844402,61.74217363947031,56.85968276242403,61.74217363947031,56.85968276242403,96,101,96,101,-1,4,-1,4,-1,4,-1,4,96,101,96,101
1787708100,36.47,36.47,36.43,36.43,0,0,0,0,0,0,0,0,36.34899029850829,36.37219363860657,36.02,36.47,54.92914605147304,55.27729880887673,54.92914605147304,55.27729880887673,66.44567264335546,61.65267770288975,66.44567264335546,61.65267770288975,96,101,96,101,-1,4,-1,4,-1,4,-1,4,96,101,96,101
1787708100.001,36.33,36.33,36.29,36.29,0,0,0,0,0,0,0,0,36.34068903211284,36.37150846143967,36.02,36.47,54.38909426584146,55.15041244558597,54.38909426584146,55.15041244558597,66.03279877366967,63.84273823827971,66.03279877366967,63.84273823827971,96,101,96,101,-1,4,-1,4,-1,4,-1,4,96,101,96,101
1787708160,36.18,36.22,36.18,36.22,0,0,0,0,0,0,0,0,36.316321329304444,36.36986824457625,36.02,36.47,53.010424625298846,54.84469989983067,53.010424625298846,54.84469989983067,62.44081164727239,63.14177494277605,62.44081164727239,63.14177494277605,96,101,96,101,-1,4,-1,4,-1,4,-1,4,96,101,96,101
1787708160.001,36.300000000000004,36.31,36.27,36.27,0,0,0,0,0,0,0,0,36.31032351185515,36.36900720068329,36.02,36.47,52.35679780369229,54.489285314668045,52.35679780369229,54.489285314668045,61.9016480786146,62.521711510695326,61.9016480786146,62.521711510695326,96,101,96,101,-1,4,-1,4,-1,4,-1,4,96,101,96,101
1787708220,36.22,36.26,36.22,36.26,0,0,0,0,0,0,0,0,36.2987495400027,36.36778988193686,36.02,36.47,51.62454532899239,54.0800367452858,51.62454532899239,54.0800367452858,60.16966660706644,61.34568905888088,60.16966660706644,61.34568905888088,96,101,96,101,-1,4,-1,4,-1,4,-1,4,96,101,96,101
1787708280,36.27,36.29,36.25,36.29,0,0,0,0,0,0,0,0,36.29473447212342,36.36688318327745,36.02,36.47,51.32053645210942,53.685822417689174,51.32053645210942,53.685822417689174,59.764476139390446,60.55508259913566,59.764476139390446,60.55508259913566,96,101,96,101,-1,4,-1,4,-1,4,-1,4,96,101,96,101
1787708340,36.37,36.41,36.37,36.41,0,0,0,0,0,0,0,0,36.31326759840401,36.367179536346,36.02,36.47,52.542001893500014,53.522419485662155,52.542001893500014,53.522419485662155,63.09970970677907,61.82739615295736,63.09970970677907,61.82739615295736,96,101,96,101,-1,4,-1,4,-1,4,-1,4,96,101,96,101
1787708400,36.42,36.46,36.42,36.46,0,0,0,0,0,0,0,0,36.33752197445177,36.36797045306561,36.02,36.47,54.30278621940287,53.633900447625116,54.30278621940287,53.633900447625116,67.54578292327106,64.68658953811422,67.54578292327106,64.68658953811422,96,101,96,101,-1,4,-1,4,-1,4,-1,4,96,101,96,101
1787708400.001,36.52,36.52,36.480000000000004,36.480000000000004,0,0,0,0,0,0,0,0,36.36585131243024,36.369217844909066,36.02,36.52,56.39804174918582,54.02877777641951,56.39804174918582,54.02877777641951,71.49638536280395,68.09148745045908,71.49638536280395,68.09148745045908,96,101,96,101,-1,4,-1,4,-1,4,-1,4,96,101,96,101
1787708400.002,36.47,36.47,36.43,36.43,0,0,0,0,0,0,0,0,36.379938952594436,36.36995531245557,36.02,36.52,57.694285520347854,54.55242173983785,57.694285520347854,54.55242173983785,73.45404459668895,70.77276602357401,73.45404459668895,70.77276602357401,96,101,96,101,-1,4,-1,4,-1,4,-1,4,96,101,96,101
1787708460,36.34,36.37,36.33,36.37,0,0,0,0,0,0,0,0,36.375707627880296,36.36982308712434,36.02,36.52,58.118719671491796,55.06189287293127,58.118719671491796,55.06189287293127,72.56060965430477,71.6666878389394,72.56060965430477,71.6666878389394,96,101,96,101,-1,4,-1,4,-1,4,-1,4,96,101,96,101
1787708520,36.410000000000004,36.43,36.39,36.39,0,0,0,0,0,0,0,0,36.38073048341721,36.37015652241,36.14,36.52,58.772577357294324,55.59199065641171,58.772577357294324,55.59199065641171,73.10909398940403,72.38789091417172,73.10909398940403,72.38789091417172,96,101,96,101,-1,4,-1,4,-1,4,-1,4,96,101,96,101
1787708580,36.37,36.37,36.33,36.33,0,0,0,0,0,0,0,0,36.37393100158378,36.36988962500625,36.14,36.52,58.75243369161149,56.043482518583104,58.75243369161149,56.043482518583104,71.97922341948919,72.18355716683045,71.97922341948919,72.18355716683045,96,101,96,101,-1,4,-1,4,-1,4,-1,4,96,101,96,101
1787708640,36.28,36.32,36.28,36.32,0,1,0,0,0,0,0,0,36.36170112250794,36.36926054084367,36.14,36.52,58.59895796970388,56.40855044017178,58.59895796970388,56.40855044017178,69.8107629309907,70.99716004891059,69.8107629309907,70.99716004891059,96,101,96,101,-1,4,-1,4,-1,4,-1,4,96,101,96,101
1787708700,36.42,36.43,36.39,36.43,0,0,0,0,0,0,0,0,36.37169485780952,36.369732243588174,36.14,36.52,60.27046097186784,56.96025194469979,60.27046097186784,56.96025194469979,71.26636822656342,71.13176413773701,71.26636822656342,71.13176413773701,96,101,96,101,-1,4,-1,4,-1,4,-1,4,96,101,96,101
1787708760,36.480000000000004,36.52,36.480000000000004,36.52,0,0,0,0,0,0,0,0,36.39623518669264,36.3710947751611,36.18,36.52,63.108285188162995,57.83854240805168,63.108285188162995,57.83854240805168,74.91402990848297,73.02289702310999,74.91402990848297,73.02289702310999,96,101,96,101,-1,4,-1,4,-1,4,-1,4,96,101,96,101
1787708820,36.53,36.55,36.51,36.55,0,0,0,0,0,0,0,0,36.421768183051555,36.372742256668616,36.18,36.55,65.74340767472277,58.967808874718976,65.74340767472277,58.967808874718976,78.17428978678593,75.59859340494796,78.17428978678593,75.59859340494796,96,101,96,101,-1,4,-1,4,-1,4,-1,4,96,101,96,101
1787708880,36.64,36.64,36.6,36.6,0,0,0,0,0,0,0,0,36.45659821037552,36.37513619772996,36.18,36.64,67.72947763344074,60.21947584025066,67.72947763344074,60.21947584025066,80.73925299696856,78.16892320095826,80.73925299696856,78.16892320095826,96,101,96,101,-1,4,-1,4,-1,4,-1,4,96,101,96,101
1787708940,36.58,36.62,36.58,36.62,0,0,0,0,0,0,0,0,36.48388338424663,36.377439983490525,36.18,36.64,69.80410019879402,61.58870789147114,69.80410019879402,61.58870789147114,82.66129519555827,80.41510919825826,82.66129519555827,80.41510919825826,96,101,96,101,-1,4,-1,4,-1,4,-1,4,96,101,96,101
1787708940.001,36.730000000000004,36.730000000000004,36.690000000000005,36.690000000000005,0,0,0,0,0,0,0,1,36.52378337498967,36.38068270338946,36.18,36.730000000000004,71.55853569767292,63.01296900664283,71.55853569767292,63.01296900664283,84.65535564045838,82.53523241935832,84.65535564045838,82.53523241935832,96,101,96,101,-1,4,-1,4,-1,4,-1,4,96,101,96,101
1787709000,36.59,36.63,36.59,36.63,0,0,0,0,0,0,0,0,36.54067124620367,36.38303080252655,36.18,36.730000000000004,72.58403264482102,64.38026381209686,72.58403264482102,64.38026381209686,84.51344366767661,83.52433804351747,84.51344366767661,83.52433804351747,96,101,96,101,-1,4,-1,4,-1,4,-1,4,96,101,96,101
1787709000.001,36.71,36.71,36.67,36.67,0,0,0,0,0,0,0,0,36.56660980749997,36.386018887410195,36.18,36.730000000000004,73.93869429695148,65.74575388136181,73.93869429695148,65.74575388136181,85.84049698678122,84.68241751514935,85.84049698678122,84.68241751514935,96,101,96,101,-1,4,-1,4,-1,4,-1,4,96,101,96,101
1787709060,36.6,36.64,36.6,36.6,0,0,0,0,0,0,0,0,36.57510499401513,36.38828072269301,36.22,36.730000000000004,74.49236905038853,66.99527033407992,74.49236905038853,66.99527033407992,85.4085547613053,85.04548613822732,85.4085547613053,85.04548613822732,96,101,96,101,-1,4,-1,4,-1,4,-1,4,96,101,96,101
1787709120,36.5,36.54,36.5,36.54,0,0,0,0,0,0,0,0,36.56629802540632,36.38965769725991,36.22,36.730000000000004,74.40287387676918,68.05349941160695,74.40287387676918,68.05349941160695,83.34817772296988,84.19683193059859,83.34817772296988,84.19683193059859,96,101,96,101,-1,4,-1,4,-1,4,-1,4,96,101,96,101
1787709180,36.59,36.59,36.550000000000004,36.550000000000004,0,0,0,0,0,0,0,0,36.56575899048396,36.39138581304174,36.25,36.730000000000004,74.42037483728164,68.9630530438462,74.42037483728164,68.9630530438462,82.42721068407477,83.31202130733668,82.42721068407477,83.31202130733668,96,101,96,101,-1,4,-1,4,-1,4,-1,4,96,101,96,101
1787709180.001,36.54,36.54,36.5,36.5,0,0,0,0,0,0,0,0,36.556227052820205,36.392599221203845,36.28,36.730000000000004,73.93360762053412,69.67313226908733,73.93360762053412,69.67313226908733,79.75601109482426,81.53401620108048,79.75601109482426,81.53401620108048,96,101,96,101,-1,4,-1,4,-1,4,-1,4,96,101,96,101
1787709240,36.45,36.49,36.45,36.49,0,0,0,0,0,0,0,0,36.54176152806502,36.3934357131985,36.28,36.730000000000004,73.38100586896678,70.20282849764155,73.38100586896678,70.20282849764155,76.44946229435303,78.99173924771675,76.44946229435303,78.99173924771675,96,101,96,101,-1,4,-1,4,-1,4,-1,4,96,101,96,101
1787709240.001,36.550000000000004,36.59,36.550000000000004,36.59,0,0,0,0,0,0,0,0,36.548107916901685,36.39525890676535,36.28,36.730000000000004,73.87391188838664,70.7272689820337,73.87391188838664,70.7272689820337,76.03658511428812,77.51416218100243,76.03658511428812,77.51416218100243,96,101,96,101,-1,4,-1,4,-1,4,-1,4,96,101,96,101
1787709300,36.69,36.69,36.65,36.65,0,0,0,0,0,0,0,0,36.56905799261653,36.39792631399488,36.28,36.730000000000004,74.93523206537306,71.3284065653679,74.93523206537306,71.3284065653679,77.91029329408698,77.71222773754471,77.91029329408698,77.71222773754471,96,101,96,101,-1,4,-1,4,-1,4,-1,4,96,101,96,101
1787709360,36.56,36.56,36.52,36.52,0,0,0,0,0,0,0,0,36.56256260001958,36.39927364752064,36.28,36.730000000000004,74.6128965757941,71.7976194240002,74.6128965757941,71.7976194240002,76.02700464168491,76.86961618961482,76.02700464168491,76.86961618961482,96,101,96,101,-1,4,-1,4,-1,4,-1,4,96,101,96,101
1787709420,36.480000000000004,36.51,36.47,36.51,0,0,0,0,0,0,0,0,36.55058152122814,36.40024273228826,36.28,36.730000000000004,74.21298142802605,72.14267113886105,74.21298142802605,72.14267113886105,73.37379618637928,75.12170618799705,73.37379618637928,75.12170618799705,96,101,96,101,-1,4,-1,4,-1,4,-1,4,96,101,96,101
1787709480,36.6,36.6,36.56,36.56,0,0,0,0,0,0,0,0,36.55471821433817,36.401965026826026,36.28,36.730000000000004,74.34464975660767,72.45723951282486,74.34464975660767,72.45723951282486,73.17753958832503,74.14962288816105,73.17753958832503,74.14962288816105,96,101,96,101,-1,4,-1,4,-1,4,-1,4,96,101,96,101
1787709540,36.46,36.46,36.42,36.42,0,0,0,0,0,0,0,0,36.53264823597365,36.40227714927884,36.28,36.730000000000004,73.05846250035096,72.54312851104287,73.05846250035096,72.54312851104287,69.37295601077224,71.76128944946664,69.37295601077224,71.76128944946664,96,101,96,101,-1,4,-1,4,-1,4,-1,4,96,101,96,101
1787709600,36.4,36.44,36.4,36.44,0,0,0,0,0,0,0,0,36.51337885973602,36.40251983104389,36.39,36.730000000000004,72.06535300585902,72.47487486744517,72.06535300585902,72.47487486744517,65.80019606118135,68.780742755324,65.80019606118135,68.780742755324,96,101,96,101,-1,4,-1,4,-1,4,-1,4,96,101,96,101
1787709600.001,36.53,36.53,36.49,36.53,0,0,0,0,0,0,0,0,36.51397664281432,36.40365562045307,36.4,36.730000000000004,72.04861249940427,72.41398024343933,72.04861249940427,72.41398024343933,65.28328493555813,67.03201384544107,65.28328493555813,67.03201384544107,96,101,96,101,-1,4,-1,4,-1,4,-1,4,96,101,96,101
1787709660,36.58,36.58,36.54,36.54,0,0,0,0,0,0,0,0,36.52113240472687,36.40514495092949,36.4,36.730000000000004,72.13367136514094,72.37393611796813,72.13367136514094,72.37393611796813,65.72333513956917,66.37767449250512,65.72333513956917,66.37767449250512,96,101,96,101,-1,4,-1,4,-1,4,-1,4,96,101,96,101
1787709720,36.39,36.39,36.35,36.35,0,0,0,0,0,0,0,0,36.4924416644735,36.40472891493351,36.35,36.730000000000004,70.30118578473346,72.07782892750603,70.30118578473346,72.07782892750603,60.423923116829585,63.40079880466735,60.423923116829585,63.40079880466735,96,101,96,101,-1,4,-1,4,-1,4,-1,4,96,101,96,101
1787709780,36.31,36.35,36.31,36.35,0,0,0,0,0,0,0,0,36.46411893759953,36.40405167863234,36.31,36.730000000000004,68.59959203149795,71.58093794236201,68.59959203149795,71.58093794236201,54.9852114110641,59.19300510786573,54.9852114110641,59.19300510786573,96,101,96,101,-1,4,-1,4,-1,4,-1,4,96,101,96,101
1787709840,36.36,36.38,36.34,36.38,0,0,0,0,0,0,0,0,36.446400342884466,36.40367968846353,36.31,36.730000000000004,67.32135155439899,70.97242560122443,67.32135155439899,70.97242560122443,50.642085971388525,54.91754553962713,50.642085971388525,54.91754553962713,96,101,96,101,-1,4,-1,4,-1,4,-1,4,96,101,96,101
1787709840.001,36.4,36.4,36.36,36.36,0,0,0,0,0,0,0,0,36.43311543205699,36.403377734681136,36.31,36.71,65.93320672506059,70.25253719034389,65.93320672506059,70.25253719034389,46.45512130880931,50.68633342421822,46.45512130880931,50.68633342421822,96,101,96,101,-1,4,-1,4,-1,4,-1,4,96,101,96,101
1787709900,36.34,36.37,36.33,36.33,0,0,0,0,0,0,0,0,36.41679141410723,36.40278027795131,36.31,36.71,64.34240423262663,69.40823248209855,64.34240423262663,69.40823248209855,41.723437312312804,46.20488536826551,41.723437312312804,46.20488536826551,96,101,96,101,-1,4,-1,4,-1,4,-1,4,96,101,96,101
1787709960,36.26,36.3,36.26,36.3,0,1,0,0,0,0,0,0,36.393132369118035,36.401624918635044,36.26,36.69,62.56341962446108,68.43040207386463,62.56341962446108,68.43040207386463,36.49242955037148,41.348657459318495,36.49242955037148,41.348657459318495,96,101,96,101,-1,4,-1,4,-1,4,-1,4,96,101,96,101
1787710020,36.38,36.42,36.38,36.42,0,0,0,0,0,0,0,0,36.39559315049051,36.40167508528212,36.26,36.69,62.118748806214846,67.52873732134323,62.118748806214846,67.52873732134323,35.65612502493858,38.50239124212854,35.65612502493858,38.50239124212854,96,101,96,101,-1,4,-1,4,-1,4,-1,4,96,101,96,101
1787710080,36.45,36.46,36.42,36.46,0,0,0,0,0,0,0,0,36.40487924434072,36.402122762708835,36.26,36.69,62.10825467619343,66.75438265775041,62.10825467619343,66.75438265775041,36.3374688663608,37.419930054244674,36.3374688663608,37.419930054244674,96,101,96,101,-1,4,-1,4,-1,4,-1,4,96,101,96,101
1787710140,36.52,36.52,36.480000000000004,36.480000000000004,0,0,0,0,0,0,0,0,36.42096180597574,36.403030330575746,36.26,36.69,62.29971737034863,66.1180019024073,62.29971737034863,66.1180019024073,38.31965416508763,37.86979210966615,38.31965416508763,37.86979210966615,96,101,96,101,-1,4,-1,4,-1,4,-1,4,96,101,96,101
1787710200,36.47,36.480000000000004,36.440000000000005,36.440000000000005,0,0,0,0,0,0,0,0,36.42684753822258,36.403530857966366,36.26,36.69,62.07508967085694,65.54044301218582,62.07508967085694,65.54044301218582,38.74207439074381,38.30593325020498,38.74207439074381,38.30593325020498,96,101,96,101,-1,4,-1,4,-1,4,-1,4,96,101,96,101
1787710200.001,36.37,36.41,36.37,36.41,0,0,0,0,0,0,0,0,36.421360107030594,36.40346255755542,36.26,36.69,61.564695941851994,64.97247914499528,61.564695941851994,64.97247914499528,37.2804406631907,37.79318695669784,37.2804406631907,37.79318695669784,96,101,96,101,-1,4,-1,4,-1,4,-1,4,96,101,96,101
1787710260,36.47,36.49,36.45,36.49,0,0,0,0,0,0,0,0,36.43141584514624,36.40419095665106,36.26,36.69,61.895587881619086,64.53292325022724,61.895587881619086,64.53292325022724,38.58080324322123,38.18699509995953,38.58080324322123,38.18699509995953,96,101,96,101,-1,4,-1,4,-1,4,-1,4,96,101,96,101
1787710320,36.51,36.51,36.47,36.47,0,0,0,0,0,0,0,0,36.44085538845298,36.404978442986206,36.26,36.6,62.00163743937059,64.17131099153343,62.00163743937059,64.17131099153343,39.938560834615046,39.06277796728729,39.938560834615046,39.06277796728729,96,101,96,101,-1,4,-1,4,-1,4,-1,4,96,101,96,101
1787710380,36.46,36.5,36.46,36.5,0,0,0,0,0,0,0,0,36.44918471176456,36.40579126113228,36.26,36.6,62.40192289390244,63.91854126330043,62.40192289390244,63.91854126330043,41.041562782253656,40.05217037477047,41.041562782253656,40.05217037477047,96,101,96,101,-1,4,-1,4,-1,4,-1,4,96,101,96,101
1787710380.001,36.57,36.57,36.53,36.53,0,0,0,0,0,0,0,0,36.46630264295888,36.40715983896513,36.26,36.6,63.075427395444585,63.79809642503532,63.075427395444585,63.79809642503532,43.871491503329814,41.961830939050145,43.871491503329814,41.961830939050145,96,101,96,101,-1,4,-1,4,-1,4,-1,4,96,101,96,101
1787710440,36.51,36.55,36.51,36.55,0,0,0,0,0,0,0,0,36.47909610181484,36.40844846411639,36.26,36.58,63.53372011175053,63.76032838028035,63.53372011175053,63.76032838028035,45.93240305148627,43.9471169952682,45.93240305148627,43.9471169952682,96,101,96,101,-1,4,-1,4,-1,4,-1,4,96,101,96,101
1787710440.001,36.61,36.61,36.57,36.57,0,0,0,0,0,0,0,0,36.4980483257273,36.410188612068794,36.26,36.61,64.20140838463999,63.82333980947458,64.20140838463999,63.82333980947458,49.27944577665377,46.61328138596099,49.27944577665377,46.61328138596099,96,101,96,101,-1,4,-1,4,-1,4,-1,4,96,101,96,101
1787710500,36.54,36.58,36.54,36.58,0,0,0,0,0,0,0,0,36.51052438771627,36.41174560763693,36.26,36.61,64.94247001333999,63.98321555288392,64.94247001333999,63.98321555288392,51.890318602211174,49.251799994086085,51.890318602211174,49.251799994086085,96,101,96,101,-1,4,-1,4,-1,4,-1,4,96,101,96,101
1787710560,36.59,36.62,36.58,36.62,0,0,0,0,0,0,0,0,36.52800480207089,36.4136851206621,36.26,36.62,66.11486016977206,64.28773621243937,66.11486016977206,64.28773621243937,55.46154292887947,52.356671461482776,55.46154292887947,52.356671461482776,96,101,96,101,-1,4,-1,4,-1,4,-1,4,96,101,96,101
1787710560.001,36.63,36.63,36.59,36.59,0,0,0,0,0,0,0,0,36.54170089866406,36.41557216755435,36.26,36.63,66.71704548232081,64.634780393851,66.71704548232081,64.634780393851,59.033481978906785,55.69507672019478,59.033481978906785,55.69507672019478,96,101,96,101,-1,4,-1,4,-1,4,-1,4,96,101,96,101
1787710620,36.54,36.58,36.54,36.58,0,0,0,0,0,0,0,0,36.54624012920999,36.41707559540622,36.26,36.63,67.14634742838875,64.99357568449925,67.14634742838875,64.99357568449925,60.69979518457799,58.197435952386385,60.69979518457799,58.197435952386385,96,101,96,101,-1,4,-1,4,-1,4,-1,4,96,101,96,101
1787710680,36.6,36.63,36.59,36.59,0,0,0,0,0,0,0,0,36.556620711777875,36.418928906231365,36.26,36.63,67.67485507960774,65.37661559808616,67.67485507960774,65.37661559808616,63.32407693561846,60.760756444002425,63.32407693561846,60.760756444002425,96,101,96,101,-1,4,-1,4,-1,4,-1,4,96,101,96,101
1787710740,36.56,36.6,36.56,36.6,0,0,0,0,0,0,0,0,36.56208361266675,36.42059793867351,36.26,36.63,68.29548231418119,65.7935965575283,68.29548231418119,65.7935965575283,65.04189983185918,62.901328137930804,65.04189983185918,62.901328137930804,96,101,96,101,-1,4,-1,4,-1,4,-1,4,96,101,96,101
1787710800,36.660000000000004,36.69,36.65,36.69,0,0,0,0,0,0,0,0,36.582916895212186,36.42314588621573,36.26,36.69,70.0406102008305,66.40031279228576,70.0406102008305,66.40031279228576,69.57079786252396,66.23606300022738,69.57079786252396,66.23606300022738,96,101,96,101,-1,4,-1,4,-1,4,-1,4,96,101,96,101
1787710860,36.79,36.83,36.79,36.79,0,0,0,0,0,0,0,0,36.62299261123421,36.42692884588854,36.26,36.83,71.74100617549645,67.16326898988729,71.74100617549645,67.16326898988729,73.11582172677484,69.67594236350111,73.11582172677484,69.67594236350111,96,101,96,101,-1,4,-1,4,-1,4,-1,4,96,101,96,101
1787710920,36.71,36.75,36.71,36.75,0,0,0,0,0,0,0,0,36.64366062131284,36.430010814254494,36.37,36.83,72.8803848552687,67.97999982779892,72.8803848552687,67.97999982779892,74.55040358535597,72.11317297442854,74.55040358535597,72.11317297442854,96,101,96,101,-1,4,-1,4,-1,4,-1,4,96,101,96,101
1787710980,36.76,36.8,36.76,36.8,0,0,0,0,0,0,0,0,36.669661720468085,36.433559628706355,36.37,36.83,74.4662121665434,68.90660159047671,74.4662121665434,68.90660159047671,77.03317801050564,74.57317549246709,77.03317801050564,74.57317549246709,96,101,96,101,-1,4,-1,4,-1,4,-1,4,96,101,96,101
1787710980.001,36.86,36.9,36.86,36.9,0,0,0,0,0,0,0,0,36.70911716523146,36.43806815644725,36.37,36.9,76.29005415464745,69.96138052821539,76.29005415464745,69.96138052821539,79.95700972329058,77.26509260787884,79.95700972329058,77.26509260787884,96,101,96,101,-1,4,-1,4,-1,4,-1,4,96,101,96,101
1787711040,36.97,36.97,36.93,36.93,0,0,0,0,0,0,0,0,36.75170192306817,36.44309567064512,36.37,36.97,77.58679631820438,71.05072564107095,77.58679631820438,71.05072564107095,82.33739666422893,79.8012446360539,82.33739666422893,79.8012446360539,96,101,96,101,-1,4,-1,4,-1,4,-1,4,96,101,96,101
1787711040.001,36.92,36.92,36.88,36.88,0,0,0,0,0,0,0,0,36.77745308857093,36.44757564738829,36.37,36.97,78.28230684275923,72.08380866988357,78.28230684275923,72.08380866988357,83.37169211058661,81.58646837332026,83.37169211058661,81.58646837332026,96,101,96,101,-1,4,-1,4,-1,4,-1,4,96,101,96,101
1787711100,36.82,36.86,36.82,36.86,0,0,0,0,0,0,0,0,36.79003737549743,36.45154670230649,36.45,36.97,78.72693080067079,73.03282611713888,78.72693080067079,73.03282611713888,83.21195339861151,82.39921088596589,83.21195339861151,82.39921088596589,96,101,96,101,-1,4,-1,4,-1,4,-1,4,96,101,96,101
1787711160,36.910000000000004,36.910000000000004,36.870000000000005,36.870000000000005,0,0,0,0,0,0,0,0,36.80700027692214,36.45584308669481,36.46,36.97,79.24039952617625,73.91962231842993,79.24039952617625,73.91962231842993,83.9201049251681,83.159657905567,83.9201049251681,83.159657905567,96,101,96,101,-1,4,-1,4,-1,4,-1,4,96,101,96,101
1787711220,36.78,36.78,36.74,36.74,0,0,0,0,0,0,0,0,36.797242650815086,36.458803188651416,36.46,36.97,78.40934483165061,74.56101124889003,78.40934483165061,74.56101124889003,81.91139778294091,82.53552784425395,81.91139778294091,82.53552784425395,96,101,96,101,-1,4,-1,4,-1,4,-1,4,96,101,96,101
1787711340,36.71,36.75,36.71,36.75,0,0,0,0,0,0,0,0,36.786228835515374,36.461567999377934,36.51,36.97,77.7382548084643,75.01490318597207,77.7382548084643,75.01490318597207,79.74699286827537,81.14126035626467,79.74699286827537,81.14126035626467,96,101,96,101,-1,4,-1,4,-1,4,-1,4,96,101,96,101
1787711400,36.79,36.83,36.79,36.83,0,0,0,0,0,0,0,0,36.79176298663379,36.46510131945046,36.51,36.97,77.91992876077721,75.42990683951567,77.91992876077721,75.42990683951567,79.50144660339099,80.32135347982782,79.50144660339099,80.32135347982782,96,101,96,101,-1,4,-1,4,-1,4,-1,4,96,101,96,101
1787711460,36.86,36.9,36.86,36.9,0,0,0,0,0,0,0,0,36.809018201185225,36.46929599952227,36.54,36.97,78.79285135432329,75.91032748448819,78.79285135432329,75.91032748448819,80.69942908057259,80.5103912802002,80.69942908057259,80.5103912802002,96,101,96,101,-1,4,-1,4,-1,4,-1,4,96,101,96,101
1787711520,36.97,36.97,36.93,36.93,0,0,0,0,0,0,0,0,36.83343913430306,36.47401278891342,36.54,36.97,79.90523319923581,76.48102830088071,79.90523319923581,76.48102830088071,82.9737561133278,81.742073696764,82.9737561133278,81.742073696764,96,101,96,101,-1,4,-1,4,-1,4,-1,4,96,101,96,101
1787711520.001,36.910000000000004,36.95,36.910000000000004,36.95,0,0,0,0,0,0,0,0,36.85220777655099,36.478616310085094,36.54,36.97,81.13936644154396,77.14650517811832,81.13936644154396,77.14650517811832,84.68173059210804,83.21190214443601,84.68173059210804,83.21190214443601,96,101,96,101,-1,4,-1,4,-1,4,-1,4,96,101,96,101
1787711580,36.96,36.97,36.93,36.93,0,0,0,0,0,0,0,0,36.868776059602325,36.48324036006766,36.54,36.97,82.08414006594072,77.85188159066436,82.08414006594072,77.85188159066436,86.34691596023755,84.77940905233677,86.34691596023755,84.77940905233677,96,101,96,101,-1,4,-1,4,-1,4,-1,4,96,101,96,101
1787711640,36.83,36.87,36.83,36.87,0,0,0,0,0,0,0,0,36.86657435179584,36.48695604471044,36.54,36.97,82.3578081296411,78.49558538194675,82.3578081296411,78.49558538194675,85.53545177544173,85.15743041388924,85.53545177544173,85.15743041388924,96,101,96,101,-1,4,-1,4,-1,4,-1,4,96,101,96,101
1787711640.001,36.88,36.9,36.86,36.9,0,0,0,0,0,0,0,0,36.87022749995417,36.49093326482941,36.56,36.97,82.91373933969692,79.12675023305393,82.91373933969692,79.12675023305393,85.64943485514051,85.40343263451487,85.64943485514051,85.40343263451487,96,101,96,101,-1,4,-1,4,-1,4,-1,4,96,101,96,101
1787711700,36.94,36.98,36.94,36.98,0,0,1,0,0,0,0,0,36.887761893901896,36.495666930519334,36.56,36.98,84.13418652971856,79.8420982754346,84.13418652971856,79.8420982754346,87.32480833016731,86.3641204823411,87.32480833016731,86.3641204823411,96,101,96,101,-1,4,-1,4,-1,4,-1,4,96,101,96,101
1787711760,37.04,37.04,37,37,0,0,0,0,0,0,0,0,36.91059306470761,36.50081784000007,36.65,37.04,84.90115855415259,80.56482117239432,84.90115855415259,80.56482117239432,88.62382291839499,87.49397170036804,88.62382291839499,87.49397170036804,96,101,96,101,-1,4,-1,4,-1,4,-1,4,96,101,96,101
1787711760.001,36.99,36.99,36.95,36.95,0,0,0,0,0,0,0,0,36.920182204457745,36.50541998421234,36.71,37.04,85.15547140468018,81.22062834843516,85.15547140468018,81.22062834843516,88.67116591299548,88.08256880668176,88.67116591299548,88.08256880668176,96,101,96,101,-1,4,-1,4,-1,4,-1,4,96,101,96,101
1787711820,36.93,36.97,36.93,36.97,0,0,0,0,0,0,0,0,36.92681574304119,36.50991000095318,36.71,37.04,85.57476923474883,81.84264847505139,85.57476923474883,81.84264847505139,88.20724632736176,88.14490756702176,88.20724632736176,88.14490756702176,96,101,96,101,-1,4,-1,4,-1,4,-1,4,96,101,96,101
1787711880,37,37.01,36.97,36.97,0,0,0,0,0,0,0,0,36.93709166854885,36.51462068087736,36.71,37.04,85.96411721981256,82.43142972430299,85.96411721981256,82.43142972430299,88.51261507862523,88.3287613228235,88.51261507862523,88.3287613228235,96,101,96,101,-1,4,-1,4,-1,4,-1,4,96,101,96,101
1787711940,36.94,36.96,36.92,36.96,0,0,0,0,0,0,0,0,36.938832577297546,36.51891964591009,36.71,37.04,86.23407954293953,82.97466541267964,86.23407954293953,82.97466541267964,87.88766021517633,88.10821076899991,87.88766021517633,88.10821076899991,96,101,96,101,-1,4,-1,4,-1,4,-1,4,96,101,96,101
1787712000,37.01,37.01,36.97,36.97,0,0,0,0,0,0,0,0,36.94692362384951,36.52354067762574,36.71,37.04,86.57633393456106,83.48918948723413,86.57633393456106,83.48918948723413,88.16246886368208,88.135339816341,88.16246886368208,88.135339816341,96,101,96,101,-1,4,-1,4,-1,4,-1,4,96,101,96,101
1787712000.001,36.96,37,36.96,37,0,0,1,0,0,0,0,0,36.95414963163444,36.52814889642217,36.71,37.04,87.1688668586492,84.01485768315057,87.1688668586492,84.01485768315057,88.34411077803485,88.23972529718793,88.34411077803485,88.23972529718793,96,101,96,101,-1,4,-1,4,-1,4,-1,4,96,101,96,101
1787712060,37.11,37.11,37.07,37.07,0,0,0,0,0,0,0,0,36.97763757739788,36.533673119675015,36.71,37.11,87.74924191496417,84.54834114483822,87.74924191496417,84.54834114483822,89.40773405034564,88.82372967376679,89.40773405034564,88.82372967376679,96,101,96,101,-1,4,-1,4,-1,4,-1,4,96,101,96,101
1787712060.001,37.050000000000004,37.050000000000004,37.010000000000005,37.010000000000005,0,0,0,0,0,0,0,0,36.98594589665887,36.53854536060694,36.71,37.11,87.78395992944158,85.01057239978157,87.78395992944158,85.01057239978157,88.8156517424018,88.8196907080843,88.8156517424018,88.8196907080843,96,101,96,101,-1,4,-1,4,-1,4,-1,4,96,101,96,101
1787712120,36.96,36.99,36.95,36.99,0,0,0,0,0,0,0,0,36.98425876393301,36.54290477658763,36.71,37.11,87.64813085885123,85.38736646536294,87.64813085885123,85.38736646536294,87.05501978922678,87.93735524865554,87.05501978922678,87.93735524865554,96,101,96,101,-1,4,-1,4,-1,4,-1,4,96,101,96,101
1787712180,37.01,37.01,36.97,36.97,0,0,0,0,0,0,0,0,36.98409050382398,36.54728715028659,36.71,37.11,87.35393663784086,85.66830506143121,87.35393663784086,85.66830506143121,85.79653325292114,86.86694425078834,85.79653325292114,86.86694425078834,96,101,96,101,-1,4,-1,4,-1,4,-1,4,96,101,96,101
1787712240,36.92,36.93,36.89,36.89,0,0,0,0,0,0,0,0,36.96940738191659,36.55082989837661,36.79,37.11,86.40848738219677,85.77404539296914,86.40848738219677,85.77404539296914,82.66269266290512,84.76481845684673,82.66269266290512,84.76481845684673,96,101,96,101,-1,4,-1,4,-1,4,-1,4,96,101,96,101
1787712300,36.87,36.89,36.85,36.85,0,0,0,0,0,0,0,0,36.95012119126509,36.553939385291606,36.83,37.11,85.19443576246003,85.69124401718213,85.19443576246003,85.69124401718213,78.69789241236026,81.7313554346035,78.69789241236026,81.7313554346035,96,101,96,101,-1,4,-1,4,-1,4,-1,4,96,101,96,101
1787712420,36.82,36.86,36.82,36.86,0,0,0,0,0,0,0,0,36.93131127770174,36.55685209455902,36.82,37.11,84.15113572900701,85.47122854744282,84.15113572900701,85.47122854744282,74.83195973007504,78.28165758233928,74.83195973007504,78.28165758233928,96,101,96,101,-1,4,-1,4,-1,4,-1,4,96,101,96,101
1787712480,36.87,36.91,36.87,36.91,0,0,0,0,0,0,0,0,36.92501225751354,36.560233334082476,36.82,37.11,83.6025251937418,85.20427092548553,83.6025251937418,85.20427092548553,71.71931952018852,75.0004885512639,71.71931952018852,75.0004885512639,96,101,96,101,-1,4,-1,4,-1,4,-1,4,96,101,96,101
1787712480.001,36.92,36.92,36.88,36.88,0,0,0,0,0,0,0,0,36.919252453117146,36.563547761935716,36.82,37.11,82.84100028494515,84.86666083397975,82.84100028494515,84.86666083397975,68.11655958873304,71.55852406999847,68.11655958873304,71.55852406999847,96,101,96,101,-1,4,-1,4,-1,4,-1,4,96,101,96,101
1787712600,36.87,36.89,36.85,36.89,0,0,0,0,0,0,0,0,36.91150958285343,36.56666337292806,36.82,37.11,82.21790362593647,84.48826694711643,82.21790362593647,84.48826694711643,64.38562250462832,67.97207328731339,64.38562250462832,67.97207328731339,96,101,96,101,-1,4,-1,4,-1,4,-1,4,96,101,96,101
1787712720,36.92,36.92,36.88,36.88,0,0,0,0,0,0,0,0,36.90820481021341,36.56991382029528,36.82,37.11,81.55528025769736,84.069268848628,81.55528025769736,84.069268848628,61.83053357539572,64.90130343135456,61.83053357539572,64.90130343135456,96,101,96,101,-1,4,-1,4,-1,4,-1,4,96,101,96,101
1787712780,36.86,36.86,36.82,36.82,0,0,0,0,0,0,0,0,36.89459181441703,36.57253490997725,36.82,37.11,80.43578544937445,83.55019979159178,80.43578544937445,83.55019979159178,57.49760020748198,61.19945181941827,57.49760020748198,61.19945181941827,96,101,96,101,-1,4,-1,4,-1,4,-1,4,96,101,96,101
1787712840,36.800000000000004,36.83,36.79,36.83,0,0,0,0,0,0,0,0,36.880423605735146,36.5749640816856,36.79,37.11,79.4802881693771,82.96878384556112,79.4802881693771,82.96878384556112,53.0693716064132,57.134411712915735,53.0693716064132,57.134411712915735,96,101,96,101,-1,4,-1,4,-1,4,-1,4,96,101,96,101
1787713020,36.86,36.87,36.83,36.87,0,0,0,0,0,0,0,0,36.87610416226815,36.57776709248143,36.79,37.11,78.92917514887537,82.39169688889173,78.92917514887537,82.39169688889173,50.84517566263985,53.98979368777779,50.84517566263985,53.98979368777779,96,101,96,101,-1,4,-1,4,-1,4,-1,4,96,101,96,101
1787713080,36.89,36.89,36.85,36.85,0,0,0,0,0,0,0,0,36.87378219337091,36.58060854761428,36.79,37.11,78.24936011723302,81.79993449294048,78.24936011723302,81.79993449294048,49.15300771083414,51.57140069930597,49.15300771083414,51.57140069930597,96,101,96,101,-1,4,-1,4,-1,4,-1,4,96,101,96,101
1787713140,36.84,36.86,36.82,36.86,0,0,0,0,0,0,0,0,36.8688520976065,36.58325589208246,36.79,37.11,77.70213691558193,81.21453483903211,77.70213691558193,81.21453483903211,47.05972089500064,49.3155607971533,47.05972089500064,49.3155607971533,96,101,96,101,-1,4,-1,4,-1,4,-1,4,96,101,96,101
1787713260,36.92,36.96,36.92,36.96,0,0,0,0,0,0,0,0,36.88300020107199,36.58687191969027,36.79,37.11,77.84696497373535,80.733453429704,77.84696497373535,80.733453429704,48.69404648142921,49.004803639291254,48.69404648142921,49.004803639291254,96,101,96,101,-1,4,-1,4,-1,4,-1,4,96,101,96,101
1787713320,37,37,36.96,36.96,0,0,0,0,0,0,0,0,36.89942440693768,36.590717306890696,36.79,37.11,77.98144817059212,80.34030982125944,77.98144817059212,80.34030982125944,51.23775412693929,50.121278883115274,51.23775412693929,50.121278883115274,96,101,96,101,-1,4,-1,4,-1,4,-1,4,96,101,96,101
1787713380,36.93,36.97,36.93,36.97,0,0,0,0,0,0,0,0,36.90983209052477,36.59435859405264,36.79,37.11,78.20285052134133,80.03495849269972,78.20285052134133,80.03495849269972,51.2395035373766,50.680391210245936,51.2395035373766,50.680391210245936,96,101,96,101,-1,4,-1,4,-1,4,-1,4,96,101,96,101
1787713440,36.980000000000004,37.02,36.980000000000004,37.02,0,0,0,0,0,0,0,0,36.927438377096024,36.59846116193935,36.79,37.11,78.89106390109113,79.87154497961276,78.89106390109113,79.87154497961276,53.47314588918019,52.076768549713066,53.47314588918019,52.076768549713066,96,101,96,101,-1,4,-1,4,-1,4,-1,4,96,101,96,101
1787713500,37.1,37.1,37.06,37.06,0,0,0,0,0,0,0,0,36.95396473277553,36.60318625817212,36.79,37.1,79.91621956838773,79.87792706372348,79.91621956838773,79.87792706372348,58.60198219072593,55.3393753702195,58.60198219072593,55.3393753702195,96,101,96,101,-1,4,-1,4,-1,4,-1,4,96,101,96,101
1787713500.001,37.050000000000004,37.06,37.02,37.02,0,0,0,0,0,0,0,0,36.968395387422404,36.60746632857174,36.79,37.1,80.37674933947696,79.94918738883112,80.37674933947696,79.94918738883112,61.12312759205109,58.231251481135295,61.12312759205109,58.231251481135295,96,101,96,101,-1,4,-1,4,-1,4,-1,4,96,101,96,101
1787713560,36.95,36.980000000000004,36.940000000000005,36.940000000000005,0,0,0,0,0,0,0,0,36.96565683213348,36.610907791305685,36.79,37.1,79.91027823281108,79.94362893797111,79.91027823281108,79.94362893797111,59.53410936461538,58.88268042287534,59.53410936461538,58.88268042287534,96,101,96,101,-1,4,-1,4,-1,4,-1,4,96,101,96,101
1787713680,36.88,36.92,36.88,36.92,0,0,0,0,0,0,0,0,36.954931347503155,36.61385066568739,36.79,37.1,79.2573462711268,79.84558855699335,79.2573462711268,79.84558855699335,56.11852231252766,57.5006013677015,56.11852231252766,57.5006013677015,96,101,96,101,-1,4,-1,4,-1,4,-1,4,96,101,96,101
1787713740,36.93,36.93,36.89,36.93,0,0,0,0,0,0,0,0,36.94797413280561,36.6168637602245,36.79,37.1,78.59610725176061,79.66709122767439,78.59610725176061,79.66709122767439,53.9944476964525,55.747524532076994,53.9944476964525,55.747524532076994,96,101,96,101,-1,4,-1,4,-1,4,-1,4,96,101,96,101
1787713860,36.95,36.96,36.92,36.92,0,0,0,0,0,0,0,0,36.9453121692652,36.6200127112007,36.79,37.1,77.86305197187299,79.40937133398847,77.86305197187299,79.40937133398847,52.70952659695952,54.22852556451826,52.70952659695952,54.22852556451826,96,101,96,101,-1,4,-1,4,-1,4,-1,4,96,101,96,101
1787713920,36.9,36.94,36.9,36.94,0,0,0,0,0,0,0,0,36.941922077883646,36.62306399433967,36.79,37.1,77.31393673077426,79.1100235335293,77.31393673077426,79.1100235335293,51.16173708310817,52.695131323813214,51.16173708310817,52.695131323813214,96,101,96,101,-1,4,-1,4,-1,4,-1,4,96,101,96,101
1787714100,36.97,36.97,36.93,36.93,0,0,0,0,0,0,0,0,36.94217866978359,36.62625075393164,36.79,37.1,76.67873072368889,78.76269598926638,76.67873072368889,78.76269598926638,50.81720321409266,51.756167268952936,50.81720321409266,51.756167268952936,96,101,96,101,-1,4,-1,4,-1,4,-1,4,96,101,96,101
1787714160,36.910000000000004,36.95,36.910000000000004,36.95,0,0,0,0,0,0,0,0,36.94117648739869,36.629339469481245,36.79,37.1,76.33952314066855,78.41652843946669,76.33952314066855,78.41652843946669,49.98617418350823,50.87117072623059,49.98617418350823,50.87117072623059,96,101,96,101,-1,4,-1,4,-1,4,-1,4,96,101,96,101
1787714280,36.96,36.98,36.94,36.98,0,0,0,0,0,0,0,0,36.945811065447415,36.63269595900548,36.79,37.1,76.40048452034507,78.12852216530646,76.40048452034507,78.12852216530646,50.79172072872153,50.83144572747606,50.79172072872153,50.83144572747606,96,101,96,101,-1,4,-1,4,-1,4,-1,4,96,101,96,101
1787714400,36.99,36.99,36.95,36.95,0,0,0,0,0,0,0,0,36.94899693233577,36.63598588312815,36.79,37.1,76.08115166613501,77.83604066542482,76.08115166613501,77.83604066542482,51.39290348176171,51.112174604618886,51.39290348176171,51.112174604618886,96,101,96,101,-1,4,-1,4,-1,4,-1,4,96,101,96,101
1787714520,36.94,36.95,36.910000000000004,36.95,0,0,0,0,0,0,0,0,36.946755065850475,36.63897773172057,36.79,37.1,75.71171875491761,77.53256610678092,75.71171875491761,77.53256610678092,50.747488698653136,50.92983165163601,50.747488698653136,50.92983165163601,96,101,96,101,-1,4,-1,4,-1,4,-1,4,96,101,96,101
1787714700,36.99,36.99,36.95,36.95,0,0,0,0,0,0,0,0,36.9497692963019,36.64220515064209,36.82,37.1,75.36867390878717,77.22343864992467,75.36867390878717,77.22343864992467,51.35499031313166,51.142410982383836,51.35499031313166,51.142410982383836,96,101,96,101,-1,4,-1,4,-1,4,-1,4,96,101,96,101
1787714760,36.92,36.96,36.92,36.96,0,0,0,0,0,0,0,0,36.94920518182277,36.645234618463235,36.82,37.1,74.79886179728997,76.87707052811972,74.79886179728997,76.87707052811972,50.89356312554157,51.0179870539627,50.89356312554157,51.0179870539627,96,101,96,101,-1,4,-1,4,-1,4,-1,4,96,101,96,101
1787714820,36.97,36.97,36.93,36.93,0,0,0,0,0,0,0,0,36.948137573006505,36.6482007748301,36.82,37.1,73.38465738319782,76.37815436455945,73.38465738319782,76.37815436455945,50.81199419977285,50.91499062686778,50.81199419977285,50.91499062686778,96,101,96,101,-1,4,-1,4,-1,4,-1,4,96,101,96,101
1787714880,36.910000000000004,36.910000000000004,36.870000000000005,36.870000000000005,0,0,0,0,0,0,0,0,36.93635498397502,36.6505404022779,36.870000000000005,37.1,71.00003899868376,75.60985216943435,71.00003899868376,75.60985216943435,47.97710101916027,49.446045823014025,47.97710101916027,49.446045823014025,96,101,96,101,-1,4,-1,4,-1,4,-1,4,96,101,96,101
1787720400,36.81,36.85,36.81,36.85,0,0,0,0,0,0,0,0,36.9182298353735,36.65239240490863,36.81,37.1,68.42860764163494,74.58396009403442,68.42860764163494,74.58396009403442,43.150879214579945,46.29846251879698,43.150879214579945,46.29846251879698,96,101,96,101,-1,4,-1,4,-1,4,-1,4,96,101,96,101
1787720400.001,36.87,36.88,36.84,36.88,0,0,0,0,0,0,0,0,36.90885471379044,36.65452448711518,36.81,37.1,66.57656423866106,73.44004640040966,66.57656423866106,73.44004640040966,40.67310384291206,43.485783180854526,40.67310384291206,43.485783180854526,96,101,96,101,-1,4,-1,4,-1,4,-1,4,96,101,96,101
1787720520,36.89,36.89,36.85,36.85,0,0,0,0,0,0,0,0,36.900578099161876,36.65660218707755,36.81,37.1,64.321095364471,72.13733910956128,64.321095364471,72.13733910956128,38.364964584247204,40.925373882550865,38.364964584247204,40.925373882550865,96,101,96,101,-1,4,-1,4,-1,4,-1,4,96,101,96,101
1787720520.001,36.82,36.83,36.79,36.79,0,0,0,0,0,0,0,0,36.88289723264759,36.65806219848308,36.79,37.1,61.15530283843734,70.56847678511501,61.15530283843734,70.56847678511501,33.52941664824856,37.22739526539971,33.52941664824856,37.22739526539971,96,101,96,101,-1,4,-1,4,-1,4,-1,4,96,101,96,101
1787720580,36.730000000000004,36.76,36.72,36.72,0,0,0,0,0,0,0,0,36.85570379640863,36.658811164999,36.72,37.06,56.9656383499775,68.62521415152393,56.9656383499775,68.62521415152393,29.11543983383703,33.17141754961837,29.11543983383703,33.17141754961837,96,101,96,101,-1,4,-1,4,-1,4,-1,4,96,101,96,101
1787720640,36.71,36.72,36.68,36.68,0,0,0,0,0,0,0,0,36.82618189403131,36.65915466916153,36.68,36.99,52.89666418212197,66.37827844160937,52.89666418212197,66.37827844160937,25.4322817623366,29.301849655977485,25.4322817623366,29.301849655977485,96,101,96,101,-1,4,-1,4,-1,4,-1,4,96,101,96,101
1787720700,36.660000000000004,36.7,36.660000000000004,36.7,0,0,0,0,0,0,1,0,36.80081548905592,36.659428420380486,36.660000000000004,36.99,49.75325166117674,64.00327461583328,49.75325166117674,64.00327461583328,22.578319432652187,25.940084544314836,22.578319432652187,25.940084544314836,96,101,96,101,-1,4,-1,4,-1,4,-1,4,96,101,96,101
1787720820,36.730000000000004,36.73,36.69,36.73,0,0,0,0,0,0,0,0,36.785515703166965,36.6599979551694,36.660000000000004,36.99,47.3105590822037,61.61860096817191,47.3105590822037,61.61860096817191,21.365832240974534,23.652958392644685,21.365832240974534,23.652958392644685,96,101,96,101,-1,4,-1,4,-1,4,-1,4,96,101,96,101
1787720940,36.76,36.77,36.730000000000004,36.730000000000004,0,0,0,0,0,0,0,0,36.77784618137903,36.66082716291233,36.660000000000004,36.99,45.042344544585994,59.25056433623107,45.042344544585994,59.25056433623107,21.040843219536733,22.34690080609071,21.040843219536733,22.34690080609071,96,101,96,101,-1,4,-1,4,-1,4,-1,4,96,101,96,101
1787721000,36.64,36.660000000000004,36.620000000000005,36.620000000000005,0,0,0,0,0,0,0,0,36.751571118098,36.66055359246875,36.620000000000005,36.99,41.825034219972714,56.76120289105131,41.825034219972714,56.76120289105131,18.3921513310315,20.369526068561104,18.3921513310315,20.369526068561104,96,101,96,101,-1,4,-1,4,-1,4,-1,4,96,101,96,101
1787721060,36.61,36.61,36.57,36.57,0,0,0,0,0,0,0,0,36.72098242995897,36.65978523168133,36.57,36.99,38.83753177568895,54.20067844599954,38.83753177568895,54.20067844599954,16.19596798724528,18.28274702790319,16.19596798724528,18.28274702790319,96,101,96,101,-1,4,-1,4,-1,4,-1,4,96,101,96,101
1787721120,36.550000000000004,36.59,36.550000000000004,36.550000000000004,0,0,0,0,0,0,0,0,36.692318957845224,36.65882551129976,36.550000000000004,36.99,36.06342236313974,51.60964186273386,36.06342236313974,51.60964186273386,14.090050482573947,16.18639875523857,14.090050482573947,16.18639875523857,96,101,96,101,-1,4,-1,4,-1,4,-1,4,96,101,96,101
1787721240,36.53,36.57,36.53,36.57,0,0,0,0,0,0,0,0,36.66765490490367,36.657809005383015,36.53,36.99,33.98007446035389,49.09113223382243,33.98007446035389,49.09113223382243,12.678689887319045,14.432544321278808,12.678689887319045,14.432544321278808,96,101,96,101,-1,4,-1,4,-1,4,-1,4,96,101,96,101
1787721300,36.63,36.63,36.59,36.59,0,0,0,0,0,0,0,0,36.65596007370906,36.65726695889496,36.53,36.99,32.29184254077199,46.69123370624379,32.29184254077199,46.69123370624379,12.772210379606813,13.602377350442811,12.772210379606813,13.602377350442811,96,101,96,101,-1,4,-1,4,-1,4,-1,4,96,101,96,101
1787721360,36.58,36.62,36.58,36.62,0,0,0,0,0,0,0,0,36.64699763606499,36.65676347340015,36.53,36.99,31.093656743524686,44.46300842585534,31.093656743524686,44.46300842585534,12.802245488284488,13.20231141936365,12.802245488284488,13.20231141936365,96,101,96,101,-1,4,-1,4,-1,4,-1,4,96,101,96,101
1787721480,36.63,36.63,36.59,36.59,0,0,0,0,0,0,0,0,36.63905867193196,36.656231830215404,36.53,36.99,29.611597518002018,42.34137829616201,29.611597518002018,42.34137829616201,12.878115180434335,13.040213299898992,12.878115180434335,13.040213299898992,96,101,96,101,-1,4,-1,4,-1,4,-1,4,96,101,96,101
1787721540,36.56,36.58,36.54,36.54,0,0,0,0,0,0,0,0,36.62347224673221,36.655207964574785,36.53,36.97,27.61963611893288,40.23827227084356,27.61963611893288,40.23827227084356,11.589762886487538,12.314988093193264,11.589762886487538,12.314988093193264,96,101,96,101,-1,4,-1,4,-1,4,-1,4,96,101,96,101
1787721600,36.52,36.55,36.51,36.55,0,0,0,0,0,0,1,0,36.60768941399302,36.65402844917271,36.51,36.97,26.122995443771,38.22180415269033,26.122995443771,38.22180415269033,10.563622425706104,11.439305259449684,10.563622425706104,11.439305259449684,96,101,96,101,-1,4,-1,4,-1,4,-1,4,96,101,96,101
1787721720,36.56,36.6,36.56,36.6,0,0,0,0,0,0,0,0,36.60386709629732,36.653358182680115,36.51,36.910000000000004,25.328495769215966,36.379902955051136,25.328495769215966,36.379902955051136,10.97661142982613,11.207958344637907,10.97661142982613,11.207958344637907,96,101,96,101,-1,4,-1,4,-1,4,-1,4,96,101,96,101
1787721840,36.61,36.63,36.59,36.59,0,0,0,0,0,0,0,0,36.603770048485686,36.65286042298512,36.51,36.89,24.47169845236727,34.678730883239155,24.47169845236727,34.678730883239155,12.146619320803289,11.677288832720599,12.146619320803289,11.677288832720599,96,101,96,101,-1,4,-1,4,-1,4,-1,4,96,101,96,101
1787722080,36.58,36.61,36.57,36.61,0,0,0,0,0,0,0,0,36.602478524518595,36.65230128113121,36.51,36.89,23.9141961819601,33.140940211627864,23.9141961819601,33.140940211627864,12.970911798783918,12.324100315752258,12.970911798783918,12.324100315752258,96,101,96,101,-1,4,-1,4,-1,4,-1,4,96,101,96,101
1787722200,36.63,36.63,36.59,36.59,0,0,0,0,0,0,0,0,36.60263394430309,36.651814037869535,36.51,36.89,23.15842026420111,31.714865933424043,23.15842026420111,31.714865933424043,13.975067256100585,13.14958378592642,13.975067256100585,13.14958378592642,96,101,96,101,-1,4,-1,4,-1,4,-1,4,96,101,96,101
1787722260,36.58,36.62,36.58,36.62,0,0,0,0,0,0,0,0,36.60336716655102,36.65136481029538,36.51,36.83,22.813771197710544,30.443280971179256,22.813771197710544,30.443280971179256,14.776248124276705,13.962915955101563,14.776248124276705,13.962915955101563,96,101,96,101,-1,4,-1,4,-1,4,-1,4,96,101,96,101
1787722260.001,36.660000000000004,36.69,36.65,36.69,0,0,0,0,0,0,0,0,36.616694348390226,36.65161657006026,36.51,36.77,23.327073255016927,29.426679868870348,23.327073255016927,29.426679868870348,17.605831725570585,15.784373840336073,17.605831725570585,15.784373840336073,96,101,96,101,-1,4,-1,4,-1,4,-1,4,96,101,96,101
1787722320,36.71,36.71,36.67,36.67,0,0,0,0,0,0,0,0,36.62881052747079,36.651932159744575,36.51,36.77,23.59789974164408,28.59399699355231,23.59789974164408,28.59399699355231,20.328808145727393,18.056590993031733,20.328808145727393,18.056590993031733,96,101,96,101,-1,4,-1,4,-1,4,-1,4,96,101,96,101
1787722380,36.63,36.63,36.59,36.59,0,0,0,0,0,0,0,0,36.624178310354885,36.651448589332524,36.51,36.77,22.880858476805155,27.777834348302715,22.880858476805155,27.777834348302715,20.281835553480708,19.16921327325622,20.281835553480708,19.16921327325622,96,101,96,101,-1,4,-1,4,-1,4,-1,4,96,101,96,101
1787722500,36.550000000000004,36.58,36.54,36.54,0,0,0,0,0,0,0,0,36.611297405441874,36.65047231812855,36.51,36.77,21.609707568655644,26.896673379781703,21.609707568655644,26.896673379781703,18.57490666488819,18.872059969072204,18.57490666488819,18.872059969072204,96,101,96,101,-1,4,-1,4,-1,4,-1,4,96,101,96,101
1787722620,36.52,36.56,36.52,36.52,0,0,0,0,0,0,0,0,36.59712211960396,36.64930675609079,36.51,36.77,20.187222403340108,25.93818038314719,20.187222403340108,25.93818038314719,16.457062855618677,17.664561412345442,16.457062855618677,17.664561412345442,96,101,96,101,-1,4,-1,4,-1,4,-1,4,96,101,96,101
1787722740,36.49,36.53,36.49,36.53,0,0,0,0,0,0,0,0,36.58249385543354,36.64798695420597,36.49,36.71,19.213662020900113,24.977534902826175,19.213662020900113,24.977534902826175,14.791768161958892,16.228164787152167,14.791768161958892,16.228164787152167,96,101,96,101,-1,4,-1,4,-1,4,-1,4,96,101,96,101
1787722800,36.54,36.54,36.5,36.5,0,0,0,0,0,0,0,0,36.569919215051684,36.64664711718236,36.49,36.71,17.95835360957116,23.974794718075458,17.95835360957116,23.974794718075458,13.421515567393229,14.824840177272698,13.421515567393229,14.824840177272698,96,101,96,101,-1,4,-1,4,-1,4,-1,4,96,101,96,101
1787722920,36.49,36.53,36.49,36.53,0,0,0,0,0,0,1,0,36.560236933527136,36.64535377936628,36.49,36.71,17.143998140971803,22.99896663563208,17.143998140971803,22.99896663563208,12.218441914908514,13.521641046090606,12.218441914908514,13.521641046090606,96,101,96,101,-1,4,-1,4,-1,4,-1,4,96,101,96,101
1787723160,36.57,36.57,36.53,36.57,0,0,0,0,0,0,0,0,36.55958779409796,36.64447132053345,36.49,36.71,16.856194995070986,22.121427829837636,16.856194995070986,22.121427829837636,12.615807355635752,13.06872420086318,12.615807355635752,13.06872420086318,96,101,96,101,-1,4,-1,4,-1,4,-1,4,96,101,96,101
1787723700,36.64,36.660000000000004,36.620000000000005,36.620000000000005,0,0,0,0,0,0,0,0,36.57299607395893,36.64436049479016,36.49,36.71,17.17442931041138,21.41471375563388,17.17442931041138,21.41471375563388,15.6434811347627,14.35610266781294,15.6434811347627,14.35610266781294,96,101,96,101,-1,4,-1,4,-1,4,-1,4,96,101,96,101
1787723880,36.56,36.59,36.550000000000004,36.59,0,0,0,0,0,0,0,0,36.57366345445125,36.64368692436108,36.49,36.71,17.118644547021358,20.800989582974946,17.118644547021358,20.800989582974946,16.48012668693967,15.418114677376305,16.48012668693967,15.418114677376305,96,101,96,101,-1,4,-1,4,-1,4,-1,4,96,101,96,101
1787724060,36.61,36.61,36.57,36.57,0,0,0,0,0,0,0,0,36.57542161424799,36.64308639111702,36.49,36.71,16.832652372117003,20.234084267138094,16.832652372117003,20.234084267138094,17.554394303091033,16.48625449023367,17.554394303091033,16.48625449023367,96,101,96,101,-1,4,-1,4,-1,4,-1,4,96,101,96,101
1787724120,36.550000000000004,36.57,36.53,36.57,0,0,0,0,0,0,0,0,36.572011623778664,36.6422264933613,36.49,36.71,16.567088209705815,19.710227687504908,16.567088209705815,19.710227687504908,17.475195116935357,16.980724803584515,17.475195116935357,16.980724803584515,96,101,96,101,-1,4,-1,4,-1,4,-1,4,96,101,96,101
1787724600,36.6,36.64,36.6,36.6,0,0,0,0,0,0,0,0,36.57952466187951,36.64193899923167,36.49,36.71,16.671780972244388,19.27616387103912,16.671780972244388,19.27616387103912,19.936721864936032,18.458723334260274,19.936721864936032,18.458723334260274,96,101,96,101,-1,4,-1,4,-1,4,-1,4,96,101,96,101
1787724780,36.59,36.63,36.59,36.63,0,0,0,0,0,0,0,0,36.58627775365899,36.641687533235995,36.49,36.71,17.120283736522023,18.968180994679535,17.120283736522023,18.968180994679535,23.415149353618734,20.936936343939504,23.415149353618734,20.936936343939504,96,101,96,101,-1,4,-1,4,-1,4,-1,4,96,101,96,101
1787724840,36.64,36.67,36.63,36.67,0,0,0,0,0,0,0,0,36.599075737842206,36.64183657933978,36.49,36.71,18.00513466400698,18.8306029474406,18.00513466400698,18.8306029474406,28.539515772489693,24.7382260582146,28.539515772489693,24.7382260582146,96,101,96,101,-1,4,-1,4,-1,4,-1,4,96,101,96,101
1787724900,36.7,36.72,36.68,36.68,0,0,0,0,0,0,0,0,36.61621348247696,36.642348984852156,36.49,36.72,18.943877972549785,18.84678509388477,18.943877972549785,18.84678509388477,34.76856453968455,29.753395298949574,34.76856453968455,29.753395298949574,96,101,96,101,-1,4,-1,4,-1,4,-1,4,96,101,96,101
1787724960,36.65,36.65,36.61,36.61,0,0,0,0,0,0,0,0,36.61750800081448,36.642159774389285,36.49,36.72,18.9958960564777,18.86808665996947,18.9958960564777,18.86808665996947,36.740402258505235,33.246898778727406,36.740402258505235,33.246898778727406,96,101,96,101,-1,4,-1,4,-1,4,-1,4,96,101,96,101
1787725020,36.58,36.62,36.58,36.62,0,0,0,0,0,0,0,0,36.61553684915124,36.641806609138314,36.49,36.72,19.16129458171753,18.909973505933483,19.16129458171753,18.909973505933483,37.30809989504514,35.27749933688627,37.30809989504514,35.27749933688627,96,101,96,101,-1,4,-1,4,-1,4,-1,4,96,101,96,101
1787725080,36.65,36.65,36.61,36.61,0,0,0,0,0,0,0,0,36.6169543917298,36.64162279544871,36.49,36.72,19.19778290784775,18.95108913477838,19.19778290784775,18.95108913477838,40.42557630755451,37.85153782222039,40.42557630755451,37.85153782222039,96,101,96,101,-1,4,-1,4,-1,4,-1,4,96,101,96,101
1787725260,36.6,36.64,36.6,36.64,0,0,0,0,0,0,0,0,36.61872025990014,36.6414739782469,36.49,36.72,19.58295298117477,19.041355398549292,19.58295298117477,19.041355398549292,42.97347534436363,40.412506583292014,42.97347534436363,40.412506583292014,96,101,96,101,-1,4,-1,4,-1,4,-1,4,96,101,96,101
1787725260.001,36.65,36.67,36.63,36.63,0,0,0,0,0,0,0,0,36.62319536416072,36.64149247929254,36.49,36.72,19.93855659028886,19.16952699736923,19.93855659028886,19.16952699736923,46.275401226846036,43.34395390506903,46.275401226846036,43.34395390506903,96,101,96,101,-1,4,-1,4,-1,4,-1,4,96,101,96,101
1787725380,36.62,36.66,36.62,36.66,0,0,0,0,0,0,0,0,36.62746287370726,36.64154396374402,36.49,36.72,20.94294540526815,19.42287248421193,20.94294540526815,19.42287248421193,49.22984701431514,46.286900459692085,49.22984701431514,46.286900459692085,96,101,96,101,-1,4,-1,4,-1,4,-1,4,96,101,96,101
1787725560,36.7,36.71,36.67,36.71,0,0,0,0,0,0,0,0,36.64004538151806,36.64209244835022,36.49,36.72,22.589877876320408,19.875301825941712,22.589877876320408,19.875301825941712,55.24048998742563,50.763695223558855,55.24048998742563,50.763695223558855,96,101,96,101,-1,4,-1,4,-1,4,-1,4,96,101,96,101
1787725620,36.74,36.77,36.730000000000004,36.77,1,0,0,0,0,0,0,0,36.66124925154508,36.64323249032352,36.49,36.77,24.976315170868965,20.60401801807418,24.976315170868965,20.60401801807418,60.92041998922219,55.842057606390526,60.92041998922219,55.842057606390526,96,101,96,101,-1,4,-1,4,-1,4,-1,4,96,101,96,101
1787725740,36.78,36.81,36.77,36.81,0,0,0,0,0,0,0,0,36.68587059974901,36.64475919854584,36.49,36.81,27.763721230092614,21.62683276264824,27.763721230092614,21.62683276264824,65.8782171336192,60.860137370004864,65.8782171336192,60.860137370004864,96,101,96,101,-1,4,-1,4,-1,4,-1,4,96,101,96,101
1787725800,36.84,36.84,36.800000000000004,36.800000000000004,0,0,0,0,0,0,0,0,36.70904564221889,36.64643655312084,36.49,36.84,30.209169713657463,22.852880898506704,30.209169713657463,22.852880898506704,69.77316570636745,65.31665153818616,69.77316570636745,65.31665153818616,96,101,96,101,-1,4,-1,4,-1,4,-1,4,96,101,96,101
1787725860,36.74,36.77,36.730000000000004,36.730000000000004,0,0,0,0,0,0,0,0,36.71527976787606,36.64740070018763,36.53,36.84,31.479943305539102,24.085318385225623,31.479943305539102,24.085318385225623,70.00965223811113,67.66315188814865,70.00965223811113,67.66315188814865,96,101,96,101,-1,4,-1,4,-1,4,-1,4,96,101,96,101
1787725980,36.72,36.74,36.7,36.7,0,0,0,0,0,0,0,0,36.71492587068647,36.64805674628858,36.53,36.84,32.231375926572035,25.249040891132257,32.231375926572035,25.249040891132257,69.06949783674833,68.3663248624485,69.06949783674833,68.3663248624485,96,101,96,101,-1,4,-1,4,-1,4,-1,4,96,101,96,101
1787726100,36.69,36.73,36.69,36.73,0,0,0,0,0,0,0,0,36.71524237904651,36.648739432063486,36.53,36.84,33.3577062175311,26.407421652046377,33.3577062175311,26.407421652046377,68.34528386006981,68.35580436125915,68.34528386006981,68.35580436125915,96,101,96,101,-1,4,-1,4,-1,4,-1,4,96,101,96,101
1787726100.001,36.74,36.74,36.7,36.7,0,0,0,0,0,0,0,0,36.71489527982593,36.64938215744925,36.53,36.84,33.97501291627889,27.488506118365308,33.97501291627889,27.488506118365308,67.80616167597842,68.08098301861878,67.80616167597842,68.08098301861878,96,101,96,101,-1,4,-1,4,-1,4,-1,4,96,101,96,101
1787726160,36.67,36.71,36.67,36.71,0,0,0,0,0,0,0,0,36.71158098652425,36.64985265007828,36.53,36.84,34.691083422258956,28.517445733207257,34.691083422258956,28.517445733207257,66.44609776308353,67.26354039085115,66.44609776308353,67.26354039085115,96,101,96,101,-1,4,-1,4,-1,4,-1,4,96,101,96,101
1787726280,36.72,36.74,36.7,36.7,0,0,0,0,0,0,0,0,36.71189959503499,36.650484298667884,36.58,36.84,35.213148892097614,29.473974755905882,35.213148892097614,29.473974755905882,66.01502257243897,66.63928148164506,66.01502257243897,66.63928148164506,96,101,96,101,-1,4,-1,4,-1,4,-1,4,96,101,96,101
1787726640,36.69,36.69,36.65,36.65,0,0,0,0,0,0,0,0,36.70306936563469,36.650612149759084,36.58,36.84,35.078876352185844,30.27467498394588,35.078876352185844,30.27467498394588,63.76797853147806,65.20363000656155,63.76797853147806,65.20363000656155,96,101,96,101,-1,4,-1,4,-1,4,-1,4,96,101,96,101
1787794200,36.45,36.46,36.42,36.42,0,0,0,0,0,0,0,0,36.654026450670806,36.64845017148619,36.42,36.84,32.57324232702971,30.603041747243566,32.57324232702971,30.603041747243566,55.13445778888605,60.1690438977238,55.13445778888605,60.1690438977238,96,101,96,101,-1,4,-1,4,-1,4,-1,4,96,101,96,101
1787794200.001,36.24,36.28,36.24,36.28,0,0,0,0,0,0,0,0,36.58359739903369,36.64465133064221,36.24,36.84,30.673021393222676,30.613038839526297,30.673021393222676,30.613038839526297,47.82953524761664,53.99928957267022,47.82953524761664,53.99928957267022,96,101,96,101,-1,4,-1,4,-1,4,-1,4,96,101,96,101
1787794200.002,36.33,36.33,36.29,36.29,0,0,0,0,0,0,0,0,36.53264029617908,36.64125513166402,36.24,36.84,29.031541843157292,30.387110697187868,29.031541843157292,30.387110697187868,42.56817306938558,48.2837313210279,42.56817306938558,48.2837313210279,96,101,96,101,-1,4,-1,4,-1,4,-1,4,96,101,96,101
1787794260,36.2,36.24,36.2,36.2,0,0,0,0,0,0,0,0,36.47458448475258,36.636997203322416,36.2,36.84,26.95786028293177,29.897217780865567,26.95786028293177,29.897217780865567,36.665576916616274,42.47465411882209,36.665576916616274,42.47465411882209,96,101,96,101,-1,4,-1,4,-1,4,-1,4,96,101,96,101
1787794320,36.1,36.14,36.1,36.14,0,0,0,0,0,0,0,0,36.411326699646054,36.6319192875348,36.1,36.84,25.393962486953814,29.253895596021035,25.393962486953814,29.253895596021035,31.890957820420144,37.182805969621114,31.890957820420144,37.182805969621114,96,101,96,101,-1,4,-1,4,-1,4,-1,4,96,101,96,101
1787794380,36.28,36.29,36.25,36.25,0,0,0,0,0,0,0,0,36.384418814861924,36.62825176560245,36.1,36.84,25.0279844714764,28.650194006800373,25.0279844714764,28.650194006800373,30.501129869240316,33.841967919430715,30.501129869240316,33.841967919430715,96,101,96,101,-1,4,-1,4,-1,4,-1,4,96,101,96,101
1787794440,36.19,36.22,36.18,36.18,0,0,0,0,0,0,0,0,36.34967600003854,36.62392421901271,36.1,36.84,24.01247206714313,27.987662301135053,24.01247206714313,27.987662301135053,27.881277339657647,30.86162262954418,27.881277339657647,30.86162262954418,96,101,96,101,-1,4,-1,4,-1,4,-1,4,96,101,96,101
1787794500,36.01,36.05,36.01,36.05,0,0,0,0,0,0,1,0,36.292765212152744,36.618080860282895,36.01,36.84,22.641529570092448,27.22392905384325,22.641529570092448,27.22392905384325,24.311318614715173,27.586470622129674,24.311318614715173,27.586470622129674,96,101,96,101,-1,4,-1,4,-1,4,-1,4,96,101,96,101
1787794560,36.08,36.08,36.04,36.04,0,0,0,0,0,0,0,0,36.24923214327649,36.612461481905285,36.01,36.84,21.282453017323373,26.37514676291184,21.282453017323373,26.37514676291184,21.630011480427104,24.60824105127839,21.630011480427104,24.60824105127839,96,101,96,101,-1,4,-1,4,-1,4,-1,4,96,101,96,101
1787794560.001,35.96,35.98,35.94,35.98,0,0,0,0,0,0,0,0,36.1978566020747,36.606035662848186,35.94,36.84,20.079738119260586,25.47580267096166,20.079738119260586,25.47580267096166,18.984454284810624,21.796347668044508,18.984454284810624,21.796347668044508,96,101,96,101,-1,4,-1,4,-1,4,-1,4,96,101,96,101
1787794620,36.08,36.08,36.04,36.04,0,0,0,0,0,0,0,0,36.17157964412173,36.60053613718137,35.94,36.84,19.439121904392774,24.613419704308964,19.439121904392774,24.613419704308964,18.11365922825036,19.955003448147433,18.11365922825036,19.955003448147433,96,101,96,101,-1,4,-1,4,-1,4,-1,4,96,101,96,101
1787794680,36.01,36.05,36.01,36.05,0,0,0,0,0,0,0,0,36.147050011857175,36.59492549568371,35.94,36.84,18.923629069952007,23.800592470829397,18.923629069952007,23.800592470829397,17.018057116278094,18.48653028221276,17.018057116278094,18.48653028221276,96,101,96,101,-1,4,-1,4,-1,4,-1,4,96,101,96,101
1787794740,36.15,36.15,36.11,36.11,0,0,0,0,0,0,0,0,36.1427378884892,36.59023303635684,35.94,36.77,18.921147628447503,23.103528921917697,18.921147628447503,23.103528921917697,17.53928705204798,18.01290866713037,17.53928705204798,18.01290866713037,96,101,96,101,-1,4,-1,4,-1,4,-1,4,96,101,96,101
1787794800,36.01,36.05,36.01,36.05,0,0,0,0,0,0,0,0,36.123452211794195,36.584724913275345,35.94,36.74,18.442652956574257,22.437689498297203,18.442652956574257,22.437689498297203,16.52573810810463,17.2693233876175,16.52573810810463,17.2693233876175,96,101,96,101,-1,4,-1,4,-1,4,-1,4,96,101,96,101
1787794860,36.09,36.09,36.050000000000004,36.050000000000004,0,0,0,0,0,0,0,0,36.112521506619494,36.57953693735552,35.94,36.74,17.99833647554916,21.803496209333197,17.99833647554916,21.803496209333197,16.16491837837546,16.717120882996483,16.16491837837546,16.717120882996483,96,101,96,101,-1,4,-1,4,-1,4,-1,4,96,101,96,101
1787794860.001,36.04,36.050000000000004,36.010000000000005,36.010000000000005,0,0,0,0,0,0,0,0,36.09630547511292,36.5740025731364,35.94,36.74,17.268296568565543,21.155610546366393,17.268296568565543,21.155610546366393,15.188977657655311,15.953049270325897,15.188977657655311,15.953049270325897,96,101,96,101,-1,4,-1,4,-1,4,-1,4,96,101,96,101
1787794920,35.910000000000004,35.94,35.9,35.94,0,0,0,0,0,0,1,0,36.06546205539542,36.56756141983819,35.9,36.74,16.33879818144915,20.467494494235357,16.33879818144915,20.467494494235357,13.414260484677246,14.68365487750157,13.414260484677246,14.68365487750157,96,101,96,101,-1,4,-1,4,-1,4,-1,4,96,101,96,101
1787795040,36.050000000000004,36.08,36.04,36.08,0,0,0,0,0,0,0,0,36.06568107562656,36.56257739244345,35.9,36.74,16.539522323503682,19.906355612702264,16.539522323503682,19.906355612702264,14.020733910878416,14.352194394189993,14.020733910878416,14.352194394189993,96,101,96,101,-1,4,-1,4,-1,4,-1,4,96,101,96,101
1787795100,36.12,36.12,36.08,36.08,0,0,0,0,0,0,0,0,36.07070875884597,36.55790829732793,35.9,36.69,16.725909026840036,19.45200610043623,16.725909026840036,19.45200610043623,14.996495327865452,14.674344861027723,14.996495327865452,14.674344861027723,96,101,96,101,-1,4,-1,4,-1,4,-1,4,96,101,96,101
1787795160,36.050000000000004,36.06,36.02,36.02,0,0,0,0,0,0,0,0,36.06391322693458,36.5526886459449,35.9,36.46,16.4430553425521,19.022155992167068,16.4430553425521,19.022155992167068,14.890613016589942,14.782478938808833,14.890613016589942,14.782478938808833,96,101,96,101,-1,4,-1,4,-1,4,-1,4,96,101,96,101
1787795220,36,36.04,36,36.04,0,0,0,0,0,0,0,0,36.05714112506769,36.54745459639984,35.9,36.33,16.332381176746704,18.637902447107017,16.332381176746704,18.637902447107017,14.647881065891708,14.71518000235027,14.647881065891708,14.71518000235027,96,101,96,101,-1,4,-1,4,-1,4,-1,4,96,101,96,101
1787795220.001,36.06,36.07,36.03,36.03,0,0,0,0,0,0,0,0,36.054630617479624,36.542438464429026,35.9,36.33,16.153624466553563,18.28300559274224,16.153624466553563,18.28300559274224,14.743776475931458,14.729478239140864,14.743776475931458,14.729478239140864,96,101,96,101,-1,4,-1,4,-1,4,-1,4,96,101,96,101
1787795280,36.02,36.06,36.02,36.06,0,0,0,0,0,0,0,0,36.053182626422725,36.537505411714974,35.9,36.29,16.215599618638663,17.98766188215601,16.215599618638663,17.98766188215601,14.825972541679924,14.777725390410394,14.825972541679924,14.777725390410394,96,101,96,101,-1,4,-1,4,-1,4,-1,4,96,101,96,101
1787795340,36.18,36.21,36.17,36.17,0,0,0,0,0,0,0,0,36.07684639131556,36.53398131143257,35.9,36.29,17.109014235544425,17.862140789782927,17.109014235544425,17.862140789782927,16.963295613233353,15.870510501821872,16.963295613233353,15.870510501821872,96,101,96,101,-1,4,-1,4,-1,4,-1,4,96,101,96,101
1787795400,36.12,36.16,36.12,36.16,0,0,0,0,0,0,0,0,36.089540986833946,36.53012743437022,35.9,36.29,17.862625680725877,17.862210059917633,17.862625680725877,17.862210059917633,18.2481743554158,17.059342428618834,18.2481743554158,17.059342428618834,96,101,96,101,-1,4,-1,4,-1,4,-1,4,96,101,96,101
1787795460,36.2,36.22,36.18,36.18,0,0,0,0,0,0,0,0,36.10841232256111,36.52677624928528,35.9,36.22,18.714383420856397,17.983949111480314,18.714383420856397,17.983949111480314,20.07898227424687,18.56916235143285,20.07898227424687,18.56916235143285,96,101,96,101,-1,4,-1,4,-1,4,-1,4,96,101,96,101
1787795580,36.12,36.16,36.12,36.16,0,0,0,0,0,0,0,0,36.11536765785303,36.522994064383596,35.9,36.22,19.353325638515567,18.179574329628206,19.353325638515567,18.179574329628206,21.2171243795679,19.893143365500375,21.2171243795679,19.893143365500375,96,101,96,101,-1,4,-1,4,-1,4,-1,4,96,101,96,101
1787795640,36.19,36.19,36.15,36.15,0,0,0,0,0,0,0,0,36.12408868975854,36.5194153506418,35.9,36.22,19.870641284396665,18.421155323166555,19.870641284396665,18.421155323166555,22.709916134867676,21.301529750184024,22.709916134867676,21.301529750184024,96,101,96,101,-1,4,-1,4,-1,4,-1,4,96,101,96,101
1787795700,36.14,36.18,36.14,36.18,0,0,0,0,0,0,0,0,36.13183014010547,36.51590541348782,35.9,36.22,20.578969338550703,18.72941446822143,20.578969338550703,18.72941446822143,23.95543831968253,22.628484034933276,23.95543831968253,22.628484034933276,96,101,96,101,-1,4,-1,4,-1,4,-1,4,96,101,96,101
1787795700.001,36.230000000000004,36.25,36.21,36.21,0,0,0,0,0,0,0,0,36.14846708432872,36.51299424851116,35.9,36.25,21.46466605752961,19.120164695265455,21.46466605752961,19.120164695265455,26.009423321632667,24.318953678282973,26.009423321632667,24.318953678282973,96,101,96,101,-1,4,-1,4,-1,4,-1,4,96,101,96,101
1787795880,36.160000000000004,36.17,36.13,36.13,0,0,0,0,0,0,0,0,36.147533675056835,36.50931603044969,35.9,36.25,21.679195989590585,19.48574059445476,21.679195989590585,19.48574059445476,26.443451282487842,25.381202480385408,26.443451282487842,25.381202480385408,96,101,96,101,-1,4,-1,4,-1,4,-1,4,96,101,96,101
1787795940,36.07,36.1,36.06,36.1,0,0,0,0,0,0,0,0,36.13646694625862,36.50511056414339,35.9,36.25,21.650438829239906,19.79498319942407,21.650438829239906,19.79498319942407,25.829080691112015,25.60514158574871,25.829080691112015,25.60514158574871,96,101,96,101,-1,4,-1,4,-1,4,-1,4,96,101,96,101
1787796060,36.19,36.19,36.15,36.15,0,0,0,0,0,0,0,0,36.14135174390857,36.50170979567762,35.9,36.25,22.003674961497836,20.110510594006037,22.003674961497836,20.110510594006037,26.94933860323161,26.27724009449016,26.94933860323161,26.27724009449016,96,101,96,101,-1,4,-1,4,-1,4,-1,4,96,101,96,101
1787796120,36.14,36.17,36.13,36.17,0,0,0,0,0,0,0,0,36.144136275319134,36.49827653071234,35.9,36.25,22.48365562534223,20.44953131276835,22.48365562534223,20.44953131276835,29.630045333382355,27.953642713936258,29.630045333382355,27.953642713936258,96,101,96,101,-1,4,-1,4,-1,4,-1,4,96,101,96,101
1787796120.001,36.2,36.21,36.17,36.21,0,0,0,0,0,0,0,0,36.15368725556414,36.49527543753776,35.9,36.25,23.233303323836026,20.84721302863516,23.233303323836026,20.84721302863516,35.36395912296575,31.658800918451007,35.36395912296575,31.658800918451007,96,101,96,101,-1,4,-1,4,-1,4,-1,4,96,101,96,101
1787796180,36.22,36.22,36.18,36.18,0,0,0,0,0,0,0,0,36.16089563334035,36.49227103849095,35.9,36.25,23.701441232315823,21.254959914875254,23.701441232315823,21.254959914875254,40.14585200573143,35.90232646209122,40.14585200573143,35.90232646209122,96,101,96,101,-1,4,-1,4,-1,4,-1,4,96,101,96,101
1787796240,36.12,36.12,36.08,36.08,0,0,0,0,0,0,0,0,36.14861157879362,36.4883015090864,36,36.25,23.376262299308454,21.558003112651424,23.376262299308454,21.558003112651424,41.59021747011429,38.74627196610275,41.59021747011429,38.74627196610275,96,101,96,101,-1,4,-1,4,-1,4,-1,4,96,101,96,101
1787796300,36.07,36.11,36.07,36.11,0,0,0,0,0,0,0,0,36.13916704931599,36.48440464498272,36,36.25,23.302273958780344,21.807184662098415,23.302273958780344,21.807184662098415,42.754984937753726,40.750628451928236,42.754984937753726,40.750628451928236,96,101,96,101,-1,4,-1,4,-1,4,-1,4,96,101,96,101
1787796300.001,36.12,36.14,36.1,36.1,0,0,0,0,0,0,0,0,36.13447001004642,36.48071239312551,36,36.25,23.15758265777325,22.000098661480532,23.15758265777325,22.000098661480532,44.41269771221393,42.58166308207108,44.41269771221393,42.58166308207108,96,101,96,101,-1,4,-1,4,-1,4,-1,4,96,101,96,101
1787796360,36.06,36.07,36.03,36.07,0,0,0,0,0,0,0,0,36.12032394761374,36.47649303266323,36,36.25,22.79526292385936,22.113693556106078,22.79526292385936,22.113693556106078,44.59863885536716,43.59015096871912,44.59863885536716,43.59015096871912,96,101,96,101,-1,4,-1,4,-1,4,-1,4,96,101,96,101
1787796420,36.09,36.13,36.09,36.13,0,0,0,0,0,0,0,0,36.11965898744155,36.47291267081252,36.02,36.25,22.914750222611072,22.22813022274965,22.914750222611072,22.22813022274965,46.962098610723075,45.276124789721095,46.962098610723075,45.276124789721095,96,101,96,101,-1,4,-1,4,-1,4,-1,4,96,101,96,101
1787796480,36.17,36.19,36.15,36.19,0,0,0,0,0,0,0,0,36.13002402002793,36.46996494937823,36.02,36.25,23.48162976598078,22.40720158606838,23.48162976598078,22.40720158606838,51.60016615612988,48.438145472925484,51.60016615612988,48.438145472925484,96,101,96,101,-1,4,-1,4,-1,4,-1,4,96,101,96,101
1787796600,36.21,36.24,36.2,36.24,0,0,0,0,0,0,0,0,36.147595410325884,36.46754407094329,36.03,36.25,24.387957123121986,22.690166662790322,24.387957123121986,22.690166662790322,57.534836297091175,52.98649088500833,57.534836297091175,52.98649088500833,96,101,96,101,-1,4,-1,4,-1,4,-1,4,96,101,96,101
1787796660,36.25,36.28,36.24,36.28,0,0,0,0,0,0,0,0,36.169244729660576,36.46554529080124,36.03,36.28,25.533498179677107,23.096356879488436,25.533498179677107,23.096356879488436,63.07497246517605,58.03073167509219,63.07497246517605,58.03073167509219,96,101,96,101,-1,4,-1,4,-1,4,-1,4,96,101,96,101
1787796720,36.29,36.31,36.27,36.31,0,0,0,0,0,0,0,0,36.19241235457078,36.46386490648149,36.03,36.31,26.82517840088559,23.629045668259458,26.82517840088559,23.629045668259458,67.93185793182336,62.98129480345777,67.93185793182336,62.98129480345777,96,101,96,101,-1,4,-1,4,-1,4,-1,4,96,101,96,101
1787796780,36.39,36.4,36.36,36.4,0,0,0,0,0,0,0,0,36.22773132040639,36.46309676479179,36.03,36.4,28.70848632665818,24.3546800480307,28.70848632665818,24.3546800480307,72.2273067987058,67.60430080108179,72.2273067987058,67.60430080108179,96,101,96,101,-1,4,-1,4,-1,4,-1,4,96,101,96,101
1787796840,36.43,36.44,36.4,36.44,0,0,0,0,0,0,0,0,36.26390138336281,36.46273427625324,36.03,36.44,30.761223625513875,25.269900559099728,30.761223625513875,25.269900559099728,75.93028413434047,71.76729246771113,75.93028413434047,71.76729246771113,96,101,96,101,-1,4,-1,4,-1,4,-1,4,96,101,96,101
1787796900,36.480000000000004,36.480000000000004,36.440000000000005,36.440000000000005,0,0,0,0,0,0,0,1,36.298343556084724,36.46264073453264,36.03,36.480000000000004,32.66733683159422,26.326677169456083,32.66733683159422,26.326677169456083,78.77768196736571,75.27248721753841,78.77768196736571,75.27248721753841,96,101,96,101,-1,4,-1,4,-1,4,-1,4,96,101,96,101
1787796960,36.39,36.43,36.39,36.43,0,0,0,0,0,0,0,0,36.3198568489178,36.46218328112104,36.03,36.480000000000004,34.36131125243778,27.47448203845347,34.36131125243778,27.47448203845347,80.18382592276662,77.72815657015252,80.18382592276662,77.72815657015252,96,101,96,101,-1,4,-1,4,-1,4,-1,4,96,101,96,101
1787797020,36.45,36.45,36.410000000000004,36.410000000000004,0,0,0,0,0,0,0,0,36.33867075517517,36.461796714476385,36.03,36.480000000000004,35.7823118164734,28.661314863884886,35.7823118164734,28.661314863884886,81.68465867271617,79.70640762143435,81.68465867271617,79.70640762143435,96,101,96,101,-1,4,-1,4,-1,4,-1,4,96,101,96,101
1787797080,36.4,36.43,36.39,36.39,0,0,0,0,0,0,0,0,36.350427587567566,36.46121498929088,36.03,36.480000000000004,36.94983665633016,29.845389405662786,36.94983665633016,29.845389405662786,81.92018362423298,80.81329562283366,81.92018362423298,80.81329562283366,96,101,96,101,-1,4,-1,4,-1,4,-1,4,96,101,96,101
1787797140,36.36,36.4,36.36,36.4,0,0,0,0,0,0,0,0,36.35701651104013,36.460473214936414,36.03,36.480000000000004,38.10995470671385,31.02604159152722,38.10995470671385,31.02604159152722,81.64587167791389,81.22958365037377,81.64587167791389,81.22958365037377,96,101,96,101,-1,4,-1,4,-1,4,-1,4,96,101,96,101
1787797200,36.45,36.47,36.43,36.47,0,0,0,0,0,0,0,0,36.37513472115405,36.46043533883423,36.03,36.480000000000004,40.06761804047072,32.31769536994772,40.06761804047072,32.31769536994772,83.61312810487863,82.4213558776262,83.61312810487863,82.4213558776262,96,101,96,101,-1,4,-1,4,-1,4,-1,4,96,101,96,101
1787797260,36.49,36.49,36.45,36.45,0,0,0,0,0,0,0,1,36.39117083245937,36.46046417460039,36.03,36.49,41.88251607159357,33.68409832732569,41.88251607159357,33.68409832732569,85.25440134937136,83.83787861349879,85.25440134937136,83.83787861349879,96,101,96,101,-1,4,-1,4,-1,4,-1,4,96,101,96,101
1787797440,36.29,36.33,36.29,36.33,0,0,0,0,0,0,0,0,36.377624620497066,36.45903335362593,36.03,36.49,42.54737036579945,34.950280047107654,42.54737036579945,34.950280047107654,82.01137136936991,82.92462499143434,82.01137136936991,82.92462499143434,96,101,96,101,-1,4,-1,4,-1,4,-1,4,96,101,96,101
1787797500,36.34,36.34,36.300000000000004,36.34,0,0,0,0,0,0,0,0,36.36835953798245,36.457716272163644,36.03,36.49,43.24976908116754,36.13592133768764,43.24976908116754,36.13592133768764,79.77874384851783,81.3516844199761,79.77874384851783,81.3516844199761,96,101,96,101,-1,4,-1,4,-1,4,-1,4,96,101,96,101
1787797560,36.39,36.4,36.36,36.4,0,0,0,0,0,0,0,0,36.37168810683413,36.45700931091492,36.03,36.49,44.41220054135624,37.31824693821172,44.41220054135624,37.31824693821172,79.56190466518916,80.45679454258263,79.56190466518916,80.45679454258263,96,101,96,101,-1,4,-1,4,-1,4,-1,4,96,101,96,101
1787797680,36.44,36.46,36.42,36.46,0,0,0,0,0,0,0,0,36.38532057225822,36.45690639903185,36.03,36.49,46.0018052645927,38.558755270551856,46.0018052645927,38.558755270551856,81.17728474407514,80.81703964332888,81.17728474407514,80.81703964332888,96,101,96,101,-1,4,-1,4,-1,4,-1,4,96,101,96,101
1787797740,36.480000000000004,36.480000000000004,36.440000000000005,36.440000000000005,0,0,0,0,0,0,0,0,36.39768652881734,36.45687084613933,36.03,36.49,47.598421344246624,39.85013613822254,47.598421344246624,39.85013613822254,82.81034344523214,81.81369154428052,82.81034344523214,81.81369154428052,96,101,96,101,-1,4,-1,4,-1,4,-1,4,96,101,96,101
1787797800,36.38,36.39,36.35,36.39,0,0,0,0,0,0,0,0,36.39386473569903,36.45607279460229,36.09,36.49,50.13073749520237,41.31879347493394,50.13073749520237,41.31879347493394,81.84985959901887,81.8317755716497,81.84985959901887,81.8317755716497,96,101,96,101,-1,4,-1,4,-1,4,-1,4,96,101,96,101
1787797860,36.42,36.44,36.4,36.4,0,0,0,0,0,0,0,0,36.39740448072345,36.45564752633096,36.15,36.49,52.60323929639247,42.93085716371373,52.60323929639247,42.93085716371373,82.02037655071175,81.92607606118072,82.02037655071175,81.92607606118072,96,101,96,101,-1,4,-1,4,-1,4,-1,4,96,101,96,101
1787797980,36.38,36.42,36.38,36.42,0,0,0,0,0,0,0,0,36.39908851453131,36.455160154593,36.2,36.49,55.141264576674374,44.675201079850964,55.141264576674374,44.675201079850964,81.91808673290825,81.92208139704448,81.91808673290825,81.92208139704448,96,101,96,101,-1,4,-1,4,-1,4,-1,4,96,101,96,101
1787797980.001,36.43,36.45,36.410000000000004,36.45,0,0,0,0,0,0,0,0,36.405920905828644,36.45497613978777,36.24,36.49,57.861198462844136,46.55891499170713,57.861198462844136,46.55891499170713,82.88631036733752,82.404195882191,82.88631036733752,82.404195882191,96,101,96,101,-1,4,-1,4,-1,4,-1,4,96,101,96,101
1787798040,36.5,36.54,36.5,36.54,0,0,0,0,0,0,0,0,36.427874680526465,36.455689478363674,36.27,36.54,60.87111285835527,48.603514686942574,60.87111285835527,48.603514686942574,84.88294390029495,83.64356989124298,84.88294390029495,83.64356989124298,96,101,96,101,-1,4,-1,4,-1,4,-1,4,96,101,96,101
1787798100,36.56,36.57,36.53,36.53,0,0,0,0,0,0,0,1,36.44886716285499,36.45656155652257,36.29,36.57,63.23959413606338,50.69438317967412,63.23959413606338,50.69438317967412,86.35469265527918,84.99913127326107,86.35469265527918,84.99913127326107,96,101,96,101,-1,4,-1,4,-1,4,-1,4,96,101,96,101
1787798280,36.51,36.55,36.51,36.55,0,0,0,0,0,0,0,0,36.46483070900257,36.45735862229515,36.29,36.57,65.65211779585414,52.831202410556976,65.65211779585414,52.831202410556976,87.3516413235726,86.17538629841684,87.3516413235726,86.17538629841684,96,101,96,101,-1,4,-1,4,-1,4,-1,4,96,101,96,101
1787798280.001,36.57,36.6,36.56,36.6,0,0,0,0,0,0,0,0,36.48698270130513,36.45864526950283,36.29,36.6,68.10553795329312,55.01325034523357,68.10553795329312,55.01325034523357,88.80767251293683,87.49152940567683,88.80767251293683,87.49152940567683,96,101,96,101,-1,4,-1,4,-1,4,-1,4,96,101,96,101
1787798400,36.67,36.67,36.63,36.63,0,0,0,0,0,0,0,0,36.51541008894662,36.46048296168025,36.29,36.67,70.01265629985754,57.156022624465564,70.01265629985754,57.156022624465564,89.87086215394584,88.68119577981133,89.87086215394584,88.68119577981133,96,101,96,101,-1,4,-1,4,-1,4,-1,4,96,101,96,101
1787798460,36.59,36.62,36.58,36.62,0,0,0,0,0,0,0,0,36.53200219398663,36.46193752590897,36.29,36.67,71.69078752890293,59.23241761081376,71.69078752890293,59.23241761081376,89.88931041766786,89.28525309873959,89.88931041766786,89.28525309873959,96,101,96,101,-1,4,-1,4,-1,4,-1,4,96,101,96,101
1787798520,36.660000000000004,36.68,36.64,36.68,0,0,0,0,0,0,0,0,36.55648664356482,36.46397463178716,36.29,36.68,73.71287413398129,61.30105425698055,73.71287413398129,61.30105425698055,91.06995837997903,90.17760573935931,91.06995837997903,90.17760573935931,96,101,96,101,-1,4,-1,4,-1,4,-1,4,96,101,96,101
1787798580,36.69,36.72,36.68,36.72,0,0,0,0,0,0,0,0,36.58379210231061,36.466389477905366,36.29,36.72,75.59052598155405,63.34240736049105,75.59052598155405,63.34240736049105,92.05582353894691,91.11671463915312,92.05582353894691,91.11671463915312,96,101,96,101,-1,4,-1,4,-1,4,-1,4,96,101,96,101
1787798640,36.74,36.76,36.72,36.76,0,0,0,0,0,0,0,0,36.61340565946626,36.46917830565423,36.29,36.76,77.33405984001448,65.34121485756582,77.33405984001448,65.34121485756582,92.95587223103486,92.036293435094,92.95587223103486,92.036293435094,96,101,96,101,-1,4,-1,4,-1,4,-1,4,96,101,96,101
1787798760,36.800000000000004,36.81,36.77,36.81,0,0,0,0,0,0,0,0,36.64672584259361,36.47243689631107,36.29,36.81,78.95305556572772,67.28576353016037,78.95305556572772,67.28576353016037,93.77902601487973,92.90765972498687,93.77902601487973,92.90765972498687,96,101,96,101,-1,4,-1,4,-1,4,-1,4,96,101,96,101
1787799000,36.88,36.92,36.88,36.92,0,0,0,0,0,0,0,0,36.69398781060689,36.476757590543464,36.29,36.92,80.45640873960431,69.16728427436665,80.45640873960431,69.16728427436665,94.39234932084359,93.65000452291522,94.39234932084359,93.65000452291522,96,101,96,101,-1,4,-1,4,-1,4,-1,4,96,101,96,101
1787799060,36.94,36.94,36.9,36.9,0,0,0,0,0,0,0,0,36.73386881473897,36.48110162778515,36.300000000000004,36.94,81.57765426919302,70.94019427362757,81.57765426919302,70.94019427362757,94.7594458916453,94.20472520728026,94.7594458916453,94.20472520728026,96,101,96,101,-1,4,-1,4,-1,4,-1,4,96,101,96,101
1787799120,36.88,36.91,36.87,36.91,0,0,0,0,0,0,0,0,36.76346842418037,36.48523660329641,36.35,36.94,82.68749215106384,72.61837968468988,82.68749215106384,72.61837968468988,94.65867562913232,94.43170041820629,94.65867562913232,94.43170041820629,96,101,96,101,-1,4,-1,4,-1,4,-1,4,96,101,96,101
1787799180,36.92,36.92,36.88,36.88,0,0,0,0,0,0,0,0,36.78708022584454,36.489297267276875,36.35,36.94,83.46817280288758,74.16835013014669,83.46817280288758,74.16835013014669,94.52376278415429,94.4777316011803,94.52376278415429,94.4777316011803,96,101,96,101,-1,4,-1,4,-1,4,-1,4,96,101,96,101
1787799240,36.86,36.89,36.85,36.85,0,0,0,0,0,0,0,0,36.80094442720614,36.493019019177936,36.35,36.94,83.96512702517376,75.56788968657914,83.96512702517376,75.56788968657914,93.60032545678045,94.03902852898037,93.60032545678045,94.03902852898037,96,101,96,101,-1,4,-1,4,-1,4,-1,4,96,101,96,101
1787799420,36.800000000000004,36.83,36.79,36.83,0,0,0,0,0,0,0,0,36.80380301619896,36.49623939377982,36.35,36.94,84.27460883340602,76.8117067075544,84.27460883340602,76.8117067075544,91.78928995196576,92.91415924047305,91.78928995196576,92.91415924047305,96,101,96,101,-1,4,-1,4,-1,4,-1,4,96,101,96,101
1787799540,36.84,36.84,36.800000000000004,36.800000000000004,0,0,0,0,0,0,0,0,36.805535801132486,36.49939455735746,36.38,36.94,84.3340212723573,77.88632307395483,84.3340212723573,77.88632307395483,90.23697380498173,91.5755665227274,90.23697380498173,91.5755665227274,96,101,96,101,-1,4,-1,4,-1,4,-1,4,96,101,96,101
1787799540.001,36.79,36.79,36.75,36.75,0,0,0,0,0,0,0,0,36.797862625169,36.50202081383483,36.38,36.94,83.97786447340012,78.75654327387558,83.97786447340012,78.75654327387558,87.80751600866566,89.69154126569653,87.80751600866566,89.69154126569653,96,101,96,101,-1,4,-1,4,-1,4,-1,4,96,101,96,101
1787799660,36.71,36.75,36.71,36.75,0,0,0,0,0,0,0,0,36.78673608725949,36.50435559844012,36.410000000000004,36.94,83.64714744579702,79.4552010127215,83.64714744579702,79.4552010127215,85.02182690852669,87.3566840871116,85.02182690852669,87.3566840871116,96,101,96,101,-1,4,-1,4,-1,4,-1,4,96,101,96,101
1787799720,36.77,36.78,36.74,36.78,0,0,0,0,0,0,0,0,36.78308710169716,36.506965658820484,36.5,36.94,83.55932137235314,80.0415039212403,83.55932137235314,80.0415039212403,83.42530218533068,85.39099313622114,83.42530218533068,85.39099313622114,96,101,96,101,-1,4,-1,4,-1,4,-1,4,96,101,96,101
1787799900,36.84,36.84,36.800000000000004,36.800000000000004,0,0,0,0,0,0,0,0,36.788586416540106,36.51001409339275,36.51,36.94,83.63475446114114,80.55482542694043,83.63475446114114,80.55482542694043,83.06784143358024,84.22941728490069,83.06784143358024,84.22941728490069,96,101,96,101,-1,4,-1,4,-1,4,-1,4,96,101,96,101
1787799960,36.79,36.83,36.79,36.79,0,0,0,0,0,0,0,0,36.79126767413887,36.51293269279514,36.51,36.94,83.62630653652275,80.99360844259503,83.62630653652275,80.99360844259503,82.36584210790387,83.29762969640228,82.36584210790387,83.29762969640228,96,101,96,101,-1,4,-1,4,-1,4,-1,4,96,101,96,101
1787800020,36.76,36.76,36.72,36.72,0,0,0,0,0,0,0,0,36.78073415762877,36.51512573399452,36.56,36.94,83.06901148564084,81.29009459160159,83.06901148564084,81.29009459160159,80.40149103754396,81.84956036697312,80.40149103754396,81.84956036697312,96,101,96,101,-1,4,-1,4,-1,4,-1,4,96,101,96,101
1787800140,36.7,36.74,36.7,36.74,0,0,0,0,0,0,0,0,36.77090370472657,36.51723061889673,36.58,36.94,82.70850909537924,81.49272523499839,82.70850909537924,81.49272523499839,78.45402528492791,80.15179282595051,78.45402528492791,80.15179282595051,96,101,96,101,-1,4,-1,4,-1,4,-1,4,96,101,96,101
1787800260,36.77,36.8,36.76,36.8,0,0,0,0,0,0,0,0,36.773769697806586,36.51991157459594,36.58,36.94,82.84471448966534,81.68586655709366,82.84471448966534,81.68586655709366,78.14740628818004,79.14959955706527,78.14740628818004,79.14959955706527,96,101,96,101,-1,4,-1,4,-1,4,-1,4,96,101,96,101
1787800380,36.84,36.85,36.81,36.85,0,0,0,0,0,0,0,0,36.7852055103266,36.52306336655684,36.64,36.94,83.3636556053957,81.9255507068511,83.3636556053957,81.9255507068511,79.03706253272586,79.09333104489556,79.03706253272586,79.09333104489556,96,101,96,101,-1,4,-1,4,-1,4,-1,4,96,101,96,101
1787800500,36.87,36.88,36.84,36.88,0,0,0,0,0,0,0,0,36.80001662966116,36.52648230486639,36.68,36.94,84.08100830548129,82.23347322094114,84.08100830548129,82.23347322094114,80.33685263095646,79.71509183792601,80.33685263095646,79.71509183792601,96,101,96,101,-1,4,-1,4,-1,4,-1,4,96,101,96,101
1787800680,36.89,36.91,36.87,36.91,0,0,0,0,0,0,0,0,36.81758936366216,36.530165731351964,36.7,36.94,84.98260033389667,82.62620566564907,84.98260033389667,82.62620566564907,82.12892453113471,80.92200818453037,82.12892453113471,80.92200818453037,96,101,96,101,-1,4,-1,4,-1,4,-1,4,96,101,96,101
1787801100,36.93,36.93,36.89,36.89,0,0,0,0,0,0,0,1,36.833179176329644,36.53387884181944,36.7,36.94,85.66280706043939,83.06000586490482,85.66280706043939,83.06000586490482,83.85869076034326,82.39034947243681,83.85869076034326,82.39034947243681,96,101,96,101,-1,4,-1,4,-1,4,-1,4,96,101,96,101
1787806800,36.800000000000004,36.81,36.77,36.81,0,0,0,0,0,0,0,0,36.8265405382091,36.53649364604677,36.7,36.94,85.66648410714274,83.43235989951025,85.66648410714274,83.43235989951025,82.7747615718198,82.5825555221283,82.7747615718198,82.5825555221283,96,101,96,101,-1,4,-1,4,-1,4,-1,4,96,101,96,101
1787806920,36.85,36.86,36.82,36.82,0,0,0,0,0,0,0,0,36.827775591868054,36.53944727477599,36.7,36.94,85.74839144328875,83.76322154862146,85.74839144328875,83.76322154862146,82.53142828604956,82.55699190408893,82.53142828604956,82.55699190408893,96,101,96,101,-1,4,-1,4,-1,4,-1,4,96,101,96,101
1787807040,36.81,36.84,36.800000000000004,36.84,0,0,0,0,0,0,0,0,36.827573969104165,36.54230517917291,36.7,36.93,85.98143412669594,84.08010905977495,85.98143412669594,84.08010905977495,82.11877526559373,82.33788358484134,82.11877526559373,82.33788358484134,96,101,96,101,-1,4,-1,4,-1,4,-1,4,96,101,96,101
1787807100,36.85,36.86,36.82,36.82,0,0,0,0,0,0,0,0,36.82862112623674,36.54520098170187,36.7,36.93,86.04084503287389,84.3602141987891,86.04084503287389,84.3602141987891,81.81609308479455,82.07698833481794,81.81609308479455,82.07698833481794,96,101,96,101,-1,4,-1,4,-1,4,-1,4,96,101,96,101
1787807220,36.81,36.85,36.81,36.81,0,0,0,0,0,0,0,0,36.82765970934521,36.547968467787754,36.7,36.93,86.01751936726048,84.59697207999929,86.01751936726048,84.59697207999929,80.45275511164206,81.26487172323,80.45275511164206,81.26487172323,96,101,96,101,-1,4,-1,4,-1,4,-1,4,96,101,96,101
1787807400,36.800000000000004,36.84,36.800000000000004,36.800000000000004,0,0,0,0,0,0,0,0,36.82505491370669,36.5506089142111,36.7,36.93,85.91736688498368,84.78559990928277,85.91736688498368,84.78559990928277,78.85983660732141,80.0623541652757,78.85983660732141,80.0623541652757,96,101,96,101,-1,4,-1,4,-1,4,-1,4,96,101,96,101
1787807460,36.77,36.79,36.75,36.75,0,0,0,0,0,0,0,0,36.81383280818426,36.55272557509789,36.7,36.93,85.43190347326195,84.87792898985121,85.43190347326195,84.87792898985121,75.96623868667426,78.01429642597498,75.96623868667426,78.01429642597498,96,101,96,101,-1,4,-1,4,-1,4,-1,4,96,101,96,101
1787807520,36.730000000000004,36.77,36.730000000000004,36.77,0,0,0,0,0,0,0,0,36.80343896427197,36.55475483969061,36.7,36.93,85.04391036802899,84.90164061530517,85.04391036802899,84.90164061530517,72.40715195699917,75.21072419148707,72.40715195699917,75.21072419148707,96,101,96,101,-1,4,-1,4,-1,4,-1,4,96,101,96,101
1787807580,36.78,36.78,36.74,36.78,0,0,0,0,0,0,0,0,36.796753091980094,36.556863415083406,36.7,36.93,84.6655478733868,84.86791308074541,84.6655478733868,84.86791308074541,69.6823207250472,72.44652245826714,69.6823207250472,72.44652245826714,96,101,96,101,-1,4,-1,4,-1,4,-1,4,96,101,96,101
1787807580.001,36.79,36.83,36.79,36.83,0,0,0,0,0,0,0,0,36.80037374192311,36.559448522064336,36.7,36.93,84.69908982065455,84.843795472161,84.69908982065455,84.843795472161,69.01341776432626,70.7299701112967,69.01341776432626,70.7299701112967,96,101,96,101,-1,4,-1,4,-1,4,-1,4,96,101,96,101
1787807640,36.94,36.98,36.94,36.98,0,0,0,0,0,0,0,0,36.83060881914921,36.56350044390118,36.7,36.98,85.79201197632209,84.97925497275546,85.79201197632209,84.97925497275546,72.76780346185956,71.74888678657813,72.76780346185956,71.74888678657813,96,101,96,101,-1,4,-1,4,-1,4,-1,4,96,101,96,101
1787807640.001,37.14,37.14,37.1,37.1,0,0,0,0,0,0,0,0,36.8820132762736,36.568971417925376,36.7,37.14,86.47846103876871,85.1934272679002,86.47846103876871,85.1934272679002,75.91277563811562,73.83083121234688,75.91277563811562,73.83083121234688,96,101,96,101,-1,4,-1,4,-1,4,-1,4,96,101,96,101
1787807640.002,37.08,37.08,37.04,37.04,0,0,0,0,0,0,0,0,36.913162377557185,36.57379093947172,36.7,37.14,86.60394911583144,85.39493038903323,86.60394911583144,85.39493038903323,76.62653496254055,75.22868308744371,76.62653496254055,75.22868308744371,96,101,96,101,-1,4,-1,4,-1,4,-1,4,96,101,96,101
1787807700,36.99,37.03,36.99,37.03,0,0,0,0,0,0,0,0,36.93198133921346,36.5781976631254,36.7,37.14,86.63644014537292,85.5722889256532,86.63644014537292,85.5722889256532,75.87469230555429,75.551687696499,75.87469230555429,75.551687696499,96,101,96,101,-1,4,-1,4,-1,4,-1,4,96,101,96,101
1787807700.001,37.050000000000004,37.08,37.04,37.04,0,0,0,0,0,0,0,0,36.95404533814435,36.582925381236926,36.730000000000004,37.14,86.75064400053533,85.74062536492207,86.75064400053533,85.74062536492207,76.3990869112542,75.9753873038766,76.3990869112542,75.9753873038766,96,101,96,101,-1,4,-1,4,-1,4,-1,4,96,101,96,101
1787807760,36.94,36.98,36.94,36.98,0,0,0,0,0,0,0,0,36.9563401251484,36.58674370248498,36.730000000000004,37.14,86.35248875679959,85.82803442090459,86.35248875679959,85.82803442090459,74.05636020964637,75.0158737567615,74.05636020964637,75.0158737567615,96,101,96,101,-1,4,-1,4,-1,4,-1,4,96,101,96,101
1787807820,36.99,37,36.96,37,0,0,0,0,0,0,0,0,36.96185404178809,36.59072303546191,36.730000000000004,37.14,86.15084040022147,85.874149560807,86.15084040022147,85.874149560807,72.89246459528133,73.95416917602141,72.89246459528133,73.95416917602141,96,101,96,101,-1,4,-1,4,-1,4,-1,4,96,101,96,101
1787807880,37.050000000000004,37.050000000000004,37.010000000000005,37.010000000000005,0,0,0,0,0,0,0,0,36.97303209479632,36.59502761554024,36.730000000000004,37.14,86.04762911113005,85.8989323537103,86.04762911113005,85.8989323537103,73.06367095179988,73.50892006391064,73.06367095179988,73.50892006391064,96,101,96,101,-1,4,-1,4,-1,4,-1,4,96,101,96,101
1787807940,36.980000000000004,37.01,36.97,37.01,0,0,1,0,0,0,0,0,36.97732928968183,36.59902402400916,36.730000000000004,37.14,85.95179005697368,85.9064834541765,85.95179005697368,85.9064834541765,72.23639328336097,72.8726566736358,72.23639328336097,72.8726566736358,96,101,96,101,-1,4,-1,4,-1,4,-1,4,96,101,96,101
1787808000,37.24,37.24,37.2,37.2,0,0,0,0,0,0,0,1,37.02023911580029,36.6051365544502,36.730000000000004,37.24,86.65448174463346,86.0133403528132,86.65448174463346,86.0133403528132,75.56770217938893,74.22017942651237,75.56770217938893,74.22017942651237,96,101,96,101,-1,4,-1,4,-1,4,-1,4,96,101,96,101
1787808060,37.12,37.16,37.12,37.16,0,0,0,0,0,0,0,0,37.04322594323054,36.610524913775734,36.730000000000004,37.24,87.00622928918969,86.15518162943842,87.00622928918969,86.15518162943842,76.51834789979358,75.36926366315298,76.51834789979358,75.36926366315298,96,101,96,101,-1,4,-1,4,-1,4,-1,4,96,101,96,101
1787808060.001,37.17,37.21,37.17,37.21,0,0,0,0,0,0,0,0,37.071124256582564,36.616357170023406,36.730000000000004,37.24,87.70879185875883,86.37712594791276,87.70879185875883,86.37712594791276,78.6559384114633,77.01260103730814,78.6559384114633,77.01260103730814,96,101,96,101,-1,4,-1,4,-1,4,-1,4,96,101,96,101
1787808120,37.24,37.24,37.2,37.2,0,0,0,0,0,0,0,0,37.09698045235543,36.622297231349876,36.730000000000004,37.24,88.28278392963776,86.6493628024449,88.28278392963776,86.6493628024449,81.07016943204806,79.0413852346781,81.07016943204806,79.0413852346781,96,101,96,101,-1,4,-1,4,-1,4,-1,4,96,101,96,101
1787808240,37.19,37.21,37.17,37.17,0,0,0,0,0,0,0,0,37.11268097616959,36.62787968012583,36.730000000000004,37.24,88.55793018185464,86.92201528521773,88.55793018185464,86.92201528521773,82.24003940736395,80.64071232102103,82.24003940736395,80.64071232102103,96,101,96,101,-1,4,-1,4,-1,4,-1,4,96,101,96,101
1787808300,37.160000000000004,37.17,37.13,37.13,0,0,0,0,0,0,0,0,37.11825413201755,36.63300857219755,36.730000000000004,37.24,88.49239584302234,87.1463553649041,88.49239584302234,87.1463553649041,82.23749409520074,81.43910320811088,82.23749409520074,81.43910320811088,96,101,96,101,-1,4,-1,4,-1,4,-1,4,96,101,96,101
1787808360,37.11,37.15,37.11,37.15,0,0,0,0,0,0,0,0,37.121601865590115,36.6380200955256,36.730000000000004,37.24,88.59205617205201,87.35288405163952,88.59205617205201,87.35288405163952,81.97076213451065,81.70493267131076,81.97076213451065,81.70493267131076,96,101,96,101,-1,4,-1,4,-1,4,-1,4,96,101,96,101
1787808420,37.18,37.18,37.14,37.14,0,0,0,0,0,0,0,0,37.12737122336161,36.64314759042916,36.730000000000004,37.24,88.60434108432116,87.53166362773689,88.60434108432116,87.53166362773689,82.32414532164415,82.01453899647746,82.32414532164415,82.01453899647746,96,101,96,101,-1,4,-1,4,-1,4,-1,4,96,101,96,101
1787808480,37.02,37.02,36.980000000000004,36.980000000000004,0,0,0,0,0,0,0,0,37.10300069790192,36.64663202568194,36.74,37.24,87.2588482826172,87.49269000700552,87.2588482826172,87.49269000700552,78.39424096352586,80.20438998000165,78.39424096352586,80.20438998000165,96,101,96,101,-1,4,-1,4,-1,4,-1,4,96,101,96,101
1787808600,36.96,37,36.96,37,0,0,0,0,0,0,0,0,37.081849055859145,36.65001545494547,36.79,37.24,86.17557506641695,87.30453072977858,86.17557506641695,87.30453072977858,74.30990962139748,77.25714980069957,74.30990962139748,77.25714980069957,96,101,96,101,-1,4,-1,4,-1,4,-1,4,96,101,96,101
1787808600.001,37.01,37.01,36.97,36.97,0,0,0,0,0,0,0,0,37.063937106309,36.65333205075032,36.94,37.24,84.83945395582087,86.95237690492749,84.83945395582087,86.95237690492749,70.8650765942509,74.06111319747524,70.8650765942509,74.06111319747524,96,101,96,101,-1,4,-1,4,-1,4,-1,4,96,101,96,101
1787808660,36.96,36.96,36.92,36.92,0,0,0,0,0,0,0,0,37.04019096576797,36.656118133164085,36.92,37.24,82.8335470130306,86.3639726346565,82.8335470130306,86.3639726346565,66.51180234689303,70.28645777218414,66.51180234689303,70.28645777218414,96,101,96,101,-1,4,-1,4,-1,4,-1,4,96,101,96,101
1787808660.001,36.9,36.92,36.88,36.88,0,0,0,0,0,0,0,0,37.013489578052585,36.65847848341453,36.88,37.24,80.53721733401767,85.53157902027952,80.53721733401767,85.53157902027952,61.5479314233873,65.91719459778571,61.5479314233873,65.91719459778571,96,101,96,101,-1,4,-1,4,-1,4,-1,4,96,101,96,101
1787808780,36.86,36.9,36.86,36.9,0,0,0,0,0,0,0,0,36.99043086689151,36.660749012601116,36.86,37.24,78.60060591974829,84.54144000591792,78.60060591974829,84.54144000591792,57.06909528167082,61.49314493972827,57.06909528167082,61.49314493972827,96,101,96,101,-1,4,-1,4,-1,4,-1,4,96,101,96,101
1787808840,36.93,36.94,36.9,36.9,0,0,0,0,0,0,0,0,36.9764131335173,36.663262289424324,36.86,37.24,76.5577054969091,83.40090650463094,76.5577054969091,83.40090650463094,54.07042900893909,57.78178697433368,54.07042900893909,57.78178697433368,96,101,96,101,-1,4,-1,4,-1,4,-1,4,96,101,96,101
1787808900,36.88,36.91,36.87,36.91,0,0,0,0,0,0,0,0,36.961913775908094,36.66558472103868,36.86,37.24,74.66072653284412,82.15230936580426,74.66072653284412,82.15230936580426,50.995941951639594,54.38886446298663,50.995941951639594,54.38886446298663,96,101,96,101,-1,4,-1,4,-1,4,-1,4,96,101,96,101
1787809080,36.94,36.94,36.9,36.9,0,0,0,0,0,0,0,0,36.95308096816723,36.66804988136002,36.86,37.24,72.79102095798727,80.81498245040184,72.79102095798727,80.81498245040184,48.920891420732914,51.65487794185977,48.920891420732914,51.65487794185977,96,101,96,101,-1,4,-1,4,-1,4,-1,4,96,101,96,101
1787809140,36.87,36.89,36.85,36.89,0,0,0,0,0,0,0,0,36.93918745880349,36.67012567026855,36.85,37.24,70.56785279432151,79.35110678524752,70.56785279432151,79.35110678524752,46.07785090964773,48.86636442575375,46.07785090964773,48.86636442575375,96,101,96,101,-1,4,-1,4,-1,4,-1,4,96,101,96,101
1787809260,36.9,36.93,36.89,36.93,0,0,0,0,0,0,0,0,36.935092769324065,36.67257881451131,36.85,37.24,68.71606739064548,77.83181544316152,68.71606739064548,77.83181544316152,44.70538481331152,46.785874619532635,44.70538481331152,46.785874619532635,96,101,96,101,-1,4,-1,4,-1,4,-1,4,96,101,96,101
1787809320,36.97,36.98,36.94,36.98,0,0,0,0,0,0,0,0,36.94083347793181,36.675505061796436,36.85,37.24,67.51148056644585,76.35748188934498,67.51148056644585,76.35748188934498,45.041590344182865,45.91373248185775,45.041590344182865,45.91373248185775,96,101,96,101,-1,4,-1,4,-1,4,-1,4,96,101,96,101
1787809380,37.03,37.06,37.02,37.06,0,0,0,0,0,0,0,0,36.960075875883604,36.67919821209365,36.85,37.24,67.45113671646162,75.08514686464737,67.45113671646162,75.08514686464737,47.45861805411763,46.68617526798769,47.45861805411763,46.68617526798769,96,101,96,101,-1,4,-1,4,-1,4,-1,4,96,101,96,101
1787809440,37.08,37.08,37.04,37.04,0,0,0,0,0,0,0,0,36.9770317772381,36.68292094961843,36.85,37.24,67.13055287692596,73.94877629497289,67.13055287692596,73.94877629497289,49.810468136022244,48.24832170200497,49.810468136022244,48.24832170200497,96,101,96,101,-1,4,-1,4,-1,4,-1,4,96,101,96,101
1787809500,37.02,37.06,37.02,37.02,0,0,0,0,0,0,0,0,36.98726842380087,36.68640764000365,36.85,37.24,66.5683176185212,72.89442505547979,66.5683176185212,72.89442505547979,50.92325840230489,49.585790052154934,50.92325840230489,49.585790052154934,96,101,96,101,-1,4,-1,4,-1,4,-1,4,96,101,96,101
1787809620,37,37.04,37,37.04,0,0,0,0,0,0,0,0,36.99443174068556,36.6897933019605,36.85,37.21,66.3107922859813,71.95390608840857,66.3107922859813,71.95390608840857,51.07707863054706,50.331434341351,51.07707863054706,50.331434341351,96,101,96,101,-1,4,-1,4,-1,4,-1,4,96,101,96,101
1787809680,37.07,37.07,37.03,37.03,0,0,0,0,0,0,0,0,37.00332293934879,36.69331111321794,36.85,37.18,65.93938648777626,71.09468900260394,65.93938648777626,71.09468900260394,50.95984029138457,50.64563731636778,50.95984029138457,50.64563731636778,96,101,96,101,-1,4,-1,4,-1,4,-1,4,96,101,96,101
1787809740,37,37.03,36.99,36.99,0,0,0,0,0,0,0,0,37.003324829164164,36.69639591142804,36.85,37.18,65.06540914605678,70.23336330881149,65.06540914605678,70.23336330881149,49.1743686014065,49.91000295888714,49.1743686014065,49.91000295888714,96,101,96,101,-1,4,-1,4,-1,4,-1,4,96,101,96,101
1787809860,36.95,36.99,36.95,36.99,0,0,0,0,0,0,0,0,36.99847789052826,36.69918467516176,36.85,37.18,64.25385875731726,69.37914837288375,64.25385875731726,69.37914837288375,46.691583343330194,48.300793151108664,46.691583343330194,48.300793151108664,96,101,96,101,-1,4,-1,4,-1,4,-1,4,96,101,96,101
1787809980,37.02,37.02,36.980000000000004,36.980000000000004,0,0,0,0,0,0,0,0,36.997542516492814,36.702111527481875,36.85,37.08,63.368001121212615,68.52041305121644,63.368001121212615,68.52041305121644,45.36934249941151,46.83506782526008,45.36934249941151,46.83506782526008,96,101,96,101,-1,4,-1,4,-1,4,-1,4,96,101,96,101
1787810160,36.910000000000004,36.95,36.910000000000004,36.95,0,0,0,0,0,0,0,0,36.98647418016079,36.704445409463816,36.85,37.08,62.1485936337186,67.61015313443103,62.1485936337186,67.61015313443103,41.964930933561625,44.39999937941086,41.964930933561625,44.39999937941086,96,101,96,101,-1,4,-1,4,-1,4,-1,4,96,101,96,101
1787810280,36.97,36.99,36.95,36.95,0,0,0,0,0,0,0,0,36.98226675346489,36.7070214087063,36.85,37.08,61.016286681045585,66.66817221251883,61.016286681045585,66.66817221251883,40.072504902759846,42.23625214108535,40.072504902759846,42.23625214108535,96,101,96,101,-1,4,-1,4,-1,4,-1,4,96,101,96,101
1787810460,36.93,36.97,36.93,36.97,0,0,0,0,0,0,0,0,36.977612192228854,36.70950544112381,36.85,37.08,60.22940906097085,65.74834890515483,60.22940906097085,65.74834890515483,38.1573851547465,40.196818647915926,38.1573851547465,40.196818647915926,96,101,96,101,-1,4,-1,4,-1,4,-1,4,96,101,96,101
1787810580,36.99,37,36.96,37,0,0,0,0,0,0,0,0,36.97925846030846,36.71226326426354,36.85,37.08,59.895562382012585,64.91223654470593,59.895562382012585,64.91223654470593,37.834535260845,39.01567695438047,37.834535260845,39.01567695438047,96,101,96,101,-1,4,-1,4,-1,4,-1,4,96,101,96,101
1787811060,37.02,37.02,36.980000000000004,36.980000000000004,0,0,0,0,0,0,0,0,36.98181752813116,36.71505998136871,36.85,37.08,59.32101162985827,64.11349012829912,59.32101162985827,64.11349012829912,37.77758700013849,38.396631977259474,37.77758700013849,38.396631977259474,96,101,96,101,-1,4,-1,4,-1,4,-1,4,96,101,96,101
1787811120,36.97,37.01,36.97,37.01,0,0,0,0,0,0,0,0,36.98451737150125,36.717862037938836,36.85,37.08,59.18432561396886,63.40932376910907,59.18432561396886,63.40932376910907,37.65551413198677,38.026073054623126,37.65551413198677,38.026073054623126,96,101,96,101,-1,4,-1,4,-1,4,-1,4,96,101,96,101
1787811300,37.02,37.06,37.02,37.06,0,0,0,0,0,0,0,0,36.99581724334951,36.72113372578688,36.85,37.08,59.718778546304414,62.882103022994116,59.718778546304414,62.882103022994116,39.382382076501564,38.70422756556235,39.382382076501564,38.70422756556235,96,101,96,101,-1,4,-1,4,-1,4,-1,4,96,101,96,101
1787811480,37.09,37.1,37.06,37.06,0,0,0,0,0,0,0,1,37.00991107789202,36.72463819949381,36.85,37.1,60.075000246778465,62.4810883406776,60.075000246778465,62.4810883406776,41.961455699272264,40.332841632417306,41.961455699272264,40.332841632417306,96,101,96,101,-1,4,-1,4,-1,4,-1,4,96,101,96,101
1787811720,37.050000000000004,37.09,37.050000000000004,37.09,0,0,0,0,0,0,0,0,37.02204845766923,36.72814097031145,36.85,37.1,60.8259456073027,62.2446393787669,60.8259456073027,62.2446393787669,44.172090233075984,42.252465932746645,44.172090233075984,42.252465932746645,96,101,96,101,-1,4,-1,4,-1,4,-1,4,96,101,96,101
1787811900,37.13,37.16,37.12,37.16,0,0,0,0,0,0,0,0,37.04470631385058,36.73230540510105,36.89,37.16,62.503644170366435,62.281640063281124,62.503644170366435,62.281640063281124,49.60782337438258,45.93014465356461,49.60782337438258,45.93014465356461,96,101,96,101,-1,4,-1,4,-1,4,-1,4,96,101,96,101
1787811960,37.17,37.19,37.15,37.19,0,0,0,0,0,0,0,0,37.06869910527169,36.73672691019126,36.910000000000004,37.19,64.48167518900966,62.595930795528055,64.48167518900966,62.595930795528055,56.30250406879849,51.116324361181555,56.30250406879849,51.116324361181555,96,101,96,101,-1,4,-1,4,-1,4,-1,4,96,101,96,101
1787812020,37.2,37.2,37.160000000000004,37.160000000000004,0,0,0,0,0,0,0,0,37.087723510373806,36.741071252710086,36.910000000000004,37.2,65.898250210523,63.0676907119559,65.898250210523,63.0676907119559,61.56541165080684,56.340868005994196,61.56541165080684,56.340868005994196,96,101,96,101,-1,4,-1,4,-1,4,-1,4,96,101,96,101
1787812080,37.13,37.17,37.13,37.17,0,0,0,0,0,0,0,0,37.10025862969978,36.7452065304609,36.910000000000004,37.2,67.35369732433718,63.67997737086751,67.35369732433718,63.67997737086751,65.17851610885488,60.75969205742454,65.17851610885488,60.75969205742454,96,101,96,101,-1,4,-1,4,-1,4,-1,4,96,101,96,101
1787812200,37.18,37.18,37.14,37.14,0,0,0,0,0,0,0,1,37.10990857581497,36.74926749367356,36.910000000000004,37.2,68.28501586279485,64.33784001257142,68.28501586279485,64.33784001257142,68.35709544024309,64.55839374883381,68.35709544024309,64.55839374883381,96,101,96,101,-1,4,-1,4,-1,4,-1,4,96,101,96,101
1787812440,37.13,37.15,37.11,37.11,0,0,0,0,0,0,0,0,37.112349440818306,36.75298954182937,36.910000000000004,37.2,68.72964358127865,64.96524052238674,68.72964358127865,64.96524052238674,69.69383690796336,67.12611532839858,69.69383690796336,67.12611532839858,96,101,96,101,-1,4,-1,4,-1,4,-1,4,96,101,96,101
1787812800,37.1,37.14,37.1,37.14,0,0,0,0,0,0,0,0,37.114952572790735,36.75670772217601,36.910000000000004,37.2,69.56268024424051,65.62201762550869,69.56268024424051,65.62201762550869,70.92124796192776,69.02368164516318,70.92124796192776,69.02368164516318,96,101,96,101,-1,4,-1,4,-1,4,-1,4,96,101,96,101
1787812860,37.15,37.17,37.13,37.17,0,0,1,0,0,0,0,0,37.12253695349545,36.76068741316597,36.910000000000004,37.2,70.7563823556463,66.35549830124263,70.7563823556463,66.35549830124263,73.36106968165231,71.19237566340774,73.36106968165231,71.19237566340774,96,101,96,101,-1,4,-1,4,-1,4,-1,4,96,101,96,101
1787813100,37.18,37.19,37.15,37.15,0,0,0,0,0,0,0,0,37.12995447710234,36.76469384023231,36.910000000000004,37.2,71.58470798570512,67.10252825616585,71.58470798570512,67.10252825616585,75.69724340059989,73.44480953200382,75.69724340059989,73.44480953200382,96,101,96,101,-1,4,-1,4,-1,4,-1,4,96,101,96,101
1787813220,37.14,37.17,37.13,37.13,0,0,0,0,0,0,0,0,37.13238699641707,36.76846139737759,36.910000000000004,37.2,72.0737554545133,67.81270357021549,72.0737554545133,67.81270357021549,76.72008618010594,75.08244785605487,76.72008618010594,75.08244785605487,96,101,96,101,-1,4,-1,4,-1,4,-1,4,96,101,96,101
1787880600,37.09,37.09,37.050000000000004,37.050000000000004,0,0,0,0,0,0,0,0,37.1198317849473,36.77139544649158,36.910000000000004,37.2,71.40742278199207,68.32623488618357,71.40742278199207,68.32623488618357,74.57640039927449,74.82942412766468,74.57640039927449,74.82942412766468,96,101,96,101,-1,4,-1,4,-1,4,-1,4,96,101,96,101
1787880603,36.97,37.01,36.97,37.01,0,0,0,0,0,0,0,0,37.09743812707809,36.77363695116994,36.93,37.2,70.16403544042115,68.58877782250322,70.16403544042115,68.58877782250322,69.80017993407192,72.3148020308683,69.80017993407192,72.3148020308683,96,101,96,101,-1,4,-1,4,-1,4,-1,4,96,101,96,101
1787880606,37.08,37.08,37.04,37.04,0,0,0,0,0,0,0,0,37.08941907366995,36.77641999974868,36.93,37.2,69.12057259150215,68.66474850378877,69.12057259150215,68.66474850378877,68.23688892308185,70.27584547697506,68.23688892308185,70.27584547697506,96,101,96,101,-1,4,-1,4,-1,4,-1,4,96,101,96,101
1787880609,37,37.04,37,37.04,0,0,0,0,0,0,0,0,37.0780095451239,36.77891001633493,36.96,37.2,67.66324231481971,68.52167619107891,67.66324231481971,68.52167619107891,65.59080275039663,67.93332411368584,65.59080275039663,67.93332411368584,96,101,96,101,-1,4,-1,4,-1,4,-1,4,96,101,96,101
1787880615,37.07,37.08,37.04,37.04,0,0,0,0,0,0,0,0,37.07352296116198,36.78164059660357,36.97,37.2,66.31000705790031,68.20572345776768,66.31000705790031,68.20572345776768,63.77829175840417,65.85580793604501,63.77829175840417,65.85580793604501,96,101,96,101,-1,4,-1,4,-1,4,-1,4,96,101,96,101
1787880627,36.95,36.95,36.910000000000004,36.910000000000004,0,0,0,0,0,0,0,0,37.04621575610223,36.78305047458098,36.910000000000004,37.2,62.67247908123714,67.41525997540617,62.67247908123714,67.41525997540617,55.455284561390684,60.65554624871785,55.455284561390684,60.65554624871785,96,101,96,101,-1,4,-1,4,-1,4,-1,4,96,101,96,101
1787880633,36.89,36.91,36.87,36.91,0,0,0,0,0,0,0,0,37.01902501256849,36.78418098395497,36.87,37.2,59.29477453147835,66.25519062627363,59.29477453147835,66.25519062627363,48.74522226474203,54.70038425672994,48.74522226474203,54.70038425672994,96,101,96,101,-1,4,-1,4,-1,4,-1,4,96,101,96,101
1787880648,36.980000000000004,36.980000000000004,36.940000000000005,36.940000000000005,0,0,0,0,0,0,0,0,37.00708107088937,36.785864091908984,36.87,37.2,56.70778514186732,64.89127555707272,56.70778514186732,64.89127555707272,45.504562807008504,50.10247353186922,45.504562807008504,50.10247353186922,96,101,96,101,-1,4,-1,4,-1,4,-1,4,96,101,96,101
1787880651,36.9,36.94,36.9,36.94,0,0,0,0,0,0,0,0,36.992460270121605,36.787265112553335,36.87,37.2,54.30558070865694,63.379033435870454,54.30558070865694,63.379033435870454,41.34157331509825,45.72202342348373,41.34157331509825,45.72202342348373,96,101,96,101,-1,4,-1,4,-1,4,-1,4,96,101,96,101
1787880654,36.980000000000004,36.980000000000004,36.940000000000005,36.940000000000005,0,0,0,0,0,0,0,0,36.985346281614646,36.7889175326606,36.87,37.2,52.0749623063903,61.76416613165901,52.0749623063903,61.76416613165901,39.15857799302812,42.440300708255926,39.15857799302812,42.440300708255926,96,101,96,101,-1,4,-1,4,-1,4,-1,4,96,101,96,101
1787880657,36.9,36.94,36.9,36.94,0,0,0,0,0,0,0,0,36.97467726071501,36.79028817080991,36.87,37.2,50.00367378999971,60.08409579713625,50.00367378999971,60.08409579713625,35.902157760257914,39.17122923425692,35.902157760257914,39.17122923425692,96,101,96,101,-1,4,-1,4,-1,4,-1,4,96,101,96,101
1787880660,36.980000000000004,37.02,36.980000000000004,37.02,0,0,0,0,0,0,0,0,36.980493516342584,36.79244119066918,36.87,37.2,49.54553591855288,58.578587243052915,49.54553591855288,58.578587243052915,36.574143881087096,37.87268655767201,36.574143881087096,37.87268655767201,96,101,96,101,-1,4,-1,4,-1,4,-1,4,96,101,96,101
1787880666,37.050000000000004,37.08,37.04,37.04,0,0,0,0,0,0,0,0,36.99373711943181,36.79503713238723,36.87,37.19,49.48642254708111,57.27970657219981,49.48642254708111,57.27970657219981,39.14147397599659,38.5070802668343,39.14147397599659,38.5070802668343,96,101,96,101,-1,4,-1,4,-1,4,-1,4,96,101,96,101
1787880681,37.03,37.03,36.99,36.99,0,0,0,0,0,0,0,0,36.99548188559573,36.79710973140162,36.87,37.19,48.51578064353504,56.027717153819125,48.51578064353504,56.027717153819125,39.437280724014414,38.972180495424354,39.437280724014414,38.972180495424354,96,101,96,101,-1,4,-1,4,-1,4,-1,4,96,101,96,101
1787880687,36.96,37,36.96,37,0,0,0,0,0,0,0,0,36.99387911851772,36.79899587006097,36.87,37.19,47.7976204876781,54.851989058656116,47.7976204876781,54.851989058656116,38.73844841279168,38.85531445410802,38.73844841279168,38.85531445410802,96,101,96,101,-1,4,-1,4,-1,4,-1,4,96,101,96,101
1787880711,37.01,37.05,37.01,37.05,0,0,0,0,0,0,0,0,37.00165867272662,36.80136075360929,36.87,37.19,48.04650840156182,53.87977753621408,48.04650840156182,53.87977753621408,40.30395145338849,39.57963295374826,40.30395145338849,39.57963295374826,96,101,96,101,-1,4,-1,4,-1,4,-1,4,96,101,96,101
1787880717,37.07,37.09,37.050000000000004,37.09,0,0,0,0,0,0,0,0,37.01529648980663,36.804100115928264,36.87,37.19,49.376519706212214,53.23645498907096,49.376519706212214,53.23645498907096,43.55057310723352,41.56510303049089,43.55057310723352,41.56510303049089,96,101,96,101,-1,4,-1,4,-1,4,-1,4,96,101,96,101
1787880723,37.12,37.160000000000004,37.120000000000005,37.120000000000005,0,0,0,0,0,0,0,0,37.03675773408421,36.807376068340254,36.87,37.19,51.359829523115465,52.9683656367916,51.359829523115465,52.9683656367916,48.497893832174114,45.0314984313325,48.497893832174114,45.0314984313325,96,101,96,101,-1,4,-1,4,-1,4,-1,4,96,101,96,101
1787880747,37.11,37.12,37.08,37.12,0,0,0,0,0,0,0,0,37.0494684490992,36.810354084244,36.87,37.17,53.201474353096906,53.001666881978075,53.201474353096906,53.001666881978075,51.959233674330974,48.49536605283174,51.959233674330974,48.49536605283174,96,101,96,101,-1,4,-1,4,-1,4,-1,4,96,101,96,101
1787880768,37.13,37.17,37.13,37.17,0,0,0,0,0,0,0,0,37.06895903411147,36.81379998058651,36.87,37.17,55.931981287059344,53.42028322556111,55.931981287059344,53.42028322556111,56.83085830094176,52.663112176886756,56.83085830094176,52.663112176886756,96,101,96,101,-1,4,-1,4,-1,4,-1,4,96,101,96,101
1787880792,37.18,37.21,37.17,37.17,0,0,0,0,0,0,0,0,37.08975436124272,36.81747692937006,36.87,37.21,58.28604611576147,54.115392209875445,58.28604611576147,54.115392209875445,61.73737434198396,57.200243259435354,61.73737434198396,57.200243259435354,96,101,96,101,-1,4,-1,4,-1,4,-1,4,96,101,96,101
1787880849,37.160000000000004,37.2,37.160000000000004,37.160000000000004,0,0,0,0,0,0,0,0,37.10495053798647,36.82101778911099,36.87,37.21,60.2735507582865,54.99512914536274,60.2735507582865,54.99512914536274,65.43875783934755,61.31950054939145,65.43875783934755,61.31950054939145,96,101,96,101,-1,4,-1,4,-1,4,-1,4,96,101,96,101
1787880909,37.14,37.14,37.1,37.1,0,0,0,0,0,0,0,0,37.10647468259499,36.82392640149131,36.87,37.21,60.92861459301207,55.84276992359836,60.92861459301207,55.84276992359836,66.4264983160794,63.872999432735426,66.4264983160794,63.872999432735426,96,101,96,101,-1,4,-1,4,-1,4,-1,4,96,101,96,101
1787880912,37.09,37.13,37.09,37.13,0,0,0,0,0,0,0,0,37.10832777060802,36.82683923995077,36.87,37.21,62.13212624906679,56.74124939866528,62.13212624906679,56.74124939866528,67.1890993969758,65.53104941485562,67.1890993969758,65.53104941485562,96,101,96,101,-1,4,-1,4,-1,4,-1,4,96,101,96,101
1787880918,37.160000000000004,37.160000000000004,37.120000000000005,37.120000000000005,0,0,0,0,0,0,0,0,37.11287423655808,36.82988893242224,36.87,37.21,63.051260088419234,57.64267949720156,63.051260088419234,57.64267949720156,68.76712721421467,67.14908831453513,68.76712721421467,67.14908831453513,96,101,96,101,-1,4,-1,4,-1,4,-1,4,96,101,96,101
1787880921,37.11,37.13,37.09,37.13,0,0,0,0,0,0,0,0,37.113563769305095,36.83274244221572,36.87,37.21,64.10315420908772,58.56560445604244,64.10315420908772,58.56560445604244,69.36341996512557,68.25625413983036,69.36341996512557,68.25625413983036,96,101,96,101,-1,4,-1,4,-1,4,-1,4,96,101,96,101
1787880945,37.160000000000004,37.160000000000004,37.120000000000005,37.120000000000005,0,0,0,0,0,0,0,0,37.11715823549205,36.83573339635619,36.9,37.21,64.8815003370101,59.46787529618068,64.8815003370101,59.46787529618068,70.63083055834304,69.4435423490867,70.63083055834304,69.4435423490867,96,101,96,101,-1,4,-1,4,-1,4,-1,4,96,101,96,101
1787880951,37.11,37.15,37.11,37.15,0,0,0,0,0,0,0,0,37.120705222978344,36.8387277572548,36.9,37.21,66.199488408176,60.42953431218,66.199488408176,60.42953431218,71.6331488819411,70.53834561551389,71.6331488819411,70.53834561551389,96,101,96,101,-1,4,-1,4,-1,4,-1,4,96,101,96,101
1787880963,37.160000000000004,37.18,37.14,37.14,0,0,0,0,0,0,0,0,37.12663760667925,36.84185816099688,36.9,37.21,67.22492177584596,61.40030394984657,67.22492177584596,61.40030394984657,73.248581394605,71.89346350505944,73.248581394605,71.89346350505944,96,101,96,101,-1,4,-1,4,-1,4,-1,4,96,101,96,101
1787880981,37.13,37.15,37.11,37.11,0,0,0,0,0,0,0,0,37.12603682970727,36.84465890898033,36.9,37.21,67.58187180772994,62.28338507240134,67.58187180772994,62.28338507240134,73.3727336323505,72.63309856870498,73.3727336323505,72.63309856870498,96,101,96,101,-1,4,-1,4,-1,4,-1,4,96,101,96,101
1787881014,37.09,37.13,37.09,37.13,0,0,0,0,0,0,0,0,37.12433316369989,36.84736545383293,36.96,37.21,68.21678012398458,63.13101293691323,68.21678012398458,63.13101293691323,73.14301538235104,72.888056975528,73.14301538235104,72.888056975528,96,101,96,101,-1,4,-1,4,-1,4,-1,4,96,101,96,101
1787881035,37.15,37.15,37.11,37.15,0,0,0,0,0,0,0,0,37.126575618784756,36.8502440728661,36.96,37.21,69.22650591344782,64.00179764784674,69.22650591344782,64.00179764784674,74.12258461344386,73.50532079448593,74.12258461344386,73.50532079448593,96,101,96,101,-1,4,-1,4,-1,4,-1,4,96,101,96,101
1787881047,37.160000000000004,37.18,37.14,37.14,0,0,0,0,0,0,0,0,37.13144065779359,36.85325988640309,36.96,37.21,69.95402439862173,64.85211575510031,69.95402439862173,64.85211575510031,75.3823834501788,74.44385212233237,75.3823834501788,74.44385212233237,96,101,96,101,-1,4,-1,4,-1,4,-1,4,96,101,96,101
1787881077,37.13,37.15,37.11,37.11,0,0,0,0,0,0,0,0,37.12996659880081,36.855947184382494,36.96,37.21,69.99932517687144,65.5874313867819,69.99932517687144,65.5874313867819,75.20170682284234,74.82277947258736,75.20170682284234,74.82277947258736,96,101,96,101,-1,4,-1,4,-1,4,-1,4,96,101,96,101
1787881107,37.1,37.12,37.08,37.08,0,0,0,0,0,0,0,0,37.12330600507945,36.858309235615835,37.01,37.21,69.4111380844058,66.13367520072818,69.4111380844058,66.13367520072818,73.78633694058752,74.30455820658744,73.78633694058752,74.30455820658744,96,101,96,101,-1,4,-1,4,-1,4,-1,4,96,101,96,101
1787881164,37.06,37.09,37.050000000000004,37.050000000000004,0,0,0,0,0,0,0,0,37.11240188294379,36.860349276389144,37.050000000000004,37.21,68.23471225484751,66.43382335131665,68.23471225484751,66.43382335131665,71.22862494067178,72.76659157362961,71.22862494067178,72.76659157362961,96,101,96,101,-1,4,-1,4,-1,4,-1,4,96,101,96,101
1787881182,37.04,37.04,37,37,0,0,0,0,0,0,0,0,37.09438941937825,36.86187150581147,37,37.21,66.09189667361893,66.38497668307411,66.09189667361893,66.38497668307411,67.18756087351696,69.97707622357328,67.18756087351696,69.97707622357328,96,101,96,101,-1,4,-1,4,-1,4,-1,4,96,101,96,101
1787881188,36.99,36.99,36.95,36.95,0,0,0,0,0,0,0,0,37.07056104009736,36.86288107623457,36.95,37.21,63.05171918012524,65.9087970397957,63.05171918012524,65.9087970397957,61.622951336964526,65.8000137802689,61.622951336964526,65.8000137802689,96,101,96,101,-1,4,-1,4,-1,4,-1,4,96,101,96,101
1787881203,36.93,36.93,36.89,36.89,0,0,0,0,0,0,0,0,37.0401560025039,36.863283586255456,36.89,37.21,58.96819302020039,64.91728217985352,58.96819302020039,64.91728217985352,54.33227761655817,60.066145698413536,54.33227761655817,60.066145698413536,96,101,96,101,-1,4,-1,4,-1,4,-1,4,96,101,96,101
1787881269,36.87,36.87,36.83,36.83,0,0,0,0,0,0,0,0,37.0043700626547,36.86308507627613,36.83,37.21,54.75617923304322,63.4656960445949,54.75617923304322,63.4656960445949,47.17202743073427,53.619086564573905,47.17202743073427,53.619086564573905,96,101,96,101,-1,4,-1,4,-1,4,-1,4,96,101,96,101
1787881281,36.82,36.84,36.800000000000004,36.84,0,0,0,0,0,0,1,0,36.97206035429324,36.86272270404121,36.800000000000004,37.2,51.54188768503838,61.76229485037254,51.54188768503838,61.76229485037254,41.408776125298324,47.51393134493611,41.408776125298324,47.51393134493611,96,101,96,101,-1,4,-1,4,-1,4,-1,4,96,101,96,101
1787881338,36.85,36.89,36.85,36.89,0,0,0,0,0,0,0,0,36.954716047452045,36.86286144993798,36.800000000000004,37.18,49.428268529835236,60.00029109029578,49.428268529835236,60.00029109029578,38.071633891370645,42.79278261815338,38.071633891370645,42.79278261815338,96,101,96,101,-1,4,-1,4,-1,4,-1,4,96,101,96,101
1787881344,36.9,36.9,36.86,36.86,0,0,0,0,0,0,0,0,36.93991919033955,36.86296564778271,36.800000000000004,37.18,46.9429740878086,58.13496008994047,46.9429740878086,58.13496008994047,35.28091267343969,39.036847645796534,35.28091267343969,39.036847645796534,96,101,96,101,-1,4,-1,4,-1,4,-1,4,96,101,96,101
1787881359,36.85,36.89,36.85,36.89,0,0,0,0,0,0,0,0,36.928418731489934,36.86310197632882,36.800000000000004,37.18,45.15784876097901,56.28108704294597,45.15784876097901,56.28108704294597,32.81917950406324,35.92801357492989,32.81917950406324,35.92801357492989,96,101,96,101,-1,4,-1,4,-1,4,-1,4,96,101,96,101
1787881377,36.9,36.9,36.86,36.86,0,0,0,0,0,0,0,0,36.91840320455237,36.86320378087613,36.800000000000004,37.18,42.977584302442104,54.38058665144542,42.977584302442104,54.38058665144542,30.778808912890486,33.35341124391019,30.778808912890486,33.35341124391019,96,101,96,101,-1,4,-1,4,-1,4,-1,4,96,101,96,101
1787881401,36.81,36.83,36.79,36.79,0,0,0,0,0,0,0,0,36.89748140978527,36.86260805502993,36.79,37.18,39.90775685226767,52.31303953727717,39.90775685226767,52.31303953727717,26.789999476355124,30.071705360132654,26.789999476355124,30.071705360132654,96,101,96,101,-1,4,-1,4,-1,4,-1,4,96,101,96,101
1787881416,36.78,36.78,36.74,36.78,0,0,0,0,0,0,0,0,36.87369691103643,36.861653414349696,36.74,37.18,37.66510552695371,50.22047753580239,37.66510552695371,50.22047753580239,23.935501070918484,27.00360321552557,23.935501070918484,27.00360321552557,96,101,96,101,-1,4,-1,4,-1,4,-1,4,96,101,96,101
1787881440,36.79,36.83,36.79,36.83,0,0,0,0,0,0,0,0,36.863327775696476,36.861205785019514,36.74,37.18,36.34252200147216,48.2379124594695,36.34252200147216,48.2379124594695,22.76538389665348,24.884493556089524,22.76538389665348,24.884493556089524,96,101,96,101,-1,4,-1,4,-1,4,-1,4,96,101,96,101
1787881449,36.85,36.89,36.85,36.89,0,0,0,0,0,0,0,0,36.865753028600146,36.86135962463789,36.74,37.18,36.02626283115423,46.49339108399589,36.02626283115423,46.49339108399589,23.58613452539905,24.235314040744285,23.58613452539905,24.235314040744285,96,101,96,101,-1,4,-1,4,-1,4,-1,4,96,101,96,101
1787881461,36.9,36.92,36.88,36.92,0,0,0,0,0,0,0,0,36.87319187188497,36.861810440976484,36.74,37.18,36.188520653245035,45.021266736745766,36.188520653245035,45.021266736745766,25.323069714779724,24.779191877762003,25.323069714779724,24.779191877762003,96,101,96,101,-1,4,-1,4,-1,4,-1,4,96,101,96,101
1787881476,36.93,36.94,36.9,36.94,0,0,0,0,0,0,0,0,36.882914561845276,36.86245577655549,36.74,37.18,36.64313999868188,43.82439148845093,36.64313999868188,43.82439148845093,27.480564314795938,26.129878096278972,27.480564314795938,26.129878096278972,96,101,96,101,-1,4,-1,4,-1,4,-1,4,96,101,96,101
1787881494,36.96,37,36.96,37,0,0,0,0,0,0,0,0,36.90177858090371,36.86369170581033,36.74,37.18,37.97714063707389,42.989069938254204,37.97714063707389,42.989069938254204,30.971182786542425,28.5505304414107,30.971182786542425,28.5505304414107,96,101,96,101,-1,4,-1,4,-1,4,-1,4,96,101,96,101
1787881506,37.050000000000004,37.09,37.050000000000004,37.09,0,0,0,0,0,0,0,0,36.9335764146788,36.8658108596497,36.74,37.15,40.583636670596,42.64543661430303,40.583636670596,42.64543661430303,36.698703786641346,32.62461711402602,36.698703786641346,32.62461711402602,96,101,96,101,-1,4,-1,4,-1,4,-1,4,96,101,96,101
1787881518,37.15,37.19,37.15,37.19,0,0,0,0,0,0,0,0,36.97777464231296,36.86890395225683,36.74,37.19,44.52371125491508,42.913761562961895,44.52371125491508,42.913761562961895,44.64752117882323,38.63606914642463,44.64752117882323,38.63606914642463,96,101,96,101,-1,4,-1,4,-1,4,-1,4,96,101,96,101
1787881524,37.2,37.2,37.160000000000004,37.160000000000004,0,0,0,0,0,0,0,0,37.01333076795303,36.87193310032724,36.74,37.2,47.72642488868258,43.601284895207705,47.72642488868258,43.601284895207705,51.8096765383702,45.222872842397415,51.8096765383702,45.222872842397415,96,101,96,101,-1,4,-1,4,-1,4,-1,4,96,101,96,101
1787881536,37.1,37.13,37.09,37.13,0,0,0,0,0,0,0,0,37.03211911317369,36.87436826019131,36.74,37.2,50.24444621122352,44.55030794035282,50.24444621122352,44.55030794035282,56.08531280928616,50.654092825841786,56.08531280928616,50.654092825841786,96,101,96,101,-1,4,-1,4,-1,4,-1,4,96,101,96,101
1787881548,37.15,37.17,37.13,37.17,0,0,0,0,0,0,0,0,37.05476412289969,36.87717719955923,36.74,37.2,53.19051160343097,45.784622749364,53.19051160343097,45.784622749364,61.0544917247297,55.854292275285744,61.0544917247297,55.854292275285744,96,101,96,101,-1,4,-1,4,-1,4,-1,4,96,101,96,101
1787881584,37.18,37.2,37.160000000000004,37.2,0,0,0,0,0,0,0,0,37.078746403584596,36.880256696744375,36.74,37.2,56.38207080500964,47.298543900170515,56.38207080500964,47.298543900170515,66.2454649566006,61.04987861594317,66.2454649566006,61.04987861594317,96,101,96,101,-1,4,-1,4,-1,4,-1,4,96,101,96,101
1787881602,37.230000000000004,37.230000000000004,37.190000000000005,37.190000000000005,0,0,0,0,0,0,0,1,37.10139857262982,36.883471389645756,36.74,37.230000000000004,58.914546797071644,48.95797288544211,58.914546797071644,48.95797288544211,70.36783293656143,65.7088557762523,70.36783293656143,65.7088557762523,96,101,96,101,-1,4,-1,4,-1,4,-1,4,96,101,96,101
1787881638,37.17,37.21,37.17,37.21,0,0,0,0,0,0,0,0,37.118720044272884,36.88658776056138,36.74,37.230000000000004,61.55767683634782,50.75793059271435,61.55767683634782,50.75793059271435,73.55143697769401,69.63014637697316,73.55143697769401,69.63014637697316,96,101,96,101,-1,4,-1,4,-1,4,-1,4,96,101,96,101
1787881641,37.230000000000004,37.23,37.19,37.23,0,0,0,0,0,0,0,0,37.13652852107175,36.88987212778631,36.74,37.230000000000004,64.30355706232287,52.693020088372705,64.30355706232287,52.693020088372705,77.09656697213414,73.36335667455364,77.09656697213414,73.36335667455364,96,101,96,101,-1,4,-1,4,-1,4,-1,4,96,101,96,101
1787881704,37.24,37.28,37.24,37.28,0,0,0,0,0,0,0,0,37.16019000208901,36.89362132717816,36.74,37.28,66.85330298644267,54.71591764523985,66.85330298644267,54.71591764523985,79.9452055528346,76.65428111369411,79.9452055528346,76.65428111369411,96,101,96,101,-1,4,-1,4,-1,4,-1,4,96,101,96,101
1787881767,37.29,37.33,37.29,37.33,0,0,0,0,0,0,0,0,37.188640304739494,36.89783073354123,36.74,37.33,69.22092420169676,56.788061439019415,69.22092420169676,56.788061439019415,82.42276698717545,79.53852405043477,82.42276698717545,79.53852405043477,96,101,96,101,-1,4,-1,4,-1,4,-1,4,96,101,96,101
1787881797,37.34,37.34,37.300000000000004,37.300000000000004,0,0,0,0,0,0,0,1,37.21131176448383,36.90196508776801,36.74,37.34,70.94323913967081,58.81022968196961,70.94323913967081,58.81022968196961,84.36237170329322,81.95044787686399,84.36237170329322,81.95044787686399,96,101,96,101,-1,4,-1,4,-1,4,-1,4,96,101,96,101
1787881929,37.29,37.29,37.25,37.25,0,0,0,0,0,0,0,0,37.22077023154738,36.905560791703984,36.74,37.34,71.94729348683714,60.686953082664964,71.94729348683714,60.686953082664964,84.83441384091788,83.39243085889093,84.83441384091788,83.39243085889093,96,101,96,101,-1,4,-1,4,-1,4,-1,4,96,101,96,101
1787881962,37.24,37.24,37.2,37.2,0,0,0,0,0,0,0,0,37.21941806823573,36.90862320505353,36.74,37.34,72.28439157111067,62.343730009585784,72.28439157111067,62.343730009585784,84.04854519697734,83.72048802793414,84.04854519697734,83.72048802793414,96,101,96,101,-1,4,-1,4,-1,4,-1,4,96,101,96,101
1787882028,37.19,37.19,37.15,37.15,0,0,0,0,0,0,0,0,37.209220843708025,36.911157634190644,36.79,37.34,72.0021731255551,63.723507597581396,72.0021731255551,63.723507597581396,82.18446731169472,82.95247766981443,82.18446731169472,82.95247766981443,96,101,96,101,-1,4,-1,4,-1,4,-1,4,96,101,96,101
1787882043,37.14,37.17,37.13,37.17,0,0,0,0,0,0,0,0,37.199665538791415,36.91360051013568,36.85,37.34,71.97820837849163,64.90275056628285,71.97820837849163,64.90275056628285,80.34859102907173,81.65053434944308,80.34859102907173,81.65053434944308,96,101,96,101,-1,4,-1,4,-1,4,-1,4,96,101,96,101
1787882082,37.18,37.22,37.18,37.22,0,0,0,0,0,0,0,0,37.20093847113237,36.91651659129519,36.88,37.34,72.55119349431361,65.99538527028724,72.55119349431361,65.99538527028724,79.91783992968047,80.78418713956177,79.91783992968047,80.78418713956177,96,101,96,101,-1,4,-1,4,-1,4,-1,4,96,101,96,101
1787882121,37.230000000000004,37.230000000000004,37.190000000000005,37.190000000000005,0,0,0,0,0,0,0,0,37.20137390062345,36.91937048922592,36.9,37.34,72.72610824471981,66.95691712377761,72.72610824471981,66.95691712377761,79.59624374924992,80.19021544440585,79.59624374924992,80.19021544440585,96,101,96,101,-1,4,-1,4,-1,4,-1,4,96,101,96,101
1787882187,37.18,37.2,37.160000000000004,37.2,0,0,0,0,0,0,0,0,37.19869985808585,36.92203015268304,36.96,37.34,73.0075767034303,67.821297063728,73.0075767034303,67.821297063728,78.89201845173801,79.54111694807193,78.89201845173801,79.54111694807193,96,101,96,101,-1,4,-1,4,-1,4,-1,4,96,101,96,101
1787882280,37.22,37.26,37.22,37.26,0,0,0,0,0,0,0,0,37.20742109600964,36.92526036675253,37.050000000000004,37.34,73.98322598651855,68.70157262412665,73.98322598651855,68.70157262412665,79.62173010148965,79.58142352478079,79.62173010148965,79.58142352478079,96,101,96,101,-1,4,-1,4,-1,4,-1,4,96,101,96,101
1787882292,37.27,37.28,37.24,37.24,0,0,0,0,0,0,0,1,37.21576877552304,36.9285247743802,37.09,37.34,74.65109079700531,69.55150379168074,74.65109079700531,69.55150379168074,80.48529246794355,80.03335799636217,80.48529246794355,80.03335799636217,96,101,96,101,-1,4,-1,4,-1,4,-1,4,96,101,96,101
1787882460,37.21,37.24,37.2,37.2,0,0,0,0,0,0,0,0,37.21532596785218,36.931358690389686,37.09,37.34,74.79506050198111,70.30058332172366,74.79506050198111,70.30058332172366,80.17786973442792,80.10561386539504,80.17786973442792,80.10561386539504,96,101,96,101,-1,4,-1,4,-1,4,-1,4,96,101,96,101
1787882469,37.19,37.21,37.17,37.21,0,0,0,0,0,0,0,0,37.21193336763663,36.93399857075065,37.09,37.34,75.04779427564911,70.97875631514158,75.04779427564911,70.97875631514158,79.6286502485572,79.86713205697612,79.6286502485572,79.86713205697612,96,101,96,101,-1,4,-1,4,-1,4,-1,4,96,101,96,101
1787882577,37.22,37.22,37.18,37.18,0,0,0,0,0,0,0,0,37.20855154321785,36.93657901614949,37.13,37.34,74.92533277976938,71.54255295294556,74.92533277976938,71.54255295294556,79.11027164162033,79.48870184929822,79.11027164162033,79.48870184929822,96,101,96,101,-1,4,-1,4,-1,4,-1,4,96,101,96,101
1787882616,37.160000000000004,37.19,37.15,37.15,0,0,0,0,0,0,0,0,37.200330050511575,36.938835278012014,37.13,37.34,74.45447567645247,71.95854191344655,74.45447567645247,71.95854191344655,77.80880426424585,78.64875305677204,77.80880426424585,78.64875305677204,96,101,96,101,-1,4,-1,4,-1,4,-1,4,96,101,96,101
1787882721,37.14,37.14,37.1,37.1,0,0,0,0,0,0,0,0,37.18451246557008,36.94057157706994,37.1,37.34,73.42201312813441,72.16760922983053,73.42201312813441,72.16760922983053,75.64564175030588,77.14719740353897,75.64564175030588,77.14719740353897,96,101,96,101,-1,4,-1,4,-1,4,-1,4,96,101,96,101
1787882727,37.09,37.1,37.06,37.06,0,0,0,0,0,0,0,0,37.16429807789067,36.941892589570074,37.06,37.34,71.98710742850575,72.14182325821271,71.98710742850575,72.14182325821271,72.79150245264303,74.96934992809099,72.79150245264303,74.96934992809099,96,101,96,101,-1,4,-1,4,-1,4,-1,4,96,101,96,101
1787882781,37.050000000000004,37.08,37.04,37.04,0,0,0,0,0,0,0,0,37.14412266978934,36.943001452692094,37.04,37.34,70.41659975504102,71.89536275775961,70.41659975504102,71.89536275775961,69.77366876893198,72.3715093485115,69.77366876893198,72.3715093485115,96,101,96,101,-1,4,-1,4,-1,4,-1,4,96,101,96,101
1787882865,37.03,37.05,37.01,37.05,0,0,0,0,0,0,0,0,37.124585214676124,36.94393344487094,37.01,37.34,69.07731882015706,71.49278505238782,69.07731882015706,71.49278505238782,66.24756024350003,69.30953479600576,66.24756024350003,69.30953479600576,96,101,96,101,-1,4,-1,4,-1,4,-1,4,96,101,96,101
1787882895,37.07,37.1,37.06,37.1,0,0,0,0,0,0,0,0,37.11769093321986,36.94535367593359,37.01,37.34,68.42893890443153,71.05509274553692,68.42893890443153,71.05509274553692,63.66408953816026,66.48681216708302,63.66408953816026,66.48681216708302,96,101,96,101,-1,4,-1,4,-1,4,-1,4,96,101,96,101
1787882943,37.11,37.14,37.1,37.14,0,0,0,0,0,0,0,0,37.11932288475565,36.94715778529412,37.01,37.34,68.30306231601973,70.6619455413202,68.30306231601973,70.6619455413202,62.20897115693223,64.34789166200763,62.20897115693223,64.34789166200763,96,101,96,101,-1,4,-1,4,-1,4,-1,4,96,101,96,101
1787882970,37.15,37.15,37.11,37.11,0,0,0,0,0,0,0,0,37.120052057224314,36.94891077582187,37.01,37.29,67.82903405535161,70.25724390046754,67.82903405535161,70.25724390046754,60.65963761503294,62.50376463852028,60.65963761503294,62.50376463852028,96,101,96,101,-1,4,-1,4,-1,4,-1,4,96,101,96,101
1787882985,37.08,37.08,37.04,37.04,0,0,0,0,0,0,0,0,37.10792138015323,36.949949806244874,37.01,37.28,66.55553162282646,69.72842786080454,66.55553162282646,69.72842786080454,55.60299765499049,59.053381146755385,55.60299765499049,59.053381146755385,96,101,96,101,-1,4,-1,4,-1,4,-1,4,96,101,96,101
1787883012,37.03,37.07,37.03,37.07,0,0,0,0,0,0,0,0,37.09860234133749,36.95101166555256,37.01,37.28,65.73013650691026,69.15724338167679,65.73013650691026,69.15724338167679,49.56447418046818,54.30892766361178,49.56447418046818,54.30892766361178,96,101,96,101,-1,4,-1,4,-1,4,-1,4,96,101,96,101
1787883063,37.08,37.11,37.07,37.11,0,0,0,0,0,0,0,0,37.09825040048825,36.95246096904623,37.01,37.28,65.43988866117853,68.6261927073199,65.43988866117853,68.6261927073199,46.20677873477378,50.25785319919278,46.20677873477378,50.25785319919278,96,101,96,101,-1,4,-1,4,-1,4,-1,4,96,101,96,101
1787883087,37.13,37.13,37.09,37.09,0,0,0,0,0,0,0,0,37.099174570096444,36.95396218660132,37.01,37.28,64.93227756633244,68.0984905443217,64.93227756633244,68.0984905443217,43.76165449993606,47.00975384956442,43.76165449993606,47.00975384956442,96,101,96,101,-1,4,-1,4,-1,4,-1,4,96,101,96,101
1787883138,37.08,37.08,37.04,37.04,0,0,0,0,0,0,0,0,37.09083979977588,36.9549509542305,37.01,37.28,63.86568631159437,67.49380422536066,63.86568631159437,67.49380422536066,39.50133156271569,43.255542706140055,39.50133156271569,43.255542706140055,96,101,96,101,-1,4,-1,4,-1,4,-1,4,96,101,96,101
1787883198,37.03,37.04,37,37,0,0,0,0,0,0,0,0,37.07674771496814,36.95553187342555,37,37.28,62.399089670289975,66.76598786035056,62.399089670289975,66.76598786035056,34.446519490730914,38.851031098435485,34.446519490730914,38.851031098435485,96,101,96,101,-1,4,-1,4,-1,4,-1,4,96,101,96,101
1787883309,36.99,37.02,36.980000000000004,36.980000000000004,0,0,0,0,0,0,0,0,37.06158146376181,36.95590800735498,36.980000000000004,37.28,60.799154693840705,65.91358312227773,60.799154693840705,65.91358312227773,29.922413531737813,34.38672231508665,29.922413531737813,34.38672231508665,96,101,96,101,-1,4,-1,4,-1,4,-1,4,96,101,96,101
1787883390,36.97,37,36.96,36.96,0,0,0,0,0,0,0,0,37.04553634913845,36.95608139368312,36.96,37.28,59.07540554904254,64.93670061181557,59.07540554904254,64.93670061181557,26.023722876827822,30.20522259595724,26.023722876827822,30.20522259595724,96,101,96,101,-1,4,-1,4,-1,4,-1,4,96,101,96,101
1787883537,36.95,36.96,36.92,36.96,0,0,0,0,0,0,0,0,37.02756004323449,36.955987714807335,36.92,37.24,57.47478134315853,63.87071214486456,57.47478134315853,63.87071214486456,23.326456343403475,26.76583946968036,23.326456343403475,26.76583946968036,96,101,96,101,-1,4,-1,4,-1,4,-1,4,96,101,96,101
1787883594,36.97,37.01,36.97,37.01,0,0,0,0,0,0,0,0,37.0219430656767,36.95639248049748,36.92,37.22,56.58372553293287,62.82971405744575,56.58372553293287,62.82971405744575,22.511112239923992,24.638475854802174,22.511112239923992,24.638475854802174,96,101,96,101,-1,4,-1,4,-1,4,-1,4,96,101,96,101
1787883609,37.02,37.05,37.01,37.05,0,0,0,0,0,0,0,0,37.02462008403852,36.95719122861856,36.92,37.22,56.23250704248522,61.88725591245139,56.23250704248522,61.88725591245139,23.240817294084483,23.93964657444333,23.240817294084483,23.93964657444333,96,101,96,101,-1,4,-1,4,-1,4,-1,4,96,101,96,101
1787883645,37.06,37.07,37.03,37.03,0,0,0,0,0,0,0,0,37.02802249300121,36.95804836398886,36.92,37.19,55.66828034897435,60.99883083195466,55.66828034897435,60.99883083195466,24.13838761261645,24.039017093529893,24.13838761261645,24.039017093529893,96,101,96,101,-1,4,-1,4,-1,4,-1,4,96,101,96,101
1787883735,37.02,37.02,36.980000000000004,36.980000000000004,0,0,0,0,0,0,0,0,37.021715373061596,36.95839945821119,36.92,37.15,54.54911746690477,60.07744320837611,54.54911746690477,60.07744320837611,23.275080538705506,23.6570488161177,23.275080538705506,23.6570488161177,96,101,96,101,-1,4,-1,4,-1,4,-1,4,96,101,96,101
1787883798,36.97,36.97,36.93,36.93,0,0,0,0,0,0,0,0,37.007464093111004,36.95824954652086,36.92,37.15,52.91465669545915,59.05418799224511,52.91465669545915,59.05418799224511,20.953930037037015,22.30548942657736,20.953930037037015,22.30548942657736,96,101,96,101,-1,4,-1,4,-1,4,-1,4,96,101,96,101
1787883882,36.92,36.92,36.88,36.88,0,0,0,0,0,0,0,0,36.9867130458787,36.95760361405134,36.88,37.15,50.80170502673588,57.87526185431522,50.80170502673588,57.87526185431522,18.531940031745954,20.418714729161657,18.531940031745954,20.418714729161657,96,101,96,101,-1,4,-1,4,-1,4,-1,4,96,101,96,101
1787883987,36.83,36.83,36.79,36.83,0,1,0,0,0,0,0,0,36.95579552238561,36.956201256365915,36.79,37.15,48.24444038196898,56.49943021540861,48.24444038196898,56.49943021540861,16.817464633624912,18.618089681393286,16.817464633624912,18.618089681393286,96,101,96,101,-1,4,-1,4,-1,4,-1,4,96,101,96,101
1787884005,36.85,36.89,36.85,36.89,0,0,0,0,0,0,0,0,36.941408457709436,36.955409867413685,36.79,37.15,46.584123211828306,55.08295778632571,46.584123211828306,55.08295778632571,16.863949277801026,17.741019479597156,16.863949277801026,17.741019479597156,96,101,96,101,-1,4,-1,4,-1,4,-1,4,96,101,96,101
1787884065,36.99,36.99,36.95,36.95,0,0,0,0,0,0,0,0,36.94539479873196,36.9554887078706,36.79,37.15,45.75668583955486,53.75063322250129,45.75668583955486,53.75063322250129,19.586009001963802,18.66351424078048,19.586009001963802,18.66351424078048,96,101,96,101,-1,4,-1,4,-1,4,-1,4,96,101,96,101
1787884068,36.89,36.93,36.89,36.93,0,0,0,0,0,0,0,0,36.940171501992815,36.955102418903394,36.79,37.15,44.750255898634244,52.46486503337743,44.750255898634244,52.46486503337743,20.403168065823255,19.53334115330187,20.403168065823255,19.53334115330187,96,101,96,101,-1,4,-1,4,-1,4,-1,4,96,101,96,101
1787884116,36.94,36.97,36.93,36.97,0,0,0,0,0,0,0,0,36.94317062284261,36.955117983557756,36.79,37.13,44.29190428682699,51.29729921244165,44.29190428682699,51.29729921244165,22.328079916478337,20.930710534890103,22.328079916478337,20.930710534890103,96,101,96,101,-1,4,-1,4,-1,4,-1,4,96,101,96,101
1787884152,37.01,37.02,36.980000000000004,37.02,0,0,0,0,0,0,0,0,36.95471535808335,36.955630905777745,36.79,37.13,44.461530171101266,50.32076077796445,44.461530171101266,50.32076077796445,25.552348383220647,23.241529459055375,25.552348383220647,23.241529459055375,96,101,96,101,-1,4,-1,4,-1,4,-1,4,96,101,96,101
1787884275,37.04,37.06,37.02,37.06,0,0,0,0,0,0,0,0,36.97143377782577,36.9565367342443,36.79,37.13,45.095230396974976,49.5742564378231,45.095230396974976,49.5742564378231,29.423878789116287,26.33270412408583,29.423878789116287,26.33270412408583,96,101,96,101,-1,4,-1,4,-1,4,-1,4,96,101,96,101
1787884293,37.07,37.08,37.04,37.04,0,0,0,0,0,0,0,0,36.98632460609988,36.957499884483994,36.79,37.13,45.12089575822999,48.93806205502409,45.12089575822999,48.93806205502409,33.60141991448044,29.967062019283134,33.60141991448044,29.967062019283134,96,101,96,101,-1,4,-1,4,-1,4,-1,4,96,101,96,101
1787884314,37.03,37.03,36.99,37.03,0,0,0,0,0,0,0,0,36.99184134438475,36.95808860868482,36.79,37.08,45.014857749525255,48.37760429709569,45.014857749525255,48.37760429709569,36.508858265568165,33.23796014242565,36.508858265568165,33.23796014242565,96,101,96,101,-1,4,-1,4,-1,4,-1,4,96,101,96,101
1787884362,37.04,37.08,37.04,37.08,0,0,0,0,0,0,0,0,37.00544594843601,36.95916898737121,36.79,37.08,45.56574453365004,47.975910045174885,45.56574453365004,47.975910045174885,40.39629711799534,36.81712863021049,40.39629711799534,36.81712863021049,96,101,96,101,-1,4,-1,4,-1,4,-1,4,96,101,96,101
1787884368,37.09,37.13,37.09,37.13,0,0,0,0,0,0,0,0,37.025667897205224,36.96073612845873,36.79,37.13,46.72663291111661,47.79744188316656,46.72663291111661,47.79744188316656,46.19682610113909,41.506977365674786,46.19682610113909,41.506977365674786,96,101,96,101,-1,4,-1,4,-1,4,-1,4,96,101,96,101
1787884395,37.14,37.18,37.14,37.18,0,0,0,0,0,0,0,0,37.05130403710731,36.9627851885404,36.79,37.18,48.453951339543316,47.89122894836324,48.453951339543316,47.89122894836324,53.29691321489584,47.40194529028531,53.29691321489584,47.40194529028531,96,101,96,101,-1,4,-1,4,-1,4,-1,4,96,101,96,101
1787884413,37.19,37.21,37.17,37.17,0,0,0,0,0,0,0,0,37.075309363693854,36.964979697443816,36.79,37.21,49.92801975035515,48.18219906293351,49.92801975035515,48.18219906293351,59.0164018032441,53.2091735467647,59.0164018032441,53.2091735467647,96,101,96,101,-1,4,-1,4,-1,4,-1,4,96,101,96,101
1787884434,37.15,37.15,37.11,37.11,0,0,0,0,0,0,0,0,37.084040994537396,36.96655535551237,36.79,37.21,50.51757678117391,48.51582445125357,50.51757678117391,48.51582445125357,62.01405868849509,57.61161611762989,62.01405868849509,57.61161611762989,96,101,96,101,-1,4,-1,4,-1,4,-1,4,96,101,96,101
1787884458,37.1,37.1,37.06,37.06,0,0,0,0,0,0,0,0,37.08209414704575,36.96761782295337,36.79,37.21,50.415671946155,48.78723123623949,50.415671946155,48.78723123623949,62.8827986037441,60.247207360687,62.8827986037441,60.247207360687,96,101,96,101,-1,4,-1,4,-1,4,-1,4,96,101,96,101
1787884503,37.04,37.06,37.02,37.02,0,0,0,0,0,0,0,0,37.073228544552585,36.96827170862879,36.79,37.21,49.80156550844266,48.93213613226851,49.80156550844266,48.93213613226851,62.130834177358764,61.18902076902288,62.130834177358764,61.18902076902288,96,101,96,101,-1,4,-1,4,-1,4,-1,4,96,101,96,101
1787884524,37.01,37.03,36.99,36.99,0,0,0,0,0,0,0,0,37.0605203243309,36.9686205805164,36.79,37.21,48.8417134266708,48.91921860289741,48.8417134266708,48.91921860289741,60.46588507719171,60.827452923107295,60.46588507719171,60.827452923107295,96,101,96,101,-1,4,-1,4,-1,4,-1,4,96,101,96,101
1787884539,36.980000000000004,36.980000000000004,36.940000000000005,36.940000000000005,0,0,0,0,0,0,0,0,37.041031780513165,36.96846846860413,36.79,37.21,47.30107155853204,48.68805473941664,47.30107155853204,48.68805473941664,57.47415999813722,59.150806460622256,57.47415999813722,59.150806460622256,96,101,96,101,-1,4,-1,4,-1,4,-1,4,96,101,96,101
1787884578,36.93,36.93,36.89,36.89,0,0,0,0,0,0,0,0,37.01599569920774,36.967820357805415,36.79,37.21,45.22112488876677,48.19277904646666,45.22112488876677,48.19277904646666,53.20914394398177,56.17997520230202,53.20914394398177,56.17997520230202,96,101,96,101,-1,4,-1,4,-1,4,-1,4,96,101,96,101
1787884695,36.87,36.9,36.86,36.9,0,0,0,0,0,0,1,0,36.99248132965482,36.9670128583911,36.79,37.21,43.41961596814055,47.51089860670579,43.41961596814055,47.51089860670579,48.87314378871918,52.5265594955106,48.87314378871918,52.5265594955106,96,101,96,101,-1,4,-1,4,-1,4,-1,4,96,101,96,101
1787884734,36.910000000000004,36.95,36.910000000000004,36.910000000000004,0,0,0,0,0,0,0,0,36.97990896668728,36.96657823625122,36.85,37.21,41.87665638600068,46.706006860890774,41.87665638600068,46.706006860890774,46.245007601215065,49.38578354836283,46.245007601215065,49.38578354836283,96,101,96,101,-1,4,-1,4,-1,4,-1,4,96,101,96,101
1787884830,36.9,36.9,36.86,36.86,0,1,0,0,0,0,0,0,36.96053157880475,36.96565042627194,36.86,37.21,39.79455755323439,45.718656959797,39.79455755323439,45.718656959797,42.563748011926016,45.97476578014442,42.563748011926016,45.97476578014442,96,101,96,101,-1,4,-1,4,-1,4,-1,4,96,101,96,101
1787884857,36.85,36.88,36.84,36.88,0,0,0,0,0,0,0,0,36.94346523114328,36.964665513241044,36.84,37.21,38.120920325406,44.633266012026866,38.120920325406,44.633266012026866,39.06824659525632,42.52150618770037,39.06824659525632,42.52150618770037,96,101,96,101,-1,4,-1,4,-1,4,-1,4,96,101,96,101
1787884881,36.89,36.89,36.85,36.85,0,0,0,0,0,0,0,0,36.92889579517784,36.96365723284395,36.84,37.21,36.177218224240654,43.42525918520027,36.177218224240654,43.42525918520027,36.07210252382515,39.29680435576276,36.07210252382515,39.29680435576276,96,101,96,101,-1,4,-1,4,-1,4,-1,4,96,101,96,101
1787884950,36.84,36.86,36.82,36.86,0,0,0,0,0,0,1,0,36.913945044539446,36.962493147608356,36.82,37.21,34.59313120822347,42.163526617060725,34.59313120822347,42.163526617060725,32.891734136067804,36.094269245915285,32.891734136067804,36.094269245915285,96,101,96,101,-1,4,-1,4,-1,4,-1,4,96,101,96,101
1787885091,36.87,36.87,36.83,36.83,0,0,0,1,0,0,0,0,36.90110655159288,36.96130747781457,36.82,37.21,32.705283643787666,40.81234904945029,32.705283643787666,40.81234904945029,30.097676878534454,33.09597306222487,30.097676878534454,33.09597306222487,96,101,96,101,-1,4,-1,4,-1,4,-1,4,96,101,96,101
1787885148,36.82,36.82,36.78,36.78,0,0,0,0,0,0,0,0,36.88151142100023,36.95963609329237,36.78,37.21,30.369191954945688,39.32046946452106,30.369191954945688,39.32046946452106,26.329570214823494,29.71277163852418,26.329570214823494,29.71277163852418,96,101,96,101,-1,4,-1,4,-1,4,-1,4,96,101,96,101
1787885223,36.75,36.79,36.75,36.79,0,0,0,0,0,0,0,0,36.86244873839413,36.95781550198266,36.75,37.21,28.739047516115324,37.80883775760595,28.739047516115324,37.80883775760595,23.313544656184142,26.51315814735416,23.313544656184142,26.51315814735416,96,101,96,101,-1,4,-1,4,-1,4,-1,4,96,101,96,101
1787885418,36.800000000000004,36.84,36.800000000000004,36.84,0,0,0,0,0,0,0,0,36.855942907170956,36.956510538447176,36.75,37.21,27.899196413212252,36.39317470840685,27.899196413212252,36.39317470840685,22.281174922692156,24.39716653502316,22.281174922692156,24.39716653502316,96,101,96,101,-1,4,-1,4,-1,4,-1,4,96,101,96,101
1787885499,36.86,36.88,36.84,36.84,0,0,0,0,0,0,0,0,36.85546843920048,36.95548389959032,36.75,37.21,27.119334674802257,35.06834041789191,27.119334674802257,35.06834041789191,22.265851797090065,23.331509166056613,22.265851797090065,23.331509166056613,96,101,96,101,-1,4,-1,4,-1,4,-1,4,96,101,96,101
1787885553,36.83,36.83,36.79,36.79,0,0,0,0,0,0,0,0,36.845989329042816,36.95396996360766,36.75,37.21,25.72132289883928,33.733052200884394,25.72132289883928,33.733052200884394,20.824146260859724,22.07782771345817,20.824146260859724,22.07782771345817,96,101,96,101,-1,4,-1,4,-1,4,-1,4,96,101,96,101
1787885583,36.78,36.8,36.76,36.8,0,0,0,0,0,0,0,0,36.83520339042897,36.95230525418536,36.75,37.21,24.557939996361505,32.42232188595255,24.557939996361505,32.42232188595255,19.02939244719643,20.5536100803273,19.02939244719643,20.5536100803273,96,101,96,101,-1,4,-1,4,-1,4,-1,4,96,101,96,101
1787885736,36.81,36.84,36.800000000000004,36.84,0,0,0,0,0,0,0,0,36.83365125883583,36.95105511898617,36.75,37.15,24.016739430583705,31.221524392328426,24.016739430583705,31.221524392328426,18.671156259087855,19.612383169707577,18.671156259087855,19.612383169707577,96,101,96,101,-1,4,-1,4,-1,4,-1,4,96,101,96,101
1787885775,36.85,36.88,36.84,36.88,0,0,0,0,0,0,0,0,36.83965406025962,36.95021543289344,36.75,37.1,24.196301774463326,30.21792116120484,24.196301774463326,30.21792116120484,19.606332694124976,19.60935793191628,19.606332694124976,19.60935793191628,96,101,96,101,-1,4,-1,4,-1,4,-1,4,96,101,96,101
1787885787,36.89,36.93,36.89,36.93,0,0,0,0,0,0,0,0,36.85365635233363,36.94988161432401,36.75,37.06,25.2035568148892,29.50158339744546,25.2035568148892,29.50158339744546,21.898595725399083,20.75397682865768,21.898595725399083,20.75397682865768,96,101,96,101,-1,4,-1,4,-1,4,-1,4,96,101,96,101
1787885802,36.95,36.98,36.94,36.98,0,0,0,0,0,0,0,0,36.87420368221236,36.95004862977021,36.75,37.03,26.898743486166072,29.12974912440555,26.898743486166072,29.12974912440555,25.478299441646218,23.11613813515195,25.478299441646218,23.11613813515195,96,101,96,101,-1,4,-1,4,-1,4,-1,4,96,101,96,101
1787885808,36.99,37,36.96,37,0,0,0,0,0,0,0,0,36.89465149756769,36.950412988346294,36.75,37,28.859392243365384,29.091126712828384,28.859392243365384,29.091126712828384,29.29195852762227,26.20404833138711,29.29195852762227,26.20404833138711,96,101,96,101,-1,4,-1,4,-1,4,-1,4,96,101,96,101
1787885859,37.03,37.03,36.99,36.99,0,0,0,0,0,0,0,0,36.914411831343266,36.95093955894318,36.75,37.03,30.524715157659184,29.29592506208993,30.524715157659184,29.29592506208993,33.057703582682436,29.630875957034775,33.057703582682436,29.630875957034775,96,101,96,101,-1,4,-1,4,-1,4,-1,4,96,101,96,101
1787885862,36.980000000000004,37.02,36.980000000000004,37.02,0,0,0,0,0,0,0,0,36.931185437765706,36.9514940575275,36.75,37.03,32.536924944534505,29.758925045296298,32.536924944534505,29.758925045296298,36.2233732572062,32.92712460712049,36.2233732572062,32.92712460712049,96,101,96,101,-1,4,-1,4,-1,4,-1,4,96,101,96,101
1787885865,37.050000000000004,37.050000000000004,37.010000000000005,37.010000000000005,0,0,0,0,0,0,0,0,36.947939600596186,36.95220887619223,36.75,37.050000000000004,34.25012595781317,30.40052517565585,34.25012595781317,30.40052517565585,39.62003422046276,36.27357941379162,39.62003422046276,36.27357941379162,96,101,96,101,-1,4,-1,4,-1,4,-1,4,96,101,96,101
1787885883,37,37.04,37,37.04,0,0,0,0,0,0,0,0,36.962253612609,36.95294974972929,36.75,37.050000000000004,36.30679397946003,31.24427786191359,36.30679397946003,31.24427786191359,42.46934610201157,39.3714627579016,42.46934610201157,39.3714627579016,96,101,96,101,-1,4,-1,4,-1,4,-1,4,96,101,96,101
1787885916,37.050000000000004,37.06,37.02,37.02,0,0,0,0,0,0,0,0,36.97517719819524,36.95374958638207,36.75,37.06,37.90599813620672,32.19595218681261,37.90599813620672,32.19595218681261,45.222172435264746,42.29681759658317,45.222172435264746,42.29681759658317,96,101,96,101,-1,4,-1,4,-1,4,-1,4,96,101,96,101
1787885943,36.980000000000004,37.02,36.980000000000004,36.980000000000004,0,0,0,0,0,0,0,0,36.97847831367489,36.954143454510934,36.75,37.06,38.76985541219201,33.13508121900967,38.76985541219201,33.13508121900967,46.15316643519628,44.224992015889725,46.15316643519628,44.224992015889725,96,101,96,101,-1,4,-1,4,-1,4,-1,4,96,101,96,101
1787885958,36.97,36.97,36.93,36.93,0,0,0,0,0,0,0,0,36.97208831724915,36.954035891116135,36.75,37.06,38.79561108150748,33.94372834222364,38.79561108150748,33.94372834222364,45.64681346619301,44.93590274104137,45.64681346619301,44.93590274104137,96,101,96,101,-1,4,-1,4,-1,4,-1,4,96,101,96,101
1787886012,36.92,36.95,36.910000000000004,36.95,0,0,0,0,0,0,0,0,36.965648017143245,36.95386306301216,36.75,37.06,39.13008606636878,34.6846365885301,39.13008606636878,34.6846365885301,44.90223762940766,44.91907018522451,44.90223762940766,44.91907018522451,96,101,96,101,-1,4,-1,4,-1,4,-1,4,96,101,96,101
1787886033,36.96,36.99,36.95,36.99,0,0,0,0,0,0,0,0,36.96765140796568,36.954089964541055,36.75,37.06,40.061787993305195,35.45280107492654,40.061787993305195,35.45280107492654,45.50626579415084,45.212667989687674,45.50626579415084,45.212667989687674,96,101,96,101,-1,4,-1,4,-1,4,-1,4,96,101,96,101
1787886045,37,37.01,36.97,36.97,0,0,0,0,0,0,0,0,36.970502667123434,36.95438094333501,36.75,37.06,40.61638077639207,36.19045531799305,40.61638077639207,36.19045531799305,47.36251353784342,46.28759076376555,47.36251353784342,46.28759076376555,96,101,96,101,-1,4,-1,4,-1,4,-1,4,96,101,96,101
1787886147,36.95,36.98,36.94,36.98,0,0,0,0,0,0,0,0,36.96980521249493,36.95450318933831,36.76,37.06,41.28663929236401,36.91848160004604,41.28663929236401,36.91848160004604,49.41276670590632,47.850178734835936,49.41276670590632,47.850178734835936,96,101,96,101,-1,4,-1,4,-1,4,-1,4,96,101,96,101
1787886168,37,37.02,36.980000000000004,37.02,0,0,0,0,0,0,0,0,36.97650729507161,36.95502222891372,36.76,37.06,42.53014021247469,37.72014711610728,42.53014021247469,37.72014711610728,54.24320095529301,51.04668984506448,54.24320095529301,51.04668984506448,96,101,96,101,-1,4,-1,4,-1,4,-1,4,96,101,96,101
1787886225,37.03,37.06,37.02,37.02,0,0,0,0,0,0,0,0,36.986839302028294,36.95580144388307,36.76,37.06,43.68481963829175,38.57224319070506,43.68481963829175,38.57224319070506,59.39739805384558,55.22204394945503,59.39739805384558,55.22204394945503,96,101,96,101,-1,4,-1,4,-1,4,-1,4,96,101,96,101
1787886297,37.01,37.01,36.97,36.97,0,0,0,0,0,0,0,0,36.98620185317466,36.956075393031824,36.76,37.06,43.980624446736726,39.34486908442387,43.980624446736726,39.34486908442387,61.787631511590924,58.50483773052298,61.787631511590924,58.50483773052298,96,101,96,101,-1,4,-1,4,-1,4,-1,4,96,101,96,101
1787886327,36.96,36.96,36.92,36.96,0,0,0,0,0,0,0,0,36.97901363744594,36.95598177386401,36.800000000000004,37.06,44.10002083718722,40.02417647767578,44.10002083718722,40.02417647767578,62.26958277030392,60.387210250413446,62.26958277030392,60.387210250413446,96,101,96,101,-1,4,-1,4,-1,4,-1,4,96,101,96,101
1787886360,36.97,36.980000000000004,36.940000000000005,36.940000000000005,0,0,0,0,0,0,0,0,36.97434449124365,36.955955421221915,36.84,37.06,43.900329907822986,40.577912681982525,43.900329907822986,40.577912681982525,62.77484974781807,61.581029999115756,62.77484974781807,61.581029999115756,96,101,96,101,-1,4,-1,4,-1,4,-1,4,96,101,96,101
1787886399,36.93,36.95,36.910000000000004,36.910000000000004,0,0,0,0,0,0,0,0,36.96506973525996,36.95563082333248,36.89,37.06,43.249064106953696,40.95950574269269,43.249064106953696,40.95950574269269,61.73328135066447,61.65715567489011,61.73328135066447,61.65715567489011,96,101,96,101,-1,4,-1,4,-1,4,-1,4,96,101,96,101
1787886477,36.9,36.9,36.86,36.86,0,1,0,0,0,0,0,0,36.94839038945512,36.95481194283497,36.86,37.06,41.86791977633276,41.089279176069844,41.86791977633276,41.089279176069844,58.720692770615806,60.18892422275296,58.720692770615806,60.18892422275296,96,101,96,101,-1,4,-1,4,-1,4,-1,4,96,101,96,101
1787886483,36.85,36.88,36.84,36.84,0,0,0,0,0,0,0,0,36.93110728834207,36.953802205426996,36.84,37.06,40.27486960597364,40.97293495177039,40.27486960597364,40.97293495177039,54.940317305689156,57.56462076422106,54.940317305689156,57.56462076422106,96,101,96,101,-1,4,-1,4,-1,4,-1,4,96,101,96,101
1787886618,36.83,36.86,36.82,36.86,0,0,0,0,0,0,1,0,36.915754448037454,36.9527361801657,36.82,37.06,39.10616773970843,40.70625392147583,39.10616773970843,40.70625392147583,51.51566368137425,54.540142222797655,51.51566368137425,54.540142222797655,96,101,96,101,-1,4,-1,4,-1,4,-1,4,96,101,96,101
1787886651,36.87,36.91,36.87,36.91,0,0,0,0,0,0,0,0,36.91228394233367,36.95217827455875,36.82,37.06,38.79734209370435,40.43355223179419,38.79734209370435,40.43355223179419,50.792227855924345,52.666185039361,50.792227855924345,52.666185039361,96,101,96,101,-1,4,-1,4,-1,4,-1,4,96,101,96,101
1787886666,36.93,36.94,36.9,36.9,0,0,0,0,0,0,0,0,36.91247474069725,36.95179175773063,36.82,37.06,38.3552959193093,40.13665847286778,38.3552959193093,40.13665847286778,51.09379899171397,51.87999201553748,51.09379899171397,51.87999201553748,96,101,96,101,-1,4,-1,4,-1,4,-1,4,96,101,96,101
1787886741,36.89,36.93,36.89,36.89,0,0,0,0,0,0,0,0,36.91081266663108,36.951309584353545,36.82,37.06,37.78954496855118,39.801356543679695,37.78954496855118,39.801356543679695,50.6149613477365,51.24747668163699,50.6149613477365,51.24747668163699,96,101,96,101,-1,4,-1,4,-1,4,-1,4,96,101,96,101
1787886765,36.88,36.92,36.88,36.92,0,0,0,0,0,0,0,0,36.91005884845573,36.95086537621736,36.82,37.06,37.73004330930687,39.505454653055004,37.73004330930687,39.505454653055004,50.48102677732263,50.86425172947981,50.48102677732263,50.86425172947981,96,101,96,101,-1,4,-1,4,-1,4,-1,4,96,101,96,101
1787886780,36.93,36.93,36.89,36.89,0,0,0,0,0,0,0,0,36.90883602752439,36.95039242056677,36.82,37.06,37.20895325926322,39.17738302537047,37.20895325926322,39.17738302537047,50.22183247580063,50.54304210264022,50.22183247580063,50.54304210264022,96,101,96,101,-1,4,-1,4,-1,4,-1,4,96,101,96,101
1787886822,36.88,36.91,36.87,36.91,0,0,0,0,0,0,0,0,36.90662341645935,36.94985783595085,36.82,37.06,37.035642933290944,38.871420155073395,37.035642933290944,38.871420155073395,49.5234754554482,50.03325877904421,49.5234754554482,50.03325877904421,96,101,96,101,-1,4,-1,4,-1,4,-1,4,96,101,96,101
1787886831,36.94,36.94,36.9,36.94,0,0,0,0,0,0,0,0,36.91026764376977,36.94962707804753,36.82,37.06,37.340550425633474,38.65272447943912,37.340550425633474,38.65272447943912,50.6391694380033,50.336214108523755,50.6391694380033,50.336214108523755,96,101,96,101,-1,4,-1,4,-1,4,-1,4,96,101,96,101
1787886921,36.95,36.98,36.94,36.98,0,0,0,0,0,0,0,0,36.920522011569204,36.94979662619299,36.82,37.06,38.24479682380246,38.594449100062455,38.24479682380246,38.594449100062455,53.21452618495488,51.77537014673932,53.21452618495488,51.77537014673932,96,101,96,101,-1,4,-1,4,-1,4,-1,4,96,101,96,101
1787886963,36.99,37.03,36.99,37.03,0,0,0,0,0,0,0,0,36.938002857950565,36.950461999730045,36.82,37.06,39.860851709058814,38.775363758490506,39.860851709058814,38.775363758490506,57.37069277391738,54.57303146032835,57.37069277391738,54.57303146032835,96,101,96,101,-1,4,-1,4,-1,4,-1,4,96,101,96,101
1787886972,37.04,37.04,37,37,0,0,0,0,0,0,0,0,36.95169930802016,36.951087585139035,36.82,37.06,40.895635593194356,39.078259734876774,40.895635593194356,39.078259734876774,60.84154618716706,57.7072888237477,60.84154618716706,57.7072888237477,96,101,96,101,-1,4,-1,4,-1,4,-1,4,96,101,96,101
1787886984,36.97,37.01,36.97,37.01,0,0,0,0,0,0,0,0,36.95987519141043,36.95154110833832,36.82,37.06,42.011785845854355,39.497334893587855,42.011785845854355,39.497334893587855,62.50703958900022,60.107164206373966,62.50703958900022,60.107164206373966,96,101,96,101,-1,4,-1,4,-1,4,-1,4,96,101,96,101
1787886990,37.04,37.04,37,37.04,0,0,0,0,0,0,0,0,36.97201909600248,36.95228862633164,36.82,37.06,43.514049589783994,40.071151278758734,43.514049589783994,40.071151278758734,66.19651012390462,63.15183716513929,66.19651012390462,63.15183716513929,96,101,96,101,-1,4,-1,4,-1,4,-1,4,96,101,96,101
1787887026,37.050000000000004,37.050000000000004,37.010000000000005,37.010000000000005,0,0,0,0,0,0,0,0,36.981348957335356,36.95299553883912,36.82,37.050000000000004,44.44317027125912,40.6957254205445,44.44317027125912,40.6957254205445,69.00177058239494,66.07680387376712,69.00177058239494,66.07680387376712,96,101,96,101,-1,4,-1,4,-1,4,-1,4,96,101,96,101
1787887038,37,37.03,36.99,37.03,0,0,0,0,0,0,0,0,36.98777035903196,36.953629082399594,36.82,37.050000000000004,45.61648419598286,41.39869095989284,45.61648419598286,41.39869095989284,70.81104145157681,68.44392266267197,70.81104145157681,68.44392266267197,96,101,96,101,-1,4,-1,4,-1,4,-1,4,96,101,96,101
1787887134,37.050000000000004,37.050000000000004,37.010000000000005,37.010000000000005,0,0,0,0,0,0,0,1,36.99423635435949,36.95432265703575,36.82,37.050000000000004,46.39543097701522,42.112510962338895,46.39543097701522,42.112510962338895,72.95708314897111,70.70050290582154,72.95708314897111,70.70050290582154,96,101,96,101,-1,4,-1,4,-1,4,-1,4,96,101,96,101
1787887254,36.99,37.03,36.99,37.03,0,0,0,0,0,0,0,0,36.998314592960796,36.95494299544004,36.82,37.050000000000004,48.081471621514176,42.96521962793537,48.081471621514176,42.96521962793537,74.0822617467372,72.39138232627937,74.0822617467372,72.39138232627937,96,101,96,101,-1,4,-1,4,-1,4,-1,4,96,101,96,101
1787887281,37.07,37.08,37.04,37.08,0,0,0,0,0,0,0,0,37.0107422427255,36.956054673760704,36.82,37.08,51.381774668956986,44.167584633795606,51.381774668956986,44.167584633795606,77.23534523346716,74.81336377987327,77.23534523346716,74.81336377987327,96,101,96,101,-1,4,-1,4,-1,4,-1,4,96,101,96,101
1787887374,37.09,37.09,37.050000000000004,37.050000000000004,0,0,0,0,0,0,0,0,37.020304259199655,36.957122123109684,36.82,37.09,54.01416891529202,45.57423953115224,54.01416891529202,45.57423953115224,79.21759750170197,77.01548064078762,79.21759750170197,77.01548064078762,96,101,96,101,-1,4,-1,4,-1,4,-1,4,96,101,96,101
1787887413,37.04,37.06,37.02,37.02,0,0,0,0,0,0,0,0,37.02267318176941,36.95788044360942,36.82,37.09,55.828282900334194,47.0391028696068,55.828282900334194,47.0391028696068,79.11772907553258,78.0666048581601,79.11772907553258,78.0666048581601,96,101,96,101,-1,4,-1,4,-1,4,-1,4,96,101,96,101
1787887434,36.99,37.03,36.99,37.03,0,0,0,0,0,0,0,0,37.02158108811437,36.95846538115228,36.87,37.09,57.72290134862961,48.565359795181486,57.72290134862961,48.565359795181486,78.07974661500678,78.07317573658344,78.07974661500678,78.07317573658344,96,101,96,101,-1,4,-1,4,-1,4,-1,4,96,101,96,101
1787887440,37.04,37.08,37.04,37.08,0,0,0,0,0,0,0,0,37.029778466032965,36.95954201085889,36.87,37.09,60.53261007582824,50.274966978131026,60.53261007582824,50.274966978131026,79.83555000863,78.95436287260671,79.83555000863,78.95436287260671,96,101,96,101,-1,4,-1,4,-1,4,-1,4,96,101,96,101
1787887452,37.1,37.11,37.07,37.11,0,0,0,0,0,0,0,0,37.041939957057274,36.96090643529479,36.87,37.11,63.35170935612622,52.14307303213034,63.35170935612622,52.14307303213034,82.22357488424453,80.58896887842562,82.22357488424453,80.58896887842562,96,101,96,101,-1,4,-1,4,-1,4,-1,4,96,101,96,101
1787887467,37.12,37.16,37.12,37.16,0,0,0,0,0,0,0,0,37.06098117698625,36.96275479580595,36.87,37.16,65.9694444021172,54.118268942128466,65.9694444021172,54.118268942128466,84.09079527893235,82.33988207867898,84.09079527893235,82.33988207867898,96,101,96,101,-1,4,-1,4,-1,4,-1,4,96,101,96,101
1787887485,37.17,37.17,37.13,37.13,0,0,0,0,0,0,0,1,37.07595429632209,36.96455159717438,36.87,37.17,67.71992626455103,56.06136284533169,67.71992626455103,56.06136284533169,85.38394697377872,83.86191452622884,85.38394697377872,83.86191452622884,96,101,96,101,-1,4,-1,4,-1,4,-1,4,96,101,96,101
1787887539,37.12,37.13,37.09,37.13,0,0,0,0,0,0,0,0,37.083356545475645,36.96606517995539,36.87,37.17,69.34537370823958,57.95907868288997,69.34537370823958,57.95907868288997,85.4311382224227,84.64652637432577,85.4311382224227,84.64652637432577,96,101,96,101,-1,4,-1,4,-1,4,-1,4,96,101,96,101
1787887593,37.15,37.19,37.15,37.19,0,0,0,0,0,0,0,0,37.100322022055835,36.9681607171366,36.9,37.19,71.53498987193674,59.898494567039506,71.53498987193674,59.898494567039506,86.89464357288747,85.77058497360662,86.89464357288747,85.77058497360662,96,101,96,101,-1,4,-1,4,-1,4,-1,4,96,101,96,101
1787887680,37.2,37.24,37.2,37.24,0,0,0,0,0,0,0,0,37.12329377562144,36.97073291563939,36.94,37.24,73.56820488108413,61.85131032618874,73.56820488108413,61.85131032618874,88.22261966111449,86.99660231736055,88.22261966111449,86.99660231736055,96,101,96,101,-1,4,-1,4,-1,4,-1,4,96,101,96,101
1787887689,37.26,37.28,37.24,37.24,0,0,0,0,0,0,0,0,37.146937331569056,36.97354486009405,36.97,37.28,74.91710668876951,63.71785266370028,74.91710668876951,63.71785266370028,89.03553734927809,88.01606983331932,89.03553734927809,88.01606983331932,96,101,96,101,-1,4,-1,4,-1,4,-1,4,96,101,96,101
1787887740,37.230000000000004,37.23,37.19,37.23,0,0,0,0,0,0,0,0,37.159615392495894,36.97596398254751,36.97,37.28,76.03488747784657,65.47742906572117,76.03488747784657,65.47742906572117,88.80064692049923,88.40835837690928,88.80064692049923,88.40835837690928,96,101,96,101,-1,4,-1,4,-1,4,-1,4,96,101,96,101
1787887799,37.24,37.26,37.22,37.22,0,0,0,0,0,0,0,1,37.17301865446634,36.978524871610055,36.97,37.28,76.9380558925017,67.11466146954696,76.9380558925017,67.11466146954696,88.90987127347134,88.6591148251903,88.90987127347134,88.6591148251903,96,101,96,101,-1,4,-1,4,-1,4,-1,4,96,101,96,101
1787893206,37.19,37.19,37.15,37.15,0,0,0,0,0,0,0,0,37.17125768698761,36.98036376177646,36.99,37.28,76.79962332875155,68.49822744943333,76.79962332875155,68.49822744943333,86.95380270645357,87.80645876582193,86.95380270645357,87.80645876582193,96,101,96,101,-1,4,-1,4,-1,4,-1,4,96,101,96,101
1787893209,37.09,37.13,37.09,37.13,0,0,0,0,0,0,0,0,37.16133204692925,36.98172000958631,36.99,37.28,76.39635353054405,69.62653117530628,76.39635353054405,69.62653117530628,83.66226567385472,85.73436221983832,83.66226567385472,85.73436221983832,96,101,96,101,-1,4,-1,4,-1,4,-1,4,96,101,96,101
1787893215,37.160000000000004,37.18,37.14,37.18,0,0,0,0,0,0,0,0,37.1623019777906,36.98356027483089,36.99,37.28,76.70870190473595,70.6382698509391,76.70870190473595,70.6382698509391,82.51796685088163,84.12616453535998,82.51796685088163,84.12616453535998,96,101,96,101,-1,4,-1,4,-1,4,-1,4,96,101,96,101
1787893227,37.25,37.29,37.25,37.29,0,0,0,0,0,0,0,0,37.18309555758625,36.986476756341695,36.99,37.29,78.37236605439766,71.74314073714747,78.37236605439766,71.74314073714747,84.47118247082378,84.29867350309188,84.47118247082378,84.29867350309188,96,101,96,101,-1,4,-1,4,-1,4,-1,4,96,101,96,101
1787893230,37.300000000000004,37.300000000000004,37.260000000000005,37.260000000000005,0,0,0,0,0,0,0,0,37.1995024259039,36.98933105064012,36.99,37.300000000000004,79.34576847908355,72.82923041456691,79.34576847908355,72.82923041456691,85.892242782301,85.09545814269643,85.892242782301,85.09545814269643,96,101,96,101,-1,4,-1,4,-1,4,-1,4,96,101,96,101
1787893236,37.230000000000004,37.27,37.230000000000004,37.230000000000004,0,0,0,0,0,0,0,0,37.207471681800165,36.99185843653756,36.99,37.300000000000004,79.77940406391092,73.8221123644732,79.77940406391092,73.8221123644732,85.84783600609224,85.47164707439433,85.84783600609224,85.47164707439433,96,101,96,101,-1,4,-1,4,-1,4,-1,4,96,101,96,101
1787893251,37.22,37.230000000000004,37.190000000000005,37.190000000000005,0,0,0,0,0,0,0,0,37.206719254806195,36.99396266436638,36.99,37.300000000000004,79.5868275831554,74.64564310999923,79.5868275831554,74.64564310999923,84.68020494874344,85.07592601156888,84.68020494874344,85.07592601156888,96,101,96,101,-1,4,-1,4,-1,4,-1,4,96,101,96,101
1787893266,37.160000000000004,37.160000000000004,37.120000000000005,37.120000000000005,0,0,0,0,0,0,0,0,37.193376359992946,36.99534943719192,36.99,37.300000000000004,78.36633989864433,75.1771712226628,78.36633989864433,75.1771712226628,81.42024211553428,83.24808406355157,81.42024211553428,83.24808406355157,96,101,96,101,-1,4,-1,4,-1,4,-1,4,96,101,96,101
1787893287,37.07,37.08,37.04,37.04,0,0,0,0,0,0,0,0,37.16791399150938,36.99592639138238,36.99,37.300000000000004,76.04255371540778,75.30079729305494,76.04255371540778,75.30079729305494,75.90173576680328,79.57490991517743,75.90173576680328,79.57490991517743,96,101,96,101,-1,4,-1,4,-1,4,-1,4,96,101,96,101
1787893302,37.01,37.050000000000004,37.010000000000005,37.010000000000005,0,0,0,0,0,0,0,0,37.141626599113735,36.996199097272445,37.010000000000005,37.300000000000004,73.4383236881168,75.03472963520665,73.4383236881168,75.03472963520665,69.27291637154595,74.42391314336169,69.27291637154595,74.42391314336169,96,101,96,101,-1,4,-1,4,-1,4,-1,4,96,101,96,101
1787893362,37,37,36.96,36.96,0,0,0,0,0,0,0,0,37.1110278235173,36.99597157723325,36.96,37.300000000000004,70.27606247229892,74.35492004050555,70.27606247229892,74.35492004050555,60.80535688989656,67.61463501662912,60.80535688989656,67.61463501662912,96,101,96,101,-1,4,-1,4,-1,4,-1,4,96,101,96,101
1787893470,36.94,36.98,36.94,36.98,0,0,0,0,0,0,0,0,37.08478034045355,36.99567998608333,36.94,37.300000000000004,67.63729610522988,73.39525947832331,67.63729610522988,73.39525947832331,53.07125828657802,60.34294665160357,53.07125828657802,60.34294665160357,96,101,96,101,-1,4,-1,4,-1,4,-1,4,96,101,96,101
1787893500,36.99,37.03,36.99,37.03,0,0,0,0,0,0,0,0,37.07239603612866,36.9958888087757,36.94,37.300000000000004,65.93106066914201,72.32894536272599,65.93106066914201,72.32894536272599,48.42615789643211,54.384552274017835,48.42615789643211,54.384552274017835,96,101,96,101,-1,4,-1,4,-1,4,-1,4,96,101,96,101
1787893545,37.04,37.08,37.04,37.08,0,0,0,0,0,0,0,0,37.07135433259012,36.99659306606815,36.94,37.300000000000004,65.09074681182229,71.29491699831117,65.09074681182229,71.29491699831117,46.42877026043387,50.40666126722586,46.42877026043387,50.40666126722586,96,101,96,101,-1,4,-1,4,-1,4,-1,4,96,101,96,101
1787893581,37.09,37.11,37.07,37.11,0,0,0,0,0,0,0,0,37.07595657514949,36.997588823288034,36.94,37.300000000000004,64.75688394431111,70.36091227631115,64.75688394431111,70.36091227631115,46.06593006449881,48.23629566586233,46.06593006449881,48.23629566586233,96,101,96,101,-1,4,-1,4,-1,4,-1,4,96,101,96,101
1787893605,37.12,37.12,37.08,37.08,0,0,0,0,0,0,0,0,37.07911598572837,36.998541504980025,36.94,37.300000000000004,64.00043985305074,69.45227335870253,64.00043985305074,69.45227335870253,45.67555910290386,46.955927384383095,45.67555910290386,46.955927384383095,96,101,96,101,-1,4,-1,4,-1,4,-1,4,96,101,96,101
1787893617,37.07,37.07,37.03,37.03,0,0,0,0,0,0,0,0,37.07261004892927,36.99898719481439,36.94,37.300000000000004,62.5539798635471,68.4668028593946,62.5539798635471,68.4668028593946,43.356828437409646,45.15637791089637,43.356828437409646,45.15637791089637,96,101,96,101,-1,4,-1,4,-1,4,-1,4,96,101,96,101
1787893635,37.02,37.05,37.01,37.05,0,0,0,0,0,0,0,0,37.06607488851789,36.999362114932325,36.94,37.300000000000004,61.50845749234128,67.47275352124413,61.50845749234128,67.47275352124413,40.972519613017866,43.06444876195712,40.972519613017866,43.06444876195712,96,101,96,101,-1,4,-1,4,-1,4,-1,4,96,101,96,101
1787893656,37.06,37.09,37.050000000000004,37.09,0,0,0,0,0,0,0,0,37.068000666363126,37.00013131445207,36.94,37.300000000000004,61.132853385745484,66.56705350188717,61.132853385745484,66.56705350188717,40.516127922269575,41.79028834211334,40.516127922269575,41.79028834211334,96,101,96,101,-1,4,-1,4,-1,4,-1,4,96,101,96,101
1787893692,37.12,37.16,37.12,37.16,0,0,0,0,0,0,0,0,37.08230357550922,37.001589377658185,36.94,37.300000000000004,61.82574481057309,65.8897236888423,61.82574481057309,65.8897236888423,42.82334774289761,42.306818042505476,42.82334774289761,42.306818042505476,96,101,96,101,-1,4,-1,4,-1,4,-1,4,96,101,96,101
1787893719,37.17,37.17,37.13,37.13,0,0,0,0,0,0,0,0,37.093399895113606,37.00299976527684,36.94,37.300000000000004,62.02271541934168,65.3372939360565,62.02271541934168,65.3372939360565,44.880329811372526,43.593573926939,44.880329811372526,43.593573926939,96,101,96,101,-1,4,-1,4,-1,4,-1,4,96,101,96,101
1787893767,37.1,37.11,37.07,37.11,0,0,0,0,0,0,0,0,37.0939938535778,37.00393177424589,36.94,37.300000000000004,61.90799765129341,64.84739446680463,61.90799765129341,64.84739446680463,44.818060473239974,44.205817200089484,44.818060473239974,44.205817200089484,96,101,96,101,-1,4,-1,4,-1,4,-1,4,96,101,96,101
1787893773,37.12,37.12,37.08,37.08,0,0,0,0,0,0,0,0,37.0938737589879,37.004821341998,36.94,37.300000000000004,61.35504543810572,64.34848746270478,61.35504543810572,64.34848746270478,44.60595659611057,44.40588689810003,44.60595659611057,44.40588689810003,96,101,96,101,-1,4,-1,4,-1,4,-1,4,96,101,96,101
1787893791,37.07,37.07,37.03,37.03,0,0,0,0,0,0,0,0,37.08468459068707,37.005204545891885,36.94,37.300000000000004,60.09754219252672,63.741209566965054,60.09754219252672,63.741209566965054,42.44002628872968,43.42295659341485,42.44002628872968,43.42295659341485,96,101,96,101,-1,4,-1,4,-1,4,-1,4,96,101,96,101
1787893803,37.02,37.05,37.01,37.05,0,0,0,0,0,0,0,0,37.07595405904699,37.005517601819996,36.94,37.27,59.227479654965215,63.09639100810794,59.227479654965215,63.09639100810794,40.186689199863615,41.80482289663924,40.186689199863615,41.80482289663924,96,101,96,101,-1,4,-1,4,-1,4,-1,4,96,101,96,101
1787893878,37.07,37.07,37.03,37.07,0,0,0,0,0,0,0,0,37.07244726043239,37.00602654773887,36.94,37.230000000000004,58.71718348913434,62.47078993396885,58.71718348913434,62.47078993396885,39.28700344115285,40.54591316889604,39.28700344115285,40.54591316889604,96,101,96,101,-1,4,-1,4,-1,4,-1,4,96,101,96,101
1787893953,37.08,37.09,37.050000000000004,37.09,0,0,0,0,0,0,0,0,37.07321442520226,37.00672943449437,36.94,37.17,58.54095609705333,61.90938510012377,58.54095609705333,61.90938510012377,39.23012993368677,39.8880215512914,39.23012993368677,39.8880215512914,96,101,96,101,-1,4,-1,4,-1,4,-1,4,96,101,96,101
1787894016,37.1,37.14,37.1,37.1,0,0,0,0,0,0,0,0,37.08050877213518,37.0077901698062,36.94,37.17,58.52612589964474,61.4260623571982,58.52612589964474,61.4260623571982,40.29249232411232,40.09025693770186,40.29249232411232,40.09025693770186,96,101,96,101,-1,4,-1,4,-1,4,-1,4,96,101,96,101
1787894070,37.09,37.13,37.09,37.13,0,0,0,0,0,0,0,0,37.08708293477727,37.00887351803367,36.94,37.17,58.958783573479636,61.073593959524125,58.958783573479636,61.073593959524125,41.44118389685831,40.765720417280086,41.44118389685831,40.765720417280086,96,101,96,101,-1,4,-1,4,-1,4,-1,4,96,101,96,101
1787894103,37.14,37.18,37.14,37.14,0,0,0,0,0,0,0,0,37.099128461787465,37.01031092913118,36.94,37.18,59.23249172354668,60.810579354384494,59.23249172354668,60.810579354384494,43.77498302270402,42.27035171999205,43.77498302270402,42.27035171999205,96,101,96,101,-1,4,-1,4,-1,4,-1,4,96,101,96,101
1787894112,37.12,37.16,37.12,37.16,0,0,0,0,0,0,0,0,37.1077717717655,37.011667702638995,36.94,37.18,59.81887520508728,60.668907333056325,59.81887520508728,60.668907333056325,45.61665211469856,43.9435019173453,45.61665211469856,43.9435019173453,96,101,96,101,-1,4,-1,4,-1,4,-1,4,96,101,96,101
1787894115,37.18,37.19,37.15,37.15,0,0,0,0,0,0,0,0,37.11787387386874,37.01317681339217,36.99,37.19,60.197261195421525,60.60152931339421,60.197261195421525,60.60152931339421,47.988876415773355,45.96618916655933,47.988876415773355,45.96618916655933,96,101,96,101,-1,4,-1,4,-1,4,-1,4,96,101,96,101
1787894181,37.13,37.13,37.09,37.13,0,0,0,0,0,0,0,0,37.11765438165018,37.014206563175996,37.01,37.19,60.21639370139642,60.54650994025167,60.21639370139642,60.54650994025167,48.35554486431362,47.16086701543648,48.35554486431362,47.16086701543648,96,101,96,101,-1,4,-1,4,-1,4,-1,4,96,101,96,101
1787894193,37.14,37.15,37.11,37.11,0,0,0,0,0,0,0,0,37.118686918319845,37.01529240168502,37.01,37.19,59.90193368618037,60.45442761824148,59.90193368618037,60.45442761824148,48.74919718528474,47.95503210036061,48.74919718528474,47.95503210036061,96,101,96,101,-1,4,-1,4,-1,4,-1,4,96,101,96,101
1787894241,37.1,37.14,37.1,37.14,0,0,0,0,0,0,0,0,37.12013778165563,37.01640060332663,37.01,37.19,60.108273971054516,60.404977097214775,60.108273971054516,60.404977097214775,49.086613460402845,48.52082278038173,49.086613460402845,48.52082278038173,96,101,96,101,-1,4,-1,4,-1,4,-1,4,96,101,96,101
1787894385,37.15,37.15,37.11,37.11,0,0,0,0,0,0,0,0,37.12071879105157,37.01746461059038,37.01,37.19,59.564825830264866,60.2849554876505,59.564825830264866,60.2849554876505,49.45519248986925,48.988007635125484,49.45519248986925,48.988007635125484,96,101,96,101,-1,4,-1,4,-1,4,-1,4,96,101,96,101
1787894409,37.1,37.12,37.08,37.08,0,0,0,0,0,0,0,0,37.11573961692098,37.01821952325449,37.01,37.19,58.08797319159511,59.9711008739283,58.08797319159511,59.9711008739283,48.421911023062464,48.704959329093974,48.421911023062464,48.704959329093974,96,101,96,101,-1,4,-1,4,-1,4,-1,4,96,101,96,101
1787894421,37.07,37.1,37.06,37.06,0,0,0,0,0,0,0,0,37.10802938354141,37.018767919374675,37.01,37.19,56.31978463029075,59.449484267694366,56.31978463029075,59.449484267694366,46.663225321355135,47.684092325224555,46.663225321355135,47.684092325224555,96,101,96,101,-1,4,-1,4,-1,4,-1,4,96,101,96,101
1787894463,37.050000000000004,37.050000000000004,37.010000000000005,37.010000000000005,0,0,0,0,0,0,0,0,37.092630101685394,37.01881334637924,37.01,37.19,53.68583175987328,58.62610533800564,53.68583175987328,58.62610533800564,43.71999399839147,45.702043161808014,43.71999399839147,45.702043161808014,96,101,96,101,-1,4,-1,4,-1,4,-1,4,96,101,96,101
1787894604,36.99,37,36.96,36.96,0,0,0,0,0,0,0,0,37.07093978016684,37.018360808935995,36.96,37.19,50.247954888136356,57.429226702310025,50.247954888136356,57.429226702310025,39.14915741734074,42.425600289574376,39.14915741734074,42.425600289574376,96,101,96,101,-1,4,-1,4,-1,4,-1,4,96,101,96,101
1787894622,36.94,36.98,36.94,36.98,0,0,0,0,0,0,0,0,37.051981032257714,37.01784643936118,36.94,37.19,47.45246604692023,56.00397518011148,47.45246604692023,56.00397518011148,34.92784921486354,38.67672475221896,34.92784921486354,38.67672475221896,96,101,96,101,-1,4,-1,4,-1,4,-1,4,96,101,96,101
1787894628,36.99,37,36.96,37,0,0,0,0,0,0,0,0,37.040105693059346,37.01753619286671,36.94,37.19,45.25348037690214,54.468190208224435,45.25348037690214,54.468190208224435,32.795299327026136,35.73601203962255,32.795299327026136,35.73601203962255,96,101,96,101,-1,4,-1,4,-1,4,-1,4,96,101,96,101
1787894787,37.01,37.03,36.99,36.99,0,0,0,0,0,0,0,0,37.0334198094728,37.0173948708813,36.94,37.19,43.01315241347269,52.83175623754562,43.01315241347269,52.83175623754562,31.65311370887941,33.69456287425098,31.65311370887941,33.69456287425098,96,101,96,101,-1,4,-1,4,-1,4,-1,4,96,101,96,101
1787894826,36.980000000000004,37.01,36.97,36.97,0,0,0,0,0,0,0,0,37.02431317744744,37.01705595010968,36.94,37.19,40.53602247917703,51.07522284349296,40.53602247917703,51.07522284349296,29.416954607610876,31.555758740930926,29.416954607610876,31.555758740930926,96,101,96,101,-1,4,-1,4,-1,4,-1,4,96,101,96,101
1787895066,36.96,36.980000000000004,36.940000000000005,36.940000000000005,0,1,0,0,0,0,0,0,37.011407751244874,37.01642189422136,36.94,37.19,37.64059230209309,49.15598990900726,37.64059230209309,49.15598990900726,25.90024680652404,28.728002773727482,25.90024680652404,28.728002773727482,96,101,96,101,-1,4,-1,4,-1,4,-1,4,96,101,96,101
1787895267,36.93,36.94,36.9,36.9,0,0,0,0,0,0,0,0,36.993576038897324,37.0153961373966,36.9,37.19,34.9519785662293,47.12684543146755,34.9519785662293,47.12684543146755,22.889866720863118,25.8089347472953,22.889866720863118,25.8089347472953,96,101,96,101,-1,4,-1,4,-1,4,-1,4,96,101,96,101
1787895426,36.89,36.89,36.85,36.85,0,0,0,0,0,0,0,0,36.9698955469766,37.0138830746696,36.85,37.19,32.45540866864149,45.03092589392097,32.45540866864149,45.03092589392097,20.292154668302775,23.050544707799038,20.292154668302775,23.050544707799038,96,101,96,101,-1,4,-1,4,-1,4,-1,4,96,101,96,101
1787895453,36.84,36.88,36.84,36.88,0,0,0,0,0,0,0,0,36.95112665964752,37.012418234788974,36.84,37.19,30.758283204732297,42.991976938322594,30.758283204732297,42.991976938322594,18.372867266708553,20.711705987253794,18.372867266708553,20.711705987253794,96,101,96,101,-1,4,-1,4,-1,4,-1,4,96,101,96,101
1787895462,36.89,36.93,36.89,36.93,0,0,0,0,0,0,0,0,36.94486120637828,37.01146548286736,36.84,37.19,29.958778503773097,41.13009144767267,29.958778503773097,41.13009144767267,18.76858010615832,19.74014304670606,18.76858010615832,19.74014304670606,96,101,96,101,-1,4,-1,4,-1,4,-1,4,96,101,96,101
1787895537,36.95,36.98,36.94,36.98,0,0,0,0,0,0,0,0,36.94882583552162,37.01101972350218,36.84,37.19,29.992778796981746,39.53904678328825,29.992778796981746,39.53904678328825,21.230211519563973,20.485177283135016,21.230211519563973,20.485177283135016,96,101,96,101,-1,4,-1,4,-1,4,-1,4,96,101,96,101
1787895555,36.99,37,36.96,36.96,0,0,0,0,0,0,0,0,36.95328174421466,37.010644734545274,36.84,37.19,29.71379149160723,38.13543888447668,29.71379149160723,38.13543888447668,23.666711914728406,22.075944598931713,23.666711914728406,22.075944598931713,96,101,96,101,-1,4,-1,4,-1,4,-1,4,96,101,96,101
1787895621,36.95,36.980000000000004,36.940000000000005,36.940000000000005,0,0,0,0,0,0,0,0,36.95329112405442,37.01007447184665,36.84,37.15,29.1441728446912,36.850972307364465,29.1441728446912,36.850972307364465,24.775548988134602,23.425746793533158,24.775548988134602,23.425746793533158,96,101,96,101,-1,4,-1,4,-1,4,-1,4,96,101,96,101
1787895669,36.92,36.96,36.92,36.96,0,0,0,0,0,0,0,0,36.952086677256645,37.00944354841202,36.84,37.15,28.92580025019458,35.71880487062591,28.92580025019458,35.71880487062591,25.481082806156227,24.453414799844694,25.481082806156227,24.453414799844694,96,101,96,101,-1,4,-1,4,-1,4,-1,4,96,101,96,101
1787895735,36.97,36.980000000000004,36.940000000000005,36.940000000000005,0,0,0,0,0,0,0,0,36.952313341997865,37.008885237814226,36.84,37.15,28.412466691950886,34.67504227367233,28.412466691950886,34.67504227367233,26.49398934405224,25.473702071948466,26.49398934405224,25.473702071948466,96,101,96,101,-1,4,-1,4,-1,4,-1,4,96,101,96,101
1787895807,36.93,36.97,36.93,36.97,0,0,0,0,0,0,0,0,36.95310485557401,37.00836565004161,36.84,37.15,28.401638325755563,33.77884170968422,28.401638325755563,33.77884170968422,27.362194947963104,26.417948509955785,27.362194947963104,26.417948509955785,96,101,96,101,-1,4,-1,4,-1,4,-1,4,96,101,96,101
1787895858,36.980000000000004,37.01,36.97,37.01,0,0,0,0,0,0,0,0,36.96102518486359,37.00824924224683,36.84,37.12,29.012701426710823,33.09796452640231,29.012701426710823,33.09796452640231,29.82065689417251,28.119302702064147,29.82065689417251,28.119302702064147,96,101,96,101,-1,4,-1,4,-1,4,-1,4,96,101,96,101
1787895879,37.04,37.050000000000004,37.010000000000005,37.010000000000005,0,0,0,0,0,0,0,0,36.97235393913081,37.00839933270541,36.84,37.1,29.580117163312245,32.59541490310373,29.580117163312245,32.59541490310373,33.07076713378083,30.59503491792249,33.07076713378083,30.59503491792249,96,101,96,101,-1,4,-1,4,-1,4,-1,4,96,101,96,101
1787895909,36.99,37.03,36.99,37.03,0,0,0,0,0,0,0,0,36.98041079868279,37.008481594734874,36.84,37.050000000000004,30.41756221065325,32.284293089896515,30.41756221065325,32.284293089896515,35.44841264528163,33.02172378160206,35.44841264528163,33.02172378160206,96,101,96,101,-1,4,-1,4,-1,4,-1,4,96,101,96,101
1787895912,37.04,37.08,37.04,37.04,0,0,0,0,0,0,0,0,36.993669441346526,37.008927880691076,36.84,37.08,31.35046925771832,32.150889685299624,31.35046925771832,32.150889685299624,38.87414961432281,35.94793669796243,38.87414961432281,35.94793669796243,96,101,96,101,-1,4,-1,4,-1,4,-1,4,96,101,96,101
1787896011,37.03,37.04,37,37.04,0,0,0,0,0,0,0,0,36.99966893685928,37.00910438602416,36.84,37.08,32.21674008713588,32.16029688556195,32.21674008713588,32.16029688556195,41.07580171023591,38.51186920409917,41.07580171023591,38.51186920409917,96,101,96,101,-1,4,-1,4,-1,4,-1,4,96,101,96,101
1787896047,37.06,37.1,37.06,37.1,1,0,0,0,0,0,0,0,37.015486705915166,37.009876150010655,36.84,37.1,33.95281144737148,32.41637039439188,33.95281144737148,32.41637039439188,45.1670137108146,41.839441457456886,45.1670137108146,41.839441457456886,96,101,96,101,-1,4,-1,4,-1,4,-1,4,96,101,96,101
1787896104,37.11,37.11,37.07,37.07,0,0,0,0,0,0,0,0,37.02782245635483,37.010607067257645,36.84,37.11,35.0990392011306,32.79960879535456,35.0990392011306,32.79960879535456,48.75539950722881,45.297420482342844,48.75539950722881,45.297420482342844,96,101,96,101,-1,4,-1,4,-1,4,-1,4,96,101,96,101
1787896131,37.06,37.09,37.050000000000004,37.09,0,0,0,0,0,0,0,0,37.03670322186608,37.0112643767045,36.84,37.11,36.473952550118156,33.324515046035074,36.473952550118156,33.324515046035074,51.42299549599237,48.360207989167606,51.42299549599237,48.360207989167606,96,101,96,101,-1,4,-1,4,-1,4,-1,4,96,101,96,101
1787896143,37.1,37.1,37.06,37.06,0,0,0,0,0,0,0,0,37.04336324213285,37.011881978263,36.84,37.11,37.284819293432676,33.8902727956633,37.284819293432676,33.8902727956633,53.7095063435037,51.034857166335655,53.7095063435037,51.034857166335655,96,101,96,101,-1,4,-1,4,-1,4,-1,4,96,101,96,101
1787896155,37.03,37.06,37.02,37.06,0,0,0,0,0,0,0,0,37.043963864775364,37.01222809456552,36.84,37.11,38.27610296516421,34.516819962734864,38.27610296516421,34.516819962734864,54.44488298830955,52.73987007732261,54.44488298830955,52.73987007732261,96,101,96,101,-1,4,-1,4,-1,4,-1,4,96,101,96,101
1787896233,37.08,37.09,37.050000000000004,37.09,0,0,0,0,0,0,0,0,37.0499098287556,37.01286927438743,36.84,37.11,40.1208501892642,35.31739570938191,40.1208501892642,35.31739570938191,57.72695039550983,55.23341023641622,57.72695039550983,55.23341023641622,96,101,96,101,-1,4,-1,4,-1,4,-1,4,96,101,96,101
1787896323,37.1,37.1,37.06,37.1,0,0,0,0,0,0,0,0,37.056592890193976,37.01360357679817,36.84,37.11,42.56119762472497,36.35222455443092,42.56119762472497,36.35222455443092,61.093146421957705,58.163278329186966,61.093146421957705,58.163278329186966,96,101,96,101,-1,4,-1,4,-1,4,-1,4,96,101,96,101
1787896368,37.13,37.14,37.1,37.14,0,0,0,0,0,0,0,0,37.06933357682537,37.01472858266751,36.89,37.14,45.64356105969364,37.679558340897024,45.64356105969364,37.679558340897024,65.72960937550309,61.94644385234503,65.72960937550309,61.94644385234503,96,101,96,101,-1,4,-1,4,-1,4,-1,4,96,101,96,101
1787896488,37.160000000000004,37.160000000000004,37.120000000000005,37.120000000000005,0,0,0,0,0,0,0,1,37.08096989619045,37.015908729440305,36.92,37.160000000000004,48.09759241257278,39.16784892256499,48.09759241257278,39.16784892256499,69.55395089328832,65.75019737281667,69.55395089328832,65.75019737281667,96,101,96,101,-1,4,-1,4,-1,4,-1,4,96,101,96,101
1787896551,37.11,37.11,37.07,37.07,0,0,0,0,0,0,0,0,37.081399612034616,37.01657962102133,36.92,37.160000000000004,49.35592764840943,40.62328874054277,49.35592764840943,40.62328874054277,70.59981505138975,68.17500621210321,70.59981505138975,68.17500621210321,96,101,96,101,-1,4,-1,4,-1,4,-1,4,96,101,96,101
1787896614,37.06,37.09,37.050000000000004,37.09,0,0,0,0,0,0,0,0,37.08053907651317,37.01717750207253,36.92,37.160000000000004,50.932545061278226,42.09603964350498,50.932545061278226,42.09603964350498,71.04984147261997,69.6124238423616,71.04984147261997,69.6124238423616,96,101,96,101,-1,4,-1,4,-1,4,-1,4,96,101,96,101
1787896638,37.1,37.12,37.08,37.08,0,0,0,0,0,0,0,0,37.082865305025926,37.01793527153781,36.92,37.160000000000004,52.19246531200322,43.53838616757616,52.19246531200322,43.53838616757616,72.14986411938833,70.88114398087495,72.14986411938833,70.88114398087495,96,101,96,101,-1,4,-1,4,-1,4,-1,4,96,101,96,101
1787896803,37.07,37.09,37.050000000000004,37.09,0,0,0,0,0,0,0,0,37.0817382798697,37.01851966352914,36.93,37.160000000000004,53.566472891758174,44.970969985316444,53.566472891758174,44.970969985316444,72.4677406737614,71.67444232731818,72.4677406737614,71.67444232731818,96,101,96,101,-1,4,-1,4,-1,4,-1,4,96,101,96,101
1787897226,37.1,37.1,37.06,37.06,0,0,0,0,0,0,0,0,37.080210107772174,37.019065073178936,36.93,37.160000000000004,54.23009217499999,46.2937017266998,54.23009217499999,46.2937017266998,72.65092057750964,72.1626814524139,72.65092057750964,72.1626814524139,96,101,96,101,-1,4,-1,4,-1,4,-1,4,96,101,96,101
1787897337,37.050000000000004,37.09,37.050000000000004,37.09,0,0,0,0,0,0,0,0,37.079565845752995,37.0196382233629,36.97,37.160000000000004,55.458554978826605,47.60296647700363,55.458554978826605,47.60296647700363,72.71864620929405,72.44066383085398,72.71864620929405,72.44066383085398,96,101,96,101,-1,4,-1,4,-1,4,-1,4,96,101,96,101
1787897406,37.1,37.14,37.1,37.1,0,0,0,0,0,0,0,0,37.08570538894942,37.02057051301434,36.99,37.160000000000004,56.80335207217577,48.917307276313934,56.80335207217577,48.917307276313934,74.29455389368032,73.36760886226715,74.29455389368032,73.36760886226715,96,101,96,101,-1,4,-1,4,-1,4,-1,4,96,101,96,101
1787897412,37.09,37.12,37.08,37.12,0,0,0,0,0,0,0,0,37.089516530352554,37.021427191160136,36.99,37.160000000000004,58.46025549559175,50.28058559335363,58.46025549559175,50.28058559335363,75.55604619458303,74.46182752842509,75.55604619458303,74.46182752842509,96,101,96,101,-1,4,-1,4,-1,4,-1,4,96,101,96,101
1787897445,37.13,37.16,37.12,37.16,0,0,0,0,0,0,0,0,37.09990746422785,37.02267335509553,37,37.160000000000004,60.81513520509027,51.78552125217315,60.81513520509027,51.78552125217315,78.42303959535676,76.44243356189092,78.42303959535676,76.44243356189092,96,101,96,101,-1,4,-1,4,-1,4,-1,4,96,101,96,101
1787897553,37.17,37.18,37.14,37.14,0,0,0,0,0,0,0,1,37.10962125861066,37.023973454381476,37,37.18,62.59364595574713,53.32953906696944,62.59364595574713,53.32953906696944,80.41302553551633,78.42772954870362,80.41302553551633,78.42772954870362,96,101,96,101,-1,4,-1,4,-1,4,-1,4,96,101,96,101
1787897757,37.13,37.14,37.1,37.14,0,0,0,0,0,0,0,0,37.11272042371175,37.02499527738929,37.02,37.18,64.24512022421422,54.8889078037187,64.24512022421422,54.8889078037187,81.11032440859393,79.76902697864878,81.11032440859393,79.76902697864878,96,101,96,101,-1,4,-1,4,-1,4,-1,4,96,101,96,101
1787898129,37.15,37.18,37.14,37.14,0,0,0,0,0,0,0,0,37.120104589097494,37.02627227297082,37.02,37.18,65.77863204493364,56.44458269532084,65.77863204493364,56.44458269532084,82.54834529140007,81.15868613502442,82.54834529140007,81.15868613502442,96,101,96,101,-1,4,-1,4,-1,4,-1,4,96,101,96,101
1787898321,37.13,37.160000000000004,37.120000000000005,37.120000000000005,0,0,0,0,0,0,0,0,37.12250981532219,37.02733755715353,37.02,37.18,66.79444404172422,57.92313431623561,66.79444404172422,57.92313431623561,82.57838463400807,81.86853538451625,82.57838463400807,81.86853538451625,96,101,96,101,-1,4,-1,4,-1,4,-1,4,96,101,96,101
1787898483,37.1,37.14,37.1,37.14,0,0,0,0,0,0,0,0,37.123265606475734,37.02832590650192,37.02,37.18,68.14586130405009,59.383523885923395,68.14586130405009,59.383523885923395,81.99026375222682,81.92939956837154,81.99026375222682,81.92939956837154,96,101,96,101,-1,4,-1,4,-1,4,-1,4,96,101,96,101
1787898507,37.15,37.18,37.14,37.18,0,0,0,0,0,0,0,0,37.13115670832863,37.02970243147868,37.02,37.18,70.21707529253635,60.931174086868104,70.21707529253635,60.931174086868104,83.79385244696388,82.86162600766771,83.79385244696388,82.86162600766771,96,101,96,101,-1,4,-1,4,-1,4,-1,4,96,101,96,101
1787898771,37.19,37.21,37.17,37.17,0,0,0,0,0,0,0,1,37.140643367420395,37.03123109716878,37.050000000000004,37.21,71.57222628515443,62.45132440090901,71.57222628515443,62.45132440090901,84.72970603828438,83.79566602297604,84.72970603828438,83.79566602297604,96,101,96,101,-1,4,-1,4,-1,4,-1,4,96,101,96,101
1787898930,37.160000000000004,37.17,37.13,37.13,0,0,0,0,0,0,0,0,37.14113245213184,37.032346542304744,37.050000000000004,37.21,72.05838000609901,63.82376091593615,72.05838000609901,63.82376091593615,83.65994507715003,83.72780555006304,83.65994507715003,83.72780555006304,96,101,96,101,-1,4,-1,4,-1,4,-1,4,96,101,96,101
1787899095,37.12,37.15,37.11,37.11,0,0,0,0,0,0,0,0,37.13789624871393,37.03325188350901,37.050000000000004,37.21,72.1237080751614,65.00946765296833,72.1237080751614,65.00946765296833,81.4024019028635,82.56510372646326,81.4024019028635,82.56510372646326,96,101,96,101,-1,4,-1,4,-1,4,-1,4,96,101,96,101
1787899233,37.1,37.1,37.06,37.06,0,0,0,0,0,0,0,0,37.12615753682655,37.03365070390527,37.050000000000004,37.21,71.21911888832555,65.89656068659079,71.21911888832555,65.89656068659079,77.22246693714831,79.89378533180579,77.22246693714831,79.89378533180579,96,101,96,101,-1,4,-1,4,-1,4,-1,4,96,101,96,101
1787899299,37.050000000000004,37.09,37.050000000000004,37.050000000000004,0,0,0,0,0,0,0,0,37.11473495437323,37.03394605345182,37.050000000000004,37.21,70.18609302178497,66.50935102018995,70.18609302178497,66.50935102018995,71.4287811842228,75.6612832580143,71.4287811842228,75.6612832580143,96,101,96,101,-1,4,-1,4,-1,4,-1,4,96,101,96,101
1787899692,37.04,37.07,37.03,37.03,0,0,0,0,0,0,0,0,37.101752841456886,37.03403945922179,37.03,37.21,68.84075433103969,66.84240863602562,68.84075433103969,66.84240863602562,64.47142283322977,70.06635304562204,64.47142283322977,70.06635304562204,96,101,96,101,-1,4,-1,4,-1,4,-1,4,96,101,96,101
1787900013,37.02,37.04,37,37.04,0,0,0,0,0,0,1,0,37.088100809676845,37.033966098101835,37,37.21,67.7845614541121,66.97700189575225,67.7845614541121,66.97700189575225,57.72875203887253,63.89755254224728,57.72875203887253,63.89755254224728,96,101,96,101,-1,4,-1,4,-1,4,-1,4,96,101,96,101
1787900220,37.050000000000004,37.050000000000004,37.010000000000005,37.010000000000005,0,0,0,0,0,0,0,0,37.076324904887116,37.033860299447426,37,37.21,66.224660346386,66.86952453155708,66.224660346386,66.86952453155708,51.25049494488464,57.57402374356596,51.25049494488464,57.57402374356596,96,101,96,101,-1,4,-1,4,-1,4,-1,4,96,101,96,101
1788139800,36.95,36.95,36.910000000000004,36.910000000000004,0,0,0,0,0,0,0,0,37.0485082555137,37.03276052864032,36.910000000000004,37.21,62.84567881585265,66.29468942931358,62.84567881585265,66.29468942931358,44.690900428948666,51.13246208625731,44.690900428948666,51.13246208625731,96,101,96,101,-1,4,-1,4,-1,4,-1,4,96,101,96,101
1788139801,36.89,36.89,36.85,36.85,0,0,0,0,0,0,0,0,37.01484008784455,37.03107468590095,36.85,37.21,58.549751950627616,65.1882697895013,58.549751950627616,65.1882697895013,38.941406716876564,45.03693440156694,38.941406716876564,45.03693440156694,96,101,96,101,-1,4,-1,4,-1,4,-1,4,96,101,96,101
1788139803,36.82,36.82,36.78,36.78,0,0,0,0,0,0,0,0,36.97456613247887,37.02870910030326,36.78,37.21,54.36762681129708,63.64246364975785,54.36762681129708,63.64246364975785,33.90991007625959,39.473422238913265,33.90991007625959,39.473422238913265,96,101,96,101,-1,4,-1,4,-1,4,-1,4,96,101,96,101
1788139806,36.7,36.7,36.660000000000004,36.660000000000004,0,0,0,0,0,0,0,0,36.91979653263423,37.025173023019974,36.660000000000004,37.21,50.48422489620443,61.76271525639307,50.48422489620443,61.76271525639307,29.48122162380688,34.47732193136007,29.48122162380688,34.47732193136007,96,101,96,101,-1,4,-1,4,-1,4,-1,4,96,101,96,101
1788139809,36.52,36.52,36.480000000000004,36.480000000000004,0,0,0,0,0,0,0,0,36.84225776912498,37.01988108580916,36.480000000000004,37.21,46.87820883218983,59.636357195792606,46.87820883218983,59.636357195792606,25.582730080679976,30.030026006020023,25.582730080679976,30.030026006020023,96,101,96,101,-1,4,-1,4,-1,4,-1,4,96,101,96,101
1788139815,36.410000000000004,36.44,36.4,36.44,0,0,0,0,0,0,0,0,36.7666957504962,37.01397845477292,36.4,37.21,43.882499030243274,57.385806029285554,43.882499030243274,57.385806029285554,22.386608146755734,26.20831707638788,22.386608146755734,26.20831707638788,96,101,96,101,-1,4,-1,4,-1,4,-1,4,96,101,96,101
1788139821,36.45,36.49,36.45,36.49,0,0,0,0,0,0,0,0,36.71396318979992,37.00863206882161,36.4,37.21,41.541685607448144,55.12236025473735,41.541685607448144,55.12236025473735,20.493635907095832,23.350976491741854,20.493635907095832,23.350976491741854,96,101,96,101,-1,4,-1,4,-1,4,-1,4,96,101,96,101
1788139830,36.58,36.59,36.550000000000004,36.550000000000004,0,0,0,0,0,0,0,0,36.68657594316963,37.00420123563267,36.4,37.21,39.89717367252465,52.94733360013554,39.89717367252465,52.94733360013554,20.458389860403148,21.904683176072503,20.458389860403148,21.904683176072503,96,101,96,101,-1,4,-1,4,-1,4,-1,4,96,101,96,101
1788139842,36.5,36.54,36.5,36.54,0,0,0,0,0,0,0,0,36.657501529259996,36.99944964788177,36.4,37.21,38.28194345429318,50.8522778650152,38.28194345429318,50.8522778650152,19.72271159110397,20.813697383588234,19.72271159110397,20.813697383588234,96,101,96,101,-1,4,-1,4,-1,4,-1,4,96,101,96,101
1788139845,36.58,36.58,36.54,36.54,0,0,0,0,0,0,0,0,36.63856185727333,36.9950106795778,36.4,37.21,36.78208682307824,48.842250573309926,36.78208682307824,48.842250573309926,19.656504115126125,20.23510074935718,19.656504115126125,20.23510074935718,96,101,96,101,-1,4,-1,4,-1,4,-1,4,96,101,96,101
1788139848,36.49,36.53,36.49,36.53,0,0,0,0,0,0,0,0,36.616399095344846,36.99025103765829,36.4,37.21,35.30117938686191,46.90781183238879,35.30117938686191,46.90781183238879,18.85901410926162,19.547057429309397,18.85901410926162,19.547057429309397,96,101,96,101,-1,4,-1,4,-1,4,-1,4,96,101,96,101
1788139851,36.56,36.57,36.53,36.53,0,0,0,0,0,0,0,0,36.60311441134275,36.9858040953267,36.4,37.21,33.92605105323246,45.05327457822359,33.92605105323246,45.05327457822359,18.704551776192464,19.125804602750932,18.704551776192464,19.125804602750932,96,101,96,101,-1,4,-1,4,-1,4,-1,4,96,101,96,101
1788139866,36.52,36.54,36.5,36.5,0,0,0,0,0,0,0,0,36.5867905789774,36.98110289371483,36.4,37.17,32.384595907454845,43.24346333954235,32.384595907454845,43.24346333954235,18.007781592997446,18.56679309787419,18.007781592997446,18.56679309787419,96,101,96,101,-1,4,-1,4,-1,4,-1,4,96,101,96,101
1788139887,36.47,36.48,36.44,36.48,0,0,0,0,0,0,0,0,36.564949867648174,36.97598412528649,36.4,37.15,30.776877857627806,41.462522556411706,30.776877857627806,41.462522556411706,16.669809266660952,17.618301182267572,16.669809266660952,17.618301182267572,96,101,96,101,-1,4,-1,4,-1,4,-1,4,96,101,96,101
1788139893,36.51,36.55,36.51,36.55,0,0,0,0,0,0,0,0,36.55980746746972,36.97161280729027,36.4,37.1,29.901280761977127,39.8109165857782,29.901280761977127,39.8109165857782,16.651723639501274,17.13501241088442,16.651723639501274,17.13501241088442,96,101,96,101,-1,4,-1,4,-1,4,-1,4,96,101,96,101
1788139896,36.57,36.57,36.53,36.53,0,0,0,0,0,0,0,0,36.55681217035401,36.967351319987216,36.4,37.09,28.911859472982307,38.25390842680736,28.911859472982307,38.25390842680736,16.847861885004626,16.991437147944524,16.847861885004626,16.991437147944524,96,101,96,101,-1,4,-1,4,-1,4,-1,4,96,101,96,101
1788139899,36.52,36.56,36.52,36.56,0,0,0,0,0,0,0,0,36.554967533319946,36.96316540303875,36.4,37.07,28.257661397751672,36.82587313694226,28.257661397751672,36.82587313694226,16.980707012543736,16.986072080244128,16.980707012543736,16.986072080244128,96,101,96,101,-1,4,-1,4,-1,4,-1,4,96,101,96,101
1788139905,36.57,36.58,36.54,36.58,0,0,0,0,0,0,0,0,36.55709464847389,36.959220141980325,36.4,37.050000000000004,27.82655859949956,35.54025677445045,27.82655859949956,35.54025677445045,17.553128056607175,17.269600068425653,17.553128056607175,17.269600068425653,96,101,96,101,-1,4,-1,4,-1,4,-1,4,96,101,96,101
1788139923,36.59,36.59,36.550000000000004,36.550000000000004,0,0,0,0,0,0,0,0,36.55822895481197,36.95528096975498,36.4,37.050000000000004,27.161698593715244,34.34331989148827,27.161698593715244,34.34331989148827,17.973227928591044,17.62141399850835,17.973227928591044,17.62141399850835,96,101,96,101,-1,4,-1,4,-1,4,-1,4,96,101,96,101
1788139926,36.53,36.53,36.49,36.53,0,0,0,0,0,0,0,0,36.55067217514919,36.950916648331216,36.4,36.95,26.36796174531056,33.20398301346288,26.36796174531056,33.20398301346288,17.557299423801258,17.589356711154803,17.557299423801258,17.589356711154803,96,101,96,101,-1,4,-1,4,-1,4,-1,4,96,101,96,101
1788139944,36.56,36.56,36.52,36.52,0,0,0,0,0,0,0,0,36.5475196584554,36.94676159047054,36.4,36.89,25.542736964560902,32.10951929219117,25.542736964560902,32.10951929219117,17.447702857085424,17.518529784120112,17.447702857085424,17.518529784120112,96,101,96,101,-1,4,-1,4,-1,4,-1,4,96,101,96,101
1788139950,36.51,36.55,36.51,36.55,0,0,0,0,0,0,0,0,36.54554638722109,36.942681043965024,36.4,36.82,25.04100707555786,31.099731832672127,25.04100707555786,31.099731832672127,17.31848957415082,17.418509679135468,17.31848957415082,17.418509679135468,96,101,96,101,-1,4,-1,4,-1,4,-1,4,96,101,96,101
1788139959,36.57,36.61,36.57,36.61,0,0,0,0,0,0,0,0,36.55484098348392,36.93923811483768,36.4,36.7,25.104215564869868,30.243229508700377,25.104215564869868,30.243229508700377,18.265936389836543,17.842223034486004,18.265936389836543,17.842223034486004,96,101,96,101,-1,4,-1,4,-1,4,-1,4,96,101,96,101
1788139965,36.63,36.67,36.63,36.67,0,0,0,0,0,0,0,0,36.573354744062605,36.93642645863697,36.4,36.67,25.692009691188705,29.59305524905585,25.692009691188705,29.59305524905585,20.1362347186254,18.9892288765557,20.1362347186254,18.9892288765557,96,101,96,101,-1,4,-1,4,-1,4,-1,4,96,101,96,101
1788139974,36.68,36.68,36.64,36.64,0,0,0,0,0,0,0,0,36.58789630574819,36.933609611619026,36.4,36.68,25.97326825822021,29.075942821793614,25.97326825822021,29.075942821793614,21.774620940479736,20.381924908517718,21.774620940479736,20.381924908517718,96,101,96,101,-1,4,-1,4,-1,4,-1,4,96,101,96,101
1788139983,36.62,36.62,36.58,36.58,0,0,0,1,0,0,0,0,36.588884856218215,36.93022377800424,36.44,36.68,25.70533639850606,28.59442761846682,25.70533639850606,28.59442761846682,22.120750929582357,21.251337919050037,22.120750929582357,21.251337919050037,96,101,96,101,-1,4,-1,4,-1,4,-1,4,96,101,96,101
1788139992,36.57,36.6,36.56,36.56,0,0,0,0,0,0,0,0,36.58605730660278,36.926672629301045,36.44,36.68,25.280175685738016,28.120963056648417,25.280175685738016,28.120963056648417,22.114632522202335,21.682985220626186,22.114632522202335,21.682985220626186,96,101,96,101,-1,4,-1,4,-1,4,-1,4,96,101,96,101
1788140025,36.550000000000004,36.56,36.52,36.52,0,0,0,0,0,0,0,0,36.5764711296447,36.92275880546057,36.44,36.68,24.53264990924354,27.608346892733433,24.53264990924354,27.608346892733433,21.507780257125955,21.59538273887607,21.507780257125955,21.59538273887607,96,101,96,101,-1,4,-1,4,-1,4,-1,4,96,101,96,101
1788140067,36.47,36.48,36.44,36.48,0,0,0,0,0,0,0,0,36.55650668183051,36.91822057522381,36.44,36.68,23.485785145003025,27.019409500200517,23.485785145003025,27.019409500200517,19.863811648965104,20.729597193920586,19.863811648965104,20.729597193920586,96,101,96,101,-1,4,-1,4,-1,4,-1,4,96,101,96,101
1788140106,36.49,36.53,36.49,36.53,0,0,0,0,0,0,0,0,36.54926304270982,36.91422501394464,36.44,36.68,22.95461354293493,26.438724363448294,22.95461354293493,26.438724363448294,19.38637271774656,20.057984955833575,19.38637271774656,20.057984955833575,96,101,96,101,-1,4,-1,4,-1,4,-1,4,96,101,96,101
1788140115,36.54,36.54,36.5,36.5,0,0,0,1,0,0,0,0,36.54273036827773,36.91023604199825,36.44,36.68,22.196832505035708,25.832739812246494,22.196832505035708,25.832739812246494,19.090238448900024,19.5741117023668,19.090238448900024,19.5741117023668,96,101,96,101,-1,4,-1,4,-1,4,-1,4,96,101,96,101
1788140157,36.49,36.53,36.49,36.53,0,0,0,0,0,0,0,0,36.53799151343936,36.90631992881087,36.44,36.68,21.75772894867956,25.2505954031655,21.75772894867956,25.2505954031655,18.86855603312317,19.221333867744985,18.86855603312317,19.221333867744985,96,101,96,101,-1,4,-1,4,-1,4,-1,4,96,101,96,101
1788140181,36.54,36.58,36.54,36.58,0,0,0,0,0,0,0,0,36.54320517766251,36.90294029436168,36.44,36.68,21.790907039646886,24.75635420837713,21.790907039646886,24.75635420837713,19.777443632786895,19.49938875026594,19.777443632786895,19.49938875026594,96,101,96,101,-1,4,-1,4,-1,4,-1,4,96,101,96,101
1788140205,36.6,36.61,36.57,36.61,0,0,0,0,0,0,0,0,36.55292544839054,36.899892795578644,36.44,36.68,22.086265531523964,24.374912968826674,22.086265531523964,24.374912968826674,22.146899737193994,20.823144243729967,22.146899737193994,20.823144243729967,96,101,96,101,-1,4,-1,4,-1,4,-1,4,96,101,96,101
1788140214,36.64,36.64,36.6,36.6,0,0,0,0,0,0,0,0,36.56390870019832,36.897041457645855,36.44,36.68,22.272343566750227,24.074545911387183,22.272343566750227,24.074545911387183,25.28043301088932,23.05178862730964,25.28043301088932,23.05178862730964,96,101,96,101,-1,4,-1,4,-1,4,-1,4,96,101,96,101
1788140229,36.59,36.59,36.550000000000004,36.550000000000004,0,0,0,0,0,0,0,0,36.56380408804105,36.89372097879698,36.44,36.68,22.004213206162294,23.778784096355054,22.004213206162294,23.778784096355054,27.315201084163743,25.18349485573669,27.315201084163743,25.18349485573669,96,101,96,101,-1,4,-1,4,-1,4,-1,4,96,101,96,101
1788140241,36.54,36.54,36.5,36.5,0,0,0,0,0,0,0,0,36.5546275871851,36.88993602710082,36.44,36.68,21.314317906603975,23.426717497819187,21.314317906603975,23.426717497819187,28.93683902452121,27.06016694012895,28.93683902452121,27.06016694012895,96,101,96,101,-1,4,-1,4,-1,4,-1,4,96,101,96,101
1788140259,36.480000000000004,36.480000000000004,36.440000000000005,36.440000000000005,0,0,0,0,0,0,0,0,36.536210450121146,36.885591721690204,36.44,36.68,20.144600313627905,22.95784361436329,20.144600313627905,22.95784361436329,27.66014773530411,27.36015733771653,27.66014773530411,27.36015733771653,96,101,96,101,-1,4,-1,4,-1,4,-1,4,96,101,96,101
1788140265,36.42,36.42,36.38,36.38,0,0,0,0,0,0,0,0,36.51023279252336,36.88069362827372,36.38,36.68,18.705700291225913,22.35039456820081,18.705700291225913,22.35039456820081,24.47060282073678,25.915380079226654,24.47060282073678,25.915380079226654,96,101,96,101,-1,4,-1,4,-1,4,-1,4,96,101,96,101
1788140286,36.34,36.34,36.300000000000004,36.300000000000004,0,0,0,0,0,0,0,0,36.47443289085245,36.87504825220466,36.300000000000004,36.68,17.369578841852633,21.638849464436785,17.369578841852633,21.638849464436785,21.57630617717282,23.745843128199738,21.57630617717282,23.745843128199738,96,101,96,101,-1,4,-1,4,-1,4,-1,4,96,101,96,101
1788140289,36.29,36.33,36.29,36.33,0,0,0,0,0,0,0,0,36.44574812281867,36.86949221652766,36.29,36.68,16.43945364507433,20.89607863309929,16.43945364507433,20.89607863309929,19.3730976024119,21.55947036530582,19.3730976024119,21.55947036530582,96,101,96,101,-1,4,-1,4,-1,4,-1,4,96,101,96,101
1788140292,36.34,36.34,36.300000000000004,36.34,0,0,0,0,0,0,0,0,36.42409694897285,36.86409096727531,36.29,36.68,15.653405713904458,20.147125358928598,15.653405713904458,20.147125358928598,18.143973769100626,19.851722067203223,18.143973769100626,19.851722067203223,96,101,96,101,-1,4,-1,4,-1,4,-1,4,96,101,96,101
1788140349,36.37,36.4,36.36,36.4,0,0,0,0,0,0,0,0,36.417291443099,36.85934047672199,36.29,36.68,15.389342572849165,19.467442103774395,15.389342572849165,19.467442103774395,19.06846103285561,19.460091550029418,19.06846103285561,19.460091550029418,96,101,96,101,-1,4,-1,4,-1,4,-1,4,96,101,96,101
1788140358,36.410000000000004,36.44,36.4,36.4,0,0,0,0,0,0,0,0,36.41657178677797,36.854902594698224,36.29,36.68,15.14414108472639,18.849827672481826,15.14414108472639,18.849827672481826,20.73999956662339,20.100045558326403,20.73999956662339,20.100045558326403,96,101,96,101,-1,4,-1,4,-1,4,-1,4,96,101,96,101
1788140379,36.39,36.39,36.35,36.35,0,0,0,0,0,0,0,0,36.406892067969856,36.850011358266734,36.29,36.64,14.528255230848433,18.232460180819913,14.528255230848433,18.232460180819913,20.561025269559988,20.330535413943196,20.561025269559988,20.330535413943196,96,101,96,101,-1,4,-1,4,-1,4,-1,4,96,101,96,101
1788140391,36.32,36.33,36.29,36.29,0,0,0,0,0,0,0,0,36.388063207126855,36.84457177592909,36.29,36.64,13.49052271435926,17.555040542754107,13.49052271435926,17.555040542754107,18.13655645815749,19.23354593605034,18.13655645815749,19.23354593605034,96,101,96,101,-1,4,-1,4,-1,4,-1,4,96,101,96,101
1788140415,36.28,36.28,36.24,36.24,0,0,0,0,0,0,0,0,36.363566866437125,36.83868880635102,36.24,36.64,12.526913949047884,16.836736743653216,12.526913949047884,16.836736743653216,16.065100340758313,17.649323138404327,16.065100340758313,17.649323138404327,96,101,96,101,-1,4,-1,4,-1,4,-1,4,96,101,96,101
1788140421,36.21,36.25,36.21,36.21,0,0,0,0,0,0,0,0,36.33806986041825,36.832565866321,36.21,36.64,11.63213438125875,16.093222120454005,11.63213438125875,16.093222120454005,14.013247100589275,15.831285119496801,14.013247100589275,15.831285119496801,96,101,96,101,-1,4,-1,4,-1,4,-1,4,96,101,96,101
1788140439,36.2,36.23,36.19,36.23,0,0,0,0,0,0,1,0,36.31599655246342,36.82643751607568,36.19,36.64,11.081379684558188,15.377244629611747,11.081379684558188,15.377244629611747,12.769372150359208,14.300328634928004,12.769372150359208,14.300328634928004,96,101,96,101,-1,4,-1,4,-1,4,-1,4,96,101,96,101
1788140478,36.24,36.25,36.21,36.25,0,0,0,0,0,0,0,0,36.30157293686401,36.820569149414894,36.19,36.64,10.710020631459509,14.710498344161428,10.710020631459509,14.710498344161428,12.402902076401306,13.351615355664656,12.402902076401306,13.351615355664656,96,101,96,101,-1,4,-1,4,-1,4,-1,4,96,101,96,101
1788140541,36.26,36.3,36.26,36.3,0,0,0,0,0,0,0,0,36.29886270591904,36.815256686899986,36.19,36.64,10.715327281033124,14.139759620857385,10.715327281033124,14.139759620857385,13.371583703970822,13.361599529817738,13.371583703970822,13.361599529817738,96,101,96,101,-1,4,-1,4,-1,4,-1,4,96,101,96,101
1788140559,36.34,36.34,36.300000000000004,36.300000000000004,0,0,0,0,0,0,0,0,36.30149372908528,36.81026242467544,36.19,36.64,10.720254884208673,13.651258944193284,10.720254884208673,13.651258944193284,15.134826848301644,14.24821318905969,15.134826848301644,14.24821318905969,96,101,96,101,-1,4,-1,4,-1,4,-1,4,96,101,96,101
1788140580,36.29,36.33,36.29,36.33,0,0,0,0,0,0,0,0,36.30425244500917,36.80535102409824,36.19,36.64,10.974930555744788,13.26892631727207,10.974930555744788,13.26892631727207,16.587869076969977,15.418041133014833,16.587869076969977,15.418041133014833,96,101,96,101,-1,4,-1,4,-1,4,-1,4,96,101,96,101
1788140598,36.34,36.38,36.34,36.38,0,0,0,0,0,0,0,0,36.31560048531053,36.80098600561634,36.19,36.64,11.60469742081067,13.0311793320633,11.60469742081067,13.0311793320633,19.29105979192196,17.354550462468396,19.29105979192196,17.354550462468396,96,101,96,101,-1,4,-1,4,-1,4,-1,4,96,101,96,101
1788140610,36.4,36.44,36.4,36.44,0,0,0,0,0,0,0,0,36.33579433646619,36.79726143507953,36.19,36.59,12.738113853076147,12.989312835065133,12.738113853076147,12.989312835065133,23.357351541764036,20.355951002116214,23.357351541764036,20.355951002116214,96,101,96,101,-1,4,-1,4,-1,4,-1,4,96,101,96,101
1788140613,36.45,36.49,36.45,36.49,0,0,0,0,0,0,0,0,36.36140748741173,36.79407143738388,36.19,36.54,14.209200958808822,13.163582567028516,14.209200958808822,13.163582567028516,28.300470417722085,24.328210709919148,28.300470417722085,24.328210709919148,96,101,96,101,-1,4,-1,4,-1,4,-1,4,96,101,96,101
1788140622,36.5,36.5,36.46,36.46,0,0,0,0,0,0,0,0,36.38175764121566,36.790880013462974,36.19,36.5,15.38581647473808,13.48104455384417,15.38581647473808,13.48104455384417,32.5957384921583,28.461974601038722,32.5957384921583,28.461974601038722,96,101,96,101,-1,4,-1,4,-1,4,-1,4,96,101,96,101
1788140634,36.45,36.46,36.42,36.42,0,0,0,0,0,0,0,0,36.391135039782505,36.78732233505372,36.19,36.5,16.197128587007636,13.869056558581807,16.197128587007636,13.869056558581807,35.05290704575685,31.757440823397786,35.05290704575685,31.757440823397786,96,101,96,101,-1,4,-1,4,-1,4,-1,4,96,101,96,101
1788140646,36.410000000000004,36.410000000000004,36.370000000000005,36.370000000000005,0,0,0,0,0,0,0,0,36.389716547700836,36.78330254399183,36.19,36.5,16.53520744208853,14.249935256225626,16.53520744208853,14.249935256225626,36.26757111858535,34.01250597099157,36.26757111858535,34.01250597099157,96,101,96,101,-1,4,-1,4,-1,4,-1,4,96,101,96,101
1788140658,36.33,36.35,36.31,36.31,0,0,0,0,0,0,0,0,36.37764687236129,36.778725735925576,36.19,36.5,16.48194074509728,14.56879318320729,16.48194074509728,14.56879318320729,35.27696572069234,34.64473584584195,35.27696572069234,34.64473584584195,96,101,96,101,-1,4,-1,4,-1,4,-1,4,96,101,96,101
1788140712,36.29,36.300000000000004,36.260000000000005,36.260000000000005,0,0,0,1,0,0,0,0,36.35868077435621,36.77369695580028,36.19,36.5,16.018944977590404,14.775957725262021,16.018944977590404,14.775957725262021,32.90406585583184,33.7744008508369,32.90406585583184,33.7744008508369,96,101,96,101,-1,4,-1,4,-1,4,-1,4,96,101,96,101
1788140805,36.21,36.21,36.17,36.17,0,0,0,0,0,0,0,0,36.326799421442956,36.76782269090011,36.17,36.5,14.874734622048233,14.790068710517195,14.874734622048233,14.790068710517195,28.689807207734447,31.232104029285672,28.689807207734447,31.232104029285672,96,101,96,101,-1,4,-1,4,-1,4,-1,4,96,101,96,101
1788140865,36.160000000000004,36.160000000000004,36.120000000000005,36.120000000000005,0,0,0,0,0,0,0,0,36.29162376905939,36.76150936395915,36.120000000000005,36.5,13.812253577616216,14.650380834388484,13.812253577616216,14.650380834388484,25.030823760475634,28.131463894880653,25.030823760475634,28.131463894880653,96,101,96,101,-1,4,-1,4,-1,4,-1,4,96,101,96,101
1788140874,36.11,36.13,36.09,36.09,0,0,0,0,0,0,0,0,36.257389144381925,36.75496034872904,36.09,36.5,12.825664036357916,14.389707006098403,12.825664036357916,14.389707006098403,21.766680106381543,24.949072000631098,21.766680106381543,24.949072000631098,96,101,96,101,-1,4,-1,4,-1,4,-1,4,96,101,96,101
1788140910,36.08,36.09,36.050000000000004,36.050000000000004,0,0,0,0,0,0,0,0,36.22210626964582,36.74807848787933,36.050000000000004,36.5,11.909545176618066,14.035398173315498,11.909545176618066,14.035398173315498,18.996137427745822,21.97260471418846,18.996137427745822,21.97260471418846,96,101,96,101,-1,4,-1,4,-1,4,-1,4,96,101,96,101
1788140973,36.04,36.050000000000004,36.010000000000005,36.010000000000005,0,0,0,0,0,0,0,0,36.18596573577082,36.74086709330673,36.010000000000005,36.5,11.058863378288205,13.610178916883028,11.058863378288205,13.610178916883028,16.599863826956806,19.286234270572635,16.599863826956806,19.286234270572635,96,101,96,101,-1,4,-1,4,-1,4,-1,4,96,101,96,101
1788141069,36,36.01,35.97,35.97,0,0,0,0,0,0,0,0,36.14912348078219,36.733329443953764,35.97,36.5,10.268944565553332,13.132859723835926,10.268944565553332,13.132859723835926,14.526962171506597,16.906598221039616,14.526962171506597,16.906598221039616,96,101,96,101,-1,4,-1,4,-1,4,-1,4,96,101,96,101
1788141084,35.96,36,35.96,36,0,0,0,0,0,0,0,0,36.11958587821573,36.72589996358275,35.96,36.5,9.932273921982055,12.675633180713945,9.932273921982055,12.675633180713945,12.955883541963656,14.931240881501637,12.955883541963656,14.931240881501637,96,101,96,101,-1,4,-1,4,-1,4,-1,4,96,101,96,101
1788141114,36.01,36.01,35.97,36.01,0,0,0,0,0,0,0,0,36.09723693066135,36.71864391087711,35.96,36.5,9.718857530729341,12.253236659287571,9.718857530729341,12.253236659287571,12.057423988349672,13.494332434925655,12.057423988349672,13.494332434925655,96,101,96,101,-1,4,-1,4,-1,4,-1,4,96,101,96,101
1788141159,36.04,36.08,36.04,36.08,0,0,0,0,0,0,0,0,36.091678700844135,36.71215657511382,35.96,36.5,10.215129611867697,11.96207850965616,10.215129611867697,11.96207850965616,12.896511201836653,13.195421818381153,12.896511201836653,13.195421818381153,96,101,96,101,-1,4,-1,4,-1,4,-1,4,96,101,96,101
1788141234,36.09,36.13,36.09,36.13,0,0,0,0,0,0,0,0,36.09622196735732,36.70623130239296,35.96,36.5,11.171985433242245,11.849208070168459,11.171985433242245,11.849208070168459,15.128226532791302,14.161824175586228,15.128226532791302,14.161824175586228,96,101,96,101,-1,4,-1,4,-1,4,-1,4,96,101,96,101
1788141261,36.14,36.18,36.14,36.18,0,0,0,0,0,0,0,0,36.109030094504476,36.70086250004742,35.96,36.5,12.556526156264619,11.950253511039339,12.556526156264619,11.950253511039339,18.363876710646537,16.26285044311638,18.363876710646537,16.26285044311638,96,101,96,101,-1,4,-1,4,-1,4,-1,4,96,101,96,101
1788141285,36.19,36.19,36.15,36.15,0,0,0,0,0,0,0,0,36.11890341065518,36.695513951124894,35.96,36.5,13.544552065737763,12.178010447424828,13.544552065737763,12.178010447424828,21.190201201718097,18.726525822417237,21.190201201718097,18.726525822417237,96,101,96,101,-1,4,-1,4,-1,4,-1,4,96,101,96,101
1788141330,36.14,36.17,36.13,36.17,0,0,0,0,0,0,0,0,36.12576945720272,36.690152286602924,35.96,36.5,14.660417394375553,12.532640011274934,14.660417394375553,12.532640011274934,23.34821478665798,21.03737030453761,23.34821478665798,21.03737030453761,96,101,96,101,-1,4,-1,4,-1,4,-1,4,96,101,96,101
1788141354,36.18,36.18,36.14,36.14,0,0,0,0,0,0,0,0,36.13078107104465,36.68481080448084,35.96,36.5,15.398959009063015,12.942114153816089,15.398959009063015,12.942114153816089,25.197940716606453,23.117655510572032,25.197940716606453,23.117655510572032,96,101,96,101,-1,4,-1,4,-1,4,-1,4,96,101,96,101
1788141396,36.13,36.17,36.13,36.17,0,0,0,0,0,0,0,0,36.13548754297593,36.67955563893045,35.96,36.5,16.38236669889186,13.433578803112626,16.38236669889186,13.433578803112626,26.7305100322236,24.924082771397813,26.7305100322236,24.924082771397813,96,101,96,101,-1,4,-1,4,-1,4,-1,4,96,101,96,101
1788141432,36.18,36.21,36.17,36.21,0,0,0,0,0,0,0,0,36.14661102001061,36.67475077353479,35.96,36.46,17.69235637912975,14.0419755996865,17.69235637912975,14.0419755996865,29.155251985292306,27.039667378345058,29.155251985292306,27.039667378345058,96,101,96,101,-1,4,-1,4,-1,4,-1,4,96,101,96,101
1788141450,36.230000000000004,36.27,36.230000000000004,36.27,0,0,0,0,0,0,0,0,36.166621137584436,36.67059073267043,35.96,36.410000000000004,19.50401346316019,14.822266723039885,19.50401346316019,14.822266723039885,32.767993765171305,29.90383057175818,32.767993765171305,29.90383057175818,96,101,96,101,-1,4,-1,4,-1,4,-1,4,96,101,96,101
1788141465,36.28,36.31,36.27,36.31,0,0,0,0,0,0,0,0,36.19026577923575,36.66687009519776,35.96,36.35,21.583091866585278,15.788098886403512,21.583091866585278,15.788098886403512,36.97574068760731,33.439785629682746,36.97574068760731,33.439785629682746,96,101,96,101,-1,4,-1,4,-1,4,-1,4,96,101,96,101
1788141489,36.32,36.32,36.28,36.32,0,0,0,0,0,0,0,0,36.211429576950465,36.66328598148103,35.96,36.32,23.612871018972044,16.905923476770447,23.612871018972044,16.905923476770447,41.005661330118365,37.22272347990055,41.005661330118365,37.22272347990055,96,101,96,101,-1,4,-1,4,-1,4,-1,4,96,101,96,101
1788141516,36.33,36.35,36.31,36.31,0,0,0,0,0,0,0,0,36.23177571447462,36.65990336806663,35.96,36.35,25.398459596981997,18.119142922514953,25.398459596981997,18.119142922514953,44.72442928824967,40.97357638407511,44.72442928824967,40.97357638407511,96,101,96,101,-1,4,-1,4,-1,4,-1,4,96,101,96,101
1788141540,36.300000000000004,36.300000000000004,36.260000000000005,36.260000000000005,0,0,0,0,0,0,0,0,36.23933164517621,36.65605690005933,35.96,36.35,26.560474387673803,19.325047417537643,26.560474387673803,19.325047417537643,46.69501346400263,43.83429492403887,46.69501346400263,43.83429492403887,96,101,96,101,-1,4,-1,4,-1,4,-1,4,96,101,96,101
1788141549,36.25,36.25,36.21,36.21,0,0,0,0,0,0,0,0,36.23642286120478,36.65175119292773,35.96,36.35,27.143456375855838,20.44196298301167,27.143456375855838,20.44196298301167,47.061334291896394,45.44781460796763,47.061334291896394,45.44781460796763,96,101,96,101,-1,4,-1,4,-1,4,-1,4,96,101,96,101
1788141564,36.2,36.2,36.160000000000004,36.160000000000004,0,0,0,0,0,0,0,0,36.224952037955426,36.64699081621535,35.96,36.35,27.18876504742172,21.40579184935596,27.18876504742172,21.40579184935596,46.052572250196945,45.75019342908229,46.052572250196945,45.75019342908229,96,101,96,101,-1,4,-1,4,-1,4,-1,4,96,101,96,101
1788141606,36.15,36.15,36.11,36.11,0,0,0,0,0,0,0,0,36.20647590984232,36.64178029399762,35.96,36.35,26.822340653278136,22.179584535630557,26.822340653278136,22.179584535630557,43.86516774884617,44.80768058896423,43.86516774884617,44.80768058896423,96,101,96,101,-1,4,-1,4,-1,4,-1,4,96,101,96,101
1788141642,36.1,36.14,36.1,36.14,0,0,0,0,0,0,0,0,36.19196513835584,36.63665478526796,35.96,36.35,26.79721548056499,22.83924609919262,26.79721548056499,22.83924609919262,41.9373395519211,43.372510070442665,41.9373395519211,43.372510070442665,96,101,96,101,-1,4,-1,4,-1,4,-1,4,96,101,96,101
1788141681,36.160000000000004,36.17,36.13,36.13,0,0,0,0,0,0,0,0,36.183122991988114,36.63174611410443,35.96,36.35,26.668842946238943,23.38633136305638,26.668842946238943,23.38633136305638,40.814015912228605,42.093262991335635,40.814015912228605,42.093262991335635,96,101,96,101,-1,4,-1,4,-1,4,-1,4,96,101,96,101
1788141702,36.12,36.12,36.08,36.08,0,0,0,0,0,0,0,0,36.16679759950542,36.62638877300223,35.97,36.35,26.02442979461681,23.763202567565013,26.02442979461681,23.763202567565013,38.58132580836534,40.33729439985049,38.58132580836534,40.33729439985049,96,101,96,101,-1,4,-1,4,-1,4,-1,4,96,101,96,101
1788141717,36.07,36.09,36.050000000000004,36.050000000000004,0,0,0,0,0,0,0,0,36.14798591474686,36.620786231313986,36.04,36.35,25.110920103404727,23.955733644113543,25.110920103404727,23.955733644113543,35.76812053415434,38.05270746700242,35.76812053415434,38.05270746700242,96,101,96,101,-1,4,-1,4,-1,4,-1,4,96,101,96,101
1788141744,36.03,36.06,36.02,36.06,0,0,0,0,0,0,1,0,36.12956423327773,36.61507359882993,36.02,36.35,24.367703121228775,24.014586426558576,24.367703121228775,24.014586426558576,32.93352130440758,35.493114385705,32.93352130440758,35.493114385705,96,101,96,101,-1,4,-1,4,-1,4,-1,4,96,101,96,101
1788141849,36.07,36.11,36.07,36.07,0,0,0,0,0,0,0,0,36.121158615106026,36.60978265091454,36.02,36.35,23.78261508315781,23.98144766321561,23.78261508315781,23.98144766321561,31.600161118063493,33.54663775188425,31.600161118063493,33.54663775188425,96,101,96,101,-1,4,-1,4,-1,4,-1,4,96,101,96,101
1788141924,36.06,36.1,36.06,36.1,0,0,0,0,0,0,0,0,36.11488735175342,36.60457751674292,36.02,36.35,23.554445098226378,23.920447296788577,23.554445098226378,23.920447296788577,31.02236032341955,32.2844990376519,31.02236032341955,32.2844990376519,96,101,96,101,-1,4,-1,4,-1,4,-1,4,96,101,96,101
1788141963,36.13,36.13,36.09,36.13,0,0,0,0,0,0,0,0,36.11521086355582,36.599722682413805,36.02,36.35,23.657699019781656,23.88291182864473,23.657699019781656,23.88291182864473,32.52466049699694,32.40457976732442,32.52466049699694,32.40457976732442,96,101,96,101,-1,4,-1,4,-1,4,-1,4,96,101,96,101
1788142023,36.14,36.15,36.11,36.11,0,0,0,0,0,0,0,0,36.11668767624264,36.594982489885645,36.02,36.35,23.54349362761236,23.834423514211533,23.54349362761236,23.834423514211533,33.885606433323424,33.14509310032392,33.885606433323424,33.14509310032392,96,101,96,101,-1,4,-1,4,-1,4,-1,4,96,101,96,101
1788142086,36.09,36.12,36.08,36.08,0,0,0,0,0,0,0,0,36.11244143207731,36.5899909559896,36.02,36.35,23.222359729041376,23.746985830615795,23.222359729041376,23.746985830615795,33.806710276182066,33.47590168825299,33.806710276182066,33.47590168825299,96,101,96,101,-1,4,-1,4,-1,4,-1,4,96,101,96,101
1788142140,36.07,36.1,36.06,36.1,0,0,0,0,0,0,0,0,36.10775511109356,36.58498275410579,36.02,36.35,23.287757679430058,23.681381809017832,23.287757679430058,23.681381809017832,33.59256485211201,33.5342332701825,33.59256485211201,33.5342332701825,96,101,96,101,-1,4,-1,4,-1,4,-1,4,96,101,96,101
1788142413,36.11,36.15,36.11,36.15,0,0,0,0,0,0,0,0,36.113011757561395,36.58052189751435,36.02,36.35,24.137573929841114,23.74655211199259,24.137573929841114,23.74655211199259,35.167253389722354,34.35074332995242,35.167253389722354,34.35074332995242,96,101,96,101,-1,4,-1,4,-1,4,-1,4,96,101,96,101
1788142437,36.160000000000004,36.2,36.160000000000004,36.160000000000004,0,0,0,0,0,0,0,0,36.123979316792656,36.57647027001006,36.02,36.35,25.058964151783723,23.934039546248467,25.058964151783723,23.934039546248467,37.762407667381,36.05657549866671,37.762407667381,36.05657549866671,96,101,96,101,-1,4,-1,4,-1,4,-1,4,96,101,96,101
1788142488,36.15,36.19,36.15,36.19,0,0,0,0,0,0,0,0,36.133558834951565,36.57249212470316,36.02,36.35,26.311366183270035,24.273657637251546,26.311366183270035,24.273657637251546,40.20660583944006,38.13159066905338,40.20660583944006,38.13159066905338,96,101,96,101,-1,4,-1,4,-1,4,-1,4,96,101,96,101
1788142503,36.2,36.2,36.160000000000004,36.160000000000004,0,0,0,0,0,0,0,0,36.14079056193007,36.5685203954358,36.02,36.35,27.07748552996772,24.674204479068145,27.07748552996772,24.674204479068145,42.37489291732228,40.253241793187826,42.37489291732228,40.253241793187826,96,101,96,101,-1,4,-1,4,-1,4,-1,4,96,101,96,101
1788142584,36.15,36.19,36.15,36.19,0,0,0,0,0,0,0,0,36.14731349006399,36.56462135335849,36.02,36.300000000000004,28.185707463012317,25.175847762488736,28.185707463012317,25.175847762488736,44.16016462510402,42.20670320914592,44.16016462510402,42.20670320914592,96,101,96,101,-1,4,-1,4,-1,4,-1,4,96,101,96,101
1788142632,36.2,36.21,36.17,36.17,0,0,0,0,0,0,0,0,36.1538625524766,36.56082744271147,36.02,36.25,28.950220422003515,25.715043856705137,28.950220422003515,25.715043856705137,45.89668246061564,44.05169283488078,45.89668246061564,44.05169283488078,96,101,96,101,-1,4,-1,4,-1,4,-1,4,96,101,96,101
1788142689,36.160000000000004,36.160000000000004,36.120000000000005,36.120000000000005,0,0,0,0,0,0,0,0,36.150129967177826,36.55657376998134,36.02,36.21,28.998749651119716,26.184144684478646,28.998749651119716,26.184144684478646,44.36165855931558,44.20667569709818,44.36165855931558,44.20667569709818,96,101,96,101,-1,4,-1,4,-1,4,-1,4,96,101,96,101
1788142704,36.11,36.11,36.07,36.07,0,0,0,0,0,0,0,0,36.137985124660645,36.55186490991519,36.02,36.21,28.382436845351897,26.498186421746254,28.382436845351897,26.498186421746254,40.88142162227031,42.54404865968424,40.88142162227031,42.54404865968424,96,101,96,101,-1,4,-1,4,-1,4,-1,4,96,101,96,101
1788142767,36.06,36.07,36.03,36.03,0,0,0,0,0,0,0,0,36.12077570805568,36.546804894227805,36.02,36.21,27.281045853752694,26.610023483461458,27.281045853752694,26.610023483461458,36.080179572335325,39.31211411600978,36.080179572335325,39.31211411600978,96,101,96,101,-1,4,-1,4,-1,4,-1,4,96,101,96,101
1788142818,36.02,36.02,35.980000000000004,35.980000000000004,0,0,0,0,0,0,0,0,36.09760436719707,36.54129771451741,35.980000000000004,36.21,25.596949985892092,26.465298698094404,25.596949985892092,26.465298698094404,31.543628822619677,35.42787146931473,31.543628822619677,35.42787146931473,96,101,96,101,-1,4,-1,4,-1,4,-1,4,96,101,96,101
1788142836,35.95,35.99,35.95,35.99,0,0,0,0,0,0,1,0,36.07561569437336,36.53567949513581,35.95,36.21,24.288076934951736,26.154267017645452,24.288076934951736,26.154267017645452,27.8945389908169,31.661205230065818,27.8945389908169,31.661205230065818,96,101,96,101,-1,4,-1,4,-1,4,-1,4,96,101,96,101
1788142869,36.02,36.02,35.980000000000004,35.980000000000004,0,0,0,0,0,0,0,0,36.06065526509336,36.530283015913895,35.95,36.21,22.942824686351305,25.69548954174629,22.942824686351305,25.69548954174629,25.55246199212901,28.606833611097414,25.55246199212901,28.606833611097414,96,101,96,101,-1,4,-1,4,-1,4,-1,4,96,101,96,101
1788142965,35.97,35.97,35.93,35.97,0,0,0,0,0,0,0,0,36.041748247197596,36.52457539054825,35.93,36.21,21.805304627301137,25.139748839682692,21.805304627301137,25.139748839682692,22.9905456531175,25.798689632107457,22.9905456531175,25.798689632107457,96,101,96,101,-1,4,-1,4,-1,4,-1,4,96,101,96,101
1788142998,36,36.01,35.97,35.97,0,0,0,0,0,0,0,0,36.03112735376773,36.519189897441635,35.93,36.21,20.74903600104027,24.512504148448063,20.74903600104027,24.512504148448063,21.5429166822638,23.67080315718563,21.5429166822638,23.67080315718563,96,101,96,101,-1,4,-1,4,-1,4,-1,4,96,101,96,101
1788143037,35.96,35.98,35.94,35.98,0,0,0,0,0,0,0,0,36.019407228840265,36.513692153851835,35.93,36.21,19.89352841700603,23.852650472527774,19.89352841700603,23.852650472527774,19.757874163028962,21.714338660107295,19.757874163028962,21.714338660107295,96,101,96,101,-1,4,-1,4,-1,4,-1,4,96,101,96,101
1788143205,36,36,35.96,36,0,0,0,0,0,0,0,0,36.01345439935416,36.50844811915348,35.93,36.21,19.349755083961746,23.20937970273263,19.349755083961746,23.20937970273263,19.0441642485828,20.379251454345045,19.0441642485828,20.379251454345045,96,101,96,101,-1,4,-1,4,-1,4,-1,4,96,101,96,101
1788143322,36.01,36.02,35.980000000000004,35.980000000000004,0,0,0,0,0,0,0,0,36.00979602371401,36.50332259889656,35.93,36.21,18.594196136861775,22.550067764751077,18.594196136861775,22.550067764751077,18.500440104227668,19.439845779286358,18.500440104227668,19.439845779286358,96,101,96,101,-1,4,-1,4,-1,4,-1,4,96,101,96,101
1788143388,35.97,35.97,35.93,35.93,0,0,0,0,0,0,0,0,35.99771189819025,36.49775056640339,35.93,36.21,17.266039269943075,21.795206551207077,17.266039269943075,21.795206551207077,16.40173777641277,17.920791777849566,16.40173777641277,17.920791777849566,96,101,96,101,-1,4,-1,4,-1,4,-1,4,96,101,96,101
1788143472,35.92,35.92,35.88,35.88,0,0,0,0,0,0,0,0,35.97873397730718,36.4917364645818,35.88,36.21,16.032750750661428,20.971998579700557,16.032750750661428,20.971998579700557,14.602850066857142,16.261820922353355,14.602850066857142,16.261820922353355,96,101,96,101,-1,4,-1,4,-1,4,-1,4,96,101,96,101
1788143586,35.86,35.87,35.83,35.83,0,0,0,0,0,0,0,0,35.95411567840284,36.485284692131565,35.83,36.21,14.887554268471325,20.102792249524953,14.887554268471325,20.102792249524953,12.992919104925509,14.627370013639432,12.992919104925509,14.627370013639432,96,101,96,101,-1,4,-1,4,-1,4,-1,4,96,101,96,101
1788143655,35.82,35.83,35.79,35.79,0,0,0,0,0,0,0,0,35.92670070657202,36.47849910647188,35.79,36.21,13.824157535009087,19.20584443316554,13.824157535009087,19.20584443316554,11.612978280412197,13.120174147025814,11.612978280412197,13.120174147025814,96,101,96,101,-1,4,-1,4,-1,4,-1,4,96,101,96,101
1788143721,35.78,35.79,35.75,35.75,0,0,0,0,0,0,0,0,35.89699754780135,36.47138302912722,35.75,36.21,12.836717711079867,18.295969187153304,12.836717711079867,18.295969187153304,10.388763991905975,11.754469069465895,10.388763991905975,11.754469069465895,96,101,96,101,-1,4,-1,4,-1,4,-1,4,96,101,96,101
1788143760,35.74,35.78,35.74,35.78,0,0,0,0,0,0,1,0,35.87330102395868,36.464370926018155,35.74,36.21,12.388193378087033,17.45200121442955,12.388193378087033,17.45200121442955,9.634138132879922,10.694303601172908,9.634138132879922,10.694303601172908,96,101,96,101,-1,4,-1,4,-1,4,-1,4,96,101,96,101
1788143913,35.81,35.84,35.800000000000004,35.800000000000004,0,0,0,0,0,0,0,0,35.862397807481344,36.45789294002129,35.74,36.21,12.205898534921593,16.702557974499843,12.205898534921593,16.702557974499843,10.385492259793747,10.539897930483328,10.385492259793747,10.539897930483328,96,101,96,101,-1,4,-1,4,-1,4,-1,4,96,101,96,101
1788144021,35.79,35.79,35.75,35.75,0,0,0,0,0,0,0,0,35.844386084908976,36.45098189915872,35.74,36.21,11.451144658305392,15.952356072186351,11.451144658305392,15.952356072186351,9.692124064625531,10.11601099755443,9.692124064625531,10.11601099755443,96,101,96,101,-1,4,-1,4,-1,4,-1,4,96,101,96,101
1788144144,35.74,35.74,35.7,35.7,0,0,0,0,0,0,0,0,35.82055831189522,36.44364211243409,35.7,36.160000000000004,10.63320575414072,15.19247745532269,10.63320575414072,15.19247745532269,8.755714184245004,9.435862590899717,8.755714184245004,9.435862590899717,96,101,96,101,-1,4,-1,4,-1,4,-1,4,96,101,96,101
1788144312,35.69,35.72,35.68,35.68,0,0,0,0,0,0,0,0,35.79742649761124,36.436176353438064,35.68,36.11,9.873691057416382,14.432650827050361,9.873691057416382,14.432650827050361,7.774439651185691,8.605151121042704,7.774439651185691,8.605151121042704,96,101,96,101,-1,4,-1,4,-1,4,-1,4,96,101,96,101
1788144480,35.67,35.68,35.64,35.64,0,0,0,0,0,0,0,0,35.771227740469804,36.428386870650954,35.64,36.07,9.168427410458069,13.680618910394319,9.168427410458069,13.680618910394319,7.014682608284728,7.809916864663716,7.014682608284728,7.809916864663716,96,101,96,101,-1,4,-1,4,-1,4,-1,4,96,101,96,101
1788144522,35.63,35.65,35.61,35.61,0,0,0,0,0,0,0,0,35.74433784826317,36.42037638769257,35.61,36.02,8.513539738282493,12.942464742949772,8.513539738282493,12.942464742949772,6.298299378529777,7.054108121596746,6.298299378529777,7.054108121596746,96,101,96,101,-1,4,-1,4,-1,4,-1,4,96,101,96,101
1788144711,35.6,35.61,35.57,35.57,0,0,0,0,0,0,0,0,35.71506430009411,36.41204760108203,35.57,36.02,7.9054297569766,12.222888316382177,7.9054297569766,12.222888316382177,5.7110423244540005,6.382575223025373,5.7110423244540005,6.382575223025373,96,101,96,101,-1,4,-1,4,-1,4,-1,4,96,101,96,101
1788144765,35.56,35.6,35.56,35.6,0,0,0,0,0,0,0,0,35.69171927583458,36.40383485546596,35.56,36.02,7.702419855709729,11.577107107714685,7.702419855709729,11.577107107714685,5.422651662718835,5.902613442872104,5.422651662718835,5.902613442872104,96,101,96,101,-1,4,-1,4,-1,4,-1,4,96,101,96,101
1788144792,35.61,35.61,35.57,35.61,0,0,0,0,0,0,0,0,35.674436983258595,36.395803331199296,35.56,36.02,7.60432657487691,11.009567031595003,7.60432657487691,11.009567031595003,5.571064062550091,5.7368387527110976,5.571064062550091,5.7368387527110976,96,101,96,101,-1,4,-1,4,-1,4,-1,4,96,101,96,101
1788144948,35.62,35.64,35.6,35.64,0,0,0,0,0,0,0,0,35.66575147115097,36.388150230059665,35.56,36.02,7.784487696562903,10.548841412304702,7.784487696562903,10.548841412304702,6.269703262405528,6.003271007558313,6.269703262405528,6.003271007558313,96,101,96,101,-1,4,-1,4,-1,4,-1,4,96,101,96,101
1788144984,35.65,35.67,35.63,35.67,0,0,0,0,0,0,0,0,35.66409968851746,36.38087178664282,35.56,36.02,8.223027906302077,10.216582340018613,8.223027906302077,10.216582340018613,7.527877521622303,6.765574264590308,7.527877521622303,6.765574264590308,96,101,96,101,-1,4,-1,4,-1,4,-1,4,96,101,96,101
1788145158,35.68,35.7,35.660000000000004,35.660000000000004,0,0,0,0,0,0,0,0,35.66577853302944,36.3738316030278,35.56,36.02,8.53982790214489,9.97704599175094,8.53982790214489,9.97704599175094,8.914004908643339,7.839789586616823,8.914004908643339,7.839789586616823,96,101,96,101,-1,4,-1,4,-1,4,-1,4,96,101,96,101
1788145218,35.65,35.67,35.63,35.67,0,0,0,0,0,0,0,0,35.66412183005439,36.366695633511775,35.56,36.02,8.924415240056778,9.826670170080344,8.924415240056778,9.826670170080344,9.79442178982614,8.817105688221481,9.79442178982614,8.817105688221481,96,101,96,101,-1,4,-1,4,-1,4,-1,4,96,101,96,101
1788145389,35.68,35.71,35.67,35.71,0,0,0,0,0,0,0,0,35.670039073074804,36.360028678617795,35.56,35.97,9.64319570663499,9.800459532445293,9.64319570663499,9.800459532445293,11.384229666004892,10.100667677113186,11.384229666004892,10.100667677113186,96,101,96,101,-1,4,-1,4,-1,4,-1,4,96,101,96,101
1788145404,35.72,35.74,35.7,35.7,0,0,0,0,0,0,0,0,35.67791075675817,36.35359389906272,35.56,35.92,10.22021879811405,9.860425141826543,10.22021879811405,9.860425141826543,13.098570482949278,11.599619080031232,13.098570482949278,11.599619080031232,96,101,96,101,-1,4,-1,4,-1,4,-1,4,96,101,96,101
1788145467,35.68,35.71,35.67,35.71,0,0,0,0,0,0,0,0,35.68132092219608,36.347057309685646,35.56,35.87,10.846441867688172,10.00128467409249,10.846441867688172,10.00128467409249,14.216357117253294,12.907988098642264,14.216357117253294,12.907988098642264,96,101,96,101,-1,4,-1,4,-1,4,-1,4,96,101,96,101
1788145608,35.74,35.78,35.74,35.78,0,0,0,0,0,0,0,0,35.69683833028164,36.341282278411825,35.56,35.84,12.060846110412063,10.295507736423858,12.060846110412063,10.295507736423858,17.04259181478854,14.975289956715402,17.04259181478854,14.975289956715402,96,101,96,101,-1,4,-1,4,-1,4,-1,4,96,101,96,101
1788145749,35.79,35.82,35.78,35.78,0,0,0,0,0,0,0,0,35.71438287629104,36.33583005010259,35.56,35.84,13.18850719294139,10.708793373069218,13.18850719294139,10.708793373069218,20.581961815273242,17.778625885994323,20.581961815273242,17.778625885994323,96,101,96,101,-1,4,-1,4,-1,4,-1,4,96,101,96,101
1788146049,35.77,35.81,35.77,35.81,0,0,0,0,0,0,0,0,35.72934356545024,36.33046524031715,35.56,35.84,14.506868794892236,11.251375576186792,14.506868794892236,11.251375576186792,24.196303404688063,20.98746464534119,24.196303404688063,20.98746464534119,96,101,96,101,-1,4,-1,4,-1,4,-1,4,96,101,96,101
1788146103,35.82,35.86,35.82,35.86,0,0,0,0,0,0,0,0,35.75067503839868,36.32565132416143,35.56,35.86,16.183141276993037,11.955913533444829,16.183141276993037,11.955913533444829,29.559564408987235,25.273514527164213,29.559564408987235,25.273514527164213,96,101,96,101,-1,4,-1,4,-1,4,-1,4,96,101,96,101
1788146127,35.88,35.89,35.85,35.85,0,0,0,0,0,0,0,0,35.77115836475044,36.32105114514821,35.56,35.89,17.64926409717165,12.769249328262946,17.64926409717165,12.769249328262946,34.77776328223733,30.02563890470077,34.77776328223733,30.02563890470077,96,101,96,101,-1,4,-1,4,-1,4,-1,4,96,101,96,101
1788146184,35.84,35.84,35.800000000000004,35.84,0,0,0,0,0,0,0,0,35.78125078328067,36.31613189660611,35.56,35.89,19.09130507864781,13.672400149746498,19.09130507864781,13.672400149746498,38.25671635371911,34.14117762920994,38.25671635371911,34.14117762920994,96,101,96,101,-1,4,-1,4,-1,4,-1,4,96,101,96,101
1788146475,35.85,35.85,35.81,35.81,0,0,0,0,0,0,0,0,35.788902156017514,36.311228428314834,35.56,35.89,20.315632148599473,14.62143329243978,20.315632148599473,14.62143329243978,41.05234072554799,37.59675917737897,41.05234072554799,37.59675917737897,96,101,96,101,-1,4,-1,4,-1,4,-1,4,96,101,96,101
1788146544,35.800000000000004,35.82,35.78,35.78,0,0,0,0,0,0,0,0,35.789707824620386,36.306075243290145,35.56,35.89,21.282097984139064,15.572956819825391,21.282097984139064,15.572956819825391,42.39268956599762,39.99472437168829,42.39268956599762,39.99472437168829,96,101,96,101,-1,4,-1,4,-1,4,-1,4,96,101,96,101
1788146685,35.77,35.81,35.77,35.81,0,0,0,0,0,0,0,0,35.7909730686288,36.30100650123419,35.56,35.89,22.509200875381886,16.563848827762033,22.509200875381886,16.563848827762033,43.60367180191105,41.79919808679967,43.60367180191105,41.79919808679967,96,101,96,101,-1,4,-1,4,-1,4,-1,4,96,101,96,101
1788146709,35.82,35.84,35.800000000000004,35.84,0,0,0,0,0,0,0,0,35.7974628137266,36.29628670188526,35.56,35.89,23.978323889777702,17.62305955090713,23.978323889777702,17.62305955090713,45.6975571966691,43.748377641734386,45.6975571966691,43.748377641734386,96,101,96,101,-1,4,-1,4,-1,4,-1,4,96,101,96,101
1788152412,35.88,35.9,35.86,35.9,0,0,0,0,0,0,0,0,35.813681696079335,36.2922108806393,35.56,35.9,26.001850205343,18.82002964439797,26.001850205343,18.82002964439797,49.355670143728645,46.55202389273151,49.355670143728645,46.55202389273151,96,101,96,101,-1,4,-1,4,-1,4,-1,4,96,101,96,101
1788152499,35.93,35.94,35.9,35.9,0,0,0,0,0,0,0,0,35.831800175580064,36.28844095479546,35.57,35.94,27.88083892693935,20.114430970475308,27.88083892693935,20.114430970475308,54.63935489671522,50.595689394723365,54.63935489671522,50.595689394723365,96,101,96,101,-1,4,-1,4,-1,4,-1,4,96,101,96,101
1788152532,35.88,35.9,35.86,35.86,0,0,0,0,0,0,0,0,35.83935165880793,36.28431053070131,35.6,35.94,29.186053728861243,21.410377078816158,29.186053728861243,21.410377078816158,58.563056076883775,54.579372735803574,58.563056076883775,54.579372735803574,96,101,96,101,-1,4,-1,4,-1,4,-1,4,96,101,96,101
1788152682,35.85,35.86,35.82,35.82,0,0,0,0,0,0,0,0,35.83825741781255,36.27982319540412,35.63,35.94,29.958478462513995,22.631534419344423,29.958478462513995,22.631534419344423,60.49765708845666,57.53851491213012,60.49765708845666,57.53851491213012,96,101,96,101,-1,4,-1,4,-1,4,-1,4,96,101,96,101
1788152703,35.81,35.83,35.79,35.79,0,0,0,0,0,0,0,0,35.83190758427087,36.2750820027467,35.63,35.94,30.34605967123549,23.73360945532886,30.34605967123549,23.73360945532886,60.95287900815083,59.24569696014048,60.95287900815083,59.24569696014048,96,101,96,101,-1,4,-1,4,-1,4,-1,4,96,101,96,101
1788152859,35.77,35.77,35.730000000000004,35.730000000000004,0,0,0,0,0,0,0,0,35.8158031750095,36.26979097121025,35.63,35.94,30.046615848564844,24.63546751150543,30.046615848564844,24.63546751150543,59.23780606713715,59.24175151363882,59.23780606713715,59.24175151363882,96,101,96,101,-1,4,-1,4,-1,4,-1,4,96,101,96,101
1788152898,35.72,35.75,35.71,35.75,0,0,0,0,0,0,0,0,35.801414718947164,36.26448625176205,35.67,35.94,29.98834109015085,25.4001637370262,29.98834109015085,25.4001637370262,57.391803696644025,58.316777605141425,57.391803696644025,58.316777605141425,96,101,96,101,-1,4,-1,4,-1,4,-1,4,96,101,96,101
1788152937,35.77,35.81,35.77,35.77,0,0,0,0,0,0,0,0,35.7981271942901,36.25969866053391,35.67,35.94,30.15400903426097,26.079284493774026,30.15400903426097,26.079284493774026,57.38846331892819,57.85262046203481,57.38846331892819,57.85262046203481,96,101,96,101,-1,4,-1,4,-1,4,-1,4,96,101,96,101
1788153006,35.76,35.8,35.76,35.8,0,0,0,0,0,0,0,0,35.796043461994934,36.25499187452528,35.67,35.94,30.63751388346206,26.730460120872316,30.63751388346206,26.730460120872316,57.611164047803086,57.73189225491895,57.611164047803086,57.73189225491895,96,101,96,101,-1,4,-1,4,-1,4,-1,4,96,101,96,101
1788153138,35.81,35.84,35.800000000000004,35.84,0,0,0,0,0,0,0,0,35.8016113173898,36.25072993215853,35.71,35.94,31.526043111566434,27.415543405257186,31.526043111566434,27.415543405257186,59.38099775526011,58.55644500508953,59.38099775526011,58.55644500508953,96,101,96,101,-1,4,-1,4,-1,4,-1,4,96,101,96,101
1788153186,35.85,35.88,35.84,35.88,0,0,0,0,0,0,0,0,35.813439562712865,36.24690840712876,35.71,35.94,32.790666405795214,28.183418119619763,32.790666405795214,28.183418119619763,62.401757474433516,60.47910123976152,62.401757474433516,60.47910123976152,96,101,96,101,-1,4,-1,4,-1,4,-1,4,96,101,96,101
1788153246,35.89,35.92,35.88,35.92,0,0,0,0,0,0,0,0,35.83038994524992,36.24352291717391,35.71,35.94,34.404519904282374,29.07214694600014,34.404519904282374,29.07214694600014,66.49473948936436,63.48692036456294,66.49473948936436,63.48692036456294,96,101,96,101,-1,4,-1,4,-1,4,-1,4,96,101,96,101
1788153345,35.94,35.98,35.94,35.98,0,0,0,0,0,0,0,0,35.855167530962056,36.24076812861165,35.71,35.98,36.5624388122182,30.142188641174148,36.5624388122182,30.142188641174148,70.73698758952325,67.1119539770431,70.73698758952325,67.1119539770431,96,101,96,101,-1,4,-1,4,-1,4,-1,4,96,101,96,101
1788153438,35.99,36.03,35.99,36.03,0,0,0,0,0,0,0,0,35.88453101018108,36.23853826331867,35.71,36.03,39.11567120475206,31.424114721685278,39.11567120475206,31.424114721685278,74.43109574542727,70.77152486123518,74.43109574542727,70.77152486123518,96,101,96,101,-1,4,-1,4,-1,4,-1,4,96,101,96,101
1788153456,36.04,36.04,36,36,0,0,0,0,0,0,0,0,35.90794961439058,36.236297418244185,35.71,36.04,41.156859525291736,32.8145068364862,41.156859525291736,32.8145068364862,77.36951063893763,74.0705177500864,77.36951063893763,74.0705177500864,96,101,96,101,-1,4,-1,4,-1,4,-1,4,96,101,96,101
1788153489,35.99,35.99,35.95,35.95,0,0,0,0,0,0,0,0,35.91801938147108,36.23358135769781,35.71,36.04,42.50279813062806,34.19854844993504,42.50279813062806,34.19854844993504,78.35319756893769,76.21185765951205,78.35319756893769,76.21185765951205,96,101,96,101,-1,4,-1,4,-1,4,-1,4,96,101,96,101
1788153540,35.94,35.95,35.910000000000004,35.95,0,0,0,0,0,0,0,0,35.92140979696119,36.23062698266267,35.71,36.04,44.109741121297475,35.61443311727253,44.109741121297475,35.61443311727253,78.19884466947923,77.20535116449564,78.19884466947923,77.20535116449564,96,101,96,101,-1,4,-1,4,-1,4,-1,4,96,101,96,101
1788153606,35.96,35.99,35.95,35.99,0,0,0,0,0,0,0,0,35.93145650054401,36.2281000143443,35.71,36.04,46.54346091133469,37.17572280213856,46.54346091133469,37.17572280213856,79.083330274188,78.14434071934181,79.083330274188,78.14434071934181,96,101,96,101,-1,4,-1,4,-1,4,-1,4,96,101,96,101
1788153621,36,36.04,36,36.04,0,0,0,0,0,0,0,0,35.94876743983904,36.22609570242711,35.71,36.04,49.941617064726735,38.9994219825083,49.941617064726735,38.9994219825083,81.51393466010545,79.82913768972364,81.51393466010545,79.82913768972364,96,101,96,101,-1,4,-1,4,-1,4,-1,4,96,101,96,101
1788153672,36.050000000000004,36.050000000000004,36.010000000000005,36.010000000000005,0,0,0,0,0,0,0,1,35.96232487501982,36.22407816641623,35.71,36.050000000000004,52.93412546680895,40.99009390883697,52.93412546680895,40.99009390883697,83.3384746066212,81.58380614817241,83.3384746066212,81.58380614817241,96,101,96,101,-1,4,-1,4,-1,4,-1,4,96,101,96,101
1788153714,36,36.04,36,36.04,0,0,0,0,0,0,0,0,35.97402338259197,36.22211387288638,35.71,36.050000000000004,56.15020105299891,43.1558235008601,56.15020105299891,43.1558235008601,84.74124891093835,83.16252752955538,84.74124891093835,83.16252752955538,96,101,96,101,-1,4,-1,4,-1,4,-1,4,96,101,96,101
1788153741,36.06,36.07,36.03,36.03,0,0,0,0,0,0,0,0,35.98662519181767,36.22033496204506,35.71,36.07,58.72210545957743,45.379578066391154,58.72210545957743,45.379578066391154,85.99249906651846,84.57751329803692,85.99249906651846,84.57751329803692,96,101,96,101,-1,4,-1,4,-1,4,-1,4,96,101,96,101
1788153798,36.02,36.03,35.99,36.03,0,0,0,0,0,0,0,0,35.99208727815385,36.21830841184229,35.71,36.07,61.1103024085432,47.6268244009843,61.1103024085432,47.6268244009843,86.20785634273021,85.39268482038356,86.20785634273021,85.39268482038356,96,101,96,101,-1,4,-1,4,-1,4,-1,4,96,101,96,101
1788153894,36.04,36.06,36.02,36.06,0,0,0,0,0,0,0,0,36.002010803338,36.21660053378084,35.71,36.07,63.748081928381175,49.92986119061242,63.748081928381175,49.92986119061242,87.30514670646723,86.3489157634254,87.30514670646723,86.3489157634254,96,101,96,101,-1,4,-1,4,-1,4,-1,4,96,101,96,101
1788154038,36.07,36.11,36.07,36.11,0,0,0,0,0,0,0,0,36.01922096030685,36.21540716196876,35.71,36.11,66.33750464778252,52.273810255922434,66.33750464778252,52.273810255922434,88.5472686055434,87.4480921844844,88.5472686055434,87.4480921844844,96,101,96,101,-1,4,-1,4,-1,4,-1,4,96,101,96,101
1788154047,36.12,36.15,36.11,36.11,0,0,0,0,0,0,0,0,36.038150482675306,36.214491004469906,35.71,36.15,68.2577071003017,54.557224090833756,68.2577071003017,54.557224090833756,89.20934711643999,88.32871965046219,89.20934711643999,88.32871965046219,96,101,96,101,-1,4,-1,4,-1,4,-1,4,96,101,96,101
1788154125,36.1,36.13,36.09,36.13,0,0,0,0,0,0,0,0,36.05242615249192,36.213517627974355,35.76,36.15,70.28288298538915,56.80374679005596,70.28288298538915,56.80374679005596,89.64697285305249,88.98784625175733,89.64697285305249,88.98784625175733,96,101,96,101,-1,4,-1,4,-1,4,-1,4,96,101,96,101
1788154239,36.15,36.15,36.11,36.11,0,0,0,0,0,0,0,1,36.06531836719036,36.212620271808774,35.76,36.15,71.92127269950785,58.9633933485491,71.92127269950785,58.9633933485491,90.34675595196727,89.66730110186231,90.34675595196727,89.66730110186231,96,101,96,101,-1,4,-1,4,-1,4,-1,4,96,101,96,101
1788154335,36.1,36.1,36.06,36.06,0,0,0,0,0,0,0,0,36.06677563376181,36.21123433212245,35.800000000000004,36.15,72.8373077003905,60.94538111309787,72.8373077003905,60.94538111309787,89.3231934133746,89.49524725761844,89.3231934133746,89.49524725761844,96,101,96,101,-1,4,-1,4,-1,4,-1,4,96,101,96,101
1788154524,36.050000000000004,36.09,36.050000000000004,36.050000000000004,0,0,0,0,0,0,0,0,36.066149760956634,36.209762680393204,35.84,36.15,73.56684625447888,62.74844756186659,73.56684625447888,62.74844756186659,87.8614385101655,88.67834288389197,87.8614385101655,88.67834288389197,96,101,96,101,-1,4,-1,4,-1,4,-1,4,96,101,96,101
1788154569,36.04,36.05,36.01,36.05,0,0,0,0,0,0,0,0,36.06078919835846,36.208040331997914,35.88,36.15,74.24427491184657,64.39070861186373,74.24427491184657,64.39070861186373,86.02409015157043,87.3512165177312,86.02409015157043,87.3512165177312,96,101,96,101,-1,4,-1,4,-1,4,-1,4,96,101,96,101
1788154581,36.06,36.08,36.04,36.04,0,0,0,0,0,0,0,0,36.059433586535704,36.20650095887687,35.910000000000004,36.15,74.75225043267109,65.87092887197907,74.75225043267109,65.87092887197907,84.83883051952792,86.09502351862956,84.83883051952792,86.09502351862956,96,101,96,101,-1,4,-1,4,-1,4,-1,4,96,101,96,101
1788154866,36.02,36.05,36.01,36.05,0,0,0,0,0,0,0,0,36.05529414655952,36.20481106542204,35.910000000000004,36.15,75.34500736302506,67.22436865641421,75.34500736302506,67.22436865641421,83.30341317258244,84.699218345606,83.30341317258244,84.699218345606,96,101,96,101,-1,4,-1,4,-1,4,-1,4,96,101,96,101
1788154929,36.06,36.09,36.050000000000004,36.09,0,0,0,0,0,0,0,0,36.05918005930627,36.20353599677771,35.910000000000004,36.15,76.3796860138502,68.53227113604792,76.3796860138502,68.53227113604792,83.2860424596164,83.9926304026112,83.2860424596164,83.9926304026112,96,101,96,101,-1,4,-1,4,-1,4,-1,4,96,101,96,101
1788155082,36.13,36.13,36.09,36.09,0,0,0,0,0,0,0,0,36.067207927311195,36.202538955350406,35.910000000000004,36.15,77.34045904675926,69.79058369472098,77.34045904675926,69.79058369472098,84.24517925109986,84.11890482685553,84.24517925109986,84.11890482685553,96,101,96,101,-1,4,-1,4,-1,4,-1,4,96,101,96,101
1788155085,36.08,36.11,36.07,36.07,0,0,0,0,0,0,0,0,36.07013981931522,36.20135282975819,35.910000000000004,36.15,77.99047468385517,70.96199669316873,77.99047468385517,70.96199669316873,84.22314065678687,84.17102274182119,84.22314065678687,84.17102274182119,96,101,96,101,-1,4,-1,4,-1,4,-1,4,96,101,96,101
1788155112,36.06,36.06,36.02,36.02,0,0,0,0,0,0,0,0,36.06344773095488,36.19968099397287,35.95,36.15,77.9887337560738,71.96581627358374,77.9887337560738,71.96581627358374,82.77567900451868,83.47335087316993,82.77567900451868,83.47335087316993,96,101,96,101,-1,4,-1,4,-1,4,-1,4,96,101,96,101
1788155289,36.01,36.04,36,36.04,0,0,0,0,0,0,0,0,36.05676026472066,36.19795945837778,35.99,36.15,78.2292479308821,72.86059222462636,78.2292479308821,72.86059222462636,81.21032226361332,82.34183656839163,81.21032226361332,82.34183656839163,96,101,96,101,-1,4,-1,4,-1,4,-1,4,96,101,96,101
1788155340,36.050000000000004,36.06,36.02,36.02,0,0,0,0,0,0,0,0,36.05250082265024,36.19632138748182,35.99,36.15,78.21045177117023,73.62485787413263,78.21045177117023,73.62485787413263,80.12832817400644,81.23508237119904,80.12832817400644,81.23508237119904,96,101,96,101,-1,4,-1,4,-1,4,-1,4,96,101,96,101
1788155436,36.01,36.02,35.980000000000004,35.980000000000004,0,0,0,0,0,0,0,0,36.041743097319895,36.1943016058485,35.980000000000004,36.15,77.70873669308426,74.20826913398287,77.70873669308426,74.20826913398287,77.90220336992785,79.56864287056345,77.90220336992785,79.56864287056345,96,101,96,101,-1,4,-1,4,-1,4,-1,4,96,101,96,101
1788155562,35.97,35.99,35.95,35.99,0,0,0,0,0,0,0,0,36.02991101901931,36.192136084065595,35.95,36.15,77.3639237815928,74.65907694078429,77.3639237815928,74.65907694078429,74.75866515957198,77.16365401506772,74.75866515957198,77.16365401506772,96,101,96,101,-1,4,-1,4,-1,4,-1,4,96,101,96,101
1788155652,36,36.03,35.99,36.03,0,0,0,0,0,0,0,0,36.027502954955196,36.19039011971336,35.95,36.15,77.50295385630663,75.06534507157319,77.50295385630663,75.06534507157319,73.45614522835133,75.30989962170952,73.45614522835133,75.30989962170952,96,101,96,101,-1,4,-1,4,-1,4,-1,4,96,101,96,101
1788155889,36.04,36.07,36.03,36.07,0,0,0,0,0,0,0,0,36.032805447993645,36.18905953809101,35.95,36.15,78.07092468475228,75.49471358774164,78.07092468475228,75.49471358774164,73.41138978756634,74.36064470463793,73.41138978756634,74.36064470463793,96,101,96,101,-1,4,-1,4,-1,4,-1,4,96,101,96,101
1788155973,36.08,36.12,36.08,36.08,0,0,0,0,0,0,0,0,36.04381051805541,36.18810703854118,35.95,36.15,78.67574874573151,75.94914718174019,78.67574874573151,75.94914718174019,74.35261981791406,74.35663226127599,74.35261981791406,74.35663226127599,96,101,96,101,-1,4,-1,4,-1,4,-1,4,96,101,96,101
1788156051,36.07,36.09,36.050000000000004,36.050000000000004,0,0,0,0,0,0,0,0,36.04736012083321,36.18686550913613,35.95,36.15,78.82528317598153,76.3600237523461,78.82528317598153,76.3600237523461,73.36044661641299,73.85853943884449,73.36044661641299,73.85853943884449,96,101,96,101,-1,4,-1,4,-1,4,-1,4,96,101,96,101
1788156156,36.04,36.05,36.01,36.05,0,0,0,0,0,0,0,0,36.04541585643929,36.18537099329067,35.95,36.15,78.9641365754993,76.73203986993941,78.9641365754993,76.73203986993941,70.61847805216341,72.23850874550395,70.61847805216341,72.23850874550395,96,101,96,101,-1,4,-1,4,-1,4,-1,4,96,101,96,101
1788156387,36.06,36.09,36.050000000000004,36.09,0,0,0,0,0,0,0,0,36.05109782193518,36.184289358199884,35.95,36.15,79.57384110582085,77.13801147506534,79.57384110582085,77.13801147506534,70.41107642566432,71.32479258558413,70.41107642566432,71.32479258558413,96,101,96,101,-1,4,-1,4,-1,4,-1,4,96,101,96,101
1788156645,36.11,36.13,36.09,36.13,0,0,0,0,0,0,0,0,36.06301943006818,36.18361649559756,35.95,36.13,80.73523340778608,77.65190032259686,80.73523340778608,77.65190032259686,72.73330360295095,72.02904809426755,72.73330360295095,72.02904809426755,96,101,96,101,-1,4,-1,4,-1,4,-1,4,96,101,96,101
1788156708,36.14,36.17,36.13,36.17,0,0,0,0,0,0,0,0,36.080046200358815,36.18334833809576,35.95,36.17,82.1112881643728,78.28895572856484,82.1112881643728,78.28895572856484,75.85931517615599,73.94418163521178,75.85931517615599,73.94418163521178,96,101,96,101,-1,4,-1,4,-1,4,-1,4,96,101,96,101
1788156834,36.18,36.18,36.14,36.14,0,0,0,0,0,0,0,0,36.09337113362691,36.18304968133196,35.95,36.18,82.78115055992672,78.93069784733083,82.78115055992672,78.93069784733083,78.03814316686417,75.99116240103797,78.03814316686417,75.99116240103797,96,101,96,101,-1,4,-1,4,-1,4,-1,4,96,101,96,101
1788156939,36.13,36.17,36.13,36.17,0,0,0,0,0,0,0,0,36.10487941236141,36.1827871637731,35.95,36.18,83.85909269318425,79.63475425388131,83.85909269318425,79.63475425388131,79.56064445358565,77.77590342731182,79.56064445358565,77.77590342731182,96,101,96,101,-1,4,-1,4,-1,4,-1,4,96,101,96,101
1788156999,36.18,36.2,36.160000000000004,36.2,0,0,0,0,0,0,0,0,36.1197498222351,36.18282576579194,35.95,36.2,85.0120146436711,80.40293430956557,85.0120146436711,80.40293430956557,81.79483810307339,79.7853707651926,81.79483810307339,79.7853707651926,96,101,96,101,-1,4,-1,4,-1,4,-1,4,96,101,96,101
1788157026,36.21,36.25,36.21,36.25,0,0,0,0,0,0,0,0,36.141007430313564,36.183361496148905,35.95,36.25,86.08258502626602,81.21431298337991,86.08258502626602,81.21431298337991,83.63367075501536,81.70952076010397,83.63367075501536,81.70952076010397,96,101,96,101,-1,4,-1,4,-1,4,-1,4,96,101,96,101
1788157173,36.26,36.29,36.25,36.29,0,0,0,0,0,0,0,0,36.16567274601413,36.1842899058058,35.95,36.29,87.07668609581845,82.05179485658542,87.07668609581845,82.05179485658542,85.3834824958954,83.54650162799967,85.3834824958954,83.54650162799967,96,101,96,101,-1,4,-1,4,-1,4,-1,4,96,101,96,101
1788157266,36.300000000000004,36.300000000000004,36.260000000000005,36.260000000000005,1,0,0,0,0,0,0,1,36.185247398253985,36.185175910059804,35.95,36.300000000000004,87.51551844490648,82.83232679777414,87.51551844490648,82.83232679777414,86.49196458831875,85.01923310815921,86.49196458831875,85.01923310815921,96,101,96,101,-1,4,-1,4,-1,4,-1,4,96,101,96,101
1788157395,36.25,36.27,36.230000000000004,36.27,0,0,0,0,0,0,0,0,36.19823271978356,36.185887260871816,35.95,36.300000000000004,88.04407100150515,83.57686168402142,88.04407100150515,83.57686168402142,86.70739821855886,85.86331566335903,86.70739821855886,85.86331566335903,96,101,96,101,-1,4,-1,4,-1,4,-1,4,96,101,96,101
1788157533,36.28,36.28,36.24,36.24,0,0,0,0,0,0,0,0,36.20825101315625,36.186558366070436,35.95,36.300000000000004,88.17167367815306,84.2332633974688,88.17167367815306,84.2332633974688,86.81042296284622,86.33686931310262,86.81042296284622,86.33686931310262,96,101,96,101,-1,4,-1,4,-1,4,-1,4,96,101,96,101
1788157704,36.230000000000004,36.26,36.22,36.26,0,0,0,0,0,0,0,0,36.21523567743087,36.18715645861368,35.95,36.300000000000004,88.53229262850284,84.84741043047367,88.53229262850284,84.84741043047367,86.49056662121505,86.41371796715885,86.49056662121505,86.41371796715885,96,101,96,101,-1,4,-1,4,-1,4,-1,4,96,101,96,101
1788157716,36.28,36.28,36.24,36.24,0,0,0,0,0,0,0,0,36.22216252395859,36.187814934979045,35.95,36.300000000000004,88.62502233179377,85.3870692735194,88.62502233179377,85.3870692735194,86.62456730798009,86.51914263756947,86.62456730798009,86.51914263756947,96,101,96,101,-1,4,-1,4,-1,4,-1,4,96,101,96,101
1788157734,36.230000000000004,36.27,36.230000000000004,36.27,0,0,0,0,0,0,0,0,36.22843600445096,36.188500026836635,35.95,36.300000000000004,89.07432461075766,85.91382003598201,89.07432461075766,85.91382003598201,86.65779238643195,86.5884675120007,86.65779238643195,86.5884675120007,96,101,96,101,-1,4,-1,4,-1,4,-1,4,96,101,96,101
1788157770,36.29,36.29,36.25,36.25,0,0,0,0,0,0,0,0,36.234780973338665,36.18924463685153,35.99,36.300000000000004,89.24940311919018,86.39033190501176,89.24940311919018,86.39033190501176,87.17606694347204,86.88226722773638,87.17606694347204,86.88226722773638,96,101,96,101,-1,4,-1,4,-1,4,-1,4,96,101,96,101
1788157836,36.24,36.28,36.24,36.28,0,0,0,0,0,0,0,0,36.240578372125576,36.1900150053074,36.01,36.300000000000004,89.77517214578552,86.87388051083659,89.77517214578552,86.87388051083659,87.5386696250168,87.2104684263766,87.5386696250168,87.2104684263766,96,101,96,101,-1,4,-1,4,-1,4,-1,4,96,101,96,101
1788157926,36.29,36.31,36.27,36.31,0,0,0,0,0,0,0,0,36.25077624386032,36.19107621586819,36.01,36.31,90.50551699251513,87.39268572250496,90.50551699251513,87.39268572250496,88.84266920239533,88.02656881438597,88.84266920239533,88.02656881438597,96,101,96,101,-1,4,-1,4,-1,4,-1,4,96,101,96,101
1788158016,36.32,36.32,36.28,36.28,0,0,0,0,0,0,0,1,36.25851389649178,36.19209369962407,36.01,36.32,90.71531027525118,87.86734637289729,90.71531027525118,87.86734637289729,89.50993267541217,88.76825074489906,89.50993267541217,88.76825074489906,96,101,96,101,-1,4,-1,4,-1,4,-1,4,96,101,96,101
1788158289,36.27,36.29,36.25,36.29,0,0,0,0,0,0,0,0,36.26181440015994,36.192935221684195,36.01,36.32,91.02721434224142,88.3187560828036,91.02721434224142,88.3187560828036,89.38689210016044,89.07757142252976,89.38689210016044,89.07757142252976,96,101,96,101,-1,4,-1,4,-1,4,-1,4,96,101,96,101
1788158421,36.300000000000004,36.3,36.26,36.3,0,0,0,0,0,0,0,0,36.266332994070254,36.19386787287805,36.050000000000004,36.32,91.43393556603912,88.76378172326584,91.43393556603912,88.76378172326584,89.82196929048506,89.4497703565074,89.82196929048506,89.4497703565074,96,101,96,101,-1,4,-1,4,-1,4,-1,4,96,101,96,101
1788159411,36.31,36.34,36.300000000000004,36.34,0,0,0,0,0,0,0,0,36.27730275272415,36.195189253910776,36.09,36.34,92.04579731132205,89.23264109298816,92.04579731132205,89.23264109298816,90.76315316473826,90.10646176062284,90.76315316473826,90.10646176062284,96,101,96,101,-1,4,-1,4,-1,4,-1,4,96,101,96,101
1788226200,36.42,36.46,36.42,36.46,0,0,0,0,0,0,0,0,36.30809619162279,36.19769151672427,36.13,36.46,92.61395464622761,89.71568588630808,92.61395464622761,89.71568588630808,91.63452344092416,90.8704926007735,91.63452344092416,90.8704926007735,96,101,96,101,-1,4,-1,4,-1,4,-1,4,96,101,96,101
1788226203,36.47,36.51,36.47,36.51,0,0,0,0,0,0,0,0,36.342381732539856,36.20066639383813,36.13,36.51,93.14152931435422,90.20509209031468,93.14152931435422,90.20509209031468,92.42142825548605,91.64596042812977,92.42142825548605,91.64596042812977,96,101,96,101,-1,4,-1,4,-1,4,-1,4,96,101,96,101
1788226209,36.57,36.61,36.57,36.61,0,0,0,0,0,0,0,0,36.38861535692655,36.2046066950603,36.13,36.61,93.63142007761462,90.69456751707182,93.63142007761462,90.69456751707182,93.15776101552487,92.40186072182732,93.15776101552487,92.40186072182732,96,101,96,101,-1,4,-1,4,-1,4,-1,4,96,101,96,101
1788226212,36.660000000000004,36.7,36.660000000000004,36.7,0,0,0,0,0,0,0,0,36.442806504152024,36.2094033116932,36.160000000000004,36.7,94.0863186434993,91.17910339227574,94.0863186434993,91.17910339227574,93.83046182283087,93.1161612723291,93.83046182283087,93.1161612723291,96,101,96,101,-1,4,-1,4,-1,4,-1,4,96,101,96,101
1788226221,36.74,36.76,36.72,36.72,0,0,0,0,0,0,0,0,36.49562956400317,36.214616545739375,36.21,36.76,94.1725900008964,91.6067443363644,94.1725900008964,91.6067443363644,94.2179972590755,93.6670792657023,94.2179972590755,93.6670792657023,96,101,96,101,-1,4,-1,4,-1,4,-1,4,96,101,96,101
1788226233,36.7,36.7,36.660000000000004,36.660000000000004,0,0,0,0,0,0,0,0,36.52793934024502,36.21918089188459,36.22,36.76,93.74849743780722,91.91270906514195,93.74849743780722,91.91270906514195,93.56251616915472,93.6147977174285,93.56251616915472,93.6147977174285,96,101,96,101,-1,4,-1,4,-1,4,-1,4,96,101,96,101
1788226254,36.65,36.67,36.63,36.63,0,0,0,0,0,0,0,0,36.548920066261076,36.22340131418756,36.22,36.76,93.10259636031682,92.08269296445266,93.10259636031682,92.08269296445266,92.401027968623,93.00791284302575,92.401027968623,93.00791284302575,96,101,96,101,-1,4,-1,4,-1,4,-1,4,96,101,96,101
1788226275,36.59,36.59,36.550000000000004,36.550000000000004,0,0,0,0,0,0,0,0,36.55154066027421,36.22678372233827,36.22,36.76,91.83056216651273,92.04667427903267,91.83056216651273,92.04667427903267,89.88733751670475,91.44762517986524,89.88733751670475,91.44762517986524,96,101,96,101,-1,4,-1,4,-1,4,-1,4,96,101,96,101
1788226281,36.52,36.52,36.480000000000004,36.480000000000004,0,0,0,0,0,0,0,0,36.54095750992133,36.229435957273544,36.22,36.76,90.0611522638627,91.76302827686553,90.0611522638627,91.76302827686553,86.30343215717572,88.87552866852047,86.30343215717572,88.87552866852047,96,101,96,101,-1,4,-1,4,-1,4,-1,4,96,101,96,101
1788226296,36.47,36.47,36.43,36.43,0,0,0,0,0,0,0,0,36.523207659632604,36.231564289373644,36.22,36.76,87.86101704924816,91.20559810149163,87.86101704924816,91.20559810149163,82.27913232519823,85.57733049685936,82.27913232519823,85.57733049685936,96,101,96,101,-1,4,-1,4,-1,4,-1,4,96,101,96,101
1788226329,36.410000000000004,36.43,36.39,36.43,0,0,0,0,0,0,0,0,36.503836570002434,36.233406104073076,36.230000000000004,36.76,85.81803434996323,90.43594613698757,85.81803434996323,90.43594613698757,78.29639913588423,81.9368648163718,78.29639913588423,81.9368648163718,96,101,96,101,-1,4,-1,4,-1,4,-1,4,96,101,96,101
1788226344,36.480000000000004,36.49,36.45,36.45,0,0,0,0,0,0,0,0,36.49647234515351,36.23569393720005,36.230000000000004,36.76,84.09734582937506,89.53043180732864,84.09734582937506,89.53043180732864,75.75881830694867,78.84784156166023,75.75881830694867,78.84784156166023,96,101,96,101,-1,4,-1,4,-1,4,-1,4,96,101,96,101
1788226353,36.43,36.47,36.43,36.47,0,0,0,0,0,0,0,0,36.48923494906499,36.23789267082658,36.24,36.76,82.67593047471952,88.55121733124163,82.67593047471952,88.55121733124163,73.06490261319946,75.95637208742986,73.06490261319946,75.95637208742986,96,101,96,101,-1,4,-1,4,-1,4,-1,4,96,101,96,101
1788226356,36.49,36.49,36.45,36.45,0,0,0,0,0,0,0,0,36.48452556438651,36.24013586149829,36.24,36.76,81.17967794522019,87.49814027609571,81.17967794522019,87.49814027609571,70.64411695203894,73.3002445197344,70.64411695203894,73.3002445197344,96,101,96,101,-1,4,-1,4,-1,4,-1,4,96,101,96,101
1788226359,36.42,36.46,36.42,36.46,0,0,0,0,0,0,0,0,36.477642128437445,36.24219089438554,36.25,36.76,79.87848401791611,86.40961795349862,79.87848401791611,86.40961795349862,67.67228165050055,70.48626308511749,67.67228165050055,70.48626308511749,96,101,96,101,-1,4,-1,4,-1,4,-1,4,96,101,96,101
1788226362,36.47,36.47,36.43,36.43,0,0,0,0,0,0,0,0,36.47140416569124,36.2441923116885,36.25,36.76,78.4056822494406,85.26619856720461,78.4056822494406,85.26619856720461,65.17034572310473,67.82830440411111,65.17034572310473,67.82830440411111,96,101,96,101,-1,4,-1,4,-1,4,-1,4,96,101,96,101
1788226374,36.410000000000004,36.44,36.4,36.44,0,0,0,0,0,0,0,0,36.4632700749595,36.24600797691216,36.25,36.76,77.12626402880153,84.10335077600416,77.12626402880153,84.10335077600416,62.572314474679374,65.20030943939524,62.572314474679374,65.20030943939524,96,101,96,101,-1,4,-1,4,-1,4,-1,4,96,101,96,101
1788226407,36.46,36.46,36.42,36.42,0,0,0,0,0,0,0,0,36.45782703102747,36.2478719108069,36.26,36.76,75.76186598088891,82.91171009098771,75.76186598088891,82.91171009098771,60.20484097829675,62.702575208846,60.20484097829675,62.702575208846,96,101,96,101,-1,4,-1,4,-1,4,-1,4,96,101,96,101
1788226449,36.410000000000004,36.45,36.410000000000004,36.45,0,0,0,0,0,0,0,0,36.45397969205278,36.249750465591575,36.300000000000004,36.76,74.75947520094891,81.74710510669647,74.75947520094891,81.74710510669647,57.42233122815059,60.06245321849829,57.42233122815059,60.06245321849829,96,101,96,101,-1,4,-1,4,-1,4,-1,4,96,101,96,101
1788226464,36.47,36.49,36.45,36.45,0,0,0,0,0,0,0,0,36.45568035410379,36.25187566825567,36.39,36.76,73.8286837624332,80.615902057516,73.8286837624332,80.615902057516,55.621257454817034,57.84185533665766,55.621257454817034,57.84185533665766,96,101,96,101,-1,4,-1,4,-1,4,-1,4,96,101,96,101
1788226500,36.44,36.44,36.4,36.4,0,0,0,0,0,0,0,0,36.44798089578189,36.25348221218679,36.39,36.76,72.52346031908478,79.45983895202582,72.52346031908478,79.45983895202582,52.86054871788546,55.351202027271555,52.86054871788546,55.351202027271555,96,101,96,101,-1,4,-1,4,-1,4,-1,4,96,101,96,101
1788226506,36.39,36.39,36.35,36.35,0,0,0,0,0,0,0,0,36.432590429882154,36.254575258168344,36.35,36.76,70.87055001410606,78.23279767518014,70.87055001410606,78.23279767518014,49.17147562062142,52.26133882394649,49.17147562062142,52.26133882394649,96,101,96,101,-1,4,-1,4,-1,4,-1,4,96,101,96,101
1788226527,36.34,36.34,36.300000000000004,36.300000000000004,0,0,0,0,0,0,0,0,36.41090732141873,36.255159915632674,36.300000000000004,36.76,68.89478762332779,76.89879623920123,68.89478762332779,76.89879623920123,44.68666164307243,48.47400023350946,44.68666164307243,48.47400023350946,96,101,96,101,-1,4,-1,4,-1,4,-1,4,96,101,96,101
1788226557,36.29,36.300000000000004,36.260000000000005,36.260000000000005,0,0,0,0,0,0,0,0,36.38589386903957,36.255340745659545,36.260000000000005,36.76,66.7074174315381,75.44288498096364,66.7074174315381,75.44288498096364,39.7314242654909,44.10271224950018,39.7314242654909,44.10271224950018,96,101,96,101,-1,4,-1,4,-1,4,-1,4,96,101,96,101
1788226581,36.24,36.27,36.230000000000004,36.27,0,0,0,0,0,0,0,0,36.36239801406268,36.2553539389034,36.230000000000004,36.7,64.76447138925013,73.91739732500457,64.76447138925013,73.91739732500457,34.75631513861494,39.42951369405756,34.75631513861494,39.42951369405756,96,101,96,101,-1,4,-1,4,-1,4,-1,4,96,101,96,101
1788226614,36.28,36.300000000000004,36.260000000000005,36.260000000000005,0,0,0,0,0,0,0,0,36.34620443574825,36.25553283835046,36.230000000000004,36.67,62.87212378560885,72.33950110509089,62.87212378560885,72.33950110509089,30.923202733368115,35.17635821371284,30.923202733368115,35.17635821371284,96,101,96,101,-1,4,-1,4,-1,4,-1,4,96,101,96,101
1788226644,36.25,36.25,36.21,36.21,0,0,0,0,0,0,0,0,36.32386423530917,36.25521244526571,36.21,36.59,60.674026760358124,70.67300477012905,60.674026760358124,70.67300477012905,26.92118675847133,31.048772486092084,26.92118675847133,31.048772486092084,96,101,96,101,-1,4,-1,4,-1,4,-1,4,96,101,96,101
1788226695,36.2,36.2,36.160000000000004,36.160000000000004,0,0,0,0,0,0,0,0,36.296494980404475,36.254397727734045,36.160000000000004,36.52,58.192019557898696,68.89000688266756,58.192019557898696,68.89000688266756,23.45625531678491,27.252513901438498,23.45625531678491,27.252513901438498,96,101,96,101,-1,4,-1,4,-1,4,-1,4,96,101,96,101
1788226725,36.14,36.14,36.1,36.1,0,0,0,0,0,0,0,0,36.263192862755176,36.252994101919114,36.1,36.49,55.35819805508582,66.95689133587017,55.35819805508582,66.95689133587017,20.451682046421663,23.85209797393008,20.451682046421663,23.85209797393008,96,101,96,101,-1,4,-1,4,-1,4,-1,4,96,101,96,101
1788226737,36.09,36.13,36.09,36.13,0,1,0,0,0,0,0,0,36.236551736193626,36.25163761002605,36.09,36.49,52.99134263845271,64.96181295052482,52.99134263845271,64.96181295052482,18.041740261538422,20.94691911773425,18.041740261538422,20.94691911773425,96,101,96,101,-1,4,-1,4,-1,4,-1,4,96,101,96,101
1788226746,36.18,36.19,36.15,36.19,0,0,0,0,0,0,0,0,36.22566354173418,36.25089163049014,36.09,36.49,51.32264885210817,63.0133609364653,51.32264885210817,63.0133609364653,17.383325341446515,19.16512222959038,17.383325341446515,19.16512222959038,96,101,96,101,-1,4,-1,4,-1,4,-1,4,96,101,96,101
1788226758,36.21,36.24,36.2,36.24,0,0,0,0,0,0,0,0,36.22584592808554,36.25065058607398,36.09,36.49,50.21406458665778,61.184890029349944,50.21406458665778,61.184890029349944,17.799779930195175,18.482451079892776,17.799779930195175,18.482451079892776,96,101,96,101,-1,4,-1,4,-1,4,-1,4,96,101,96,101
1788226794,36.25,36.26,36.22,36.22,0,0,0,1,0,0,0,0,36.227207274494226,36.250478275101436,36.09,36.49,49.00829806856315,59.44537689209468,49.00829806856315,59.44537689209468,18.327316699228966,18.40488388956087,18.327316699228966,18.40488388956087,96,101,96,101,-1,4,-1,4,-1,4,-1,4,96,101,96,101
1788226815,36.19,36.230000000000004,36.190000000000005,36.190000000000005,0,0,0,0,0,0,0,0,36.22286655791952,36.250009171203246,36.09,36.49,47.362992918953395,57.71932203878878,47.362992918953395,57.71932203878878,18.01190045434973,18.2083921719553,18.01190045434973,18.2083921719553,96,101,96,101,-1,4,-1,4,-1,4,-1,4,96,101,96,101
1788226875,36.17,36.18,36.14,36.18,0,0,0,0,0,0,0,0,36.21264839587354,36.24917989255114,36.09,36.49,45.59896961521864,55.9878431211359,45.59896961521864,55.9878431211359,17.144528747651556,17.67646045980343,17.144528747651556,17.67646045980343,96,101,96,101,-1,4,-1,4,-1,4,-1,4,96,101,96,101
1788226941,36.2,36.22,36.18,36.22,0,0,0,0,0,0,0,0,36.21156080874502,36.24875687537816,36.09,36.49,44.341900356988745,54.32413701197202,44.341900356988745,54.32413701197202,17.211301826345323,17.44388114307438,17.211301826345323,17.44388114307438,96,101,96,101,-1,4,-1,4,-1,4,-1,4,96,101,96,101
1788226959,36.24,36.28,36.24,36.28,0,0,0,0,0,0,0,0,36.22158005563987,36.24893508225666,36.09,36.49,43.746050331489585,52.8129817719031,43.746050331489585,52.8129817719031,18.462565744543344,17.95322344380886,18.462565744543344,17.95322344380886,96,101,96,101,-1,4,-1,4,-1,4,-1,4,96,101,96,101
1788226968,36.29,36.300000000000004,36.260000000000005,36.260000000000005,0,0,0,0,0,0,0,0,36.23098974249323,36.249177850924085,36.09,36.49,43.00228483162135,51.41145363757714,43.00228483162135,51.41145363757714,19.748297290632166,18.850760367220513,19.748297290632166,18.850760367220513,96,101,96,101,-1,4,-1,4,-1,4,-1,4,96,101,96,101
1788226986,36.25,36.25,36.21,36.21,0,0,0,0,0,0,0,0,36.229597668100524,36.248920691545074,36.09,36.49,41.54035100562022,50.001296118726145,41.54035100562022,50.001296118726145,20.112123673000774,19.48144202011064,20.112123673000774,19.48144202011064,96,101,96,101,-1,4,-1,4,-1,4,-1,4,96,101,96,101
1788227022,36.2,36.23,36.19,36.23,0,0,0,0,0,0,0,0,36.22724657693073,36.24859975597415,36.09,36.44,40.06572039008012,48.581928157491,40.06572039008012,48.581928157491,20.342411424148224,19.911926722129433,20.342411424148224,19.911926722129433,96,101,96,101,-1,4,-1,4,-1,4,-1,4,96,101,96,101
1788227049,36.24,36.28,36.24,36.28,0,0,0,0,0,0,0,0,36.23441386597363,36.2487795262298,36.09,36.39,39.22946957330466,47.24586264546438,39.22946957330466,47.24586264546438,22.407781220698464,21.15985397141395,22.407781220698464,21.15985397141395,96,101,96,101,-1,4,-1,4,-1,4,-1,4,96,101,96,101
1788227052,36.29,36.31,36.27,36.31,0,0,0,0,0,0,0,0,36.24573255700873,36.24925601518937,36.09,36.34,38.772780382034504,46.035422322117256,38.772780382034504,46.035422322117256,26.11696862106375,23.63841129623885,26.11696862106375,23.63841129623885,96,101,96,101,-1,4,-1,4,-1,4,-1,4,96,101,96,101
1788227067,36.34,36.37,36.33,36.37,0,0,0,0,0,0,0,0,36.26590239512835,36.25032477789063,36.09,36.37,38.98837069589767,45.02870066122875,38.98837069589767,45.02870066122875,31.885973103768897,27.762192200003874,31.885973103768897,27.762192200003874,96,101,96,101,-1,4,-1,4,-1,4,-1,4,96,101,96,101
1788227112,36.38,36.42,36.38,36.42,0,0,0,0,0,0,0,0,36.291495899044406,36.25188041857497,36.09,36.42,39.72161074213953,44.270544958501716,39.72161074213953,44.270544958501716,38.54511980323053,33.1536560016172,38.54511980323053,33.1536560016172,96,101,96,101,-1,4,-1,4,-1,4,-1,4,96,101,96,101
1788227124,36.43,36.43,36.39,36.39,0,0,0,0,0,0,0,0,36.31182997800603,36.25338741275167,36.09,36.43,40.08264707505707,43.67227383229534,40.08264707505707,43.67227383229534,44.32438840276915,38.739022202193176,44.32438840276915,38.739022202193176,96,101,96,101,-1,4,-1,4,-1,4,-1,4,96,101,96,101
1788227145,36.35,36.37,36.33,36.37,0,0,0,0,0,0,0,0,36.31998210321706,36.25441506701948,36.09,36.43,40.20467548227577,43.176902639435404,40.20467548227577,43.176902639435404,47.56376148808765,43.15139184514041,47.56376148808765,43.15139184514041,96,101,96,101,-1,4,-1,4,-1,4,-1,4,96,101,96,101
1788227187,36.38,36.38,36.34,36.34,0,0,0,0,0,0,0,0,36.3260459632382,36.25539932837584,36.09,36.43,39.99815815038615,42.72279628385694,39.99815815038615,42.72279628385694,50.26893841836081,46.710165131750614,50.26893841836081,46.710165131750614,96,101,96,101,-1,4,-1,4,-1,4,-1,4,96,101,96,101
1788227205,36.33,36.34,36.300000000000004,36.300000000000004,0,0,0,0,0,0,0,0,36.32373457598277,36.25597578613661,36.09,36.43,39.37995282407928,42.24524721817441,39.37995282407928,42.24524721817441,51.08766150145203,48.89891331660132,51.08766150145203,48.89891331660132,96,101,96,101,-1,4,-1,4,-1,4,-1,4,96,101,96,101
1788227223,36.29,36.29,36.25,36.25,0,0,0,0,0,0,0,0,36.31275253186469,36.25604899556145,36.09,36.43,38.27285598056826,41.67776275565925,38.27285598056826,41.67776275565925,50.075138429815865,49.487025873208594,50.075138429815865,49.487025873208594,96,101,96,101,-1,4,-1,4,-1,4,-1,4,96,101,96,101
1788227229,36.230000000000004,36.230000000000004,36.190000000000005,36.190000000000005,0,0,0,0,0,0,0,0,36.29285813213172,36.25552446160893,36.14,36.43,36.60517863440829,40.95310788119483,36.60517863440829,40.95310788119483,47.064404368413605,48.2757151208111,47.064404368413605,48.2757151208111,96,101,96,101,-1,4,-1,4,-1,4,-1,4,96,101,96,101
1788227244,36.17,36.19,36.15,36.19,0,0,0,0,0,0,1,0,36.271732411138075,36.25473980693289,36.14,36.43,35.05662109868824,40.11075262655104,35.05662109868824,40.11075262655104,43.48377517292574,45.879745146868416,43.48377517292574,45.879745146868416,96,101,96,101,-1,4,-1,4,-1,4,-1,4,96,101,96,101
1788227337,36.2,36.2,36.160000000000004,36.160000000000004,0,0,0,0,0,0,0,0,36.25384166971903,36.253929792270206,36.14,36.43,33.29884539121265,39.1376230215027,33.29884539121265,39.1376230215027,40.34323586250773,43.11149050468808,40.34323586250773,43.11149050468808,96,101,96,101,-1,4,-1,4,-1,4,-1,4,96,101,96,101
1788227364,36.15,36.19,36.15,36.19,0,0,0,0,0,0,0,0,36.23980985098224,36.25316100495077,36.14,36.43,31.98645451572086,38.116027520676724,31.98645451572086,38.116027520676724,37.57991645357793,40.34570347913301,37.57991645357793,40.34570347913301,96,101,96,101,-1,4,-1,4,-1,4,-1,4,96,101,96,101
1788227400,36.2,36.21,36.17,36.17,0,0,0,0,0,0,0,0,36.22954139322789,36.25246620224811,36.14,36.43,30.554586229416692,37.03582162192529,30.554586229416692,37.03582162192529,36.048091654087315,38.19689756661016,36.048091654087315,38.19689756661016,96,101,96,101,-1,4,-1,4,-1,4,-1,4,96,101,96,101
1788227427,36.160000000000004,36.18,36.14,36.14,0,0,0,1,0,0,0,0,36.21568538233797,36.25147980554249,36.14,36.43,28.905164824970058,35.87429922236025,28.905164824970058,35.87429922236025,33.503406291738635,35.8501519291744,33.503406291738635,35.8501519291744,96,101,96,101,-1,4,-1,4,-1,4,-1,4,96,101,96,101
1788227466,36.12,36.12,36.08,36.08,0,0,0,0,0,0,0,0,36.19343955524622,36.24990620880409,36.08,36.43,26.840510194615053,34.58375793268237,26.840510194615053,34.58375793268237,29.37026661740884,32.61020927329162,29.37026661740884,32.61020927329162,96,101,96,101,-1,4,-1,4,-1,4,-1,4,96,101,96,101
1788227550,36.07,36.08,36.04,36.04,0,0,0,0,0,0,0,0,36.16796569671661,36.24795025979443,36.04,36.43,24.92333089499969,33.20369692729913,24.92333089499969,33.20369692729913,25.68733475631365,29.14877201480264,25.68733475631365,29.14877201480264,96,101,96,101,-1,4,-1,4,-1,4,-1,4,96,101,96,101
1788227634,36.03,36.03,35.99,35.99,0,0,0,0,0,0,0,0,36.13803253973783,36.24551626052616,35.99,36.43,23.143092973928283,31.76646779110329,23.143092973928283,31.76646779110329,22.537196024892165,25.8429840198474,22.537196024892165,25.8429840198474,96,101,96,101,-1,4,-1,4,-1,4,-1,4,96,101,96,101
1788227667,35.980000000000004,36.02,35.980000000000004,36.02,0,0,0,0,0,0,0,0,36.11414783554307,36.24313964765194,35.980000000000004,36.43,21.856315270662343,30.350731716754584,21.856315270662343,30.350731716754584,20.07950135466951,22.961242687258455,20.07950135466951,22.961242687258455,96,101,96,101,-1,4,-1,4,-1,4,-1,4,96,101,96,101
1788227712,36.050000000000004,36.07,36.03,36.03,0,0,0,0,0,0,0,0,36.101272471504934,36.2411515251214,35.980000000000004,36.43,20.753025352061893,28.97963080751277,20.753025352061893,28.97963080751277,19.179255129399206,21.07024890832883,19.179255129399206,21.07024890832883,96,101,96,101,-1,4,-1,4,-1,4,-1,4,96,101,96,101
1788227811,36.02,36.04,36,36,0,0,0,0,0,0,0,0,36.085283537291915,36.238884677441916,35.980000000000004,36.43,19.453816581493335,27.618800203795708,19.453816581493335,27.618800203795708,17.455234555357947,19.262741731843388,17.455234555357947,19.262741731843388,96,101,96,101,-1,4,-1,4,-1,4,-1,4,96,101,96,101
1788227832,35.97,35.97,35.93,35.93,0,0,0,0,0,0,0,0,36.05947440929945,36.2359438680478,35.93,36.43,18.06425825424381,26.25386563957401,18.06425825424381,26.25386563957401,15.418772476021047,17.34075710393222,15.418772476021047,17.34075710393222,96,101,96,101,-1,4,-1,4,-1,4,-1,4,96,101,96,101
1788227940,35.92,35.93,35.89,35.89,0,0,0,0,0,0,0,0,36.03108512276015,36.23263431048845,35.89,36.43,16.773954093226397,24.89959256152435,16.773954093226397,24.89959256152435,13.586461064102963,15.463609084017591,13.586461064102963,15.463609084017591,96,101,96,101,-1,4,-1,4,-1,4,-1,4,96,101,96,101
1788227946,35.87,35.89,35.85,35.89,0,0,0,0,0,0,1,0,36.00300903983407,36.22909234388326,35.85,36.43,15.889786257681964,23.612477375261157,15.889786257681964,23.612477375261157,12.33519322735916,13.899401155688375,12.33519322735916,13.899401155688375,96,101,96,101,-1,4,-1,4,-1,4,-1,4,96,101,96,101
1788228015,35.9,35.92,35.88,35.92,0,0,0,0,0,0,0,0,35.985492244712724,36.22588412818956,35.85,36.38,15.343036819108042,22.43112872438214,15.343036819108042,22.43112872438214,12.00159419487928,12.950497675283827,12.00159419487928,12.950497675283827,96,101,96,101,-1,4,-1,4,-1,4,-1,4,96,101,96,101
1788228081,35.93,35.95,35.910000000000004,35.910000000000004,0,0,0,0,0,0,0,0,35.974190624461926,36.22287367251935,35.85,36.38,14.769753701366895,21.3366465782371,14.769753701366895,21.3366465782371,12.060479753246351,12.50548871426509,12.060479753246351,12.50548871426509,96,101,96,101,-1,4,-1,4,-1,4,-1,4,96,101,96,101
1788228168,35.9,35.92,35.88,35.92,0,0,0,0,0,0,0,0,35.96191354122642,36.21972733415266,35.85,36.34,14.39044696980208,20.34433234846067,14.39044696980208,20.34433234846067,11.766125502782588,12.135807108523839,11.766125502782588,12.135807108523839,96,101,96,101,-1,4,-1,4,-1,4,-1,4,96,101,96,101
1788228261,35.980000000000004,35.980000000000004,35.940000000000005,35.940000000000005,0,0,0,0,0,0,0,0,35.96035350342768,36.21707664757734,35.85,36.29,14.322046173451644,19.48400575203081,14.322046173451644,19.48400575203081,12.696087869380198,12.415947488952018,12.696087869380198,12.415947488952018,96,101,96,101,-1,4,-1,4,-1,4,-1,4,96,101,96,101
1788228285,35.93,35.93,35.89,35.93,0,0,0,0,0,0,0,0,35.952410442198406,36.21408749353843,35.85,36.230000000000004,14.191900018205077,18.727990647198563,14.191900018205077,18.727990647198563,12.655760045675711,12.535853767313863,12.655760045675711,12.535853767313863,96,101,96,101,-1,4,-1,4,-1,4,-1,4,96,101,96,101
1788228321,35.94,35.96,35.92,35.96,0,0,0,0,0,0,0,0,35.951366119374455,36.21142658978846,35.85,36.21,14.405871445476135,18.110545046952502,14.405871445476135,18.110545046952502,13.261587428313153,12.898720597813508,13.261587428313153,12.898720597813508,96,101,96,101,-1,4,-1,4,-1,4,-1,4,96,101,96,101
1788228366,35.980000000000004,36.01,35.97,35.97,0,0,0,0,0,0,0,0,35.95717834009425,36.20915700514711,35.85,36.21,14.71616634222781,17.625633803420403,14.71616634222781,17.625633803420403,14.56904538190378,13.733882989858644,14.56904538190378,13.733882989858644,96,101,96,101,-1,4,-1,4,-1,4,-1,4,96,101,96,101
1788228393,35.95,35.980000000000004,35.940000000000005,35.940000000000005,0,0,0,0,0,0,0,0,35.956479247955905,36.20661149597483,35.85,36.21,14.669475889211574,17.203325529961997,14.669475889211574,17.203325529961997,14.950807371681115,14.342345180769879,14.950807371681115,14.342345180769879,96,101,96,101,-1,4,-1,4,-1,4,-1,4,96,101,96,101
1788228456,35.93,35.97,35.93,35.97,0,0,0,0,0,0,0,0,35.95651332408514,36.204124482747886,35.85,36.21,14.960941897125002,16.882985010985283,14.960941897125002,16.882985010985283,15.376554101835033,14.859449641302456,15.376554101835033,14.859449641302456,96,101,96,101,-1,4,-1,4,-1,4,-1,4,96,101,96,101
1788228477,35.980000000000004,35.980000000000004,35.940000000000005,35.940000000000005,0,0,0,0,0,0,0,0,35.955935143948444,36.20162904842535,35.85,36.18,14.896767475901823,16.599239648830505,14.896767475901823,16.599239648830505,15.790740954282294,15.325095297792375,15.790740954282294,15.325095297792375,96,101,96,101,-1,4,-1,4,-1,4,-1,4,96,101,96,101
1788228561,35.93,35.96,35.92,35.96,0,0,0,0,0,0,0,0,35.954249966260846,36.19909210930338,35.85,36.12,15.060391227623114,16.37940416008659,15.060391227623114,16.37940416008659,15.899452837660782,15.612274067726577,15.899452837660782,15.612274067726577,96,101,96,101,-1,4,-1,4,-1,4,-1,4,96,101,96,101
1788228609,35.99,36.03,35.99,36.03,0,0,0,0,0,0,0,0,35.96559845724372,36.19727693076968,35.85,36.08,15.993577568507174,16.324286075575245,15.993577568507174,16.324286075575245,17.66751129927579,16.639892683501184,17.66751129927579,16.639892683501184,96,101,96,101,-1,4,-1,4,-1,4,-1,4,96,101,96,101
1788228681,36.04,36.06,36.02,36.02,0,0,0,0,0,0,0,0,35.977913889260016,36.1956456511932,35.85,36.07,16.748500599328107,16.38488815039708,16.748500599328107,16.38488815039708,19.62633973435451,18.133116208927845,19.62633973435451,18.133116208927845,96,101,96,101,-1,4,-1,4,-1,4,-1,4,96,101,96,101
1788228822,36.01,36.05,36.01,36.05,0,0,0,0,0,0,0,0,35.98859621242486,36.194063770750155,35.85,36.07,17.784321985090337,16.584807269638976,17.784321985090337,16.584807269638976,21.354596619594457,19.743856414261153,21.354596619594457,19.743856414261153,96,101,96,101,-1,4,-1,4,-1,4,-1,4,96,101,96,101
1788228888,36.06,36.08,36.04,36.08,0,0,0,0,0,0,0,0,36.002790840468826,36.1927961378737,35.85,36.08,19.080977557583847,16.941403025059675,19.080977557583847,16.941403025059675,24.17995074132344,21.9619035777923,24.17995074132344,21.9619035777923,96,101,96,101,-1,4,-1,4,-1,4,-1,4,96,101,96,101
1788228936,36.09,36.11,36.07,36.07,0,0,0,0,0,0,0,0,36.017434930080555,36.19170695573897,35.85,36.11,20.3814888458436,17.432843856600236,20.3814888458436,17.432843856600236,26.979041336228686,24.470472457010494,26.979041336228686,24.470472457010494,96,101,96,101,-1,4,-1,4,-1,4,-1,4,96,101,96,101
1788229065,36.06,36.06,36.02,36.02,0,0,0,0,0,0,0,0,36.02032554885379,36.19013109879961,35.85,36.11,21.019264273110956,17.945189630387482,21.019264273110956,17.945189630387482,28.54763309869162,26.509052777851057,28.54763309869162,26.509052777851057,96,101,96,101,-1,4,-1,4,-1,4,-1,4,96,101,96,101
1788229098,36.01,36.05,36.01,36.05,0,0,0,0,0,0,0,0,36.0232966611834,36.18860408952466,35.85,36.11,21.980942440795104,18.521725746159998,21.980942440795104,18.521725746159998,30.443425772904455,28.476239275377758,30.443425772904455,28.476239275377758,96,101,96,101,-1,4,-1,4,-1,4,-1,4,96,101,96,101
1788229152,36.06,36.09,36.050000000000004,36.09,0,0,0,0,0,0,0,0,36.033000298543996,36.187490284322095,35.85,36.11,23.36654014822603,19.213842089312287,23.36654014822603,19.213842089312287,34.59060554970775,31.533422412542755,34.59060554970775,31.533422412542755,96,101,96,101,-1,4,-1,4,-1,4,-1,4,96,101,96,101
1788229188,36.11,36.12,36.08,36.08,0,0,0,0,0,0,0,0,36.043969941232966,36.18655339923763,35.88,36.12,24.53001388148079,19.973295202479218,24.53001388148079,19.973295202479218,39.331630153718045,35.4325262831304,39.331630153718045,35.4325262831304,96,101,96,101,-1,4,-1,4,-1,4,-1,4,96,101,96,101
1788229236,36.07,36.08,36.04,36.08,0,0,0,0,0,0,0,0,36.04809661858455,36.18536049642598,35.88,36.12,25.6103823480745,20.778593366135684,25.6103823480745,20.778593366135684,42.44298457620274,38.937755429666566,42.44298457620274,38.937755429666566,96,101,96,101,-1,4,-1,4,-1,4,-1,4,96,101,96,101
1788229353,36.1,36.12,36.08,36.08,0,0,0,0,0,0,0,0,36.0563214758116,36.18444480326088,35.88,36.12,26.61358163848294,21.61216311932815,26.61358163848294,21.61216311932815,45.98287566849115,42.46031554907886,45.98287566849115,42.46031554907886,96,101,96,101,-1,4,-1,4,-1,4,-1,4,96,101,96,101
1788229404,36.07,36.09,36.050000000000004,36.050000000000004,0,0,0,0,0,0,0,0,36.05759635899737,36.18323971400787,35.89,36.12,27.175665708640604,22.40694920351564,27.175665708640604,22.40694920351564,47.826591842833544,45.1434536959562,47.826591842833544,45.1434536959562,96,101,96,101,-1,4,-1,4,-1,4,-1,4,96,101,96,101
1788229497,36.04,36.06,36.02,36.02,0,0,0,0,0,0,0,0,36.05318489978573,36.18174810823001,35.89,36.12,27.328142788565316,23.10997685852274,27.328142788565316,23.10997685852274,48.87300945835931,47.00823157715776,48.87300945835931,47.00823157715776,96,101,96,101,-1,4,-1,4,-1,4,-1,4,96,101,96,101
1788229614,36.01,36.02,35.980000000000004,35.980000000000004,0,0,0,0,0,0,0,0,36.04230279679438,36.17987333435044,35.92,36.12,26.97711781105699,23.66242556602763,26.97711781105699,23.66242556602763,49.510198583356,48.25921508025688,49.510198583356,48.25921508025688,96,101,96,101,-1,4,-1,4,-1,4,-1,4,96,101,96,101
1788229737,35.92,35.94,35.9,35.94,0,0,0,0,0,0,0,0,36.02127804586207,36.17735386502025,35.9,36.12,26.15855520878933,24.019015514993587,26.15855520878933,24.019015514993587,46.564297198431966,47.41175613934442,46.564297198431966,47.41175613934442,96,101,96,101,-1,4,-1,4,-1,4,-1,4,96,101,96,101
1788229755,35.95,35.97,35.93,35.93,0,0,0,0,0,0,0,0,36.007106279947756,36.175025302515905,35.9,36.12,25.275308654466922,24.19848596348978,25.275308654466922,24.19848596348978,44.779979609237614,46.09586787429102,44.779979609237614,46.09586787429102,96,101,96,101,-1,4,-1,4,-1,4,-1,4,96,101,96,101
1788229788,35.9,35.92,35.88,35.88,0,0,0,0,0,0,0,0,35.98642028965423,36.17222239734991,35.88,36.12,23.839387592940973,24.147186196268517,23.839387592940973,24.147186196268517,40.60506188728315,43.35046488078709,40.60506188728315,43.35046488078709,96,101,96,101,-1,4,-1,4,-1,4,-1,4,96,101,96,101
1788229986,35.87,35.9,35.86,35.86,0,0,0,0,0,0,0,0,35.96585902486861,36.16924837681243,35.86,36.12,22.259726902804772,23.877549154345125,22.259726902804772,23.877549154345125,35.86253981872965,39.60650234975837,35.86253981872965,39.60650234975837,96,101,96,101,-1,4,-1,4,-1,4,-1,4,96,101,96,101
1788230313,35.85,35.86,35.82,35.82,0,0,0,0,0,0,0,0,35.94176344458947,36.16590593856886,35.82,36.12,20.66974640974729,23.419291619402575,20.66974640974729,23.419291619402575,31.40598651129189,35.50624443052513,31.40598651129189,35.50624443052513,96,101,96,101,-1,4,-1,4,-1,4,-1,4,96,101,96,101
1788230454,35.81,35.84,35.800000000000004,35.84,0,0,0,0,0,0,0,0,35.92083675769442,36.16253042342556,35.800000000000004,36.12,19.646850691137217,22.88037148679324,19.646850691137217,22.88037148679324,28.080131295393223,31.793187862959176,28.080131295393223,31.793187862959176,96,101,96,101,-1,4,-1,4,-1,4,-1,4,96,101,96,101
1788230655,35.85,35.88,35.84,35.88,0,0,0,0,0,0,0,0,35.91098765023482,36.159586505447855,35.800000000000004,36.12,19.150533691656882,22.347537516059475,19.150533691656882,22.347537516059475,27.015112538908333,29.404150200933756,27.015112538908333,29.404150200933756,96,101,96,101,-1,4,-1,4,-1,4,-1,4,96,101,96,101
1788230691,35.89,35.89,35.85,35.85,0,0,0,0,0,0,0,0,35.90232322898001,36.156638712690494,35.800000000000004,36.12,18.34953185200336,21.776393849765746,18.34953185200336,21.776393849765746,26.102239319064143,27.753194759998948,26.102239319064143,27.753194759998948,96,101,96,101,-1,4,-1,4,-1,4,-1,4,96,101,96,101
1788230769,35.84,35.88,35.84,35.88,0,0,0,0,0,0,0,0,35.89584021765031,36.153753418700205,35.800000000000004,36.12,17.945880483889727,21.2291776546406,17.945880483889727,21.2291776546406,25.230490844912186,26.491842802455565,25.230490844912186,26.491842802455565,96,101,96,101,-1,4,-1,4,-1,4,-1,4,96,101,96,101
1788231084,35.89,35.9,35.86,35.86,0,0,0,0,0,0,0,0,35.8917480568654,36.15096316909457,35.800000000000004,36.12,17.344303986741092,20.674195702083527,17.344303986741092,20.674195702083527,24.929706438496144,25.710774620475853,24.929706438496144,25.710774620475853,96,101,96,101,-1,4,-1,4,-1,4,-1,4,96,101,96,101
1788231321,35.85,35.89,35.85,35.89,0,0,0,0,0,0,0,0,35.88900598592018,36.14823385066245,35.800000000000004,36.12,17.12583329381057,20.16728678661596,17.12583329381057,20.16728678661596,24.67189123299668,25.191332926736266,24.67189123299668,25.191332926736266,96,101,96,101,-1,4,-1,4,-1,4,-1,4,96,101,96,101
1788231498,35.9,35.93,35.89,35.93,0,0,0,0,0,0,0,0,35.89403520060136,36.14592969957791,35.800000000000004,36.12,17.376482389604103,19.768600444185694,17.376482389604103,19.768600444185694,26.325906771140104,25.758619848938185,26.325906771140104,25.758619848938185,96,101,96,101,-1,4,-1,4,-1,4,-1,4,96,101,96,101
1788231534,35.94,35.94,35.9,35.94,0,0,0,0,0,0,0,0,35.899968194431416,36.1437479778574,35.800000000000004,36.12,17.722606663362477,19.476315618353805,17.722606663362477,19.476315618353805,28.457920089548693,27.108269969243437,28.457920089548693,27.108269969243437,96,101,96,101,-1,4,-1,4,-1,4,-1,4,96,101,96,101
1788231672,35.95,35.96,35.92,35.92,0,0,0,0,0,0,0,0,35.90603458332267,36.14165429980243,35.800000000000004,36.12,17.81725040509507,19.239306302173986,17.81725040509507,19.239306302173986,30.374645791041882,28.74145788014266,30.374645791041882,28.74145788014266,96,101,96,101,-1,4,-1,4,-1,4,-1,4,96,101,96,101
1788231843,35.910000000000004,35.92,35.88,35.88,0,0,0,0,0,0,0,0,35.903725265142796,36.139183444414684,35.800000000000004,36.12,17.45161914033203,18.98392242191085,17.45161914033203,18.98392242191085,30.231839249464297,29.48664856480348,30.231839249464297,29.48664856480348,96,101,96,101,-1,4,-1,4,-1,4,-1,4,96,101,96,101
1788231942,35.87,35.89,35.85,35.85,0,0,0,0,0,0,0,0,35.896381277541074,36.13643866718999,35.800000000000004,36.12,16.820838462820596,18.6749104277551,16.820838462820596,18.6749104277551,28.680862213826494,29.083755389314987,28.680862213826494,29.083755389314987,96,101,96,101,-1,4,-1,4,-1,4,-1,4,96,101,96,101
1788232098,35.84,35.84,35.800000000000004,35.800000000000004,0,0,0,0,0,0,0,0,35.88128165132149,36.133223688743655,35.800000000000004,36.09,15.619350001190554,18.238401795388736,15.619350001190554,18.238401795388736,25.297881897565503,27.190818643440245,25.297881897565503,27.190818643440245,96,101,96,101,-1,4,-1,4,-1,4,-1,4,96,101,96,101
1788232239,35.79,35.82,35.78,35.82,0,0,0,0,0,0,1,0,35.867715290475154,36.129974365140896,35.78,36.06,15.013886225595298,17.77775671398967,15.013886225595298,17.77775671398967,22.77633574413163,24.983577193785937,22.77633574413163,24.983577193785937,96,101,96,101,-1,4,-1,4,-1,4,-1,4,96,101,96,101
1788232479,35.83,35.86,35.82,35.86,0,0,0,0,0,0,0,0,35.86388826796452,36.12715538306652,35.78,36.02,15.06191396018161,17.389779177731377,15.06191396018161,17.389779177731377,22.295682738667583,23.63962996622676,22.295682738667583,23.63962996622676,96,101,96,101,-1,4,-1,4,-1,4,-1,4,96,101,96,101
1788232575,35.9,35.9,35.86,35.86,0,0,0,0,0,0,0,0,35.86560555257703,36.12462979053186,35.78,35.97,15.255904232867014,17.08493989989361,15.255904232867014,17.08493989989361,23.144198649950564,23.391914308088662,23.144198649950564,23.391914308088662,96,101,96,101,-1,4,-1,4,-1,4,-1,4,96,101,96,101
1788232656,35.84,35.85,35.81,35.81,0,0,0,0,0,0,0,0,35.85791969453272,36.12163181583337,35.78,35.97,14.66453565809414,16.739167865350826,14.66453565809414,16.739167865350826,21.686624052898694,22.539269180493676,21.686624052898694,22.539269180493676,96,101,96,101,-1,4,-1,4,-1,4,-1,4,96,101,96,101
1788232728,35.800000000000004,35.84,35.800000000000004,35.84,0,0,0,0,0,0,0,0,35.852237325829805,36.11869683922475,35.78,35.96,14.613746566236957,16.435536251191703,14.613746566236957,16.435536251191703,20.437274398283105,21.488271789388392,20.437274398283105,21.488271789388392,96,101,96,101,-1,4,-1,4,-1,4,-1,4,96,101,96,101
1788232971,35.85,35.88,35.84,35.88,0,0,0,0,0,0,0,0,35.854860842345595,36.116189076313724,35.78,35.96,15.231037093897797,16.26346494300686,15.231037093897797,16.26346494300686,21.131109148108184,21.309690468748286,21.131109148108184,21.309690468748286,96,101,96,101,-1,4,-1,4,-1,4,-1,4,96,101,96,101
1788233031,35.89,35.91,35.87,35.91,0,0,0,0,0,0,0,0,35.86246190131306,36.11400477373017,35.78,35.96,16.302574311443227,16.269051995640627,16.302574311443227,16.269051995640627,23.070362463084468,22.190026465916375,23.070362463084468,22.190026465916375,96,101,96,101,-1,4,-1,4,-1,4,-1,4,96,101,96,101
1788233073,35.92,35.93,35.89,35.93,0,0,0,0,0,0,0,0,35.87231731319554,36.11204121047581,35.78,35.96,17.81667614634012,16.49014116002627,17.81667614634012,16.49014116002627,25.656949338106102,23.92348790201124,25.656949338106102,23.92348790201124,96,101,96,101,-1,4,-1,4,-1,4,-1,4,96,101,96,101
1788233142,35.95,35.96,35.92,35.96,0,0,0,0,0,0,0,0,35.88583537746302,36.11039569262696,35.78,35.96,20.325569026643592,17.038059426685887,20.325569026643592,17.038059426685887,29.134528004091095,26.529007953051167,29.134528004091095,26.529007953051167,96,101,96,101,-1,4,-1,4,-1,4,-1,4,96,101,96,101
1788233163,35.97,35.99,35.95,35.99,0,0,0,0,0,0,0,0,35.902350157318224,36.109065055552726,35.78,35.99,23.28550737348004,17.930551990513624,23.28550737348004,17.930551990513624,33.29178030602777,29.91039412953947,33.29178030602777,29.91039412953947,96,101,96,101,-1,4,-1,4,-1,4,-1,4,96,101,96,101
1788233298,36,36.02,35.980000000000004,35.980000000000004,0,0,0,0,0,0,0,0,35.91889255295734,36.10791349612766,35.78,36.02,25.823937519071908,19.05817849459338,25.823937519071908,19.05817849459338,37.44337471609126,33.67688442281536,37.44337471609126,33.67688442281536,96,101,96,101,-1,4,-1,4,-1,4,-1,4,96,101,96,101
1788233316,35.97,35.97,35.93,35.93,0,0,0,0,0,0,0,0,35.92333633120752,36.106275882567516,35.78,36.02,27.1306310576256,20.211386003597987,27.1306310576256,20.211386003597987,39.06911110118741,36.37299776200139,39.06911110118741,36.37299776200139,96,101,96,101,-1,4,-1,4,-1,4,-1,4,96,101,96,101
1788233331,35.92,35.95,35.910000000000004,35.95,0,0,0,0,0,0,0,0,35.92576002856373,36.104588228677954,35.78,36.02,28.764157410652416,21.43321049032005,28.764157410652416,21.43321049032005,40.04243136404301,38.2077145630222,40.04243136404301,38.2077145630222,96,101,96,101,-1,4,-1,4,-1,4,-1,4,96,101,96,101
1788233355,35.96,35.97,35.93,35.93,0,0,0,0,0,0,0,0,35.92895517488547,36.10298370235612,35.78,36.02,29.860835242664642,22.637156883512137,29.860835242664642,22.637156883512137,41.879687712958535,40.04370113799037,41.879687712958535,40.04370113799037,96,101,96,101,-1,4,-1,4,-1,4,-1,4,96,101,96,101
1788233376,35.92,35.96,35.92,35.92,0,0,0,0,0,0,0,0,35.929751203694174,36.10129563898276,35.78,36.02,30.669094910205448,23.78457660161118,30.669094910205448,23.78457660161118,43.44789559069965,41.745798364345006,43.44789559069965,41.745798364345006,96,101,96,101,-1,4,-1,4,-1,4,-1,4,96,101,96,101
1788238818,35.910000000000004,35.910000000000004,35.870000000000005,35.870000000000005,0,0,0,0,0,0,0,0,35.9213115909013,36.09912685982207,35.78,36.02,30.369201576283302,24.72523731227863,30.369201576283302,24.72523731227863,43.5505771729807,42.64818776866285,43.5505771729807,42.64818776866285,96,101,96,101,-1,4,-1,4,-1,4,-1,4,96,101,96,101
1788238836,35.86,35.89,35.85,35.89,0,0,0,0,0,0,0,0,35.91319433194955,36.09691332556182,35.78,36.02,30.51089726201098,25.55176016224039,30.51089726201098,25.55176016224039,43.04335186255464,42.84576981560875,43.04335186255464,42.84576981560875,96,101,96,101,-1,4,-1,4,-1,4,-1,4,96,101,96,101
1788238878,35.92,35.96,35.92,35.96,0,0,0,0,0,0,0,0,35.91928021098902,36.09541833393102,35.78,36.02,32.11306006262368,26.489088719438005,32.11306006262368,26.489088719438005,46.656206358380174,44.75098808699446,46.656206358380174,44.75098808699446,96,101,96,101,-1,4,-1,4,-1,4,-1,4,96,101,96,101
1788239112,35.97,36,35.96,36,0,0,0,0,0,0,0,0,35.9315322938395,36.094336227789086,35.78,36.02,34.44111879764639,27.625093016324918,34.44111879764639,27.625093016324918,52.252938783373565,48.50196343518401,52.252938783373565,48.50196343518401,96,101,96,101,-1,4,-1,4,-1,4,-1,4,96,101,96,101
1788239352,36.03,36.06,36.02,36.02,0,0,0,0,0,0,0,0,35.95004157374747,36.0937292338144,35.78,36.06,37.023055690251574,28.967659112600156,37.023055690251574,28.967659112600156,57.543335283707904,53.02264935944596,57.543335283707904,53.02264935944596,96,101,96,101,-1,4,-1,4,-1,4,-1,4,96,101,96,101
1788239466,36,36.02,35.980000000000004,36.02,0,0,0,0,0,0,0,0,35.96033704518732,36.09286293961392,35.800000000000004,36.06,39.420568519099255,30.46093188495717,39.420568519099255,30.46093188495717,60.9555118758313,56.98908061763863,60.9555118758313,56.98908061763863,96,101,96,101,-1,4,-1,4,-1,4,-1,4,96,101,96,101
1788239562,36.03,36.04,36,36,0,0,0,0,0,0,0,0,35.96997273394114,36.09207160024795,35.800000000000004,36.06,41.2266623643737,31.99889338201667,41.2266623643737,31.99889338201667,64.18635711805916,60.58771886784889,64.18635711805916,60.58771886784889,96,101,96,101,-1,4,-1,4,-1,4,-1,4,96,101,96,101
1788239601,35.99,36.01,35.97,36.01,0,0,0,0,0,0,0,0,35.97482617625487,36.091122297426246,35.800000000000004,36.06,43.11383354002766,33.58674197601824,43.11383354002766,33.58674197601824,66.13932650935696,63.36352268860293,66.13932650935696,63.36352268860293,96,101,96,101,-1,4,-1,4,-1,4,-1,4,96,101,96,101
1788239715,36.02,36.02,35.980000000000004,35.980000000000004,0,0,0,0,0,0,0,0,35.9781911139055,36.09014927290791,35.800000000000004,36.06,44.23595467372327,35.10805807569039,44.23595467372327,35.10805807569039,67.71125945700022,65.53739107280157,67.71125945700022,65.53739107280157,96,101,96,101,-1,4,-1,4,-1,4,-1,4,96,101,96,101
1788239931,35.97,35.97,35.93,35.93,0,0,0,0,0,0,0,0,35.971853335619656,36.088688417787765,35.84,36.06,44.22750412980186,36.41083608342059,44.22750412980186,36.41083608342059,66.50761014681632,66.02250060980894,66.50761014681632,66.02250060980894,96,101,96,101,-1,4,-1,4,-1,4,-1,4,96,101,96,101
1788240063,35.92,35.93,35.89,35.89,0,0,0,0,0,0,0,0,35.95939515338578,36.08684408858921,35.85,36.06,43.379321061706776,37.40633393746147,43.379321061706776,37.40633393746147,63.33305359523077,64.67777710251985,63.33305359523077,64.67777710251985,96,101,96,101,-1,4,-1,4,-1,4,-1,4,96,101,96,101
1788240273,35.88,35.89,35.85,35.85,0,0,0,0,0,0,0,0,35.941929367921695,36.084620100974725,35.85,36.06,41.75138636402186,38.02705571268438,41.75138636402186,38.02705571268438,58.57118879591187,61.62448294921586,58.57118879591187,61.62448294921586,96,101,96,101,-1,4,-1,4,-1,4,-1,4,96,101,96,101
1788240480,35.82,35.85,35.81,35.85,0,0,0,0,0,0,1,0,35.92279069496624,36.0821529026234,35.81,36.06,40.23973271617158,38.34315242746827,40.23973271617158,38.34315242746827,53.06101896792432,57.34275095857009,53.06101896792432,57.34275095857009,96,101,96,101,-1,4,-1,4,-1,4,-1,4,96,101,96,101
1788240720,35.86,35.87,35.83,35.87,0,0,0,0,0,0,0,0,35.910768144366315,36.07990925848453,35.81,36.06,39.25622239610885,38.47359099441693,39.25622239610885,38.47359099441693,49.56250605413911,53.4526285063546,49.56250605413911,53.4526285063546,96,101,96,101,-1,4,-1,4,-1,4,-1,4,96,101,96,101
1788240855,35.88,35.89,35.85,35.85,0,0,0,0,0,0,0,0,35.90214363326941,36.077754274154664,35.81,36.06,37.92279474596665,38.394905816066895,37.92279474596665,38.394905816066895,46.767862332119016,50.110245419236804,46.767862332119016,50.110245419236804,96,101,96,101,-1,4,-1,4,-1,4,-1,4,96,101,96,101
1788241257,35.84,35.86,35.82,35.86,0,0,0,0,0,0,0,0,35.89205691206891,36.07545489497568,35.81,36.06,36.89469596159086,38.18059012257032,36.89469596159086,38.18059012257032,43.556126896918215,46.83318615807751,43.556126896918215,46.83318615807751,96,101,96,101,-1,4,-1,4,-1,4,-1,4,96,101,96,101
1788241524,35.88,35.88,35.84,35.84,0,0,0,0,0,0,0,0,35.885016261389715,36.07324473018322,35.81,36.06,35.51986473744368,37.80048649612366,35.51986473744368,37.80048649612366,41.2113740749095,44.022280116493505,41.2113740749095,44.022280116493505,96,101,96,101,-1,4,-1,4,-1,4,-1,4,96,101,96,101
1788241707,35.83,35.85,35.81,35.81,0,0,0,0,0,0,0,0,35.873801183561284,36.07075804961755,35.81,36.06,33.61298364275236,37.2022718027849,33.61298364275236,37.2022718027849,37.46689206420822,40.744586090350865,37.46689206420822,40.744586090350865,96,101,96,101,-1,4,-1,4,-1,4,-1,4,96,101,96,101
1788241899,35.800000000000004,35.82,35.78,35.82,0,0,0,0,0,0,1,0,35.86159490776226,36.06813027466282,35.78,36.06,32.0523923741524,36.46657474155168,32.0523923741524,36.46657474155168,33.54305034075019,37.143818215550525,33.54305034075019,37.143818215550525,96,101,96,101,-1,4,-1,4,-1,4,-1,4,96,101,96,101
1788242334,35.83,35.84,35.800000000000004,35.800000000000004,0,0,0,0,0,0,0,0,35.85282007604791,36.06559498171427,35.78,36.06,30.183103843225613,35.56893604179081,30.183103843225613,35.56893604179081,30.485879883908265,33.814849049729396,30.485879883908265,33.814849049729396,96,101,96,101,-1,4,-1,4,-1,4,-1,4,96,101,96,101
1788242430,35.79,35.800000000000004,35.760000000000005,35.760000000000005,0,0,0,0,0,0,0,0,35.8383679410089,36.062686905610974,35.760000000000005,36.06,28.027167854423784,34.49154058645267,28.027167854423784,34.49154058645267,26.797420852873895,30.306134951301644,26.797420852873895,30.306134951301644,96,101,96,101,-1,4,-1,4,-1,4,-1,4,96,101,96,101
1788242976,35.75,35.76,35.72,35.72,0,0,0,0,0,0,0,0,35.81927073961334,36.059409755638065,35.72,36.06,26.025227293393517,33.28206725887279,26.025227293393517,33.28206725887279,23.557453168009374,26.93179405965551,23.557453168009374,26.93179405965551,96,101,96,101,-1,4,-1,4,-1,4,-1,4,96,101,96,101
1788243015,35.71,35.71,35.67,35.67,0,0,0,0,0,0,0,0,35.794554847562424,36.05566770168478,35.67,36.06,24.166282486722555,31.979812291422764,24.166282486722555,31.979812291422764,20.778183301517387,23.854988680586448,20.778183301517387,23.854988680586448,96,101,96,101,-1,4,-1,4,-1,4,-1,4,96,101,96,101
1788243159,35.660000000000004,35.7,35.660000000000004,35.660000000000004,0,0,0,0,0,0,0,0,35.77251457224804,36.05186337961163,35.660000000000004,36.06,22.440119451956658,30.616999028641892,22.440119451956658,30.616999028641892,18.095585687014747,20.975287183800596,18.095585687014747,20.975287183800596,96,101,96,101,-1,4,-1,4,-1,4,-1,4,96,101,96,101
1788243369,35.65,35.69,35.65,35.65,0,0,0,0,0,0,0,0,35.75266343789991,36.047997409001894,35.65,36.04,20.837253776816897,29.219892564095467,20.837253776816897,29.219892564095467,15.789247662040605,18.3822674229206,15.789247662040605,18.3822674229206,96,101,96,101,-1,4,-1,4,-1,4,-1,4,96,101,96,101
1788243849,35.64,35.65,35.61,35.61,0,0,0,0,0,0,0,0,35.72914887343326,36.04377189581116,35.61,36.04,19.348878507044265,27.809747698802443,19.348878507044265,27.809747698802443,13.978085297622195,16.180176360271396,13.978085297622195,16.180176360271396,96,101,96,101,-1,4,-1,4,-1,4,-1,4,96,101,96,101
1788244053,35.6,35.64,35.6,35.64,0,0,0,0,0,0,0,0,35.71051574493024,36.039621595023654,35.6,36.02,18.58793376896345,26.492345708825443,18.58793376896345,26.492345708825443,12.726557584297312,14.453366972284353,12.726557584297312,14.453366972284353,96,101,96,101,-1,4,-1,4,-1,4,-1,4,96,101,96,101
1788244131,35.65,35.65,35.61,35.61,0,0,0,0,0,0,0,0,35.69466439736716,36.03547942326554,35.6,36.02,17.415503717143046,25.19565399572796,17.415503717143046,25.19565399572796,11.715931345546867,13.08464915891561,11.715931345546867,13.08464915891561,96,101,96,101,-1,4,-1,4,-1,4,-1,4,96,101,96,101
1788244305,35.6,35.64,35.6,35.64,0,0,0,0,0,0,1,0,35.682301173603435,36.031411634642666,35.6,35.97,16.79265717834089,23.995225878958383,16.79265717834089,23.995225878958383,10.78756848251846,11.936108820717035,10.78756848251846,11.936108820717035,96,101,96,101,-1,4,-1,4,-1,4,-1,4,96,101,96,101
1788244758,35.65,35.67,35.63,35.67,0,0,0,0,0,0,0,0,35.67764035416039,36.02768282899116,35.6,35.93,16.680138187341388,22.950213351584527,16.680138187341388,22.950213351584527,11.047729506754944,11.49191916373599,11.047729506754944,11.49191916373599,96,101,96,101,-1,4,-1,4,-1,4,-1,4,96,101,96,101
1788245094,35.68,35.69,35.65,35.65,0,0,0,0,0,0,0,0,35.67503907764638,36.02405746087516,35.6,35.89,16.26509726091634,21.99519676720336,16.26509726091634,21.99519676720336,11.457060074112931,11.47448961892446,11.457060074112931,11.47448961892446,96,101,96,101,-1,4,-1,4,-1,4,-1,4,96,101,96,101
1788245202,35.64,35.65,35.61,35.61,0,0,0,0,0,0,0,0,35.665638033225825,36.0200701561235,35.6,35.89,15.258584102527873,21.032823529392573,15.258584102527873,21.032823529392573,10.56567882128937,11.020084220106916,10.56567882128937,11.020084220106916,96,101,96,101,-1,4,-1,4,-1,4,-1,4,96,101,96,101
1788245400,35.6,35.61,35.57,35.57,0,0,0,0,0,0,0,0,35.65067354233628,36.01572451609574,35.57,35.89,14.168685238061597,20.052232344916717,14.168685238061597,20.052232344916717,9.464459397839745,10.242271808973332,9.464459397839745,10.242271808973332,96,101,96,101,-1,4,-1,4,-1,4,-1,4,96,101,96,101
1788245526,35.56,35.56,35.52,35.52,0,0,0,0,0,0,0,0,35.6293389588812,36.010924603829444,35.52,35.89,13.15663629248577,19.067147194569436,13.15663629248577,19.067147194569436,8.535674192857302,9.388973000915318,8.535674192857302,9.388973000915318,96,101,96,101,-1,4,-1,4,-1,4,-1,4,96,101,96,101
1788245595,35.51,35.53,35.49,35.49,0,0,0,0,0,0,0,0,35.606428845145224,36.00587394442152,35.49,35.88,12.216876557308215,18.08853710353212,12.216876557308215,18.08853710353212,7.61704404500534,8.503008522960329,7.61704404500534,8.503008522960329,96,101,96,101,-1,4,-1,4,-1,4,-1,4,96,101,96,101
1788312600,35.1,35.1,35.06,35.06,0,0,0,0,0,0,0,0,35.509502388452155,35.99659493336592,35.06,35.88,11.344242517500486,17.125066448384743,11.344242517500486,17.125066448384743,6.757466324290267,7.630237423625298,6.757466324290267,7.630237423625298,96,101,96,101,-1,4,-1,4,-1,4,-1,4,96,101,96,101
1788312609,35.050000000000004,35.050000000000004,35.010000000000005,35.010000000000005,0,0,0,0,0,0,0,0,35.421108014794186,35.98691073834072,35.010000000000005,35.85,10.533939480536166,16.183476881549232,10.533939480536166,16.183476881549232,6.009801067078805,6.820019245352052,6.009801067078805,6.820019245352052,96,101,96,101,-1,4,-1,4,-1,4,-1,4,96,101,96,101
1788312615,34.99,35.01,34.97,35.01,0,0,0,0,0,0,0,0,35.34393686058918,35.97705756349819,34.97,35.84,10.043638429829448,15.30635710273212,10.043638429829448,15.30635710273212,5.518230534560414,6.169124889956233,5.518230534560414,6.169124889956233,96,101,96,101,-1,4,-1,4,-1,4,-1,4,96,101,96,101
1788312642,35.050000000000004,35.09,35.050000000000004,35.09,0,0,0,0,0,0,0,0,35.295342279875996,35.96809845009688,34.97,35.84,10.112605278550701,14.564392556420488,10.112605278550701,14.564392556420488,6.118429910798195,6.143777400377214,6.118429910798195,6.143777400377214,96,101,96,101,-1,4,-1,4,-1,4,-1,4,96,101,96,101
1788312645,35.1,35.1,35.06,35.06,0,0,0,0,0,0,0,0,35.25497701686824,35.959195314606696,34.97,35.800000000000004,9.980053525364598,13.90948698055536,9.980053525364598,13.90948698055536,6.65958878869487,6.4016830945360415,6.65958878869487,6.4016830945360415,96,101,96,101,-1,4,-1,4,-1,4,-1,4,96,101,96,101
1788312648,34.980000000000004,35.02,34.980000000000004,35.02,0,0,0,0,0,0,0,0,35.209829680467955,35.94971741761227,34.97,35.76,9.594846556645921,13.293109777139728,9.594846556645921,13.293109777139728,6.170803995752145,6.286243545144093,6.170803995752145,6.286243545144093,96,101,96,101,-1,4,-1,4,-1,4,-1,4,96,101,96,101
1788312651,35.050000000000004,35.09,35.050000000000004,35.09,0,0,0,0,0,0,0,0,35.18561822341318,35.94103034546356,34.97,35.71,9.695869967737426,12.779218375796543,9.695869967737426,12.779218375796543,6.704226554182191,6.495235049663142,6.704226554182191,6.495235049663142,96,101,96,101,-1,4,-1,4,-1,4,-1,4,96,101,96,101
1788312654,35.1,35.1,35.06,35.06,0,0,0,0,0,0,0,0,35.16520278885321,35.93239654434784,34.97,35.7,9.593085022466555,12.324056468177972,9.593085022466555,12.324056468177972,7.260765617870473,6.878000333766808,7.260765617870473,6.878000333766808,96,101,96,101,-1,4,-1,4,-1,4,-1,4,96,101,96,101
1788312666,35.01,35.04,35,35,0,0,0,0,0,0,0,0,35.13759016057686,35.923251636775554,34.97,35.69,9.104457062146212,11.86411369588772,9.104457062146212,11.86411369588772,6.818751481984202,6.848375907875505,6.818751481984202,6.848375907875505,96,101,96,101,-1,4,-1,4,-1,4,-1,4,96,101,96,101
1788312681,34.99,35.01,34.97,34.97,0,0,0,0,0,0,0,0,35.1095434647144,35.91389921584578,34.97,35.69,8.45413870056434,11.376974410841523,8.45413870056434,11.376974410841523,6.030979531141745,6.439677719508625,6.030979531141745,6.439677719508625,96,101,96,101,-1,4,-1,4,-1,4,-1,4,96,101,96,101
1788312696,34.95,34.95,34.910000000000004,34.910000000000004,0,0,0,0,0,0,0,0,35.07568707719057,35.90404283890536,34.910000000000004,35.69,7.8502716505240295,10.873159730796166,7.8502716505240295,10.873159730796166,5.402647178296398,5.921162448902511,5.402647178296398,5.921162448902511,96,101,96,101,-1,4,-1,4,-1,4,-1,4,96,101,96,101
1788312729,34.9,34.9,34.86,34.86,0,0,0,0,0,0,0,0,35.03889548739835,35.89378702292952,34.86,35.69,7.289537961200884,10.361213763711124,7.289537961200884,10.361213763711124,4.852754446861619,5.386958447882066,4.852754446861619,5.386958447882066,96,101,96,101,-1,4,-1,4,-1,4,-1,4,96,101,96,101
1788312732,34.85,34.89,34.85,34.85,0,0,0,0,0,0,0,0,35.006975095750164,35.88353375238628,34.85,35.69,6.768856678257964,9.848019894360673,6.768856678257964,9.848019894360673,4.269393921485722,4.828176184683894,4.269393921485722,4.828176184683894,96,101,96,101,-1,4,-1,4,-1,4,-1,4,96,101,96,101
1788312768,34.83,34.84,34.800000000000004,34.800000000000004,0,0,0,0,0,0,0,0,34.97176750258347,35.872884991997694,34.800000000000004,35.69,6.285366915525252,9.339069468812754,6.285366915525252,9.339069468812754,3.844665689315749,4.336420936999821,3.844665689315749,4.336420936999821,96,101,96,101,-1,4,-1,4,-1,4,-1,4,96,101,96,101
1788312813,34.78,34.81,34.77,34.77,0,0,0,0,0,0,0,0,34.93750674453799,35.86204368196123,34.77,35.69,5.836412135844877,8.838689849817344,5.836412135844877,8.838689849817344,3.4241278623993168,3.880274399699569,3.4241278623993168,3.880274399699569,96,101,96,101,-1,4,-1,4,-1,4,-1,4,96,101,96,101
1788312846,34.75,34.79,34.75,34.79,0,0,0,0,0,0,0,0,34.90826309401593,35.85124391066477,34.75,35.65,5.637628062891939,8.381395308828,5.637628062891939,8.381395308828,3.2466550508877376,3.5634647252936533,3.2466550508877376,3.5634647252936533,96,101,96,101,-1,4,-1,4,-1,4,-1,4,96,101,96,101
1788312891,34.800000000000004,34.82,34.78,34.82,0,0,0,0,0,0,0,0,34.88979101631606,35.840850107241906,34.75,35.61,5.616619733426922,7.98642736948499,5.616619733426922,7.98642736948499,3.543004460394034,3.5532345928438436,3.543004460394034,3.5532345928438436,96,101,96,101,-1,4,-1,4,-1,4,-1,4,96,101,96,101
1788312921,34.83,34.84,34.800000000000004,34.800000000000004,0,0,0,0,0,0,0,0,34.87588961941011,35.830626059740325,34.75,35.56,5.488060744834292,7.629517851677748,5.488060744834292,7.629517851677748,3.875655199341673,3.7144448960927585,3.875655199341673,3.7144448960927585,96,101,96,101,-1,4,-1,4,-1,4,-1,4,96,101,96,101
1788312936,34.78,34.78,34.74,34.74,0,0,0,0,0,0,0,0,34.85360665830524,35.81990672912931,34.74,35.53,5.096056405917557,7.267594787997721,5.096056405917557,7.267594787997721,3.53762359404486,3.6260342450688094,3.53762359404486,3.6260342450688094,96,101,96,101,-1,4,-1,4,-1,4,-1,4,96,101,96,101
1788312951,34.730000000000004,34.75,34.71,34.75,0,0,0,0,0,0,0,0,34.83234484164368,35.8091282210451,34.71,35.1,4.9436925885636525,6.935608759507139,4.9436925885636525,6.935608759507139,3.4132011758479583,3.519617710458384,3.4132011758479583,3.519617710458384,96,101,96,101,-1,4,-1,4,-1,4,-1,4,96,101,96,101
1788312966,34.76,34.78,34.74,34.78,0,0,0,0,0,0,0,0,34.82040335528423,35.79875546926024,34.71,35.1,4.960942059750906,6.65351351668482,4.960942059750906,6.65351351668482,3.7541724364411047,3.636895073449744,3.7541724364411047,3.636895073449744,96,101,96,101,-1,4,-1,4,-1,4,-1,4,96,101,96,101
1788312975,34.79,34.79,34.75,34.79,0,0,0,0,0,0,0,0,34.81245123008103,35.78858543142349,34.71,35.1,5.0298694787633975,6.421564368410331,5.0298694787633975,6.421564368410331,4.2568231273390635,3.946859100394404,4.2568231273390635,3.946859100394404,96,101,96,101,-1,4,-1,4,-1,4,-1,4,96,101,96,101
1788313050,34.800000000000004,34.800000000000004,34.760000000000005,34.760000000000005,0,0,0,0,0,0,0,0,34.805338885217814,35.778483420497224,34.71,35.1,4.9351433519734424,6.2092185089193475,4.9351433519734424,6.2092185089193475,4.610804663083772,4.278831881739087,4.610804663083772,4.278831881739087,96,101,96,101,-1,4,-1,4,-1,4,-1,4,96,101,96,101
1788313056,34.75,34.78,34.74,34.78,0,0,0,0,0,0,0,0,34.79830757275397,35.7684155921009,34.71,35.1,4.95300348291714,6.02975921949046,4.95300348291714,6.02975921949046,4.768444813255546,4.523638347497316,4.768444813255546,4.523638347497316,96,101,96,101,-1,4,-1,4,-1,4,-1,4,96,101,96,101
1788313092,34.82,34.86,34.82,34.86,0,0,0,0,0,0,0,0,34.807100135283555,35.759243961002056,34.71,35.1,5.392868313502414,5.93877480434931,5.392868313502414,5.93877480434931,6.040591181041208,5.282114764269262,6.040591181041208,5.282114764269262,96,101,96,101,-1,4,-1,4,-1,4,-1,4,96,101,96,101
1788313149,34.9,34.94,34.9,34.94,0,0,0,0,0,0,0,0,34.82883950462594,35.750959609814636,34.71,35.1,6.224594650897727,5.979606210999084,6.224594650897727,5.979606210999084,8.29718311144639,6.789648937857827,8.29718311144639,6.789648937857827,96,101,96,101,-1,4,-1,4,-1,4,-1,4,96,101,96,101
1788313161,34.95,34.95,34.910000000000004,34.910000000000004,0,0,0,0,0,0,0,0,34.84602020075456,35.74272452248646,34.71,35.1,6.838181805463246,6.1022598673511075,6.838181805463246,6.1022598673511075,10.260559285029876,8.525104111443852,10.260559285029876,8.525104111443852,96,101,96,101,-1,4,-1,4,-1,4,-1,4,96,101,96,101
1788313170,34.9,34.910000000000004,34.870000000000005,34.870000000000005,0,0,0,0,0,0,0,0,34.852804406677976,35.73417336637549,34.71,35.04,7.196301094491022,6.2585514712282375,7.196301094491022,6.2585514712282375,11.331208250142227,9.928156180793039,11.331208250142227,9.928156180793039,96,101,96,101,-1,4,-1,4,-1,4,-1,4,96,101,96,101
1788313185,34.86,34.9,34.86,34.9,0,0,0,0,0,0,0,0,34.858961181221375,35.72574046389082,34.71,35.01,7.687570593032655,6.462697060057439,7.687570593032655,6.462697060057439,12.24890736309567,11.088531771944353,12.24890736309567,11.088531771944353,96,101,96,101,-1,4,-1,4,-1,4,-1,4,96,101,96,101
1788313221,34.92,34.94,34.9,34.9,0,0,0,0,0,0,0,0,34.868847027059914,35.71765681085045,34.71,34.95,8.158866571081331,6.705006990203709,8.158866571081331,6.705006990203709,13.568972268671647,12.328752020308,13.568972268671647,12.328752020308,96,101,96,101,-1,4,-1,4,-1,4,-1,4,96,101,96,101
1788313266,34.89,34.9,34.86,34.86,0,0,0,0,0,0,0,0,34.86966271910963,35.70925558221844,34.71,34.95,8.381675779484215,6.9445311029580665,8.381675779484215,6.9445311029580665,14.233722262036043,13.28123714117202,14.233722262036043,13.28123714117202,96,101,96,101,-1,4,-1,4,-1,4,-1,4,96,101,96,101
1788313281,34.85,34.88,34.84,34.88,0,0,0,0,0,0,0,0,34.869117982301816,35.70087161290947,34.71,34.95,8.709920312138294,7.1967295614123845,8.709920312138294,7.1967295614123845,14.822182106955239,14.05170962406363,14.822182106955239,14.05170962406363,96,101,96,101,-1,4,-1,4,-1,4,-1,4,96,101,96,101
1788313305,34.89,34.89,34.85,34.89,0,0,0,0,0,0,0,0,34.87049047036815,35.69267056866825,34.71,34.95,9.069244433790354,7.464231686037809,9.069244433790354,7.464231686037809,15.701243199689928,14.87647641187678,15.701243199689928,14.87647641187678,96,101,96,101,-1,4,-1,4,-1,4,-1,4,96,101,96,101
1788313311,34.9,34.94,34.9,34.9,0,0,0,0,0,0,0,0,34.87828008181637,35.68491596931168,34.71,34.95,9.49853876561711,7.754846983120566,9.49853876561711,7.754846983120566,20.71095570962434,17.793716060750562,20.71095570962434,17.793716060750562,96,101,96,101,-1,4,-1,4,-1,4,-1,4,96,101,96,101
1788313452,34.88,34.88,34.84,34.84,0,0,0,0,0,0,0,0,34.87374430936491,35.67664151522234,34.71,34.95,9.581195832710048,8.015753961633349,9.581195832710048,8.015753961633349,23.100233099091945,20.446974579921253,23.100233099091945,20.446974579921253,96,101,96,101,-1,4,-1,4,-1,4,-1,4,96,101,96,101
1788313467,34.83,34.83,34.79,34.79,0,0,0,0,0,0,0,0,34.8609423137228,35.6679518815717,34.71,34.95,9.381086203012831,8.21080142468756,9.381086203012831,8.21080142468756,23.316683315705053,21.881828947813155,23.316683315705053,21.881828947813155,96,101,96,101,-1,4,-1,4,-1,4,-1,4,96,101,96,101
1788313485,34.78,34.79,34.75,34.75,0,0,0,0,0,0,0,0,34.84319522637926,35.658950701987244,34.71,34.95,8.953139367688665,8.316849702259146,8.953139367688665,8.316849702259146,21.963750534340406,21.92278974107678,21.963750534340406,21.92278974107678,96,101,96,101,-1,4,-1,4,-1,4,-1,4,96,101,96,101
1788313578,34.730000000000004,34.76,34.72,34.76,0,0,0,0,0,0,1,0,34.825644579158784,35.649873248899475,34.71,34.95,8.616292851110403,8.359627294952181,8.616292851110403,8.359627294952181,20.14475320525886,21.033771473167818,20.14475320525886,21.033771473167818,96,101,96,101,-1,4,-1,4,-1,4,-1,4,96,101,96,101
1788313671,34.78,34.79,34.75,34.75,0,0,0,0,0,0,0,0,34.81431526173597,35.64105195620727,34.71,34.95,8.242974112350696,8.34296255458054,8.242974112350696,8.34296255458054,19.244953296815098,20.139362384991458,19.244953296815098,20.139362384991458,96,101,96,101,-1,4,-1,4,-1,4,-1,4,96,101,96,101
1788313719,34.74,34.76,34.72,34.76,0,0,0,0,0,0,0,0,34.802015517177914,35.63215260009244,34.72,34.95,7.959440552433078,8.288173697130903,7.959440552433078,8.288173697130903,17.88761564635447,19.013489015672963,17.88761564635447,19.013489015672963,96,101,96,101,-1,4,-1,4,-1,4,-1,4,96,101,96,101
1788313773,34.77,34.78,34.74,34.74,0,0,0,0,0,0,0,0,34.793164211024354,35.62340812977643,34.72,34.95,7.574059267552333,8.186157350048251,7.574059267552333,8.186157350048251,16.943963594311303,17.978726304992133,16.943963594311303,17.978726304992133,96,101,96,101,-1,4,-1,4,-1,4,-1,4,96,101,96,101
1788313806,34.72,34.76,34.72,34.76,0,0,0,0,0,0,0,0,34.78471011205023,35.614684334123595,34.72,34.95,7.34633824217577,8.066183191780754,7.34633824217577,8.066183191780754,15.995258838413978,16.986992571703055,15.995258838413978,16.986992571703055,96,101,96,101,-1,4,-1,4,-1,4,-1,4,96,101,96,101
1788313860,34.77,34.77,34.730000000000004,34.730000000000004,0,0,0,0,0,0,0,0,34.77718706137443,35.60601417491175,34.72,34.95,6.948022046622148,7.906445885329525,6.948022046622148,7.906445885329525,15.42450757578383,16.20575007374344,15.42450757578383,16.20575007374344,96,101,96,101,-1,4,-1,4,-1,4,-1,4,96,101,96,101
1788313989,34.72,34.76,34.72,34.72,0,0,0,0,0,0,0,0,34.769213656276044,35.59733078345326,34.72,34.95,6.514945882735724,7.707660170673267,6.514945882735724,7.707660170673267,14.292435064957177,15.24909256935031,14.292435064957177,15.24909256935031,96,101,96,101,-1,4,-1,4,-1,4,-1,4,96,101,96,101
1788314112,34.71,34.72,34.68,34.72,0,0,0,0,0,0,0,0,34.75784147634707,35.588468453933,34.68,34.95,6.304694646213778,7.507236524321911,6.304694646213778,7.507236524321911,13.837960214407781,14.543526391879045,13.837960214407781,14.543526391879045,96,101,96,101,-1,4,-1,4,-1,4,-1,4,96,101,96,101
1788314169,34.74,34.76,34.72,34.76,0,0,0,0,0,0,0,0,34.755809692768814,35.58009231674627,34.68,34.95,6.383459843441884,7.3466969984819075,6.383459843441884,7.3466969984819075,15.458992353090487,15.001259372484766,15.458992353090487,15.001259372484766,96,101,96,101,-1,4,-1,4,-1,4,-1,4,96,101,96,101
1788314178,34.79,34.81,34.77,34.77,0,0,0,0,0,0,0,0,34.760813991053276,35.572164366662555,34.68,34.94,6.551631574458193,7.233116223621377,6.551631574458193,7.233116223621377,18.647390270902722,16.824324821693743,18.647390270902722,16.824324821693743,96,101,96,101,-1,4,-1,4,-1,4,-1,4,96,101,96,101
1788314223,34.75,34.75,34.71,34.71,0,0,0,0,0,0,0,0,34.753999326013286,35.56371828672893,34.68,34.94,6.2937419241817745,7.098919895130005,6.2937419241817745,7.098919895130005,18.41733980892185,17.620832315307794,18.41733980892185,17.620832315307794,96,101,96,101,-1,4,-1,4,-1,4,-1,4,96,101,96,101
1788314304,34.7,34.71,34.67,34.67,0,0,0,0,0,0,0,0,34.74115096370784,35.55495823744141,34.67,34.94,5.844188929597363,6.919672614339627,5.844188929597363,6.919672614339627,16.500576979076016,17.060704647191905,16.500576979076016,17.060704647191905,96,101,96,101,-1,4,-1,4,-1,4,-1,4,96,101,96,101
1788314403,34.660000000000004,34.660000000000004,34.620000000000005,34.620000000000005,0,0,0,0,0,0,0,0,34.7215477581852,35.54578784038561,34.620000000000005,34.94,5.426746863197551,6.706397507033616,5.426746863197551,6.706397507033616,14.83599238899149,15.948348518091699,14.83599238899149,15.948348518091699,96,101,96,101,-1,4,-1,4,-1,4,-1,4,96,101,96,101
1788314448,34.58,34.59,34.550000000000004,34.550000000000004,0,0,0,0,0,0,0,0,34.692781499121224,35.53601217364877,34.550000000000004,34.94,5.039122087254869,6.468215304208081,5.039122087254869,6.468215304208081,13.216564904849701,14.5824567114707,13.216564904849701,14.5824567114707,96,101,96,101,-1,4,-1,4,-1,4,-1,4,96,101,96,101
1788314478,34.54,34.58,34.54,34.58,0,0,0,0,0,0,0,0,34.66985152958403,35.52636694472358,34.54,34.94,4.927632000277032,6.248131975075074,4.927632000277032,6.248131975075074,12.164721137954821,13.37358892471276,12.164721137954821,13.37358892471276,96,101,96,101,-1,4,-1,4,-1,4,-1,4,96,101,96,101
1788314499,34.61,34.61,34.57,34.57,0,0,0,0,0,0,0,0,34.65412094844754,35.51698352570477,34.54,34.94,4.761993689698245,6.0358265057355265,4.761993689698245,6.0358265057355265,12.029691288978661,12.70164010684571,12.029691288978661,12.70164010684571,96,101,96,101,-1,4,-1,4,-1,4,-1,4,96,101,96,101
1788314583,34.56,34.57,34.53,34.53,0,0,0,0,0,0,0,0,34.633977745699504,35.50729546408913,34.53,34.88,4.421851283291227,5.805258616814911,4.421851283291227,5.805258616814911,10.787354438172041,11.744497272508877,10.787354438172041,11.744497272508877,96,101,96,101,-1,4,-1,4,-1,4,-1,4,96,101,96,101
1788314643,34.52,34.52,34.480000000000004,34.480000000000004,0,0,0,0,0,0,0,0,34.6084060343602,35.497206288658724,34.480000000000004,34.83,4.10600476305614,5.562508066277944,4.10600476305614,5.562508066277944,9.732625992597477,10.738561632553177,9.732625992597477,10.738561632553177,96,101,96,101,-1,4,-1,4,-1,4,-1,4,96,101,96,101
1788314658,34.47,34.49,34.45,34.45,0,0,0,0,0,0,0,0,34.582029179628044,35.48691899557091,34.45,34.81,3.8127187085521297,5.3125381580314,3.8127187085521297,5.3125381580314,8.685107993654993,9.711834813104085,8.685107993654993,9.711834813104085,96,101,96,101,-1,4,-1,4,-1,4,-1,4,96,101,96,101
1788314760,34.44,34.44,34.4,34.4,0,0,0,0,0,0,0,0,34.55135720757446,35.47623655117054,34.4,34.81,3.5403816579412632,5.059372943732809,3.5403816579412632,5.059372943732809,7.859962695860075,8.78589875448208,7.859962695860075,8.78589875448208,96,101,96,101,-1,4,-1,4,-1,4,-1,4,96,101,96,101
1788314808,34.39,34.4,34.36,34.36,0,0,0,0,0,0,0,0,34.51898923043971,35.46526238979902,34.36,34.81,3.2874972538026017,4.806247845171351,3.2874972538026017,4.806247845171351,7.076093933013304,7.930996343747692,7.076093933013304,7.930996343747692,96,101,96,101,-1,4,-1,4,-1,4,-1,4,96,101,96,101
1788314835,34.35,34.38,34.34,34.38,0,0,0,0,0,0,1,0,34.49129421884461,35.45433108907134,34.34,34.81,3.2927720598034917,4.590037018690228,3.2927720598034917,4.590037018690228,6.674122668578061,7.3025595061628765,6.674122668578061,7.3025595061628765,96,101,96,101,-1,4,-1,4,-1,4,-1,4,96,101,96,101
1788314976,34.39,34.42,34.38,34.42,0,0,0,0,0,0,0,0,34.475907391175895,35.44390656745537,34.34,34.81,3.80945375477992,4.478525123845897,3.80945375477992,4.478525123845897,7.266344020373761,7.284451763268319,7.266344020373761,7.284451763268319,96,101,96,101,-1,4,-1,4,-1,4,-1,4,96,101,96,101
1788315018,34.43,34.47,34.43,34.47,0,0,0,0,0,0,0,0,34.47240907762876,35.434083284860456,34.34,34.81,4.759154426430939,4.518615024215189,4.759154426430939,4.518615024215189,8.942580588891754,8.113516176080037,8.942580588891754,8.113516176080037,96,101,96,101,-1,4,-1,4,-1,4,-1,4,96,101,96,101
1788315048,34.480000000000004,34.49,34.45,34.45,0,0,0,0,0,0,0,0,34.47075894230232,35.42442408136267,34.34,34.81,5.453049411009177,4.652105650900045,5.453049411009177,4.652105650900045,10.617450028574137,9.365483102327087,10.617450028574137,9.365483102327087,96,101,96,101,-1,4,-1,4,-1,4,-1,4,96,101,96,101
1788315087,34.44,34.44,34.4,34.4,0,0,0,0,0,0,0,0,34.46031792248978,35.41436347690467,34.34,34.81,5.627455656087426,4.791441365926814,5.627455656087426,4.791441365926814,10.910195262587216,10.137839182457151,10.910195262587216,10.137839182457151,96,101,96,101,-1,4,-1,4,-1,4,-1,4,96,101,96,101
1788315123,34.39,34.42,34.38,34.42,0,0,0,0,0,0,0,0,34.45056314870376,35.404336642971955,34.34,34.81,5.9773742370435725,4.960860347514922,5.9773742370435725,4.960860347514922,10.923024510789116,10.530431846623134,10.923024510789116,10.530431846623134,96,101,96,101,-1,4,-1,4,-1,4,-1,4,96,101,96,101
1788315147,34.43,34.47,34.43,34.47,0,0,0,0,0,0,0,0,34.451672879242466,35.39490709096892,34.34,34.81,6.772223445675759,5.219626504395042,6.772223445675759,5.219626504395042,12.076878152104916,11.303654999364024,12.076878152104916,11.303654999364024,96,101,96,101,-1,4,-1,4,-1,4,-1,4,96,101,96,101
1788315261,34.480000000000004,34.51,34.47,34.51,0,0,0,0,0,0,0,0,34.459853567865046,35.38596937530422,34.34,34.81,7.886237560458271,5.600570940975503,7.886237560458271,5.600570940975503,14.065895558947076,12.68477527915555,14.065895558947076,12.68477527915555,96,101,96,101,-1,4,-1,4,-1,4,-1,4,96,101,96,101
1788315294,34.52,34.53,34.49,34.49,0,0,0,0,0,0,0,0,34.46775897976837,35.37718692712541,34.34,34.75,8.732709313658612,6.048019279930233,8.732709313658612,6.048019279930233,15.961243812430899,14.323009545793225,15.961243812430899,14.323009545793225,96,101,96,101,-1,4,-1,4,-1,4,-1,4,96,101,96,101
1788315408,34.480000000000004,34.5,34.46,34.46,0,0,0,0,0,0,0,0,34.46877249859836,35.36819335902798,34.34,34.71,9.333434158601346,6.5173642625975345,9.333434158601346,6.5173642625975345,17.173129617004214,15.74806958139872,17.173129617004214,15.74806958139872,96,101,96,101,-1,4,-1,4,-1,4,-1,4,96,101,96,101
1788315531,34.45,34.46,34.42,34.46,0,0,0,0,0,0,0,0,34.46475325642896,35.35902393920349,34.34,34.660000000000004,9.94607798735795,7.00718050899188,9.94607798735795,7.00718050899188,17.926822470551734,16.837446025975225,17.926822470551734,16.837446025975225,96,101,96,101,-1,4,-1,4,-1,4,-1,4,96,101,96,101
1788315762,34.47,34.51,34.47,34.51,0,0,0,0,0,0,0,0,34.470555694654,35.350443269825014,34.34,34.61,11.226276163904922,7.6099084596937425,11.226276163904922,7.6099084596937425,20.046698895731176,18.4420724608532,20.046698895731176,18.4420724608532,96,101,96,101,-1,4,-1,4,-1,4,-1,4,96,101,96,101
1788315873,34.52,34.52,34.480000000000004,34.480000000000004,0,0,0,0,0,0,0,0,34.47469708350479,35.34191481274549,34.34,34.61,12.063743557349662,8.24617061650173,12.063743557349662,8.24617061650173,21.92452610515579,20.183299283004494,21.92452610515579,20.183299283004494,96,101,96,101,-1,4,-1,4,-1,4,-1,4,96,101,96,101
1788315909,34.46,34.47,34.43,34.47,0,0,0,0,0,0,0,0,34.471418825897864,35.33310637348103,34.34,34.61,12.72429583252721,8.885902790219657,12.72429583252721,8.885902790219657,22.43986736065018,21.311583321827335,22.43986736065018,21.311583321827335,96,101,96,101,-1,4,-1,4,-1,4,-1,4,96,101,96,101
1788315969,34.480000000000004,34.49,34.45,34.49,0,0,0,0,0,0,0,0,34.472372978764916,35.32458458535353,34.34,34.57,13.571857839805697,9.555324940160519,13.571857839805697,9.555324940160519,23.489491172350636,22.400537247088984,23.489491172350636,22.400537247088984,96,101,96,101,-1,4,-1,4,-1,4,-1,4,96,101,96,101
1788315990,34.5,34.51,34.47,34.51,0,0,0,0,0,0,0,0,34.47679001292887,35.316346596112865,34.34,34.53,14.593071741177827,10.275003054591563,14.593071741177827,10.275003054591563,24.99707146079893,23.698804353943956,24.99707146079893,23.698804353943956,96,101,96,101,-1,4,-1,4,-1,4,-1,4,96,101,96,101
1788316029,34.52,34.52,34.480000000000004,34.480000000000004,0,0,0,0,0,0,0,0,34.47979788936605,35.30815740941854,34.34,34.53,15.19005373624593,10.977153151970757,15.19005373624593,10.977153151970757,26.16770258949958,24.93325347172177,26.16770258949958,24.93325347172177,96,101,96,101,-1,4,-1,4,-1,4,-1,4,96,101,96,101
1788316110,34.44,34.47,34.43,34.43,0,0,0,0,0,0,0,0,34.473167970087374,35.29955219473113,34.34,34.53,15.158914066560873,11.574547568340774,15.158914066560873,11.574547568340774,25.468973040239597,25.201113255980683,25.468973040239597,25.201113255980683,96,101,96,101,-1,4,-1,4,-1,4,-1,4,96,101,96,101
1788316140,34.42,34.43,34.39,34.39,0,0,0,1,0,0,0,0,34.46047076340482,35.290634594120206,34.34,34.53,14.661614584054735,12.015557142014197,14.661614584054735,12.015557142014197,23.775837074004983,24.488475164992835,23.775837074004983,24.488475164992835,96,101,96,101,-1,4,-1,4,-1,4,-1,4,96,101,96,101
1788316176,34.38,34.39,34.35,34.35,0,0,0,0,0,0,0,0,34.44280941248273,35.28140771590342,34.34,34.53,13.731452418214738,12.260685038614275,13.731452418214738,12.260685038614275,21.108772203250286,22.79862368412156,21.108772203250286,22.79862368412156,96,101,96,101,-1,4,-1,4,-1,4,-1,4,96,101,96,101
1788316221,34.34,34.34,34.300000000000004,34.300000000000004,0,0,0,0,0,0,0,0,34.41926830718284,35.27177513498233,34.300000000000004,34.53,12.750634388342258,12.33067780286113,12.750634388342258,12.33067780286113,18.54141258878031,20.670018136450935,18.54141258878031,20.670018136450935,96,101,96,101,-1,4,-1,4,-1,4,-1,4,96,101,96,101
1788316260,34.29,34.3,34.26,34.3,0,0,0,0,0,0,0,0,34.39515891799808,35.26197306067073,34.26,34.53,12.253953464123184,12.319717183041423,12.253953464123184,12.319717183041423,16.671860141032496,18.670939138741716,16.671860141032496,18.670939138741716,96,101,96,101,-1,4,-1,4,-1,4,-1,4,96,101,96,101
1788316509,34.31,34.32,34.28,34.32,0,0,0,0,0,0,0,0,34.37906941775601,35.252467524411976,34.26,34.53,11.99978908625105,12.274013169214228,11.99978908625105,12.274013169214228,15.747891782692696,17.209415460717207,15.747891782692696,17.209415460717207,96,101,96,101,-1,4,-1,4,-1,4,-1,4,96,101,96,101
1788316668,34.33,34.34,34.300000000000004,34.300000000000004,0,0,0,0,0,0,0,0,34.36711740240643,35.24312290559527,34.26,34.53,11.556739969324278,12.17154556922995,11.556739969324278,12.17154556922995,15.212478670879507,16.210947065798358,15.212478670879507,16.210947065798358,96,101,96,101,-1,4,-1,4,-1,4,-1,4,96,101,96,101
1788316764,34.29,34.32,34.28,34.32,0,0,0,0,0,0,0,0,34.35612635954465,35.23380493306862,34.26,34.53,11.352376555366352,12.054521424392293,11.352376555366352,12.054521424392293,14.682124575039532,15.446535820418944,14.682124575039532,15.446535820418944,96,101,96,101,-1,4,-1,4,-1,4,-1,4,96,101,96,101
1788316860,34.33,34.37,34.33,34.37,0,0,0,0,0,0,0,0,34.3562245972032,35.22507718912432,34.26,34.53,11.680208871804973,12.001048202594106,11.680208871804973,12.001048202594106,16.421412901054325,15.933974360736634,16.421412901054325,15.933974360736634,96,101,96,101,-1,4,-1,4,-1,4,-1,4,96,101,96,101
1788316977,34.38,34.4,34.36,34.36,0,0,0,1,0,0,0,0,34.359335276499586,35.216602125882616,34.26,34.53,11.881104925475228,11.98391344871998,11.881104925475228,11.98391344871998,18.646925343760905,17.29044985224877,18.646925343760905,17.29044985224877,96,101,96,101,-1,4,-1,4,-1,4,-1,4,96,101,96,101
1788317238,34.35,34.39,34.35,34.39,0,0,0,0,0,0,0,0,34.36248643834815,35.208244559124246,34.26,34.53,12.378210267237366,12.040241565651034,12.378210267237366,12.040241565651034,20.63614009057073,18.963294971409752,20.63614009057073,18.963294971409752,96,101,96,101,-1,4,-1,4,-1,4,-1,4,96,101,96,101
1788317325,34.4,34.4,34.36,34.36,0,0,0,0,0,0,0,0,34.36445860107273,35.199936984738265,34.26,34.52,12.544472559073368,12.112274564711369,12.544472559073368,12.112274564711369,23.033742197447996,20.998518584428872,23.033742197447996,20.998518584428872,96,101,96,101,-1,4,-1,4,-1,4,-1,4,96,101,96,101
1788317460,34.35,34.36,34.32,34.32,0,0,0,0,0,0,0,0,34.35879946148375,35.19131406283374,34.26,34.52,12.278690905694202,12.136048327708917,12.278690905694202,12.136048327708917,23.658551513156336,22.328535048792602,23.658551513156336,22.328535048792602,96,101,96,101,-1,4,-1,4,-1,4,-1,4,96,101,96,101
1788317520,34.31,34.32,34.28,34.28,0,0,0,0,0,0,0,0,34.34689652909276,35.18237893119692,34.26,34.52,11.611725588900951,12.061145079307778,11.611725588900951,12.061145079307778,22.07770023879001,22.203117643791305,22.07770023879001,22.203117643791305,96,101,96,101,-1,4,-1,4,-1,4,-1,4,96,101,96,101
1788317745,34.27,34.28,34.24,34.24,0,0,0,0,0,0,0,0,34.329885038954686,35.17313469639231,34.24,34.52,10.782316618265169,11.878455299158833,10.782316618265169,11.878455299158833,19.613398234233944,20.908257939012625,19.613398234233944,20.908257939012625,96,101,96,101,-1,4,-1,4,-1,4,-1,4,96,101,96,101
1788317796,34.230000000000004,34.230000000000004,34.190000000000005,34.190000000000005,0,0,0,0,0,0,0,0,34.30687563793262,35.16348493158576,34.190000000000005,34.52,10.012151145531943,11.61184042006928,10.012151145531943,11.61184042006928,17.48375310833491,19.19600552367377,17.48375310833491,19.19600552367377,96,101,96,101,-1,4,-1,4,-1,4,-1,4,96,101,96,101
1788317892,34.18,34.18,34.14,34.14,0,0,0,0,0,0,0,0,34.278958855278205,35.15343367190165,34.14,34.52,9.296997492279662,11.281148573242191,9.296997492279662,11.281148573242191,15.572154678939274,17.384080101306523,15.572154678939274,17.384080101306523,96,101,96,101,-1,4,-1,4,-1,4,-1,4,96,101,96,101
1788318000,34.13,34.14,34.1,34.1,0,0,0,0,0,0,0,0,34.2488451240155,35.14308441480147,34.1,34.52,8.632926242831115,10.90283109746918,8.632926242831115,10.90283109746918,13.812677432446149,15.598378766876337,13.812677432446149,15.598378766876337,96,101,96,101,-1,4,-1,4,-1,4,-1,4,96,101,96,101
1788318213,34.09,34.089999999999996,34.05,34.089999999999996,0,0,0,0,0,0,0,0,34.21753994995208,35.13247329292948,34.05,34.52,8.360522733231292,10.539644188292339,8.360522733231292,10.539644188292339,12.791818751620607,14.195098759248472,12.791818751620607,14.195098759248472,96,101,96,101,-1,4,-1,4,-1,4,-1,4,96,101,96,101
1788318306,34.12,34.160000000000004,34.120000000000005,34.120000000000005,0,0,0,0,0,0,0,0,34.202229656021395,35.12253160178922,34.05,34.47,8.404368179026193,10.234604758397174,8.404368179026193,10.234604758397174,13.285844644246303,13.740471701747389,13.285844644246303,13.740471701747389,96,101,96,101,-1,4,-1,4,-1,4,-1,4,96,101,96,101
1788318444,34.11,34.14,34.1,34.14,0,0,0,0,0,0,0,0,34.188490930684175,35.112622497957155,34.05,34.43,8.64992082789277,10.008221339753687,8.64992082789277,10.008221339753687,13.649771599830162,13.695121650788774,13.649771599830162,13.695121650788774,96,101,96,101,-1,4,-1,4,-1,4,-1,4,96,101,96,101
1788318537,34.15,34.17,34.13,34.17,0,0,0,0,0,0,0,0,34.182704700862814,35.103110499635854,34.05,34.4,9.15988888905836,9.887030989654354,9.15988888905836,9.887030989654354,14.914089942711662,14.304605796750218,14.914089942711662,14.304605796750218,96,101,96,101,-1,4,-1,4,-1,4,-1,4,96,101,96,101
1788318612,34.18,34.18,34.14,34.14,0,0,0,0,0,0,0,0,34.17736445222109,35.09365998056817,34.05,34.4,9.351475772922639,9.810523101549823,9.351475772922639,9.810523101549823,15.938267569943564,15.121436683346891,15.938267569943564,15.121436683346891,96,101,96,101,-1,4,-1,4,-1,4,-1,4,96,101,96,101
1788318675,34.12,34.14,34.1,34.14,0,0,0,0,0,0,0,0,34.168146673029376,35.08403815654925,34.05,34.4,9.52937787936804,9.770359498380996,9.52937787936804,9.770359498380996,15.98280077423741,15.55211872879215,15.98280077423741,15.55211872879215,96,101,96,101,-1,4,-1,4,-1,4,-1,4,96,101,96,101
1788318726,34.15,34.18,34.14,34.14,0,0,0,0,0,0,0,0,34.16545333853919,35.07477741203964,34.05,34.4,9.694572692495912,9.759532811825983,9.694572692495912,9.759532811825983,16.675733996965626,16.11392636287889,16.675733996965626,16.11392636287889,96,101,96,101,-1,4,-1,4,-1,4,-1,4,96,101,96,101
1788318876,34.13,34.17,34.13,34.17,0,0,0,0,0,0,0,0,34.163855761835094,35.06564198173742,34.05,34.4,10.129922763332706,9.812445662041227,10.129922763332706,9.812445662041227,17.45458050803756,16.784253435458226,17.45458050803756,16.784253435458226,96,101,96,101,-1,4,-1,4,-1,4,-1,4,96,101,96,101
1788318915,34.18,34.18,34.14,34.14,0,0,0,0,0,0,0,0,34.16194259301659,35.05656428374335,34.05,34.4,10.252221513320245,9.875270783652516,10.252221513320245,9.875270783652516,18.182953505369806,17.483603470414018,18.182953505369806,17.483603470414018,96,101,96,101,-1,4,-1,4,-1,4,-1,4,96,101,96,101
1788318969,34.13,34.17,34.13,34.17,0,0,0,0,0,0,0,0,34.16098333368024,35.047610078598304,34.05,34.4,10.647739525526731,9.985623461063117,10.647739525526731,9.985623461063117,18.74648294381257,18.115043207113295,18.74648294381257,18.115043207113295,96,101,96,101,-1,4,-1,4,-1,4,-1,4,96,101,96,101
1788318990,34.19,34.21,34.17,34.21,0,0,0,0,0,0,0,0,34.16747121240505,35.03914297997212,34.05,34.4,11.390946100771087,10.186383838164256,11.390946100771087,10.186383838164256,20.566894195000483,19.340968701056887,20.566894195000483,19.340968701056887,96,101,96,101,-1,4,-1,4,-1,4,-1,4,96,101,96,101
1788319092,34.22,34.22,34.18,34.18,0,0,0,0,0,0,0,0,34.17217341621019,35.030726963587654,34.05,34.4,11.799111604851364,10.416773519119557,11.799111604851364,10.416773519119557,22.066456422462387,20.703712561759637,22.066456422462387,20.703712561759637,96,101,96,101,-1,4,-1,4,-1,4,-1,4,96,101,96,101
1788319167,34.14,34.18,34.14,34.18,0,0,0,0,0,0,0,0,34.17117218902046,35.022129348692914,34.05,34.4,12.178122430068765,10.6683947921123,12.178122430068765,10.6683947921123,22.379151097673017,21.541431829716327,22.379151097673017,21.541431829716327,96,101,96,101,-1,4,-1,4,-1,4,-1,4,96,101,96,101
1788319173,34.19,34.23,34.19,34.23,0,0,0,0,0,0,0,0,34.17944391222886,35.0141147946429,34.05,34.36,13.144991236084252,11.022194284108293,13.144991236084252,11.022194284108293,24.16693194390208,22.854181886809204,24.16693194390208,22.854181886809204,96,101,96,101,-1,4,-1,4,-1,4,-1,4,96,101,96,101
1788319323,34.25,34.27,34.230000000000004,34.27,0,0,0,0,0,0,0,0,34.19348441303573,35.0065779973496,34.05,34.32,14.587015671602094,11.531454482321692,14.587015671602094,11.531454482321692,27.036701544621323,24.945441715715262,27.036701544621323,24.945441715715262,96,101,96,101,-1,4,-1,4,-1,4,-1,4,96,101,96,101
1788319383,34.29,34.32,34.28,34.32,0,0,0,0,0,0,0,0,34.214063004604995,34.99961370550201,34.05,34.32,16.706678486628174,12.270772197222618,16.706678486628174,12.270772197222618,31.88179860287267,28.413620159293966,31.88179860287267,28.413620159293966,96,101,96,101,-1,4,-1,4,-1,4,-1,4,96,101,96,101
1788319443,34.33,34.34,34.300000000000004,34.300000000000004,0,0,0,0,0,0,0,0,34.23211215528288,34.99278504508242,34.05,34.34,18.702119819216033,13.189536143221677,18.702119819216033,13.189536143221677,37.25206797539466,32.83284406734431,37.25206797539466,32.83284406734431,96,101,96,101,-1,4,-1,4,-1,4,-1,4,96,101,96,101
1788319464,34.29,34.32,34.28,34.32,0,0,0,0,0,0,0,0,34.245667520989024,34.98595799654097,34.05,34.34,20.810131668863896,14.278192646884852,20.810131668863896,14.278192646884852,42.37932357074641,37.60608381904536,42.37932357074641,37.60608381904536,96,101,96,101,-1,4,-1,4,-1,4,-1,4,96,101,96,101
1788319551,34.33,34.36,34.32,34.32,0,0,0,0,0,0,0,0,34.26160675959708,34.97946421879761,34.05,34.36,22.767571243536906,15.490961017835145,22.767571243536906,15.490961017835145,47.75370591778263,42.679894868413996,47.75370591778263,42.679894868413996,96,101,96,101,-1,4,-1,4,-1,4,-1,4,96,101,96,101
1788319620,34.31,34.33,34.29,34.29,0,0,0,0,0,0,0,0,34.269193409367304,34.97273654829548,34.05,34.36,24.438019451416146,16.76911222263243,24.438019451416146,16.76911222263243,51.217462215242314,46.94867854182816,51.217462215242314,46.94867854182816,96,101,96,101,-1,4,-1,4,-1,4,-1,4,96,101,96,101
1788319791,34.28,34.29,34.25,34.25,0,0,0,0,0,0,0,0,34.26812794099749,34.96567780983815,34.1,34.36,25.66863710964834,18.04047292077756,25.66863710964834,18.04047292077756,52.63537577633006,49.79202715907911,52.63537577633006,49.79202715907911,96,101,96,101,-1,4,-1,4,-1,4,-1,4,96,101,96,101
1788325209,34.2,34.2,34.160000000000004,34.160000000000004,0,0,0,0,0,0,0,0,34.250892557785825,34.95779378519631,34.1,34.36,25.472067792292588,19.102129330993993,25.472067792292588,19.102129330993993,50.2588935225688,50.025460340823955,50.2588935225688,50.025460340823955,96,101,96,101,-1,4,-1,4,-1,4,-1,4,96,101,96,101
1788325212,34.15,34.19,34.15,34.19,0,0,0,0,0,0,0,0,34.237396941218705,34.95002137605671,34.1,34.36,25.735967711890726,20.049820528264956,25.735967711890726,20.049820528264956,48.14027608056925,49.0828682106966,48.14027608056925,49.0828682106966,96,101,96,101,-1,4,-1,4,-1,4,-1,4,96,101,96,101
1788325224,34.2,34.2,34.160000000000004,34.160000000000004,0,0,0,0,0,0,0,0,34.225749012512274,34.94229313682563,34.1,34.36,25.534589065803377,20.833358890770445,25.534589065803377,20.833358890770445,46.40595092620239,47.7444095684495,46.40595092620239,47.7444095684495,96,101,96,101,-1,4,-1,4,-1,4,-1,4,96,101,96,101
1788325239,34.15,34.15,34.11,34.11,0,0,0,0,0,0,0,0,34.207127979934285,34.93414428305954,34.1,34.36,24.603546989674587,21.371957190613895,24.603546989674587,21.371957190613895,42.87857018164316,45.311489875046334,42.87857018164316,45.311489875046334,96,101,96,101,-1,4,-1,4,-1,4,-1,4,96,101,96,101
1788325302,34.1,34.12,34.08,34.08,0,0,0,0,0,0,0,0,34.186438044188655,34.92577800495281,34.08,34.36,23.292579347554984,21.64633178446262,23.292579347554984,21.64633178446262,38.46734586997991,41.88941787251312,38.46734586997991,41.88941787251312,96,101,96,101,-1,4,-1,4,-1,4,-1,4,96,101,96,101
1788325419,34.07,34.11,34.07,34.11,0,0,0,0,0,0,1,0,34.17011597554829,34.91752814089026,34.07,34.36,22.521680822729657,21.771381647072197,22.521680822729657,21.771381647072197,34.76792911304416,38.32867349277864,34.76792911304416,38.32867349277864,96,101,96,101,-1,4,-1,4,-1,4,-1,4,96,101,96,101
1788325758,34.12,34.13,34.09,34.13,0,0,0,0,0,0,0,0,34.160397919388,34.90955937000246,34.07,34.36,22.103465525868085,21.818822201185895,22.103465525868085,21.818822201185895,33.02688854850822,35.67778102064343,33.02688854850822,35.67778102064343,96,101,96,101,-1,4,-1,4,-1,4,-1,4,96,101,96,101
1788325962,34.15,34.17,34.13,34.17,0,0,0,0,0,0,0,0,34.1597195098023,34.902067900317526,34.07,34.36,22.31036084544899,21.889042007509197,22.31036084544899,21.889042007509197,33.285720138352815,34.481750579498126,33.285720138352815,34.481750579498126,96,101,96,101,-1,4,-1,4,-1,4,-1,4,96,101,96,101
1788326112,34.18,34.22,34.18,34.22,0,0,0,0,0,0,0,0,34.168255356504915,34.89514848505732,34.07,34.36,23.24652554696454,22.082968227431387,23.24652554696454,22.082968227431387,35.62739145499376,35.05457101724595,35.62739145499376,35.05457101724595,96,101,96,101,-1,4,-1,4,-1,4,-1,4,96,101,96,101
1788326154,34.230000000000004,34.26,34.22,34.26,0,0,0,0,0,0,0,0,34.18251195835251,34.888695929650446,34.07,34.36,24.71105943646706,22.458409828722193,24.71105943646706,22.458409828722193,39.57002216879666,37.3122965930213,39.57002216879666,37.3122965930213,96,101,96,101,-1,4,-1,4,-1,4,-1,4,96,101,96,101
1788326265,34.28,34.300000000000004,34.260000000000005,34.260000000000005,0,0,0,0,0,0,0,0,34.19902493562175,34.882572918741815,34.07,34.36,26.070983762433794,22.97449181925242,26.070983762433794,22.97449181925242,44.14757660551266,40.72993659926698,44.14757660551266,40.72993659926698,96,101,96,101,-1,4,-1,4,-1,4,-1,4,96,101,96,101
1788326469,34.25,34.28,34.24,34.28,0,0,0,0,0,0,0,0,34.21132343217537,34.87644449832316,34.07,34.36,27.63138968416474,23.639762942811323,27.63138968416474,23.639762942811323,47.79469699827383,44.2623167987704,47.79469699827383,44.2623167987704,96,101,96,101,-1,4,-1,4,-1,4,-1,4,96,101,96,101
1788326502,34.29,34.29,34.25,34.25,0,0,0,0,0,0,0,0,34.220779777840455,34.870343889716295,34.07,34.36,28.69723267025024,24.362258618159736,28.69723267025024,24.362258618159736,50.92080019206879,47.59155849541959,50.92080019206879,47.59155849541959,96,101,96,101,-1,4,-1,4,-1,4,-1,4,96,101,96,101
1788326547,34.24,34.25,34.21,34.25,0,0,0,0,0,0,0,0,34.22366830308159,34.8640386437158,34.07,34.36,29.68694401447249,25.12292796049013,29.68694401447249,25.12292796049013,52.0207844010837,49.806171448251646,52.0207844010837,49.806171448251646,96,101,96,101,-1,4,-1,4,-1,4,-1,4,96,101,96,101
1788326652,34.26,34.29,34.25,34.29,0,0,0,0,0,0,0,0,34.23330436918796,34.85819414643173,34.07,34.36,31.213864426812588,25.99306174139334,31.213864426812588,25.99306174139334,54.737027023588816,52.271599235920235,54.737027023588816,52.271599235920235,96,101,96,101,-1,4,-1,4,-1,4,-1,4,96,101,96,101
1788326676,34.300000000000004,34.32,34.28,34.32,0,0,0,0,0,0,0,0,34.246642968729546,34.852706310812174,34.07,34.36,33.08764614708585,27.00657379934941,33.08764614708585,27.00657379934941,58.64158966553955,55.456594450729895,58.64158966553955,55.456594450729895,96,101,96,101,-1,4,-1,4,-1,4,-1,4,96,101,96,101
1788326691,34.33,34.34,34.300000000000004,34.34,0,0,0,0,0,0,0,0,34.26119273199084,34.847472085497294,34.07,34.36,35.131537683692216,28.1672829256841,35.131537683692216,28.1672829256841,63.07210148671892,59.26434796872441,63.07210148671892,59.26434796872441,96,101,96,101,-1,4,-1,4,-1,4,-1,4,96,101,96,101
1788326811,34.36,34.39,34.35,34.39,0,0,0,0,0,0,0,0,34.28218799284099,34.84278745446415,34.07,34.39,37.78931538713668,29.541858991605896,37.78931538713668,29.541858991605896,67.72251556004466,63.49343176438453,67.72251556004466,63.49343176438453,96,101,96,101,-1,4,-1,4,-1,4,-1,4,96,101,96,101
1788326826,34.410000000000004,34.45,34.410000000000004,34.45,0,0,0,0,0,0,0,0,34.31027502444566,34.83874645160049,34.07,34.45,41.16910592939289,31.20289426843261,41.16910592939289,31.20289426843261,71.73208100635414,67.61275638536934,71.73208100635414,67.61275638536934,96,101,96,101,-1,4,-1,4,-1,4,-1,4,96,101,96,101
1788326838,34.47,34.47,34.43,34.43,0,0,0,0,0,0,0,0,34.334467444243415,34.83481199271226,34.07,34.47,44.003531493706745,33.03155672918606,44.003531493706745,33.03155672918606,74.91321229116065,71.262984338265,74.91321229116065,71.262984338265,96,101,96,101,-1,4,-1,4,-1,4,-1,4,96,101,96,101
1788326874,34.42,34.46,34.42,34.46,0,0,0,0,0,0,0,0,34.35486730286583,34.830949850164544,34.07,34.47,47.833211216945415,35.146078798865965,47.833211216945415,35.146078798865965,77.56846767813782,74.4157260082014,77.56846767813782,74.4157260082014,96,101,96,101,-1,4,-1,4,-1,4,-1,4,96,101,96,101
1788326943,34.47,34.48,34.44,34.48,0,0,0,0,0,0,0,0,34.37519445992052,34.82732514187103,34.07,34.48,51.55941041573503,37.49084045841869,51.55941041573503,37.49084045841869,80.42454023979764,77.42013312399952,80.42454023979764,77.42013312399952,96,101,96,101,-1,4,-1,4,-1,4,-1,4,96,101,96,101
1788327003,34.5,34.54,34.5,34.54,0,0,0,0,0,0,0,0,34.402734861147096,34.82433351525208,34.07,34.54,55.019452528896814,39.99492789705842,55.019452528896814,39.99492789705842,82.73471230280532,80.07742271340243,82.73471230280532,80.07742271340243,96,101,96,101,-1,4,-1,4,-1,4,-1,4,96,101,96,101
1788327063,34.550000000000004,34.56,34.52,34.56,0,0,0,0,0,0,0,0,34.428904280332475,34.8215706610373,34.07,34.56,58.23234877683275,42.60027373702618,58.23234877683275,42.60027373702618,84.90963678432882,82.49352974886563,84.90963678432882,82.49352974886563,96,101,96,101,-1,4,-1,4,-1,4,-1,4,96,101,96,101
1788327075,34.59,34.59,34.550000000000004,34.550000000000004,0,0,0,0,0,0,0,0,34.45334592633263,34.819001135388504,34.07,34.59,60.6866519065299,45.18404204695528,60.6866519065299,45.18404204695528,86.40606229865546,84.44979602376054,86.40606229865546,84.44979602376054,96,101,96,101,-1,4,-1,4,-1,4,-1,4,96,101,96,101
1788327105,34.54,34.56,34.52,34.56,0,0,0,0,0,0,0,0,34.47031333366609,34.81629133967983,34.09,34.59,63.097922802095226,47.743167869118125,63.097922802095226,47.743167869118125,87.19420724500134,85.82200163438094,87.19420724500134,85.82200163438094,96,101,96,101,-1,4,-1,4,-1,4,-1,4,96,101,96,101
1788327144,34.6,34.6,34.56,34.6,0,0,0,0,0,0,0,0,34.49146848512074,34.81400651706278,34.13,34.6,65.73378545908842,50.313256096256744,65.73378545908842,50.313256096256744,88.80797278682049,87.31498721060072,88.80797278682049,87.31498721060072,96,101,96,101,-1,4,-1,4,-1,4,-1,4,96,101,96,101
1788327198,34.61,34.61,34.57,34.57,0,0,0,0,0,0,0,0,34.508171184795756,34.811711261503284,34.18,34.61,67.67116813037804,52.792957815416926,67.67116813037804,52.792957815416926,89.77191318235404,88.54345019647738,89.77191318235404,88.54345019647738,96,101,96,101,-1,4,-1,4,-1,4,-1,4,96,101,96,101
1788327213,34.56,34.56,34.52,34.52,0,0,0,0,0,0,0,0,34.512746120893496,34.808941331869754,34.21,34.61,68.83241122310618,55.08430830222968,68.83241122310618,55.08430830222968,89.27539648434583,88.9094233404116,89.27539648434583,88.9094233404116,96,101,96,101,-1,4,-1,4,-1,4,-1,4,96,101,96,101
1788327261,34.51,34.52,34.480000000000004,34.52,0,0,0,0,0,0,0,0,34.51164076557953,34.80593362375828,34.21,34.61,69.91070838063946,57.20236545628821,69.91070838063946,57.20236545628821,88.16198005536536,88.53570169788848,88.16198005536536,88.53570169788848,96,101,96,101,-1,4,-1,4,-1,4,-1,4,96,101,96,101
1788327318,34.53,34.550000000000004,34.510000000000005,34.510000000000005,0,0,0,0,0,0,0,0,34.513766686989314,34.80312168056997,34.21,34.61,70.78443329222652,59.14266086142226,70.78443329222652,59.14266086142226,87.52508343369956,88.03039256579402,87.52508343369956,88.03039256579402,96,101,96,101,-1,4,-1,4,-1,4,-1,4,96,101,96,101
1788327375,34.5,34.5,34.46,34.5,0,0,0,0,0,0,0,0,34.50883941056701,34.79997287446148,34.21,34.61,71.46819826114913,60.9034519185261,71.46819826114913,60.9034519185261,86.18552125004949,87.10795690792176,86.18552125004949,87.10795690792176,96,101,96,101,-1,4,-1,4,-1,4,-1,4,96,101,96,101
1788327459,34.51,34.51,34.47,34.47,0,0,0,0,0,0,0,0,34.50420194197907,34.7968222322612,34.21,34.61,71.7204698139242,62.448740189297254,71.7204698139242,62.448740189297254,84.8785949339048,85.99327592091328,84.8785949339048,85.99327592091328,96,101,96,101,-1,4,-1,4,-1,4,-1,4,96,101,96,101
1788327477,34.45,34.45,34.410000000000004,34.410000000000004,0,0,0,0,0,0,0,0,34.489498558588934,34.79310592480918,34.25,34.61,71.18941584762355,63.69740814048672,71.18941584762355,63.69740814048672,82.17107078990787,84.08217335541057,82.17107078990787,84.08217335541057,96,101,96,101,-1,4,-1,4,-1,4,-1,4,96,101,96,101
1788327507,34.39,34.39,34.35,34.39,0,0,0,0,0,0,0,0,34.46898366914852,34.78896225059881,34.28,34.61,70.44119226667088,64.66080587279875,70.44119226667088,64.66080587279875,78.68631464531799,81.38424400036428,78.68631464531799,81.38424400036428,96,101,96,101,-1,4,-1,4,-1,4,-1,4,96,101,96,101
1788327621,34.410000000000004,34.410000000000004,34.370000000000005,34.370000000000005,0,0,0,0,0,0,0,0,34.45341088081849,34.7849261419693,34.300000000000004,34.61,69.49131118639855,65.35087806045587,69.49131118639855,65.35087806045587,75.80520091291814,78.59472245664121,75.80520091291814,78.59472245664121,96,101,96,101,-1,4,-1,4,-1,4,-1,4,96,101,96,101
1788327681,34.36,34.4,34.36,34.4,0,0,0,0,0,0,0,0,34.44127556915452,34.78096336112052,34.35,34.61,68.99193181594151,65.87102859695382,68.99193181594151,65.87102859695382,73.2827648036653,75.93874363015325,73.2827648036653,75.93874363015325,96,101,96,101,-1,4,-1,4,-1,4,-1,4,96,101,96,101
1788327711,34.410000000000004,34.45,34.410000000000004,34.45,0,0,0,0,0,0,0,0,34.440437586884,34.777537523364764,34.35,34.61,69.16597750255798,66.3417355834687,69.16597750255798,66.3417355834687,72.44342803277145,74.19108583146235,72.44342803277145,74.19108583146235,96,101,96,101,-1,4,-1,4,-1,4,-1,4,96,101,96,101
1788327810,34.46,34.480000000000004,34.440000000000005,34.440000000000005,0,0,0,0,0,0,0,0,34.44278226805661,34.77431161102614,34.35,34.61,69.200040334008,66.75006483354575,69.200040334008,66.75006483354575,72.20018699105293,73.19563641125764,72.20018699105293,73.19563641125764,96,101,96,101,-1,4,-1,4,-1,4,-1,4,96,101,96,101
1788327909,34.43,34.46,34.42,34.46,0,0,0,0,0,0,0,0,34.44348852234935,34.77105146232605,34.35,34.61,69.41591046888045,67.13089992430784,69.41591046888045,67.13089992430784,71.66609434397955,72.4308653776186,71.66609434397955,72.4308653776186,96,101,96,101,-1,4,-1,4,-1,4,-1,4,96,101,96,101
1788327981,34.47,34.49,34.45,34.49,0,0,0,0,0,0,0,0,34.449520912225225,34.76812226037919,34.35,34.61,70.0131867052303,67.54265517872533,70.0131867052303,67.54265517872533,71.78522372341108,72.10804455051485,71.78522372341108,72.10804455051485,96,101,96,101,-1,4,-1,4,-1,4,-1,4,96,101,96,101
1788328062,34.52,34.53,34.49,34.53,0,0,0,0,0,0,0,0,34.461729231214576,34.765620214670605,34.35,34.61,71.09690088236995,68.05040456496026,71.09690088236995,68.05040456496026,72.82587282604682,72.46695868828084,72.82587282604682,72.46695868828084,96,101,96,101,-1,4,-1,4,-1,4,-1,4,96,101,96,101
1788328110,34.54,34.55,34.51,34.55,0,0,0,0,0,0,0,0,34.4753542194786,34.763342069914344,34.35,34.61,72.36775716854984,68.66716922261591,72.36775716854984,68.66716922261591,74.20789099375439,73.33742484101762,74.20789099375439,73.33742484101762,96,101,96,101,-1,4,-1,4,-1,4,-1,4,96,101,96,101
1788328134,34.56,34.56,34.52,34.52,0,0,0,0,0,0,0,0,34.4858958765431,34.76105342576926,34.35,34.61,73.15101260889158,69.30771827779814,73.15101260889158,69.30771827779814,75.24962085178953,74.29352284640358,75.24962085178953,74.29352284640358,96,101,96,101,-1,4,-1,4,-1,4,-1,4,96,101,96,101
1788328203,34.51,34.55,34.51,34.55,0,0,0,0,0,0,0,0,34.49512692929284,34.75882072169859,34.35,34.61,74.27514662889135,70.01735089938289,74.27514662889135,70.01735089938289,76.07110358724815,75.18231321682586,76.07110358724815,75.18231321682586,96,101,96,101,-1,4,-1,4,-1,4,-1,4,96,101,96,101
1788328290,34.56,34.58,34.54,34.54,0,0,0,0,0,0,0,0,34.505709911845656,34.75677607106809,34.35,34.61,75.18671022947318,70.7558308036815,75.18671022947318,70.7558308036815,77.41808878906984,76.30020100294786,77.41808878906984,76.30020100294786,96,101,96,101,-1,4,-1,4,-1,4,-1,4,96,101,96,101
1788328395,34.53,34.54,34.5,34.5,0,0,0,0,0,0,0,0,34.507095988479776,34.75435375526973,34.35,34.61,75.50406161519865,71.4341494910411,75.50406161519865,71.4341494910411,77.21550467634543,76.75785283964665,77.21550467634543,76.75785283964665,96,101,96,101,-1,4,-1,4,-1,4,-1,4,96,101,96,101
1788328434,34.49,34.5,34.46,34.5,0,0,0,0,0,0,0,0,34.50338156633194,34.751690202149305,34.35,34.58,75.79874504480087,72.0576631415782,75.79874504480087,72.0576631415782,75.70852781781998,76.23319032873331,75.70852781781998,76.23319032873331,96,101,96,101,-1,4,-1,4,-1,4,-1,4,96,101,96,101
1788328551,34.51,34.55,34.51,34.55,0,0,0,0,0,0,0,0,34.509433402756436,34.74955066448281,34.35,34.58,76.73375531937856,72.7256763098354,76.73375531937856,72.7256763098354,75.88869483951666,76.06094258412499,75.88869483951666,76.06094258412499,96,101,96,101,-1,4,-1,4,-1,4,-1,4,96,101,96,101
1788328611,34.56,34.59,34.550000000000004,34.59,0,0,0,0,0,0,0,0,34.521657632558295,34.747830425698574,34.35,34.59,78.13107967487274,73.49787679055501,78.13107967487274,73.49787679055501,77.76634672880265,76.91364465646382,77.76634672880265,76.91364465646382,96,101,96,101,-1,4,-1,4,-1,4,-1,4,96,101,96,101
1788328635,34.6,34.6,34.56,34.56,0,0,0,0,0,0,0,1,34.53105321451739,34.746094136222304,34.35,34.6,79.03176975100621,74.28843292776232,79.03176975100621,74.28843292776232,79.07445104227044,77.99404784936712,79.07445104227044,77.99404784936712,96,101,96,101,-1,4,-1,4,-1,4,-1,4,96,101,96,101
1788328713,34.550000000000004,34.58,34.54,34.58,0,0,0,0,0,0,0,0,34.53752838763544,34.74430878826653,34.35,34.6,80.13267508625178,75.12332466468938,80.13267508625178,75.12332466468938,79.64623276150668,78.8201403054369,79.64623276150668,78.8201403054369,96,101,96,101,-1,4,-1,4,-1,4,-1,4,96,101,96,101
1788328791,34.59,34.59,34.550000000000004,34.550000000000004,0,0,0,0,0,0,0,0,34.54222019594415,34.742508037471175,34.35,34.6,80.75811892929735,75.92829527391908,80.75811892929735,75.92829527391908,80.13633137799489,79.4782358417159,80.13633137799489,79.4782358417159,96,101,96,101,-1,4,-1,4,-1,4,-1,4,96,101,96,101
1788329004,34.54,34.54,34.5,34.5,0,0,0,0,0,0,0,0,34.536968039105815,34.740227692156374,34.35,34.6,80.67751255074968,76.60675488489487,80.67751255074968,76.60675488489487,77.80916315916035,78.64369950043812,77.80916315916035,78.64369950043812,96,101,96,101,-1,4,-1,4,-1,4,-1,4,96,101,96,101
1788329070,34.49,34.51,34.47,34.51,0,0,0,0,0,0,0,0,34.529640516844154,34.737804199365435,34.36,34.6,80.7349389029448,77.19649545890199,80.7349389029448,77.19649545890199,74.82543655400582,76.73456802722197,74.82543655400582,76.73456802722197,96,101,96,101,-1,4,-1,4,-1,4,-1,4,96,101,96,101
1788329163,34.52,34.53,34.49,34.49,0,0,0,0,0,0,0,0,34.52485739256946,34.735471155922326,34.36,34.6,80.52371310829005,77.67181226595743,80.52371310829005,77.67181226595743,72.59762693640084,74.6660974818114,72.59762693640084,74.6660974818114,96,101,96,101,-1,4,-1,4,-1,4,-1,4,96,101,96,101
1788329346,34.480000000000004,34.49,34.45,34.45,0,0,0,1,0,0,0,0,34.51367119998107,34.73276331689159,34.410000000000004,34.6,79.79847434129582,77.9756211338629,79.79847434129582,77.9756211338629,68.4902736377948,71.5781855598031,68.4902736377948,71.5781855598031,96,101,96,101,-1,4,-1,4,-1,4,-1,4,96,101,96,101
1788329547,34.44,34.48,34.44,34.48,0,0,0,0,0,0,0,0,34.50512492119663,34.73011558902866,34.42,34.6,79.52186374019793,78.19651293476791,79.52186374019793,78.19651293476791,64.9696850961317,68.2739353279674,64.9696850961317,68.2739353279674,96,101,96,101,-1,4,-1,4,-1,4,-1,4,96,101,96,101
1788329619,34.49,34.51,34.47,34.51,0,0,0,0,0,0,0,0,34.503587056736635,34.72779271417928,34.42,34.6,79.66183643600387,78.40584486351591,79.66183643600387,78.40584486351591,63.8201696428384,66.0470524854029,63.8201696428384,66.0470524854029,96,101,96,101,-1,4,-1,4,-1,4,-1,4,96,101,96,101
1788329643,34.52,34.52,34.480000000000004,34.480000000000004,0,0,0,0,0,0,0,0,34.50172274339058,34.72545978501663,34.44,34.6,79.39498568528407,78.54715069519708,79.39498568528407,78.54715069519708,62.72498057298286,64.38601652919289,62.72498057298286,64.38601652919289,96,101,96,101,-1,4,-1,4,-1,4,-1,4,96,101,96,101
1788329703,34.47,34.47,34.43,34.43,0,0,0,0,0,0,0,0,34.49110648701654,34.72265255664168,34.43,34.6,78.48582004109711,78.53838917318281,78.48582004109711,78.53838917318281,59.038994337281856,61.71250543323737,59.038994337281856,61.71250543323737,96,101,96,101,-1,4,-1,4,-1,4,-1,4,96,101,96,101
1788329775,34.42,34.42,34.38,34.38,0,0,0,0,0,0,0,0,34.47332954998323,34.71937574844955,34.38,34.6,76.98021913869074,78.31579345396965,76.98021913869074,78.31579345396965,53.23342371767013,57.472964575453744,53.23342371767013,57.472964575453744,96,101,96,101,-1,4,-1,4,-1,4,-1,4,96,101,96,101
1788329856,34.37,34.41,34.37,34.41,0,0,0,0,0,0,0,0,34.45939084392567,34.71616471280992,34.37,34.6,75.97898655471015,77.98196389693257,75.97898655471015,77.98196389693257,48.14293461514565,52.8079495952997,48.14293461514565,52.8079495952997,96,101,96,101,-1,4,-1,4,-1,4,-1,4,96,101,96,101
1788329889,34.42,34.42,34.38,34.38,0,0,0,0,0,0,0,0,34.44738038745434,34.71295246027781,34.37,34.6,74.6524451870457,77.50631836694872,74.6524451870457,77.50631836694872,43.89394395583909,48.3509467755694,43.89394395583909,48.3509467755694,96,101,96,101,-1,4,-1,4,-1,4,-1,4,96,101,96,101
1788329958,34.37,34.41,34.37,34.41,0,0,0,0,0,0,1,0,34.43815971094749,34.70980533795332,34.37,34.6,73.81748217103974,76.97934176753314,73.81748217103974,76.97934176753314,40.1376662478619,44.24430651171565,40.1376662478619,44.24430651171565,96,101,96,101,-1,4,-1,4,-1,4,-1,4,96,101,96,101
1788330255,34.43,34.43,34.39,34.39,0,0,0,0,0,0,0,0,34.431827642290365,34.70675586527054,34.37,34.6,72.66568399398746,76.36310494274092,72.66568399398746,76.36310494274092,37.603713926739026,40.92401021922734,37.603713926739026,40.92401021922734,96,101,96,101,-1,4,-1,4,-1,4,-1,4,96,101,96,101
1788330327,34.38,34.41,34.37,34.41,0,0,0,0,0,0,0,0,34.42543473763151,34.70367040060781,34.37,34.6,71.64194466108353,75.68865347393272,71.64194466108353,75.68865347393272,34.86032622291913,37.892168221073234,34.86032622291913,37.892168221073234,96,101,96,101,-1,4,-1,4,-1,4,-1,4,96,101,96,101
1788330447,34.42,34.44,34.4,34.44,0,0,0,0,0,0,0,0,34.42565872472881,34.7009141445487,34.37,34.6,70.84359977665393,74.99650294575004,70.84359977665393,74.99650294575004,34.33742247678759,36.114795348930414,34.33742247678759,36.114795348930414,96,101,96,101,-1,4,-1,4,-1,4,-1,4,96,101,96,101
1788330573,34.45,34.46,34.42,34.42,0,0,0,0,0,0,0,0,34.42705410811145,34.69825164891471,34.37,34.6,69.53334264975011,74.21605147489291,69.53334264975011,74.21605147489291,33.83683831343725,34.975816831183835,33.83683831343725,34.975816831183835,96,101,96,101,-1,4,-1,4,-1,4,-1,4,96,101,96,101
1788330690,34.410000000000004,34.42,34.38,34.42,0,0,0,0,0,0,0,0,34.42334730057603,34.695350305807764,34.37,34.6,68.31667531762513,73.37328345242608,68.31667531762513,73.37328345242608,31.979194744851203,33.47750578801752,31.979194744851203,33.47750578801752,96,101,96,101,-1,4,-1,4,-1,4,-1,4,96,101,96,101
1788330783,34.44,34.46,34.42,34.42,0,0,0,0,0,0,0,0,34.42516294289554,34.69274317175329,34.37,34.59,67.18691279493764,72.48951621564201,67.18691279493764,72.48951621564201,31.261670029748462,32.36958790888299,31.261670029748462,32.36958790888299,96,101,96,101,-1,4,-1,4,-1,4,-1,4,96,101,96,101
1788331323,34.410000000000004,34.44,34.4,34.44,0,0,0,0,0,0,0,0,34.42543634721756,34.69009564433949,34.37,34.59,66.49499045244205,71.63315539232772,66.49499045244205,71.63315539232772,30.27397803792126,31.321782973402126,30.27397803792126,31.321782973402126,96,101,96,101,-1,4,-1,4,-1,4,-1,4,96,101,96,101
1788331443,34.45,34.47,34.43,34.43,0,0,0,0,0,0,0,0,34.42869034469316,34.68764029796132,34.37,34.54,65.67391970583904,70.78183600854364,65.67391970583904,70.78183600854364,30.42117372194458,30.871478347673353,30.42117372194458,30.871478347673353,96,101,96,101,-1,4,-1,4,-1,4,-1,4,96,101,96,101
1788331707,34.42,34.43,34.39,34.39,0,0,0,0,0,0,0,0,34.42407997899137,34.684811372940146,34.37,34.53,63.760703218914045,69.77881703859656,63.760703218914045,69.77881703859656,28.187093003903588,29.529285675788472,28.187093003903588,29.529285675788472,96,101,96,101,-1,4,-1,4,-1,4,-1,4,96,101,96,101
1788331839,34.38,34.4,34.36,34.36,0,0,0,0,0,0,0,0,34.41485331614445,34.681712088963955,34.36,34.53,60.937969006307604,68.51583874826956,60.937969006307604,68.51583874826956,24.874651146203096,27.201968410995782,24.874651146203096,27.201968410995782,96,101,96,101,-1,4,-1,4,-1,4,-1,4,96,101,96,101
1788331962,34.35,34.38,34.34,34.38,0,0,0,0,0,0,1,0,34.40609210714849,34.67857730864259,34.34,34.52,58.42857490677871,67.074801056628,58.42857490677871,67.074801056628,22.7497009824596,24.97583469672769,22.7497009824596,24.97583469672769,96,101,96,101,-1,4,-1,4,-1,4,-1,4,96,101,96,101
1788332175,34.39,34.410000000000004,34.370000000000005,34.370000000000005,0,0,0,0,0,0,0,0,34.401954148273006,34.67563955764449,34.34,34.52,55.04875606423106,65.35679462914273,55.04875606423106,65.35679462914273,21.807436006943497,23.391635351835596,21.807436006943497,23.391635351835596,96,101,96,101,-1,4,-1,4,-1,4,-1,4,96,101,96,101
1788332190,34.36,34.39,34.35,34.35,0,0,0,0,0,0,0,0,34.39493218192034,34.672532033024474,34.34,34.52,51.38125232419334,63.36028858557853,51.38125232419334,63.36028858557853,19.790989104852457,21.591312228344027,19.790989104852457,21.591312228344027,96,101,96,101,-1,4,-1,4,-1,4,-1,4,96,101,96,101
1788332399,34.34,34.38,34.34,34.38,0,0,0,0,0,0,0,0,34.38979299732876,34.6694885965433,34.34,34.52,48.769363930666294,61.27587077773393,48.769363930666294,61.27587077773393,18.28238626569777,19.9368492470209,18.28238626569777,19.9368492470209,96,101,96,101,-1,4,-1,4,-1,4,-1,4,96,101,96,101
1788399000,34.94,34.94,34.9,34.9,0,0,0,0,0,0,0,1,34.484982149329596,34.671914912332255,34.34,34.94,51.95250460228537,59.943961324098424,51.95250460228537,59.943961324098424,29.384902513455202,24.660875880238052,29.384902513455202,24.660875880238052,96,101,96,101,-1,4,-1,4,-1,4,-1,4,96,101,96,101
1788399009,34.81,34.81,34.77,34.77,0,0,0,0,0,0,0,0,34.53922781914846,34.67302355333724,34.34,34.94,53.36065903545551,59.003489568578004,53.36065903545551,59.003489568578004,35.806106916294986,30.23349139826652,35.806106916294986,30.23349139826652,96,101,96,101,-1,4,-1,4,-1,4,-1,4,96,101,96,101
1788399012,34.72,34.76,34.72,34.76,0,0,0,0,0,0,0,0,34.57694397324268,34.67375632063405,34.34,34.94,54.549183390065814,58.367160114504834,54.549183390065814,58.367160114504834,40.309996404443325,35.271743901354924,40.309996404443325,35.271743901354924,96,101,96,101,-1,4,-1,4,-1,4,-1,4,96,101,96,101
1788399015,34.78,34.78,34.74,34.74,0,0,0,0,0,0,0,0,34.60901476598644,34.674548131705684,34.34,34.94,55.41471790982305,57.94538265669315,55.41471790982305,57.94538265669315,44.45618739428477,39.863965647819846,44.45618739428477,39.863965647819846,96,101,96,101,-1,4,-1,4,-1,4,-1,4,96,101,96,101
1788399018,34.67,34.71,34.67,34.71,0,0,0,0,0,0,0,0,34.62495147520102,34.67476821663067,34.34,34.94,55.86128567816903,57.64765451690399,55.86128567816903,57.64765451690399,46.533874909387,43.198920278603424,46.533874909387,43.198920278603424,96,101,96,101,-1,4,-1,4,-1,4,-1,4,96,101,96,101
1788399024,34.730000000000004,34.77,34.730000000000004,34.77,0,0,0,0,0,0,0,0,34.64889969183114,34.67558312658127,34.34,34.94,56.990241463061764,57.5537383663551,56.990241463061764,57.5537383663551,49.74332135090327,46.47112081475335,49.74332135090327,46.47112081475335,96,101,96,101,-1,4,-1,4,-1,4,-1,4,96,101,96,101
1788399027,34.800000000000004,34.84,34.800000000000004,34.84,0,0,0,0,0,0,0,0,34.68122095998306,34.67708644538809,34.34,34.94,58.871890882366934,57.7420458686425,58.871890882366934,57.7420458686425,54.160942110298194,50.31603146252577,54.160942110298194,50.31603146252577,96,101,96,101,-1,4,-1,4,-1,4,-1,4,96,101,96,101
1788399033,34.89,34.89,34.85,34.85,0,0,0,0,0,0,0,0,34.7143323005922,34.67893964825322,34.34,34.94,60.73818439076933,58.17006565751776,60.73818439076933,58.17006565751776,58.947474189779435,54.631752826152606,58.947474189779435,54.631752826152606,96,101,96,101,-1,4,-1,4,-1,4,-1,4,96,101,96,101
1788399036,34.82,34.86,34.82,34.86,0,0,0,0,0,0,0,0,34.73839309442392,34.68060857380957,34.34,34.94,62.59021883904772,58.80151611202204,62.59021883904772,58.80151611202204,62.52640644838243,58.57907963726752,62.52640644838243,58.57907963726752,96,101,96,101,-1,4,-1,4,-1,4,-1,4,96,101,96,101
1788399039,34.9,34.9,34.86,34.86,0,0,0,0,0,0,0,0,34.76292768331654,34.68252623310831,34.34,34.94,64.30996511244909,59.588437397797335,64.30996511244909,59.588437397797335,66.355967431947,62.46752353460725,66.355967431947,62.46752353460725,96,101,96,101,-1,4,-1,4,-1,4,-1,4,96,101,96,101
1788399051,34.800000000000004,34.800000000000004,34.760000000000005,34.760000000000005,0,0,0,0,0,0,0,0,34.76481961968323,34.683429786344384,34.34,34.94,64.71639617584565,60.32100293751852,64.71639617584565,60.32100293751852,67.25749589405007,64.86250971432867,67.25749589405007,64.86250971432867,96,101,96,101,-1,4,-1,4,-1,4,-1,4,96,101,96,101
1788399069,34.75,34.79,34.75,34.75,0,0,0,0,0,0,0,0,34.76454938580143,34.68422484651343,34.34,34.94,64.9747488299519,60.98582377929472,64.9747488299519,60.98582377929472,67.60166314728092,66.2320864308048,67.60166314728092,66.2320864308048,96,101,96,101,-1,4,-1,4,-1,4,-1,4,96,101,96,101
1788399102,34.74,34.78,34.74,34.74,0,0,0,0,0,0,0,0,34.7625101035345,34.68491249314845,34.34,34.94,65.095600104003,61.572934682824474,65.095600104003,61.572934682824474,67.65856841195519,66.94532742138,67.65856841195519,66.94532742138,96,101,96,101,-1,4,-1,4,-1,4,-1,4,96,101,96,101
1788399138,34.71,34.72,34.68,34.68,0,0,0,0,0,0,0,0,34.74993250895247,34.68499628260303,34.34,34.94,64.49353342990754,61.99016307526491,64.49353342990754,61.99016307526491,66.42163006739023,66.68347874438511,66.42163006739023,66.68347874438511,96,101,96,101,-1,4,-1,4,-1,4,-1,4,96,101,96,101
1788399174,34.67,34.71,34.67,34.71,0,0,0,0,0,0,0,0,34.74024781035505,34.685112405827546,34.34,34.94,64.29161437539035,62.318941832425686,64.29161437539035,62.318941832425686,65.36139720062026,66.02243797250269,65.36139720062026,66.02243797250269,96,101,96,101,-1,4,-1,4,-1,4,-1,4,96,101,96,101
1788399204,34.72,34.75,34.71,34.75,0,0,1,0,0,0,0,0,34.7395966933208,34.68562538354734,34.34,34.94,64.58030858667199,62.64199422588945,64.58030858667199,62.64199422588945,65.45262617196033,65.73753207223152,65.45262617196033,65.73753207223152,96,101,96,101,-1,4,-1,4,-1,4,-1,4,96,101,96,101
1788399273,34.77,34.78,34.74,34.74,0,0,0,0,0,0,0,0,34.74209426423217,34.68629909449049,34.34,34.94,64.7293341638145,62.940185645593026,64.7293341638145,62.940185645593026,65.95939386168041,65.84846296695596,65.95939386168041,65.84846296695596,96,101,96,101,-1,4,-1,4,-1,4,-1,4,96,101,96,101
1788399306,34.730000000000004,34.730000000000004,34.690000000000005,34.690000000000005,0,0,0,0,0,0,0,0,34.73504682225057,34.68646858940435,34.34,34.94,64.27247696163734,63.130512976456494,64.27247696163734,63.130512976456494,65.25090902429757,65.54968599562676,65.25090902429757,65.54968599562676,96,101,96,101,-1,4,-1,4,-1,4,-1,4,96,101,96,101
1788399327,34.660000000000004,34.67,34.63,34.63,0,0,0,0,0,0,0,0,34.71837164244744,34.68603938287628,34.34,34.94,63.13396670247278,63.131006365887394,63.13396670247278,63.131006365887394,63.167445830350246,64.3585659129885,63.167445830350246,64.3585659129885,96,101,96,101,-1,4,-1,4,-1,4,-1,4,96,101,96,101
1788399393,34.62,34.66,34.62,34.66,0,0,0,0,0,0,0,0,34.70533437412366,34.68564761455579,34.62,34.94,62.43392146181992,63.03142280816347,62.43392146181992,63.03142280816347,61.38162023553826,62.87009307426338,61.38162023553826,62.87009307426338,96,101,96,101,-1,4,-1,4,-1,4,-1,4,96,101,96,101
1788399396,34.69,34.71,34.67,34.67,0,0,0,0,0,0,0,0,34.701334184889056,34.685624586881936,34.62,34.9,61.90292707168994,62.87020913152439,61.90292707168994,62.87020913152439,60.75567448760427,61.812883780933824,60.75567448760427,61.812883780933824,96,101,96,101,-1,4,-1,4,-1,4,-1,4,96,101,96,101
1788399435,34.65,34.67,34.63,34.63,0,0,0,0,0,0,0,0,34.69078857551529,34.68520377838892,34.62,34.9,60.933670376093055,62.59356073789134,60.933670376093055,62.59356073789134,59.266768608422765,60.5398261946783,59.266768608422765,60.5398261946783,96,101,96,101,-1,4,-1,4,-1,4,-1,4,96,101,96,101
1788399480,34.62,34.64,34.6,34.64,0,1,0,0,0,0,0,0,34.67913004663372,34.684621319565814,34.6,34.9,60.15269392065784,62.244865478286556,60.15269392065784,62.244865478286556,57.65723023579093,59.09852821523461,57.65723023579093,59.09852821523461,96,101,96,101,-1,4,-1,4,-1,4,-1,4,96,101,96,101
1788399510,34.660000000000004,34.7,34.660000000000004,34.7,0,0,0,0,0,0,0,0,34.680500341185166,34.68464167127826,34.6,34.9,60.14178721203945,61.94442572596554,60.14178721203945,61.94442572596554,57.61095924972566,58.35474373248013,57.61095924972566,58.35474373248013,96,101,96,101,-1,4,-1,4,-1,4,-1,4,96,101,96,101
1788399522,34.71,34.73,34.69,34.73,0,0,0,0,0,0,0,0,34.687076036727255,34.68496032794879,34.6,34.9,60.488802411179456,61.73647953813895,60.488802411179456,61.73647953813895,58.38082221405065,58.36778297326539,58.38082221405065,58.36778297326539,96,101,96,101,-1,4,-1,4,-1,4,-1,4,96,101,96,101
1788399531,34.74,34.74,34.7,34.74,0,0,0,0,0,0,0,0,34.694274333079875,34.68537531639374,34.6,34.9,60.930078429428576,61.621279379751755,60.930078429428576,61.621279379751755,59.37403808823405,58.870910530749725,59.37403808823405,58.870910530749725,96,101,96,101,-1,4,-1,4,-1,4,-1,4,96,101,96,101
1788399591,34.76,34.76,34.72,34.72,0,0,0,0,0,0,0,0,34.7013759694896,34.68585251059214,34.6,34.9,61.101739493993186,61.547059396071965,61.101739493993186,61.547059396071965,60.32060407562913,59.59575730318943,60.32060407562913,59.59575730318943,96,101,96,101,-1,4,-1,4,-1,4,-1,4,96,101,96,101
1788399603,34.68,34.71,34.67,34.71,0,0,0,0,0,0,0,0,34.7005197326127,34.68596011413517,34.6,34.9,61.142091434898454,61.489206830190035,61.142091434898454,61.489206830190035,60.17956539815842,59.88766135067392,60.17956539815842,59.88766135067392,96,101,96,101,-1,4,-1,4,-1,4,-1,4,96,101,96,101
1788399627,34.74,34.74,34.7,34.7,0,0,0,0,0,0,0,0,34.70284947819827,34.686232484475454,34.6,34.9,61.06051347526289,61.4279649223433,61.06051347526289,61.4279649223433,60.53486557937408,60.211263465024004,60.53486557937408,60.211263465024004,96,101,96,101,-1,4,-1,4,-1,4,-1,4,96,101,96,101
1788399660,34.68,34.7,34.660000000000004,34.660000000000004,0,0,0,0,0,0,0,0,34.697482906404645,34.68610413471285,34.6,34.800000000000004,60.50857203655368,61.29662308151621,60.50857203655368,61.29662308151621,59.791789544225495,60.00152650462475,59.791789544225495,60.00152650462475,96,101,96,101,-1,4,-1,4,-1,4,-1,4,96,101,96,101
1788399729,34.65,34.660000000000004,34.620000000000005,34.620000000000005,0,0,0,0,0,0,0,0,34.685819347664406,34.68557905211206,34.6,34.79,59.519864510133225,61.0428004284615,59.519864510133225,61.0428004284615,58.250105323621845,59.125815914123294,58.250105323621845,59.125815914123294,96,101,96,101,-1,4,-1,4,-1,4,-1,4,96,101,96,101
1788399762,34.61,34.63,34.59,34.63,0,1,0,0,0,0,0,0,34.67324613293754,34.68489335673449,34.59,34.78,58.720826568933255,60.71108987710032,58.720826568933255,60.71108987710032,56.5477093250094,57.83676261956634,56.5477093250094,57.83676261956634,96,101,96,101,-1,4,-1,4,-1,4,-1,4,96,101,96,101
1788399894,34.660000000000004,34.67,34.63,34.67,0,0,0,0,0,0,0,0,34.67023168452466,34.684612494146755,34.59,34.78,58.455053242580895,60.388798929311825,58.455053242580895,60.388798929311825,56.08851275477004,56.9626376871682,56.08851275477004,56.9626376871682,96,101,96,101,-1,4,-1,4,-1,4,-1,4,96,101,96,101
1788399933,34.68,34.72,34.68,34.72,0,0,0,0,0,0,0,0,34.6768562267323,34.68483193864944,34.59,34.78,58.80350182049177,60.1623279137661,58.80350182049177,60.1623279137661,52.72892930000694,54.84578349358757,52.72892930000694,54.84578349358757,96,101,96,101,-1,4,-1,4,-1,4,-1,4,96,101,96,101
1788399945,34.74,34.78,34.74,34.78,1,0,0,0,0,0,0,0,34.693185397629456,34.685646214550104,34.59,34.78,59.84134692855191,60.116473487306926,59.84134692855191,60.116473487306926,53.214658294015265,54.03022089380141,53.214658294015265,54.03022089380141,96,101,96,101,-1,4,-1,4,-1,4,-1,4,96,101,96,101
1788399963,34.79,34.79,34.75,34.75,0,0,0,0,0,0,0,0,34.70593956775743,34.68641922070715,34.59,34.79,60.447917386036295,60.16382261569684,60.447917386036295,60.16382261569684,53.723163330353984,53.8766921120777,53.723163330353984,53.8766921120777,96,101,96,101,-1,4,-1,4,-1,4,-1,4,96,101,96,101
1788399978,34.74,34.75,34.71,34.71,0,0,0,0,0,0,0,0,34.70910207058942,34.686786525310396,34.59,34.79,60.53497090608134,60.21684380003749,60.53497090608134,60.21684380003749,52.22354091910537,53.05011651559153,52.22354091910537,53.05011651559153,96,101,96,101,-1,4,-1,4,-1,4,-1,4,96,101,96,101
1788400008,34.7,34.7,34.660000000000004,34.660000000000004,0,0,0,0,0,0,0,0,34.702598663815586,34.68665266270366,34.59,34.79,60.02056822231367,60.18880443179123,60.02056822231367,60.18880443179123,48.726168714071875,50.88814261483171,48.726168714071875,50.88814261483171,96,101,96,101,-1,4,-1,4,-1,4,-1,4,96,101,96,101
1788400041,34.65,34.68,34.64,34.68,0,0,0,0,0,0,0,0,34.696065573424875,34.68645379707145,34.59,34.79,59.78100382548173,60.130547202318446,59.78100382548173,60.130547202318446,45.26759161666998,48.07786711575085,45.26759161666998,48.07786711575085,96,101,96,101,-1,4,-1,4,-1,4,-1,4,96,101,96,101
1788400095,34.69,34.73,34.69,34.73,0,0,0,0,0,0,0,0,34.699811226741566,34.68675442263956,34.59,34.79,60.15378926651872,60.13386749720421,60.15378926651872,60.13386749720421,44.515078528574136,46.29647282216249,44.515078528574136,46.29647282216249,96,101,96,101,-1,4,-1,4,-1,4,-1,4,96,101,96,101
1788400110,34.74,34.74,34.7,34.74,0,0,0,0,0,0,0,0,34.704694034000674,34.68715155939605,34.59,34.79,60.618994795100754,60.20317139690371,60.618994795100754,60.20317139690371,44.699560397764245,45.49801660996337,44.699560397764245,45.49801660996337,96,101,96,101,-1,4,-1,4,-1,4,-1,4,96,101,96,101
1788400146,34.78,34.81,34.77,34.81,0,0,0,0,0,0,0,0,34.72141633084904,34.68824126195596,34.59,34.81,61.884304690688836,60.44333329601587,61.884304690688836,60.44333329601587,47.80699646997333,46.65250653996835,47.80699646997333,46.65250653996835,96,101,96,101,-1,4,-1,4,-1,4,-1,4,96,101,96,101
1788400179,34.82,34.84,34.800000000000004,34.800000000000004,0,0,0,0,0,0,0,0,34.73812851311891,34.68948595918359,34.59,34.84,62.940187688973026,60.80002678072403,62.940187688973026,60.80002678072403,51.2078402922351,48.930173416101724,51.2078402922351,48.930173416101724,96,101,96,101,-1,4,-1,4,-1,4,-1,4,96,101,96,101
1788400239,34.79,34.79,34.75,34.75,0,0,0,0,0,0,0,0,34.74271120770335,34.69022075892637,34.59,34.84,63.32541237785591,61.16079615174287,63.32541237785591,61.16079615174287,53.94957739334407,51.4398754047229,53.94957739334407,51.4398754047229,96,101,96,101,-1,4,-1,4,-1,4,-1,4,96,101,96,101
1788400263,34.74,34.74,34.7,34.7,0,0,0,0,0,0,0,0,34.73736977599971,34.69045073479112,34.59,34.84,63.0878829222948,61.436094261821715,63.0878829222948,61.436094261821715,53.442494908580905,52.4411851566519,53.442494908580905,52.4411851566519,96,101,96,101,-1,4,-1,4,-1,4,-1,4,96,101,96,101
1788400308,34.69,34.7,34.660000000000004,34.660000000000004,0,0,0,0,0,0,0,0,34.725726786424005,34.69028041238855,34.59,34.84,62.39112938022617,61.57252785016521,62.39112938022617,61.57252785016521,50.60785277878341,51.524518967717654,50.60785277878341,51.524518967717654,96,101,96,101,-1,4,-1,4,-1,4,-1,4,96,101,96,101
1788400395,34.65,34.69,34.65,34.69,0,0,0,0,0,0,0,0,34.716806764649945,34.69014495223212,34.59,34.84,62.101286805448076,61.64806484377704,62.101286805448076,61.64806484377704,48.17815952467127,49.85133924619446,48.17815952467127,49.85133924619446,96,101,96,101,-1,4,-1,4,-1,4,-1,4,96,101,96,101
1788400467,34.7,34.7,34.660000000000004,34.7,0,0,0,0,0,0,0,0,34.71132674683481,34.6901103424255,34.59,34.84,61.951194890773245,61.691369136205076,61.951194890773245,61.691369136205076,47.12413673543274,48.4877379908136,47.12413673543274,48.4877379908136,96,101,96,101,-1,4,-1,4,-1,4,-1,4,96,101,96,101
1788400512,34.72,34.76,34.72,34.76,0,0,0,0,0,0,0,0,34.71775218680423,34.69067309192044,34.59,34.84,62.526109541432284,61.81061776552325,62.526109541432284,61.81061776552325,49.192117201799284,48.83992759630644,49.192117201799284,48.83992759630644,96,101,96,101,-1,4,-1,4,-1,4,-1,4,96,101,96,101
1788400539,34.78,34.78,34.74,34.74,0,0,0,0,0,0,0,0,34.724221486173164,34.69129657690962,34.59,34.84,62.821863621806195,61.95508145927795,62.821863621806195,61.95508145927795,51.650386172970634,50.24515688463853,51.650386172970634,50.24515688463853,96,101,96,101,-1,4,-1,4,-1,4,-1,4,96,101,96,101
1788400548,34.730000000000004,34.730000000000004,34.690000000000005,34.690000000000005,0,0,0,0,0,0,0,0,34.720423640202284,34.69141634563026,34.59,34.84,62.50125431548677,62.03310615302207,62.50125431548677,62.03310615302207,50.90033100540338,50.57274394502096,50.90033100540338,50.57274394502096,96,101,96,101,-1,4,-1,4,-1,4,-1,4,96,101,96,101
1788400563,34.67,34.67,34.63,34.63,0,0,0,0,0,0,0,0,34.70640722077157,34.690937907696956,34.63,34.84,61.489259959618686,61.95541383967873,61.489259959618686,61.95541383967873,46.82885514748846,48.700799546254714,46.82885514748846,48.700799546254714,96,101,96,101,-1,4,-1,4,-1,4,-1,4,96,101,96,101
1788400581,34.62,34.63,34.59,34.59,0,1,0,0,0,0,0,0,34.687666513964615,34.69006622038985,34.59,34.84,60.07336043869357,61.686549068109414,60.07336043869357,61.686549068109414,40.93901869784701,44.81990912205086,40.93901869784701,44.81990912205086,96,101,96,101,-1,4,-1,4,-1,4,-1,4,96,101,96,101
1788400620,34.58,34.6,34.56,34.6,0,0,0,0,0,0,0,0,34.66930290536499,34.68903736910902,34.56,34.84,58.877644216882125,61.28527694650552,58.877644216882125,61.28527694650552,36.5191588838688,40.66953400295983,36.5191588838688,40.66953400295983,96,101,96,101,-1,4,-1,4,-1,4,-1,4,96,101,96,101
1788400683,34.62,34.65,34.61,34.61,0,0,0,0,0,0,0,0,34.66094480135923,34.68838359760877,34.56,34.84,57.88638391567624,60.79972079924419,57.88638391567624,60.79972079924419,34.363360675969275,37.51644733946455,34.363360675969275,37.51644733946455,96,101,96,101,-1,4,-1,4,-1,4,-1,4,96,101,96,101
1788400776,34.6,34.6,34.56,34.56,0,0,0,0,0,0,0,0,34.64501544353634,34.68723881885976,34.56,34.84,56.37068982646128,60.16700208884663,56.37068982646128,60.16700208884663,30.27063568144296,33.89354151045376,30.27063568144296,33.89354151045376,96,101,96,101,-1,4,-1,4,-1,4,-1,4,96,101,96,101
1788400815,34.550000000000004,34.59,34.550000000000004,34.59,0,0,0,0,0,0,0,0,34.6325883931964,34.68613859843993,34.550000000000004,34.84,55.32040245790455,59.47463071299776,55.32040245790455,59.47463071299776,27.128525165374803,30.51103333791428,27.128525165374803,30.51103333791428,96,101,96,101,-1,4,-1,4,-1,4,-1,4,96,101,96,101
1788400860,34.6,34.63,34.59,34.59,0,0,0,0,0,0,0,0,34.62726929140312,34.685314665453795,34.550000000000004,34.84,54.3451356156733,58.74184569909426,54.3451356156733,58.74184569909426,25.716075757513245,28.11355454771376,25.716075757513245,28.11355454771376,96,101,96,101,-1,4,-1,4,-1,4,-1,4,96,101,96,101
1788400884,34.58,34.59,34.550000000000004,34.59,0,0,0,0,0,0,0,0,34.61806881417831,34.684233590839,34.550000000000004,34.84,53.439530690744284,57.98437212647284,53.439530690744284,57.98437212647284,23.520183161612398,25.816868854663078,23.520183161612398,25.816868854663078,96,101,96,101,-1,4,-1,4,-1,4,-1,4,96,101,96,101
1788401079,34.6,34.62,34.58,34.62,0,0,0,0,0,0,0,0,34.61599569644892,34.68346178064823,34.550000000000004,34.84,50.9044726377423,56.97295791379705,50.9044726377423,56.97295791379705,23.017299852810275,24.417084353736676,23.017299852810275,24.417084353736676,96,101,96,101,-1,4,-1,4,-1,4,-1,4,96,101,96,101
1788401088,34.63,34.64,34.6,34.64,0,0,0,0,0,0,0,0,34.61793587285215,34.68289665513598,34.550000000000004,34.84,49.10517357178107,55.848988722080485,49.10517357178107,55.848988722080485,23.67000085905898,24.04354260639783,23.67000085905898,24.04354260639783,96,101,96,101,-1,4,-1,4,-1,4,-1,4,96,101,96,101
1788401139,34.65,34.660000000000004,34.620000000000005,34.620000000000005,0,0,0,0,0,0,0,0,34.62073541112146,34.682403487754854,34.550000000000004,34.84,47.02623260236817,54.58859499069301,47.02623260236817,54.58859499069301,24.426503199390275,24.235022902894052,24.426503199390275,24.235022902894052,96,101,96,101,-1,4,-1,4,-1,4,-1,4,96,101,96,101
1788401217,34.61,34.61,34.57,34.57,0,0,0,0,0,0,0,0,34.6139350333418,34.68141771507404,34.550000000000004,34.79,44.075379253219346,53.08670702819677,44.075379253219346,53.08670702819677,22.71040175711257,23.47271233000331,22.71040175711257,23.47271233000331,96,101,96,101,-1,4,-1,4,-1,4,-1,4,96,101,96,101
1788401355,34.56,34.56,34.52,34.52,0,0,0,0,0,0,0,0,34.59928017879481,34.67994423863881,34.52,34.78,40.92713787798939,51.34962572102428,40.92713787798939,51.34962572102428,20.180344363239268,21.826528346621288,20.180344363239268,21.826528346621288,96,101,96,101,-1,4,-1,4,-1,4,-1,4,96,101,96,101
1788401415,34.51,34.52,34.480000000000004,34.480000000000004,0,0,0,0,0,0,0,0,34.58001711598363,34.6780874137104,34.480000000000004,34.78,38.00377088670443,49.443075030407165,38.00377088670443,49.443075030407165,17.85299358118933,19.83976096390531,17.85299358118933,19.83976096390531,96,101,96,101,-1,4,-1,4,-1,4,-1,4,96,101,96,101
1788401472,34.47,34.48,34.44,34.48,0,0,0,0,0,0,0,0,34.55940794338054,34.67598372468509,34.44,34.78,35.910333835790745,47.50982628831911,35.910333835790745,47.50982628831911,16.373994498162308,18.10687773103381,16.373994498162308,18.10687773103381,96,101,96,101,-1,4,-1,4,-1,4,-1,4,96,101,96,101
1788401553,34.49,34.51,34.47,34.51,0,0,0,0,0,0,1,0,34.548000438523474,34.67419947535157,34.44,34.78,34.43226651211625,45.64160346314727,34.43226651211625,45.64160346314727,16.106280998425053,17.10657936472943,16.106280998425053,17.10657936472943,96,101,96,101,-1,4,-1,4,-1,4,-1,4,96,101,96,101
1788401703,34.52,34.52,34.480000000000004,34.480000000000004,0,0,0,0,0,0,0,0,34.53806096485254,34.672399812246915,34.44,34.78,32.5939369165304,43.77765109934486,32.5939369165304,43.77765109934486,15.805383712936145,16.455981538832788,15.805383712936145,16.455981538832788,96,101,96,101,-1,4,-1,4,-1,4,-1,4,96,101,96,101
1788401775,34.47,34.49,34.45,34.49,0,0,0,0,0,0,0,0,34.52689836518238,34.670452218758555,34.44,34.78,31.042196080877677,41.95830038242097,31.042196080877677,41.95830038242097,14.90461461108824,15.680298074960515,14.90461461108824,15.680298074960515,96,101,96,101,-1,4,-1,4,-1,4,-1,4,96,101,96,101
1788401841,34.51,34.52,34.480000000000004,34.480000000000004,0,0,0,0,0,0,0,0,34.52079563211892,34.66868984178915,34.44,34.730000000000004,29.5391820751008,40.18414062423238,29.5391820751008,40.18414062423238,14.703955380933076,15.192126727946796,14.703955380933076,15.192126727946796,96,101,96,101,-1,4,-1,4,-1,4,-1,4,96,101,96,101
1788401967,34.47,34.51,34.47,34.51,0,0,0,0,0,0,0,0,34.51640854749124,34.666978168404846,34.44,34.67,28.679240498307873,38.54058346338602,28.679240498307873,38.54058346338602,14.53196175508554,14.862044241516168,14.53196175508554,14.862044241516168,96,101,96,101,-1,4,-1,4,-1,4,-1,4,96,101,96,101
1788401988,34.53,34.57,34.53,34.57,0,0,0,0,0,0,0,0,34.523728205523135,34.66588054152188,34.44,34.660000000000004,28.952151891285894,37.17080752451458,28.952151891285894,37.17080752451458,16.527395790073417,15.694720015794793,16.527395790073417,15.694720015794793,96,101,96,101,-1,4,-1,4,-1,4,-1,4,96,101,96,101
1788402069,34.58,34.6,34.56,34.56,0,0,0,0,0,0,0,0,34.53274731967044,34.66495967377871,34.44,34.660000000000004,29.02699818476552,36.00740619026472,29.02699818476552,36.00740619026472,18.880624962920184,17.28767248935749,18.880624962920184,17.28767248935749,96,101,96,101,-1,4,-1,4,-1,4,-1,4,96,101,96,101
1788402093,34.54,34.58,34.54,34.58,0,0,0,0,0,0,0,0,34.538914473669756,34.66398163390695,34.44,34.660000000000004,29.45364117156796,35.07115404473661,29.45364117156796,35.07115404473661,20.611964253931607,18.949818371644547,20.611964253931607,18.949818371644547,96,101,96,101,-1,4,-1,4,-1,4,-1,4,96,101,96,101
1788402171,34.6,34.61,34.57,34.57,0,0,0,0,0,0,0,0,34.54699062997223,34.663179163254476,34.44,34.660000000000004,29.67123823074169,34.299737499880194,29.67123823074169,34.299737499880194,22.810255074798388,20.880036723221465,22.810255074798388,20.880036723221465,96,101,96,101,-1,4,-1,4,-1,4,-1,4,96,101,96,101
1788402243,34.56,34.56,34.52,34.52,0,0,0,0,0,0,0,0,34.5445074851288,34.661887164946805,34.44,34.660000000000004,28.980435499974504,33.53983721417938,28.980435499974504,33.53983721417938,22.980218635541558,21.930127679381513,22.980218635541558,21.930127679381513,96,101,96,101,-1,4,-1,4,-1,4,-1,4,96,101,96,101
1788402264,34.51,34.53,34.49,34.49,0,0,0,0,0,0,0,0,34.53702127571144,34.660309514881,34.44,34.660000000000004,27.803261535690677,32.720326402966705,27.803261535690677,32.720326402966705,22.227942503933473,22.079035091657495,22.227942503933473,22.079035091657495,96,101,96,101,-1,4,-1,4,-1,4,-1,4,96,101,96,101
1788402378,34.480000000000004,34.5,34.46,34.46,0,0,0,0,0,0,0,0,34.52544164982451,34.658449055363114,34.44,34.660000000000004,26.17445714028425,31.7852022225835,26.17445714028425,31.7852022225835,20.397059961354877,21.238047526506186,20.397059961354877,21.238047526506186,96,101,96,101,-1,4,-1,4,-1,4,-1,4,96,101,96,101
1788402414,34.45,34.46,34.42,34.42,0,0,0,0,0,0,0,0,34.508694683189745,34.65620909792998,34.42,34.660000000000004,24.304853058835374,30.716580913476623,24.304853058835374,30.716580913476623,18.038749808145567,19.638398667325877,18.038749808145567,19.638398667325877,96,101,96,101,-1,4,-1,4,-1,4,-1,4,96,101,96,101
1788402549,34.4,34.44,34.4,34.44,0,0,0,0,0,0,0,0,34.493780498367364,34.653925093638804,34.4,34.660000000000004,23.218142775412044,29.645375465181683,23.218142775412044,29.645375465181683,16.36404118893683,18.001219928131356,16.36404118893683,18.001219928131356,96,101,96,101,-1,4,-1,4,-1,4,-1,4,96,101,96,101
1788402633,34.49,34.5,34.46,34.5,0,0,0,0,0,0,0,0,34.49248707442178,34.65226083068386,34.4,34.660000000000004,23.183080629116382,28.722190488600923,23.183080629116382,28.722190488600923,17.409779665705358,17.705499796918357,17.409779665705358,17.705499796918357,96,101,96,101,-1,4,-1,4,-1,4,-1,4,96,101,96,101
1788402711,34.51,34.51,34.47,34.47,0,0,0,0,0,0,0,0,34.49082275786024,34.65057996006345,34.4,34.61,22.663509934828845,27.856664695204916,22.663509934828845,27.856664695204916,18.155750991657147,17.930625394287752,18.155750991657147,17.930625394287752,96,101,96,101,-1,4,-1,4,-1,4,-1,4,96,101,96,101
1788402789,34.46,34.5,34.46,34.5,0,0,0,0,0,0,0,0,34.49006710491596,34.648948982019704,34.4,34.61,22.668064420003414,27.115436084461845,22.668064420003414,27.115436084461845,18.719967015405473,18.325296204846612,18.719967015405473,18.325296204846612,96,101,96,101,-1,4,-1,4,-1,4,-1,4,96,101,96,101
1788402936,34.52,34.550000000000004,34.510000000000005,34.510000000000005,0,0,0,0,0,0,0,0,34.49611551008275,34.6476990750676,34.4,34.61,22.834631247146113,26.503892536273884,22.834631247146113,26.503892536273884,21.240491208010305,19.78289370642846,21.240491208010305,19.78289370642846,96,101,96,101,-1,4,-1,4,-1,4,-1,4,96,101,96,101
1788403074,34.5,34.53,34.49,34.53,0,0,0,0,0,0,0,0,34.4998520840071,34.64639527000888,34.4,34.61,23.313975768453876,26.048190140871025,23.313975768453876,26.048190140871025,24.343701458718115,22.063297582573288,24.343701458718115,22.063297582573288,96,101,96,101,-1,4,-1,4,-1,4,-1,4,96,101,96,101
1788403200,34.54,34.550000000000004,34.510000000000005,34.510000000000005,0,0,0,0,0,0,0,0,34.50412140206642,34.64517077312654,34.4,34.61,23.434406070707258,25.674792416561917,23.434406070707258,25.674792416561917,27.679216634945583,24.871257108759437,27.679216634945583,24.871257108759437,96,101,96,101,-1,4,-1,4,-1,4,-1,4,96,101,96,101
1788403278,34.5,34.51,34.47,34.47,0,0,0,0,0,0,0,0,34.50034175320585,34.64356045034253,34.4,34.61,22.89688355916323,25.277948294076392,22.89688355916323,25.277948294076392,28.340427445337664,26.605842277048552,28.340427445337664,26.605842277048552,96,101,96,101,-1,4,-1,4,-1,4,-1,4,96,101,96,101
1788403344,34.46,34.5,34.46,34.5,0,0,0,0,0,0,0,0,34.497855373835094,34.64199931816665,34.4,34.61,22.884768499742485,24.936065466314403,22.884768499742485,24.936065466314403,28.90717956853127,27.75651092278991,28.90717956853127,27.75651092278991,96,101,96,101,-1,4,-1,4,-1,4,-1,4,96,101,96,101
1788403398,34.51,34.53,34.49,34.49,0,0,0,0,0,0,0,0,34.498851366471136,34.64061955712353,34.4,34.61,22.71118113937131,24.618224848179675,22.71118113937131,24.618224848179675,30.381978091707833,29.06924450724887,30.381978091707833,29.06924450724887,96,101,96,101,-1,4,-1,4,-1,4,-1,4,96,101,96,101
1788403659,34.480000000000004,34.5,34.46,34.5,0,0,0,0,0,0,0,0,34.49663596650669,34.63908768756674,34.4,34.61,22.712330538507132,24.345954232512167,22.712330538507132,24.345954232512167,30.876860342342937,29.973052424795902,30.876860342342937,29.973052424795902,96,101,96,101,-1,4,-1,4,-1,4,-1,4,96,101,96,101
1788403815,34.52,34.550000000000004,34.510000000000005,34.510000000000005,0,0,0,0,0,0,0,0,34.501490033202444,34.637935902947504,34.4,34.61,22.87573550004242,24.13592298501649,22.87573550004242,24.13592298501649,33.05928688684391,31.516169655819905,33.05928688684391,31.516169655819905,96,101,96,101,-1,4,-1,4,-1,4,-1,4,96,101,96,101
1788403911,34.5,34.51,34.47,34.51,0,0,0,0,0,0,0,0,34.50061305746866,34.63653023890491,34.4,34.61,23.02746867861079,23.977572369815675,23.02746867861079,23.977572369815675,33.83103711180024,32.673603383810075,33.83103711180024,32.673603383810075,96,101,96,101,-1,4,-1,4,-1,4,-1,4,96,101,96,101
1788404028,34.52,34.52,34.480000000000004,34.480000000000004,0,0,0,0,0,0,0,0,34.49928947126224,34.63510539407335,34.4,34.61,22.681350785982822,23.792397857839553,22.681350785982822,23.792397857839553,34.27275708484026,33.47318023432517,34.27275708484026,33.47318023432517,96,101,96,101,-1,4,-1,4,-1,4,-1,4,96,101,96,101
1788404178,34.47,34.48,34.44,34.48,0,0,0,0,0,0,0,0,34.49335805224486,34.63342938683547,34.4,34.61,22.35995559997102,23.58776324957262,22.35995559997102,23.58776324957262,33.22280277601686,33.34799150517102,33.22280277601686,33.34799150517102,96,101,96,101,-1,4,-1,4,-1,4,-1,4,96,101,96,101
1788404271,34.49,34.53,34.49,34.53,0,0,0,0,0,0,0,0,34.497595982139735,34.632267568724345,34.4,34.56,22.87320552464843,23.48568357458345,22.87320552464843,23.48568357458345,34.740424357465116,34.04420793131807,34.740424357465116,34.04420793131807,96,101,96,101,-1,4,-1,4,-1,4,-1,4,96,101,96,101
1788404322,34.54,34.54,34.5,34.5,0,0,0,0,0,0,0,0,34.500457318720386,34.63108414349657,34.4,34.550000000000004,22.862781753407315,23.39669760012972,22.862781753407315,23.39669760012972,37.66866305469794,35.85643549300801,37.66866305469794,35.85643549300801,96,101,96,101,-1,4,-1,4,-1,4,-1,4,96,101,96,101
1788404385,34.49,34.52,34.480000000000004,34.52,0,0,0,0,0,0,0,0,34.501586291074254,34.62984615865249,34.4,34.550000000000004,23.17777786193022,23.365423351815505,23.17777786193022,23.365423351815505,39.49830982919744,37.67737266110272,39.49830982919744,37.67737266110272,96,101,96,101,-1,4,-1,4,-1,4,-1,4,96,101,96,101
1788404424,34.53,34.55,34.51,34.55,0,0,0,0,0,0,0,0,34.50796454118196,34.62891899952825,34.4,34.550000000000004,23.95728723542866,23.44997533518881,23.95728723542866,23.44997533518881,43.24344924135274,40.46041095122773,43.24344924135274,40.46041095122773,96,101,96,101,-1,4,-1,4,-1,4,-1,4,96,101,96,101
1788404556,34.57,34.59,34.550000000000004,34.59,0,0,0,0,0,0,0,0,34.520455836724636,34.62839907581819,34.4,34.59,25.33046801731367,23.718617146920934,25.33046801731367,23.718617146920934,49.17465717286042,44.817534062044075,49.17465717286042,44.817534062044075,96,101,96,101,-1,4,-1,4,-1,4,-1,4,96,101,96,101
1788404610,34.6,34.61,34.57,34.61,0,0,0,0,0,0,0,0,34.53431235125955,34.62808333045349,34.44,34.61,26.930239782310725,24.17742038054805,26.930239782310725,24.17742038054805,55.75514832503696,50.28634119354052,55.75514832503696,50.28634119354052,96,101,96,101,-1,4,-1,4,-1,4,-1,4,96,101,96,101
1788404637,34.62,34.63,34.59,34.63,0,0,0,0,0,0,0,0,34.54928586315175,34.62796973180885,34.44,34.63,28.740417460197644,24.829277106212277,28.740417460197644,24.829277106212277,61.454723409038024,55.87053230128927,61.454723409038024,55.87053230128927,96,101,96,101,-1,4,-1,4,-1,4,-1,4,96,101,96,101
1788404745,34.64,34.65,34.61,34.61,0,0,0,0,0,0,0,1,34.5627490395484,34.62792359849068,34.44,34.65,30.09662140784584,25.581754863588504,30.09662140784584,25.581754863588504,65.47547720774709,60.67300475451818,65.47547720774709,60.67300475451818,96,101,96,101,-1,4,-1,4,-1,4,-1,4,96,101,96,101
1788404838,34.6,34.64,34.6,34.64,0,0,0,0,0,0,0,0,34.57437042629718,34.627911091706366,34.44,34.65,32.34246713146128,26.54757090185604,32.34246713146128,26.54757090185604,68.92183760664058,64.79742118057938,68.92183760664058,64.79742118057938,96,101,96,101,-1,4,-1,4,-1,4,-1,4,96,101,96,101
1788404880,34.65,34.69,34.65,34.69,0,0,0,0,0,0,0,0,34.592969742727995,34.628396221805474,34.44,34.69,35.48341872733429,27.82412059121008,35.48341872733429,27.82412059121008,72.57339775150481,68.6854094660421,72.57339775150481,68.6854094660421,96,101,96,101,-1,4,-1,4,-1,4,-1,4,96,101,96,101
1788404889,34.72,34.74,34.7,34.7,0,0,0,0,0,0,0,0,34.614854031928964,34.62924136719381,34.44,34.74,38.58798656259993,29.36181572998006,38.58798656259993,29.36181572998006,75.3150131987689,72.0002113324055,75.3150131987689,72.0002113324055,96,101,96,101,-1,4,-1,4,-1,4,-1,4,96,101,96,101
1788404994,34.69,34.72,34.68,34.72,0,0,0,0,0,0,0,0,34.63154723824491,34.63001176818359,34.44,34.74,41.846739402113435,31.14537625457054,41.846739402113435,31.14537625457054,77.41286845608768,74.70653989424659,77.41286845608768,74.70653989424659,96,101,96,101,-1,4,-1,4,-1,4,-1,4,96,101,96,101
1788405201,34.730000000000004,34.730000000000004,34.690000000000005,34.690000000000005,0,0,0,0,0,0,0,0,34.64459925553372,34.63074133599603,34.44,34.74,44.30881440722571,33.02586741923557,44.30881440722571,33.02586741923557,79.21103010521807,76.95878499973233,79.21103010521807,76.95878499973233,96,101,96,101,-1,4,-1,4,-1,4,-1,4,96,101,96,101
1788405264,34.68,34.68,34.64,34.68,0,0,0,0,0,0,0,0,34.648611512103344,34.63109880197285,34.44,34.74,46.40705698716071,34.937465928939154,46.40705698716071,34.937465928939154,79.32374009018704,78.14126254495969,79.32374009018704,78.14126254495969,96,101,96,101,-1,4,-1,4,-1,4,-1,4,96,101,96,101
1788405318,34.7,34.7,34.660000000000004,34.660000000000004,0,0,0,0,0,0,0,0,34.65310638869062,34.63151904606599,34.44,34.74,47.97948524747636,36.80061154587304,47.97948524747636,36.80061154587304,79.58841587562253,78.86483921029111,79.58841587562253,78.86483921029111,96,101,96,101,-1,4,-1,4,-1,4,-1,4,96,101,96,101
1788405384,34.65,34.68,34.64,34.64,0,0,0,0,0,0,0,0,34.65314765135293,34.63173610365074,34.44,34.74,49.59439596509359,38.62829503433312,49.59439596509359,38.62829503433312,78.72284385977748,78.79384153503429,78.72284385977748,78.79384153503429,96,101,96,101,-1,4,-1,4,-1,4,-1,4,96,101,96,101
1788405474,34.63,34.65,34.61,34.65,0,0,0,0,0,0,0,0,34.6501511086827,34.63178516397925,34.44,34.74,51.30403995078013,40.439115736682695,51.30403995078013,40.439115736682695,77.47672330838058,78.13528242170744,77.47672330838058,78.13528242170744,96,101,96,101,-1,4,-1,4,-1,4,-1,4,96,101,96,101
1788405603,34.660000000000004,34.66,34.62,34.66,0,0,0,0,0,0,0,0,34.649517573770694,34.63193323863286,34.44,34.74,53.10165054253103,42.24804928037531,53.10165054253103,42.24804928037531,76.99685527272958,77.5660688472185,76.99685527272958,77.5660688472185,96,101,96,101,-1,4,-1,4,-1,4,-1,4,96,101,96,101
1788405720,34.68,34.69,34.65,34.65,0,0,0,0,0,0,0,0,34.65202953005481,34.6322456773861,34.44,34.74,54.5607763441149,44.00701028948097,54.5607763441149,44.00701028948097,77.08974149427242,77.32790517074545,77.08974149427242,77.32790517074545,96,101,96,101,-1,4,-1,4,-1,4,-1,4,96,101,96,101
1788406044,34.64,34.68,34.64,34.64,0,0,0,0,0,0,0,0,34.65226658519636,34.63245550480846,34.480000000000004,34.74,55.70559484054366,45.67823665391849,55.70559484054366,45.67823665391849,75.98168318556695,76.65479417815621,75.98168318556695,76.65479417815621,96,101,96,101,-1,4,-1,4,-1,4,-1,4,96,101,96,101
1788406122,34.63,34.67,34.63,34.63,0,0,0,0,0,0,0,0,34.6506423575849,34.632563741908214,34.480000000000004,34.74,56.5585565536141,47.232568068160724,56.5585565536141,47.232568068160724,74.55572844477156,75.60526131146389,74.55572844477156,75.60526131146389,96,101,96,101,-1,4,-1,4,-1,4,-1,4,96,101,96,101
1788411615,34.62,34.64,34.6,34.6,0,0,0,0,0,0,0,0,34.64385889863007,34.63237239455921,34.480000000000004,34.74,56.720340329196304,48.58796410545152,56.720340329196304,48.58796410545152,72.09538628599475,73.85032379872932,72.09538628599475,73.85032379872932,96,101,96,101,-1,4,-1,4,-1,4,-1,4,96,101,96,101
1788411651,34.59,34.63,34.59,34.63,0,0,0,0,0,0,0,0,34.63891485645491,34.632216118659784,34.51,34.74,57.50082022164871,49.86122926490826,57.50082022164871,49.86122926490826,70.08175967370998,71.96604173621965,70.08175967370998,71.96604173621965,96,101,96,101,-1,4,-1,4,-1,4,-1,4,96,101,96,101
1788411666,34.67,34.69,34.65,34.65,0,0,0,0,0,0,0,0,34.64335457952372,34.63252574268638,34.550000000000004,34.74,58.645719617581314,51.116156458147266,58.645719617581314,51.116156458147266,70.64150829175132,71.30377501398549,70.64150829175132,71.30377501398549,96,101,96,101,-1,4,-1,4,-1,4,-1,4,96,101,96,101
1788411687,34.63,34.67,34.63,34.67,0,0,0,0,0,0,0,0,34.64577495900426,34.632765950885194,34.57,34.74,60.12900855245997,52.4037067573348,60.12900855245997,52.4037067573348,70.74034044054888,71.02205772726718,70.74034044054888,71.02205772726718,96,101,96,101,-1,4,-1,4,-1,4,-1,4,96,101,96,101
1788411690,34.68,34.68,34.64,34.64,0,0,0,0,0,0,0,0,34.64714920888227,34.63297060145682,34.59,34.74,60.87609617686409,53.61404810298184,60.87609617686409,53.61404810298184,70.92029180618499,70.97117476672608,70.92029180618499,70.97117476672608,96,101,96,101,-1,4,-1,4,-1,4,-1,4,96,101,96,101
1788411753,34.63,34.67,34.63,34.63,0,0,0,0,0,0,0,0,34.64645541332792,34.63307371321678,34.59,34.74,61.359736365911644,54.72057499768611,61.359736365911644,54.72057499768611,70.21739297672988,70.59428387172798,70.21739297672988,70.59428387172798,96,101,96,101,-1,4,-1,4,-1,4,-1,4,96,101,96,101
1788411981,34.61,34.61,34.57,34.57,0,0,0,0,0,0,0,0,34.63497867151072,34.63257878406371,34.57,34.74,60.54832662548938,55.55311094451515,60.54832662548938,55.55311094451515,67.13871778957794,68.86650083065297,67.13871778957794,68.86650083065297,96,101,96,101,-1,4,-1,4,-1,4,-1,4,96,101,96,101
1788412020,34.56,34.59,34.550000000000004,34.550000000000004,0,1,0,0,0,0,0,0,34.621952246387565,34.63188977460371,34.550000000000004,34.74,59.37470665644191,56.099053189076116,59.37470665644191,56.099053189076116,63.261758105352655,66.06412946800282,63.261758105352655,66.06412946800282,96,101,96,101,-1,4,-1,4,-1,4,-1,4,96,101,96,101
1788412215,34.54,34.54,34.5,34.5,0,0,0,0,0,0,0,0,34.602203353104976,34.63071010852141,34.5,34.74,57.23449651711623,56.261259378796126,57.23449651711623,56.261259378796126,57.843411709349866,61.95377058867634,57.843411709349866,61.95377058867634,96,101,96,101,-1,4,-1,4,-1,4,-1,4,96,101,96,101
1788412374,34.49,34.5,34.46,34.46,0,0,0,0,0,0,0,0,34.57877244041922,34.62914417045984,34.46,34.730000000000004,54.406822396145785,55.99633980984608,54.406822396145785,55.99633980984608,51.199114798490626,56.57644269358349,51.199114798490626,56.57644269358349,96,101,96,101,-1,4,-1,4,-1,4,-1,4,96,101,96,101
1788412563,34.45,34.48,34.44,34.48,0,0,0,0,0,0,0,0,34.55838957246421,34.627527478879806,34.44,34.730000000000004,52.20129306532859,55.45419027491501,52.20129306532859,55.45419027491501,45.123050779658435,50.84974673662096,45.123050779658435,50.84974673662096,96,101,96,101,-1,4,-1,4,-1,4,-1,4,96,101,96,101
1788412728,34.49,34.5,34.46,34.46,0,0,0,0,0,0,0,0,34.54292480171314,34.625993208774865,34.44,34.7,49.73313347662869,54.63689644658839,49.73313347662869,54.63689644658839,40.29594828732654,45.57284751197375,40.29594828732654,45.57284751197375,96,101,96,101,-1,4,-1,4,-1,4,-1,4,96,101,96,101
1788412815,34.45,34.46,34.42,34.42,0,0,0,0,0,0,0,0,34.52299908018954,34.62407619508888,34.42,34.7,46.600934866953594,53.488901935211985,46.600934866953594,53.488901935211985,35.16438424628002,40.368615879126885,35.16438424628002,40.368615879126885,96,101,96,101,-1,4,-1,4,-1,4,-1,4,96,101,96,101
1788412869,34.410000000000004,34.410000000000004,34.370000000000005,34.370000000000005,0,0,0,0,0,0,0,0,34.49760530803387,34.62168074372813,34.370000000000005,34.69,43.27229666217119,52.02938689620616,43.27229666217119,52.02938689620616,30.758661400286286,35.56363863970658,30.758661400286286,35.56363863970658,96,101,96,101,-1,4,-1,4,-1,4,-1,4,96,101,96,101
1788413040,34.36,34.37,34.33,34.33,0,0,0,0,0,0,0,0,34.46955585808831,34.61891111775405,34.33,34.69,40.181418329158966,50.33681995805656,40.181418329158966,50.33681995805656,26.85237179258023,31.208005216143405,26.85237179258023,31.208005216143405,96,101,96,101,-1,4,-1,4,-1,4,-1,4,96,101,96,101
1788413094,34.31,34.35,34.31,34.35,0,0,0,0,0,0,0,0,34.445394186920744,34.61610271525567,34.31,34.69,37.97576884717584,48.570955513645025,37.97576884717584,48.570955513645025,23.813660872045542,27.510833044094475,23.813660872045542,27.510833044094475,96,101,96,101,-1,4,-1,4,-1,4,-1,4,96,101,96,101
1788413115,34.37,34.38,34.34,34.38,0,0,0,0,0,0,0,0,34.4310800923291,34.61362076452344,34.31,34.69,36.42600462719485,46.83596252986643,36.42600462719485,46.83596252986643,22.40506480062383,24.95794892235915,22.40506480062383,24.95794892235915,96,101,96,101,-1,4,-1,4,-1,4,-1,4,96,101,96,101
1788413391,34.39,34.42,34.38,34.42,0,0,0,0,0,0,0,0,34.4266412876632,34.61156151976864,34.31,34.69,35.65138967874072,45.23816640827704,35.65138967874072,45.23816640827704,22.39371002844181,23.67582947540048,22.39371002844181,23.67582947540048,96,101,96,101,-1,4,-1,4,-1,4,-1,4,96,101,96,101
1788413490,34.43,34.45,34.410000000000004,34.45,0,0,0,0,0,0,0,0,34.428464083845654,34.60982127247409,34.31,34.69,35.430443239893805,43.837063098508004,35.430443239893805,43.837063098508004,23.44710029015943,23.561464882779955,23.44710029015943,23.561464882779955,96,101,96,101,-1,4,-1,4,-1,4,-1,4,96,101,96,101
1788413607,34.46,34.48,34.44,34.48,0,0,0,0,0,0,0,0,34.435410007994925,34.60839684853571,34.31,34.69,35.72361755996775,42.677999450145116,35.72361755996775,42.677999450145116,25.34668396963836,24.454074426209157,25.34668396963836,24.454074426209157,96,101,96,101,-1,4,-1,4,-1,4,-1,4,96,101,96,101
1788413736,34.5,34.51,34.47,34.47,0,0,0,0,0,0,0,0,34.444123339874636,34.60715243544912,34.31,34.69,35.82973790036867,41.69967637160563,35.82973790036867,41.69967637160563,27.5064600138426,25.98026722002588,27.5064600138426,25.98026722002588,96,101,96,101,-1,4,-1,4,-1,4,-1,4,96,101,96,101
1788413805,34.45,34.47,34.43,34.43,0,0,0,1,0,0,0,0,34.44397970232167,34.605522394632054,34.31,34.69,35.263826389212724,40.78026923126379,35.263826389212724,40.78026923126379,27.96234778595116,26.97130750298852,27.96234778595116,26.97130750298852,96,101,96,101,-1,4,-1,4,-1,4,-1,4,96,101,96,101
1788414384,34.42,34.43,34.39,34.43,0,0,0,0,0,0,0,0,34.439013695838945,34.60364323315976,34.31,34.68,34.73833712885364,39.917136073776625,34.73833712885364,39.917136073776625,27.622211723506293,27.296759613247406,27.622211723506293,27.296759613247406,96,101,96,101,-1,4,-1,4,-1,4,-1,4,96,101,96,101
1788414483,34.44,34.47,34.43,34.47,0,0,0,0,0,0,0,0,34.44222332689853,34.60218077976182,34.31,34.68,34.91483464290557,39.20252158365219,34.91483464290557,39.20252158365219,28.642167871848937,27.96946374254817,28.642167871848937,27.96946374254817,96,101,96,101,-1,4,-1,4,-1,4,-1,4,96,101,96,101
1788414597,34.480000000000004,34.51,34.47,34.51,0,0,0,0,0,0,0,0,34.45212211594728,34.60113088808923,34.31,34.67,35.74317701891058,38.70832950297482,35.74317701891058,38.70832950297482,30.876960216686815,29.42321197961749,30.876960216686815,29.42321197961749,96,101,96,101,-1,4,-1,4,-1,4,-1,4,96,101,96,101
1788414765,34.53,34.55,34.51,34.55,0,0,0,0,0,0,0,0,34.46749385244172,34.6004894530502,34.31,34.61,37.17680390958632,38.489540132490745,37.17680390958632,38.489540132490745,34.817614251665404,32.12041311564145,34.817614251665404,32.12041311564145,96,101,96,101,-1,4,-1,4,-1,4,-1,4,96,101,96,101
1788414885,34.56,34.59,34.550000000000004,34.59,0,0,0,0,0,0,0,0,34.487343455028075,34.60025241039962,34.31,34.59,39.172480706742135,38.58710307166952,39.172480706742135,38.58710307166952,39.58725910216027,35.85383610890086,39.58725910216027,35.85383610890086,96,101,96,101,-1,4,-1,4,-1,4,-1,4,96,101,96,101
1788414969,34.6,34.61,34.57,34.61,0,0,0,0,0,0,0,0,34.507220402598726,34.6002167313575,34.31,34.61,41.35783507486516,38.9829219292689,41.35783507486516,38.9829219292689,44.83419201237807,40.344014060639466,44.83419201237807,40.344014060639466,96,101,96,101,-1,4,-1,4,-1,4,-1,4,96,101,96,101
1788415026,34.62,34.62,34.58,34.62,0,0,0,0,0,0,0,0,34.52530154152017,34.60028090981829,34.31,34.62,43.55320565921857,39.63581960497599,43.55320565921857,39.63581960497599,49.78269089782794,45.0633524792337,49.78269089782794,45.0633524792337,96,101,96,101,-1,4,-1,4,-1,4,-1,4,96,101,96,101
1788415182,34.63,34.66,34.62,34.66,0,0,0,0,0,0,0,0,34.54736792791044,34.60074245963767,34.31,34.66,46.256215886217824,40.58159050229625,46.256215886217824,40.58159050229625,55.302456859792464,50.18290466951308,55.302456859792464,50.18290466951308,96,101,96,101,-1,4,-1,4,-1,4,-1,4,96,101,96,101
1788415302,34.67,34.71,34.67,34.71,0,0,0,0,0,0,0,0,34.574513153138845,34.601696929359356,34.31,34.71,49.59671873819893,41.869465964568064,49.59671873819893,41.869465964568064,61.11639159410789,55.64964813181048,61.11639159410789,55.64964813181048,96,101,96,101,-1,4,-1,4,-1,4,-1,4,96,101,96,101
1788415383,34.72,34.76,34.72,34.72,1,0,0,0,0,0,0,0,34.603389549537845,34.60300674432427,34.31,34.76,52.562032479121235,43.396975466647085,52.562032479121235,43.396975466647085,65.65531977907648,60.65248395544348,65.65531977907648,60.65248395544348,96,101,96,101,-1,4,-1,4,-1,4,-1,4,96,101,96,101
1788415491,34.71,34.73,34.69,34.73,0,0,0,0,0,0,0,0,34.623985389015814,34.60413768882519,34.31,34.76,55.47426825442208,45.1223030077578,55.47426825442208,45.1223030077578,69.22836933444667,64.94042664494508,69.22836933444667,64.94042664494508,96,101,96,101,-1,4,-1,4,-1,4,-1,4,96,101,96,101
1788415566,34.74,34.74,34.7,34.7,0,0,0,0,0,0,0,0,34.64023046980082,34.605224212651144,34.31,34.76,57.702296712439626,46.91944496556949,57.702296712439626,46.91944496556949,72.22749117555777,68.58395891025143,72.22749117555777,68.58395891025143,96,101,96,101,-1,4,-1,4,-1,4,-1,4,96,101,96,101
1788415596,34.69,34.7,34.660000000000004,34.660000000000004,0,0,0,0,0,0,0,1,34.64624917226128,34.605901915344496,34.31,34.76,59.136259645678145,48.66470420558501,59.136259645678145,48.66470420558501,73.46483370603367,71.02439630814254,73.46483370603367,71.02439630814254,96,101,96,101,-1,4,-1,4,-1,4,-1,4,96,101,96,101
1788415857,34.65,34.67,34.63,34.67,0,0,1,0,0,0,0,0,34.64814326215317,34.606407037248196,34.34,34.76,60.62652681384403,50.37353600676487,60.62652681384403,50.37353600676487,74.0174765099337,72.52093640903811,74.0174765099337,72.52093640903811,96,101,96,101,-1,4,-1,4,-1,4,-1,4,96,101,96,101
1788416103,34.68,34.7,34.660000000000004,34.7,0,0,0,0,0,0,0,0,34.65514751751926,34.60720564052599,34.38,34.76,62.48653680333143,52.103964691988665,62.48653680333143,52.103964691988665,75.44355129422901,73.98224385163357,75.44355129422901,73.98224385163357,96,101,96,101,-1,4,-1,4,-1,4,-1,4,96,101,96,101
1788416271,34.72,34.73,34.69,34.73,0,0,0,0,0,0,0,0,34.66633281736424,34.6082948049652,34.39,34.76,64.68987941261726,53.90195250922132,64.68987941261726,53.90195250922132,77.68177412521219,75.83200898842287,77.68177412521219,75.83200898842287,96,101,96,101,-1,4,-1,4,-1,4,-1,4,96,101,96,101
1788416316,34.74,34.74,34.7,34.7,0,0,0,0,0,0,0,0,34.67487836572226,34.60933996445145,34.39,34.76,66.25964993076371,55.66733785515595,66.25964993076371,55.66733785515595,79.47326671049964,77.65263784946126,79.47326671049964,77.65263784946126,96,101,96,101,-1,4,-1,4,-1,4,-1,4,96,101,96,101
1788416370,34.69,34.7,34.660000000000004,34.660000000000004,0,0,0,0,0,0,0,0,34.67459745074245,34.60997671439058,34.39,34.76,67.08237334840766,57.298057211334765,67.08237334840766,57.298057211334765,79.67549845026956,78.66406814986541,79.67549845026956,78.66406814986541,96,101,96,101,-1,4,-1,4,-1,4,-1,4,96,101,96,101
1788416499,34.65,34.69,34.65,34.69,0,0,1,0,0,0,0,0,34.674973671819586,34.610640296005265,34.39,34.76,68.32252128383884,58.87298065026392,68.32252128383884,58.87298065026392,79.84883994150091,79.25645404568317,79.84883994150091,79.25645404568317,96,101,96,101,-1,4,-1,4,-1,4,-1,4,96,101,96,101
1788416904,34.7,34.7,34.660000000000004,34.660000000000004,0,0,0,0,0,0,0,0,34.67467542845845,34.611264107321965,34.39,34.76,68.9978967476917,60.319397235610744,68.9978967476917,60.319397235610744,80.0609104260485,79.65868223586583,80.0609104260485,79.65868223586583,96,101,96,101,-1,4,-1,4,-1,4,-1,4,96,101,96,101
1788417153,34.65,34.65,34.61,34.61,0,0,0,0,0,0,0,0,34.66534050207206,34.61138419912307,34.43,34.76,68.83138031333276,61.53539481814246,68.83138031333276,61.53539481814246,78.65538353978778,79.1570328878268,78.65538353978778,79.1570328878268,96,101,96,101,-1,4,-1,4,-1,4,-1,4,96,101,96,101
1788417729,34.6,34.61,34.57,34.61,0,0,0,0,0,0,0,0,34.65285435018017,34.611237756014056,34.47,34.76,68.67675790999947,62.5555895455506,68.67675790999947,62.5555895455506,76.62524938331022,77.89114113556852,76.62524938331022,77.89114113556852,96,101,96,101,-1,4,-1,4,-1,4,-1,4,96,101,96,101
1788417897,34.62,34.62,34.58,34.62,0,0,0,0,0,0,0,0,34.64445658954135,34.61119227253796,34.51,34.76,68.69191012277726,63.43220677086869,68.69191012277726,63.43220677086869,75.26608677299613,76.57861395428233,75.26608677299613,76.57861395428233,96,101,96,101,-1,4,-1,4,-1,4,-1,4,96,101,96,101