time,open,high,low,close,EMA 曲线,Cloud Candle,Cloud Reach,PlotCandle (开盘价),PlotCandle (最高价,PlotCandle (最低价),PlotCandle (关闭),Red %,Blue %,B,red_green (开盘价),red_green (最高价,red_green (最低价),red_green (关闭),cyan_magenta (开盘价),cyan_magenta (最高价,cyan_magenta (最低价),cyan_magenta (关闭),yellow (开盘价),yellow (最高价,yellow (最低价),yellow (关闭),blue (开盘价),blue (最高价,blue (最低价),blue (关闭),fuchsia (开盘价),fuchsia (最高价,fuchsia (最低价),fuchsia (关闭),white (开盘价),white (最高价,white (最低价),white (关闭),rs,Regular Bullish,Regular Bullish Label,Hidden Bullish,Hidden Bullish Label,Regular Bearish,Regular Bearish Label,Hidden Bearish,Hidden Bearish Label
1784514000,34.82687733458778,34.82687733458778,34.0109582,34.28017423,39.67771085918606,35.5701083486905,35.782417264117726,34.82687733458778,34.82687733458778,34.0109582,34.28017423,,,,18.36408617072345,20.14440343477216,18.36408617072345,20.14440343477216,23.4057413043964,24.51606232778856,23.4057413043964,24.51606232778856,96,101,96,101,-1,4,-1,4,-1,4,-1,4,96,101,96,101,-0.12137713166615709,,,,,,,,
1784514600,34.55352578229389,34.55352578229389,33.62209061,33.87385745,39.619961074020026,35.461021254523835,35.69568454051479,34.55352578229389,34.55352578229389,33.62209061,33.87385745,,,,17.4976920068483,19.766301802211608,17.4976920068483,19.766301802211608,22.140404880204066,23.328233603996313,22.140404880204066,23.328233603996313,96,101,96,101,-1,4,-1,4,-1,4,-1,4,96,101,96,101,-0.1984027280137673,,,,,,,,
1784515200,34.213691616146946,34.30011616,33.77165507,34.040871095,39.564447740895446,35.34754218797622,35.6195826240442,34.213691616146946,34.30011616,33.77165507,34.040871095,,,,16.99598653470156,19.370542478281603,16.99598653470156,19.370542478281603,20.967225082420534,22.147729343208425,20.967225082420534,22.147729343208425,96,101,96,101,-1,4,-1,4,-1,4,-1,4,96,101,96,101,-0.2817437496510983,,,,,,,,
1784515800,34.12728135557347,34.45965158,34.07078399,34.290145195,39.51196711854823,35.2547172611905,35.55755736272067,34.12728135557347,34.45965158,34.07078399,34.290145195,,,,16.97543245137418,19.028383903009114,16.97543245137418,19.028383903009114,20.72941216031607,21.43857075176225,20.72941216031607,21.43857075176225,96,101,96,101,-1,4,-1,4,-1,4,-1,4,96,101,96,101,-0.3028587595328919,-0.3028587595328919,,-0.3028587595328919,,,,,
1784516400,34.20871327528674,34.63912894,34.20871327528674,34.4596515825,39.46169532216964,35.18076594488099,35.50110411066185,34.20871327528674,34.63912894,34.20871327528674,34.4596515825,,,,17.259160908855563,18.775637760987177,17.259160908855563,18.775637760987177,21.176121966874174,21.30734635931821,21.176121966874174,21.30734635931821,96,101,96,101,-1,4,-1,4,-1,4,-1,4,96,101,96,101,-0.2724209134358473,,,,,,,,
1784517000,34.33418242889337,34.6490999,34.24029038,34.407304025,39.411402871451536,35.11500506333336,35.445970545073614,34.33418242889337,34.6490999,34.24029038,34.407304025,,,,17.429106844628127,18.583276201507314,17.429106844628127,18.583276201507314,21.613964296662562,21.460655327990388,21.613964296662562,21.460655327990388,96,101,96,101,-1,4,-1,4,-1,4,-1,4,96,101,96,101,-0.22950893426612523,,,,,,,,
1784517600,34.370743226946686,34.370743226946686,34.13060977,34.212870225,39.35967617845202,35.044377401666694,35.38819760661773,34.370743226946686,34.370743226946686,34.13060977,34.212870225,,,,17.239567860155976,18.39131786702855,17.239567860155976,18.39131786702855,21.336510462394756,21.398582895192572,21.336510462394756,21.398582895192572,96,101,96,101,-1,4,-1,4,-1,4,-1,4,96,101,96,101,-0.21721785459248197,,,,,,,,
1784523600,34.291806725973345,34.44968062,33.93119049,34.1480589575,39.30781929068135,34.974818057619075,35.330351352205966,34.291806725973345,34.44968062,33.93119049,34.1480589575,,,,16.94778539814185,18.18509894290188,16.94778539814185,18.18509894290188,20.808583783940197,21.103583339566384,20.808583783940197,21.103583339566384,96,101,96,101,-1,4,-1,4,-1,4,-1,4,96,101,96,101,-0.2251683261610653,,,,,,,,
1784524200,34.21993284173667,34.21993284173667,33.74174218,33.936175975000005,39.254370103460644,34.90502130964288,35.265833349853025,34.21993284173667,34.21993284173667,33.74174218,33.936175975000005,,,,16.298326553907316,17.91556003018837,16.298326553907316,17.91556003018837,19.54948180419029,20.32653257187834,19.54948180419029,20.32653257187834,96,101,96,101,-1,4,-1,4,-1,4,-1,4,96,101,96,101,-0.2374412041663601,,,,,,,,
1784524800,34.07805440836834,34.07805440836834,33.66197446,33.7841187725,39.199939741958545,34.81896239416669,35.19735628823538,34.07805440836834,34.07805440836834,33.66197446,33.7841187725,,,,15.423615301402156,17.559567926076053,15.423615301402156,17.559567926076053,17.88160697012129,19.104069770999814,17.88160697012129,19.104069770999814,96,101,96,101,-1,4,-1,4,-1,4,-1,4,96,101,96,101,-0.24187198977961855,,,,,,,,
1784525400,33.93108659043417,33.93108659043417,33.09362952,33.3902656975,39.14213204002363,34.70132875940479,35.1217675833089,33.93108659043417,33.93108659043417,33.09362952,33.3902656975,,,,14.78999016642149,17.163913960411115,14.78999016642149,17.163913960411115,17.04651087379193,18.075290322395873,17.04651087379193,18.075290322395873,96,101,96,101,-1,4,-1,4,-1,4,-1,4,96,101,96,101,-0.25233693465712154,,,,,,,,
1784526000,33.66067614396708,33.66067614396708,32.86429734,33.12852789,39.08229518280947,34.5594799261905,35.045738982794205,33.66067614396708,33.66067614396708,32.86429734,33.12852789,,,,14.130387700057172,16.730553066074837,14.130387700057172,16.730553066074837,16.127074023797803,17.101182173096838,16.127074023797803,17.101182173096838,96,101,96,101,-1,4,-1,4,-1,4,-1,4,96,101,96,101,-0.2995059317652189,,,,,,,,
1784526600,33.39460201698354,33.39460201698354,32.88423927,33.1110787,39.02288009342828,34.416444073333366,34.97682202566185,33.39460201698354,33.39460201698354,32.88423927,33.1110787,,,,13.49169424034784,16.267858948113837,13.49169424034784,16.267858948113837,14.948035596353286,16.024608884725062,14.948035596353286,16.024608884725062,96,101,96,101,-1,4,-1,4,-1,4,-1,4,96,101,96,101,-0.3225027951883135,,,,,,,,
1784527200,33.25284035849177,33.42267133,32.98394891,33.12852789,38.9642298227474,34.278749808571455,34.9083449640442,33.25284035849177,33.42267133,32.98394891,33.12852789,,,,12.924827197274498,15.790282983708215,12.924827197274498,15.790282983708215,13.952377138128355,14.988493011426709,13.952377138128355,14.988493011426709,96,101,96,101,-1,4,-1,4,-1,4,-1,4,96,101,96,101,-0.31747661649489,,,,,,,,
1784527800,33.190684124245884,33.19333916,33.00389084,33.088644035,38.90576628257081,34.14936468047622,34.817873128970675,33.190684124245884,33.19333916,33.00389084,33.088644035,,,,12.338552485699106,15.297178626849771,12.338552485699106,15.297178626849771,12.899502500907328,13.943997756167018,12.899502500907328,13.943997756167018,96,101,96,101,-1,4,-1,4,-1,4,-1,4,96,101,96,101,-0.3210486600624264,,,,,,,,
1784528400,33.139664079622946,33.20331012,32.91415216,33.041281955,38.847413204684536,34.029119602619076,34.718383436691255,33.139664079622946,33.20331012,32.91415216,33.041281955,,,,11.723025457201297,14.78658531689999,11.723025457201297,14.78658531689999,11.883238997176068,12.913618376671543,11.883238997176068,12.913618376671543,96,101,96,101,-1,4,-1,4,-1,4,-1,4,96,101,96,101,-0.3126341857508226,,,,,,,,
1784529000,33.090473017311474,33.090473017311474,32.57513939,32.772065925,38.78696198797125,33.91469092047622,34.616401003382435,33.090473017311474,33.090473017311474,32.57513939,32.772065925,,,,11.164463780197556,14.269139383085356,11.164463780197556,14.269139383085356,11.254196332687552,12.083907354679548,11.254196332687552,12.083907354679548,96,101,96,101,-1,4,-1,4,-1,4,-1,4,96,101,96,101,-0.313997341463622,,,,,,,,
1784529600,32.93126947115574,33.20331012,32.61502324,32.8917174925,38.72830283876258,33.82234080130955,34.52460948183831,32.93126947115574,33.20331012,32.61502324,32.8917174925,,,,10.815195186833103,13.775718783620748,10.815195186833103,13.775718783620748,10.889660531813792,11.486783943246671,10.889660531813792,11.486783943246671,96,101,96,101,-1,4,-1,4,-1,4,-1,4,96,101,96,101,-0.36305975384769107,,,,,,,,
1784530200,32.91149348182787,33.31299072,32.91149348182787,33.218266565,38.673476607182856,33.75610511190479,34.44902077676478,32.91149348182787,33.31299072,32.91149348182787,33.218266565,,,,10.953183782328415,13.372499497721844,10.953183782328415,13.372499497721844,11.356932014351388,11.421857978799029,11.356932014351388,11.421857978799029,96,101,96,101,-1,4,-1,4,-1,4,-1,4,96,101,96,101,-0.3825777577439159,-0.3825777577439159,,-0.3825777577439159,,,,,
1784597400,33.064880023413934,34.06081302,33.064880023413934,33.776640549999996,38.62475187029546,33.70173961773813,34.39256752470596,33.064880023413934,34.06081302,33.064880023413934,33.776640549999996,,,,11.949148812475446,13.169163685543785,11.949148812475446,13.169163685543785,13.386221126729511,12.40403955276427,13.386221126729511,12.40403955276427,96,101,96,101,-1,4,-1,4,-1,4,-1,4,96,101,96,101,-0.3279751551012442,,,,,,,,
1784598000,33.420760286706965,34.54939026,33.420760286706965,34.1580299225,38.580306875790036,33.67325114904765,34.34989766411772,33.420760286706965,34.54939026,33.420760286706965,34.1580299225,,,,13.438465809144004,13.207635417486673,13.438465809144004,13.207635417486673,16.598187123335883,14.501113338050077,16.598187123335883,14.501113338050077,96,101,96,101,-1,4,-1,4,-1,4,-1,4,96,101,96,101,-0.2140401940453755,,,,,,,,
1784598600,33.789395104603486,34.18046459,33.52238097,33.861393745,38.533352516279685,33.653309221190504,34.30458843066184,33.789395104603486,34.18046459,33.52238097,33.861393745,,,,14.44098920561817,13.383828815791173,14.44098920561817,13.383828815791173,18.982284314551183,16.74169882630063,18.982284314551183,16.74169882630063,96,101,96,101,-1,4,-1,4,-1,4,-1,4,96,101,96,101,-0.12463572670177604,,,,,,,,
1784599200,33.82539442480174,33.82539442480174,33.12354241,33.35536732,38.481830275520686,33.628619215000036,34.23882405779419,33.82539442480174,33.82539442480174,33.12354241,33.35536732,,,,14.60123532845057,13.557744031885372,14.60123532845057,13.557744031885372,19.728114816451587,18.234906821376107,19.728114816451587,18.234906821376107,96,101,96,101,-1,4,-1,4,-1,4,-1,4,96,101,96,101,-0.11339601115687602,,,,,-0.11339601115687602,,-0.11339601115687602,
1784599800,33.59038087240087,33.84145182,33.10360048,33.4326422925,38.431589599072716,33.5996559386905,34.16741435970595,33.59038087240087,33.84145182,33.10360048,33.4326422925,,,,14.868067589636556,13.744933111564112,14.868067589636556,13.744933111564112,20.304126773484434,19.26951679743027,20.304126773484434,19.26951679743027,96,101,96,101,-1,4,-1,4,-1,4,-1,4,96,101,96,101,-0.1338224997752067,,,,,,,,
1784600400,33.51151158245044,33.97107435,33.51151158245044,33.7915969975,38.38542051846005,33.57591554833336,34.09930387764713,33.51151158245044,33.97107435,33.51151158245044,33.7915969975,,,,15.664119418923649,14.019102584044047,15.664119418923649,14.019102584044047,21.795394312983863,20.532455555207065,21.795394312983863,20.532455555207065,96,101,96,101,-1,4,-1,4,-1,4,-1,4,96,101,96,101,-0.1595377592155967,,,,,,,,
1784601000,33.65155428997522,34.32005809,33.65155428997522,34.1181460675,38.342960076161944,33.55965338095241,34.04057783227948,33.65155428997522,34.32005809,33.65155428997522,34.1181460675,,,,17.0460617580913,14.451525323193653,17.0460617580913,14.451525323193653,24.13454892288692,22.333502239046993,24.13454892288692,22.333502239046993,96,101,96,101,-1,4,-1,4,-1,4,-1,4,96,101,96,101,-0.17162176667245888,,,,,,,,
1784601600,33.88485017873761,34.36991291,33.88485017873761,34.240290375,38.30213749207078,33.551700350000026,33.98823027125007,33.88485017873761,34.36991291,33.88485017873761,34.240290375,,,,18.561108643274558,15.038608654633785,18.561108643274558,15.038608654633785,27.115784225938512,24.724643232492753,27.115784225938512,24.724643232492753,96,101,96,101,-1,4,-1,4,-1,4,-1,4,96,101,96,101,-0.17121993726901683,,,,,,,,
1784602200,34.062570276868804,34.82857725,34.062570276868804,34.52695559,38.2645734930452,33.56665679595241,33.95061920845595,34.062570276868804,34.82857725,34.062570276868804,34.52695559,,,,20.477458581832682,15.8155872156622,20.477458581832682,15.8155872156622,31.062807930398044,27.8937255814454,31.062807930398044,27.8937255814454,96,101,96,101,-1,4,-1,4,-1,4,-1,4,96,101,96,101,-0.15566561982589205,,,,,,,,
1784602800,34.2947629334344,35.24735774,34.2947629334344,34.940750595000004,38.231500628388034,33.60440401678574,33.93221691448536,34.2947629334344,35.24735774,34.2947629334344,34.940750595000004,,,,22.955812862513,16.8356194509266,22.955812862513,16.8356194509266,36.41721708590521,32.1554713336753,36.41721708590521,32.1554713336753,96,101,96,101,-1,4,-1,4,-1,4,-1,4,96,101,96,101,-0.12138527185728032,,,,,,,,
1784603400,34.617756764217205,35.2573287,34.617756764217205,35.1202279475,38.20054269126477,33.66078744404764,33.93060396441183,34.617756764217205,35.2573287,34.617756764217205,35.1202279475,,,,25.55614516052255,18.081408838011736,25.55614516052255,18.081408838011736,42.97078053885212,37.56312593626371,42.97078053885212,37.56312593626371,96,101,96,101,-1,4,-1,4,-1,4,-1,4,96,101,96,101,-0.06566918805693428,,,,,,,,
1784604000,34.8689923558586,35.24735774,34.8689923558586,35.1252134325,38.16994240013278,33.72464909452384,33.93925524198536,34.8689923558586,35.24735774,34.8689923558586,35.1252134325,,,,27.979045090084135,19.495356874022075,27.979045090084135,19.495356874022075,49.99839140236498,43.780758669314345,49.99839140236498,43.780758669314345,96,101,96,101,-1,4,-1,4,-1,4,-1,4,96,101,96,101,-0.05244523363079928,,,,,,,,
1784610000,34.9971028941793,35.59634148,34.9971028941793,35.3395891575,38.14177968130062,33.817474021190506,33.96073680419124,34.9971028941793,35.59634148,34.9971028941793,35.3395891575,,,,30.586023594439645,21.079737834081726,30.586023594439645,21.079737834081726,55.522461651110106,49.65161016021223,55.522461651110106,49.65161016021223,96,101,96,101,-1,4,-1,4,-1,4,-1,4,96,101,96,101,-0.0632772360740817,,,,,,,,
1784610600,35.168346025839654,35.51657377,35.04793846,35.244865,38.112954659596134,33.91825197880955,33.97034118867653,35.168346025839654,35.51657377,35.04793846,35.244865,,,,32.848982040346925,22.761058434976754,32.848982040346925,22.761058434976754,60.21280136072615,54.93220576046919,60.21280136072615,54.93220576046919,96,101,96,101,-1,4,-1,4,-1,4,-1,4,96,101,96,101,-0.047880718878940604,,,,,,,,
1784611200,35.20660551291982,35.34706738,34.98811268,35.1650972875,38.08362274544592,34.016062387738124,33.98236499816183,35.20660551291982,35.34706738,34.98811268,35.1650972875,,,,34.81741023097934,24.483394405834268,34.81741023097934,24.483394405834268,63.90152337641586,59.41686456844252,63.90152337641586,59.41686456844252,96,101,96,101,-1,4,-1,4,-1,4,-1,4,96,101,96,101,-0.04752759247161802,,,,,,,,
1784611800,35.18585140020991,35.32712545,35.12770617,35.237386775000004,38.055301989521084,34.11648423940479,34.01051830830889,35.18585140020991,35.32712545,35.12770617,35.237386775000004,,,,36.76566829918392,26.238004962027073,36.76566829918392,26.238004962027073,67.29354011526995,63.355202341856234,67.29354011526995,63.355202341856234,96,101,96,101,-1,4,-1,4,-1,4,-1,4,96,101,96,101,-0.04944252373935455,,,,,,,,
1784612400,35.21161908760496,35.44677702,35.21161908760496,35.3470673825,38.02835438149102,34.22402820833336,34.05384801220595,35.21161908760496,35.44677702,35.21161908760496,35.3470673825,,,,38.75748933512504,28.026502729612496,38.75748933512504,28.026502729612496,70.62531119112604,66.99025676649114,70.62531119112604,66.99025676649114,96,101,96,101,-1,4,-1,4,-1,4,-1,4,96,101,96,101,-0.03906266654751554,,,,,,,,
1784613000,35.27934323505248,35.55645762,35.27934323505248,35.4392987975,38.00259263438663,34.338219486547644,34.094978238750066,35.27934323505248,35.55645762,35.27934323505248,35.4392987975,,,,40.760691921645396,29.845672614188622,40.760691921645396,29.845672614188622,73.88737873290323,70.4388177496972,73.88737873290323,70.4388177496972,96,101,96,101,-1,4,-1,4,-1,4,-1,4,96,101,96,101,-0.01664981883796552,,,,,,,,
1784613600,35.35932101627624,35.58637052,35.35932101627624,35.4916463575,37.97760809431811,34.46772331666669,34.13031650823535,35.35932101627624,35.58637052,35.35932101627624,35.4916463575,,,,42.70801790978821,31.68315051355999,42.70801790978821,31.68315051355999,76.96200462974666,73.70041118972193,76.96200462974666,73.70041118972193,96,101,96,101,-1,4,-1,4,-1,4,-1,4,96,101,96,101,-0.009947920676354327,,,,,,,,
1784614200,35.42548368688812,35.84561558,35.42548368688812,35.7010366025,37.9549556416632,34.60150041714288,34.16682783235301,35.42548368688812,35.84561558,35.42548368688812,35.7010366025,,,,44.86508639546053,33.56628421097435,44.86508639546053,33.56628421097435,79.26646504793025,76.48343811882609,79.26646504793025,76.48343811882609,96,101,96,101,-1,4,-1,4,-1,4,-1,4,96,101,96,101,0.0011851392594004004,,,,,,,,
1784614800,35.563260144694055,35.83564462,35.563260144694055,35.72347127,37.93275181706954,34.720795879285745,34.20553863367653,35.563260144694055,35.83564462,35.563260144694055,35.72347127,,,,46.905453973511136,35.47187989133675,46.905453973511136,35.47187989133675,81.51293228979952,78.9981852043128,81.51293228979952,78.9981852043128,96,101,96,101,-1,4,-1,4,-1,4,-1,4,96,101,96,101,0.035299880459385875,,,,,,,,
1784615400,35.64336570734703,35.83564462,35.64336570734703,35.7459059425,37.91099215662606,34.814570421785746,34.25062791948535,35.64336570734703,35.83564462,35.64336570734703,35.7459059425,,,,49.122291298345814,37.42193866376662,49.122291298345814,37.42193866376662,83.61763737876394,81.30791129153837,83.61763737876394,81.30791129153837,96,101,96,101,-1,4,-1,4,-1,4,-1,4,96,101,96,101,0.04843661222466576,,,,,,,,
1784616000,35.694635824923516,36.01512197,35.694635824923516,35.9004558825,37.890986820565104,34.89754308654766,34.30216900551477,35.694635824923516,36.01512197,35.694635824923516,35.9004558825,,,,51.84953226533845,39.48302346399117,51.84953226533845,39.48302346399117,85.23512699545496,83.27151914349668,85.23512699545496,83.27151914349668,96,101,96,101,-1,4,-1,4,-1,4,-1,4,96,101,96,101,0.05948354663290511,,,,,,,,
1784616600,35.79754585371175,35.98520908,35.79754585371175,35.9602816675,37.87177582401719,34.99749013047623,34.36170152588242,35.79754585371175,35.98520908,35.79754585371175,35.9602816675,,,,54.49416178138175,41.627471795046965,54.49416178138175,41.627471795046965,86.86702858906368,85.06927386628018,86.86702858906368,85.06927386628018,96,101,96,101,-1,4,-1,4,-1,4,-1,4,96,101,96,101,0.07868508680937031,,,,,,,,
1784683800,35.878913760605876,36.7529733,35.38695124,36.12230983,37.85436820218617,35.12924929761908,34.43047185110301,35.878913760605876,36.7529733,35.38695124,36.12230983,,,,56.666331272449725,43.77588029181879,56.666331272449725,43.77588029181879,86.34861922687779,85.70894654657899,86.34861922687779,85.70894654657899,96,101,96,101,-1,4,-1,4,-1,4,-1,4,96,101,96,101,0.10380294423795677,,,,,,,,
1784684400,36.00061179530294,36.59343788,36.00061179530294,36.4363951975,37.84025901805994,35.27228515023813,34.52006389522065,36.00061179530294,36.59343788,36.00061179530294,36.4363951975,,,,59.22033864330121,45.9822314848877,59.22033864330121,45.9822314848877,86.72765736903413,86.21830195780656,86.72765736903413,86.21830195780656,96,101,96,101,-1,4,-1,4,-1,4,-1,4,96,101,96,101,0.15549802144092822,,,,,,,,
1784685000,36.21850349640147,36.54358306,36.17465739,36.3765694125,37.825694942382725,35.39537907476194,34.615594528235356,36.21850349640147,36.54358306,36.17465739,36.3765694125,,,,61.48963256388375,48.19757449617284,61.48963256388375,48.19757449617284,87.20466356196744,86.71148275988699,87.20466356196744,86.71148275988699,96,101,96,101,-1,4,-1,4,-1,4,-1,4,96,101,96,101,0.1839161705188817,,,,,0.1839161705188817,,0.1839161705188817,
1784685600,36.297536454450736,36.42393149,36.07494775,36.2394686575,37.80991159626449,35.49639443619051,34.70760599757359,36.297536454450736,36.42393149,36.07494775,36.2394686575,,,,63.3624324246813,50.363982771674046,63.3624324246813,50.363982771674046,87.33003682369215,87.02075979178957,87.33003682369215,87.02075979178957,96,101,96,101,-1,4,-1,4,-1,4,-1,4,96,101,96,101,0.17266956718027288,,,,,,,,
1784686200,36.26850255597537,36.26850255597537,35.95529618,36.112338865000005,37.793020325306635,35.58553960238099,34.79536514389712,36.26850255597537,36.26850255597537,35.95529618,36.112338865000005,,,,64.88410661917321,52.43828617845964,64.88410661917321,52.43828617845964,87.05563804133523,87.03819891656241,87.05563804133523,87.03819891656241,96,101,96,101,-1,4,-1,4,-1,4,-1,4,96,101,96,101,0.13723873980967943,,,,,,,,
1784686800,36.190420710487686,36.31425089,36.09488968,36.1871210975,37.77704122851254,35.66459510273813,34.88649682220594,36.190420710487686,36.31425089,36.09488968,36.1871210975,,,,66.42494524234868,54.43638033044379,66.42494524234868,54.43638033044379,86.99607654902857,87.01713773279549,86.99607654902857,87.01713773279549,96,101,96,101,-1,4,-1,4,-1,4,-1,4,96,101,96,101,0.11049874845156293,,,,,,,,
1784687400,36.18877090399384,36.21454125,35.90544136,36.0525130825,37.759881744472615,35.71753617357146,34.97506244360301,36.18877090399384,36.21454125,35.90544136,36.0525130825,,,,67.6255841732162,56.3205523079827,67.6255841732162,56.3205523079827,86.56203398954995,86.78958586117272,86.56203398954995,86.78958586117272,96,101,96,101,-1,4,-1,4,-1,4,-1,4,96,101,96,101,0.1133822083295421,,,,,,,,
1784688000,36.12064199324692,36.12064199324692,35.82567365,35.9054413625,37.74142960136841,35.75492728857146,35.06722054470594,36.12064199324692,36.12064199324692,35.82567365,35.9054413625,,,,68.48901415008083,58.058903999711006,68.48901415008083,58.058903999711006,85.79785675928069,86.29372131022672,85.79785675928069,86.29372131022672,96,101,96,101,-1,4,-1,4,-1,4,-1,4,96,101,96,101,0.10463150094090365,,,,,,,,
1784688600,36.01304167787346,36.01304167787346,35.65616726,35.77581883,37.72187128523539,35.78590849797622,35.15204705463241,36.01304167787346,36.01304167787346,35.65616726,35.77581883,,,,69.06915446325847,59.63179692307494,69.06915446325847,59.63179692307494,84.4567694864447,85.37524539833571,84.4567694864447,85.37524539833571,96,101,96,101,-1,4,-1,4,-1,4,-1,4,96,101,96,101,0.07371192604377354,,,,,,,,
1784689200,35.89443025393673,35.89443025393673,35.46671895,35.641210817499996,37.70116819600419,35.800271434166696,35.22331012088242,35.89443025393673,35.89443025393673,35.46671895,35.641210817499996,,,,69.3777163962594,61.02407113352986,69.3777163962594,61.02407113352986,82.62801095969402,84.00162817901486,82.62801095969402,84.00162817901486,96,101,96,101,-1,4,-1,4,-1,4,-1,4,96,101,96,101,0.05155711792742769,,,,,,,,
1784689800,35.767820535718364,35.92538329,35.68608016,35.7857897975,37.68210970447679,35.82602975785718,35.28240274580888,35.767820535718364,35.92538329,35.68608016,35.7857897975,,,,69.91142537532467,62.293693168071975,69.91142537532467,62.293693168071975,81.34077631987594,82.6712022494454,81.34077631987594,82.6712022494454,96,101,96,101,-1,4,-1,4,-1,4,-1,4,96,101,96,101,0.045361904134947666,,,,,,,,
1784690400,35.77680516660918,36.05500582,35.77680516660918,35.940339737500004,37.664778660029256,35.86294606500003,35.33482362272065,35.77680516660918,36.05500582,35.77680516660918,35.940339737500004,,,,70.67124685352725,63.49048655170844,70.67124685352725,63.49048655170844,80.65897800414362,81.66509012679451,80.65897800414362,81.66509012679451,96,101,96,101,-1,4,-1,4,-1,4,-1,4,96,101,96,101,0.041427714116075126,,,,,,,,
1784696400,35.85857245205459,36.01512197,35.74590594,35.8879921775,37.647099192541404,35.893927274642884,35.39442945897065,35.85857245205459,36.01512197,35.74590594,35.8879921775,,,,71.28729656389966,64.60431655345005,71.28729656389966,64.60431655345005,80.0012119203732,80.83315102358385,80.0012119203732,80.83315102358385,96,101,96,101,-1,4,-1,4,-1,4,-1,4,96,101,96,101,0.05784618783145924,,,,,,,,
1784697000,35.8732823147773,35.8732823147773,35.52654473,35.688572895,37.62761136868527,35.91018944190479,35.463053152353,35.8732823147773,35.8732823147773,35.52654473,35.688572895,,,,71.51839488378603,65.59204202921232,71.51839488378603,65.59204202921232,78.85388391933961,79.84351747146172,78.85388391933961,79.84351747146172,96,101,96,101,-1,4,-1,4,-1,4,-1,4,96,101,96,101,0.06687027772588473,,,,,,,,
1784697600,35.780927604888646,35.780927604888646,35.46671895,35.553964885,37.60697807034015,35.91564973178574,35.52544499330888,35.780927604888646,35.780927604888646,35.46671895,35.553964885,,,,71.50284639871931,66.4364426534276,71.50284639871931,66.4364426534276,76.91371311765685,78.3786152945593,76.91371311765685,78.3786152945593,96,101,96,101,-1,4,-1,4,-1,4,-1,4,96,101,96,101,0.061587604637372034,,,,,,,,
1784698200,35.66744624494432,35.66744624494432,35.32712545,35.424342352500005,37.58526030200343,35.9124447791667,35.573466915514764,35.66744624494432,35.66744624494432,35.32712545,35.424342352500005,,,,71.26679242581787,67.12649262091193,71.26679242581787,67.12649262091193,74.45018511314538,76.41440020385234,74.45018511314538,76.41440020385234,96,101,96,101,-1,4,-1,4,-1,4,-1,4,96,101,96,101,0.04789683339612955,,,,,,,,
1784698800,35.54589429872216,35.54648666,35.31715449,35.4492697625,37.56400666479444,35.90045588202384,35.612617612426526,35.54589429872216,35.54648666,35.31715449,35.4492697625,,,,71.09021793041467,67.69273909369804,71.09021793041467,67.69273909369804,71.66808619125482,74.04124319755357,71.66808619125482,74.04124319755357,96,101,96,101,-1,4,-1,4,-1,4,-1,4,96,101,96,101,0.030459193456327652,,,,,,,,
1784699400,35.497582030611085,35.55645762,35.20747388,35.3794730125,37.54227001153778,35.88407501261908,35.64612298411771,35.497582030611085,35.55645762,35.20747388,35.3794730125,,,,70.8069241531346,68.13762267361754,70.8069241531346,68.13762267361754,68.55310560383964,71.2971744006966,68.55310560383964,71.2971744006966,96,101,96,101,-1,4,-1,4,-1,4,-1,4,96,101,96,101,0.03689287351200378,,,,,,,,
1784700000,35.43852752155554,35.43852752155554,35.02799653,35.165097287500004,37.518616551597106,35.85641745761908,35.664891857573586,35.43852752155554,35.43852752155554,35.02799653,35.165097287500004,,,,70.17734672423876,68.42901182370629,70.17734672423876,68.42901182370629,64.29394871976429,67.79556156023045,64.29394871976429,67.79556156023045,96,101,96,101,-1,4,-1,4,-1,4,-1,4,96,101,96,101,0.043831885500977184,,,,,,,,
1784700600,35.30181240452777,35.30181240452777,34.98811268,35.105271505,37.494603168048876,35.81855153488099,35.6697307078677,35.30181240452777,35.30181240452777,34.98811268,35.105271505,,,,69.49045476361589,68.58064652940767,69.49045476361589,68.58064652940767,58.740041020897536,63.267801290563995,58.740041020897536,63.267801290563995,96,101,96,101,-1,4,-1,4,-1,4,-1,4,96,101,96,101,0.020698799896433934,,,,,,,,
1784701200,35.203541954763885,35.35703834,35.11773521,35.195010180000004,37.47172164577973,35.78211003547623,35.67193018529418,35.203541954763885,35.35703834,35.11773521,35.195010180000004,,,,69.00605303871829,68.64141888788062,69.00605303871829,68.64141888788062,52.96218183478056,58.11499156267227,52.96218183478056,58.11499156267227,96,101,96,101,-1,4,-1,4,-1,4,-1,4,96,101,96,101,0.008644605163105758,,,,,,,,
1784701800,35.199276067381945,35.31715449,35.02799653,35.137677137500006,37.44849732231426,35.735222764404796,35.672296764853,35.199276067381945,35.31715449,35.02799653,35.137677137500006,,,,68.45822893518465,68.61524889463834,68.45822893518465,68.61524889463834,46.819526799195245,52.46725918093376,46.819526799195245,52.46725918093376,96,101,96,101,-1,4,-1,4,-1,4,-1,4,96,101,96,101,0.007615170165361394,,,,,,,,
1784702400,35.168476602440975,35.21744485,35.05790942,35.112749725,37.42525605268924,35.67219202761908,35.6656250168383,35.168476602440975,35.21744485,35.05790942,35.112749725,,,,67.90691664105242,68.5140585726975,67.90691664105242,68.5140585726975,41.310827870558185,46.889043525745976,41.310827870558185,46.889043525745976,96,101,96,101,-1,4,-1,4,-1,4,-1,4,96,101,96,101,-0.0009023899225554411,,,,,,,,
1784703000,35.14061316372049,35.17756099,35.08782232,35.1326916525,37.40244446661771,35.61295975333337,35.662325800735346,35.14061316372049,35.17756099,35.08782232,35.1326916525,,,,67.4290785791933,68.35906143076832,67.4290785791933,68.35906143076832,36.5924038081092,41.740723666927586,36.5924038081092,41.740723666927586,96,101,96,101,-1,4,-1,4,-1,4,-1,4,96,101,96,101,-0.007857651053855285,-0.007857651053855285,,-0.007857651053855285,,,,,
1784770200,35.136652408110244,35.72596401,35.07785135,35.446777017500004,37.38298508901455,35.57521253238099,35.670610498676524,35.136652408110244,35.72596401,35.07785135,35.446777017500004,,,,67.52236464662396,68.23953331874769,67.52236464662396,68.23953331874769,34.43024808664293,38.085485876785256,34.43024808664293,38.085485876785256,96,101,96,101,-1,4,-1,4,-1,4,-1,4,96,101,96,101,0.006823252402244945,,,,,,,,
1784770800,35.291714712805124,36.12480257,35.291714712805124,35.8580792825,37.36781189690993,35.563104933214326,35.68886616066182,35.291714712805124,36.12480257,35.291714712805124,35.8580792825,,,,68.31219233418257,68.24991317809553,68.31219233418257,68.24991317809553,35.15162874625546,36.61855731152036,35.15162874625546,36.61855731152036,96,101,96,101,-1,4,-1,4,-1,4,-1,4,96,101,96,101,0.06369319085444843,,,,,,,,
1784771400,35.57489699765256,36.09488968,35.57489699765256,35.9253832925,37.35345937348296,35.550641228214324,35.7058754521324,35.57489699765256,36.09488968,35.57489699765256,35.9253832925,,,,69.16067365794467,68.38002181807397,69.16067365794467,68.38002181807397,36.85633737587889,36.73744734369963,36.85633737587889,36.73744734369963,96,101,96,101,-1,4,-1,4,-1,4,-1,4,96,101,96,101,0.11805139336197223,,,,,,,,
1784772000,35.75014014507628,36.18462836,35.59634148,35.885499435,37.338852806930895,35.54268819738099,35.71899900029417,35.75014014507628,36.18462836,35.59634148,35.885499435,,,,69.88035960320789,68.59435578737882,69.88035960320789,68.59435578737882,38.65207697124078,37.69476215747021,38.65207697124078,37.69476215747021,96,101,96,101,-1,4,-1,4,-1,4,-1,4,96,101,96,101,0.13216538573767192,,,,,,,,
1784772600,35.81781979003814,36.5036992,35.81781979003814,36.1422517575,37.326946328827106,35.55396488285718,35.73813445323534,35.81781979003814,36.5036992,35.81781979003814,36.1422517575,,,,70.98760974683766,68.93624921015865,70.98760974683766,68.93624921015865,42.00726296027643,39.85101255887332,42.00726296027643,39.85101255887332,96,101,96,101,-1,4,-1,4,-1,4,-1,4,96,101,96,101,0.1608788272218613,,,,,,,,
1784773200,35.980035773769075,36.40398956,35.980035773769075,36.1871210975,37.31560478423678,35.57355070511909,35.752431056029465,35.980035773769075,36.40398956,35.980035773769075,36.1871210975,,,,72.09248386089425,69.38713987454945,72.09248386089425,69.38713987454945,45.392219371831196,42.62161596535226,45.392219371831196,42.62161596535226,96,101,96,101,-1,4,-1,4,-1,4,-1,4,96,101,96,101,0.21139374476461634,,,,,,,,
1784773800,36.083578435634536,36.33419282,36.02509293,36.194599319999995,37.30445050101054,35.59990253857146,35.7662877633824,36.083578435634536,36.33419282,36.02509293,36.194599319999995,,,,73.13122393835066,69.92200902652105,73.13122393835066,69.92200902652105,48.44539840490281,45.53350718512753,48.44539840490281,45.53350718512753,96,101,96,101,-1,4,-1,4,-1,4,-1,4,96,101,96,101,0.2323222841216609,,,,,,,,
1784774400,36.139088877817265,36.82277005,36.139088877817265,36.5261338725,37.29670605694576,35.63515701833337,35.78923564367651,36.139088877817265,36.82277005,36.139088877817265,36.5261338725,,,,74.55159593944131,70.58337858550966,74.55159593944131,70.58337858550966,52.75701201360228,49.145259599364906,52.75701201360228,49.145259599364906,96,101,96,101,-1,4,-1,4,-1,4,-1,4,96,101,96,101,0.26743114976279114,,,,,,,,
1784775000,36.332611375158635,37.22160861,36.332611375158635,36.8925668,37.29268477080699,35.6805011641667,35.818415376544166,36.332611375158635,37.22160861,36.332611375158635,36.8925668,,,,75.86351444180761,71.33768370783795,75.86351444180761,71.33768370783795,56.38971936534595,52.76748948235543,56.38971936534595,52.76748948235543,96,101,96,101,-1,4,-1,4,-1,4,-1,4,96,101,96,101,0.342837992496548,,,,,,,,
1784775600,36.612589087579316,37.08201512,36.612589087579316,36.870132132500004,37.28848026694324,35.72726973345242,35.84517568433829,36.612589087579316,37.08201512,36.612589087579316,36.870132132500004,,,,77.04255840663713,72.15266580766641,77.04255840663713,72.15266580766641,59.98380788128265,56.375648681819044,59.98380788128265,56.375648681819044,96,101,96,101,-1,4,-1,4,-1,4,-1,4,96,101,96,101,0.40910058021523754,,,,,,,,
1784776200,36.74136061003966,37.0022474,36.54358306,36.775407972500005,37.283375069983606,35.77902378476194,35.864384453235346,36.74136061003966,37.0022474,36.54358306,36.775407972500005,,,,77.94291805812917,72.97984470058967,77.94291805812917,72.97984470058967,62.79652089840762,59.58608479011333,62.79652089840762,59.58608479011333,96,101,96,101,-1,4,-1,4,-1,4,-1,4,96,101,96,101,0.409743104335776,,,,,0.409743104335776,,0.409743104335776,
1784776800,36.758384291269834,36.94242162,36.70311848,36.830248275,37.27886634565541,35.83979918428575,35.87596836727946,36.758384291269834,36.94242162,36.70311848,36.830248275,,,,78.84591645578436,73.81785495133177,78.84591645578436,73.81785495133177,65.4970520262835,62.541568408198415,65.4970520262835,62.541568408198415,96,101,96,101,-1,4,-1,4,-1,4,-1,4,96,101,96,101,0.3892984446770492,,,,,,,,
1784782800,36.79431628313492,37.37117307,36.79431628313492,37.049609482499996,37.27658518283794,35.91719285714289,35.89576366345594,36.79431628313492,37.37117307,36.79431628313492,37.049609482499996,,,,79.81870480198872,74.67511921571133,79.81870480198872,74.67511921571133,68.2717430360947,65.40665572214655,68.2717430360947,65.40665572214655,96,101,96,101,-1,4,-1,4,-1,4,-1,4,96,101,96,101,0.3785678236153005,,,,,,,,
1784783400,36.92196288281745,37.16178283,36.81279909,36.9798127375,37.27363222318284,35.99007585595241,35.91753848933829,36.92196288281745,37.16178283,36.81279909,36.9798127375,,,,80.6051858413813,75.52227159080704,80.6051858413813,75.52227159080704,70.40683975699496,67.90674773957076,70.40683975699496,67.90674773957076,96,101,96,101,-1,4,-1,4,-1,4,-1,4,96,101,96,101,0.3824937692626503,,,,,,,,
1784784000,36.950887810158726,37.06207319,36.80282812,36.9249724325,37.270162971534255,36.063671066428604,35.9414394766177,36.950887810158726,37.06207319,36.80282812,36.9249724325,,,,81.24370060654073,76.33961859305471,81.24370060654073,76.33961859305471,72.0086012569388,69.95767449825479,72.0086012569388,69.95767449825479,96,101,96,101,-1,4,-1,4,-1,4,-1,4,96,101,96,101,0.366499478883233,,,,,,,,
1784784600,36.93793012132936,37.22160861,36.93793012132936,37.09697156,37.26843967390705,36.15566507940479,35.968199784338296,36.93793012132936,37.22160861,36.93793012132936,37.09697156,,,,82.1244910169399,77.16602893932404,82.1244910169399,77.16602893932404,74.1316891153124,72.04468180678359,74.1316891153124,72.04468180678359,96,101,96,101,-1,4,-1,4,-1,4,-1,4,96,101,96,101,0.33828124166604323,,,,,,,,
1784785200,37.01745084066468,37.20166668,36.83274102,37.01471111,37.265915011579615,36.246590774880985,35.996499726323584,37.01745084066468,37.20166668,36.83274102,37.01471111,,,,82.74162910571188,77.96254324880802,82.74162910571188,77.96254324880802,75.69954430740957,73.87211305709658,75.69954430740957,73.87211305709658,96,101,96,101,-1,4,-1,4,-1,4,-1,4,96,101,96,101,0.33584033895222604,,,,,,,,
1784785800,37.01608097533234,37.01608097533234,36.84271198,36.8925668,37.26220010400171,36.327426804404794,36.02553282742653,37.01608097533234,37.01608097533234,36.84271198,36.8925668,,,,83.05529284494743,78.69007890539936,83.05529284494743,78.69007890539936,76.53833949051423,75.20522627380541,76.53833949051423,75.20522627380541,96,101,96,101,-1,4,-1,4,-1,4,-1,4,96,101,96,101,0.329275280180654,,,,,,,,
1784786400,36.95432388766617,36.99227644,36.84271198,36.905030505,37.25864617764348,36.41158648857146,36.05874493551477,36.95432388766617,36.99227644,36.84271198,36.905030505,,,,83.31058564666424,79.35015129700864,83.31058564666424,79.35015129700864,77.18461009773998,76.19491818577269,77.18461009773998,76.19491818577269,96,101,96,101,-1,4,-1,4,-1,4,-1,4,96,101,96,101,0.3148402652226818,0.3148402652226818,,0.3148402652226818,,,,,
1784787000,36.92967719633309,37.08201512,36.8925668,36.9872909575,37.255946125701755,36.50085035678575,36.09833552786771,36.92967719633309,37.08201512,36.8925668,36.9872909575,,,,83.67393349095912,79.96783446757298,83.67393349095912,79.96783446757298,78.07362093483562,77.13426956030415,78.07362093483562,77.13426956030415,96,101,96,101,-1,4,-1,4,-1,4,-1,4,96,101,96,101,0.31901415569197755,,,,,,,,
1784787600,36.95848407691655,37.12189897,36.95848407691655,37.0645659275,37.254041845122636,36.592844369880986,36.13594659051477,36.95848407691655,37.12189897,36.95848407691655,37.0645659275,,,,84.1281958426739,80.56217180687312,84.1281958426739,80.56217180687312,79.18231282055345,78.1582911904288,79.18231282055345,78.1582911904288,96,101,96,101,-1,4,-1,4,-1,4,-1,4,96,101,96,101,0.331261817599274,,,,,,,,
1784788200,37.01152500220827,37.26149247,37.01152500220827,37.1717537925,37.25322305852938,36.674986121071456,36.17216465095595,37.01152500220827,37.26149247,37.01152500220827,37.1717537925,,,,84.74456666506623,81.15965678661499,84.74456666506623,81.15965678661499,80.68419310514237,79.42124214778559,80.68419310514237,79.42124214778559,96,101,96,101,-1,4,-1,4,-1,4,-1,4,96,101,96,101,0.3348889893397881,,,,,,,,
1784788800,37.091639397354136,37.27146343,37.091639397354136,37.234072317499994,37.25303250389227,36.7405095989286,36.21175524330889,37.091639397354136,37.27146343,37.091639397354136,37.234072317499994,,,,85.44286542982805,81.77154373564542,85.44286542982805,81.77154373564542,82.32501025540647,80.87312620159602,82.32501025540647,80.87312620159602,96,101,96,101,-1,4,-1,4,-1,4,-1,4,96,101,96,101,0.3370583795744476,,,,,,,,
1784789400,37.16285585742706,37.33128922,37.16285585742706,37.28641988,37.25336471658986,36.805320865000034,36.25875074286771,37.16285585742706,37.33128922,37.16285585742706,37.28641988,,,,86.22862609935808,82.40826978760437,86.22862609935808,82.40826978760437,84.09944372730976,82.48628496445289,84.09944372730976,82.48628496445289,96,101,96,101,-1,4,-1,4,-1,4,-1,4,96,101,96,101,0.33763245381260143,,,,,,,,
1784856600,37.22463786871353,38.3882114,36.81279909,37.600505245,37.256818851200904,36.886987808333366,36.31894310639713,37.22463786871353,38.3882114,36.81279909,37.600505245,,,,85.55749884775652,82.8581596533404,85.55749884775652,82.8581596533404,82.74551236701815,82.61589866573553,82.74551236701815,82.61589866573553,96,101,96,101,-1,4,-1,4,-1,4,-1,4,96,101,96,101,0.4115474635142588,,,,,,,,
1784857200,37.41257155685676,38.71725321,37.41257155685676,38.46548637,37.268845393676514,36.997618027976216,36.40838851867653,37.41257155685676,38.71725321,37.41257155685676,38.46548637,,,,86.10686772417088,83.32226080631618,86.10686772417088,83.32226080631618,82.8254415247278,82.72067009523167,82.8254415247278,82.72067009523167,96,101,96,101,-1,4,-1,4,-1,4,-1,4,96,101,96,101,0.5746746546571243,,,,,,,,
1784857800,37.939028963428385,38.48792104,37.939028963428385,38.278530797500004,37.27889201461008,37.097208966071456,36.49160207852948,37.939028963428385,38.48792104,37.939028963428385,38.278530797500004,,,,86.25889818619966,83.74178043201381,86.25889818619966,83.74178043201381,83.23847550651034,82.97957280087101,83.23847550651034,82.97957280087101,96,101,96,101,-1,4,-1,4,-1,4,-1,4,96,101,96,101,0.6554866309781164,,,,,0.6554866309781164,,0.6554866309781164,
1784858400,38.1087798804642,38.46797911,37.96943091,38.1713429325,37.2877721232458,37.19133961428574,36.57371589970595,38.1087798804642,38.46797911,37.96943091,38.1713429325,,,,86.19475992886505,84.09220607442114,86.19475992886505,84.09220607442114,83.56632870844385,83.27295075465743,83.56632870844385,83.27295075465743,96,101,96,101,-1,4,-1,4,-1,4,-1,4,96,101,96,101,0.6226658990686975,,,,,,,,
1784859000,38.140061406482104,38.15887923,37.6403891,37.91459061,37.294009123114,37.25745660178574,36.654583350367716,38.140061406482104,38.15887923,37.6403891,37.91459061,,,,85.64341535165167,84.31380739973979,85.64341535165167,84.31380739973979,82.98895966133762,83.13095520799752,82.98895966133762,83.13095520799752,96,101,96,101,-1,4,-1,4,-1,4,-1,4,96,101,96,101,0.5726379440890339,,,,,,,,
1784859600,38.02732600824105,38.02732600824105,37.57059235,37.6603310275,37.29765411718749,37.29401680309527,36.729732159853,38.02732600824105,38.02732600824105,37.57059235,37.6603310275,,,,84.64443954119925,84.36104056280543,84.64443954119925,84.36104056280543,81.82538425563523,82.47816973181637,81.82538425563523,82.47816973181637,96,101,96,101,-1,4,-1,4,-1,4,-1,4,96,101,96,101,0.5121097509448804,,,,,,,,
1784860200,37.84382851787052,37.84382851787052,37.43099886,37.535693980000005,37.30002267303637,37.32571022440479,36.79857580102947,37.84382851787052,37.84382851787052,37.43099886,37.535693980000005,,,,83.47808729380468,84.23490438151961,83.47808729380468,84.23490438151961,80.2426565492489,81.36041314053264,80.2426565492489,81.36041314053264,96,101,96,101,-1,4,-1,4,-1,4,-1,4,96,101,96,101,0.47490112674493423,,,,,,,,
1784860800,37.68976124893526,37.68976124893526,37.43099886,37.488331900000006,37.30189639668775,37.35965898285717,36.86771270580889,37.68976124893526,37.68976124893526,37.43099886,37.488331900000006,,,,82.30432781373862,83.95910772897948,82.30432781373862,83.95910772897948,78.53732715195724,79.94887014624494,78.53732715195724,79.94887014624494,96,101,96,101,-1,4,-1,4,-1,4,-1,4,96,101,96,101,0.457463902034003,,,,,,,,
1784861400,37.58904657446763,37.58904657446763,37.22160861,37.376158555,37.30263532363613,37.38565471047622,36.93428355375006,37.58904657446763,37.58904657446763,37.22160861,37.376158555,,,,80.9995496254477,83.53631371418922,80.9995496254477,83.53631371418922,76.55216373056405,78.2505169384045,76.55216373056405,78.2505169384045,96,101,96,101,-1,4,-1,4,-1,4,-1,4,96,101,96,101,0.4319831334900853,,,,,,,,
1784862000,37.48260256473382,37.48260256473382,37.15181186,37.261492467500005,37.30222594198304,37.3957443764286,36.996895342426534,37.48260256473382,37.48260256473382,37.15181186,37.261492467500005,,,,79.56833656808246,82.96945983617397,79.56833656808246,82.96945983617397,74.44863190072151,76.349574419563,74.44863190072151,76.349574419563,96,101,96,101,-1,4,-1,4,-1,4,-1,4,96,101,96,101,0.40605728058981955,,,,,,,,
1784862600,37.37204751611691,37.38114404,37.21163765,37.26647795,37.301870240570274,37.409395100833365,37.0504159580883,37.37204751611691,37.38114404,37.21163765,37.26647795,,,,78.24890229004295,82.29509447244097,78.24890229004295,82.29509447244097,72.18652984239841,74.2680521309807,72.18652984239841,74.2680521309807,96,101,96,101,-1,4,-1,4,-1,4,-1,4,96,101,96,101,0.39381465752934075,,,,,,,,
1784863200,37.31926273305845,37.35123114,37.10195704,37.256506985,37.30141886489296,37.42518246047622,37.09154618463241,37.31926273305845,37.35123114,37.10195704,37.256506985,,,,77.00461476712124,81.53931165739529,77.00461476712124,81.53931165739529,69.52173271742453,71.89489242420262,69.52173271742453,71.89489242420262,96,101,96,101,-1,4,-1,4,-1,4,-1,4,96,101,96,101,0.3740578814911942,,,,,,,,
1784869200,37.28788485902923,37.55065042,37.20166668,37.3736658125,37.302137739993526,37.438358377261935,37.1341427293383,37.28788485902923,37.55065042,37.20166668,37.3736658125,,,,76.07361287072318,80.75849754501357,76.07361287072318,80.75849754501357,67.65164424046569,69.77326833233415,67.65164424046569,69.77326833233415,96,101,96,101,-1,4,-1,4,-1,4,-1,4,96,101,96,101,0.3346433193025687,,,,,,,,
1784869800,37.33077533576461,37.6403891,37.33077533576461,37.4833464175,37.3039408114115,37.46067434428575,37.1811382288236,37.33077533576461,37.6403891,37.33077533576461,37.4833464175,,,,75.419195145649,79.99574005939006,75.419195145649,79.99574005939006,66.04735222971655,67.91031028102535,66.04735222971655,67.91031028102535,96,101,96,101,-1,4,-1,4,-1,4,-1,4,96,101,96,101,0.3159578506910591,,,,,,,,
1784870400,37.40706087663231,37.59053428,37.23157958,37.41604241,37.30505625020343,37.485601754285746,37.21860265977948,37.40706087663231,37.59053428,37.23157958,37.41604241,,,,74.68260634018466,79.23672095664642,74.68260634018466,79.23672095664642,64.08684456300416,65.99857742201476,64.08684456300416,65.99857742201476,96,101,96,101,-1,4,-1,4,-1,4,-1,4,96,101,96,101,0.3090813191708316,,,,,,,,
1784871000,37.41155164331616,37.41155164331616,37.09198608,37.1892029775,37.30390348132081,37.49913377678574,37.248075656250066,37.41155164331616,37.41155164331616,37.09198608,37.1892029775,,,,73.56413903864309,78.42635211121738,73.56413903864309,78.42635211121738,61.47760467191845,63.7380910469666,61.47760467191845,63.7380910469666,96,101,96,101,-1,4,-1,4,-1,4,-1,4,96,101,96,101,0.29229554722686235,,,,,,,,
1784871600,37.30037731040808,37.30037731040808,36.96236355,37.0595804475,37.30147240635742,37.50257613345241,37.273516277647126,37.30037731040808,37.30037731040808,36.96236355,37.0595804475,,,,72.27728113143749,77.54791339982025,72.27728113143749,77.54791339982025,58.22154080590943,60.979815926438015,58.22154080590943,60.979815926438015,96,101,96,101,-1,4,-1,4,-1,4,-1,4,96,101,96,101,0.2630022156288843,,,,,,,,
1784872200,37.17997887895404,37.17997887895404,36.8925668,36.9573780675,37.29804858209018,37.49747194964288,37.286199930441235,37.17997887895404,37.17997887895404,36.8925668,36.9573780675,,,,70.88658152554488,76.59629456063806,70.88658152554488,76.59629456063806,54.10274044484984,57.54127818564393,54.10274044484984,57.54127818564393,96,101,96,101,-1,4,-1,4,-1,4,-1,4,96,101,96,101,0.23120925508434065,,,,,,,,
1784872800,37.068678473227024,37.068678473227024,36.79285716,36.902537762499996,37.29411315104949,37.4846521386905,37.286493194044176,37.068678473227024,37.068678473227024,36.79285716,36.902537762499996,,,,69.49017558306547,75.58113470669912,69.49017558306547,75.58113470669912,49.02548006573037,53.28337912568715,49.02548006573037,53.28337912568715,96,101,96,101,-1,4,-1,4,-1,4,-1,4,96,101,96,101,0.20362115858468904,,,,,,,,
1784873400,36.98560811786351,37.13186994,36.86265391,36.972334512500005,37.29091137355148,37.4721884336905,37.28949914639712,36.98560811786351,37.13186994,36.86265391,36.972334512500005,,,,68.32720276580987,74.5448587151435,68.32720276580987,74.5448587151435,44.922642505090735,49.10301081538894,44.922642505090735,49.10301081538894,96,101,96,101,-1,4,-1,4,-1,4,-1,4,96,101,96,101,0.18750550066777172,,,,,,,,
1784874000,36.97897131518175,37.15181186,36.95239258,37.0446239975,37.28846075289425,37.46067434404764,37.297417264779476,36.97897131518175,37.15181186,36.95239258,37.0446239975,,,,67.38576390476199,73.52213088508901,67.38576390476199,73.52213088508901,40.85541370773714,44.97921226156304,40.85541370773714,44.97921226156304,96,101,96,101,-1,4,-1,4,-1,4,-1,4,96,101,96,101,0.17765832307005042,,,,,,,,
1784874600,37.011797656340875,37.17175379,36.8925668,37.032160295,37.285910499581874,37.43361029880955,37.30335585360301,37.011797656340875,37.17175379,36.8925668,37.032160295,,,,66.48769749575833,72.51721182947034,66.48769749575833,72.51721182947034,36.76515558430687,40.87218392293495,36.76515558430687,40.87218392293495,96,101,96,101,-1,4,-1,4,-1,4,-1,4,96,101,96,101,0.17774784861561133,,,,,,,,
1784875200,37.021978975670436,37.021978975670436,36.82277005,36.89755228,37.28204623869051,37.35894677071431,37.298883582941244,37.021978975670436,37.021978975670436,36.82277005,36.89755228,,,,65.39594828017832,71.49988846528576,65.39594828017832,71.49988846528576,32.54863529270994,36.71040960782244,32.54863529270994,36.71040960782244,96,101,96,101,-1,4,-1,4,-1,4,-1,4,96,101,96,101,0.17496994171974523,,,,,,,,
1784875800,36.95976562783522,36.95976562783522,36.72306041,36.815291827500005,37.2774019161911,37.289268724523836,37.29404473264712,36.95976562783522,36.95976562783522,36.72306041,36.815291827500005,,,,64.22461812691957,70.46056413123344,64.22461812691957,70.46056413123344,28.841386013908373,32.77589781086541,28.841386013908373,32.77589781086541,96,101,96,101,-1,4,-1,4,-1,4,-1,4,96,101,96,101,0.15859379435222232,,,,,,,,
1785115800,36.887528727667615,37.8896632,36.887528727667615,37.3113472875,37.27773968107975,37.2483165509524,37.30540869897065,36.887528727667615,37.8896632,36.887528727667615,37.3113472875,,,,64.08710720501153,69.55007028463031,64.08710720501153,69.55007028463031,28.54960875773502,30.662753284300216,28.54960875773502,30.662753284300216,96,101,96,101,-1,4,-1,4,-1,4,-1,4,96,101,96,101,0.19539463186120598,,,,,,,,
1785116400,37.09943800758381,37.5307085,36.94242162,37.194188462499994,37.276908325670995,37.21401168678574,37.308268019632415,37.09943800758381,37.5307085,36.94242162,37.194188462499994,,,,63.735010550284805,68.7193474654381,63.735010550284805,68.7193474654381,27.83176985671516,29.24726157050769,27.83176985671516,29.24726157050769,96,101,96,101,-1,4,-1,4,-1,4,-1,4,96,101,96,101,0.20851262161186895,,,,,,,,
1785117000,37.146813235041904,37.56062139,37.146813235041904,37.3711730725,37.27784628335088,37.20024226035717,37.31875219500006,37.146813235041904,37.56062139,37.146813235041904,37.3711730725,,,,63.74706289129807,68.00902109770382,63.74706289129807,68.00902109770382,28.127193652259162,28.687227611383427,28.127193652259162,28.687227611383427,96,101,96,101,-1,4,-1,4,-1,4,-1,4,96,101,96,101,0.14767339239469843,,,,,,,,
1785117600,37.25899315377095,37.77001163,37.25899315377095,37.550650425,37.28056075242202,37.20095447202383,37.33810759573535,37.25899315377095,37.77001163,37.25899315377095,37.550650425,,,,64.10202822550686,67.45087925881855,64.10202822550686,67.45087925881855,29.51614716663325,29.10168738900834,29.51614716663325,29.10168738900834,96,101,96,101,-1,4,-1,4,-1,4,-1,4,96,101,96,101,0.10865792759542195,0.10865792759542195,,0.10865792759542195,,,,,
1785118200,37.40482178938548,37.86972127,37.40482178938548,37.725142292499996,37.28498444933822,37.21223115738098,37.36222853066182,37.40482178938548,37.86972127,37.40482178938548,37.725142292499996,,,,64.76586348766612,67.06730557722535,64.76586348766612,67.06730557722535,31.76740244803824,30.43454491852329,31.76740244803824,30.43454491852329,96,101,96,101,-1,4,-1,4,-1,4,-1,4,96,101,96,101,0.13784381677970592,,,,,,,,
1785118800,37.56498204094274,38.16885019,37.56498204094274,37.9494889825,37.291596434742814,37.239532606309545,37.390528472573585,37.56498204094274,38.16885019,37.56498204094274,37.9494889825,,,,65.81199928755889,66.887976107273,65.81199928755889,66.887976107273,35.227411680927496,32.830978299725395,35.227411680927496,32.830978299725395,96,101,96,101,-1,4,-1,4,-1,4,-1,4,96,101,96,101,0.1813979022342571,,,,,,,,
1785119400,37.75723551172137,38.56768875,37.75723551172137,38.228675975,37.30092060927274,37.285588963809545,37.42476700338241,37.75723551172137,38.56768875,37.75723551172137,38.228675975,,,,67.3181704618519,66.94943244364141,67.3181704618519,66.94943244364141,40.11545766353643,36.47321798163091,40.11545766353643,36.47321798163091,96,101,96,101,-1,4,-1,4,-1,4,-1,4,96,101,96,101,0.2464264926637363,,,,,,,,
1785120000,37.99295574336068,38.48792104,37.99295574336068,38.29348724250001,37.31079689418047,37.334494168214306,37.45775916367653,37.99295574336068,38.48792104,37.99295574336068,38.29348724250001,,,,68.8321235418109,67.2183883148085,68.8321235418109,67.2183883148085,45.05208754728821,40.76265276445956,45.05208754728821,40.76265276445956,96,101,96,101,-1,4,-1,4,-1,4,-1,4,96,101,96,101,0.29904924689988066,,,,,0.29904924689988066,,0.29904924689988066,
1785120600,38.143221492930344,38.31841465,37.9993438,38.151401002499995,37.31916111416375,37.377108169047645,37.48473941911771,38.143221492930344,38.31841465,37.9993438,38.151401002499995,,,,69.96284058515361,67.6104529248578,69.96284058515361,67.6104529248578,48.85792742301092,44.81029009373524,48.85792742301092,44.81029009373524,96,101,96,101,-1,4,-1,4,-1,4,-1,4,96,101,96,101,0.2892010950190532,,,,,,,,
1785121200,38.147311247715166,38.26855983,38.00931477,38.148908265,37.32741730471933,37.41402447630954,37.51010672455888,38.147311247715166,38.26855983,38.00931477,38.148908265,,,,70.99897089625742,68.09452692077204,70.99897089625742,68.09452692077204,52.06164971279524,48.43596990326524,52.06164971279524,48.43596990326524,96,101,96,101,-1,4,-1,4,-1,4,-1,4,96,101,96,101,0.25275779182695624,,,,,,,,
1785121800,38.148109756357584,38.21870501,37.90960513,38.076618775,37.33487204571715,37.4422755409524,37.52411006367653,38.148109756357584,38.21870501,37.90960513,38.076618775,,,,71.81313442716237,68.62575656454209,71.81313442716237,68.62575656454209,54.38741286395049,51.41169138360786,54.38741286395049,51.41169138360786,96,101,96,101,-1,4,-1,4,-1,4,-1,4,96,101,96,101,0.21994547403991926,,,,,,,,
1785122400,38.11236426567879,38.11236426567879,37.93951802,37.9769091375,37.34126047449111,37.46898348035717,37.50974014507359,38.11236426567879,38.11236426567879,37.93951802,37.9769091375,,,,72.37344870880949,69.16114115658029,72.37344870880949,69.16114115658029,56.68990474377645,54.050798063692156,56.68990474377645,54.050798063692156,96,101,96,101,-1,4,-1,4,-1,4,-1,4,96,101,96,101,0.1875530602994716,,,,,,,,
1785128400,38.0446367015894,38.16885019,37.78995356,38.029256695,37.34810620802851,37.508986038333354,37.50240855382359,38.0446367015894,38.16885019,37.78995356,38.029256695,,,,72.91217867812378,69.69700365965792,72.91217867812378,69.69700365965792,58.57655896807999,56.313678515886075,58.57655896807999,56.313678515886075,96,101,96,101,-1,4,-1,4,-1,4,-1,4,96,101,96,101,0.17567247810624703,,,,,,,,
1785129000,38.0369466982947,38.28850176,37.66033103,37.949488985,37.35409011625708,37.551362635357165,37.49588343772065,38.0369466982947,38.28850176,37.66033103,37.949488985,,,,73.10182620341915,70.18340688019524,73.10182620341915,70.18340688019524,59.91923187232879,58.11645519410743,59.91923187232879,58.11645519410743,96,101,96,101,-1,4,-1,4,-1,4,-1,4,96,101,96,101,0.18289140890109748,,,,,,,,
1785129600,37.99321784164735,37.99321784164735,37.49082464,37.6304181375,37.35683964880676,37.58341216250002,37.48752542382359,37.99321784164735,37.99321784164735,37.49082464,37.6304181375,,,,72.53567568457994,70.51944528082161,72.53567568457994,70.51944528082161,59.29403258562312,58.70524388986527,59.29403258562312,58.70524388986527,96,101,96,101,-1,4,-1,4,-1,4,-1,4,96,101,96,101,0.15635311165234572,,,,,,,,
1785130200,37.811817989573676,37.811817989573676,37.30137632,37.485839160000005,37.35812322603257,37.61118841952383,37.48239331007359,37.811817989573676,37.811817989573676,37.30137632,37.485839160000005,,,,71.46378091557237,70.65435037150029,71.46378091557237,70.65435037150029,57.45489466418479,58.08006927702503,57.45489466418479,58.08006927702503,96,101,96,101,-1,4,-1,4,-1,4,-1,4,96,101,96,101,0.1110154248051719,,,,,,,,
1785130800,37.64882857478684,37.64882857478684,37.48085368,37.543172202499996,37.359964509380504,37.638371166666694,37.482613257794185,37.64882857478684,37.64882857478684,37.48085368,37.543172202499996,,,,70.43828003939498,70.62348318119952,70.43828003939498,70.62348318119952,55.829180938506106,56.954625107765565,55.829180938506106,56.954625107765565,96,101,96,101,-1,4,-1,4,-1,4,-1,4,96,101,96,101,0.07323357934271055,,,,,,,,
1785131400,37.59600038864342,37.67030199,37.56062139,37.607983467500006,37.36243235971005,37.66519780809526,37.48613242154418,37.59600038864342,37.67030199,37.56062139,37.607983467500006,,,,69.60670977866381,70.47822983798014,69.60670977866381,70.47822983798014,54.711470977849814,55.83304804280769,54.711470977849814,55.83304804280769,96,101,96,101,-1,4,-1,4,-1,4,-1,4,96,101,96,101,0.059375204192384456,,,,,,,,
1785132000,37.60199192807171,37.74009874,37.54067946,37.64288184,37.36522290180248,37.694279786428595,37.49397722404418,37.60199192807171,37.74009874,37.54067946,37.64288184,,,,68.80109117158261,70.23863859992335,68.80109117158261,70.23863859992335,53.94804233839092,54.890545190599305,53.94804233839092,54.890545190599305,96,101,96,101,-1,4,-1,4,-1,4,-1,4,96,101,96,101,0.053587343271438104,,,,,,,,
1785132600,37.62243688403586,37.77001163,37.56062139,37.702707625,37.368580958749725,37.73262051714288,37.50695414044123,37.62243688403586,37.77001163,37.56062139,37.702707625,,,,67.99065693748143,69.91749836243164,67.99065693748143,69.91749836243164,53.58789036914858,54.23921777987394,53.58789036914858,54.23921777987394,96,101,96,101,-1,4,-1,4,-1,4,-1,4,96,101,96,101,0.042859632236672995,,,,,,,,
1785133200,37.662572254517926,37.8896632,37.662572254517926,37.8148809675,37.373021754856694,37.78022000000002,37.52308364095594,37.662572254517926,37.8896632,37.662572254517926,37.8148809675,,,,67.31176990415494,69.54525143982069,67.31176990415494,69.54525143982069,54.03208442637783,54.13565110312588,54.03208442637783,54.13565110312588,96,101,96,101,-1,4,-1,4,-1,4,-1,4,96,101,96,101,0.035928501525034656,,,,,,,,
1785133800,37.738726611008964,37.9993438,37.738726611008964,37.9096051275,37.37836089289294,37.80870846857145,37.542292409853005,37.738726611008964,37.9993438,37.738726611008964,37.9096051275,,,,66.99264610614874,69.18059353501042,66.99264610614874,69.18059353501042,55.11205345519805,54.623852279161966,55.11205345519805,54.623852279161966,96,101,96,101,-1,4,-1,4,-1,4,-1,4,96,101,96,101,0.015140903025036458,,,,,,,,
1785134400,37.824165869254486,38.01928573,37.824165869254486,37.9445035025,37.38399415269003,37.844437756190494,37.55908175367652,37.824165869254486,38.01928573,37.824165869254486,37.9445035025,,,,66.6098616363207,68.81334612091189,66.6098616363207,68.81334612091189,56.44141089027478,55.532631584718374,56.44141089027478,55.532631584718374,96,101,96,101,-1,4,-1,4,-1,4,-1,4,96,101,96,101,-0.012189613865163883,,,,,,,,
1785135000,37.88433468587724,38.17882116,37.88433468587724,38.0541841075,37.390662709454304,37.8769620911905,37.575871097500055,37.88433468587724,38.17882116,37.88433468587724,38.0541841075,,,,66.61987153197704,68.49999260820691,66.61987153197704,68.49999260820691,58.35412355065536,56.943377567686866,58.35412355065536,56.943377567686866,96,101,96,101,-1,4,-1,4,-1,4,-1,4,96,101,96,101,-0.02073675944445221,-0.02073675944445221,,-0.02073675944445221,,,,,
1785202200,37.96925939668862,38.73719514,37.54067946,38.01679299,37.39689286149954,37.8991593561905,37.59354023220594,37.96925939668862,38.73719514,37.54067946,38.01679299,,,,66.44935736920682,68.20704471692117,66.44935736920682,68.20704471692117,59.47302243042297,58.20819999905492,59.47302243042297,58.20819999905492,96,101,96,101,-1,4,-1,4,-1,4,-1,4,96,101,96,101,0.05388886150444523,,,,,,,,
1785202800,37.993026193344306,38.37824044,37.78995356,38.074126035,37.40363150004183,37.915777629642875,37.61956738095594,37.993026193344306,38.37824044,37.78995356,38.074126035,,,,66.4943467002014,67.96237357167549,66.4943467002014,67.96237357167549,60.47286505562677,59.34053252734084,60.47286505562677,59.34053252734084,96,101,96,101,-1,4,-1,4,-1,4,-1,4,96,101,96,101,0.15181067653006636,,,,,,,,
1785203400,38.03357611417215,38.10902441,37.51076657,37.8398083825,37.407971568524005,37.91055474392859,37.64251526139712,38.03357611417215,38.10902441,37.51076657,37.8398083825,,,,65.7051465589599,67.63991256985898,65.7051465589599,67.63991256985898,59.944679255485745,59.6426058914133,59.944679255485745,59.6426058914133,96,101,96,101,-1,4,-1,4,-1,4,-1,4,96,101,96,101,0.16416095366317723,,,,,0.16416095366317723,,0.16416095366317723,
1785204000,37.93669224833607,37.93669224833607,37.23157958,37.53569398,37.40924243828994,37.87755560130955,37.65952455294124,37.93669224833607,37.93669224833607,37.23157958,37.53569398,,,,63.89381714846264,67.10475608108807,63.89381714846264,67.10475608108807,57.85121307128598,58.74690948134964,57.85121307128598,58.74690948134964,96,101,96,101,-1,4,-1,4,-1,4,-1,4,96,101,96,101,0.11096340055258624,,,,,,,,
1785204600,37.73619311416803,37.73619311416803,37.05210222,37.211637644999996,37.40727622144128,37.826038953809544,37.668615725955945,37.73619311416803,37.73619311416803,37.05210222,37.211637644999996,,,,61.062646328489436,66.24159754500256,61.062646328489436,66.24159754500256,54.314004412190535,56.53045694677009,54.314004412190535,56.53045694677009,96,101,96,101,-1,4,-1,4,-1,4,-1,4,96,101,96,101,0.04596328700861615,,,,,,,,
1785205200,37.473915379584014,37.473915379584014,37.16178283,37.24653602,37.405676816451816,37.78295014511907,37.676680476176536,37.473915379584014,37.473915379584014,37.16178283,37.24653602,,,,58.557464375318276,65.14386423504767,58.557464375318276,65.14386423504767,50.79260208853755,53.66152951765382,50.79260208853755,53.66152951765382,96,101,96,101,-1,4,-1,4,-1,4,-1,4,96,101,96,101,0.026852210068039072,0.026852210068039072,0.026852210068039072,0.026852210068039072,,,,,
1785205800,37.36022569979201,37.36022569979201,37.16178283,37.2365650575,37.40399411238264,37.73950523047621,37.682325801470654,37.36022569979201,37.36022569979201,37.16178283,37.2365650575,,,,56.1958633166604,63.86557838956378,56.1958633166604,63.86557838956378,47.42342060937959,50.542475063516704,47.42342060937959,50.542475063516704,96,101,96,101,-1,4,-1,4,-1,4,-1,4,96,101,96,101,0.05646790102603917,,,,,,,,
1785206400,37.298395378646006,37.298395378646006,36.99227644,37.13685542,37.40133601594102,37.69475459452383,37.68540506985301,37.298395378646006,37.298395378646006,36.99227644,37.13685542,,,,53.64934126787335,62.40611594360801,53.64934126787335,62.40611594360801,43.83679441162989,47.1896347375733,43.83679441162989,47.1896347375733,96,101,96,101,-1,4,-1,4,-1,4,-1,4,96,101,96,101,0.07977557947995294,,,,,,,,
1785207000,37.217625399323005,37.217625399323005,37.02218933,37.07204415,37.39805947996151,37.651665785595256,37.69053718367654,37.217625399323005,37.217625399323005,37.02218933,37.07204415,,,,51.054869224172556,60.78450926940294,51.054869224172556,60.78450926940294,40.39194878565068,43.79079176161199,40.39194878565068,43.79079176161199,96,101,96,101,-1,4,-1,4,-1,4,-1,4,96,101,96,101,0.07795586634138295,,,,,,,,
1785207600,37.144834774661504,37.144834774661504,37.0022474,37.0396385175,37.394493102225574,37.60454111047621,37.69713561573536,37.144834774661504,37.144834774661504,37.0022474,37.0396385175,,,,48.530794407545606,59.03397857485189,48.530794407545606,59.03397857485189,36.06370700848275,39.927249385047375,36.06370700848275,39.927249385047375,96,101,96,101,-1,4,-1,4,-1,4,-1,4,96,101,96,101,0.0768831824298756,,,,,,,,
1785208200,37.09223664608075,37.22160861,37.01221837,37.101957042500004,37.39158229566114,37.56418244654764,37.690977079117715,37.09223664608075,37.22160861,37.01221837,37.101957042500004,,,,46.40801489231118,57.230269477346084,46.40801489231118,57.230269477346084,32.21373504335719,36.07049221420228,32.21373504335719,36.07049221420228,96,101,96,101,-1,4,-1,4,-1,4,-1,4,96,101,96,101,0.07053759306517145,,,,,,,,
1785208800,37.09709684429038,37.2515215,37.06207319,37.139348157499995,37.38907250324162,37.54079816178574,37.68936412897066,37.09709684429038,37.2515215,37.06207319,37.139348157499995,,,,44.56946503114496,55.42158312788877,44.56946503114496,55.42158312788877,28.80381475896708,32.43715348658468,28.80381475896708,32.43715348658468,96,101,96,101,-1,4,-1,4,-1,4,-1,4,96,101,96,101,0.05946743885886911,,,,,,,,
1785214800,37.118222500895186,37.13186994,36.95239258,37.06705867,37.38586838549792,37.520856233690495,37.68041958772066,37.118222500895186,37.13186994,36.95239258,37.06705867,,,,42.60587524342967,53.59076771582319,42.60587524342967,53.59076771582319,25.608876882904177,29.023015184744427,25.608876882904177,29.023015184744427,96,101,96,101,-1,4,-1,4,-1,4,-1,4,96,101,96,101,0.06117486443605983,,,,,,,,
1785215400,37.0926405854476,37.22160861,36.97233451,37.0645659275,37.38267134611486,37.4980654586905,37.666122984853004,37.0926405854476,37.22160861,36.97233451,37.0645659275,,,,40.77370169408058,51.759758284145676,40.77370169408058,51.759758284145676,22.9970044837857,26.010009834265063,22.9970044837857,26.010009834265063,96,101,96,101,-1,4,-1,4,-1,4,-1,4,96,101,96,101,0.0680810200646488,,,,,,,,
1785216000,37.0786032564738,37.08201512,36.99227644,37.024682075,37.37910926381521,37.470289201904784,37.645521213750065,37.0786032564738,37.08201512,36.99227644,37.024682075,,,,38.9309549808233,49.92707209795676,38.9309549808233,49.92707209795676,20.416551699656008,23.213280766960537,20.416551699656008,23.213280766960537,96,101,96,101,-1,4,-1,4,-1,4,-1,4,96,101,96,101,0.07419082564576188,,,,,,,,
1785216600,37.0516426657369,37.22160861,37.0022474,37.11691349,37.37650035064292,37.44524309000002,37.62103369926477,37.0516426657369,37.22160861,37.0022474,37.11691349,,,,37.546919305437754,48.15847884188262,37.546919305437754,48.15847884188262,18.696292703198715,20.954786735079626,18.696292703198715,20.954786735079626,96,101,96,101,-1,4,-1,4,-1,4,-1,4,96,101,96,101,0.07973637838091387,,,,,,,,
1785217200,37.08427807786845,37.35123114,37.08427807786845,37.209144907500004,37.37483512235294,37.42174010345241,37.59104749139712,37.08427807786845,37.35123114,37.08427807786845,37.209144907500004,,,,36.588829602656155,46.505671807707415,36.588829602656155,46.505671807707415,17.90813774860568,19.431462241842652,17.90813774860568,19.431462241842652,96,101,96,101,-1,4,-1,4,-1,4,-1,4,96,101,96,101,0.10177077223547246,,,,,,,,
1785217800,37.146711492684226,37.17175379,37.04213126,37.101957045,37.37211991760316,37.38779134523812,37.556002485588294,37.146711492684226,37.17175379,37.04213126,37.101957045,,,,35.31904758235115,44.90758263265652,35.31904758235115,44.90758263265652,16.634564669394717,18.033013455618686,16.634564669394717,18.033013455618686,96,101,96,101,-1,4,-1,4,-1,4,-1,4,96,101,96,101,0.11103129301769665,,,,,,,,
1785218400,37.12433426884211,37.20166668,36.97233451,37.0770296325,37.36918369586084,37.34814489309525,37.52440332764712,37.12433426884211,37.20166668,36.97233451,37.0770296325,,,,34.05156257169151,43.356722623947235,34.05156257169151,43.356722623947235,15.363453512380996,16.698233483999843,15.363453512380996,16.698233483999843,96,101,96,101,-1,4,-1,4,-1,4,-1,4,96,101,96,101,0.09993412612740177,,,,,,,,
1785219000,37.10068195067106,37.10068195067106,36.98230548,37.0321602975,37.36583022921048,37.30469997857145,37.49155779919124,37.10068195067106,37.10068195067106,36.98230548,37.0321602975,,,,32.715489160284854,41.836546414852606,32.715489160284854,41.836546414852606,13.946715002700694,15.322474243350268,13.946715002700694,15.322474243350268,96,101,96,101,-1,4,-1,4,-1,4,-1,4,96,101,96,101,0.09387656374369399,,,,,,,,
1785219600,37.06642112408553,37.15181186,37.04213126,37.084507855,37.363031001606394,37.25852491892859,37.46237806625006,37.06642112408553,37.15181186,37.04213126,37.084507855,,,,31.660493115738486,40.38282451497916,31.660493115738486,40.38282451497916,13.022739927376803,14.172607085363534,13.022739927376803,14.172607085363534,96,101,96,101,-1,4,-1,4,-1,4,-1,4,96,101,96,101,0.09581959715541667,,,,,,,,
1785220200,37.07546448954277,37.1418409,36.95239258,37.059580445,37.360011593082945,37.21294336916669,37.4353978105883,37.07546448954277,37.1418409,36.95239258,37.059580445,,,,30.592452234292065,38.98419990345243,30.592452234292065,38.98419990345243,12.005812688918272,13.089209887140903,12.005812688918272,13.089209887140903,96,101,96,101,-1,4,-1,4,-1,4,-1,4,96,101,96,101,0.10613646824176382,,,,,,,,
1785220800,37.06752246727139,37.13186994,36.99227644,37.054594965,37.35697262165923,37.16439427059526,37.40673128911771,37.06752246727139,37.13186994,36.99227644,37.054594965,,,,29.58301965488243,37.64117415365671,29.58301965488243,37.64117415365671,11.153370446420576,12.121290166780739,11.153370446420576,12.121290166780739,96,101,96,101,-1,4,-1,4,-1,4,-1,4,96,101,96,101,0.11551121623212104,,,,,,,,
1785221400,37.06105871613569,37.18172476,37.0321603,37.10694253,37.35448476005068,37.12949589666669,37.38195051102947,37.06105871613569,37.18172476,37.0321603,37.10694253,,,,28.831332980931034,36.3826254146959,28.831332980931034,36.3826254146959,10.7236113936732,11.42245078022697,10.7236113936732,11.42245078022697,96,101,96,101,-1,4,-1,4,-1,4,-1,4,96,101,96,101,0.11730193684733559,,,,,0.11730193684733559,,0.11730193684733559,
1785288600,37.084000623067844,37.084000623067844,35.32712545,36.3017871825,37.344010157288984,37.07073843011907,37.34287313000006,37.084000623067844,37.084000623067844,35.32712545,36.3017871825,,,,28.813514294596924,35.301323826110334,28.813514294596924,35.301323826110334,13.768928881925415,12.595689831076193,13.768928881925415,12.595689831076193,96,101,96,101,-1,4,-1,4,-1,4,-1,4,96,101,96,101,0.009238068793651404,,,,,,,,
1785289200,36.69289390278392,36.69289390278392,34.69895472,35.3595310825,37.32426409684332,36.982542879523834,37.280334657132414,36.69289390278392,36.69289390278392,34.69895472,35.3595310825,,,,27.92383646137213,34.24739705971916,27.92383646137213,34.24739705971916,15.558193915342414,14.076941873209304,15.558193915342414,14.076941873209304,96,101,96,101,-1,4,-1,4,-1,4,-1,4,96,101,96,101,-0.15316530707982662,,,,,,,,
1785289800,36.02621249264196,36.02621249264196,34.68898376,34.975648972500004,37.300894792123486,36.87440540107145,37.20481926801477,36.02621249264196,36.02621249264196,34.68898376,34.975648972500004,,,,26.43508248080403,33.131352119874144,26.43508248080403,33.131352119874144,15.627815496690275,14.85237868494979,15.627815496690275,14.85237868494979,96,101,96,101,-1,4,-1,4,-1,4,-1,4,96,101,96,101,-0.26813780709543805,,,,,,,,
1785290400,35.50093073257098,35.69605112,35.09779328,35.39692219999999,37.281949791206834,36.78680336023812,37.13978805426476,35.50093073257098,35.69605112,35.09779328,35.39692219999999,,,,25.79598263557047,32.08344219354505,25.79598263557047,32.08344219354505,15.966918134909037,15.409648409929414,15.966918134909037,15.409648409929414,96,101,96,101,-1,4,-1,4,-1,4,-1,4,96,101,96,101,-0.27377289120569526,-0.27377289120569526,,-0.27377289120569526,,,,,
1785291000,35.448926466285485,36.63332174,35.448926466285485,36.09488968000001,37.270138247811744,36.73718594404764,37.09425887308829,35.448926466285485,36.63332174,35.448926466285485,36.09488968000001,,,,26.434059874095116,31.276387576480772,26.434059874095116,31.276387576480772,18.115424130666046,16.76253627029773,18.115424130666046,16.76253627029773,96,101,96,101,-1,4,-1,4,-1,4,-1,4,96,101,96,101,-0.1645307254191054,,,,,,,,
1785291600,35.77190807314275,37.41105693,35.77190807314275,36.805320865,37.265513199226554,36.724484835238115,37.067865144853,35.77190807314275,37.41105693,35.77190807314275,36.805320865,,,,28.280078817088278,30.84834346799613,28.280078817088278,30.84834346799613,21.964632151815152,19.36358421105644,21.964632151815152,19.36358421105644,96,101,96,101,-1,4,-1,4,-1,4,-1,4,96,101,96,101,-0.0540054711601414,,,,,,,,
1785292200,36.288614469071376,37.81986645,36.288614469071376,37.348738402500004,37.26634131070191,36.73920387738097,37.05415506941182,36.288614469071376,37.81986645,36.288614469071376,37.348738402500004,,,,30.953071072804057,30.863304554397264,30.953071072804057,30.863304554397264,27.04890907965129,23.206246645353865,27.04890907965129,23.206246645353865,96,101,96,101,-1,4,-1,4,-1,4,-1,4,96,101,96,101,0.061728591926145306,,,,,,,,
1785292800,36.81867643578569,37.47088271,36.81867643578569,37.106942524999994,37.26475525313274,36.739441281309546,37.030547345808884,36.81867643578569,37.47088271,36.81867643578569,37.106942524999994,,,,33.00849913724057,31.169760923374877,33.00849913724057,31.169760923374877,31.56745965701049,27.38685315118218,31.56745965701049,27.38685315118218,96,101,96,101,-1,4,-1,4,-1,4,-1,4,96,101,96,101,0.1373902807405511,,,,,0.1373902807405511,,0.1373902807405511,
1785293400,36.96280948039284,37.07204415,36.81279909,36.892566800000004,37.261051885439876,36.727689788095255,36.99960803102948,36.96280948039284,37.07204415,36.81279909,36.892566800000004,,,,34.538856162574966,31.651060243260606,34.538856162574966,31.651060243260606,34.95398528095711,31.170419216069646,34.95398528095711,31.170419216069646,96,101,96,101,-1,4,-1,4,-1,4,-1,4,96,101,96,101,0.12682695695739696,,,,,,,,
1785294000,36.92768814019642,37.04213126,36.62335077,36.8975522825,37.25743497396784,36.71961805535717,36.965589447941234,36.92768814019642,37.04213126,36.62335077,36.8975522825,,,,35.96869859480207,32.26786572205224,35.96869859480207,32.26786572205224,37.68415037120022,34.42728479363493,37.68415037120022,34.42728479363493,96,101,96,101,-1,4,-1,4,-1,4,-1,4,96,101,96,101,0.0842595808946939,,,,,,,,
1785294600,36.91262021134821,37.20166668,36.79285716,36.982305475000004,37.25469736701294,36.715700890952405,36.93516334455889,36.91262021134821,37.20166668,36.79285716,36.982305475000004,,,,37.445951997879284,33.00759233288468,37.445951997879284,33.00759233288468,41.15020748567601,37.78874613965547,41.15020748567601,37.78874613965547,96,101,96,101,-1,4,-1,4,-1,4,-1,4,96,101,96,101,0.07884918178819345,,,,,,,,
1785295200,36.94746284317411,36.99227644,36.82277005,36.910015985,37.25126770152027,36.7102406009524,36.90092481367654,36.94746284317411,36.99227644,36.82277005,36.910015985,,,,38.690136278438054,33.81938432510658,38.690136278438054,33.81938432510658,44.57610944332567,41.18242779149057,44.57610944332567,41.18242779149057,96,101,96,101,-1,4,-1,4,-1,4,-1,4,96,101,96,101,0.0936358541943148,,,,,,,,
1785301200,36.928739414087055,37.11192801,36.67320559,36.9474071025,37.24824421297281,36.70216886821431,36.87467771720595,36.928739414087055,37.11192801,36.67320559,36.9474071025,,,,39.91142492344729,34.68967583915526,39.91142492344729,34.68967583915526,48.02932047097797,44.60587413123427,48.02932047097797,44.60587413123427,96,101,96,101,-1,4,-1,4,-1,4,-1,4,96,101,96,101,0.059328947365559354,,,,,,,,
1785301800,36.93807325829353,37.16178283,36.88259584,37.002247405,37.24579648354024,36.692316606190495,36.85898811205889,36.93807325829353,37.16178283,36.88259584,37.002247405,,,,41.14224150928767,35.61147093488846,41.14224150928767,35.61147093488846,51.70087249265961,48.15337331194694,51.70087249265961,48.15337331194694,96,101,96,101,-1,4,-1,4,-1,4,-1,4,96,101,96,101,0.02697818528871817,,,,,,,,
1785302400,36.97016033164677,36.99227644,36.84271198,36.9100159875,37.242455384077154,36.683176555833356,36.8501168868383,36.97016033164677,36.99227644,36.84271198,36.9100159875,,,,42.12240511487125,36.54160438917172,42.12240511487125,36.54160438917172,54.51778105444151,51.335577183194225,54.51778105444151,51.335577183194225,96,101,96,101,-1,4,-1,4,-1,4,-1,4,96,101,96,101,-0.0028522022146050922,,,,,,,,
1785303000,36.940088159573385,37.33128922,36.90253776,37.101957045,37.2410573906535,36.68436357547621,36.845864564044184,36.940088159573385,37.33128922,36.90253776,37.101957045,,,,43.37122698629748,37.51726476018968,43.37122698629748,37.51726476018968,57.61911692681846,54.47734705500634,57.61911692681846,54.47734705500634,96,101,96,101,-1,4,-1,4,-1,4,-1,4,96,101,96,101,-0.03829751870410983,,,,,,,,
1785303600,37.02102260228669,37.38114404,37.02102260228669,37.226594095,37.240913477263916,36.69362232773811,36.84557130044124,37.02102260228669,37.38114404,37.02102260228669,37.226594095,,,,44.750762848124154,38.550621629894614,44.750762848124154,38.550621629894614,60.73236387654715,57.604855465776744,60.73236387654715,57.604855465776744,96,101,96,101,-1,4,-1,4,-1,4,-1,4,96,101,96,101,-0.017413816843594727,,,,,,,,
1785304200,37.12380834864335,37.18172476,37.04213126,37.11940623,37.239704449927956,36.69528415511906,36.84505808897065,37.12380834864335,37.18172476,37.04213126,37.11940623,,,,45.84263305530232,39.592337547810004,45.84263305530232,39.592337547810004,63.13630729194246,60.3705813788596,63.13630729194246,60.3705813788596,96,101,96,101,-1,4,-1,4,-1,4,-1,4,96,101,96,101,0.011895943041134243,,,,,,,,
1785304800,37.12160728932167,37.1418409,36.83274102,36.9823054775,37.2371432661227,36.691604394761924,36.842418716250066,37.12160728932167,37.1418409,36.83274102,36.9823054775,,,,46.61460542989777,40.59551867382254,46.61460542989777,40.59551867382254,64.71711460074877,62.543847989804185,64.71711460074877,62.543847989804185,96,101,96,101,-1,4,-1,4,-1,4,-1,4,96,101,96,101,0.01135895891292964,,,,,,,,
1785305400,37.05195638341084,37.05195638341084,36.71308945,36.830248274999995,37.23309455974337,36.68092121904764,36.836260179705945,37.05195638341084,37.05195638341084,36.71308945,36.830248274999995,,,,47.06313994371977,41.51946456952214,47.06313994371977,41.51946456952214,65.53979019698558,64.04181909339488,65.53979019698558,64.04181909339488,96,101,96,101,-1,4,-1,4,-1,4,-1,4,96,101,96,101,-0.024379828510317742,,,,,,,,
1785306000,36.94110232920542,36.94110232920542,36.76294427,36.8427119825,37.229210155989705,36.668338812023826,36.828635325000064,36.94110232920542,36.94110232920542,36.76294427,36.8427119825,,,,47.501627837658695,42.37405932211308,47.501627837658695,42.37405932211308,66.11086088094584,65.07633998717036,66.11086088094584,65.07633998717036,96,101,96,101,-1,4,-1,4,-1,4,-1,4,96,101,96,101,-0.05621706131174768,,,,,,,,
1785306600,36.89190715585271,36.89190715585271,36.71308945,36.7978426425,37.22491794192513,36.69196050059526,36.818591045147116,36.89190715585271,36.89190715585271,36.71308945,36.7978426425,,,,47.82962556526369,43.15342592827745,47.82962556526369,43.15342592827745,66.38317363342202,65.72975681029618,66.38317363342202,65.72975681029618,96,101,96,101,-1,4,-1,4,-1,4,-1,4,96,101,96,101,-0.05677509449167119,,,,,,,,
1785307200,36.844874899176354,36.88259584,36.71308945,36.7978426425,37.22066843645821,36.76045152726192,36.81067292669123,36.844874899176354,36.88259584,36.71308945,36.7978426425,,,,48.13419488375404,43.86496435048839,48.13419488375404,43.86496435048839,66.56516723177329,66.14746202103473,66.56516723177329,66.14746202103473,96,101,96,101,-1,4,-1,4,-1,4,-1,4,96,101,96,101,-0.07070141650788504,,,,,,,,
1785307800,36.821358770838174,36.8925668,36.59343788,36.76294427,37.21611396714022,36.84556082714287,36.80180170147065,36.821358770838174,36.8925668,36.59343788,36.76294427,,,,48.355432898829676,44.5064598573943,48.355432898829676,44.5064598573943,66.53591641979902,66.34168922041687,66.53591641979902,66.34168922041687,96,101,96,101,-1,4,-1,4,-1,4,-1,4,96,101,96,101,-0.08909011278852083,,,,,,,,
1785375000,36.79215152041908,36.79215152041908,36.31425089,36.580974175,37.20979416821345,36.901944254523826,36.788751469117706,36.79215152041908,36.79215152041908,36.31425089,36.580974175,,,,48.23979148815193,45.03979294750253,48.23979148815193,45.03979294750253,65.80565776068622,66.07367349055154,65.80565776068622,66.07367349055154,96,101,96,101,-1,4,-1,4,-1,4,-1,4,96,101,96,101,-0.09121669567955838,-0.09121669567955838,,-0.09121669567955838,,,,,
1785375600,36.68656284770954,36.99227644,36.5036992,36.663234625,37.20435576479839,36.92900829952382,36.7754079730883,36.68656284770954,36.99227644,36.5036992,36.663234625,,,,48.277554437689346,45.502330303243504,48.277554437689346,45.502330303243504,65.58901342365851,65.83134345710502,65.58901342365851,65.83134345710502,96,101,96,101,-1,4,-1,4,-1,4,-1,4,96,101,96,101,-0.047053477705375685,,,,,,,,
1785376200,36.67489873635477,36.88259584,36.52364113,36.700625744999996,37.19934352579543,36.92402281761906,36.76045152713242,36.67489873635477,36.88259584,36.52364113,36.700625744999996,,,,48.37859470830416,45.91322521825217,48.37859470830416,45.91322521825217,65.37902522768182,65.60518434239341,65.37902522768182,65.60518434239341,96,101,96,101,-1,4,-1,4,-1,4,-1,4,96,101,96,101,-0.0014622120084586024,,,,,,,,
1785376800,36.68776224067739,36.96236355,36.65326366,36.7878716775,37.19524927854871,36.89731487833335,36.75121372220595,36.68776224067739,36.96236355,36.65326366,36.7878716775,,,,48.62635869917271,46.30081571552654,48.62635869917271,46.30081571552654,65.56109262958051,65.58313848598696,65.56109262958051,65.58313848598696,96,101,96,101,-1,4,-1,4,-1,4,-1,4,96,101,96,101,0.040898719274387346,,,,,,,,
1785377400,36.73781695908869,36.73781695908869,36.33419282,36.508684685,37.18841779005569,36.86882640976192,36.734497694338295,36.73781695908869,36.73781695908869,36.33419282,36.508684685,,,,48.36381442331468,46.595529816639136,48.36381442331468,46.595529816639136,64.75718680162774,65.17016264380734,64.75718680162774,65.17016264380734,96,101,96,101,-1,4,-1,4,-1,4,-1,4,96,101,96,101,0.05778687682486395,,,,,0.05778687682486395,,0.05778687682486395,
1785378000,36.62325082204434,36.62325082204434,36.20457028,36.314250885,37.179719611895926,36.84128755666668,36.71338271161771,36.62325082204434,36.62325082204434,36.20457028,36.314250885,,,,47.77695504436258,46.76430484917106,47.77695504436258,46.76430484917106,63.385868491001446,64.2780155674044,63.385868491001446,64.2780155674044,96,101,96,101,-1,4,-1,4,-1,4,-1,4,96,101,96,101,0.03875295357351334,,,,,,,,
1785378600,36.46875085352217,36.46875085352217,36.09488968,36.217033990000004,37.17014065048403,36.80888192369049,36.68786877441183,36.46875085352217,36.46875085352217,36.09488968,36.217033990000004,,,,47.06048006847306,46.80661559478563,47.06048006847306,46.80661559478563,61.65094437840215,62.96447997290328,61.65094437840215,62.96447997290328,96,101,96,101,-1,4,-1,4,-1,4,-1,4,96,101,96,101,0.034150279148063865,,,,,,,,
1785379200,36.342892421761086,36.34416378,36.02509293,36.1422517575,37.15991290030508,36.768879365714305,36.66088851889713,36.342892421761086,36.34416378,36.02509293,36.1422517575,,,,46.26323254057742,46.72898944418446,46.26323254057742,46.72898944418446,59.73513606314073,61.349808018022,59.73513606314073,61.349808018022,96,101,96,101,-1,4,-1,4,-1,4,-1,4,96,101,96,101,0.03052814197484819,,,,,,,,
1785379800,36.24257208963054,36.24257208963054,35.8954704,36.027585672499995,37.14864596271498,36.72685887464287,36.630682363235366,36.24257208963054,36.24257208963054,35.8954704,36.027585672499995,,,,45.320608958005224,46.527792231873136,45.320608958005224,46.527792231873136,57.581185715964246,59.46549686699312,57.581185715964246,59.46549686699312,96,101,96,101,-1,4,-1,4,-1,4,-1,4,96,101,96,101,0.02306930686863558,,,,,,,,
1785380400,36.13507888106527,36.13507888106527,35.92538329,35.997672782500004,37.137193493260106,36.681633430833344,36.598056782426546,36.13507888106527,36.13507888106527,35.92538329,35.997672782500004,,,,44.39253590222511,46.222755613351985,44.39253590222511,46.222755613351985,55.51145532924717,57.488476098120145,55.51145532924717,57.488476098120145,96,101,96,101,-1,4,-1,4,-1,4,-1,4,96,101,96,101,0.021973273457831757,,,,,,,,
1785381000,36.066375831782636,36.066375831782636,35.70602208,35.8381373575,37.124267561561,36.62619961904763,36.584420022867725,36.066375831782636,36.066375831782636,35.70602208,35.8381373575,,,,43.24926186985046,45.797970792851764,43.24926186985046,45.797970792851764,53.12065254276786,55.304564320444,53.12065254276786,55.304564320444,96,101,96,101,-1,4,-1,4,-1,4,-1,4,96,101,96,101,0.021112455557605672,,,,,,,,
1785381600,35.95225659464132,35.95225659464132,35.6461963,35.708514825,37.11018046965492,36.5689852779762,36.59468425058831,35.95225659464132,35.95225659464132,35.6461963,35.708514825,,,,41.95893809272651,45.24953754997672,41.95893809272651,45.24953754997672,50.57193612758959,52.9382502240168,50.57193612758959,52.9382502240168,96,101,96,101,-1,4,-1,4,-1,4,-1,4,96,101,96,101,0.0100211557108025,,,,,,,,
1785387600,35.83038570982066,36.40398956,35.43680606,35.9478179625,37.09861467356383,36.51402627404763,36.623277456176545,35.83038570982066,36.40398956,35.43680606,35.9478179625,,,,41.39912976852157,44.69947929548313,41.39912976852157,44.69947929548313,47.62756826175169,50.282909242884244,47.62756826175169,50.282909242884244,96,101,96,101,-1,4,-1,4,-1,4,-1,4,96,101,96,101,-0.0009468393934019452,,,,,,,,
1785388200,35.88910183616033,36.29430896,35.85558654,36.102367902500006,37.08870177036916,36.46049169345239,36.64402585919125,35.88910183616033,36.29430896,35.85558654,36.102367902500006,,,,41.39394410682967,44.22725998281835,41.39394410682967,44.22725998281835,44.49202548341727,47.38746736315076,44.49202548341727,47.38746736315076,96,101,96,101,-1,4,-1,4,-1,4,-1,4,96,101,96,101,0.022794875272256716,,,,,,,,
1785388800,35.995734869330164,36.30427992,35.96526715,36.11981709,37.0790611267834,36.412892210595246,36.6447590183089,35.995734869330164,36.30427992,35.96526715,36.11981709,,,,41.584141273970715,43.84967159584012,41.584141273970715,43.84967159584012,42.11755971662357,44.75251353988716,42.11755971662357,44.75251353988716,96,101,96,101,-1,4,-1,4,-1,4,-1,4,96,101,96,101,0.009316094169613955,,,,,,,,
1785389400,36.05777597966508,36.22451221,35.77581883,36.015121967499994,37.068474667487045,36.3668358529762,36.62151787426478,36.05777597966508,36.22451221,35.77581883,36.015121967499994,,,,41.639323171225065,43.53390753518083,41.639323171225065,43.53390753518083,39.58286733005611,42.16769043497163,39.58286733005611,42.16769043497163,96,101,96,101,-1,4,-1,4,-1,4,-1,4,96,101,96,101,-0.010286517467460862,,,,,,,,
1785390000,36.03644897358254,36.20457028,35.84561558,35.97274537,37.05757188840757,36.326002381309536,36.58104749095596,36.03644897358254,36.20457028,35.84561558,35.97274537,,,,41.59388470415575,43.25676141646296,41.59388470415575,43.25676141646296,37.92871694586762,40.048203690419626,37.92871694586762,40.048203690419626,96,101,96,101,-1,4,-1,4,-1,4,-1,4,96,101,96,101,-0.027126839807558173,,,,,,,,
1785390600,36.00459717179127,36.09488968,35.87552847,35.990194557500004,37.04695121844829,36.28540631345239,36.54820196250007,36.00459717179127,36.09488968,35.87552847,35.990194557500004,,,,41.59150076029157,43.018867037009905,41.59150076029157,43.018867037009905,36.582775011379816,38.315489350899725,36.582775011379816,38.315489350899725,96,101,96,101,-1,4,-1,4,-1,4,-1,4,96,101,96,101,-0.060733620138690575,,,,,,,,
1785391200,35.99739586464564,36.10486064,35.94532522,36.007643745,37.03660985055328,36.24777779452383,36.522174813823604,35.99739586464564,36.10486064,35.94532522,36.007643745,,,,41.629096016546406,42.82032831980083,41.629096016546406,42.82032831980083,35.587026571189924,36.951257961044824,35.587026571189924,36.951257961044824,96,101,96,101,-1,4,-1,4,-1,4,-1,4,96,101,96,101,-0.08702853365757002,,,,,,,,
1785391800,36.002519804822825,36.1447445,35.86555751,36.0350638975,37.026644219179616,36.21145499714287,36.49680750838243,36.002519804822825,36.1447445,35.86555751,36.0350638975,,,,41.726562770778195,42.66407609851188,41.726562770778195,42.66407609851188,34.76303541058954,35.857146685817185,34.76303541058954,35.857146685817185,96,101,96,101,-1,4,-1,4,-1,4,-1,4,96,101,96,101,-0.11811881690886619,,,,,,,,
1785392400,36.01879185116141,36.24445414,35.99518004,36.1023679025,37.01744743990917,36.179998979642875,36.4709269915442,36.01879185116141,36.24445414,35.99518004,36.1023679025,,,,41.970616290343585,42.56501041163069,41.970616290343585,42.56501041163069,34.61546705377051,35.23630686979385,34.61546705377051,35.23630686979385,96,101,96,101,-1,4,-1,4,-1,4,-1,4,96,101,96,101,-0.12754326195833618,,,,,,,,
1785393000,36.0605798768307,36.09488968,35.82567365,35.9428324775,37.006754753716045,36.14961127976192,36.4424804177942,36.0605798768307,36.09488968,35.82567365,35.9428324775,,,,41.83327016972724,42.46047609135877,41.83327016972724,42.46047609135877,33.612657122585404,34.42448199618963,33.612657122585404,34.42448199618963,96,101,96,101,-1,4,-1,4,-1,4,-1,4,96,101,96,101,-0.1049173785037217,,,,,,,,
1785393600,36.001706177165346,36.001706177165346,35.5365157,35.698543859999994,36.99373772989797,36.103673624285726,36.40574914595596,36.001706177165346,36.001706177165346,35.5365157,35.698543859999994,,,,41.148409645606094,42.27303802767982,41.148409645606094,42.27303802767982,31.38680539477987,32.90564369548475,31.38680539477987,32.90564369548475,96,101,96,101,-1,4,-1,4,-1,4,-1,4,96,101,96,101,-0.09684659023232456,,,,,,,,
1785394200,35.85012501858267,35.85012501858267,35.55645762,35.60132696,36.97988289636665,36.05132606309525,36.36454560345596,35.85012501858267,35.85012501858267,35.55645762,35.60132696,,,,40.29067518897279,41.98984333643596,40.29067518897279,41.98984333643596,28.77703482564155,30.84133926056315,28.77703482564155,30.84133926056315,96,101,96,101,-1,4,-1,4,-1,4,-1,4,96,101,96,101,-0.10950906939908228,,,,,,,,
1785461400,35.725725989291334,36.56352499,35.725725989291334,36.3242218525,36.97335890588041,36.02924750000002,36.34731636419126,35.725725989291334,36.56352499,35.725725989291334,36.3242218525,,,,41.143434057714714,41.86892772519007,41.143434057714714,41.86892772519007,29.77888340551328,30.310111333038215,29.77888340551328,30.310111333038215,96,101,96,101,-1,4,-1,4,-1,4,-1,4,96,101,96,101,-0.1687962787328351,,,,,,,,
1785462000,36.02497392089567,36.91250873,36.02497392089567,36.623350775,36.96987623791145,36.03470779000002,36.333239709191254,36.02497392089567,36.91250873,36.02497392089567,36.623350775,,,,42.61772016622847,41.97589807390984,42.61772016622847,41.97589807390984,32.90902280563776,31.609567069337988,32.90902280563776,31.609567069337988,96,101,96,101,-1,4,-1,4,-1,4,-1,4,96,101,96,101,-0.2161091106485928,-0.2161091106485928,,-0.2161091106485928,,,,,
1785462600,36.32416234794783,37.391115,36.32416234794783,37.124391715,36.971413705345164,36.073285924761926,36.33023375683831,36.32416234794783,37.391115,36.32416234794783,37.124391715,,,,45.129784746427276,42.426453312840906,45.129784746427276,42.426453312840906,38.593857220974925,35.101712145156455,38.593857220974925,35.101712145156455,96,101,96,101,-1,4,-1,4,-1,4,-1,4,96,101,96,101,-0.16659242803278546,,,,,,,,
1785463200,36.72427703147392,37.32131825,36.72427703147392,37.14433364,36.97313430170989,36.1174430509524,36.330966915955955,36.72427703147392,37.32131825,36.72427703147392,37.14433364,,,,47.5079120409376,43.15237598828329,47.5079120409376,43.15237598828329,44.592752715309146,39.8472324302328,44.592752715309146,39.8472324302328,96,101,96,101,-1,4,-1,4,-1,4,-1,4,96,101,96,101,-0.08977358152007676,,,,,,,,
1785463800,36.93430533573696,37.09198608,36.56352499,36.8626539075,36.97203499430482,36.15174791523811,36.32744775213242,36.93430533573696,37.09198608,36.56352499,36.8626539075,,,,49.07354343670463,43.99825705234348,49.07354343670463,43.99825705234348,48.64781147646029,44.24752195334655,48.64781147646029,44.24752195334655,96,101,96,101,-1,4,-1,4,-1,4,-1,4,96,101,96,101,-0.0735692854220864,,,,,-0.0735692854220864,-0.0735692854220864,-0.0735692854220864,
1785464400,36.89847962161848,36.89847962161848,36.51367017,36.66822011,36.96901196063015,36.182254317023826,36.322682217867715,36.89847962161848,36.89847962161848,36.51367017,36.66822011,,,,50.08375894143591,44.86761446507097,50.08375894143591,44.86761446507097,51.146899742767914,47.69721084805723,51.146899742767914,47.69721084805723,96,101,96,101,-1,4,-1,4,-1,4,-1,4,96,101,96,101,-0.09994108411019945,,,,,,,,
1785465000,36.78334986580924,36.78334986580924,36.44387342,36.546075800000004,36.96480364062388,36.20836874642859,36.31395762426478,36.78334986580924,36.78334986580924,36.44387342,36.546075800000004,,,,50.74315377263162,45.70697722329392,50.74315377263162,45.70697722329392,52.49315900716583,50.09518492761153,52.49315900716583,50.09518492761153,96,101,96,101,-1,4,-1,4,-1,4,-1,4,96,101,96,101,-0.12253775804391685,,,,,,,,
1785465600,36.66471283290463,36.66471283290463,36.45384438,36.51616291,36.960339553752,36.24065567750002,36.30567292625007,36.66471283290463,36.66471283290463,36.45384438,36.51616291,,,,51.28720511940691,46.50415263702435,51.28720511940691,46.50415263702435,53.22732143549271,51.66125318155212,53.22732143549271,51.66125318155212,96,101,96,101,-1,4,-1,4,-1,4,-1,4,96,101,96,101,-0.1390544158532514,,,,,,,,
1785466200,36.59043787145231,36.63332174,36.47378631,36.5311193575,36.9560687060281,36.279827321904776,36.29782812375007,36.59043787145231,36.63332174,36.47378631,36.5311193575,,,,51.82651758821218,47.264490487194045,51.82651758821218,47.264490487194045,53.775009122067644,52.718131151809885,53.775009122067644,52.718131151809885,96,101,96,101,-1,4,-1,4,-1,4,-1,4,96,101,96,101,-0.155360333076284,,,,,,,,
1785466800,36.560778614476156,36.560778614476156,36.29430896,36.41396053,36.95067459482384,36.30202458702382,36.28756389610301,36.560778614476156,36.560778614476156,36.29430896,36.41396053,,,,52.060019292124075,47.94956603075548,52.060019292124075,47.94956603075548,53.490082530442876,53.10410684112638,53.490082530442876,53.10410684112638,96,101,96,101,-1,4,-1,4,-1,4,-1,4,96,101,96,101,-0.15687203477039122,,,,,,,,
1785467400,36.48736957223808,36.48736957223808,36.07494775,36.18961384,36.94310185099474,36.30617915547621,36.27605329801478,36.48736957223808,36.48736957223808,36.07494775,36.18961384,,,,51.76501336652274,48.494629935865085,51.76501336652274,48.494629935865085,52.05453957645998,52.579323208793184,52.05453957645998,52.579323208793184,96,101,96,101,-1,4,-1,4,-1,4,-1,4,96,101,96,101,-0.17949295586458183,,,,,,,,
1785468000,36.338491706119044,36.338491706119044,35.99518004,36.129788055000006,36.93500917640773,36.306653963333346,36.260363693014774,36.338491706119044,36.338491706119044,35.99518004,36.129788055000006,,,,51.35459157410154,48.90319588418458,51.35459157410154,48.90319588418458,50.0972187726675,51.338270990730344,50.0972187726675,51.338270990730344,96,101,96,101,-1,4,-1,4,-1,4,-1,4,96,101,96,101,-0.22008942205162227,,,,,,,,
1785474000,36.234139880559525,36.29430896,36.13477354,36.19210658,36.927617110771834,36.315081802023826,36.24540724698537,36.234139880559525,36.29430896,36.13477354,36.19210658,,,,51.11566032854522,49.21926223337896,51.11566032854522,49.21926223337896,48.58865938350198,49.96346518711616,48.58865938350198,49.96346518711616,96,101,96,101,-1,4,-1,4,-1,4,-1,4,96,101,96,101,-0.22690525553036595,-0.22690525553036595,,-0.22690525553036595,,,,,
1785474600,36.21312323027976,36.46381535,36.18462836,36.311758149999996,36.92148916091341,36.33122526773811,36.23140390794124,36.21312323027976,36.46381535,36.18462836,36.311758149999996,,,,51.16677103782568,49.49747777687135,51.16677103782568,49.49747777687135,47.935436692767134,48.94945093994164,47.935436692767134,48.94945093994164,96,101,96,101,-1,4,-1,4,-1,4,-1,4,96,101,96,101,-0.21764755408876169,,,,,,,,
1785475200,36.26244069013988,36.46381535,36.26244069013988,36.3715839325,36.91601746709835,36.34938666654764,36.22737153286772,36.26244069013988,36.46381535,36.26244069013988,36.3715839325,,,,50.85449252686375,49.691337026870265,50.85449252686375,49.691337026870265,47.73631869618235,48.342884818062,47.73631869618235,48.342884818062,96,101,96,101,-1,4,-1,4,-1,4,-1,4,96,101,96,101,-0.19930417269675887,,,,,,,,
1785475800,36.31701231131994,36.34416378,36.24445414,36.306772665000004,36.90995532976404,36.36363090083336,36.22715158522066,36.31701231131994,36.34416378,36.24445414,36.306772665000004,,,,49.829619923137116,49.71109172633696,49.829619923137116,49.71109172633696,47.25470094305191,47.79879288055695,47.25470094305191,47.79879288055695,96,101,96,101,-1,4,-1,4,-1,4,-1,4,96,101,96,101,-0.1781168890882853,,,,,,,,
1785476400,36.31189248815997,36.31189248815997,36.15471546,36.24445414,36.90333342737833,36.37360186476193,36.22795806022066,36.31189248815997,36.31189248815997,36.15471546,36.24445414,,,,48.691162307670204,49.565387523670275,48.691162307670204,49.565387523670275,46.47380991773239,47.13630139914467,46.47380991773239,47.13630139914467,96,101,96,101,-1,4,-1,4,-1,4,-1,4,96,101,96,101,-0.17530884481702586,,,,,,,,
1785477000,36.278173314079986,36.278173314079986,36.10486064,36.187121095,36.89620693650889,36.37763773107145,36.22927774661772,36.278173314079986,36.278173314079986,36.10486064,36.187121095,,,,47.462176105410286,49.264928749633135,47.462176105410286,49.264928749633135,45.46535706096191,46.30082923005329,45.46535706096191,46.30082923005329,96,101,96,101,-1,4,-1,4,-1,4,-1,4,96,101,96,101,-0.1799219029069741,,,,,,,,
1785477600,36.232647204539994,36.284338,36.17465739,36.2020775425,36.889300176369495,36.38998273416669,36.234409860441254,36.232647204539994,36.284338,36.17465739,36.2020775425,,,,46.759345591406266,48.90698829845787,46.759345591406266,48.90698829845787,44.68919624330807,45.49501273668068,44.68919624330807,45.49501273668068,96,101,96,101,-1,4,-1,4,-1,4,-1,4,96,101,96,101,-0.1701577820036936,,,,,,,,
1785478200,36.21736237352,36.21736237352,36.09488968,36.14723724,36.88191646555985,36.41134908559526,36.238808815073604,36.21736237352,36.21736237352,36.09488968,36.14723724,,,,46.0159666659405,48.493985208098245,46.0159666659405,48.493985208098245,43.62668521583227,44.56084897625647,43.62668521583227,44.56084897625647,96,101,96,101,-1,4,-1,4,-1,4,-1,4,96,101,96,101,-0.15812742127795587,,,,,,,,
1785478800,36.18229980676,36.29430896,36.10486064,36.197092059999996,36.875102292370194,36.43971885226193,36.2493663063236,36.18229980676,36.29430896,36.10486064,36.197092059999996,,,,45.50790197896402,48.0674018896505,45.50790197896402,48.0674018896505,42.9375445459363,43.749196761096385,42.9375445459363,43.749196761096385,96,101,96,101,-1,4,-1,4,-1,4,-1,4,96,101,96,101,-0.16318962908813342,,,,,,,,
1785479400,36.189695933379994,36.27436703,36.12480257,36.2045702825,36.868430332072975,36.4340211584524,36.26395617272067,36.189695933379994,36.27436703,36.12480257,36.2045702825,,,,45.063459986516115,47.63826733205987,45.063459986516115,47.63826733205987,42.379531353071805,43.06436405708409,42.379531353071805,43.06436405708409,96,101,96,101,-1,4,-1,4,-1,4,-1,4,96,101,96,101,-0.1565605125475817,,,,,,,,
1785480000,36.19713310794,36.19713310794,35.81570269,35.980223595,36.85959245409215,36.40339605464288,36.2649092795589,36.19713310794,36.19713310794,35.81570269,35.980223595,,,,43.83079301264961,47.09434242928698,43.83079301264961,47.09434242928698,40.1580043276356,41.61118419235984,40.1580043276356,41.61118419235984,96,101,96,101,-1,4,-1,4,-1,4,-1,4,96,101,96,101,-0.1428779687133515,,,,,-0.1428779687133515,,-0.1428779687133515,
1785480600,36.088678351469994,36.088678351469994,35.63622534,35.7359349775,36.84841178268327,36.33727906714288,36.25413184058831,36.088678351469994,36.088678351469994,35.63622534,35.7359349775,,,,41.79331653691643,46.33705301609119,41.79331653691643,46.33705301609119,36.890487822924484,39.250836007642164,36.890487822924484,39.250836007642164,96,101,96,101,-1,4,-1,4,-1,4,-1,4,96,101,96,101,-0.16145361215822174,,,,,,,,
1785720600,35.912306664485,35.912306664485,34.84851918,35.312169005,36.83312578489538,36.25003313214289,36.23037748514714,35.912306664485,35.912306664485,34.84851918,35.312169005,,,,40.1106006470165,45.447559820509085,40.1106006470165,45.447559820509085,35.053214305627705,37.152025156634934,35.053214305627705,37.152025156634934,96,101,96,101,-1,4,-1,4,-1,4,-1,4,96,101,96,101,-0.2031349097173613,,,,,,,,
1785721200,35.6122378347425,35.6122378347425,34.83854822,35.09779328,36.81585879479692,36.16599214988098,36.20339722963243,35.6122378347425,35.6122378347425,34.83854822,35.09779328,,,,37.971004162173195,44.37948044074682,37.971004162173195,44.37948044074682,32.35798422493301,34.75500469078398,32.35798422493301,34.75500469078398,96,101,96,101,-1,4,-1,4,-1,4,-1,4,96,101,96,101,-0.25657789709631074,,,,,,,,
1785721800,35.355015557371246,35.51657377,35.21744485,35.3645165675,36.801417578604905,36.10391102880955,36.18550814720596,35.355015557371246,35.51657377,35.21744485,35.3645165675,,,,36.73060876810174,43.2867844875118,36.73060876810174,43.2867844875118,30.673999103499217,32.714501897141595,30.673999103499217,32.714501897141595,96,101,96,101,-1,4,-1,4,-1,4,-1,4,96,101,96,101,-0.26679258391009053,-0.26679258391009053,,-0.26679258391009053,,,,,
1785722400,35.359766062435625,35.7558769,35.359766062435625,35.6187761475,36.789650002176,36.05975390250003,36.174584076323605,35.359766062435625,35.7558769,35.359766062435625,35.6187761475,,,,36.290308576268025,42.287287928762694,36.290308576268025,42.287287928762694,30.232257380967734,31.473379639054663,30.232257380967734,31.473379639054663,96,101,96,101,-1,4,-1,4,-1,4,-1,4,96,101,96,101,-0.2137486586524748,,,,,,,,
1785723000,35.48927110496781,36.04503486,35.48927110496781,35.8157026875,36.779958984119524,36.02639865380955,36.16893875110302,35.48927110496781,36.04503486,35.48927110496781,35.8157026875,,,,36.4325186696557,41.450892320318836,36.4325186696557,41.450892320318836,30.908046110193705,31.190712874624182,30.908046110193705,31.190712874624182,96,101,96,101,-1,4,-1,4,-1,4,-1,4,96,101,96,101,-0.14013761987278514,,,,,,,,
1785723600,35.65248689623391,35.99518004,35.65248689623391,35.76834061,36.769893129650676,35.99007585630956,36.16109394852949,35.65248689623391,35.99518004,35.65248689623391,35.76834061,,,,36.43203742107689,40.73391304899855,36.43203742107689,40.73391304899855,31.690845124411737,31.44077899951796,31.690845124411737,31.44077899951796,96,101,96,101,-1,4,-1,4,-1,4,-1,4,96,101,96,101,-0.08586130867754514,,,,,,,,
1785724200,35.71041375311695,35.8954704,35.51657377,35.728456754999996,36.759530578659124,35.957432819404794,36.15009656183832,35.71041375311695,35.8954704,35.51657377,35.728456754999996,,,,36.319983407162816,40.103351671593444,36.319983407162816,40.103351671593444,32.07363114542683,31.757205072472395,32.07363114542683,31.757205072472395,96,101,96,101,-1,4,-1,4,-1,4,-1,4,96,101,96,101,-0.07946993479903838,,,,,,,,
1785724800,35.719435254058475,36.26439607,35.719435254058475,35.985209077499995,36.751825887105305,35.94769925928575,36.151342932426545,35.719435254058475,36.26439607,35.719435254058475,35.985209077499995,,,,36.934404233255044,39.65064489468796,36.934404233255044,39.65064489468796,33.626621845049975,32.691913458761185,33.626621845049975,32.691913458761185,96,101,96,101,-1,4,-1,4,-1,4,-1,4,96,101,96,101,-0.0562195032183635,,,,,,,,
1785725400,35.852322165779235,36.09488968,35.852322165779235,35.9852090775,36.74419785914903,35.940814546071465,36.15977426235301,35.852322165779235,36.09488968,35.852322165779235,35.9852090775,,,,37.50493785748357,39.34411531794448,37.50493785748357,39.34411531794448,35.065510937691776,33.87871219822648,35.065510937691776,33.87871219822648,96,101,96,101,-1,4,-1,4,-1,4,-1,4,96,101,96,101,-0.032530491898792334,,,,,,,,
1785726000,35.91876562163962,36.19459932,35.91876562163962,36.0076437475,36.73686896251571,35.9320306016667,36.17172475610302,35.91876562163962,36.19459932,35.91876562163962,36.0076437475,,,,38.09749810073529,39.16602714405745,38.09749810073529,39.16602714405745,36.60941798162741,35.24406508992695,36.60941798162741,35.24406508992695,96,101,96,101,-1,4,-1,4,-1,4,-1,4,96,101,96,101,-0.019802731438950817,,,,,,,,
1785726600,35.96320468456981,36.04503486,35.85558654,35.955296185,36.729092118958334,35.91505622238099,36.16087400117654,35.96320468456981,36.04503486,35.85558654,35.955296185,,,,38.50124823289918,39.071058728177704,38.50124823289918,39.071058728177704,37.627192552633886,36.43562882128042,37.627192552633886,36.43562882128042,96,101,96,101,-1,4,-1,4,-1,4,-1,4,96,101,96,101,-0.01389515181774838,,,,,,,,
1785727200,35.959250434784906,36.11483161,35.8954704,36.030078412499996,36.722136758695065,35.898794054761936,36.14342481404419,35.959250434784906,36.11483161,35.8954704,36.030078412499996,,,,39.08542245609781,39.073110689309146,39.08542245609781,39.073110689309146,38.78532325258654,37.61047603693348,38.78532325258654,37.61047603693348,96,101,96,101,-1,4,-1,4,-1,4,-1,4,96,101,96,101,-0.015271972919523806,,,,,,,,
1785733200,35.99466442364245,36.13477354,35.82567365,35.985209075,36.71480414492695,35.88348150285718,36.109919442279484,35.99466442364245,36.13477354,35.82567365,35.985209075,,,,39.502311914556074,39.1344251500587,39.502311914556074,39.1344251500587,39.84178926638835,38.72613265166092,39.84178926638835,38.72613265166092,96,101,96,101,-1,4,-1,4,-1,4,-1,4,96,101,96,101,-0.009912293708429061,,,,,,,,
1785733800,35.989936749321224,35.989936749321224,35.81570269,35.8655575075,36.706353929629174,35.86543880607147,36.0723083795589,35.989936749321224,35.989936749321224,35.81570269,35.8655575075,,,,39.55460212685608,39.194450432458325,39.55460212685608,39.194450432458325,40.913041711994666,39.81958718182779,40.913041711994666,39.81958718182779,96,101,96,101,-1,4,-1,4,-1,4,-1,4,96,101,96,101,-0.011367988470029837,,,,,,,,
1785734400,35.927747128410616,35.927747128410616,35.74590594,35.808224465,36.69741731804083,35.847396109404805,36.041295748897134,35.927747128410616,35.927747128410616,35.74590594,35.808224465,,,,39.4427220572824,39.229917807433196,39.4427220572824,39.229917807433196,42.038190218355695,40.92888870009175,42.038190218355695,40.92888870009175,96,101,96,101,-1,4,-1,4,-1,4,-1,4,96,101,96,101,-0.019966608228694054,-0.019966608228694054,,-0.019966608228694054,,,,,
1785735000,35.86798579670531,35.91541233,35.76584787,35.810717207500005,36.68859443136878,35.82875990297623,36.01607507529419,35.86798579670531,35.91541233,35.76584787,35.810717207500005,,,,39.345808871886675,39.24647367378369,39.345808871886675,39.24647367378369,43.34591408601434,42.13740139305304,43.34591408601434,42.13740139305304,96,101,96,101,-1,4,-1,4,-1,4,-1,4,96,101,96,101,-0.018322338596946167,,,,,,,,
1785735600,35.83935150210266,35.88549944,35.7558769,35.803238985,36.67978492443974,35.812379033690526,35.99422693367654,35.83935150210266,35.88549944,35.7558769,35.803238985,,,,39.23489171895698,39.24481910880844,39.23489171895698,39.24481910880844,44.81132100589724,43.47436119947514,44.81132100589724,43.47436119947514,96,101,96,101,-1,4,-1,4,-1,4,-1,4,96,101,96,101,-0.010431290649478404,,,,,,,,
1785736200,35.82129524355133,35.92538329,35.77581883,35.81819543,36.671211894644316,35.79433633702385,35.97369847838243,35.82129524355133,35.92538329,35.77581883,35.81819543,,,,39.1737498956467,39.23466636407105,39.1737498956467,39.23466636407105,46.31543200397404,44.89489660172459,46.31543200397404,44.89489660172459,96,101,96,101,-1,4,-1,4,-1,4,-1,4,96,101,96,101,0.002277463802864467,,,,,,,,
1785736800,35.81974533677567,35.81974533677567,35.6461963,35.7234712725,36.66178163969761,35.77142686035719,35.949944122941254,35.81974533677567,35.81974533677567,35.6461963,35.7234712725,,,,38.85190838212806,39.17998665236491,38.85190838212806,39.17998665236491,47.23051810195092,46.06270735183776,47.23051810195092,46.06270735183776,96,101,96,101,-1,4,-1,4,-1,4,-1,4,96,101,96,101,0.012386341619634408,,,,,,,,
1785737400,35.77160830463784,35.83564462,35.67610919,35.728456752499994,36.65249482489962,35.75943796309529,35.92978224713243,35.77160830463784,35.83564462,35.67610919,35.728456752499994,,,,38.567006435428844,39.09241804994547,38.567006435428844,39.09241804994547,48.363448920445116,47.213078136141434,48.363448920445116,47.213078136141434,96,101,96,101,-1,4,-1,4,-1,4,-1,4,96,101,96,101,0.007042489564211071,,,,,,,,
1785738000,35.750032528568916,35.8954704,35.69605112,35.7783115725,36.64379648407972,35.76145589619052,35.91768512161772,35.750032528568916,35.8954704,35.69605112,35.7783115725,,,,38.44196355656965,38.99949597946321,38.44196355656965,38.99949597946321,49.726319215192554,48.46969867566699,49.726319215192554,48.46969867566699,96,101,96,101,-1,4,-1,4,-1,4,-1,4,96,101,96,101,-0.0003133813871064769,,,,,,,,
1785738600,35.764172050534455,35.84561558,35.73593498,35.7857897975,36.63525910411376,35.78400926726194,35.9075675258089,35.764172050534455,35.84561558,35.73593498,35.7857897975,,,,38.34677865682979,38.90625064765844,38.34677865682979,38.90625064765844,50.92811462135537,49.69890664851118,50.92811462135537,49.69890664851118,96,101,96,101,-1,4,-1,4,-1,4,-1,4,96,101,96,101,0.00971142071088817,,,,,,,,
1785739200,35.77498092401723,35.83564462,35.7558769,35.79326802,36.626881083376304,35.81712711202384,35.89583697992654,35.77498092401723,35.83564462,35.7558769,35.79326802,,,,38.27931901641927,38.816688986052846,38.27931901641927,38.816688986052846,52.0210476593304,50.859977153920795,52.0210476593304,50.859977153920795,96,101,96,101,-1,4,-1,4,-1,4,-1,4,96,101,96,101,0.020499680437856747,,,,,,,,
1785739800,35.784124472008614,35.83564462,35.784124472008614,35.8206881725,36.61885926336758,35.8388495694048,35.88139374529419,35.784124472008614,35.83564462,35.784124472008614,35.8206881725,,,,38.29340783678435,38.74193453615735,38.29340783678435,38.74193453615735,53.11998589545122,51.98998152468601,53.11998589545122,51.98998152468601,96,101,96,101,-1,4,-1,4,-1,4,-1,4,96,101,96,101,0.023485653522480478,,,,,,,,
1785807000,35.802406322254306,36.71308945,35.802406322254306,36.274367032499995,36.61543147997587,35.87006818297623,35.878534424705954,35.802406322254306,36.71308945,35.802406322254306,36.274367032499995,,,,39.576021559230426,38.86108982516779,39.576021559230426,38.86108982516779,55.70365024943221,53.84681588705911,55.70365024943221,53.84681588705911,96,101,96,101,-1,4,-1,4,-1,4,-1,4,96,101,96,101,0.021247463321925515,,,,,,,,
1785807600,36.03838667737715,36.76294427,36.03838667737715,36.605901585,36.61533665515024,35.907696701904804,35.88733233411772,36.03838667737715,36.76294427,36.03838667737715,36.605901585,,,,41.694754390842164,39.26589904883555,41.694754390842164,39.26589904883555,59.41388364109796,56.63034976407853,59.41388364109796,56.63034976407853,96,101,96,101,-1,4,-1,4,-1,4,-1,4,96,101,96,101,0.03981496984994722,,,,,,,,
1785808200,36.32214413118857,36.71308945,36.32214413118857,36.6258435125,36.61544120099451,35.948530173452426,35.89854966860301,36.32214413118857,36.71308945,36.32214413118857,36.6258435125,,,,43.71795273316993,39.901906718026176,43.71795273316993,39.901906718026176,63.4218668770001,60.026108320539315,63.4218668770001,60.026108320539315,96,101,96,101,-1,4,-1,4,-1,4,-1,4,96,101,96,101,0.06568631104976713,,,,,,,,
1785808800,36.47399382184429,36.76294427,36.47399382184429,36.650770924999996,36.615792740536854,35.992449895833374,35.91218642830889,36.47399382184429,36.76294427,36.47399382184429,36.650770924999996,,,,45.666391379579345,40.72540452681949,45.666391379579345,40.72540452681949,67.4562207922785,63.741164556408904,67.4562207922785,63.741164556408904,96,101,96,101,-1,4,-1,4,-1,4,-1,4,96,101,96,101,0.07409170524872905,,,,,,,,
1785809400,36.56238237342214,36.73303138,36.56238237342214,36.675698335,36.61638881610365,36.025330336666705,35.926116451617716,36.56238237342214,36.73303138,36.56238237342214,36.675698335,,,,47.54541030135455,41.69969106603878,47.54541030135455,41.69969106603878,71.20630636894532,67.47373546267711,71.20630636894532,67.47373546267711,96,101,96,101,-1,4,-1,4,-1,4,-1,4,96,101,96,101,0.07169681984642054,,,,,,,,
1785810000,36.619040354211066,36.94242162,36.619040354211066,36.7828861975,36.618045506465805,36.06331496142861,35.94481200919125,36.619040354211066,36.94242162,36.619040354211066,36.7828861975,,,,49.590157781359544,42.82690059679889,49.590157781359544,42.82690059679889,74.00805144587736,70.74089345427723,74.00805144587736,70.74089345427723,96,101,96,101,-1,4,-1,4,-1,4,-1,4,96,101,96,101,0.08042637242210701,,,,,,,,
1785810600,36.70096327585553,36.87262487,36.70096327585553,36.84769746,36.62033060053082,36.10331751916671,35.963947462132424,36.70096327585553,36.87262487,36.70096327585553,36.84769746,,,,51.67021346756861,44.090231006908844,51.67021346756861,44.090231006908844,76.71330208442467,73.72709776935095,76.71330208442467,73.72709776935095,96,101,96,101,-1,4,-1,4,-1,4,-1,4,96,101,96,101,0.0919296550485544,,,,,,,,
1785811200,36.77433036792776,36.8925668,36.77433036792776,36.86763939,36.62279138450564,36.14676243369051,35.98344949470596,36.77433036792776,36.8925668,36.77433036792776,36.86763939,,,,53.65749732473252,45.45698333802651,53.65749732473252,45.45698333802651,79.31260491832583,76.51985134383838,79.31260491832583,76.51985134383838,96,101,96,101,-1,4,-1,4,-1,4,-1,4,96,101,96,101,0.0953497991206994,,,,,,,,
1785811800,36.820984878963884,36.91250873,36.69314752,36.805320865,36.6246075982419,36.183678740952416,36.00771706147066,36.820984878963884,36.91250873,36.69314752,36.805320865,,,,55.32844617396859,46.867192314589666,55.32844617396859,46.867192314589666,81.35150784354818,78.93567959369328,81.35150784354818,78.93567959369328,96,101,96,101,-1,4,-1,4,-1,4,-1,4,96,101,96,101,0.0981972343376909,,,,,0.0981972343376909,,0.0981972343376909,
1785812400,36.81315287198194,36.83274102,36.65326366,36.762944270000006,36.625984082538004,36.22071375023813,36.03792321713242,36.81315287198194,36.83274102,36.65326366,36.762944270000006,,,,56.761458950098586,48.28065897680523,56.761458950098586,48.28065897680523,82.81091304198613,80.8732963178397,82.81091304198613,80.8732963178397,96,101,96,101,-1,4,-1,4,-1,4,-1,4,96,101,96,101,0.08555257061672371,,,,,,,,
1785813000,36.78804857099097,36.8925668,36.7828862,36.8177845725,36.62789254512469,36.26605789619051,36.08220602794125,36.78804857099097,36.8925668,36.7828862,36.8177845725,,,,58.24557349385892,49.70421819352718,58.24557349385892,49.70421819352718,84.43396800480393,82.65363216132181,84.43396800480393,82.65363216132181,96,101,96,101,-1,4,-1,4,-1,4,-1,4,96,101,96,101,0.06900325992309994,,,,,,,,
1785813600,36.802916571745484,36.88259584,36.7828862,36.83274102,36.62993083840703,36.31484439880956,36.13323390264713,36.802916571745484,36.88259584,36.7828862,36.83274102,,,,59.66553253875656,51.12726309998852,59.66553253875656,51.12726309998852,85.69994734133392,84.17678975132787,85.69994734133392,84.17678975132787,96,101,96,101,-1,4,-1,4,-1,4,-1,4,96,101,96,101,0.052220345709367365,,,,,,,,
1785819600,36.81782879587274,36.97233451,36.81782879587274,36.89505954,36.63256893494029,36.36647974797623,36.178249872426534,36.81782879587274,36.97233451,36.81782879587274,36.89505954,,,,61.15845208458611,52.560290097788176,61.15845208458611,52.560290097788176,86.92147567589059,85.54913271360923,86.92147567589059,85.54913271360923,96,101,96,101,-1,4,-1,4,-1,4,-1,4,96,101,96,101,0.04187630370582884,,,,,,,,
1785820200,36.856444167936374,36.97233451,36.84271198,36.8950595425,36.63518078178168,36.41847120309528,36.2157876193383,36.856444167936374,36.97233451,36.84271198,36.8950595425,,,,62.54473452699502,53.98663930196058,62.54473452699502,53.98663930196058,88.01910957503796,86.78412114432359,88.01910957503796,86.78412114432359,96,101,96,101,-1,4,-1,4,-1,4,-1,4,96,101,96,101,0.04877425567654557,,,,,,,,
1785820800,36.87575185521818,37.04213126,36.84271198,36.9449143625,36.63826270795798,36.47212448559528,36.248999727426536,36.87575185521818,37.04213126,36.84271198,36.9449143625,,,,64.1372075989277,55.4367204872416,64.1372075989277,55.4367204872416,88.68143302778944,87.73277708605652,88.68143302778944,87.73277708605652,96,101,96,101,-1,4,-1,4,-1,4,-1,4,96,101,96,101,0.043657612393219934,,,,,,,,
1785821400,36.91033310885909,37.1418409,36.91033310885909,37.0820151175,36.642678154819095,36.5368170496429,36.28763721294124,36.91033310885909,37.1418409,36.91033310885909,37.0820151175,,,,66.51330687494793,57.019089971199655,66.51330687494793,57.019089971199655,89.27406983970157,88.50342346287904,89.27406983970157,88.50342346287904,96,101,96,101,-1,4,-1,4,-1,4,-1,4,96,101,96,101,0.036946478386672366,,,,,,,,
1785822000,36.99617411317955,37.15181186,36.99617411317955,37.0870005975,36.64709927365174,36.60150961369052,36.32759438477948,36.99617411317955,37.15181186,36.99617411317955,37.0870005975,,,,68.70509038414315,58.68851860162015,68.70509038414315,58.68851860162015,89.96967208721591,89.23654777504748,89.96967208721591,89.23654777504748,96,101,96,101,-1,4,-1,4,-1,4,-1,4,96,101,96,101,0.0373687483239402,,,,,,,,
1785822600,37.04158735533977,37.08201512,37.02218933,37.057087705,36.651178760530826,36.66240371523814,36.35912022676478,37.04158735533977,37.08201512,37.02218933,37.057087705,,,,70.64795339451284,60.39700928631911,70.64795339451284,60.39700928631911,90.45547017161114,89.8460089733293,90.45547017161114,89.8460089733293,96,101,96,101,-1,4,-1,4,-1,4,-1,4,96,101,96,101,0.029717709835060988,,,,,,,,
1785823200,37.049337530169886,37.11192801,37.049337530169886,37.0770296325,36.655416082639974,36.723891326428614,36.39123259602949,37.049337530169886,37.11192801,37.049337530169886,37.0770296325,,,,72.51361682891927,62.12795322097628,72.51361682891927,62.12795322097628,91.07054402308545,90.45827649820737,91.07054402308545,90.45827649820737,96,101,96,101,-1,4,-1,4,-1,4,-1,4,96,101,96,101,0.018210038654903962,,,,,,,,
1785823800,37.06318358133494,37.10195704,36.77291523,36.9498998425,36.65834626930525,36.778969032261955,36.4189460105883,37.06318358133494,37.10195704,36.77291523,36.9498998425,,,,73.853469330086,63.803026950849095,73.853469330086,63.803026950849095,90.59805123917299,90.52816386869017,90.59805123917299,90.52816386869017,96,101,96,101,-1,4,-1,4,-1,4,-1,4,96,101,96,101,0.013244810615044745,,,,,,,,
1785824400,37.00654171191747,37.00654171191747,36.81279909,36.850190205,36.66025516418778,36.82799293857148,36.445266422941245,37.00654171191747,37.00654171191747,36.81279909,36.850190205,,,,74.78973631442508,65.37255685993138,74.78973631442508,65.37255685993138,89.60176132544325,90.06496259706671,89.60176132544325,90.06496259706671,96,101,96,101,-1,4,-1,4,-1,4,-1,4,96,101,96,101,-0.003496877531287466,,,,,,,,
1785825000,36.928365958458734,36.928365958458734,36.71308945,36.805320865,36.66169860399686,36.853276454404806,36.46806767154419,36.928365958458734,36.928365958458734,36.71308945,36.805320865,,,,75.52058028091282,66.82227449150017,75.52058028091282,66.82227449150017,88.09158886181605,89.07827572944137,88.09158886181605,89.07827572944137,96,101,96,101,-1,4,-1,4,-1,4,-1,4,96,101,96,101,-0.017494449782524978,-0.017494449782524978,,-0.017494449782524978,,,,,
1785825600,36.86684341172936,36.86684341172936,36.76294427,36.8028281225,36.66310287781281,36.862653908571474,36.49211529058831,36.86684341172936,36.86684341172936,36.76294427,36.8028281225,,,,76.1915240579439,68.16073871527784,76.1915240579439,68.16073871527784,86.64880449694724,87.8635401131943,86.64880449694724,87.8635401131943,96,101,96,101,-1,4,-1,4,-1,4,-1,4,96,101,96,101,-0.017203692197887543,,,,,,,,
1785826200,36.83483576711468,37.0022474,36.80282812,36.9050305025,36.66551011785945,36.87594852714291,36.52268802573536,36.83483576711468,37.0022474,36.80282812,36.9050305025,,,,77.1301220952103,69.44207919812534,77.1301220952103,69.44207919812534,86.071919189774,86.96772965148415,86.071919189774,86.96772965148415,96,101,96,101,-1,4,-1,4,-1,4,-1,4,96,101,96,101,-0.013330400256632213,,,,,,,,
1785893400,36.86993313480734,37.65036006,36.86993313480734,37.331289215,36.67213478549269,36.90835416000006,36.56748404779419,36.86993313480734,37.65036006,36.86993313480734,37.331289215,,,,77.95314782726034,70.65794614514463,77.95314782726034,70.65794614514463,84.9267492959654,85.94723947372478,84.9267492959654,85.94723947372478,96,101,96,101,-1,4,-1,4,-1,4,-1,4,96,101,96,101,0.04079344784096631,,,,,,,,
1785894000,37.10061117490367,38.58763068,37.10061117490367,38.04421314,36.685787306433056,36.97352153166672,36.63317510463243,37.10061117490367,38.58763068,37.10061117490367,38.04421314,,,,78.49258863103638,71.7771807859863,78.49258863103638,71.7771807859863,83.1355675992583,84.54140353649154,83.1355675992583,84.54140353649154,96,101,96,101,-1,4,-1,4,-1,4,-1,4,96,101,96,101,0.15073013302180407,,,,,,,,
1785894600,37.572412157451836,38.33835658,37.572412157451836,38.223690495,36.70108982572228,37.0421312601191,36.704364854926546,37.572412157451836,38.33835658,37.572412157451836,38.223690495,,,,79.33544324366275,72.85693256565436,79.33544324366275,72.85693256565436,82.62336807457807,83.58238580553481,82.62336807457807,83.58238580553481,96,101,96,101,-1,4,-1,4,-1,4,-1,4,96,101,96,101,0.24046744037156403,,,,,,,,
1785895200,37.89805132622592,38.64745646,37.89805132622592,38.4106460675,36.71810033559071,37.11655738428576,36.78061340308831,37.89805132622592,38.64745646,37.89805132622592,38.4106460675,,,,80.36739176666299,73.9298553086556,80.36739176666299,73.9298553086556,83.22802704088706,83.40520642321093,83.22802704088706,83.40520642321093,96,101,96,101,-1,4,-1,4,-1,4,-1,4,96,101,96,101,0.30191757321621626,,,,,,,,
1785895800,38.154348696862954,38.62751454,38.154348696862954,38.4779500775,36.735611278296275,37.19323884559528,36.86162748558831,38.154348696862954,38.62751454,38.154348696862954,38.4779500775,,,,81.45184509439751,75.00442527804731,81.45184509439751,75.00442527804731,84.33055489178687,83.8678806574989,84.33055489178687,83.8678806574989,96,101,96,101,-1,4,-1,4,-1,4,-1,4,96,101,96,101,0.34985379113471354,,,,,,,,
1785896400,38.316149387181476,38.68734032,38.316149387181476,38.555225045,36.75371688791522,37.276567616071475,36.94476772948537,38.316149387181476,38.68734032,38.316149387181476,38.555225045,,,,82.53152454889924,76.07972517388329,82.53152454889924,76.07972517388329,85.60757683410097,84.73772874579993,85.60757683410097,84.73772874579993,96,101,96,101,-1,4,-1,4,-1,4,-1,4,96,101,96,101,0.3652119947563591,,,,,0.3652119947563591,,0.3652119947563591,
1785897000,38.43568721609074,38.75713707,38.43568721609074,38.6050798675,36.77213841010014,37.364288358809574,37.02790797345596,38.43568721609074,38.75713707,38.43568721609074,38.6050798675,,,,83.50210085505348,77.14006455690762,83.50210085505348,77.14006455690762,86.7680485347926,85.75288864029626,86.7680485347926,85.75288864029626,96,101,96,101,-1,4,-1,4,-1,4,-1,4,96,101,96,101,0.3555733405029535,,,,,,,,
1785897600,38.52038354179537,38.64745646,38.52038354179537,38.625021794999995,36.790575060696156,37.45034727416671,37.111414796911845,38.52038354179537,38.64745646,38.52038354179537,38.625021794999995,,,,84.43970069933364,78.18286972011133,84.43970069933364,78.18286972011133,87.85160121820306,86.80224492924967,87.85160121820306,86.80224492924967,96,101,96,101,-1,4,-1,4,-1,4,-1,4,96,101,96,101,0.3267841320053407,,,,,,,,
1785898200,38.57270266839768,38.65742743,38.46797911,38.605079867499995,36.80862983489321,37.5347443621429,37.194115145367725,38.57270266839768,38.65742743,38.46797911,38.605079867499995,,,,85.27397870902827,79.19588528995659,85.27397870902827,79.19588528995659,88.74386664544797,87.77305578734882,88.74386664544797,87.77305578734882,96,101,96,101,-1,4,-1,4,-1,4,-1,4,96,101,96,101,0.3005547617802145,,,,,,,,
1785898800,38.58889126794884,38.71725321,38.58889126794884,38.6698911325,36.82714984780472,37.619260152261944,37.27791523242655,38.58889126794884,38.71725321,38.58889126794884,38.6698911325,,,,86.16680428915049,80.19173086127,86.16680428915049,80.19173086127,89.81921222513975,88.79613400624429,89.81921222513975,88.79613400624429,96,101,96,101,-1,4,-1,4,-1,4,-1,4,96,101,96,101,0.28586063536507816,,,,,,,,
1785899400,38.62939120022442,38.7471661,38.62939120022442,38.6923258025,36.84570881252805,37.704844259881,37.349031666838314,38.62939120022442,38.7471661,38.62939120022442,38.6923258025,,,,87.03675083567693,81.16959085761384,87.03675083567693,81.16959085761384,90.85841422253804,89.82727411439117,90.85841422253804,89.82727411439117,96,101,96,101,-1,4,-1,4,-1,4,-1,4,96,101,96,101,0.26403485337093263,,,,,,,,
1785900000,38.66085850136221,38.72722418,38.60757261,38.672383875,36.86388468379643,37.787104712857186,37.40981055772067,38.66085850136221,38.72722418,38.60757261,38.672383875,,,,87.8082079260288,82.11796472453025,87.8082079260288,82.11796472453025,91.64189849189648,90.73458630314383,91.64189849189648,90.73458630314383,96,101,96,101,-1,4,-1,4,-1,4,-1,4,96,101,96,101,0.23449241077148877,,,,,,,,
1785906000,38.66662118818111,38.80699189,38.5278049,38.672383875,36.881879700624324,37.86283655845243,37.47000292132361,38.66662118818111,38.80699189,38.5278049,38.672383875,,,,88.43676737231938,83.02065081707156,88.43676737231938,83.02065081707156,91.99239539810036,91.3634908506221,91.99239539810036,91.3634908506221,96,101,96,101,-1,4,-1,4,-1,4,-1,4,96,101,96,101,0.20602730514979056,,,,,,,,
1785906600,38.66950253159055,38.93661442,38.62751454,38.7820644775,36.90078701183702,37.94355388607147,37.53268802580891,38.66950253159055,38.93661442,38.62751454,38.7820644775,,,,88.9658914175658,83.86997090285645,88.9658914175658,83.86997090285645,92.0709578474284,91.71722434902526,92.0709578474284,91.71722434902526,96,101,96,101,-1,4,-1,4,-1,4,-1,4,96,101,96,101,0.18142292955975026,,,,,,,,
1785907200,38.72578350454528,38.95655635,38.72578350454528,38.871803155,36.92039911276401,38.02996890750005,37.5972793440442,38.72578350454528,38.95655635,38.72578350454528,38.871803155,,,,89.58573086539523,84.686508040362,89.58573086539523,84.686508040362,92.43234399136344,92.07478417019435,92.43234399136344,92.07478417019435,96,101,96,101,-1,4,-1,4,-1,4,-1,4,96,101,96,101,0.17147209999909485,,,,,,,,
1785907800,38.798793329772636,38.90670153,38.65742743,38.784557219999996,36.93894794965193,38.11127974500005,37.65615202117655,38.798793329772636,38.90670153,38.65742743,38.784557219999996,,,,89.97527664569579,85.44204641255253,89.97527664569579,85.44204641255253,92.45812238879694,92.26645327949564,92.45812238879694,92.26645327949564,96,101,96,101,-1,4,-1,4,-1,4,-1,4,96,101,96,101,0.16837014591883498,,,,,,,,
1785908400,38.791675274886316,38.87678864,38.65742743,38.784557219999996,36.95731222099868,38.19864438202386,37.713118484705966,38.791675274886316,38.87678864,38.65742743,38.784557219999996,,,,90.33418545464109,86.14092341856518,90.33418545464109,86.14092341856518,92.43428274558998,92.35036801254282,92.43428274558998,92.35036801254282,96,101,96,101,-1,4,-1,4,-1,4,-1,4,96,101,96,101,0.15344671439670776,,,,,,,,
1785909000,38.788116247443156,38.8867596,38.69731128,38.799513662500004,36.97564258360068,38.29146930857148,37.76993831625009,38.788116247443156,38.8867596,38.69731128,38.799513662500004,,,,90.69851381344394,86.79200776069071,90.69851381344394,86.79200776069071,92.50838258291913,92.42937529773097,92.50838258291913,92.42937529773097,96,101,96,101,-1,4,-1,4,-1,4,-1,4,96,101,96,101,0.14282935654667317,,,,,,,,
1785909600,38.79381495497158,38.79381495497158,38.48792104,38.652441945,36.99232715436087,38.379427455238144,37.82426540683833,38.79381495497158,38.79381495497158,38.48792104,38.652441945,,,,90.70670946441037,87.35125086122208,90.70670946441037,87.35125086122208,91.83905814671093,92.13421672222094,91.83905814671093,92.13421672222094,96,101,96,101,-1,4,-1,4,-1,4,-1,4,96,101,96,101,0.1417764323761153,,,,,,,,
1785910200,38.72312844998579,38.72312844998579,38.3882114,38.5128484525,37.00745671951648,38.460856994761954,37.87573317691186,38.72312844998579,38.72312844998579,38.3882114,38.5128484525,,,,90.41311490019325,87.78866000964653,90.41311490019325,87.78866000964653,90.55637960384051,91.34529816303072,90.55637960384051,91.34529816303072,96,101,96,101,-1,4,-1,4,-1,4,-1,4,96,101,96,101,0.14667995975654374,,,,,,,,
1785910800,38.617988451242894,38.6374855,38.41812429,38.525312155,37.02255975867552,38.53801326392862,37.925954576397146,38.617988451242894,38.6374855,38.41812429,38.525312155,,,,90.16738465830225,88.12847781659734,90.16738465830225,88.12847781659734,89.28381256547725,90.31455536425398,89.28381256547725,90.31455536425398,96,101,96,101,-1,4,-1,4,-1,4,-1,4,96,101,96,101,0.13625831622613088,0.13625831622613088,,0.13625831622613088,,,,,
1785911400,38.571650303121444,38.83690478,38.571650303121444,38.71226772999999,37.03937277331556,38.60377414559529,37.981234773750096,38.571650303121444,38.83690478,38.571650303121444,38.71226772999999,,,,90.34260588783442,88.44478182677406,90.34260588783442,88.44478182677406,89.05970748752243,89.6871314258882,89.05970748752243,89.6871314258882,96,101,96,101,-1,4,-1,4,-1,4,-1,4,96,101,96,101,0.1404820584066418,,,,,,,,
1785912000,38.64195901656072,38.78704996,38.64195901656072,38.7571370675,37.05646495534725,38.63772290404766,38.036001759853036,38.64195901656072,38.78704996,38.64195901656072,38.7571370675,,,,90.60212714888745,88.75297401564741,90.60212714888745,88.75297401564741,89.0974928640299,89.39231214495905,89.0974928640299,89.39231214495905,96,101,96,101,-1,4,-1,4,-1,4,-1,4,96,101,96,101,0.1553132740176979,,,,,,,,
1785912600,38.69954804203036,38.93661442,38.69954804203036,38.85684671,37.074379201662204,38.667873200000045,38.09370138242656,38.69954804203036,38.93661442,38.69954804203036,38.85684671,,,,91.0582574817561,89.08230022509152,91.0582574817561,89.08230022509152,89.72100853382882,89.55666033939394,89.72100853382882,89.55666033939394,96,101,96,101,-1,4,-1,4,-1,4,-1,4,96,101,96,101,0.16035498427440018,,,,,,,,
1785979800,38.77819737601518,38.94658538,38.46797911,38.804499145,37.09159432547651,38.68662810845243,38.1483950525001,38.77819737601518,38.94658538,38.46797911,38.804499145,,,,91.36885526077114,89.40895094447433,91.36885526077114,89.40895094447433,89.94006651057275,89.74836342498335,89.94006651057275,89.74836342498335,96,101,96,101,-1,4,-1,4,-1,4,-1,4,96,101,96,101,0.18527134101400616,,,,,,,,
1785980400,38.79134826050759,38.96652731,38.71725321,38.834412037499995,37.10893579524789,38.70360248750005,38.199936138382455,38.79134826050759,38.96652731,38.71725321,38.834412037499995,,,,91.70115281597911,89.73640835468929,91.70115281597911,89.73640835468929,90.50401506112266,90.126189243053,90.50401506112266,90.126189243053,96,101,96,101,-1,4,-1,4,-1,4,-1,4,96,101,96,101,0.20801345644894575,,,,,0.20801345644894575,0.20801345644894575,0.20801345644894575,
1785981000,38.81288014900379,38.98646924,38.69731128,38.8568467075,37.1263279436285,38.71796542380958,38.251990435735394,38.81288014900379,38.98646924,38.69731128,38.8568467075,,,,92.01674211270245,90.06217032011975,92.01674211270245,90.06217032011975,90.95319762418875,90.53969343362087,90.95319762418875,90.53969343362087,96,101,96,101,-1,4,-1,4,-1,4,-1,4,96,101,96,101,0.19498256874132885,,,,,,,,
1785981600,38.83486342825189,38.97649828,38.68734032,38.8767886375,37.14374546297051,38.73090393666672,38.30551105139716,38.83486342825189,38.97649828,38.68734032,38.8767886375,,,,92.35243324432044,90.3893507378627,92.35243324432044,90.3893507378627,91.39090211163895,90.96529777262991,91.39090211163895,90.96529777262991,96,101,96,101,-1,4,-1,4,-1,4,-1,4,96,101,96,101,0.17151390493163607,,,,,,,,
1785982200,38.855826032875946,39.0263531,38.83690478,38.934121680000004,37.16156015169717,38.74562297880958,38.360131405735395,38.855826032875946,39.0263531,38.83690478,38.934121680000004,,,,92.70378703723713,90.71998449491619,92.70378703723713,90.71998449491619,91.9483303063367,91.4568140394833,91.9483303063367,91.4568140394833,96,101,96,101,-1,4,-1,4,-1,4,-1,4,96,101,96,101,0.15466087591044075,,,,,,,,
1785982800,38.89497385643797,39.20583045,38.89497385643797,39.073715175000004,37.180586569839484,38.767938945833386,38.42259656257363,38.89497385643797,39.20583045,38.89497385643797,39.073715175000004,,,,92.95983905972466,91.03996371846027,92.95983905972466,91.03996371846027,92.08311322896634,91.76996363422482,92.08311322896634,91.76996363422482,96,101,96,101,-1,4,-1,4,-1,4,-1,4,96,101,96,101,0.1399398374855908,,,,,,,,
1785983400,38.98434451571899,39.15597563,38.82693382,38.991454725,37.198605158448046,38.783251497857194,38.48557493080892,38.98434451571899,39.15597563,38.82693382,38.991454725,,,,93.02889010599645,91.32409605953686,93.02889010599645,91.32409605953686,91.97737601386817,91.87366982404649,91.97737601386817,91.87366982404649,96,101,96,101,-1,4,-1,4,-1,4,-1,4,96,101,96,101,0.1395658547325623,,,,,,,,
1785984000,38.98789962035949,39.00641117,38.79702092,38.879281375000005,37.215328304881396,38.792154144166716,38.54657376933833,38.98789962035949,39.00641117,38.79702092,38.879281375000005,,,,92.86225671404009,91.54383329589447,92.86225671404009,91.54383329589447,91.39335964997424,91.63351473701036,91.39335964997424,91.63351473701036,96,101,96,101,-1,4,-1,4,-1,4,-1,4,96,101,96,101,0.11038147177102116,,,,,,,,
1785984600,38.933590497679745,39.07620792,38.90670153,38.95655635,37.23265395707163,38.80568616678577,38.60991871720598,38.933590497679745,39.07620792,38.90670153,38.95655635,,,,92.85895923088596,91.73170842946467,92.85895923088596,91.73170842946467,91.1966405474635,91.41507764223692,91.1966405474635,91.41507764223692,96,101,96,101,-1,4,-1,4,-1,4,-1,4,96,101,96,101,0.08651817515721846,,,,,,,,
1785985200,38.94507342383987,38.94507342383987,38.64745646,38.8044991475,37.248294207722665,38.81197737023815,38.66578544205892,38.94507342383987,38.94507342383987,38.64745646,38.8044991475,,,,92.5381087143851,91.84690847016759,92.5381087143851,91.84690847016759,90.15162951616192,90.78335357919943,90.15162951616192,90.78335357919943,96,101,96,101,-1,4,-1,4,-1,4,-1,4,96,101,96,101,0.09765468421024694,,,,,,,,
1785985800,38.87478628566994,38.87478628566994,38.48792104,38.622529055,37.26196818630254,38.80438044535719,38.703763084411854,38.87478628566994,38.87478628566994,38.48792104,38.622529055,,,,91.85345146004124,91.84784318300669,91.85345146004124,91.84784318300669,88.1023668262114,89.44286020270542,88.1023668262114,89.44286020270542,96,101,96,101,-1,4,-1,4,-1,4,-1,4,96,101,96,101,0.10448684682613696,,,,,,,,
1785986400,38.74865767033497,38.74865767033497,38.39818236,38.51783393,37.27446436285674,38.78752476797624,38.71769310764715,38.74865767033497,38.74865767033497,38.39818236,38.51783393,,,,90.99143110726916,91.72549860075846,90.99143110726916,91.72549860075846,84.38309188022717,86.9129760414663,84.38309188022717,86.9129760414663,96,101,96,101,-1,4,-1,4,-1,4,-1,4,96,101,96,101,0.08716164476899411,,,,,,,,
1785992400,38.63324580016749,38.8867596,38.51783393,38.6474564625,37.28812597578852,38.78099616047624,38.730156812573625,38.63324580016749,38.8867596,38.51783393,38.6474564625,,,,90.37571912195729,91.53267296092973,90.37571912195729,91.53267296092973,80.72317573791985,83.81807588969306,80.72317573791985,83.81807588969306,96,101,96,101,-1,4,-1,4,-1,4,-1,4,96,101,96,101,0.08030043509254176,,,,,,,,
1785993000,38.640351131333745,38.640351131333745,38.40815333,38.5153411925,37.30033707247222,38.7681763496429,38.733236080955976,38.640351131333745,38.640351131333745,38.40815333,38.5153411925,,,,89.35283397505837,91.22126739151953,89.35283397505837,91.22126739151953,74.48394560392299,79.15101074680803,74.48394560392299,79.15101074680803,96,101,96,101,-1,4,-1,4,-1,4,-1,4,96,101,96,101,0.08545839965683771,,,,,,,,
1785993600,38.577846161916874,38.577846161916874,38.32838562,38.395689625,37.311236102845626,38.74894663357148,38.73081665588244,38.577846161916874,38.577846161916874,38.32838562,38.395689625,,,,87.99509318339214,90.76038536178704,87.99509318339214,90.76038536178704,66.07439093828498,72.6127008425465,66.07439093828498,72.6127008425465,96,101,96,101,-1,4,-1,4,-1,4,-1,4,96,101,96,101,0.0761852940254539,,,,,,,,
1785994200,38.486767893458435,38.53777586,38.30844369,38.38571866,37.32192747157353,38.736245524761955,38.725831173970676,38.486767893458435,38.53777586,38.30844369,38.38571866,,,,86.63656367113403,90.17126797740805,86.63656367113403,90.17126797740805,58.42517156428969,65.5189362034181,58.42517156428969,65.5189362034181,96,101,96,101,-1,4,-1,4,-1,4,-1,4,96,101,96,101,0.06597848301150969,,,,,,,,
1785994800,38.436243276729215,38.5278049,38.28850176,38.3907041425,37.33256206531409,38.73042912904767,38.71952600558832,38.436243276729215,38.5278049,38.28850176,38.3907041425,,,,85.34030116955492,89.48112986200046,85.34030116955492,89.48112986200046,51.92086678785222,58.719901495635156,51.92086678785222,58.719901495635156,96,101,96,101,-1,4,-1,4,-1,4,-1,4,96,101,96,101,0.055074398441180186,,,,,,,,
1785995400,38.41347370961461,38.497892,38.36826947,38.4256025125,37.343438089664204,38.72568105083339,38.71366073257362,38.41347370961461,38.497892,38.36826947,38.4256025125,,,,84.20410777498353,88.72726956385519,84.20410777498353,88.72726956385519,46.647500297425154,52.683700896530155,46.647500297425154,52.683700896530155,96,101,96,101,-1,4,-1,4,-1,4,-1,4,96,101,96,101,0.04012371002619209,,,,,,,,
1785996000,38.41953811105731,38.497892,38.23864694,38.358298505,37.35353620324963,38.708825373452434,38.706402457205975,38.41953811105731,38.497892,38.23864694,38.358298505,,,,82.96073399692509,87.90347876857946,82.96073399692509,87.90347876857946,41.99069370041026,47.33719729847021,41.99069370041026,47.33719729847021,96,101,96,101,-1,4,-1,4,-1,4,-1,4,96,101,96,101,0.03820572540936326,,,,,,,,
1785996600,38.38891830802865,38.38891830802865,38.23864694,38.2934872425,37.36288894990884,38.68674681035719,38.69533175455892,38.38891830802865,38.38891830802865,38.23864694,38.2934872425,,,,81.6248110346626,87.00652623516275,81.6248110346626,87.00652623516275,37.20385802692073,42.27052766269547,37.20385802692073,42.27052766269547,96,101,96,101,-1,4,-1,4,-1,4,-1,4,96,101,96,101,0.026164192682295022,,,,,,,,
1785997200,38.34120277526432,38.55771779,38.34120277526432,38.453022665,37.37373605155154,38.66751709392862,38.68829342698538,38.34120277526432,38.55771779,38.34120277526432,38.453022665,,,,80.8307397073149,86.12427101689877,80.8307397073149,86.12427101689877,34.704069664044546,38.48729866337001,34.704069664044546,38.48729866337001,96,101,96,101,-1,4,-1,4,-1,4,-1,4,96,101,96,101,0.00688707058200517,,,,,,,,
1785997800,38.39711272013216,38.68734032,38.39711272013216,38.5951089025,37.38588901524257,38.65754613000005,38.68602063367656,38.39711272013216,38.68734032,38.39711272013216,38.5951089025,,,,80.44997257820019,85.31365695422755,80.44997257820019,85.31365695422755,34.114105303998635,36.30070198368432,34.114105303998635,36.30070198368432,96,101,96,101,-1,4,-1,4,-1,4,-1,4,96,101,96,101,0.014884444133285223,,,,,,,,
1785998400,38.49611081131608,38.81696285,38.49611081131608,38.699804025,37.39896279643418,38.651136224642904,38.68682710867656,38.49611081131608,38.81696285,38.49611081131608,38.699804025,,,,80.39640310259782,84.61119211828044,80.39640310259782,84.61119211828044,35.19479198246298,35.747746983073654,35.19479198246298,35.747746983073654,96,101,96,101,-1,4,-1,4,-1,4,-1,4,96,101,96,101,0.03486867051439166,,,,,,,,
1785999000,38.59795741815804,39.22577238,38.59795741815804,38.99893294500001,37.41488289741494,38.65790223595243,38.693205593014795,38.59795741815804,39.22577238,38.59795741815804,38.99893294500001,,,,81.15181874314196,84.11699592183209,81.15181874314196,84.11699592183209,39.50524337684191,37.626495179957786,39.50524337684191,37.626495179957786,96,101,96,101,-1,4,-1,4,-1,4,-1,4,96,101,96,101,0.06424910194742578,,,,,0.06424910194742578,0.06424910194742578,0.06424910194742578,
1786066200,38.79844518157903,39.14600466,38.59760164,38.884266855,37.42950363331131,38.65825834154767,38.69357217242656,38.79844518157903,39.14600466,38.59760164,38.884266855,,,,81.52731239371492,83.74704113210107,81.52731239371492,83.74704113210107,42.8845184972661,40.25550683861194,42.8845184972661,40.25550683861194,96,101,96,101,-1,4,-1,4,-1,4,-1,4,96,101,96,101,0.05711670185528796,,,,,,,,
1786066800,38.84135601828952,38.84135601828952,38.09905344,38.4829355575,37.43998554300473,38.63677328809529,38.684700947058914,38.84135601828952,38.84135601828952,38.09905344,38.4829355575,,,,80.73511206423156,83.31676555097685,80.73511206423156,83.31676555097685,42.4697349447846,41.36262089169827,42.4697349447846,41.36262089169827,96,101,96,101,-1,4,-1,4,-1,4,-1,4,96,101,96,101,-0.009133307380388051,,,,,,,,
1786067400,38.66214578789476,38.82693382,38.34832754,38.6300072775,37.451826555288264,38.615644340595296,38.680155360514796,38.66214578789476,38.82693382,38.34832754,38.6300072775,,,,80.41758137530515,82.90259638302375,80.41758137530515,82.90259638302375,43.00119405520535,42.181907473451815,43.00119405520535,42.181907473451815,96,101,96,101,-1,4,-1,4,-1,4,-1,4,96,101,96,101,-0.0546919203064415,-0.0546919203064415,,-0.0546919203064415,,,,,
1786068000,38.64607653269738,39.17591756,38.64607653269738,38.98148376,37.46704702498689,38.61516953273815,38.68550742220597,38.64607653269738,39.17591756,38.64607653269738,38.98148376,,,,81.12188111320623,82.64820848733552,81.12188111320623,82.64820848733552,46.83852562652744,44.51021654998963,46.83852562652744,44.51021654998963,96,101,96,101,-1,4,-1,4,-1,4,-1,4,96,101,96,101,-0.040633054929778326,,,,,,,,
1786068600,38.81378014634869,39.1360337,38.81378014634869,39.0562659875,37.482860148991996,38.62359737142863,38.69738459992657,38.81378014634869,39.1360337,38.81378014634869,39.0562659875,,,,81.9884587537091,82.5539585253889,81.9884587537091,82.5539585253889,51.25632421623014,47.88327038310989,51.25632421623014,47.88327038310989,96,101,96,101,-1,4,-1,4,-1,4,-1,4,96,101,96,101,-0.021595098849878164,,,,,,,,
1786069200,38.935023066924344,39.0263531,38.86681767,38.954063607500004,37.49749898937516,38.623478669404825,38.71036151625009,38.935023066924344,39.0263531,38.86681767,38.954063607500004,,,,82.50260511457428,82.54662232384395,82.50260511457428,82.54662232384395,54.688490303374664,51.285880343242276,54.688490303374664,51.285880343242276,96,101,96,101,-1,4,-1,4,-1,4,-1,4,96,101,96,101,-0.032947602718623334,,,,,,,,
1786069800,38.944543337212174,39.22577238,38.91667249,39.05128050500001,37.51295950196844,38.63523016261911,38.725831173603034,38.944543337212174,39.22577238,38.91667249,39.05128050500001,,,,83.25638727511134,82.64801731688215,83.25638727511134,82.64801731688215,58.77964653889572,55.032763441068994,58.77964653889572,55.032763441068994,96,101,96,101,-1,4,-1,4,-1,4,-1,4,96,101,96,101,-0.051127614342039565,,,,,,,,
1786070400,38.997911921106095,39.16594659,38.93661442,39.078700655,37.52853901592895,38.65695261976197,38.736608612573626,38.997911921106095,39.16594659,38.93661442,39.078700655,,,,84.03427569565306,82.84605422813513,84.03427569565306,82.84605422813513,62.45961102311023,58.74618723208961,62.45961102311023,58.74618723208961,96,101,96,101,-1,4,-1,4,-1,4,-1,4,96,101,96,101,-0.0458263490481986,,,,,,,,
1786071000,39.03830628805305,39.1360337,38.91667249,39.0064111675,37.54324421146697,38.680218202500065,38.7439402037501,39.03830628805305,39.1360337,38.91667249,39.0064111675,,,,84.55110179579917,83.08963245208713,84.55110179579917,83.08963245208713,65.22325188742748,61.984719559758545,65.22325188742748,61.984719559758545,96,101,96,101,-1,4,-1,4,-1,4,-1,4,96,101,96,101,-0.03184714847583222,,,,,,,,
1786071600,39.02235872777652,39.07620792,38.90670153,38.9640345725,37.557381428989686,38.69529335059529,38.74709278794127,39.02235872777652,39.07620792,38.90670153,38.9640345725,,,,84.89548520629555,83.34761141697405,84.89548520629555,83.34761141697405,67.15973802092014,64.57222879033935,67.15973802092014,64.57222879033935,96,101,96,101,-1,4,-1,4,-1,4,-1,4,96,101,96,101,-0.03289785125498365,,,,,,,,
1786072200,38.99319665013826,38.99319665013826,38.83690478,38.904208785,37.57078269621367,38.71381085500006,38.75002542441185,38.99319665013826,38.99319665013826,38.83690478,38.904208785,,,,85.02640732426842,83.58743940373039,85.02640732426842,83.58743940373039,68.05472864005638,66.31347871519787,68.05472864005638,66.31347871519787,96,101,96,101,-1,4,-1,4,-1,4,-1,4,96,101,96,101,-0.03666572074753642,,,,,,,,
1786072800,38.948702717569134,39.00641117,38.81696285,38.9216579725,37.58422424125134,38.738856966785775,38.75259148132363,38.948702717569134,39.00641117,38.81696285,38.9216579725,,,,85.17388089982703,83.81407390317277,85.17388089982703,83.81407390317277,68.78047154500979,67.54697513010383,68.78047154500979,67.54697513010383,96,101,96,101,-1,4,-1,4,-1,4,-1,4,96,101,96,101,-0.048603285624696055,,,,,,,,
1786078800,38.93518034503457,39.20583045,38.93518034503457,39.091164362499995,37.59921867031849,38.77244961928577,38.75948317705892,38.93518034503457,39.20583045,38.93518034503457,39.091164362499995,,,,85.78045980447489,84.09498617478735,85.78045980447489,84.09498617478735,71.03338392102135,69.29017952556259,71.03338392102135,69.29017952556259,96,101,96,101,-1,4,-1,4,-1,4,-1,4,96,101,96,101,-0.05326240730564917,-0.05326240730564917,,-0.05326240730564917,,,,,
1786079400,39.01317235376728,39.39527876,39.01317235376728,39.2382360775,37.61552730123572,38.812808282857205,38.77011398411774,39.01317235376728,39.39527876,39.01317235376728,39.2382360775,,,,86.18077342752385,84.39295578232114,86.18077342752385,84.39295578232114,72.79468458825224,71.04243205690742,72.79468458825224,71.04243205690742,96,101,96,101,-1,4,-1,4,-1,4,-1,4,96,101,96,101,-0.03409497516822263,,,,,,,,
1786080000,39.12570421563364,39.34542394,39.11609177,39.223279635,37.63152483689507,38.85079290773815,38.77861862985304,39.12570421563364,39.34542394,39.11609177,39.223279635,,,,86.34730088254365,84.67214793949577,86.34730088254365,84.67214793949577,74.60344492101454,72.82293848896097,74.60344492101454,72.82293848896097,96,101,96,101,-1,4,-1,4,-1,4,-1,4,96,101,96,101,-0.03141470511447983,,,,,,,,
1786080600,39.174491925316815,39.28559816,39.14600466,39.2182941525,37.64731358630407,38.89174508142863,38.782870952720685,39.174491925316815,39.28559816,39.14600466,39.2182941525,,,,86.34721897065974,84.91144380109063,86.34721897065974,84.91144380109063,76.1734368176717,74.49818765331634,76.1734368176717,74.49818765331634,96,101,96,101,-1,4,-1,4,-1,4,-1,4,96,101,96,101,-0.041298406258803044,,,,,,,,
1786081200,39.19639303890841,39.31551105,39.19639303890841,39.28559816,37.663614925345826,38.93898845845244,38.791522230220686,39.19639303890841,39.31551105,39.19639303890841,39.28559816,,,,86.71802203325903,85.16952640568611,86.71802203325903,85.16952640568611,78.04112218515205,76.2696549192342,78.04112218515205,76.2696549192342,96,101,96,101,-1,4,-1,4,-1,4,-1,4,96,101,96,101,-0.037832634792767064,,,,,,,,
1786081800,39.24099559945421,39.30554009,39.09614984,39.2033377075,37.678935550043875,38.974717746190535,38.80105329882363,39.24099559945421,39.30554009,39.09614984,39.2033377075,,,,86.60904246227408,85.37517155662725,86.60904246227408,85.37517155662725,79.13473675953756,77.70219583938588,79.13473675953756,77.70219583938588,96,101,96,101,-1,4,-1,4,-1,4,-1,4,96,101,96,101,-0.020343680475521313,,,,,,,,
1786082400,39.2221666534771,39.2221666534771,39.01638213,39.1086135475,37.69316120175986,38.999170348333394,38.805525569338336,39.2221666534771,39.2221666534771,39.01638213,39.1086135475,,,,85.98586911336044,85.46241406473199,85.98586911336044,85.46241406473199,79.25343935404337,78.47781759671463,79.25343935404337,78.47781759671463,96,101,96,101,-1,4,-1,4,-1,4,-1,4,96,101,96,101,-0.01798137184120116,,,,,,,,
1786083000,39.16539010048855,39.2457143,39.10612081,39.170932074999996,37.70786538955329,39.02160501738102,38.816303008382455,39.16539010048855,39.2457143,39.10612081,39.170932074999996,,,,85.7506147536949,85.50358559172669,85.7506147536949,85.50358559172669,79.75446869470241,79.11614314570852,79.75446869470241,79.11614314570852,96,101,96,101,-1,4,-1,4,-1,4,-1,4,96,101,96,101,-0.005381547959376103,,,,,,,,
1786083600,39.168161087744274,39.17591756,38.9964402,39.1086135475,37.72180318216967,39.02682790321435,38.83059961110304,39.168161087744274,39.17591756,38.9964402,39.1086135475,,,,85.18875766967979,85.45861017429142,85.18875766967979,85.45861017429142,79.51970055486183,79.31792185028517,79.51970055486183,79.31792185028517,96,101,96,101,-1,4,-1,4,-1,4,-1,4,96,101,96,101,0.014734814310483514,,,,,,,,
1786084200,39.13838731762213,39.22577238,39.10612081,39.1484974075,37.73599914461077,39.039410310476256,38.84914853691186,39.13838731762213,39.22577238,39.10612081,39.1484974075,,,,84.88681347634515,85.37692493172767,84.88681347634515,85.37692493172767,79.78031586587595,79.54911885808056,79.78031586587595,79.54911885808056,96,101,96,101,-1,4,-1,4,-1,4,-1,4,96,101,96,101,0.014112574209780055,,,,,,,,
1786084800,39.14344236256107,39.20583045,39.14344236256107,39.173424817500006,37.750301887624595,39.07229075142864,38.86461819441187,39.14344236256107,39.20583045,39.14344236256107,39.173424817500006,,,,84.74379936275423,85.28647842187432,84.74379936275423,85.28647842187432,80.16304107420815,79.85607996614436,80.16304107420815,79.85607996614436,96,101,96,101,-1,4,-1,4,-1,4,-1,4,96,101,96,101,0.008767872634100178,,,,,,,,
1786085400,39.15843359003054,39.21580141,39.15843359003054,39.193366742500004,37.76466074190196,39.09911739261912,38.884560122353044,39.15843359003054,39.21580141,39.15843359003054,39.193366742500004,,,,84.72089063634981,85.2056801667994,84.72089063634981,85.2056801667994,80.66706873735212,80.26157435174824,80.66706873735212,80.26157435174824,96,101,96,101,-1,4,-1,4,-1,4,-1,4,96,101,96,101,0.0021428975355793577,,,,,,,,
1786325400,39.17590016626527,39.73429154,39.17590016626527,39.442640845,37.781357061335775,39.121077253809595,38.91535280529422,39.17590016626527,39.73429154,39.17590016626527,39.442640845,,,,84.53830089891592,85.11034027138747,84.53830089891592,85.11034027138747,80.45847203172549,80.36002319173687,80.45847203172549,80.36002319173687,96,101,96,101,-1,4,-1,4,-1,4,-1,4,96,101,96,101,0.03767659251838362,,,,,,,,
1786326000,39.30927050563264,39.6345819,39.2756272,39.4875101825,37.798333709307556,39.14161269166673,38.947758438308924,39.30927050563264,39.6345819,39.2756272,39.4875101825,,,,84.56474631427989,85.03239827751496,84.56474631427989,85.03239827751496,80.66952879977055,80.51477599575371,80.66952879977055,80.51477599575371,96,101,96,101,-1,4,-1,4,-1,4,-1,4,96,101,96,101,0.08046097374920282,,,,,0.08046097374920282,,0.08046097374920282,
1786326600,39.39839034406632,39.66449479,39.1360337,39.38780054,37.8141492996627,39.16226683130959,38.97708480294128,39.39839034406632,39.66449479,39.1360337,39.38780054,,,,84.15376269186233,84.90687890813601,84.15376269186233,84.90687890813601,80.46607806759312,80.49042703167342,80.46607806759312,80.49042703167342,96,101,96,101,-1,4,-1,4,-1,4,-1,4,96,101,96,101,0.07549863065733392,,,,,,,,
1786327200,39.39309544203316,39.39309544203316,38.92664346,39.1858885225,37.827798446158596,39.16867673690482,38.999446156176575,39.39309544203316,39.39309544203316,38.92664346,39.1858885225,,,,82.89016641880531,84.61877712394592,82.89016641880531,84.61877712394592,78.73681370171649,79.61362036669496,78.73681370171649,79.61362036669496,96,101,96,101,-1,4,-1,4,-1,4,-1,4,96,101,96,101,0.05914537134172007,,,,,,,,
1786327800,39.28949198226658,39.28949198226658,39.0263531,39.146004665,37.84091492594806,39.17188168976196,39.02261398441186,39.28949198226658,39.28949198226658,39.0263531,39.146004665,,,,81.54261098839467,84.17932481886717,81.54261098839467,84.17932481886717,76.92739142274115,78.27050589471806,76.92739142274115,78.27050589471806,96,101,96,101,-1,4,-1,4,-1,4,-1,4,96,101,96,101,0.046696923871706326,,,,,,,,
1786328400,39.21774832363329,39.28559816,39.09614984,39.1908740025,37.85434735457047,39.18066563428577,39.04900771264716,39.21774832363329,39.28559816,39.09614984,39.1908740025,,,,80.48730254599452,83.65189306559965,80.48730254599452,83.65189306559965,75.52304732530939,76.89677661001372,75.52304732530939,76.89677661001372,96,101,96,101,-1,4,-1,4,-1,4,-1,4,96,101,96,101,0.047620699273102494,,,,,,,,
1786329000,39.20431116306665,39.25568527,39.06623695,39.170932072499994,37.86744770002251,39.190517896190535,39.07012269522069,39.20431116306665,39.25568527,39.06623695,39.170932072499994,,,,79.4202652555911,83.047374807027,79.4202652555911,83.047374807027,74.12162992812809,75.5092032690709,74.12162992812809,75.5092032690709,96,101,96,101,-1,4,-1,4,-1,4,-1,4,96,101,96,101,0.05639062405310699,,,,,,,,
1786329600,39.18762161778332,39.2756272,38.97649828,39.096149845,37.87967359201234,39.199657946666726,39.08485919352951,39.18762161778332,39.2756272,38.97649828,39.096149845,,,,78.1027898739567,82.3410055308741,78.1027898739567,82.3410055308741,72.50797924526954,74.00859125717022,72.50797924526954,74.00859125717022,96,101,96,101,-1,4,-1,4,-1,4,-1,4,96,101,96,101,0.06577478036720498,,,,,,,,
1786330200,39.14188573139166,39.14188573139166,38.79702092,38.916672489999996,37.88999198900724,39.19942054273816,39.09123767779422,39.14188573139166,39.14188573139166,38.79702092,38.916672489999996,,,,76.09544774010263,81.44878298933531,76.09544774010263,81.44878298933531,69.87049466120209,71.93954295918616,69.87049466120209,71.93954295918616,96,101,96,101,-1,4,-1,4,-1,4,-1,4,96,101,96,101,0.04918170110798776,,,,,,,,
1786330800,39.029279110695825,39.07620792,38.84687574,38.934121680000004,37.90038133916637,39.19194231976197,39.08933146411775,39.029279110695825,39.07620792,38.84687574,38.934121680000004,,,,74.3077067123511,80.42862923548043,74.3077067123511,80.42862923548043,67.4463726832356,69.69295782121088,67.4463726832356,69.69295782121088,96,101,96,101,-1,4,-1,4,-1,4,-1,4,96,101,96,101,0.02243699009616208,0.02243699009616208,0.02243699009616208,0.02243699009616208,,,,,
1786331400,38.981700395347914,39.06623695,38.86681767,38.9565563475,37.91089054322939,39.17852899928578,39.09145762566187,38.981700395347914,39.06623695,38.86681767,38.9565563475,,,,72.7456579811837,79.33106191343803,72.7456579811837,79.33106191343803,65.38124152051306,67.53709967086198,65.38124152051306,67.53709967086198,96,101,96,101,-1,4,-1,4,-1,4,-1,4,96,101,96,101,0.023814095072237813,,,,,,,,
1786332000,38.969128371423956,38.9964402,38.85684671,38.91417975,37.92087352041119,39.163809957142924,39.10414127838245,38.969128371423956,38.9964402,38.85684671,38.91417975,,,,71.11007962803743,78.15663587266651,71.11007962803743,78.15663587266651,62.038204225145506,64.78765194800374,62.038204225145506,64.78765194800374,96,101,96,101,-1,4,-1,4,-1,4,-1,4,96,101,96,101,0.031412750157208326,,,,,,,,
1786338000,38.94165406071198,39.0263531,38.79702092,38.9166724925,37.93078196789466,39.14944702095244,39.112572608235396,38.94165406071198,39.0263531,38.79702092,38.9166724925,,,,69.60221680838353,76.93457600634038,69.60221680838353,76.93457600634038,56.76730561070844,60.77747877935609,56.76730561070844,60.77747877935609,96,101,96,101,-1,4,-1,4,-1,4,-1,4,96,101,96,101,0.0322800196036856,,,,,,,,
1786338600,38.92916327660599,38.96652731,38.80699189,38.91168701,37.94054221706984,39.1316417280953,39.11051976264716,38.92916327660599,38.96652731,38.80699189,38.91168701,,,,68.18028147023269,75.68396250118214,68.18028147023269,75.68396250118214,50.30670929612752,55.542094037741805,50.30670929612752,55.542094037741805,96,101,96,101,-1,4,-1,4,-1,4,-1,4,96,101,96,101,0.035959474007808724,,,,,,,,
1786339200,38.92042514330299,38.97649828,38.81696285,38.884266860000004,37.94993251202437,39.11644787821435,39.105460964779525,38.92042514330299,38.97649828,38.81696285,38.884266860000004,,,,66.74013942744708,74.40627349064856,66.74013942744708,74.40627349064856,44.63603532729763,50.08906468251972,44.63603532729763,50.08906468251972,96,101,96,101,-1,4,-1,4,-1,4,-1,4,96,101,96,101,0.0399205997395925,,,,,0.0399205997395925,,0.0399205997395925,
1786339800,38.902346001651495,38.98646924,38.81696285,38.89922330500001,37.95937819155647,39.10647691428578,39.10384801470599,38.902346001651495,38.98646924,38.81696285,38.89922330500001,,,,65.46819567935695,73.1294052318926,65.46819567935695,73.1294052318926,39.84192634725146,44.96549551488559,39.84192634725146,44.96549551488559,96,101,96,101,-1,4,-1,4,-1,4,-1,4,96,101,96,101,0.02978249491494345,,,,,,,,
1786340400,38.90078465332575,39.16594659,38.90078465332575,39.038816802499994,37.97011887425242,39.1001857108334,39.103481435220694,38.90078465332575,39.16594659,38.90078465332575,39.038816802499994,,,,64.8968611587519,71.95332750715822,64.8968611587519,71.95332750715822,37.381626250961176,41.17356088292338,37.381626250961176,41.17356088292338,96,101,96,101,-1,4,-1,4,-1,4,-1,4,96,101,96,101,0.027395283222185318,,,,,,,,
1786341000,38.96980072791287,39.08617888,38.96980072791287,39.03632406,37.98072788107578,39.09674335428578,39.102235064779514,38.96980072791287,39.08617888,38.96980072791287,39.03632406,,,,64.35544773849388,70.86791611163474,64.35544773849388,70.86791611163474,35.43521129065994,38.304386086791666,35.43521129065994,38.304386086791666,96,101,96,101,-1,4,-1,4,-1,4,-1,4,96,101,96,101,0.037958523904414565,,,,,,,,
1786341600,39.003062393956434,39.10612081,38.94658538,39.0288458375,37.99115691546806,39.091045660476254,39.10289490801481,39.003062393956434,39.10612081,38.94658538,39.0288458375,,,,63.82004120243461,69.86107683889186,63.82004120243461,69.86107683889186,33.81267803140617,36.05853205909892,33.81267803140617,36.05853205909892,96,101,96,101,-1,4,-1,4,-1,4,-1,4,96,101,96,101,0.02700201962908766,,,,,,,,
1786342200,39.01595411572822,39.44513358,39.01595411572822,39.250699784999995,38.00368968033902,39.0947254208334,39.11132623779422,39.01595411572822,39.44513358,39.01595411572822,39.250699784999995,,,,64.2919546365092,69.0654879528372,64.2919546365092,69.0654879528372,35.05871332829101,35.55862269369497,35.05871332829101,35.55862269369497,96,101,96,101,-1,4,-1,4,-1,4,-1,4,96,101,96,101,0.02095626849794726,0.02095626849794726,,0.02095626849794726,,,,,
1786342800,39.13332695036411,39.61463997,39.13332695036411,39.46507550999999,38.01823083287296,39.107663933571494,39.12782231794128,39.13332695036411,39.61463997,39.13332695036411,39.46507550999999,,,,65.666571111317,68.5799284040486,65.666571111317,68.5799284040486,38.6660422396348,37.11233246666488,38.6660422396348,37.11233246666488,96,101,96,101,-1,4,-1,4,-1,4,-1,4,96,101,96,101,0.043419569687504454,,,,,,,,
1786343400,39.29920123018205,39.48501744,39.28559816,39.4027569875,38.03200721252099,39.10576470226197,39.14197228897069,39.29920123018205,39.48501744,39.28559816,39.4027569875,,,,66.67078816309919,68.30719408391298,66.67078816309919,68.30719408391298,41.95278602840186,39.53255924753337,41.95278602840186,39.53255924753337,96,101,96,101,-1,4,-1,4,-1,4,-1,4,96,101,96,101,0.05583518770907798,,,,,,,,
1786344000,39.350979108841024,39.4949884,39.350979108841024,39.4476263225,38.04609297480933,39.103865470833405,39.152456464264816,39.350979108841024,39.4949884,39.350979108841024,39.4476263225,,,,67.79926844324358,68.23463327810306,67.79926844324358,68.23463327810306,45.4310891833454,42.48182421543939,45.4310891833454,42.48182421543939,96,101,96,101,-1,4,-1,4,-1,4,-1,4,96,101,96,101,0.05217847650355406,,,,,,,,
1786344600,39.399302715670515,39.5249013,39.399302715670515,39.4900029225,38.06046023797043,39.10873225095244,39.15986137147069,39.399302715670515,39.5249013,39.399302715670515,39.4900029225,,,,69.03224753136011,68.3485781714255,69.03224753136011,68.3485781714255,49.05665197524226,45.769238095340825,49.05665197524226,45.769238095340825,96,101,96,101,-1,4,-1,4,-1,4,-1,4,96,101,96,101,0.04986980952613604,,,,,,,,
1786411800,39.444652819085256,40.06333335,38.92664346,39.519915815,38.07498218401053,39.12463831250006,39.168585965000105,39.444652819085256,40.06333335,38.92664346,39.519915815,,,,69.26816024780626,68.47994703947988,69.26816024780626,68.47994703947988,49.92148989017161,47.84536399275622,49.92148989017161,47.84536399275622,96,101,96,101,-1,4,-1,4,-1,4,-1,4,96,101,96,101,0.08188415954899192,,,,,,,,
1786412400,39.48228431704263,39.83400118,39.46507551,39.676958495,38.09092224680644,39.149921828214346,39.1820760927207,39.48228431704263,39.83400118,39.46507551,39.676958495,,,,70.05828803429199,68.70542432445303,70.05828803429199,68.70542432445303,52.153760570662264,49.999562281709245,52.153760570662264,49.999562281709245,96,101,96,101,-1,4,-1,4,-1,4,-1,4,96,101,96,101,0.10646961501096625,,,,,0.10646961501096625,,0.10646961501096625,
1786413000,39.57962140602132,39.80408829,39.45510455,39.6121472325,38.10605881382827,39.16998245821435,39.19168047720599,39.57962140602132,39.80408829,39.45510455,39.6121472325,,,,70.5563001071541,68.9698351505532,70.5563001071541,68.9698351505532,53.90430203837353,51.95193216004139,53.90430203837353,51.95193216004139,96,101,96,101,-1,4,-1,4,-1,4,-1,4,96,101,96,101,0.10274228183495142,,,,,,,,
1786413600,39.59588431926066,39.59588431926066,39.16594659,39.3803223175,38.11873805267077,39.179953422261974,39.19688590691187,39.59588431926066,39.59588431926066,39.16594659,39.3803223175,,,,70.17573770719359,69.14210694435897,70.17573770719359,69.14210694435897,53.273157588811664,52.612544874426526,53.273157588811664,52.612544874426526,96,101,96,101,-1,4,-1,4,-1,4,-1,4,96,101,96,101,0.07644104286833991,,,,,,,,
1786414200,39.48810331838033,39.5249013,39.30554009,39.420206175,38.13168798423624,39.1953846760715,39.206050395955984,39.48810331838033,39.5249013,39.30554009,39.420206175,,,,69.96739097345083,69.26000466280067,69.96739097345083,69.26000466280067,52.82377486843794,52.718159871432235,52.82377486843794,52.718159871432235,96,101,96,101,-1,4,-1,4,-1,4,-1,4,96,101,96,101,0.03360000031918484,,,,,,,,
1786414800,39.454154746690165,39.73429154,39.454154746690165,39.612147230000005,38.14641892200503,39.2285025208334,39.219027312279515,39.454154746690165,39.73429154,39.454154746690165,39.612147230000005,,,,70.47189568442495,69.43313195160414,70.47189568442495,69.43313195160414,54.03588999417494,53.377024932803586,54.03588999417494,53.377024932803586,96,101,96,101,-1,4,-1,4,-1,4,-1,4,96,101,96,101,0.021513463154862432,0.021513463154862432,,0.021513463154862432,,,,,
1786415400,39.533150988345085,39.82403022,39.533150988345085,39.716842352499995,38.16204502579105,39.26577493380959,39.23691639477951,39.533150988345085,39.82403022,39.533150988345085,39.716842352499995,,,,71.32107500594421,69.70283810222415,71.32107500594421,69.70283810222415,56.10623517612597,54.74163005446478,56.10623517612597,54.74163005446478,96,101,96,101,-1,4,-1,4,-1,4,-1,4,96,101,96,101,0.036258532868374584,,,,,,,,
1786416000,39.62499667042254,39.83400118,39.59469804,39.7168423525,38.17751564595731,39.30197902928578,39.25363242257364,39.62499667042254,39.83400118,39.59469804,39.7168423525,,,,72.10959866164067,70.04666103928365,72.10959866164067,70.04666103928365,58.24940937619507,56.49551971532992,58.24940937619507,56.49551971532992,96,101,96,101,-1,4,-1,4,-1,4,-1,4,96,101,96,101,0.03556028473858785,,,,,,,,
1786416600,39.67091951146127,39.83400118,39.67091951146127,39.7642044325,38.19330359408211,39.342456395119115,39.27100829360305,39.67091951146127,39.83400118,39.67091951146127,39.7642044325,,,,73.01402545344058,70.47057024130606,73.01402545344058,70.47057024130606,60.57572968080432,58.535624698067124,60.57572968080432,58.535624698067124,96,101,96,101,-1,4,-1,4,-1,4,-1,4,96,101,96,101,0.025329348023247676,,,,,,,,
1786417200,39.717561971980636,39.97359468,39.717561971980636,39.824030215,38.20952972961363,39.38566390571435,39.289557219264815,39.717561971980636,39.97359468,39.717561971980636,39.824030215,,,,74.07139927437785,70.98497438888775,74.07139927437785,70.98497438888775,63.36512137574592,60.95037303690653,63.36512137574592,60.95037303690653,96,101,96,101,-1,4,-1,4,-1,4,-1,4,96,101,96,101,0.034247835317186795,,,,,,,,
1786417800,39.77079609349032,39.87388504,39.73429154,39.799102805,38.22534637712991,39.42792180071435,39.30004139455894,39.77079609349032,39.87388504,39.73429154,39.799102805,,,,74.96260099869797,71.55320676171779,74.96260099869797,71.55320676171779,65.57642770548918,63.263400371197854,65.57642770548918,63.263400371197854,96,101,96,101,-1,4,-1,4,-1,4,-1,4,96,101,96,101,0.05089328178228422,,,,,0.05089328178228422,0.05089328178228422,0.05089328178228422,
1786418400,39.78494944924516,39.84397214,39.70437865,39.7816536175,38.2408320213127,39.47065450345245,39.30869267205894,39.78494944924516,39.84397214,39.70437865,39.7816536175,,,,75.72669367859189,72.14941917841409,75.72669367859189,72.14941917841409,67.29004362416396,65.27672199768091,67.29004362416396,65.27672199768091,96,101,96,101,-1,4,-1,4,-1,4,-1,4,96,101,96,101,0.049051056659270814,,,,,,,,
1786424400,39.78330153337258,39.85394311,39.69440768,39.7916245825,38.25626279306581,39.513149802381015,39.320569849779524,39.78330153337258,39.85394311,39.69440768,39.7916245825,,,,76.47246647160698,72.76699736315594,76.47246647160698,72.76699736315594,68.80013350559696,67.03842775163893,68.80013350559696,67.03842775163893,96,101,96,101,-1,4,-1,4,-1,4,-1,4,96,101,96,101,0.04700667730261736,,,,,,,,
1786425000,39.78746305793629,39.82403022,39.69440768,39.7517407275,38.27114317052286,39.547098560714346,39.33721256169129,39.78746305793629,39.82403022,39.69440768,39.7517407275,,,,76.85524711762056,73.35103304236517,76.85524711762056,73.35103304236517,69.85641672755129,68.44742223959511,69.85641672755129,68.44742223959511,96,101,96,101,-1,4,-1,4,-1,4,-1,4,96,101,96,101,0.044809792870854806,,,,,,,,
1786425600,39.76960189271814,39.76960189271814,39.54484322,39.666987532499995,38.2850321691495,39.577130154642916,39.35253558720599,39.76960189271814,39.76960189271814,39.54484322,39.666987532499995,,,,76.51089361225077,73.80244169520597,76.51089361225077,73.80244169520597,69.87878771218233,69.16310497588873,69.87878771218233,69.16310497588873,96,101,96,101,-1,4,-1,4,-1,4,-1,4,96,101,96,101,0.043782067468630614,,,,,,,,
1786426200,39.718294712609065,39.84397214,39.64455286,39.7293060575,38.2994030536107,39.61048540321434,39.36837182411776,39.718294712609065,39.84397214,39.64455286,39.7293060575,,,,76.30454745453353,74.15988537510991,76.30454745453353,74.15988537510991,70.45618607631201,69.80964552610037,70.45618607631201,69.80964552610037,96,101,96,101,-1,4,-1,4,-1,4,-1,4,96,101,96,101,0.039566674981742614,,,,,,,,
1786426800,39.72380038505453,39.72432058,39.59469804,39.65701657,38.312911645813585,39.62983382154768,39.382668426985404,39.72380038505453,39.72432058,39.59469804,39.65701657,,,,75.7051787873781,74.38064157686252,75.7051787873781,74.38064157686252,70.25485985251697,70.03225268930868,70.25485985251697,70.03225268930868,96,101,96,101,-1,4,-1,4,-1,4,-1,4,96,101,96,101,0.02927222120987257,,,,,,,,
1786427400,39.69040847752727,39.69040847752727,39.58472708,39.612147230000005,38.32583936306917,39.63683723678578,39.39784482066188,39.69040847752727,39.69040847752727,39.58472708,39.612147230000005,,,,74.89552879366543,74.45419689354866,74.89552879366543,74.45419689354866,69.70546661514902,69.86885965222885,69.70546661514902,69.86885965222885,96,101,96,101,-1,4,-1,4,-1,4,-1,4,96,101,96,101,0.021785754566089693,0.021785754566089693,,0.021785754566089693,,,,,
1786428000,39.65127785376364,39.68443672,39.50495937,39.607161749999996,38.338588839556046,39.646570796904825,39.41815332830895,39.65127785376364,39.68443672,39.50495937,39.607161749999996,,,,74.11558946887213,74.40582440430914,74.11558946887213,74.40582440430914,68.93032029539185,69.39958997381035,68.93032029539185,69.39958997381035,96,101,96,101,-1,4,-1,4,-1,4,-1,4,96,101,96,101,0.023445244232586256,,,,,,,,
1786428600,39.62921980188182,39.68443672,39.4949884,39.574756115,38.35088901145101,39.65262459654768,39.43699551757364,39.62921980188182,39.68443672,39.4949884,39.574756115,,,,73.20857043356355,74.23478812277405,73.20857043356355,74.23478812277405,68.047411310341,68.72350064207568,68.047411310341,68.72350064207568,96,101,96,101,-1,4,-1,4,-1,4,-1,4,96,101,96,101,0.03015049786937432,,,,,,,,
1786429200,39.60198795844091,39.60198795844091,39.44513358,39.4850174375,38.3621738714117,39.652387192500065,39.452538490808934,39.60198795844091,39.60198795844091,39.44513358,39.4850174375,,,,71.86015173788486,73.89555435350417,71.86015173788486,73.89555435350417,66.52572778552882,67.62461421380225,66.52572778552882,67.62461421380225,96,101,96,101,-1,4,-1,4,-1,4,-1,4,96,101,96,101,0.03182336646482516,,,,,,,,
1786429800,39.54350269797045,39.54350269797045,39.3853078,39.4426408425,38.3729247865469,39.648707431904825,39.46808146411776,39.54350269797045,39.54350269797045,39.3853078,39.4426408425,,,,70.36901605406258,73.39176316786966,70.36901605406258,73.39176316786966,64.63130132861298,66.1279577712076,64.63130132861298,66.1279577712076,96,101,96,101,-1,4,-1,4,-1,4,-1,4,96,101,96,101,0.03568568460514582,,,,,0.03568568460514582,,0.03568568460514582,
1786430400,39.493071770235225,39.57475612,39.33545298,39.450119064999996,38.383643137576286,39.63790555428578,39.48377106919129,39.493071770235225,39.57475612,39.33545298,39.450119064999996,,,,69.0265722862765,72.7681644704992,69.0265722862765,72.7681644704992,62.83154124607876,64.47974950864318,62.83154124607876,64.47974950864318,96,101,96,101,-1,4,-1,4,-1,4,-1,4,96,101,96,101,0.03226944939092887,,,,,,,,
1786431000,39.47159541761761,39.50495937,39.34542394,39.4301771375,38.394056411207366,39.62924031166673,39.49902077882365,39.47159541761761,39.50495937,39.34542394,39.4301771375,,,,67.66753142278702,72.03950260654032,67.66753142278702,72.03950260654032,60.95626712284383,62.7180083157435,60.95626712284383,62.7180083157435,96,101,96,101,-1,4,-1,4,-1,4,-1,4,96,101,96,101,0.02633102032620281,,,,,,,,
1786498200,39.45088627755881,39.78414636,39.2457143,39.410235209999996,38.404167643036146,39.63066473511911,39.51449043617659,39.45088627755881,39.78414636,39.2457143,39.410235209999996,,,,66.29307897043002,71.21858494423886,66.29307897043002,71.21858494423886,59.621416280697815,61.16971229822066,59.621416280697815,61.16971229822066,96,101,96,101,-1,4,-1,4,-1,4,-1,4,96,101,96,101,0.004009345536573802,,,,,,,,
1786498800,39.4305607437794,39.48501744,39.1360337,39.3254820175,38.41333495024474,39.62615406095245,39.52702745713247,39.4305607437794,39.48501744,39.1360337,39.3254820175,,,,64.53873646061268,70.26432087514941,64.53873646061268,70.26432087514941,56.507599344257585,58.83865582123912,56.507599344257585,58.83865582123912,96,101,96,101,-1,4,-1,4,-1,4,-1,4,96,101,96,101,-0.037543172628919395,-0.037543172628919395,,-0.037543172628919395,,,,,
1786499400,39.3780213806397,39.76420443,39.3780213806397,39.5822343375,38.42496578991892,39.62472963750007,39.54301032580894,39.3780213806397,39.76420443,39.3780213806397,39.5822343375,,,,64.35796057880012,69.42055511852809,64.35796057880012,69.42055511852809,56.10522228366551,57.47193905245231,56.10522228366551,57.47193905245231,96,101,96,101,-1,4,-1,4,-1,4,-1,4,96,101,96,101,-0.035829240624240616,,,,,,,,
1786500000,39.48012785906985,40.2428107,39.48012785906985,39.9037979275,38.43968053755655,39.633632283928634,39.56852426308836,39.48012785906985,40.2428107,39.48012785906985,39.9037979275,,,,65.2289437074582,68.82175348837525,65.2289437074582,68.82175348837525,57.59277139961385,57.53235522603308,57.59277139961385,57.53235522603308,96,101,96,101,-1,4,-1,4,-1,4,-1,4,96,101,96,101,0.018375128992976553,,,,,,,,
1786500600,39.69196289328492,40.06333335,39.69196289328492,39.876377777500004,38.45397603248136,39.641229208928635,39.59345167308835,39.69196289328492,40.06333335,39.69196289328492,39.876377777500004,,,,65.90224578014275,68.40468095862775,65.90224578014275,68.40468095862775,59.278860737797835,58.40560798191546,59.278860737797835,58.40560798191546,96,101,96,101,-1,4,-1,4,-1,4,-1,4,96,101,96,101,0.05773503130265735,,,,,,,,
1786501200,39.78417033539246,39.91376889,39.70437865,39.80907377,38.46745959205866,39.643365844047686,39.60987443735306,39.78417033539246,39.91376889,39.70437865,39.80907377,,,,66.19494252989435,68.08900404023726,66.19494252989435,68.08900404023726,60.33431364516074,59.3699608135381,60.33431364516074,59.3699608135381,96,101,96,101,-1,4,-1,4,-1,4,-1,4,96,101,96,101,0.05882595683535107,,,,,0.05882595683535107,,0.05882595683535107,
1786501800,39.79662205269623,39.883856,39.58472708,39.7293060575,38.480015278281954,39.63885516988101,39.61764592404423,39.79662205269623,39.883856,39.58472708,39.7293060575,,,,66.07264369652844,67.80095256256458,66.07264369652844,67.80095256256458,60.59502214277848,59.982491478158295,60.59502214277848,59.982491478158295,96,101,96,101,-1,4,-1,4,-1,4,-1,4,96,101,96,101,0.0320828711873411,,,,,,,,
1786502400,39.76296405509811,39.82403022,39.65452383,39.72930606,38.4924460323289,39.63553151535721,39.62725030852953,39.76296405509811,39.82403022,39.65452383,39.72930606,,,,65.95908050646838,67.53782798312226,65.95908050646838,67.53782798312226,60.76706665444739,60.37477906630284,60.76706665444739,60.37477906630284,96,101,96,101,-1,4,-1,4,-1,4,-1,4,96,101,96,101,0.002569487785446297,,,,,,,,
1786503000,39.746135057549054,39.81405925,39.59469804,39.696900425,38.504430653151495,39.63149564904768,39.634581899779526,39.746135057549054,39.81405925,39.59469804,39.696900425,,,,65.6935304407928,67.27435690564661,65.6935304407928,67.27435690564661,60.58579307247363,60.480286069388235,60.58579307247363,60.480286069388235,96,101,96,101,-1,4,-1,4,-1,4,-1,4,96,101,96,101,-0.004869110016557641,,,,,,,,
1786503600,39.721517741274525,39.721517741274525,39.59469804,39.627103675,38.515601528990786,39.62366132011911,39.63861427485306,39.721517741274525,39.721517741274525,39.59469804,39.627103675,,,,65.10212064086339,66.96403743924901,65.10212064086339,66.96403743924901,59.87305640140744,60.17667123539783,59.87305640140744,60.17667123539783,96,101,96,101,-1,4,-1,4,-1,4,-1,4,96,101,96,101,-0.022980148001304938,,,,,,,,
1786504200,39.67431070813726,39.68443672,39.56478515,39.62461093500001,38.526636448453566,39.617607520476255,39.64169354308835,39.67431070813726,39.68443672,39.56478515,39.62461093500001,,,,64.54063913207631,66.61783768108148,64.54063913207631,66.61783768108148,57.75436882193312,58.96552002866548,57.75436882193312,58.96552002866548,96,101,96,101,-1,4,-1,4,-1,4,-1,4,96,101,96,101,-0.04143226320640289,,,,,,,,
1786504800,39.64946082156864,39.66449479,39.57475612,39.6345819,38.53766078130477,39.61606439511911,39.64044717264717,39.64946082156864,39.66449479,39.57475612,39.6345819,,,,64.06852453402972,66.25365008864551,64.06852453402972,66.25365008864551,55.899941000009086,57.43273051433728,55.899941000009086,57.43273051433728,96,101,96,101,-1,4,-1,4,-1,4,-1,4,96,101,96,101,-0.04507822676499752,,,,,,,,
1786510800,39.64202136078432,39.68443672,39.41522069,39.5448432225,38.54768249713756,39.6072804505953,39.63846764294129,39.64202136078432,39.68443672,39.41522069,39.5448432225,,,,63.1867826461669,65.81552616829143,63.1867826461669,65.81552616829143,53.467545638847795,55.45013807659254,53.467545638847795,55.45013807659254,96,101,96,101,-1,4,-1,4,-1,4,-1,4,96,101,96,101,-0.05306344187204505,,,,,,,,
1786511400,39.59343229164216,39.59343229164216,39.35539491,39.40524973,38.55621550442972,39.59529155345244,39.639200802132464,39.59343229164216,39.59343229164216,39.35539491,39.40524973,,,,61.67836716660065,65.22450345376417,61.67836716660065,65.22450345376417,50.1471141138186,52.79862609520557,50.1471141138186,52.79862609520557,96,101,96,101,-1,4,-1,4,-1,4,-1,4,96,101,96,101,-0.06802033627798856,,,,,,,,
1786512000,39.499341010821084,39.499341010821084,39.29556912,39.3678586125,38.56429155525629,39.58365876214292,39.63766116794129,39.499341010821084,39.499341010821084,39.29556912,39.3678586125,,,,60.09296657347003,64.4914267565793,60.09296657347003,64.4914267565793,46.46774662416085,49.63318635968321,46.46774662416085,49.63318635968321,96,101,96,101,-1,4,-1,4,-1,4,-1,4,96,101,96,101,-0.06872248651974087,,,,,,,,
1786512600,39.43359981166054,39.48501744,39.32548202,39.395278765,38.572560084706474,39.57356909619054,39.63128268367658,39.43359981166054,39.48501744,39.32548202,39.395278765,,,,58.75627686755497,63.672119629575825,58.75627686755497,63.672119629575825,43.326106248258846,46.47964630397102,43.326106248258846,46.47964630397102,96,101,96,101,-1,4,-1,4,-1,4,-1,4,96,101,96,101,-0.06638992043303213,,,,,,,,
1786513200,39.41443928833027,39.43516262,39.31551105,39.3902932825,38.58069673344074,39.56478515178578,39.621678299264815,39.41443928833027,39.43516262,39.31551105,39.3902932825,,,,57.490434453434546,62.78902174726993,57.490434453434546,62.78902174726993,40.40362858454006,43.44163744425554,40.40362858454006,43.44163744425554,96,101,96,101,-1,4,-1,4,-1,4,-1,4,96,101,96,101,-0.06927299127856223,,,,,,,,
1786513800,39.402366285415134,39.41522069,39.35539491,39.3778295775,38.58862840353088,39.559680967976256,39.61170733529422,39.402366285415134,39.41522069,39.35539491,39.3778295775,,,,56.253432999928656,61.855366211935454,56.253432999928656,61.855366211935454,37.85461128661631,40.648124365435926,37.85461128661631,40.648124365435926,96,101,96,101,-1,4,-1,4,-1,4,-1,4,96,101,96,101,-0.07169557413583585,,,,,,,,
1786514400,39.39009793145757,39.39009793145757,39.29556912,39.3279747575,38.59598508366988,39.55422067821435,39.5988770507354,39.39009793145757,39.39009793145757,39.29556912,39.3279747575,,,,54.858483374382544,60.85581152085647,54.858483374382544,60.85581152085647,35.16137379772951,37.90474908158272,35.16137379772951,37.90474908158272,96,101,96,101,-1,4,-1,4,-1,4,-1,4,96,101,96,101,-0.07411167701719124,,,,,,,,
1786515000,39.35903634447878,39.35903634447878,39.2756272,39.310525572500005,38.60309493928013,39.54757336904768,39.583773973014814,39.35903634447878,39.35903634447878,39.2756272,39.310525572500005,,,,53.47696612113321,59.80169074946743,53.47696612113321,59.80169074946743,32.55094354734899,35.22784631446586,32.55094354734899,35.22784631446586,96,101,96,101,-1,4,-1,4,-1,4,-1,4,96,101,96,101,-0.07862603874785776,,,,,,,,
1786515600,39.33478095848939,39.46507551,39.32548202,39.395278765,38.6109773654067,39.54591154178578,39.57189679536775,39.33478095848939,39.46507551,39.32548202,39.395278765,,,,52.61284787609936,58.774713196129134,52.61284787609936,58.774713196129134,31.090837146160634,33.159341730313244,31.090837146160634,33.159341730313244,96,101,96,101,-1,4,-1,4,-1,4,-1,4,96,101,96,101,-0.08173093056949463,,,,,,,,
1786516200,39.365029861744695,39.46507551,39.365029861744695,39.422698915,38.619054196745935,39.546505051547676,39.56133930411775,39.365029861744695,39.46507551,39.365029861744695,39.422698915,,,,51.94592033820874,57.79917135928336,51.94592033820874,57.79917135928336,30.161067683719043,31.660204707016142,30.161067683719043,31.660204707016142,96,101,96,101,-1,4,-1,4,-1,4,-1,4,96,101,96,101,-0.08047803538958695,,,,,,,,
1786516800,39.39386438837235,39.39527876,39.36536587,39.377829575,38.62660420050966,39.548997792381016,39.54916886272069,39.39386438837235,39.39527876,39.36536587,39.377829575,,,,51.104955594867825,56.84285482150971,51.104955594867825,56.84285482150971,29.027585685301673,30.343895196158908,29.027585685301673,30.343895196158908,96,101,96,101,-1,4,-1,4,-1,4,-1,4,96,101,96,101,-0.08230077970888303,,,,,,,,
1786517400,39.38584698168617,39.38584698168617,39.33545298,39.352902165,38.63383104592747,39.53807721273816,39.53743831676481,39.38584698168617,39.38584698168617,39.33545298,39.352902165,,,,50.20090705240597,55.894005140209174,50.20090705240597,55.894005140209174,27.80506444511201,29.07447982063546,27.80506444511201,29.07447982063546,96,101,96,101,-1,4,-1,4,-1,4,-1,4,96,101,96,101,-0.08726322659037242,,,,,,,,
1786584600,39.36937457334309,39.73429154,39.1360337,39.46009003,38.642052528356054,39.516948265238156,39.53135309610305,39.36937457334309,39.73429154,39.1360337,39.46009003,,,,49.864135917369495,55.032595251232074,49.864135917369495,55.032595251232074,27.65278466020426,28.36363224041986,27.65278466020426,28.36363224041986,96,101,96,101,-1,4,-1,4,-1,4,-1,4,96,101,96,101,-0.10797953977888165,,,,,,,,
1786585200,39.41473230167155,39.64455286,39.25568527,39.440148102500004,38.64999377785002,39.49617542357149,39.52284845036775,39.41473230167155,39.64455286,39.25568527,39.440148102500004,,,,49.42429006205266,54.23140879563501,49.42429006205266,54.23140879563501,27.61360999688201,27.988621118650933,27.61360999688201,27.988621118650933,96,101,96,101,-1,4,-1,4,-1,4,-1,4,96,101,96,101,-0.13021069176493583,,,,,,,,
1786585800,39.427440202085776,39.45510455,39.18588852,39.33296024,38.65678946404057,39.47350335071434,39.51331738183834,39.427440202085776,39.45510455,39.18588852,39.33296024,,,,48.47889873261841,53.409621643775495,48.47889873261841,53.409621643775495,26.390185922190536,27.189403520420733,26.390185922190536,27.189403520420733,96,101,96,101,-1,4,-1,4,-1,4,-1,4,96,101,96,101,-0.1506522782665485,,,,,,,,
1786586400,39.380200221042884,39.46507551,39.25568527,39.372844095,38.66391438574166,39.45652897154768,39.506279054338336,39.380200221042884,39.46507551,39.25568527,39.372844095,,,,47.528629724370056,52.56947994100329,47.528629724370056,52.56947994100329,25.631427191267065,26.4104153558439,25.631427191267065,26.4104153558439,96,101,96,101,-1,4,-1,4,-1,4,-1,4,96,101,96,101,-0.17058850502300033,,,,,,,,
1786587000,39.376522158021444,39.3853078,39.23574334,39.3304675,38.67054675503777,39.437536659166724,39.49814098816187,39.376522158021444,39.3853078,39.23574334,39.3304675,,,,46.32528604522601,51.67745224160653,46.32528604522601,51.67745224160653,24.495377184027294,25.452896269935597,24.495377184027294,25.452896269935597,96,101,96,101,-1,4,-1,4,-1,4,-1,4,96,101,96,101,-0.17807657975832902,-0.17807657975832902,,-0.17807657975832902,,,,,
1786587600,39.35349482901072,39.44513358,39.19585948,39.3005546025,38.67681548983839,39.41866304857148,39.49007623779422,39.35349482901072,39.44513358,39.19585948,39.3005546025,,,,45.04555779284788,50.730038748926724,45.04555779284788,50.730038748926724,23.359214873695905,24.40605557181575,23.359214873695905,24.40605557181575,96,101,96,101,-1,4,-1,4,-1,4,-1,4,96,101,96,101,-0.17556138284045958,,,,,,,,
1786588200,39.32702471575536,39.32702471575536,39.06623695,39.1634538525,38.68165766260119,39.39658448559529,39.48061848529422,39.32702471575536,39.32702471575536,39.06623695,39.1634538525,,,,43.113191104918826,49.6419176569256,43.113191104918826,49.6419176569256,21.760911530039245,23.083483550927497,21.760911530039245,23.083483550927497,96,101,96,101,-1,4,-1,4,-1,4,-1,4,96,101,96,101,-0.1756618089969984,,,,,,,,
1786588800,39.24523928412768,39.28559816,39.12606274,39.195859485,38.68677409864496,39.37616774988101,39.47336021007363,39.24523928412768,39.28559816,39.12606274,39.195859485,,,,41.49471640820595,48.478031764251355,41.49471640820595,48.478031764251355,20.394397810525593,21.738940680726543,20.394397810525593,21.738940680726543,96,101,96,101,-1,4,-1,4,-1,4,-1,4,96,101,96,101,-0.17116056334521276,,,,,,,,
1786589400,39.22054938456384,39.33545298,39.16594659,39.21580141,38.69203805199178,39.35622582178577,39.466468514338345,39.22054938456384,39.33545298,39.16594659,39.21580141,,,,40.10007213957446,47.28118038929752,40.10007213957446,47.28118038929752,19.47791435656871,20.608427518647627,19.47791435656871,20.608427518647627,96,101,96,101,-1,4,-1,4,-1,4,-1,4,96,101,96,101,-0.16264015517125874,,,,,,,,
1786590000,39.21817539728192,39.25568527,39.14600466,39.185888517500004,38.69695198697196,39.339132740595296,39.45928355492657,39.21817539728192,39.25568527,39.14600466,39.185888517500004,,,,38.64270765266449,46.047112855492806,38.64270765266449,46.047112855492806,18.29918301408894,19.453805266368285,18.29918301408894,19.453805266368285,96,101,96,101,-1,4,-1,4,-1,4,-1,4,96,101,96,101,-0.1566740551800991,,,,,,,,
1786590600,39.20203195739096,39.20203195739096,39.04629502,39.11110629,38.70107292531055,39.32512591011911,39.4504856455148,39.20203195739096,39.20203195739096,39.04629502,39.11110629,,,,36.883596484361775,44.73803908818837,36.883596484361775,44.73803908818837,16.738301897785714,18.096053582076998,16.738301897785714,18.096053582076998,96,101,96,101,-1,4,-1,4,-1,4,-1,4,96,101,96,101,-0.15824302104177862,,,,,,,,
1786591200,39.156569123695476,39.23574334,39.08617888,39.148497405,38.70552491018308,39.3146801383334,39.4452802157354,39.156569123695476,39.23574334,39.08617888,39.148497405,,,,35.45305819295045,43.41161324601153,35.45305819295045,43.41161324601153,15.646152207735557,16.87110289490628,15.646152207735557,16.87110289490628,96,101,96,101,-1,4,-1,4,-1,4,-1,4,96,101,96,101,-0.16347978201578553,,,,,,,,
1786597200,39.15253326434774,39.26565623,39.1360337,39.1958594825,38.710403861151406,39.30518398202388,39.433916249411865,39.15253326434774,39.26565623,39.1360337,39.1958594825,,,,33.81355405123539,42.04046193247207,33.81355405123539,42.04046193247207,15.117053385291314,15.994078140098797,15.117053385291314,15.994078140098797,96,101,96,101,-1,4,-1,4,-1,4,-1,4,96,101,96,101,-0.16718723937458613,,,,,,,,
1786597800,39.17419637342387,39.29556912,39.17419637342387,39.23075785499999,38.71558151283149,39.29758705690483,39.41412095316186,39.17419637342387,39.29556912,39.17419637342387,39.23075785499999,,,,32.499490672593005,40.67746603820363,32.499490672593005,40.67746603820363,15.412789789058959,15.703433964578878,15.412789789058959,15.703433964578878,96,101,96,101,-1,4,-1,4,-1,4,-1,4,96,101,96,101,-0.15765122188506359,,,,,,,,
1786598400,39.20247711421193,39.43516262,39.18588852,39.2781199375,38.72117891009187,39.29283897880959,39.39652513433833,39.20247711421193,39.43516262,39.18588852,39.2781199375,,,,31.56202707998579,39.37526047274394,31.56202707998579,39.37526047274394,16.99302152534774,16.34822774496331,16.99302152534774,16.34822774496331,96,101,96,101,-1,4,-1,4,-1,4,-1,4,96,101,96,101,-0.1436970719010292,,,,,,,,
1786599000,39.24029852585596,39.45510455,39.24029852585596,39.3404384625,38.727340696683,39.2934324885715,39.38274174294128,39.24029852585596,39.45510455,39.24029852585596,39.3404384625,,,,31.063548982088626,38.18787311693603,31.063548982088626,38.18787311693603,19.29040252530559,17.819315135134453,19.29040252530559,17.819315135134453,96,101,96,101,-1,4,-1,4,-1,4,-1,4,96,101,96,101,-0.1283512028235252,,,,,,,,
1786599600,39.29036849417798,39.3853078,39.20583045,39.295569125,38.73299471089511,39.29272027678578,39.36998477433833,39.29036849417798,39.3853078,39.20583045,39.295569125,,,,30.332819322740384,37.06572257490808,30.332819322740384,37.06572257490808,21.094279955468085,19.45679754530127,21.094279955468085,19.45679754530127,96,101,96,101,-1,4,-1,4,-1,4,-1,4,96,101,96,101,-0.10366172167851277,,,,,,,,
1786600200,39.29296880958899,39.29296880958899,39.18588852,39.2207868925,38.73784836444342,39.28441114000007,39.35502832823539,39.29296880958899,39.29296880958899,39.18588852,39.2207868925,,,,29.207856052707022,35.94317021459364,29.207856052707022,35.94317021459364,21.73492731300842,20.595862429154845,21.73492731300842,20.595862429154845,96,101,96,101,-1,4,-1,4,-1,4,-1,4,96,101,96,101,-0.08636317412370365,,,,,,,,
1786600800,39.25687785104449,39.33545298,39.15597563,39.25568527,38.74300097046886,39.276458109285784,39.34205141191186,39.25687785104449,39.33545298,39.15597563,39.25568527,,,,28.371580656189085,34.861514563392994,28.371580656189085,34.861514563392994,22.899900744453433,21.74788158680414,22.899900744453433,21.74788158680414,96,101,96,101,-1,4,-1,4,-1,4,-1,4,96,101,96,101,-0.08321264796257727,,,,,,,,
1786601400,39.25628156052225,39.42519166,39.23574334,39.318003795,38.748722391608474,39.27360926261912,39.332960238970685,39.25628156052225,39.42519166,39.23574334,39.318003795,,,,27.96706302608911,33.87659291520672,27.96706302608911,33.87659291520672,25.11750519020921,23.432693388506678,25.11750519020921,23.432693388506678,96,101,96,101,-1,4,-1,4,-1,4,-1,4,96,101,96,101,-0.06755786038350631,,,,,,,,
1786602000,39.287142677761125,39.46507551,39.12606274,39.270641715000004,38.7539156187069,39.26969209833341,39.322549379558914,39.287142677761125,39.46507551,39.12606274,39.270641715000004,,,,27.308701411217044,32.93832270035106,27.308701411217044,32.93832270035106,26.463240608687606,24.947966998597142,26.463240608687606,24.947966998597142,96,101,96,101,-1,4,-1,4,-1,4,-1,4,96,101,96,101,-0.04824731840489248,,,,,,,,
1786602600,39.27889219638057,39.27889219638057,38.89673056,39.07122243250001,38.757072900436185,39.25117459369054,39.30597998345598,39.27889219638057,39.27889219638057,38.89673056,39.07122243250001,,,,26.28400582103639,31.98770600330611,26.28400582103639,31.98770600330611,26.48056346115704,25.714265229877093,26.48056346115704,25.714265229877093,96,101,96,101,-1,4,-1,4,-1,4,-1,4,96,101,96,101,-0.036162271378611034,,,,,,,,
1786603200,39.17505731444029,39.17505731444029,38.78704996,38.9116870125,38.75861134931244,39.22600977988102,39.28735774198539,39.17505731444029,39.17505731444029,38.78704996,38.9116870125,,,,25.018122836024734,30.992051265123056,25.018122836024734,30.992051265123056,25.790180746413984,25.75222298814554,25.790180746413984,25.75222298814554,96,101,96,101,-1,4,-1,4,-1,4,-1,4,96,101,96,101,-0.03757667629686064,,,,,,,,
1786603800,39.043372163470146,39.043372163470146,38.69731128,38.81447010750001,38.75916715785162,39.2013197735715,39.269981870735386,39.043372163470146,39.043372163470146,38.69731128,38.81447010750001,,,,23.772588718711734,29.960699472778582,23.772588718711734,29.960699472778582,24.658444104944575,25.205333546545056,24.658444104944575,25.205333546545056,96,101,96,101,-1,4,-1,4,-1,4,-1,4,96,101,96,101,-0.04631319285027188,,,,,,,,
1786671000,38.928921135485076,39.58472708,38.69731128,39.13852644000001,38.762941877076976,39.19016179000007,39.26323680683832,38.928921135485076,39.58472708,38.69731128,39.13852644000001,,,,24.113717188152798,29.125416289260613,24.113717188152798,29.125416289260613,26.65032659135909,25.927830068952073,26.65032659135909,25.927830068952073,96,101,96,101,-1,4,-1,4,-1,4,-1,4,96,101,96,101,-0.03703349711527411,,,,,,,,
1786671600,39.033723787742545,39.95365275,39.033723787742545,39.719335092499996,38.7724582274792,39.20867929440483,39.27276787529421,39.033723787742545,39.95365275,39.033723787742545,39.719335092499996,,,,27.114811133272188,28.838186981262265,27.114811133272188,28.838186981262265,31.87892916727836,28.903379618115217,31.87892916727836,28.903379618115217,96,101,96,101,-1,4,-1,4,-1,4,-1,4,96,101,96,101,0.04394315310920817,,,,,,,,
1786672200,39.376529440121274,40.26275263,39.376529440121274,39.8713922925,38.78339289479284,39.23586204154768,39.28691784617656,39.376529440121274,40.26275263,39.376529440121274,39.8713922925,,,,30.53518176660987,29.080614807740492,30.53518176660987,29.080614807740492,36.94698416409823,32.925181891106725,36.94698416409823,32.925181891106725,96,101,96,101,-1,4,-1,4,-1,4,-1,4,96,101,96,101,0.14202774104232535,,,,,,,,
1786672800,39.62396086631064,39.80408829,39.33545298,39.58472708,38.79136636927252,39.25592267142864,39.29300306683833,39.62396086631064,39.80408829,39.33545298,39.58472708,,,,32.403232945585366,29.55527454171833,32.403232945585366,29.55527454171833,39.7841266513717,36.35465427123921,39.7841266513717,36.35465427123921,96,101,96,101,-1,4,-1,4,-1,4,-1,4,96,101,96,101,0.1678714435296793,,,,,0.1678714435296793,,0.1678714435296793,
1786673400,39.60434397315532,39.60434397315532,39.33545298,39.4152206925,38.79757387497627,39.266368443214354,39.2955691237501,39.60434397315532,39.60434397315532,39.33545298,39.4152206925,,,,33.36442150949594,30.099438394257987,33.36442150949594,30.099438394257987,41.19685478825678,38.775754529748,41.19685478825678,38.775754529748,96,101,96,101,-1,4,-1,4,-1,4,-1,4,96,101,96,101,0.1392131588417493,,,,,,,,
1786674000,39.50978233282766,39.50978233282766,39.16594659,39.31551105,38.80272747870785,39.271116521309594,39.29571575544127,39.50978233282766,39.50978233282766,39.16594659,39.31551105,,,,33.801994682901885,30.628375006921402,33.801994682901885,30.628375006921402,41.38924956174748,40.08250204574774,41.38924956174748,40.08250204574774,96,101,96,101,-1,4,-1,4,-1,4,-1,4,96,101,96,101,0.09995713572171765,,,,,,,,
1786674600,39.412646691413826,39.44513358,39.18588852,39.300554604999995,38.80768098245205,39.276576811190544,39.29292975073539,39.412646691413826,39.44513358,39.18588852,39.300554604999995,,,,34.140068776233214,31.13004554539452,34.140068776233214,31.13004554539452,41.2406825429636,40.66159229435567,41.2406825429636,40.66159229435567,96,101,96,101,-1,4,-1,4,-1,4,-1,4,96,101,96,101,0.0629059641740918,,,,,,,,
1786675200,39.35660064820691,39.4949884,39.30554009,39.375336835,38.81332929939283,39.28915921809531,39.291536748382455,39.35660064820691,39.4949884,39.30554009,39.375336835,,,,34.79521400986883,31.65364104031942,34.79521400986883,31.65364104031942,41.593395342653274,41.127493818504476,41.593395342653274,41.127493818504476,96,101,96,101,-1,4,-1,4,-1,4,-1,4,96,101,96,101,0.05922489549456496,0.05922489549456496,,0.05922489549456496,,,,,
1786675800,39.36596874160345,39.36596874160345,39.23574334,39.293076385,38.81810290223469,39.29604393142864,39.289044007500095,39.36596874160345,39.36596874160345,39.23574334,39.293076385,,,,35.0282219502654,32.13572402745456,35.0282219502654,32.13572402745456,41.2496787568985,41.18858628770148,41.2496787568985,41.18858628770148,96,101,96,101,-1,4,-1,4,-1,4,-1,4,96,101,96,101,0.07920694534648268,,,,,,,,
1786676400,39.32952256330172,39.32952256330172,39.1360337,39.2158014125,38.82206010134181,39.296993547142925,39.28501163242657,39.32952256330172,39.32952256330172,39.1360337,39.2158014125,,,,34.89199319334814,32.529476765439355,34.89199319334814,32.529476765439355,40.35796786032452,40.773277074013,40.35796786032452,40.773277074013,96,101,96,101,-1,4,-1,4,-1,4,-1,4,96,101,96,101,0.08920075132389334,,,,,,,,
1786677000,39.27266198790086,39.27266198790086,39.06623695,39.1435119225,38.825258626925475,39.292838978928636,39.27570051161774,39.27266198790086,39.27266198790086,39.06623695,39.1435119225,,,,34.43564974386178,32.80178719092827,34.43564974386178,32.80178719092827,38.99482291223429,39.88404999312365,38.99482291223429,39.88404999312365,96,101,96,101,-1,4,-1,4,-1,4,-1,4,96,101,96,101,0.07652674642179107,,,,,,,,
1786677600,39.20808695520043,39.35539491,39.1360337,39.2407288225,38.829392658722234,39.291058449642925,39.26983523867656,39.20808695520043,39.35539491,39.1360337,39.2407288225,,,,34.4554873363922,33.03803006885169,34.4554873363922,33.03803006885169,38.341810172068094,39.11293008259587,38.341810172068094,39.11293008259587,96,101,96,101,-1,4,-1,4,-1,4,-1,4,96,101,96,101,0.061945438727314645,,,,,,,,
1786683600,39.224407888850216,39.34542394,39.0263531,39.2332505975,38.83341114567525,39.28595426559531,39.266902602132454,39.224407888850216,39.34542394,39.0263531,39.2332505975,,,,34.439786019919126,33.238280919004175,34.439786019919126,33.238280919004175,37.566194984860296,38.339562533728085,37.566194984860296,38.339562533728085,96,101,96,101,-1,4,-1,4,-1,4,-1,4,96,101,96,101,0.07248272040506726,,,,,,,,
1786684200,39.22882924317511,39.22882924317511,39.05626599,39.1559756275,38.836620742509325,39.279306956190545,39.26052411779421,39.22882924317511,39.22882924317511,39.05626599,39.1559756275,,,,34.07261296445855,33.357471211211944,34.07261296445855,33.357471211211944,36.46917087136772,37.404366702547904,36.46917087136772,37.404366702547904,96,101,96,101,-1,4,-1,4,-1,4,-1,4,96,101,96,101,0.08771501406382859,,,,,,,,
1786684800,39.192402435337556,39.2756272,39.08617888,39.1858885225,38.84009604380277,39.27764512904769,39.25627179492657,39.192402435337556,39.2756272,39.08617888,39.1858885225,,,,33.86815428543629,33.43042593610114,33.86815428543629,33.43042593610114,35.711578508813744,36.557972605680824,35.711578508813744,36.557972605680824,96,101,96,101,-1,4,-1,4,-1,4,-1,4,96,101,96,101,0.08323067666073247,,,,,,,,
1786685400,39.189145478918775,39.30554009,39.15597563,39.2407288225,38.8440824396107,39.27693291726198,39.25451221316187,39.189145478918775,39.30554009,39.15597563,39.2407288225,,,,33.92852726785425,33.50158326920872,33.92852726785425,33.50158326920872,35.43843483657505,35.998203721127936,35.43843483657505,35.998203721127936,96,101,96,101,-1,4,-1,4,-1,4,-1,4,96,101,96,101,0.06791907524780169,,,,,,,,
1786686000,39.21493715070939,39.23574334,39.14600466,39.190874002499996,38.84753310192801,39.27087911761912,39.255318688161864,39.21493715070939,39.23574334,39.14600466,39.190874002499996,,,,33.75710836783322,33.53808685472651,33.75710836783322,33.53808685472651,34.923814456444056,35.461009088786,34.923814456444056,35.461009088786,96,101,96,101,-1,4,-1,4,-1,4,-1,4,96,101,96,101,0.06023788160270027,,,,,,,,
1786686600,39.20290557660469,39.35539491,39.15597563,39.243221565,38.85147030056554,39.26957339619055,39.256711690514805,39.20290557660469,39.35539491,39.15597563,39.243221565,,,,33.836787184680375,33.5807583304342,33.836787184680375,33.5807583304342,34.888413548327634,35.17471131855682,34.888413548327634,35.17471131855682,96,101,96,101,-1,4,-1,4,-1,4,-1,4,96,101,96,101,0.04579790972975942,,,,,,,,
1786687200,39.223063570802346,39.33545298,39.21580141,39.2806126775,38.85574037396787,39.27954436023817,39.2586179042648,39.223063570802346,39.33545298,39.21580141,39.2806126775,,,,34.08138429097391,33.652276324797015,34.08138429097391,33.652276324797015,35.104142131524654,35.139426725040735,35.104142131524654,35.139426725040735,96,101,96,101,-1,4,-1,4,-1,4,-1,4,96,101,96,101,0.04037668140661628,,,,,,,,
1786687800,39.25183812415118,39.34542394,39.25183812415118,39.298061865,38.86014158283386,39.297943162738164,39.26191712036775,39.25183812415118,39.34542394,39.25183812415118,39.298061865,,,,34.38812801196393,33.75739799439229,34.38812801196393,33.75739799439229,35.48923432632156,35.31433052568114,35.48923432632156,35.31433052568114,96,101,96,101,-1,4,-1,4,-1,4,-1,4,96,101,96,101,0.04048203596638298,,,,,,,,
1786688400,39.27494999457559,39.35539491,39.26565623,39.318003792499994,38.86469742571611,39.32192095726197,39.268002341029515,39.27494999457559,39.35539491,39.26565623,39.318003792499994,,,,34.76395327550828,33.90119160598029,34.76395327550828,33.90119160598029,35.97770738740324,35.64601895654219,35.97770738740324,35.64601895654219,96,101,96,101,-1,4,-1,4,-1,4,-1,4,96,101,96,101,0.033871968495868404,,,,,,,,
1786689000,39.29647689353779,39.35539491,39.26565623,39.315511050000005,38.86918313342043,39.3303487958334,39.27291450705893,39.29647689353779,39.35539491,39.26565623,39.315511050000005,,,,35.101559894199085,34.072672790011545,35.101559894199085,34.072672790011545,36.426588907376114,36.036303931959154,36.426588907376114,36.036303931959154,96,101,96,101,-1,4,-1,4,-1,4,-1,4,96,101,96,101,0.04306810184718633,,,,,,,,
1786689600,39.3059939717689,39.31551105,39.28559816,39.3055400875,38.87352499366003,39.31064427178579,39.276140407205986,39.3059939717689,39.31551105,39.28559816,39.3055400875,,,,35.36955585594582,34.257941799430725,35.36955585594582,34.257941799430725,36.75592100826704,36.396112470113096,36.75592100826704,36.396112470113096,96,101,96,101,-1,4,-1,4,-1,4,-1,4,96,101,96,101,0.05097362266224867,,,,,,,,
1786690200,39.30576702963445,39.36536587,39.30554009,39.33296024,38.87809648864848,39.285004650238164,39.27914635970598,39.30576702963445,39.36536587,39.30554009,39.33296024,,,,35.74352299544419,34.47016768457551,35.74352299544419,34.47016768457551,37.265271001665184,36.83069173588914,37.265271001665184,36.83069173588914,96,101,96,101,-1,4,-1,4,-1,4,-1,4,96,101,96,101,0.047325145309264904,,,,,,,,
1786930200,39.31936363481722,39.39527876,38.79702092,39.178410295,38.881084685726606,39.265656231904835,39.276213723161874,39.31936363481722,39.39527876,38.79702092,39.178410295,,,,35.38559165040738,34.6009425368372,35.38559165040738,34.6009425368372,36.28900172612846,36.559846731008804,36.28900172612846,36.559846731008804,96,101,96,101,-1,4,-1,4,-1,4,-1,4,96,101,96,101,0.024381938856821453,,,,,,,,
1786930800,39.24888696490861,39.55481419,39.03632406,39.3030473475,38.885283319177084,39.260314644047696,39.2751139844854,39.24888696490861,39.55481419,39.03632406,39.3030473475,,,,35.62192565780304,34.746797268403746,35.62192565780304,34.746797268403746,36.50646357079967,36.533155150904236,36.50646357079967,36.533155150904236,96,101,96,101,-1,4,-1,4,-1,4,-1,4,96,101,96,101,-0.00056780818272464,,,,,,,,
1786931400,39.2759671562043,39.73429154,39.2759671562043,39.56229241,38.89201972804099,39.272066137381024,39.2829587869854,39.2759671562043,39.73429154,39.2759671562043,39.56229241,,,,37.02427219589635,35.07215082947412,37.02427219589635,35.07215082947412,38.453550964959724,37.493353057931984,38.453550964959724,37.493353057931984,96,101,96,101,-1,4,-1,4,-1,4,-1,4,96,101,96,101,0.030723388787759893,,,,,,,,
1786932000,39.41912978310215,39.72432058,39.40524973,39.564785155,38.89871391139382,39.284648544523876,39.29307638294127,39.41912978310215,39.72432058,39.40524973,39.564785155,,,,38.337825118704835,35.538675727935654,38.337825118704835,35.538675727935654,40.61063331357687,39.05199318575443,40.61063331357687,39.05199318575443,96,101,96,101,-1,4,-1,4,-1,4,-1,4,96,101,96,101,0.0659693381422472,,,,,0.0659693381422472,,0.0659693381422472,
1786932600,39.49195746905107,39.55481419,39.35539491,39.4251916575,38.90395249593219,39.28702258369054,39.298061864926574,39.49195746905107,39.55481419,39.35539491,39.4251916575,,,,38.92061015155154,36.02180921702364,38.92061015155154,36.02180921702364,41.68256333348201,40.36727825961822,41.68256333348201,40.36727825961822,96,101,96,101,-1,4,-1,4,-1,4,-1,4,96,101,96,101,0.05105180972063657,,,,,,,,
1786933200,39.45857456327553,39.45857456327553,39.20583045,39.3204965325,38.908097212713955,39.28832830500007,39.2981351807354,39.45857456327553,39.45857456327553,39.20583045,39.3204965325,,,,38.98406066260443,36.444987994963746,38.98406066260443,36.444987994963746,41.70964073745361,41.038459498535914,41.70964073745361,41.038459498535914,96,101,96,101,-1,4,-1,4,-1,4,-1,4,96,101,96,101,0.024326523277203617,,,,,,,,
1786933800,39.38953554788777,39.40524973,39.23574334,39.313018312500006,38.91212627838347,39.29295768119056,39.2993815512501,39.38953554788777,39.40524973,39.23574334,39.313018312500006,,,,39.00885707900214,36.81125500696923,39.00885707900214,36.81125500696923,41.536816865651865,41.287638182093886,41.536816865651865,41.287638182093886,96,101,96,101,-1,4,-1,4,-1,4,-1,4,96,101,96,101,-0.0051503093893775775,,,,,,,,
1786934400,39.35127693019389,39.41522069,39.33545298,39.38281506,38.916809748847314,39.30435306869055,39.30854604029422,39.35127693019389,39.41522069,39.33545298,39.38281506,,,,39.3503536576913,37.173983385643815,39.3503536576913,37.173983385643815,41.773813994289874,41.530726088191884,41.773813994289874,41.530726088191884,96,101,96,101,-1,4,-1,4,-1,4,-1,4,96,101,96,101,-0.028011891373459476,,,,,,,,
1786935000,39.367045995096944,39.50495937,39.367045995096944,39.447626327500004,38.92209150584883,39.31420533083341,39.32430896132363,39.367045995096944,39.50495937,39.367045995096944,39.447626327500004,,,,39.96318101497877,37.57244018983452,39.96318101497877,37.57244018983452,42.463760591687624,41.99724333993976,42.463760591687624,41.99724333993976,96,101,96,101,-1,4,-1,4,-1,4,-1,4,96,101,96,101,-0.039193648457629876,,,,,,,,
1786935600,39.407336161298474,39.51493033,39.36536587,39.430177137499996,38.92714708427322,39.32358278511912,39.342417991617744,39.407336161298474,39.51493033,39.36536587,39.430177137499996,,,,40.452617141621126,37.98389404008975,40.452617141621126,37.98389404008975,43.080116029381266,42.53867968466051,43.080116029381266,42.53867968466051,96,101,96,101,-1,4,-1,4,-1,4,-1,4,96,101,96,101,-0.049706154922794864,,,,,,,,
1786936200,39.418756649399235,39.418756649399235,39.26565623,39.340438462499996,38.93125943629538,39.332366729642935,39.3483565805148,39.418756649399235,39.418756649399235,39.26565623,39.340438462499996,,,,40.497630401701194,38.34299923460567,40.497630401701194,38.34299923460567,42.3817758849147,42.460227784787605,42.3817758849147,42.460227784787605,96,101,96,101,-1,4,-1,4,-1,4,-1,4,96,101,96,101,-0.06727150557727785,,,,,,,,
1786936800,39.379597555949616,39.41522069,39.32548202,39.36038039,38.93552929653124,39.34067586619055,39.337799089264806,39.379597555949616,39.41522069,39.32548202,39.36038039,,,,40.630420237257795,38.66977366355598,40.630420237257795,38.66977366355598,41.89433685287752,42.17728231883257,41.89433685287752,42.17728231883257,96,101,96,101,-1,4,-1,4,-1,4,-1,4,96,101,96,101,-0.08039013698582947,,,,,,,,
1786942800,39.36998897297481,39.40524973,39.29556912,39.352902165,38.9396822603966,39.346017453928646,39.32254937963245,39.36998897297481,39.40524973,39.29556912,39.352902165,,,,40.71960314645188,38.962606446826825,40.71960314645188,38.962606446826825,43.82919555158107,43.003238935206824,43.82919555158107,43.003238935206824,96,101,96,101,-1,4,-1,4,-1,4,-1,4,96,101,96,101,-0.1082745105801481,,,,,,,,
1786943400,39.361445568987406,39.47504648,39.35539491,39.395278765,38.94421555894987,39.35575101404769,39.316977370367745,39.361445568987406,39.47504648,39.35539491,39.395278765,,,,40.99577345910406,39.25305887715215,40.99577345910406,39.25305887715215,46.70486760378737,44.8540532694971,46.70486760378737,44.8540532694971,96,101,96,101,-1,4,-1,4,-1,4,-1,4,96,101,96,101,-0.1322927361855588,-0.1322927361855588,,-0.1322927361855588,,,,,
1786944000,39.3783621669937,39.43516262,39.33545298,39.372844095,38.948480519507584,39.36192351547626,39.315730999853045,39.3783621669937,39.43516262,39.33545298,39.372844095,,,,41.14985152934128,39.524029256036314,41.14985152934128,39.524029256036314,48.90214836716785,46.87810081833247,48.90214836716785,46.87810081833247,96,101,96,101,-1,4,-1,4,-1,4,-1,4,96,101,96,101,-0.1275558320090286,,,,,,,,
1786944600,39.37560313099685,39.43516262,39.33545298,39.375336835,38.952727846029894,39.36643418964294,39.31749058176481,39.37560313099685,39.43516262,39.33545298,39.375336835,,,,41.304297994897745,39.778353361587946,41.304297994897745,39.778353361587946,50.79231889238169,48.83520985535708,50.79231889238169,48.83520985535708,96,101,96,101,-1,4,-1,4,-1,4,-1,4,96,101,96,101,-0.12776086998218286,,,,,,,,
1786945200,39.375469982998425,39.51493033,39.375469982998425,39.4426408425,38.957602602213676,39.373318902857214,39.3216695887501,39.375469982998425,39.51493033,39.375469982998425,39.4426408425,,,,41.75480993318388,40.060704300387364,41.75480993318388,40.060704300387364,53.187541035287985,51.01137544532253,53.187541035287985,51.01137544532253,96,101,96,101,-1,4,-1,4,-1,4,-1,4,96,101,96,101,-0.13171853404869038,,,,,,,,
1786945800,39.40905541274921,39.57475612,39.40905541274921,39.5124375925,38.96312334838568,39.38257765523817,39.32570196397069,39.40905541274921,39.57475612,39.40905541274921,39.5124375925,,,,42.49161379360515,40.407977085132764,42.49161379360515,40.407977085132764,56.05325264001852,53.53231404267052,56.05325264001852,53.53231404267052,96,101,96,101,-1,4,-1,4,-1,4,-1,4,96,101,96,101,-0.12616821235390752,,,,,,,,
1786946400,39.4607465026246,39.64455286,39.4607465026246,39.5747561175,38.96920924658582,39.39492265845246,39.33398666198539,39.4607465026246,39.64455286,39.4607465026246,39.5747561175,,,,43.46013821504342,40.84400010369143,43.46013821504342,40.84400010369143,59.41742862064517,56.474871331657845,59.41742862064517,56.474871331657845,96,101,96,101,-1,4,-1,4,-1,4,-1,4,96,101,96,101,-0.11819601905112259,,,,,,,,
1786947000,39.5177513100623,39.68443672,39.5177513100623,39.637074642500004,38.975854673410836,39.41071001821437,39.34637705110304,39.5177513100623,39.68443672,39.5177513100623,39.637074642500004,,,,44.643831728854636,41.38683319300046,44.643831728854636,41.38683319300046,63.15007070742713,59.812471019542485,63.15007070742713,59.812471019542485,96,101,96,101,-1,4,-1,4,-1,4,-1,4,96,101,96,101,-0.10959413562740061,,,,,,,,
1786947600,39.57741297628115,39.72432058,39.57741297628115,39.684436722499996,38.98290524106346,39.42744699357151,39.362286604044215,39.57741297628115,39.72432058,39.57741297628115,39.684436722499996,,,,45.95908126075221,42.040011488393574,45.95908126075221,42.040011488393574,67.12355363144147,63.468012325491976,67.12355363144147,63.468012325491976,96,101,96,101,-1,4,-1,4,-1,4,-1,4,96,101,96,101,-0.09639317629849735,,,,,,,,
1786948200,39.630924849390574,39.71434961,39.60466901,39.679451237500004,38.98983604699816,39.45130608607151,39.375190204485385,39.630924849390574,39.71434961,39.60466901,39.679451237500004,,,,47.15763643117056,42.77110076593315,47.15763643117056,42.77110076593315,70.71481587985429,67.09141410267313,70.71481587985429,67.09141410267313,96,101,96,101,-1,4,-1,4,-1,4,-1,4,96,101,96,101,-0.08818340268470226,,,,,,,,
1786948800,39.65518804344529,39.85394311,39.65518804344529,39.7766681375,38.997665222028026,39.47385945702389,39.39117307330892,39.65518804344529,39.85394311,39.65518804344529,39.7766681375,,,,48.714165599326755,43.62011002784652,48.714165599326755,43.62011002784652,73.40604783092013,70.24873096679663,73.40604783092013,70.24873096679663,96,101,96,101,-1,4,-1,4,-1,4,-1,4,96,101,96,101,-0.08473549135297813,,,,,,,,
1786949400,39.715928090472644,39.95365275,39.715928090472644,39.883856,39.006483040714315,39.48917200892865,39.41258131955892,39.715928090472644,39.95365275,39.715928090472644,39.883856,,,,50.64859509241994,44.62417932278559,50.64859509241994,44.62417932278559,75.68588864659024,72.96730980669344,75.68588864659024,72.96730980669344,96,101,96,101,-1,4,-1,4,-1,4,-1,4,96,101,96,101,-0.07447887104356338,,,,,,,,
1787016600,39.79989204523632,40.36246227,39.79989204523632,40.10820269,39.01744542528432,39.51504903440484,39.43970820683833,39.79989204523632,40.36246227,39.79989204523632,40.10820269,,,,53.083019661575996,45.83258508546993,53.083019661575996,45.83258508546993,76.177682689263,74.57249624797822,76.177682689263,74.57249624797822,96,101,96,101,-1,4,-1,4,-1,4,-1,4,96,101,96,101,-0.050982604751245435,,,,,,,,
1787017200,39.95404736761816,40.23283974,39.58472708,39.9037979275,39.02626485316706,39.53783980916675,39.45921023933833,39.95404736761816,40.23283974,39.58472708,39.9037979275,,,,54.466738967429514,47.06603564003559,54.466738967429514,47.06603564003559,75.50515801146997,75.0388271297241,75.50515801146997,75.0388271297241,96,101,96,101,-1,4,-1,4,-1,4,-1,4,96,101,96,101,-0.020304573873754218,,,,,-0.020304573873754218,-0.020304573873754218,-0.020304573873754218,
1787017800,39.92892264755908,39.92892264755908,39.50495937,39.60965449,39.032069725175354,39.55160923571436,39.47152731250009,39.92892264755908,39.92892264755908,39.50495937,39.60965449,,,,54.489858993762155,48.1265818334251,54.489858993762155,48.1265818334251,73.10887207979457,74.07384960475933,73.10887207979457,74.07384960475933,96,101,96,101,-1,4,-1,4,-1,4,-1,4,96,101,96,101,-0.03144020174608441,,,,,,,,
1787018400,39.76928856877954,39.81405925,39.6345819,39.719335095,39.038908186566644,39.57095765392865,39.485530651617744,39.76928856877954,39.81405925,39.6345819,39.719335095,,,,54.98181518960309,49.10590088430767,54.98181518960309,49.10590088430767,71.19086024699456,72.63235492587694,71.19086024699456,72.63235492587694,96,101,96,101,-1,4,-1,4,-1,4,-1,4,96,101,96,101,-0.05825130688269519,,,,,,,,
1787019000,39.74431183188977,39.83400118,39.57475612,39.704378649999995,39.045529783217724,39.58627020583341,39.49799435669127,39.74431183188977,39.83400118,39.57475612,39.704378649999995,,,,55.37447426204959,50.00141136684223,55.37447426204959,50.00141136684223,69.37387565074988,71.00311528831341,69.37387565074988,71.00311528831341,96,101,96,101,-1,4,-1,4,-1,4,-1,4,96,101,96,101,-0.058073858359462535,,,,,,,,
1787019600,39.724345240944885,39.724345240944885,39.46507551,39.5672778925,39.05072130669317,39.59196789940484,39.505912475147156,39.724345240944885,39.724345240944885,39.46507551,39.5672778925,,,,55.15097675258,50.737063564804764,55.15097675258,50.737063564804764,66.87924461671992,68.94117995251666,66.87924461671992,68.94117995251666,96,101,96,101,-1,4,-1,4,-1,4,-1,4,96,101,96,101,-0.05207868249311048,,,,,,,,
1787020200,39.64581156672244,39.64581156672244,39.44513358,39.490002922500004,39.05509226804448,39.594816746309604,39.51097127308833,39.64581156672244,39.64581156672244,39.44513358,39.490002922500004,,,,54.61196345826927,51.290620692442545,54.61196345826927,51.290620692442545,64.13584888628257,66.53851441939962,64.13584888628257,66.53851441939962,96,101,96,101,-1,4,-1,4,-1,4,-1,4,96,101,96,101,-0.05888747351606169,,,,,,,,
1787020800,39.56790724461122,39.56790724461122,39.20583045,39.3529021675,39.05805555062613,39.59541025607151,39.51207101183832,39.56790724461122,39.56790724461122,39.20583045,39.3529021675,,,,53.52334161896339,51.60958082480267,53.52334161896339,51.60958082480267,60.56277927792225,63.55064684866093,60.56277927792225,63.55064684866093,96,101,96,101,-1,4,-1,4,-1,4,-1,4,96,101,96,101,-0.06754064378890137,,,,,,,,
1787021400,39.46040470605561,39.46040470605561,38.95655635,39.0986425875,39.0584594017393,39.58294655119056,39.50598579125009,39.46040470605561,39.46040470605561,38.95655635,39.0986425875,,,,51.421802701079734,51.58275537855654,51.421802701079734,51.58275537855654,55.724659234071176,59.63765304136605,55.724659234071176,59.63765304136605,96,101,96,101,-1,4,-1,4,-1,4,-1,4,96,101,96,101,-0.08074532968150906,,,,,,,,
1787022000,39.279523646777804,39.279523646777804,38.95655635,39.01388939,39.05801591903543,39.56680308571436,39.496601354485385,39.279523646777804,39.279523646777804,38.95655635,39.01388939,,,,49.10681509423353,51.229049623653246,49.10681509423353,51.229049623653246,50.608062078664496,55.12285756001528,50.608062078664496,55.12285756001528,96,101,96,101,-1,4,-1,4,-1,4,-1,4,96,101,96,101,-0.09263603452812612,,,,,,,,
1787022600,39.1467065183889,39.15597563,38.94658538,39.0562659875,39.057998506781345,39.55065962011912,39.49300887485304,39.1467065183889,39.15597563,38.94658538,39.0562659875,,,,47.13896304549143,50.6447515410587,47.13896304549143,50.6447515410587,44.64736088510558,49.88510922256043,44.64736088510558,49.88510922256043,96,101,96,101,-1,4,-1,4,-1,4,-1,4,96,101,96,101,-0.10675822588273755,,,,,,,,
1787023200,39.101486252944454,39.21580141,39.08617888,39.13852644,39.058799779748696,39.53950163654769,39.488170024632446,39.101486252944454,39.21580141,39.08617888,39.13852644,,,,45.66453755198221,49.93329239976207,45.66453755198221,49.93329239976207,40.18134346201673,45.03322634228858,40.18134346201673,45.03322634228858,96,101,96,101,-1,4,-1,4,-1,4,-1,4,96,101,96,101,-0.11489256808942218,-0.11489256808942218,-0.11489256808942218,-0.11489256808942218,,,,,
1787029200,39.12000634647222,39.16594659,39.00641117,39.0911643625,39.059121815397965,39.525969614047696,39.474313317353044,39.12000634647222,39.16594659,39.00641117,39.0911643625,,,,43.74491409688709,49.04923835649421,43.74491409688709,49.04923835649421,35.93798452466713,40.48560543347786,35.93798452466713,40.48560543347786,96,101,96,101,-1,4,-1,4,-1,4,-1,4,96,101,96,101,-0.1100222674378314,,,,,,,,
1787029800,39.10558535448611,39.14600466,38.98646924,39.09116435999999,39.05944064668754,39.50923263869055,39.46038329397068,39.10558535448611,39.14600466,38.98646924,39.09116435999999,,,,41.96240659146306,48.03683381863261,41.96240659146306,48.03683381863261,32.191236228943716,36.33842083121078,32.191236228943716,36.33842083121078,96,101,96,101,-1,4,-1,4,-1,4,-1,4,96,101,96,101,-0.11012188103096841,,,,,,,,
1787030400,39.09837485724305,39.20583045,39.00641117,39.1036280675,39.05988032251652,39.48976551845245,39.45092554132362,39.09837485724305,39.20583045,39.00641117,39.1036280675,,,,40.364090943757276,46.94072769365042,40.364090943757276,46.94072769365042,29.176455030373823,32.75743793079231,29.176455030373823,32.75743793079231,96,101,96,101,-1,4,-1,4,-1,4,-1,4,96,101,96,101,-0.10244647116359587,,,,,,,,
1787031000,39.10100146237153,39.11609177,38.9964402,39.0587587275,39.0598691623671,39.465194214166736,39.44322737058832,39.10100146237153,39.11609177,38.9964402,39.0587587275,,,,38.67520911643662,45.75993932547703,38.67520911643662,45.75993932547703,26.215363379632073,29.48640065521219,26.215363379632073,29.48640065521219,96,101,96,101,-1,4,-1,4,-1,4,-1,4,96,101,96,101,-0.09783554109263798,,,,,-0.09783554109263798,,-0.09783554109263798,
1787031600,39.07988009493576,39.07988009493576,38.97649828,39.038816805,39.05965968617439,39.436705745714356,39.43516262036774,39.07988009493576,39.07988009493576,38.97649828,39.038816805,,,,37.01596991982801,44.51080083895574,37.01596991982801,44.51080083895574,23.440866350470657,26.463633502841425,23.440866350470657,26.463633502841425,96,101,96,101,-1,4,-1,4,-1,4,-1,4,96,101,96,101,-0.10934295794665552,,,,,,,,
1787032200,39.059348449967885,39.08617888,38.97649828,39.021367615,39.05927867054081,39.4051310263096,39.424531813161856,39.059348449967885,39.08617888,38.97649828,39.021367615,,,,35.39562996070973,43.20863357063489,35.39562996070973,43.20863357063489,20.963582553385354,23.71360802811339,20.963582553385354,23.71360802811339,96,101,96,101,-1,4,-1,4,-1,4,-1,4,96,101,96,101,-0.11854499626447051,,,,,,,,
1787032800,39.040358032483944,39.07620792,38.94658538,38.99145472,39.0586038053613,39.37236928738102,39.411115001176555,39.040358032483944,39.07620792,38.94658538,38.99145472,,,,33.7545408404802,41.8580488948985,33.7545408404802,41.8580488948985,18.60066781283824,21.157137920475815,18.60066781283824,21.157137920475815,96,101,96,101,-1,4,-1,4,-1,4,-1,4,96,101,96,101,-0.11532320404165836,,,,,,,,
1787033400,39.01590637624197,39.01590637624197,38.90670153,38.9615418275,39.05763801453681,39.33355374880959,39.39733160970597,39.01590637624197,39.01590637624197,38.90670153,38.9615418275,,,,32.09418465348305,40.46321114612487,32.09418465348305,40.46321114612487,16.587354613540278,18.872246267008045,16.587354613540278,18.872246267008045,96,101,96,101,-1,4,-1,4,-1,4,-1,4,96,101,96,101,-0.11581931989350247,,,,,,,,
1787034000,38.988724101870986,39.20583045,38.97649828,39.0886716225,39.05794680665585,39.29568782607149,39.38992670264715,38.988724101870986,39.20583045,38.97649828,39.0886716225,,,,31.13249814794454,39.13025214638482,31.13249814794454,39.13025214638482,15.817069961109816,17.34465811405893,15.817069961109816,17.34465811405893,96,101,96,101,-1,4,-1,4,-1,4,-1,4,96,101,96,101,-0.12275080337281594,,,,,,,,
1787034600,39.038697862185494,39.21580141,39.038697862185494,39.16345385,39.05899662798266,39.25069978607149,39.38413474558833,39.038697862185494,39.21580141,39.038697862185494,39.16345385,,,,30.580722814079625,37.90889081319836,30.580722814079625,37.90889081319836,15.690094053968338,16.517376084013634,15.690094053968338,16.517376084013634,96,101,96,101,-1,4,-1,4,-1,4,-1,4,96,101,96,101,-0.12413699199493068,,,,,,,,
1787035200,39.10107585609275,39.12606274,39.00641117,39.066236955,39.05906867103756,39.21081593023816,39.37570341588245,39.10107585609275,39.12606274,39.00641117,39.066236955,,,,29.624774945537236,36.725445689246776,29.624774945537236,36.725445689246776,15.082586216929991,15.799981150471812,15.082586216929991,15.799981150471812,96,101,96,101,-1,4,-1,4,-1,4,-1,4,96,101,96,101,-0.12443938101610277,,,,,,,,
1787035800,39.08365640554638,39.08365640554638,38.9964402,39.0288458375,39.058767946325744,39.18315837535721,39.36492597683832,39.08365640554638,39.08365640554638,38.9964402,39.0288458375,,,,28.56649941128395,35.559881935252086,28.56649941128395,35.559881935252086,14.278107850870976,15.039044500671395,14.278107850870976,15.039044500671395,96,101,96,101,-1,4,-1,4,-1,4,-1,4,96,101,96,101,-0.13091636030262827,-0.13091636030262827,,-0.13091636030262827,,,,,
1787103000,39.05625112152319,39.50495937,38.00931477,38.7546443275,39.05574184066579,39.13722071976198,39.346743630735375,39.05625112152319,39.50495937,38.00931477,38.7546443275,,,,28.78844436788192,34.59253371134206,28.78844436788192,34.59253371134206,17.13545454056798,16.087249520619686,17.13545454056798,16.087249520619686,96,101,96,101,-1,4,-1,4,-1,4,-1,4,96,101,96,101,-0.08465994238820658,,,,,,,,
1787103600,38.905447724511596,39.53487226,38.905447724511596,39.2656562325,39.05783054108205,39.116329176071496,39.34351773066185,38.905447724511596,39.53487226,38.905447724511596,39.2656562325,,,,30.54568623699641,34.01441264357839,30.54568623699641,34.01441264357839,21.766812235312813,18.92703087796625,21.766812235312813,18.92703087796625,96,101,96,101,-1,4,-1,4,-1,4,-1,4,96,101,96,101,0.033787884955154515,,,,,,,,
1787104200,39.0855519785058,39.17591756,38.7471661,38.993947462499996,39.05719488855884,39.08902772702388,39.330320866544206,39.0855519785058,39.17591756,38.7471661,38.993947462499996,,,,31.352652956058762,33.63416125964701,31.352652956058762,33.63416125964701,24.667402340123513,21.79721660904488,24.667402340123513,21.79721660904488,96,101,96,101,-1,4,-1,4,-1,4,-1,4,96,101,96,101,0.10412705051918227,,,,,,,,
1787104800,39.0397497205029,39.14600466,38.85684671,38.954063605,39.05616870663288,39.06350680714293,39.313898102205975,39.0397497205029,39.14600466,38.85684671,38.954063605,,,,31.980913815126478,33.39798305328693,31.980913815126478,33.39798305328693,27.098010272805894,24.447613440925387,27.098010272805894,24.447613440925387,96,101,96,101,-1,4,-1,4,-1,4,-1,4,96,101,96,101,0.11369833337197258,,,,,,,,
1787105400,38.99690666275145,38.99690666275145,38.70728225,38.83690478,39.05398697601962,39.038935502976265,39.2921965922795,38.99690666275145,38.99690666275145,38.70728225,38.83690478,,,,32.208669364061286,33.228081097683265,32.208669364061286,33.228081097683265,28.482235964543108,26.464924702734248,28.482235964543108,26.464924702734248,96,101,96,101,-1,4,-1,4,-1,4,-1,4,96,101,96,101,0.13307950877850006,,,,,,,,
1787106000,38.91690572137573,39.00641117,38.7471661,38.8344120375,39.05180215076072,39.02635309583341,39.26858886860303,38.91690572137573,39.00641117,38.7471661,38.8344120375,,,,32.41259006897832,33.11158237929685,32.41259006897832,33.11158237929685,29.62549269215945,28.04520869744685,29.62549269215945,28.04520869744685,96,101,96,101,-1,4,-1,4,-1,4,-1,4,96,101,96,101,0.14737107023259652,,,,,,,,
1787106600,38.875658879437864,38.875658879437864,38.62751454,38.71226773,39.048423698812854,39.01199015964293,39.23999566294127,38.875658879437864,38.875658879437864,38.62751454,38.71226773,,,,32.23118230131694,32.985810939585434,32.23118230131694,32.985810939585434,29.954700645864655,28.99995467165575,29.954700645864655,28.99995467165575,96,101,96,101,-1,4,-1,4,-1,4,-1,4,96,101,96,101,0.14991968162688435,,,,,0.14991968162688435,,0.14991968162688435,
1787107200,38.79396330471893,38.96652731,38.61754357,38.7446733625,39.045401307406756,38.99715241559531,39.2125021960295,38.79396330471893,38.96652731,38.61754357,38.7446733625,,,,32.161097847428564,32.86799478356302,32.161097847428564,32.86799478356302,30.314602331118945,29.657278501387346,30.314602331118945,29.657278501387346,96,101,96,101,-1,4,-1,4,-1,4,-1,4,96,101,96,101,0.13216497543459169,,,,,,,,
1787107800,38.76931833360946,38.90670153,38.65742743,38.747166105,39.042433792954945,38.97851620916674,39.182222724485385,38.76931833360946,38.90670153,38.65742743,38.747166105,,,,32.10358601648322,32.75879353112305,32.10358601648322,32.75879353112305,30.575006284500063,30.116142392943704,30.575006284500063,30.116142392943704,96,101,96,101,-1,4,-1,4,-1,4,-1,4,96,101,96,101,0.12352702542750377,,,,,,,,
1787108400,38.758242219304734,38.758242219304734,38.44803718,38.575166975,39.03778437188077,38.95394490500007,39.14373187080892,38.758242219304734,38.758242219304734,38.44803718,38.575166975,,,,31.52808773854689,32.582978417897884,31.52808773854689,32.582978417897884,29.93259222729939,30.024367310121548,29.93259222729939,30.024367310121548,96,101,96,101,-1,4,-1,4,-1,4,-1,4,96,101,96,101,0.12280126450809095,,,,,,,,
1787109000,38.66670459715237,38.66670459715237,38.34832754,38.4106460675,39.03154418974763,38.92153927202388,39.09380373485303,38.66670459715237,38.66670459715237,38.34832754,38.4106460675,,,,30.494301801937585,32.284596044189264,30.494301801937585,32.284596044189264,28.812956508387355,29.418661909254453,28.812956508387355,29.418661909254453,96,101,96,101,-1,4,-1,4,-1,4,-1,4,96,101,96,101,0.10593828524719041,,,,,,,,
1787109600,38.53867533232618,38.53867533232618,38.23864694,38.330878354999996,39.024572390396905,38.88474166666674,39.047541394485386,38.53867533232618,38.53867533232618,38.23864694,38.330878354999996,,,,29.292226965408588,31.857114747220596,29.292226965408588,31.857114747220596,27.57118735101449,28.49492463013447,27.57118735101449,28.49492463013447,96,101,96,101,-1,4,-1,4,-1,4,-1,4,96,101,96,101,0.09057438946666208,,,,,,,,
1787115600,38.43477684366309,38.43477684366309,38.14890826,38.261081605,39.01697546715913,38.84675704178579,39.00787748610304,38.43477684366309,38.43477684366309,38.14890826,38.261081605,,,,27.96415020399241,31.300976955330857,27.96415020399241,31.300976955330857,25.971871857796867,27.233398243965667,25.971871857796867,27.233398243965667,96,101,96,101,-1,4,-1,4,-1,4,-1,4,96,101,96,101,0.09611836882724231,,,,,,,,
1787116200,38.347929224331544,38.347929224331544,38.04919862,38.11650263,39.008015538431174,38.802837319166734,38.9607353547795,38.347929224331544,38.347929224331544,38.04919862,38.11650263,,,,26.29207409127986,30.585419403323574,26.29207409127986,30.585419403323574,23.72015406044188,25.476776152203776,23.72015406044188,25.476776152203776,96,101,96,101,-1,4,-1,4,-1,4,-1,4,96,101,96,101,0.10240029096503872,,,,,,,,
1787116800,38.23221592716577,38.5278049,38.07911152,38.25858887,39.00055855665574,38.76651452178579,38.91821212595598,38.23221592716577,38.5278049,38.07911152,38.25858887,,,,25.170727395973422,29.811891973702124,25.170727395973422,29.811891973702124,22.513506424290725,23.99514128824725,22.513506424290725,23.99514128824725,96,101,96,101,-1,4,-1,4,-1,4,-1,4,96,101,96,101,0.09171939667576187,,,,,,,,
1787117400,38.24540239858288,38.40815333,38.20873405,38.313429172499994,38.993721448355686,38.73422759095246,38.881334222426574,38.24540239858288,38.40815333,38.20873405,38.313429172499994,,,,24.295941786030713,29.02389908974906,24.295941786030713,29.02389908974906,21.815866747470064,22.905504017858657,21.815866747470064,22.905504017858657,96,101,96,101,-1,4,-1,4,-1,4,-1,4,96,101,96,101,0.08014309815617388,,,,,,,,
1787118000,38.27941578554144,38.39818236,38.22867598,38.2934872425,38.98675394381981,38.70241546785722,38.846142584779514,38.27941578554144,38.39818236,38.22867598,38.2934872425,,,,23.423108168687378,28.22378610102596,23.423108168687378,28.22378610102596,21.351294603833693,22.128399310846177,21.351294603833693,22.128399310846177,96,101,96,101,-1,4,-1,4,-1,4,-1,4,96,101,96,101,0.08611624385374715,,,,,,,,
1787118600,38.28645151402072,38.28645151402072,38.07911152,38.1688501925,38.97861559803553,38.658614447381034,38.811317526691276,38.28645151402072,38.28645151402072,38.07911152,38.1688501925,,,,22.234290511261786,27.36814387391679,22.234290511261786,27.36814387391679,20.06747299078735,21.097936150816764,20.06747299078735,21.097936150816764,96,101,96,101,-1,4,-1,4,-1,4,-1,4,96,101,96,101,0.09254582638996324,,,,,,,,
1787119200,38.22765085326036,38.22765085326036,38.06914055,38.114009890000005,38.970012556164534,38.608640925476266,38.78235774147069,38.22765085326036,38.22765085326036,38.06914055,38.114009890000005,,,,20.963923507953325,26.45325525020772,20.963923507953325,26.45325525020772,18.522714987407625,19.810325569112194,18.522714987407625,19.810325569112194,96,101,96,101,-1,4,-1,4,-1,4,-1,4,96,101,96,101,0.08975311218558991,,,,,,,,
1787119800,38.17083037163018,38.17083037163018,37.97940188,38.06166233,38.96097424545643,38.560804038571504,38.7543510632354,38.17083037163018,38.17083037163018,37.97940188,38.06166233,,,,19.713063452241716,25.49037070764115,19.713063452241716,25.49037070764115,16.882055848944745,18.34619070902847,16.882055848944745,18.34619070902847,96,101,96,101,-1,4,-1,4,-1,4,-1,4,96,101,96,101,0.0808232089762897,,,,,,,,
1787120400,38.11624635081509,38.11624635081509,37.90960513,37.9868801,38.95128176639716,38.51118662250008,38.72289853713246,38.11624635081509,38.11624635081509,37.90960513,37.9868801,,,,18.53001652482686,24.49603439581054,18.53001652482686,24.49603439581054,15.468556094379071,16.907373401703772,15.468556094379071,16.907373401703772,96,101,96,101,-1,4,-1,4,-1,4,-1,4,96,101,96,101,0.07164077564165343,,,,,,,,
1787121000,38.05156322540755,38.05156322540755,37.74009874,37.8373156375,38.94019752630863,38.46750430392865,38.684627631176575,38.05156322540755,38.05156322540755,37.74009874,37.8373156375,,,,17.471245650212634,23.49249314643941,17.471245650212634,23.49249314643941,14.559941686463265,15.733657544083519,14.559941686463265,15.733657544083519,96,101,96,101,-1,4,-1,4,-1,4,-1,4,96,101,96,101,0.06293500743309396,,,,,,,,
1787121600,37.94443943145377,38.0292567,37.69024392,37.889663202499996,38.929744448459786,38.401980826309604,38.64928936176481,37.94443943145377,38.0292567,37.69024392,37.889663202499996,,,,16.75634857993349,22.53018677979571,16.75634857993349,22.53018677979571,14.016530328787843,14.87509393643568,14.016530328787843,14.87509393643568,96,101,96,101,-1,4,-1,4,-1,4,-1,4,96,101,96,101,0.045601647424678315,,,,,,,,
1787122200,37.91705131697688,38.07911152,37.84977934,37.951981725,38.9200154661368,38.35236341023817,38.61578399014716,37.91705131697688,38.07911152,37.84977934,37.951981725,,,,16.25909340470495,21.634316297639884,16.25909340470495,21.634316297639884,14.025702247365732,14.450398091900706,14.025702247365732,14.450398091900706,96,101,96,101,-1,4,-1,4,-1,4,-1,4,96,101,96,101,0.04748927177248951,,,,,,,,
1787189400,37.93451652098844,38.22867598,37.16178283,37.6827657,38.90770452319017,38.29182541476198,38.57399392051481,37.93451652098844,38.22867598,37.16178283,37.6827657,,,,16.260390919980576,20.866612672259983,16.260390919980576,20.866612672259983,15.491398974077551,14.970898532989128,15.491398974077551,14.970898532989128,96,101,96,101,-1,4,-1,4,-1,4,-1,4,96,101,96,101,0.003004051086218179,,,,,,,,
1787190000,37.80864111049422,37.80864111049422,36.97233451,37.1543046025,38.89025775781017,38.211701596785794,38.51798056389716,37.80864111049422,37.80864111049422,36.97233451,37.1543046025,,,,15.482337785987298,20.097430545649598,15.482337785987298,20.097430545649598,15.549030072021297,15.259964302505214,15.549030072021297,15.259964302505214,96,101,96,101,-1,4,-1,4,-1,4,-1,4,96,101,96,101,-0.1254816298853519,,,,,,,,
1787190600,37.481472856497106,37.58056332,36.96236355,37.271463435,38.87415035161305,38.13727547285722,38.465999582426576,37.481472856497106,37.58056332,36.96236355,37.271463435,,,,15.025807167774985,19.37291292023894,15.025807167774985,19.37291292023894,15.277486448177378,15.268725375341296,15.277486448177378,15.268725375341296,96,101,96,101,-1,4,-1,4,-1,4,-1,4,96,101,96,101,-0.2166160016105437,-0.2166160016105437,,-0.2166160016105437,,,,,
1787191200,37.376468145748554,37.77001163,37.376468145748554,37.605490725,38.86152687274128,38.08457180595246,38.4243561444854,37.376468145748554,37.77001163,37.376468145748554,37.605490725,,,,15.3036035090589,18.791583004356077,15.3036035090589,18.791583004356077,16.34041582028874,15.804570597815019,16.34041582028874,15.804570597815019,96,101,96,101,-1,4,-1,4,-1,4,-1,4,96,101,96,101,-0.20108439036229792,,,,,,,,
1787191800,37.49097943537428,37.60050524,37.12189897,37.356216624999995,38.846548661320966,38.01845481845246,38.376260906397164,37.49097943537428,37.60050524,37.12189897,37.356216624999995,,,,15.037887375412154,18.255340771649802,15.037887375412154,18.255340771649802,16.353972397172058,16.079271497493536,16.353972397172058,16.079271497493536,96,101,96,101,-1,4,-1,4,-1,4,-1,4,96,101,96,101,-0.15837958389758586,,,,,,,,
1787192400,37.42359803018714,37.42359803018714,37.13186994,37.258999727500004,38.83075215451678,37.94758975285722,38.3261861387501,37.42359803018714,37.42359803018714,37.13186994,37.258999727500004,,,,14.586919715889891,17.731280620826958,14.586919715889891,17.731280620826958,15.889401856981987,15.984336677237762,15.889401856981987,15.984336677237762,96,101,96,101,-1,4,-1,4,-1,4,-1,4,96,101,96,101,-0.15746659560312642,,,,,,,,
1787193000,37.341298878843574,37.40108596,37.12189897,37.2639852075,38.81516243365094,37.88515252583341,38.2725188912501,37.341298878843574,37.40108596,37.12189897,37.2639852075,,,,14.178637425428716,17.223760164341495,14.178637425428716,17.223760164341495,15.374790510540162,15.679563593888961,15.374790510540162,15.679563593888961,96,101,96,101,-1,4,-1,4,-1,4,-1,4,96,101,96,101,-0.16293237068287125,,,,,,,,
1787193600,37.30264204317179,37.30264204317179,37.12189897,37.17175379,38.798810108838495,37.826157655476266,38.21393947772069,37.30264204317179,37.30264204317179,37.12189897,37.17175379,,,,13.605760299388251,16.706903040776744,13.605760299388251,16.706903040776744,14.576552214978323,15.128057904433643,14.576552214978323,15.128057904433643,96,101,96,101,-1,4,-1,4,-1,4,-1,4,96,101,96,101,-0.17862417925771457,,,,,,,,
1787194200,37.23719791658589,37.32131825,37.17175379,37.21413039,38.783042151437115,37.772979180952454,38.159465755220694,37.23719791658589,37.32131825,37.17175379,37.21413039,,,,13.1628268538185,16.200606442639852,13.1628268538185,16.200606442639852,13.989907092927508,14.558982498680574,13.989907092927508,14.558982498680574,96,101,96,101,-1,4,-1,4,-1,4,-1,4,96,101,96,101,-0.1959185825880439,,,,,,,,
1787194800,37.225664153292946,37.23157958,37.05210222,37.1343626775,38.76663738055217,37.71932589869055,38.103745662279515,37.225664153292946,37.23157958,37.05210222,37.1343626775,,,,12.58395714913345,15.683942257853223,12.58395714913345,15.683942257853223,13.064513214736559,13.811747856708568,13.064513214736559,13.811747856708568,96,101,96,101,-1,4,-1,4,-1,4,-1,4,96,101,96,101,-0.19368699416514512,,,,,,,,
1787195400,37.18001341539647,37.18001341539647,36.90253776,36.99476918,38.74900685119344,37.66591002011913,38.05198462852951,37.18001341539647,37.18001341539647,36.90253776,36.99476918,,,,11.875510648269582,15.139880599341273,11.875510648269582,15.139880599341273,12.000716267035449,12.906232061872007,12.000716267035449,12.906232061872007,96,101,96,101,-1,4,-1,4,-1,4,-1,4,96,101,96,101,-0.1991501568535933,,,,,,,,
1787196000,37.08739129769823,37.21163765,36.97233451,37.09198608,38.732519082325844,37.6103575063096,37.988053153455986,37.08739129769823,37.21163765,36.97233451,37.09198608,,,,11.418367347336815,14.608235849054921,11.418367347336815,14.608235849054921,11.471029800527651,12.188630931199828,11.471029800527651,12.188630931199828,96,101,96,101,-1,4,-1,4,-1,4,-1,4,96,101,96,101,-0.20830268937853116,-0.20830268937853116,,-0.20830268937853116,,,,,
1787202000,37.089688688849115,37.391115,37.089688688849115,37.21413039,38.717410737128574,37.558009945238176,37.935705592500106,37.089688688849115,37.391115,37.089688688849115,37.21413039,,,,11.271075934244791,14.13149871836776,11.271075934244791,14.13149871836776,11.724872349025599,11.956751640112714,11.724872349025599,11.956751640112714,96,101,96,101,-1,4,-1,4,-1,4,-1,4,96,101,96,101,-0.18803724505804423,,,,,,,,
1787202600,37.15190953942456,37.15190953942456,37.01221837,37.09697156,38.70128696422182,37.50103300797627,37.88108523823539,37.15190953942456,37.15190953942456,37.01221837,37.09697156,,,,10.924900678503109,13.673413284101382,10.924900678503109,13.673413284101382,11.4042520404263,11.680501840269507,11.4042520404263,11.680501840269507,96,101,96,101,-1,4,-1,4,-1,4,-1,4,96,101,96,101,-0.16863159165416258,,,,,,,,
1787203200,37.124440549712276,37.21163765,37.08201512,37.1194062325,38.68554685743852,37.45105948607151,37.83057057507363,37.124440549712276,37.21163765,37.08201512,37.1194062325,,,,10.672976298695628,13.244779429043417,10.672976298695628,13.244779429043417,11.328964856234387,11.504733348251946,11.328964856234387,11.504733348251946,96,101,96,101,-1,4,-1,4,-1,4,-1,4,96,101,96,101,-0.16238708502593727,,,,,,,,
1787203800,37.12192339110614,37.1418409,36.92247969,37.0196965925,38.668971232911765,37.3989493290477,37.777196591397164,37.12192339110614,37.1418409,36.92247969,37.0196965925,,,,10.196092193190358,12.809252681064407,10.196092193190358,12.809252681064407,10.697462645004503,11.101097996628225,10.697462645004503,11.101097996628225,96,101,96,101,-1,4,-1,4,-1,4,-1,4,96,101,96,101,-0.1528759858556139,,,,,,,,
1787204400,37.07080999180307,37.20166668,36.93245066,37.049609485000005,38.65285818069374,37.35075633642865,37.72829487830892,37.07080999180307,37.20166668,36.93245066,37.049609485000005,,,,9.840083378118027,12.385085637786352,9.840083378118027,12.385085637786352,10.264853791178341,10.682975893903283,10.264853791178341,10.682975893903283,96,101,96,101,-1,4,-1,4,-1,4,-1,4,96,101,96,101,-0.1542852454135098,,,,,,,,
1787205000,37.06020973840154,37.13186994,36.92247969,37.027174815,38.63668222680624,37.305056084761986,37.67778021514715,37.06020973840154,37.13186994,36.92247969,37.027174815,,,,9.461746645364912,11.967465781726146,9.461746645364912,11.967465781726146,9.733955909187129,10.208465901545207,9.733955909187129,10.208465901545207,96,101,96,101,-1,4,-1,4,-1,4,-1,4,96,101,96,101,-0.14433819996020703,,,,,,,,
1787205600,37.04369227670077,37.04369227670077,36.7828862,36.900045025,38.61940225464897,37.260424150833416,37.62345312455892,37.04369227670077,37.04369227670077,36.7828862,36.900045025,,,,9.086389619544862,11.555883472843105,9.086389619544862,11.555883472843105,9.436763020652592,9.8226144610989,9.436763020652592,9.8226144610989,96,101,96,101,-1,4,-1,4,-1,4,-1,4,96,101,96,101,-0.1385755727583661,,,,,-0.1385755727583661,,-0.1385755727583661,
1787206200,36.97186865085038,37.05210222,36.88259584,36.929957914999996,38.602591863209675,37.214723899047705,37.575064622794216,36.97186865085038,37.05210222,36.88259584,36.929957914999996,,,,8.819090558217999,11.16491305646809,8.819090558217999,11.16491305646809,9.380940459717117,9.601777460408009,9.380940459717117,9.601777460408009,96,101,96,101,-1,4,-1,4,-1,4,-1,4,96,101,96,101,-0.14592547778460405,,,,,,,,
1787206800,36.950913282925185,36.950913282925185,36.83274102,36.8875813175,38.585527081660324,37.164038165357226,37.53026860073539,36.950913282925185,36.950913282925185,36.83274102,36.8875813175,,,,8.460894637495164,10.778624710900528,8.460894637495164,10.778624710900528,9.009518629326253,9.30564804486713,9.009518629326253,9.30564804486713,96,101,96,101,-1,4,-1,4,-1,4,-1,4,96,101,96,101,-0.1522144658027761,,,,,,,,
1787207400,36.91924730021259,37.02218933,36.88259584,36.94242162,38.5691777735841,37.12878368535722,37.48943163794127,36.91924730021259,37.02218933,36.88259584,36.94242162,,,,8.270623685699206,10.420338850157481,8.270623685699206,10.420338850157481,9.023274216575256,9.164461130721193,9.023274216575256,9.164461130721193,96,101,96,101,-1,4,-1,4,-1,4,-1,4,96,101,96,101,-0.15941580819302104,,,,,,,,
1787208000,36.9308344601063,37.02218933,36.9308344601063,36.9872909575,38.553437606259884,37.12083065464294,37.45196720713245,36.9308344601063,37.02218933,36.9308344601063,36.9872909575,,,,8.2104031423751,10.104633749045714,8.2104031423751,10.104633749045714,9.279962670928256,9.222211900824725,9.279962670928256,9.222211900824725,96,101,96,101,-1,4,-1,4,-1,4,-1,4,96,101,96,101,-0.16749805015448319,,,,,,,,
1787208600,36.959062708803145,36.98230548,36.91250873,36.96236355,38.53760602361053,37.10611161250009,37.41802194007363,36.959062708803145,36.98230548,36.91250873,36.96236355,,,,8.089784279865398,9.816798110591382,8.089784279865398,9.816798110591382,9.369257046178934,9.29573447350183,9.369257046178934,9.29573447350183,96,101,96,101,-1,4,-1,4,-1,4,-1,4,96,101,96,101,-0.17486848407353103,-0.17486848407353103,-0.17486848407353103,-0.17486848407353103,,,,,
1787275800,36.96071312940157,37.78995356,36.30427992,37.181724755,38.524114667703955,37.08593228059532,37.38634946610304,36.96071312940157,37.78995356,36.30427992,37.181724755,,,,9.451977823188837,9.764680926676732,9.451977823188837,9.764680926676732,13.323066335026386,11.309400404264107,13.323066335026386,11.309400404264107,96,101,96,101,-1,4,-1,4,-1,4,-1,4,96,101,96,101,-0.1320622310984394,,,,,,,,
1787276400,37.07121894220079,37.74009874,37.07121894220079,37.5232302725,38.51415561899546,37.09388531142866,37.36310832198539,37.07121894220079,37.74009874,37.07121894220079,37.5232302725,,,,11.471942374611283,10.008575419238811,11.471942374611283,10.008575419238811,18.798471543415225,15.053935973839666,18.798471543415225,15.053935973839666,96,101,96,101,-1,4,-1,4,-1,4,-1,4,96,101,96,101,-0.08324672104725298,,,,,,,,
1787277000,37.297224607350394,37.77001163,37.297224607350394,37.67279473,38.5057838688562,37.11358983535723,37.34485265985304,37.297224607350394,37.77001163,37.297224607350394,37.67279473,,,,13.678311568540137,10.532823440567572,13.678311568540137,10.532823440567572,25.033423873376034,20.04367992360785,25.033423873376034,20.04367992360785,96,101,96,101,-1,4,-1,4,-1,4,-1,4,96,101,96,101,-0.06615543698493408,,,,,,,,
1787277600,37.4850096686752,37.82983742,37.4850096686752,37.752562444999995,38.498289128320316,37.13685541809532,37.332608902573625,37.4850096686752,37.82983742,37.4850096686752,37.752562444999995,,,,15.903449812350788,11.300055779393746,15.903449812350788,11.300055779393746,31.528776622923317,25.786228273265586,31.528776622923317,25.786228273265586,96,101,96,101,-1,4,-1,4,-1,4,-1,4,96,101,96,101,-0.058620405333031755,,,,,,,,
1787278200,37.61878605683759,38.26855983,37.61878605683759,37.9744163925,38.493076464282304,37.17507744678579,37.32850321147069,37.61878605683759,38.26855983,37.61878605683759,37.9744163925,,,,18.460169888438063,12.322929223542934,18.460169888438063,12.322929223542934,38.5644308720033,32.17532957263444,38.5644308720033,32.17532957263444,96,101,96,101,-1,4,-1,4,-1,4,-1,4,96,101,96,101,-0.030481789184532586,,,,,,,,
1787278800,37.79660122466879,38.65742743,37.79660122466879,38.405660585,38.4922066545382,37.23181697988103,37.33862080720598,37.79660122466879,38.65742743,37.79660122466879,38.405660585,,,,21.787750344811524,13.675046526581303,21.787750344811524,13.675046526581303,44.639165977127604,38.40724777488102,44.639165977127604,38.40724777488102,96,101,96,101,-1,4,-1,4,-1,4,-1,4,96,101,96,101,0.04539185668329766,,,,,,,,
1787279400,38.10113090483439,38.777079,38.10113090483439,38.5452540825,38.492734489642295,37.29900228488104,37.355043571397154,38.10113090483439,38.777079,38.10113090483439,38.5452540825,,,,25.1862884611156,15.3195096600862,25.1862884611156,15.3195096600862,50.450122692229534,44.42868523355528,50.450122692229534,44.42868523355528,96,101,96,101,-1,4,-1,4,-1,4,-1,4,96,101,96,101,0.12958549760750215,,,,,,,,
1787280000,38.32319249366719,38.65742743,38.32319249366719,38.56021053,38.49340589302894,37.37354711107152,37.37630518588245,38.32319249366719,38.65742743,38.32319249366719,38.56021053,,,,28.375142641170868,17.18460008595544,28.375142641170868,17.18460008595544,55.84040873470871,50.134546984131994,55.84040873470871,50.134546984131994,96,101,96,101,-1,4,-1,4,-1,4,-1,4,96,101,96,101,0.16624745215575026,,,,,0.16624745215575026,,0.16624745215575026,
1787280600,38.4417015118336,38.78704996,38.29847272,38.49539926,38.493425727526166,37.440376310119134,37.39412095227951,38.4417015118336,38.78704996,38.29847272,38.49539926,,,,31.192923454019443,19.185789138536016,31.192923454019443,19.185789138536016,60.517993339177515,55.326270161654755,60.517993339177515,55.326270161654755,96,101,96,101,-1,4,-1,4,-1,4,-1,4,96,101,96,101,0.15402540008529458,,,,,,,,
1787281200,38.4685503859168,38.4685503859168,38.08908248,38.1987630825,38.49049376090899,37.48726358119056,37.401379227500094,38.4685503859168,38.4685503859168,38.08908248,38.1987630825,,,,33.153570015405116,21.181186406660174,33.153570015405116,21.181186406660174,63.268028571900466,59.29714936677761,63.268028571900466,59.29714936677761,96,101,96,101,-1,4,-1,4,-1,4,-1,4,96,101,96,101,0.1194496724868255,,,,,,,,
1787281800,38.333656734208404,38.333656734208404,37.93951802,38.061662330000004,38.48622678149696,37.533201236904844,37.4125232460295,38.333656734208404,38.333656734208404,37.93951802,38.061662330000004,,,,34.671039888273675,23.10830833260496,34.671039888273675,23.10830833260496,64.82706860170745,62.06210898424253,64.82706860170745,62.06210898424253,96,101,96,101,-1,4,-1,4,-1,4,-1,4,96,101,96,101,0.08565347183299249,,,,,,,,
1787282400,38.197659532104204,38.197659532104204,37.96943091,38.046705885,38.48185343924326,37.577358363214366,37.43877034257362,38.197659532104204,38.197659532104204,37.96943091,38.046705885,,,,36.0470502751205,24.956700038678605,36.0470502751205,24.956700038678605,65.85038063350474,63.956244808873635,65.85038063350474,63.956244808873635,96,101,96,101,-1,4,-1,4,-1,4,-1,4,96,101,96,101,0.06424979373022414,,,,,,,,
1787288400,38.1221827085521,38.1221827085521,37.54067946,37.802417265,38.47509288029556,37.61463077619056,37.45438663169127,38.1221827085521,38.1221827085521,37.54067946,37.802417265,,,,36.784650745220596,26.646407282470317,36.784650745220596,26.646407282470317,65.49813835579826,64.72719158233595,65.49813835579826,64.72719158233595,96,101,96,101,-1,4,-1,4,-1,4,-1,4,96,101,96,101,0.0415587101056044,,,,,,,,
1787289000,37.96229998677605,37.96229998677605,37.51076657,37.6129689475,38.46651453270556,37.64145741726198,37.45460657941186,37.96229998677605,37.96229998677605,37.51076657,37.6129689475,,,,37.412384022473766,28.184403959613665,37.412384022473766,28.184403959613665,64.35778081187937,64.54248619710765,64.35778081187937,64.54248619710765,96,101,96,101,-1,4,-1,4,-1,4,-1,4,96,101,96,101,-0.010598884167409731,,,,,,,,
1787289600,37.78763446713803,38.00931477,37.6403891,37.8198664525,38.460080223449786,37.679204638095314,37.46824333904422,37.78763446713803,38.00931477,37.6403891,37.8198664525,,,,38.5495946988462,29.66514549378974,38.5495946988462,29.66514549378974,63.85879108564946,64.20063864137856,63.85879108564946,64.20063864137856,96,101,96,101,-1,4,-1,4,-1,4,-1,4,96,101,96,101,-0.0312597132646613,-0.0312597132646613,,-0.0312597132646613,,,,,
1787290200,37.803750459819014,38.07911152,37.803750459819014,37.924561575,38.454751679684115,37.72799114047627,37.4878186875001,37.803750459819014,38.07911152,37.803750459819014,37.924561575,,,,40.079130769134984,31.15285767598192,40.079130769134984,31.15285767598192,63.958911197267746,64.07977491932316,63.958911197267746,64.07977491932316,96,101,96,101,-1,4,-1,4,-1,4,-1,4,96,101,96,101,0.0076612972213307515,,,,,,,,
1787290800,37.864156017409506,37.864156017409506,37.74009874,37.799924525,38.44823598660268,37.769418121904835,37.50358160860304,37.864156017409506,37.864156017409506,37.74009874,37.799924525,,,,41.16994668331606,32.583870391315365,41.16994668331606,32.583870391315365,63.50676276808727,63.793268843705214,63.50676276808727,63.793268843705214,96,101,96,101,-1,4,-1,4,-1,4,-1,4,96,101,96,101,0.02543237405039269,,,,,,,,
1787291400,37.832040271204754,37.832040271204754,37.65036006,37.774997115,38.441537092357876,37.81167601702389,37.52132405933833,37.832040271204754,37.832040271204754,37.65036006,37.774997115,,,,42.17519662302162,33.95405985298769,42.17519662302162,33.95405985298769,62.88464754335198,63.3389581935286,62.88464754335198,63.3389581935286,96,101,96,101,-1,4,-1,4,-1,4,-1,4,96,101,96,101,0.017283344446426117,,,,,,,,
1787292000,37.803518693102376,37.81986645,37.71018585,37.7725043725,38.43488005036924,37.851203767142934,37.53774682352952,37.803518693102376,37.81986645,37.71018585,37.7725043725,,,,43.10195492310003,35.260902005860885,43.10195492310003,35.260902005860885,62.36768371494391,62.85332095423625,62.36768371494391,62.85332095423625,96,101,96,101,-1,4,-1,4,-1,4,-1,4,96,101,96,101,0.016007990500377867,,,,,,,,
1787292600,37.78801153280119,37.91957609,37.7799826,37.83731564,38.4289341358382,37.891681132976274,37.55842191066186,37.78801153280119,37.91957609,37.7799826,37.83731564,,,,44.23096143097325,36.542339066591225,44.23096143097325,36.542339066591225,62.25096048685867,62.55214072054746,62.25096048685867,62.55214072054746,96,101,96,101,-1,4,-1,4,-1,4,-1,4,96,101,96,101,0.015016764081767598,,,,,,,,
1787293200,37.812663586400596,38.07911152,37.812663586400596,37.96444543,38.42431235767065,37.93939931773817,37.58694180036775,37.812663586400596,38.07911152,37.812663586400596,37.96444543,,,,45.847854895396445,37.87169847070626,45.847854895396445,37.87169847070626,62.69308068061882,62.62261070058314,62.69308068061882,62.62261070058314,96,101,96,101,-1,4,-1,4,-1,4,-1,4,96,101,96,101,0.017233765983909258,,,,,,,,
1787293800,37.8885545082003,38.03922766,37.84977934,37.951981724999996,38.41961255038039,37.97607822107151,37.61223578992657,37.8885545082003,38.03922766,37.84977934,37.951981724999996,,,,47.31339825298085,39.22051272531691,47.31339825298085,39.22051272531691,63.12750355813203,62.875057129357586,63.12750355813203,62.875057129357586,96,101,96,101,-1,4,-1,4,-1,4,-1,4,96,101,96,101,0.024190036212221506,,,,,,,,
1787294400,37.92026811660015,37.92026811660015,37.78995356,37.8497793425,38.41394256821243,37.991628176785795,37.63093134735305,37.92026811660015,37.92026811660015,37.78995356,37.8497793425,,,,48.38022666236367,40.52904328775215,48.38022666236367,40.52904328775215,63.09539098334511,62.98522405635135,63.09539098334511,62.98522405635135,96,101,96,101,-1,4,-1,4,-1,4,-1,4,96,101,96,101,0.02353205931980897,,,,,,,,
1787295000,37.88502372955007,37.88502372955007,37.79992452,37.8273446725,38.40810577323021,37.998987697857224,37.6524129094854,37.88502372955007,37.88502372955007,37.79992452,37.8273446725,,,,49.30630914988676,41.78293841091424,49.30630914988676,41.78293841091424,62.9465876092412,62.965905832796274,62.9465876092412,62.965905832796274,96,101,96,101,-1,4,-1,4,-1,4,-1,4,96,101,96,101,0.016688966807555623,,,,,,,,
1787535000,37.85618420102503,38.97649828,37.85618420102503,38.475457335,38.40877593802394,38.0334112640477,37.692296765441284,37.85618420102503,38.97649828,37.85618420102503,38.475457335,,,,51.58800134678376,43.18366168746703,51.58800134678376,43.18366168746703,64.77281817501824,63.869362003907256,64.77281817501824,63.869362003907256,96,101,96,101,-1,4,-1,4,-1,4,-1,4,96,101,96,101,0.11571031683510843,,,,,,,,
1787535600,38.165820768012516,38.53777586,38.09905344,38.39319688,38.408620922521216,38.05335319202389,37.73269383272069,38.165820768012516,38.53777586,38.09905344,38.39319688,,,,53.48683279571786,44.65554327436001,53.48683279571786,44.65554327436001,66.28390996661358,65.07663598526042,66.28390996661358,65.07663598526042,96,101,96,101,-1,4,-1,4,-1,4,-1,4,96,101,96,101,0.24026503394799814,,,,,,,,
1787536200,38.27950882400626,38.5278049,37.91957609,38.1937776025,38.406483178043395,38.04326352619056,37.76634583617657,38.27950882400626,38.5278049,37.91957609,38.1937776025,,,,54.716984394637564,46.092892005828226,54.716984394637564,46.092892005828226,67.07168921481806,66.07416260003924,67.07168921481806,66.07416260003924,96,101,96,101,-1,4,-1,4,-1,4,-1,4,96,101,96,101,0.27979866870985143,,,,,0.27979866870985143,,0.27979866870985143,
1787536800,38.23664321325313,38.23664321325313,37.92954706,38.0417204025,38.40285369768973,38.019285731904844,37.796185412279506,38.23664321325313,38.23664321325313,37.92954706,38.0417204025,,,,55.452818132705495,47.430024309667836,55.452818132705495,47.430024309667836,67.07528678619927,66.57472469311926,67.07528678619927,66.57472469311926,96,101,96,101,-1,4,-1,4,-1,4,-1,4,96,101,96,101,0.24481641106158902,,,,,,,,
1787537400,38.13918180787657,38.18879212,37.97940188,38.06166233,38.399458758707745,37.99554534142866,37.83035062713245,38.13918180787657,38.18879212,37.97940188,38.06166233,,,,56.18939722060937,48.6813632969452,56.18939722060937,48.6813632969452,67.01895074128673,66.796837717203,67.01895074128673,66.796837717203,96,101,96,101,-1,4,-1,4,-1,4,-1,4,96,101,96,101,0.21366227330105797,,,,,,,,
1787538000,38.100422068938286,38.15887923,37.97940188,38.0242712175,38.395725549342494,37.97311067273818,37.8625363125001,38.100422068938286,38.15887923,37.97940188,38.0242712175,,,,56.773416828405914,49.83737094429673,56.773416828405914,49.83737094429673,66.81728039789047,66.80705905754674,66.81728039789047,66.80705905754674,96,101,96,101,-1,4,-1,4,-1,4,-1,4,96,101,96,101,0.21555732578215042,,,,,,,,
1787538600,38.06234664321914,38.06234664321914,37.63041814,37.8148809725,38.38994600131421,37.95483057226199,37.88980983176481,38.06234664321914,38.06234664321914,37.63041814,37.8148809725,,,,56.75601925639656,50.8257492745967,56.75601925639656,50.8257492745967,65.67960134257848,66.24333020006262,65.67960134257848,66.24333020006262,96,101,96,101,-1,4,-1,4,-1,4,-1,4,96,101,96,101,0.20478378137003822,,,,,,,,
1787539200,37.93861380785957,37.93861380785957,37.391115,37.5332012375,38.38142117779367,37.92966575833342,37.90718570286774,37.93861380785957,37.93861380785957,37.391115,37.5332012375,,,,55.98693259528745,51.56306117755252,55.98693259528745,51.56306117755252,63.58164796324588,64.91248908165424,63.58164796324588,64.91248908165424,96,101,96,101,-1,4,-1,4,-1,4,-1,4,96,101,96,101,0.16998554310755473,,,,,,,,
1787539800,37.73590752267978,37.73590752267978,37.33128922,37.378651295,38.371443368014624,37.89785363500008,37.918696301029506,37.73590752267978,37.73590752267978,37.33128922,37.378651295,,,,54.859667689189784,52.034004964929274,54.859667689189784,52.034004964929274,60.95547774374487,62.93398341269956,60.95547774374487,62.93398341269956,96,101,96,101,-1,4,-1,4,-1,4,-1,4,96,101,96,101,0.1307684744052992,,,,,,,,
1787540400,37.55727940883989,37.55727940883989,37.2814344,37.428506115000005,38.362060907785626,37.88004834214294,37.93240637647068,37.55727940883989,37.55727940883989,37.2814344,37.428506115000005,,,,53.94618396468524,52.307173393465845,53.94618396468524,52.307173393465845,58.37580030965275,60.654891861176154,58.37580030965275,60.654891861176154,96,101,96,101,-1,4,-1,4,-1,4,-1,4,96,101,96,101,0.1145007802452098,,,,,,,,
1787541000,37.49289276191995,37.76004067,37.49289276191995,37.598012502500005,38.35445843609124,37.87933613047627,37.944650133750095,37.49289276191995,37.76004067,37.49289276191995,37.598012502500005,,,,53.55104075938732,52.484868731454625,53.55104075938732,52.484868731454625,53.91398164309804,57.2844367521371,53.91398164309804,57.2844367521371,96,101,96,101,-1,4,-1,4,-1,4,-1,4,96,101,96,101,0.12452654813006786,,,,,,,,
1787541600,37.54545263220997,37.60050524,37.40108596,37.508273824999996,38.3460386887172,37.864498386309606,37.944210238235385,37.54545263220997,37.60050524,37.40108596,37.508273824999996,,,,52.94424999723184,52.55049462656565,52.94424999723184,52.55049462656565,48.16120618124186,52.72282146668948,48.16120618124186,52.72282146668948,96,101,96,101,-1,4,-1,4,-1,4,-1,4,96,101,96,101,0.13257426791552507,,,,,,,,
1787547600,37.52686322860498,37.52686322860498,37.2515215,37.381144035000005,38.33643774688917,37.838621360595326,37.935632276617746,37.52686322860498,37.52686322860498,37.2515215,37.381144035000005,,,,52.040982672737336,52.47770720459018,52.040982672737336,52.47770720459018,42.62254845298823,47.672684959838854,42.62254845298823,47.672684959838854,96,101,96,101,-1,4,-1,4,-1,4,-1,4,96,101,96,101,0.120908098021188,,,,,,,,
1787548200,37.45400363180249,37.45400363180249,37.17175379,37.2589997275,38.325716970576835,37.812863036904844,37.92111572610304,37.45400363180249,37.45400363180249,37.17175379,37.2589997275,,,,50.875741910523075,52.24885501972345,50.875741910523075,52.24885501972345,37.70353172928974,42.6881083445643,37.70353172928974,42.6881083445643,96,101,96,101,-1,4,-1,4,-1,4,-1,4,96,101,96,101,0.10215443942509507,,,,,,,,
1787548800,37.356501679651245,37.356501679651245,37.15181186,37.201666682500004,38.31453239059597,37.78556158773818,37.89838779345598,37.356501679651245,37.356501679651245,37.15181186,37.201666682500004,,,,49.6404810272898,51.876230163661496,49.6404810272898,51.876230163661496,33.11445854436533,37.90128344446481,33.11445854436533,37.90128344446481,96,101,96,101,-1,4,-1,4,-1,4,-1,4,96,101,96,101,0.08829308974439726,,,,,,,,
1787549400,37.279084181075625,37.30137632,37.1418409,37.2166231275,38.30360792031641,37.759091052261994,37.86341610352951,37.279084181075625,37.30137632,37.1418409,37.2166231275,,,,48.53343173953316,51.39868753164317,48.53343173953316,51.39868753164317,29.07891932858222,33.49010138652351,29.07891932858222,33.49010138652351,96,101,96,101,-1,4,-1,4,-1,4,-1,4,96,101,96,101,0.08864262381847055,,,,,,,,
1787550000,37.24785365428781,37.33128922,37.1418409,37.2365650575,38.29299057839784,37.73048388166675,37.82492524985304,37.24785365428781,37.33128922,37.1418409,37.2365650575,,,,47.558762310139585,50.85012678571409,47.558762310139585,50.85012678571409,25.679945559987466,29.58502347325549,25.679945559987466,29.58502347325549,96,101,96,101,-1,4,-1,4,-1,4,-1,4,96,101,96,101,0.1032527238506693,,,,,,,,
1787550600,37.242209355893905,37.27146343,37.1418409,37.19418845999999,38.28205722398592,37.69380497833342,37.78474813014716,37.242209355893905,37.27146343,37.1418409,37.19418845999999,,,,46.54043920359654,50.234457131125865,46.54043920359654,50.234457131125865,22.532594221695497,26.058808847475493,22.532594221695497,26.058808847475493,96,101,96,101,-1,4,-1,4,-1,4,-1,4,96,101,96,101,0.10617139100434439,,,,,,,,
1787551200,37.21819890794695,37.33128922,37.13186994,37.256506987499996,38.27185274402089,37.66068713369056,37.748310122132445,37.21819890794695,37.33128922,37.13186994,37.256506987499996,,,,45.761431293150316,49.59545343998651,45.761431293150316,49.59545343998651,20.142347723111165,23.10057828529333,20.142347723111165,23.10057828529333,96,101,96,101,-1,4,-1,4,-1,4,-1,4,96,101,96,101,0.08506140169889886,,,,,,,,
1787551800,37.23735294772347,37.58056332,37.23735294772347,37.428506115000005,38.26346123527441,37.64062650380961,37.72565550544127,37.23735294772347,37.58056332,37.23735294772347,37.428506115000005,,,,45.49782159693431,49.01007746240763,45.49782159693431,49.01007746240763,19.20553411348911,21.153056199391223,19.20553411348911,21.153056199391223,96,101,96,101,-1,4,-1,4,-1,4,-1,4,96,101,96,101,0.07494734243375709,,,,,,,,
1787552400,37.33292953136174,37.57059235,37.29140536,37.4235206325,38.25510361733636,37.62139678761913,37.706886631985384,37.33292953136174,37.57059235,37.29140536,37.4235206325,,,,45.23971493742431,48.47145424455287,45.23971493742431,48.47145424455287,18.603423169066374,19.8782396842288,18.603423169066374,19.8782396842288,96,101,96,101,-1,4,-1,4,-1,4,-1,4,96,101,96,101,0.07555209464378909,,,,,,,,
1787553000,37.37822508193087,37.37822508193087,37.1418409,37.2589997275,38.24519213584545,37.56347023488104,37.68371880382363,37.37822508193087,37.37822508193087,37.1418409,37.2589997275,,,,44.56027901344669,47.912714925823416,44.56027901344669,47.912714925823416,17.118216110156133,18.498227897192464,17.118216110156133,18.498227897192464,96,101,96,101,-1,4,-1,4,-1,4,-1,4,96,101,96,101,0.05314462171609431,,,,,,,,
1787553600,37.31861240471544,37.35123114,37.18172476,37.261492467500005,38.235404079444,37.50957954857151,37.667809250955976,37.31861240471544,37.35123114,37.18172476,37.261492467500005,,,,43.936037337209505,47.34461812745,43.936037337209505,47.34461812745,15.780534661333771,17.13938127926312,15.780534661333771,17.13938127926312,96,101,96,101,-1,4,-1,4,-1,4,-1,4,96,101,96,101,0.01426469609279405,,,,,,,,
1787554200,37.29005243610772,37.43099886,37.29005243610772,37.356216627500004,38.22665594559381,37.46969569261913,37.66025771213245,37.29005243610772,37.43099886,37.29005243610772,37.356216627500004,,,,43.60958265096319,46.81104163080903,43.60958265096319,46.81104163080903,15.174491114500459,16.156936196881787,15.174491114500459,16.156936196881787,96,101,96,101,-1,4,-1,4,-1,4,-1,4,96,101,96,101,-0.003099212617769274,,,,,,,,
1787621400,37.32313453180386,37.32313453180386,36.11483161,36.528626615,38.20976013135905,37.397643607500086,37.62228006985304,37.32313453180386,37.32313453180386,36.11483161,36.528626615,,,,41.52746462364712,46.05624491550019,41.52746462364712,46.05624491550019,16.24577399613354,16.201355096507662,16.24577399613354,16.201355096507662,96,101,96,101,-1,4,-1,4,-1,4,-1,4,96,101,96,101,-0.049976403389823294,,,,,,,,
1787622000,36.925880573401926,36.925880573401926,35.57639955,35.9528034425,38.18730285087289,37.297221755714375,37.564287183603035,36.925880573401926,36.925880573401926,35.57639955,35.9528034425,,,,39.35195866883322,45.098489737404904,39.35195866883322,45.098489737404904,16.82551182980336,16.51343346315551,16.82551182980336,16.51343346315551,96,101,96,101,-1,4,-1,4,-1,4,-1,4,96,101,96,101,-0.15273360906014566,,,,,,,,
1787622600,36.43934200795096,36.43934200795096,35.70602208,35.858079285,38.164126496983606,37.19406975892866,37.507174088308915,36.43934200795096,36.43934200795096,35.70602208,35.858079285,,,,37.13285144407432,43.960541409786245,37.13285144407432,43.960541409786245,16.45446953337334,16.483951498264425,16.45446953337334,16.483951498264425,96,101,96,101,-1,4,-1,4,-1,4,-1,4,96,101,96,101,-0.2566410227744758,,,,,,,,
1787623200,36.14871064647548,36.32422185,35.71599305,35.99767278,38.142569743580786,37.10753603547628,37.454899843161854,36.14871064647548,36.32422185,35.71599305,35.99767278,,,,35.36550700757331,42.73267935232725,35.36550700757331,42.73267935232725,16.03845834327909,16.261204920771757,16.03845834327909,16.261204920771757,96,101,96,101,-1,4,-1,4,-1,4,-1,4,96,101,96,101,-0.31057497476542895,-0.31057497476542895,,-0.31057497476542895,,,,,
1787623800,36.07319171323774,36.33419282,35.94532522,36.16717917,38.122914115982965,37.042487365595335,37.4076843960295,36.07319171323774,36.33419282,35.94532522,36.16717917,,,,34.0804969803528,41.49665329918805,34.0804969803528,41.49665329918805,16.104383530634458,16.182794225703105,16.104383530634458,16.182794225703105,96,101,96,101,-1,4,-1,4,-1,4,-1,4,96,101,96,101,-0.30306286958558804,,,,,,,,
1787624400,36.12018544161887,36.31425089,36.0350639,36.1472372425,38.1032556396299,36.983848601190566,37.357976207867736,36.12018544161887,36.31425089,36.0350639,36.1472372425,,,,32.84537979449167,40.26075708423143,32.84537979449167,40.26075708423143,16.225516372076303,16.204155298889702,16.225516372076303,16.204155298889702,96,101,96,101,-1,4,-1,4,-1,4,-1,4,96,101,96,101,-0.2739783904898044,,,,,,,,
1787625000,36.133711342059435,36.133711342059435,35.8954704,35.9926873,38.08225495963358,36.91547627666676,37.29998332169127,36.133711342059435,36.133711342059435,35.8954704,35.9926873,,,,31.37380993961071,38.99119320642847,31.37380993961071,38.99119320642847,15.811958678208422,16.00805698854906,15.811958678208422,16.00805698854906,96,101,96,101,-1,4,-1,4,-1,4,-1,4,96,101,96,101,-0.26980817178562544,,,,,,,,
1787625600,36.063199321029714,36.063199321029714,35.71599305,35.85558654500001,38.06009905501036,36.832503612023906,37.23832463992656,36.063199321029714,36.063199321029714,35.71599305,35.85558654500001,,,,29.719333784549796,37.6666418604458,29.719333784549796,37.6666418604458,14.957744828474562,15.482900908511812,14.957744828474562,15.482900908511812,96,101,96,101,-1,4,-1,4,-1,4,-1,4,96,101,96,101,-0.2807258862231542,,,,,,,,
1787626200,35.95939293301486,35.95939293301486,35.66613823,35.72347127,38.036849027298814,36.747513014166756,37.17578616720597,35.95939293301486,35.95939293301486,35.66613823,35.72347127,,,,27.90548945838615,36.272191517294424,27.90548945838615,36.272191517294424,13.78717245536142,14.635036681936615,13.78717245536142,14.635036681936615,96,101,96,101,-1,4,-1,4,-1,4,-1,4,96,101,96,101,-0.2900991901227088,,,,,,,,
1787626800,35.84143210150743,35.84561558,35.66613823,35.760862384999996,38.01420239404211,36.670356745119136,37.115007276397144,35.84143210150743,35.84561558,35.66613823,35.760862384999996,,,,26.299755922871867,34.84755786094834,26.299755922871867,34.84755786094834,12.651932776784864,13.64348472936074,12.651932776784864,13.64348472936074,96,101,96,101,-1,4,-1,4,-1,4,-1,4,96,101,96,101,-0.297374469047632,,,,,,,,
1787627400,35.80114724325371,35.98520908,35.80114724325371,35.878021215,37.992946859922284,36.604595863571525,37.038612096397145,35.80114724325371,35.98520908,35.80114724325371,35.878021215,,,,25.05484248866137,33.448598522050204,25.05484248866137,33.448598522050204,12.254619008331838,12.94905186884629,12.254619008331838,12.94905186884629,96,101,96,101,-1,4,-1,4,-1,4,-1,4,96,101,96,101,-0.2822021825798843,,,,,,,,
1787628000,35.83958422912686,36.07494775,35.83564462,35.960281665,37.9727213355947,36.54548229130962,36.967055766544206,35.83958422912686,36.07494775,35.83564462,35.960281665,,,,24.07166249590931,32.109036232601504,24.07166249590931,32.109036232601504,12.235572173049736,12.592312020948013,12.235572173049736,12.592312020948013,96,101,96,101,-1,4,-1,4,-1,4,-1,4,96,101,96,101,-0.26111557780757266,,,,,,,,
1787634000,35.89993294706343,36.44387342,35.89993294706343,36.254425102499994,37.95562386063853,36.49966333773819,36.91001598713244,35.89993294706343,36.44387342,35.89993294706343,36.254425102499994,,,,23.77664009999599,30.918693927943572,23.77664009999599,30.918693927943572,13.570693268820861,13.081502644884438,13.570693268820861,13.081502644884438,96,101,96,101,-1,4,-1,4,-1,4,-1,4,96,101,96,101,-0.25269814390286394,,,,,,,,
1787634600,36.077179024781714,36.58346692,36.077179024781714,36.46381535,37.94077999486103,36.462865732619136,36.863607015000085,36.077179024781714,36.58346692,36.077179024781714,36.46381535,,,,23.942573436885898,29.92210528636391,23.942573436885898,29.92210528636391,15.7699459816621,14.42572431327327,15.7699459816621,14.42572431327327,96,101,96,101,-1,4,-1,4,-1,4,-1,4,96,101,96,101,-0.2283099921027276,,,,,,,,
1787635200,36.27049718739086,36.59343788,36.27049718739086,36.481264534999994,37.92625745297187,36.428916974285805,36.81712472691184,36.27049718739086,36.59343788,36.27049718739086,36.481264534999994,,,,24.13331127979873,29.095134713997453,24.13331127979873,29.095134713997453,18.180348376845686,16.30303634505948,18.180348376845686,16.30303634505948,96,101,96,101,-1,4,-1,4,-1,4,-1,4,96,101,96,101,-0.19131048616345764,,,,,,,,
1787635800,36.37588086119543,36.48375728,36.32422185,36.39152586,37.91098649184777,36.387727396785806,36.76910280463243,36.37588086119543,36.48375728,36.32422185,36.39152586,,,,24.12190383724531,28.384673160175716,24.12190383724531,28.384673160175716,20.27801944281172,18.290527893935597,20.27801944281172,18.290527893935597,96,101,96,101,-1,4,-1,4,-1,4,-1,4,96,101,96,101,-0.17122844092273629,,,,,,,,
1787636400,36.383703360597714,36.383703360597714,36.20457028,36.281845255,37.89477613128212,36.33312449869057,36.724013518823604,36.383703360597714,36.383703360597714,36.20457028,36.281845255,,,,23.880896463779177,27.741276489261928,23.880896463779177,27.741276489261928,21.800342255655167,20.045435074795382,21.800342255655167,20.045435074795382,96,101,96,101,-1,4,-1,4,-1,4,-1,4,96,101,96,101,-0.16629367189167485,,,,,,,,
1787637000,36.33277430779886,36.33277430779886,36.22451221,36.261903325,37.87852864067235,36.277809388809615,36.68662240375008,36.33277430779886,36.33277430779886,36.22451221,36.261903325,,,,23.61521030829516,27.15183846340953,23.61521030829516,27.15183846340953,23.307214065932445,21.676324570363914,23.307214065932445,21.676324570363914,96,101,96,101,-1,4,-1,4,-1,4,-1,4,96,101,96,101,-0.16982237299560438,,,,,,,,
1787637600,36.29733881639943,36.44387342,36.24445414,36.326714592500004,37.86308770486964,36.23341485857152,36.65568308897066,36.29733881639943,36.44387342,36.24445414,36.326714592500004,,,,23.504655906668862,26.630812383875146,23.504655906668862,26.630812383875146,24.893513793803994,23.284919182083954,24.893513793803994,23.284919182083954,96,101,96,101,-1,4,-1,4,-1,4,-1,4,96,101,96,101,-0.17248769193353525,,,,,,,,
1787638200,36.31202670444972,36.43390246,36.31202670444972,36.374076675,37.84827167472169,36.191156963690574,36.62467045838243,36.31202670444972,36.43390246,36.31202670444972,36.374076675,,,,23.50149553210964,26.183767119337215,23.50149553210964,26.183767119337215,26.471725054645976,24.878322118364963,26.471725054645976,24.878322118364963,96,101,96,101,-1,4,-1,4,-1,4,-1,4,96,101,96,101,-0.16602140588034867,,,,,,,,
1787638800,36.34305168972486,36.41396053,36.34305168972486,36.376569412500004,37.83362787111749,36.14450709630962,36.58874566161772,36.34305168972486,36.41396053,36.34305168972486,36.376569412500004,,,,23.503797590013487,25.800914329433823,23.503797590013487,25.800914329433823,28.295636756874632,26.586979437619796,28.295636756874632,26.586979437619796,96,101,96,101,-1,4,-1,4,-1,4,-1,4,96,101,96,101,-0.15728536357687734,,,,,,,,
1787639400,36.35981055111243,36.45384438,36.32422185,36.369091187500004,37.81905536680289,36.13691017119057,36.555240289926545,36.35981055111243,36.45384438,36.32422185,36.369091187500004,,,,23.49022511468083,25.470815870183397,23.49022511468083,25.470815870183397,29.947350798547003,28.267165118083398,29.947350798547003,28.267165118083398,96,101,96,101,-1,4,-1,4,-1,4,-1,4,96,101,96,101,-0.15530885337970457,,,,,,,,
1787640000,36.36445086930622,36.36445086930622,36.30427992,36.3267145925,37.80420620486953,36.15471546404771,36.52422765926479,36.36445086930622,36.36445086930622,36.30427992,36.3267145925,,,,23.38859822688411,25.173356206854926,23.38859822688411,25.173356206854926,31.093027516681207,29.6800963173823,31.093027516681207,29.6800963173823,96,101,96,101,-1,4,-1,4,-1,4,-1,4,96,101,96,101,-0.154442513500333,,,,,,,,
1787640600,36.345582730903104,36.345582730903104,36.29430896,36.3017871825,37.78925676186088,36.175844411547715,36.49607434911773,36.345582730903104,36.345582730903104,36.29430896,36.3017871825,,,,23.241863414743,24.897428665124654,23.241863414743,24.897428665124654,31.935951323934912,30.808023820658605,31.935951323934912,30.808023820658605,96,101,96,101,-1,4,-1,4,-1,4,-1,4,96,101,96,101,-0.15412449810561524,,,,,,,,
1787707800,36.323684956701555,36.47378631,36.01512197,36.296801699999996,37.774406462737886,36.19008864583343,36.46946067316185,36.323684956701555,36.47378631,36.01512197,36.296801699999996,,,,23.095136262009884,24.639958321822544,23.095136262009884,24.639958321822544,32.39778278181572,31.602903301237163,32.39778278181572,31.602903301237163,96,101,96,101,-1,4,-1,4,-1,4,-1,4,96,101,96,101,-0.16775659458029857,-0.16775659458029857,,-0.16775659458029857,,,,,
1787708400,36.31024332835078,36.73303138,36.284338,36.5336120975,37.76206025014845,36.207537832857234,36.44937211345596,36.31024332835078,36.73303138,36.284338,36.5336120975,,,,23.456376009143494,24.470875134296964,23.456376009143494,24.470875134296964,34.203047327734446,32.9029753144858,34.203047327734446,32.9029753144858,96,101,96,101,-1,4,-1,4,-1,4,-1,4,96,101,96,101,-0.16477353397965028,,,,,,,,
1787709000,36.42192771292539,36.71308945,36.42192771292539,36.580974175,37.75030814989822,36.22819197250009,36.43009002867655,36.42192771292539,36.71308945,36.42192771292539,36.580974175,,,,23.891310190786026,24.388080142366828,23.891310190786026,24.388080142366828,36.21239276155702,34.55768403802141,36.21239276155702,34.55768403802141,96,101,96,101,-1,4,-1,4,-1,4,-1,4,96,101,96,101,-0.12300044980115933,,,,,,,,
1787709600,36.501450943962695,36.58346692,36.26439607,36.4413806825,37.73728399599376,36.24955832404771,36.407948623455965,36.501450943962695,36.58346692,36.26439607,36.4413806825,,,,24.001922521073777,24.33291476789639,24.001922521073777,24.33291476789639,37.240679514043514,35.899181776032464,37.240679514043514,35.899181776032464,96,101,96,101,-1,4,-1,4,-1,4,-1,4,96,101,96,101,-0.10337319198530306,,,,,,,,
1787710200,36.471415813231346,36.63332174,36.37407667,36.513670167499996,37.7251087340187,36.280895639404854,36.38610048169126,36.471415813231346,36.63332174,36.37407667,36.513670167499996,,,,24.25649822672307,24.321998119157342,24.25649822672307,24.321998119157342,38.512796506501495,37.20598914126698,38.512796506501495,37.20598914126698,96,101,96,101,-1,4,-1,4,-1,4,-1,4,96,101,96,101,-0.11267635675313697,,,,,,,,
1787710800,36.49254299036567,36.97233451,36.49254299036567,36.7205676725,37.71511330057075,36.32837642047629,36.3652787627942,36.49254299036567,36.97233451,36.49254299036567,36.7205676725,,,,24.92753595599412,24.40850352441974,24.92753595599412,24.40850352441974,40.914715018055716,39.06035207966135,40.914715018055716,39.06035207966135,96,101,96,101,-1,4,-1,4,-1,4,-1,4,96,101,96,101,-0.0972274869283008,,,,,,,,
1787711400,36.60655533143284,37.04213126,36.60655533143284,36.860161165,37.70660631414716,36.38072398142866,36.34870936669125,36.60655533143284,37.04213126,36.60655533143284,36.860161165,,,,25.84389754298325,24.613559812785955,25.84389754298325,24.613559812785955,44.45733067078135,41.75884137522135,44.45733067078135,41.75884137522135,96,101,96,101,-1,4,-1,4,-1,4,-1,4,96,101,96,101,-0.08551247065233375,,,,,,,,
1787712000,36.73335824821642,37.11192801,36.73335824821642,36.9498998425,37.69907689651883,36.43176582083343,36.33961819360302,36.73335824821642,37.11192801,36.73335824821642,36.9498998425,,,,26.883325889983315,24.937812109528437,26.883325889983315,24.937812109528437,48.26858087879871,45.013711127010026,48.26858087879871,45.013711127010026,96,101,96,101,-1,4,-1,4,-1,4,-1,4,96,101,96,101,-0.08016118313368925,,,,,,,,
1787712600,36.84162904535821,36.92247969,36.79285716,36.87013213,37.69082868988681,36.47509203345247,36.32810759544126,36.84162904535821,36.92247969,36.79285716,36.87013213,,,,27.680934993177377,25.32968680719257,27.680934993177377,25.32968680719257,51.256193590421866,48.13495235871595,51.256193590421866,48.13495235871595,96,101,96,101,-1,4,-1,4,-1,4,-1,4,96,101,96,101,-0.06632989990223337,,,,,,,,
1787713200,36.85588058767911,37.10195704,36.82277005,36.9174942075,37.683133819415296,36.506666752738184,36.315203994853015,36.85588058767911,37.10195704,36.82277005,36.9174942075,,,,28.52106929116174,25.785598590616736,28.52106929116174,25.785598590616736,54.948059593918664,51.54150597631731,54.948059593918664,51.54150597631731,96,101,96,101,-1,4,-1,4,-1,4,-1,4,96,101,96,101,-0.05328764810960271,,,,,,,,
1787713800,36.886687397589554,36.97233451,36.886687397589554,36.9299579125,37.6756395317843,36.52886401761914,36.32700785654419,36.886687397589554,36.97233451,36.886687397589554,36.9299579125,,,,29.327377490312163,26.29156700485894,29.327377490312163,26.29156700485894,59.60892480653221,55.57521539142476,59.60892480653221,55.57521539142476,96,101,96,101,-1,4,-1,4,-1,4,-1,4,96,101,96,101,-0.048507553034543155,,,,,,,,
1787714400,36.90832265504478,36.99227644,36.90253776,36.9399288775,37.66831902776157,36.55070517678581,36.35604095757361,36.90832265504478,36.99227644,36.90253776,36.9399288775,,,,30.097039043870286,26.83520586757485,30.097039043870286,26.83520586757485,63.64666800149801,59.61094169646138,63.64666800149801,59.61094169646138,96,101,96,101,-1,4,-1,4,-1,4,-1,4,96,101,96,101,-0.045268645604706906,,,,,-0.045268645604706906,,-0.045268645604706906,
1787720400,36.92412576627239,36.92412576627239,36.66323463,36.8028281225,37.65970717795797,36.57029099880962,36.38382768808831,36.92412576627239,36.92412576627239,36.66323463,36.8028281225,,,,30.905403498097836,27.416662671935278,30.905403498097836,27.416662671935278,65.9893641479478,62.80015292220459,65.9893641479478,62.80015292220459,96,101,96,101,-1,4,-1,4,-1,4,-1,4,96,101,96,101,-0.04768886367378709,,,,,,,,
1787721000,36.86347694438619,36.86347694438619,36.5336121,36.6582491475,37.649742421436,36.58821499369057,36.40325640477949,36.86347694438619,36.86347694438619,36.5336121,36.6582491475,,,,31.31611792319622,27.9737277078297,31.31611792319622,27.9737277078297,66.93009707896778,64.86512500058618,66.93009707896778,64.86512500058618,96,101,96,101,-1,4,-1,4,-1,4,-1,4,96,101,96,101,-0.057816269848147236,,,,,,,,
1787721600,36.7608630459431,36.7608630459431,36.51367017,36.575988695,37.639058304755046,36.603171439881045,36.415280214338324,36.7608630459431,36.7608630459431,36.51367017,36.575988695,,,,31.763187878992465,28.515079160852952,31.763187878992465,28.515079160852952,66.96634021666496,65.91573260862558,66.96634021666496,65.91573260862558,96,101,96,101,-1,4,-1,4,-1,4,-1,4,96,101,96,101,-0.07371518513729752,,,,,,,,
1787722200,36.66842587047155,36.71308945,36.49372824,36.571003212499996,37.62843089090176,36.61480423130962,36.42774391933831,36.66842587047155,36.71308945,36.49372824,36.571003212499996,,,,32.213854401121466,29.043475623748456,32.213854401121466,29.043475623748456,66.66121053968895,66.28847157415726,66.66121053968895,66.28847157415726,96,101,96,101,-1,4,-1,4,-1,4,-1,4,96,101,96,101,-0.0778033294556901,,,,,,,,
1787722800,36.61971454148578,36.61971454148578,36.49372824,36.5261338725,37.617462761365424,36.62204505023819,36.443433524411844,36.61971454148578,36.61971454148578,36.49372824,36.5261338725,,,,32.53972635655444,29.54294001414931,32.53972635655444,29.54294001414931,65.94154272885619,66.11500715150672,65.94154272885619,66.11500715150672,96,101,96,101,-1,4,-1,4,-1,4,-1,4,96,101,96,101,-0.07867502543645016,-0.07867502543645016,,-0.07867502543645016,,,,,
1787723400,36.57292420699289,36.66323463,36.5336121,36.5710032125,37.60705022854089,36.63130380261914,36.46447519110302,36.57292420699289,36.66323463,36.5336121,36.5710032125,,,,33.07324903433059,30.047269874175207,33.07324903433059,30.047269874175207,65.57437965731879,65.84469340441275,65.57437965731879,65.84469340441275,96,101,96,101,-1,4,-1,4,-1,4,-1,4,96,101,96,101,-0.07336007882433566,,,,,,,,
1787724000,36.57196370974644,36.61337981,36.5336121,36.5585395075,37.59661728604297,36.640325151190574,36.489036021617736,36.57196370974644,36.61337981,36.5336121,36.5585395075,,,,33.68066627494129,30.566326502856075,33.68066627494129,30.566326502856075,65.1099870851287,65.47734024477072,65.1099870851287,65.47734024477072,96,101,96,101,-1,4,-1,4,-1,4,-1,4,96,101,96,101,-0.05309405054595839,,,,,,,,
1787724600,36.56525160862322,36.72306041,36.5336121,36.603408845000004,37.58673461498782,36.653501067976286,36.51381679985303,36.56525160862322,36.72306041,36.5336121,36.603408845000004,,,,34.634330363984894,31.147469911588765,34.634330363984894,31.147469911588765,64.57761006100073,65.02747515288573,64.57761006100073,65.02747515288573,96,101,96,101,-1,4,-1,4,-1,4,-1,4,96,101,96,101,-0.0355338813242911,,,,,,,,
1787725200,36.584330226811616,36.7828862,36.584330226811616,36.695640260000005,37.577868004490426,36.672255976428666,36.53786441882362,36.584330226811616,36.7828862,36.584330226811616,36.695640260000005,,,,35.82157160330469,31.81519872469104,35.82157160330469,31.81519872469104,64.67529888740668,64.8513870201462,64.67529888740668,64.8513870201462,96,101,96,101,-1,4,-1,4,-1,4,-1,4,96,101,96,101,-0.02175398523365443,,,,,,,,
1787725800,36.63998524340581,36.84271198,36.63998524340581,36.7604515275,37.56973450720694,36.694334539642945,36.561398826544206,36.63998524340581,36.84271198,36.63998524340581,36.7604515275,,,,37.136012510739924,32.57531497984088,37.136012510739924,32.57531497984088,65.20480042956666,65.02809372485643,65.20480042956666,65.02809372485643,96,101,96,101,-1,4,-1,4,-1,4,-1,4,96,101,96,101,-0.004943744345312792,,,,,,,,
1787726400,36.70021838545291,36.74300234,36.65326366,36.703118485,37.56111146220985,36.70240627238104,36.574595690735386,36.70021838545291,36.74300234,36.65326366,36.703118485,,,,38.45951339095547,33.415914752857255,38.45951339095547,33.415914752857255,64.81733918422644,64.92271645454144,64.81733918422644,64.92271645454144,96,101,96,101,-1,4,-1,4,-1,4,-1,4,96,101,96,101,0.004909352893573903,,,,,,,,
1787727000,36.70166843522645,36.70166843522645,36.65326366,36.6756983325,37.552301381317214,36.70691694654771,36.58082754316185,36.70166843522645,36.70166843522645,36.65326366,36.6756983325,,,,39.6303157329794,34.303686321446136,39.6303157329794,34.303686321446136,64.23847629340027,64.58059637397085,64.23847629340027,64.58059637397085,96,101,96,101,-1,4,-1,4,-1,4,-1,4,96,101,96,101,0.006840864803990679,,,,,0.006840864803990679,,0.006840864803990679,
1787794200,36.68868338386322,36.68868338386322,35.93535426,36.2519323625,37.539362386105104,36.69789559797628,36.574082479264796,36.68868338386322,36.68868338386322,35.93535426,36.2519323625,,,,39.20718372602561,35.004185950671776,39.20718372602561,35.004185950671776,60.2577877059678,62.419192039969325,60.2577877059678,62.419192039969325,96,101,96,101,-1,4,-1,4,-1,4,-1,4,96,101,96,101,-0.04148100555732729,,,,,,,,
1787794800,36.47030787318161,36.47030787318161,35.8954704,36.104860645,37.52508873693988,36.67842847785723,36.56565114941185,36.47030787318161,36.47030787318161,35.8954704,36.104860645,,,,38.29011055093296,35.47360375070909,38.29011055093296,35.47360375070909,55.333426612069395,58.87630932601936,55.333426612069395,58.87630932601936,96,101,96,101,-1,4,-1,4,-1,4,-1,4,96,101,96,101,-0.11978947987905637,,,,,,,,
1787795400,36.287584259090806,36.287584259090806,36.07494775,36.14723724,37.511378771796196,36.65112702869057,36.56169209014714,36.287584259090806,36.287584259090806,36.07494775,36.14723724,,,,37.58957315653079,35.7758850943979,37.58957315653079,35.7758850943979,50.87481397274996,54.875561649384665,50.87481397274996,54.875561649384665,96,101,96,101,-1,4,-1,4,-1,4,-1,4,96,101,96,101,-0.14506371246784627,-0.14506371246784627,,-0.14506371246784627,,,,,
1787796000,36.21741074954541,36.22451221,36.02509293,36.129788052500004,37.49763160045992,36.61634735666676,36.55780634683832,36.21741074954541,36.22451221,36.02509293,36.129788052500004,,,,36.876885091120876,35.93317080821547,36.876885091120876,35.93317080821547,46.541123565899845,50.70834260764225,46.541123565899845,50.70834260764225,96,101,96,101,-1,4,-1,4,-1,4,-1,4,96,101,96,101,-0.14289281271363216,,,,,,,,
1787796600,36.173599401022706,36.48375728,36.173599401022706,36.3042799275,37.48575745446032,36.585603551190566,36.55714650375009,36.173599401022706,36.48375728,36.173599401022706,36.3042799275,,,,36.8369938793193,36.062288389801736,36.8369938793193,36.062288389801736,44.50100489251656,47.60467375007941,44.50100489251656,47.60467375007941,96,101,96,101,-1,4,-1,4,-1,4,-1,4,96,101,96,101,-0.12761331833971332,,,,,,,,
1787797200,36.23893966426135,36.49372824,36.23893966426135,36.40149682250001,37.47496879145574,36.56328758416676,36.55795297867656,36.23893966426135,36.49372824,36.23893966426135,36.40149682250001,,,,37.14643390082859,36.217166319948426,37.14643390082859,36.217166319948426,43.53935999408602,45.57201687208271,43.53935999408602,45.57201687208271,96,101,96,101,-1,4,-1,4,-1,4,-1,4,96,101,96,101,-0.09067797679668381,,,,,,,,
1787797800,36.32021824338068,36.59343788,36.32021824338068,36.498713720000005,37.465254810645234,36.54334565619057,36.56154545830891,36.32021824338068,36.59343788,36.32021824338068,36.498713720000005,,,,37.78025293360797,36.44046440761407,37.78025293360797,36.44046440761407,43.78776396857996,44.67989042033133,43.78776396857996,44.67989042033133,96,101,96,101,-1,4,-1,4,-1,4,-1,4,96,101,96,101,-0.06910589997394244,,,,,,,,
1787798400,36.409465981690346,36.81279909,36.409465981690346,36.700625742499994,37.45764656121095,36.53242507666676,36.57129647463245,36.409465981690346,36.81279909,36.409465981690346,36.700625742499994,,,,39.108449158008696,36.82160508624188,39.108449158008696,36.82160508624188,45.88362140113551,45.28175591073342,45.88362140113551,45.28175591073342,96,101,96,101,-1,4,-1,4,-1,4,-1,4,96,101,96,101,-0.05550056941070261,,,,,,,,
1787799000,36.55504586209517,36.94242162,36.55504586209517,36.8352337575,37.451453398984974,36.527439594762,36.586252920661856,36.55504586209517,36.94242162,36.55504586209517,36.8352337575,,,,41.1632987896672,37.44184704387407,41.1632987896672,37.44184704387407,49.30069740430609,47.29122665751976,49.30069740430609,47.29122665751976,96,101,96,101,-1,4,-1,4,-1,4,-1,4,96,101,96,101,-0.026392021775692488,,,,,,,,
1787799600,36.69513980979758,36.84271198,36.69513980979758,36.760451525,37.44457775844781,36.52542166154771,36.599743048382436,36.69513980979758,36.84271198,36.69513980979758,36.760451525,,,,42.78335500575933,38.204919609857676,42.78335500575933,38.204919609857676,52.30222815415609,49.79672740583793,52.30222815415609,49.79672740583793,96,101,96,101,-1,4,-1,4,-1,4,-1,4,96,101,96,101,-0.007609043093753371,,,,,,,,
1787800200,36.727795667398794,36.90253776,36.70311848,36.80282812,37.43819218990604,36.532306374523905,36.614626178382444,36.727795667398794,36.90253776,36.70311848,36.80282812,,,,44.45090335793965,39.097203002440814,44.45090335793965,39.097203002440814,55.309987179725,52.55335729278146,55.309987179725,52.55335729278146,96,101,96,101,-1,4,-1,4,-1,4,-1,4,96,101,96,101,-0.015124716622786114,,,,,,,,
1787800800,36.7653118936994,36.93245066,36.7653118936994,36.9000450225,37.43283749172289,36.547737628214385,36.62540361735303,36.7653118936994,36.93245066,36.7653118936994,36.9000450225,,,,46.68857208403808,40.181684299811856,46.68857208403808,40.181684299811856,58.64919050025797,55.601273896519714,58.64919050025797,55.601273896519714,96,101,96,101,-1,4,-1,4,-1,4,-1,4,96,101,96,101,-0.019966342285710356,,,,,,,,
1787806800,36.8326784580997,36.8925668,36.77291523,36.84520472,37.426990399466945,36.560794842857234,36.633175103970686,36.8326784580997,36.8925668,36.77291523,36.84520472,,,,49.25580764801723,41.47798763526977,49.25580764801723,41.47798763526977,61.33616152515703,58.468717710838376,61.33616152515703,58.468717710838376,96,101,96,101,-1,4,-1,4,-1,4,-1,4,96,101,96,101,-0.011928104023374596,,,,,,,,
1787807400,36.83894158904985,37.1418409,36.73303138,36.9174942125,37.42192078566628,36.579431049523905,36.64717844308833,36.83894158904985,37.1418409,36.73303138,36.9174942125,,,,51.79448549073775,42.95177304319377,51.79448549073775,42.95177304319377,64.19949533810848,61.33410652447343,64.19949533810848,61.33410652447343,96,101,96,101,-1,4,-1,4,-1,4,-1,4,96,101,96,101,0.005900620089914144,,,,,,,,
1787808000,36.87821790077493,37.24155054,36.87821790077493,37.0496094825,37.418216195585025,36.60222182428581,36.66294136411774,36.87821790077493,37.24155054,36.87821790077493,37.0496094825,,,,54.36748335918491,44.58258880262107,54.36748335918491,44.58258880262107,66.95664390031885,64.14537521239615,66.95664390031885,64.14537521239615,96,101,96,101,-1,4,-1,4,-1,4,-1,4,96,101,96,101,0.03283603865906541,,,,,,,,
1787808600,36.963913691637465,37.01221837,36.86265391,36.9349433975,37.41340751102697,36.620145819047714,36.66924653250009,36.963913691637465,37.01221837,36.86265391,36.9349433975,,,,56.236804168569904,46.24747671204233,56.236804168569904,46.24747671204233,68.49522844949287,66.32030183094452,68.49522844949287,66.32030183094452,96,101,96,101,-1,4,-1,4,-1,4,-1,4,96,101,96,101,0.03899151847508679,,,,,0.03899151847508679,,0.03899151847508679,
1787809200,36.94942854456873,37.08201512,36.85268294,36.9498998425,37.40879549442471,36.63664539035724,36.67188590536774,36.94942854456873,37.08201512,36.85268294,36.9498998425,,,,58.040413993451516,47.93218203795793,58.040413993451516,47.93218203795793,69.97374571463132,68.14702377278792,69.97374571463132,68.14702377278792,96,101,96,101,-1,4,-1,4,-1,4,-1,4,96,101,96,101,0.02186790502227198,,,,,,,,
1787809800,36.94966419353437,37.0321603,36.91250873,36.979812735,37.404527009256306,36.650177412976284,36.67276569632362,36.94966419353437,37.0321603,36.91250873,36.979812735,,,,59.850818417367535,49.634844377873584,59.850818417367535,49.634844377873584,71.38969457090627,69.7683591718471,71.38969457090627,69.7683591718471,96,101,96,101,-1,4,-1,4,-1,4,-1,4,96,101,96,101,0.015626171960478535,,,,,,,,
1787810400,36.964738464267185,37.0022474,36.93245066,36.9748272525,37.40025138978609,36.66038578083343,36.67584496463245,36.964738464267185,37.0022474,36.93245066,36.9748272525,,,,61.50930425897939,51.33119578946013,61.50930425897939,51.33119578946013,72.59303308437917,71.18069612811314,72.59303308437917,71.18069612811314,96,101,96,101,-1,4,-1,4,-1,4,-1,4,96,101,96,101,0.017445087043789484,,,,,,,,
1787811000,36.969782858383596,37.10195704,36.96236355,37.0371457775,37.39663839861907,36.67629184238105,36.67936412845597,36.969782858383596,37.10195704,36.96236355,37.0371457775,,,,63.33187655530138,53.04557875600888,63.33187655530138,53.04557875600888,74.1748556867547,72.67777590743393,74.1748556867547,72.67777590743393,96,101,96,101,-1,4,-1,4,-1,4,-1,4,96,101,96,101,0.017923938273863647,,,,,,,,
1787811600,37.0034643179418,37.20166668,37.0034643179418,37.121898970000004,37.39390467296116,36.69753949178581,36.685009453676564,37.0034643179418,37.20166668,37.0034643179418,37.121898970000004,,,,65.40853274096176,54.81171503957358,65.40853274096176,54.81171503957358,76.26086235013274,74.46931912878333,76.26086235013274,74.46931912878333,96,101,96,101,-1,4,-1,4,-1,4,-1,4,96,101,96,101,0.02099206549257745,,,,,,,,
1787812200,37.062681643970905,37.18172476,37.062681643970905,37.13685542,37.3913469689516,36.739678685000094,36.690801410808916,37.062681643970905,37.18172476,37.062681643970905,37.13685542,,,,67.36017620320358,56.604352348663575,67.36017620320358,56.604352348663575,78.32141738726759,76.39536825802546,78.32141738726759,76.39536825802546,96,101,96,101,-1,4,-1,4,-1,4,-1,4,96,101,96,101,0.022378761422227424,,,,,0.022378761422227424,0.022378761422227424,0.022378761422227424,
1787812800,37.099768531985454,37.19169572,37.099768531985454,37.1343626775,37.38878991132522,36.788702591309615,36.70055242713244,37.099768531985454,37.19169572,37.099768531985454,37.1343626775,,,,69.14701265573872,58.39616096396002,69.14701265573872,58.39616096396002,80.25562809032924,78.32549817417734,80.25562809032924,78.32549817417734,96,101,96,101,-1,4,-1,4,-1,4,-1,4,96,101,96,101,0.01753702388927344,,,,,,,,
1787813400,37.11706560474273,37.17175379,37.11706560474273,37.151811865,37.38643192081452,36.836539478214384,36.71506897764715,37.11706560474273,37.17175379,37.11706560474273,37.151811865,,,,70.87460699515904,60.17879611127416,70.87460699515904,60.17879611127416,82.01869733757019,80.17209775587376,82.01869733757019,80.17209775587376,96,101,96,101,-1,4,-1,4,-1,4,-1,4,96,101,96,101,0.014024900065040221,,,,,,,,
1787880600,37.13443873487137,37.21163765,36.87262487,37.039638520000004,37.3829812402094,36.87986569095248,36.72870573720598,37.13443873487137,37.21163765,36.87262487,37.039638520000004,,,,71.88356364366841,61.850905758759055,71.88356364366841,61.850905758759055,82.65639937159337,81.41424856373357,82.65639937159337,81.41424856373357,96,101,96,101,-1,4,-1,4,-1,4,-1,4,96,101,96,101,-0.0016376319691984685,,,,,,,,
1787881200,37.08703862743569,37.34126018,36.74300234,37.0969715625,37.38013537276951,36.917612911666765,36.744175394558916,37.08703862743569,37.34126018,36.74300234,37.0969715625,,,,72.68498397700962,63.39863121850914,72.68498397700962,63.39863121850914,82.48388545384347,81.94906700878852,82.48388545384347,81.94906700878852,96,101,96,101,-1,4,-1,4,-1,4,-1,4,96,101,96,101,-0.026746191691285177,,,,,,,,
1787881800,37.092005094967845,37.34126018,37.092005094967845,37.266477952500004,37.37900445316484,36.958802489285816,36.765950220441276,37.092005094967845,37.34126018,37.092005094967845,37.266477952500004,,,,74.2665984343527,64.95119796362965,74.2665984343527,64.95119796362965,83.70547451845803,82.82727076362328,83.70547451845803,82.82727076362328,96,101,96,101,-1,4,-1,4,-1,4,-1,4,96,101,96,101,-0.026612744415193255,,,,,,,,
1787882400,37.17924152373392,37.26149247,37.01221837,37.14433364,37.37666942019803,36.9895462950001,36.782812880073635,37.17924152373392,37.26149247,37.01221837,37.14433364,,,,75.13179213730332,66.40556855986874,75.13179213730332,66.40556855986874,84.12687872701278,83.47707474531802,84.12687872701278,83.47707474531802,96,101,96,101,-1,4,-1,4,-1,4,-1,4,96,101,96,101,-0.022122360265018737,,,,,,,,
1787883000,37.16178758186696,37.16178758186696,36.92247969,37.0221893325,37.373142255146306,37.00485884690487,36.79644963963245,37.16178758186696,37.16178758186696,36.92247969,37.0221893325,,,,75.33173802159179,67.68073562582917,75.33173802159179,67.68073562582917,83.59645671067713,83.53676572799758,83.59645671067713,83.53676572799758,96,101,96,101,-1,4,-1,4,-1,4,-1,4,96,101,96,101,-0.030664529816473336,,,,,,,,
1787883600,37.091988457183476,37.091988457183476,36.79285716,36.9648562875,37.36907970820455,37.01103134833343,36.80708044676481,37.091988457183476,37.091988457183476,36.79285716,36.9648562875,,,,75.23415081559449,68.75979493865279,75.23415081559449,68.75979493865279,82.38317918098079,82.95997245448919,82.38317918098079,82.95997245448919,96,101,96,101,-1,4,-1,4,-1,4,-1,4,96,101,96,101,-0.04482966938250125,-0.04482966938250125,,-0.04482966938250125,,,,,
1787884200,37.02842237234174,37.21163765,36.86265391,36.9972619225,37.3653800287448,37.02230803392867,36.81595167213246,37.02842237234174,37.21163765,36.86265391,36.9972619225,,,,75.3036326563597,69.6946288983252,75.3036326563597,69.6946288983252,81.72006727101872,82.34001986275396,81.72006727101872,82.34001986275396,96,101,96,101,-1,4,-1,4,-1,4,-1,4,96,101,96,101,-0.03740500564839053,,,,,,,,
1787884800,37.01284214742087,37.01284214742087,36.7529733,36.845204720000005,37.36020415502595,37.024325967262,36.81844441308834,37.01284214742087,37.01284214742087,36.7529733,36.845204720000005,,,,74.61691997399456,70.39781333770654,74.61691997399456,70.39781333770654,79.91030630281374,81.12516308278384,79.91030630281374,81.12516308278384,96,101,96,101,-1,4,-1,4,-1,4,-1,4,96,101,96,101,-0.0232712380416936,,,,,,,,
1787885400,36.92902343371044,37.06207319,36.76294427,36.8925668,37.35555104701574,37.02396986142867,36.82401642235305,36.92902343371044,37.06207319,36.76294427,36.8925668,,,,74.21324835023631,70.94287548235364,74.21324835023631,70.94287548235364,78.49762767129998,79.81139537704192,78.49762767129998,79.81139537704192,96,101,96,101,-1,4,-1,4,-1,4,-1,4,96,101,96,101,-0.019773092322826678,,,,,,,,
1787886000,36.91079511685522,37.06207319,36.85268294,36.9299579125,37.35131628945837,37.02800572773819,36.83149464529422,36.91079511685522,37.06207319,36.85268294,36.9299579125,,,,74.02313946557766,71.38291319424278,74.02313946557766,71.38291319424278,77.57586094328995,78.69362816016593,77.57586094328995,78.69362816016593,96,101,96,101,-1,4,-1,4,-1,4,-1,4,96,101,96,101,-0.010279178459120266,,,,,,,,
1787886600,36.92037651467761,37.05210222,36.82277005,36.9424216175,37.34724768575729,37.02919274702391,36.85180315279422,36.92037651467761,37.05210222,36.82277005,36.9424216175,,,,73.90818614164586,71.74366647244321,73.90818614164586,71.74366647244321,76.77515309834035,77.73439062925314,76.77515309834035,77.73439062925314,96,101,96,101,-1,4,-1,4,-1,4,-1,4,96,101,96,101,-0.010606570336581161,,,,,,,,
1787887200,36.93139906608881,37.2814344,36.93139906608881,37.1418409,37.34520383714279,37.03358471928581,36.88230257205892,36.93139906608881,37.2814344,36.93139906608881,37.1418409,,,,74.78666545665145,72.17838061304438,74.78666545665145,72.17838061304438,77.31786001840702,77.52612532383009,77.31786001840702,77.52612532383009,96,101,96,101,-1,4,-1,4,-1,4,-1,4,96,101,96,101,0.004575947784588969,,,,,,,,
1787893200,37.0366199830444,37.30137632,36.94242162,37.1393481575,37.34315552192246,37.04331827928581,36.91148230492657,37.0366199830444,37.30137632,36.94242162,37.1393481575,,,,75.59008097081002,72.66576637843947,75.59008097081002,72.66576637843947,78.06784683099009,77.79698607741008,78.06784683099009,77.79698607741008,96,101,96,101,-1,4,-1,4,-1,4,-1,4,96,101,96,101,0.038986406541588144,,,,,,,,
1787893800,37.0879840702722,37.19169572,37.01221837,37.0969715625,37.34070593028642,37.05032169452391,36.9399288787501,37.0879840702722,37.19169572,37.01221837,37.0969715625,,,,76.12675006649827,73.16019261959073,76.12675006649827,73.16019261959073,78.21467552608301,78.00583080174655,78.21467552608301,78.00583080174655,96,101,96,101,-1,4,-1,4,-1,4,-1,4,96,101,96,101,0.042307254314944504,,,,,,,,
1787894400,37.0924778163861,37.1418409,36.94242162,37.052102225,37.33783425162685,37.053764051190576,36.96192365220598,37.0924778163861,37.1418409,36.94242162,37.052102225,,,,76.40341078097457,73.62350949978841,76.40341078097457,73.62350949978841,77.63243468589828,77.81913274382242,77.63243468589828,77.81913274382242,96,101,96,101,-1,4,-1,4,-1,4,-1,4,96,101,96,101,0.030789459901860834,,,,,,,,
1787895000,37.072290020693046,37.072290020693046,36.84271198,36.959870807499996,37.33407342133703,37.0530518395239,36.978346416470686,37.072290020693046,37.072290020693046,36.84271198,36.959870807499996,,,,76.20464498874462,73.99224314106787,76.20464498874462,73.99224314106787,75.79297993804407,76.80605634093325,75.79297993804407,76.80605634093325,96,101,96,101,-1,4,-1,4,-1,4,-1,4,96,101,96,101,0.02689538106210021,,,,,,,,
1787895600,37.01608041409652,37.11192801,36.92247969,37.01471111,37.330895686895865,37.05198352202391,36.99352281029422,37.01608041409652,37.11192801,36.92247969,37.01471111,,,,76.2910127161639,74.32063879465302,76.2910127161639,74.32063879465302,74.26415515124889,75.53510574609106,74.26415515124889,75.53510574609106,96,101,96,101,-1,4,-1,4,-1,4,-1,4,96,101,96,101,0.02804261288659784,,,,,,,,
1787896200,37.01539576204826,37.16178283,37.01539576204826,37.077029637500004,37.32836965655362,37.04984688714295,37.00459351308833,37.01539576204826,37.16178283,37.01539576204826,37.077029637500004,,,,76.67909310594628,74.65756083912349,76.67909310594628,74.65756083912349,72.99960433274097,74.26735503941602,72.99960433274097,74.26735503941602,96,101,96,101,-1,4,-1,4,-1,4,-1,4,96,101,96,101,0.03894756986120282,,,,,,,,
1787896800,37.04621269977413,37.10195704,37.04621269977413,37.082015115,37.325918367582936,37.04723544404771,37.01185178830892,37.04621269977413,37.10195704,37.04621269977413,37.082015115,9.110559196888213,90.88944080311178,-0.8177888160622357,77.0640839875269,75.00134986032398,77.0640839875269,75.00134986032398,70.8964449207939,72.58189998010496,70.8964449207939,72.58189998010496,96,101,96,101,-1,4,-1,4,-1,4,-1,4,96,101,96,101,0.04834890693542805,,,,,,,,
1787897400,37.06411390738707,37.18172476,37.06411390738707,37.114420752499996,37.323813913701514,37.04628582857153,37.022262647941275,37.06411390738707,37.18172476,37.06411390738707,37.114420752499996,6.352309617525542,93.64769038247445,-0.8729538076494892,77.58167406482269,75.36996760382381,77.58167406482269,75.36996760382381,69.82683378265223,71.2043668813786,69.82683378265223,71.2043668813786,96,101,96,101,-1,4,-1,4,-1,4,-1,4,96,101,96,101,0.05088474495465306,,,,,,,,
1787898000,37.08926732994353,37.18172476,37.08926732994353,37.14433364,37.32202804033135,37.04592972261914,37.03230692794128,37.08926732994353,37.18172476,37.08926732994353,37.14433364,6.159676513167839,93.84032348683216,-0.8768064697366432,78.21007665131116,75.77569746775058,78.21007665131116,75.77569746775058,69.17029153556169,70.18732920847015,69.17029153556169,70.18732920847015,96,101,96,101,-1,4,-1,4,-1,4,-1,4,96,101,96,101,0.05367527735614293,,,,,,,,
1787898600,37.11680048497176,37.21163765,37.11680048497176,37.1518118625,37.32033434701959,37.051271310357244,37.039711835000105,37.11680048497176,37.21163765,37.11680048497176,37.1518118625,5.138677192319779,94.86132280768022,-0.8972264561536044,78.83053914910238,76.21210342222942,78.83053914910238,76.21210342222942,69.07698677039656,69.63215798943335,69.07698677039656,69.63215798943335,96,101,96,101,-1,4,-1,4,-1,4,-1,4,96,101,96,101,0.060012459915412715,,,,,,,,
1787899200,37.13430617373588,37.13430617373588,37.04213126,37.084507855,37.317987814760684,37.05067780047629,37.046750162500096,37.13430617373588,37.13430617373588,37.04213126,37.084507855,8.049837087706619,91.9501629122934,-0.8390032582458676,79.07417057931022,76.62097015895526,79.07417057931022,76.62097015895526,67.73290506450392,68.68253152696863,67.73290506450392,68.68253152696863,96,101,96,101,-1,4,-1,4,-1,4,-1,4,96,101,96,101,0.06624705361208959,,,,,0.06624705361208959,,0.06624705361208959,
1787899800,37.10940701436794,37.10940701436794,37.0022474,37.0396385175,37.315218170011825,37.039875922619146,37.05034264205892,37.10940701436794,37.10940701436794,37.0022474,37.0396385175,9.344785867333005,90.655214132667,-0.8131042826533399,79.07872489012615,76.97207797769396,79.07872489012615,76.97207797769396,65.6279344513323,67.15523298915046,65.6279344513323,67.15523298915046,96,101,96,101,-1,4,-1,4,-1,4,-1,4,96,101,96,101,0.0657494912581725,,,,,,,,
1788139800,37.07452276593397,37.07452276593397,36.29430896,36.6308289925,37.30840832744952,37.01542332035724,37.03802556882363,37.07452276593397,37.07452276593397,36.29430896,36.6308289925,30.681668518032396,69.3183314819676,-0.3863666296393521,77.06324945458867,76.9851024743932,77.06324945458867,76.9851024743932,62.347676219715574,64.75145460443302,62.347676219715574,64.75145460443302,96,101,96,101,-1,4,-1,4,-1,4,-1,4,96,101,96,101,0.045296656953899735,,,,,,,,
1788140400,36.85267587921699,36.85267587921699,36.005151,36.2095557625,37.29747447108186,36.97672648369058,37.01669063838245,36.85267587921699,36.85267587921699,36.005151,36.2095557625,62.81805074507275,37.18194925492725,0.2563610149014551,73.11045575704323,76.43158151477178,73.11045575704323,76.43158151477178,57.9397690241428,61.345611814287906,57.9397690241428,61.345611814287906,96,101,96,101,-1,4,-1,4,-1,4,-1,4,96,101,96,101,0.0009052189443272268,,,,,,,,
1788141000,36.531115820858496,36.531115820858496,35.95529618,36.12480257,37.28580609395667,36.93672392571438,36.992423071544216,36.531115820858496,36.531115820858496,35.95529618,36.12480257,84.06748712391708,15.932512876082928,0.6813497424783415,69.02128526205333,75.37296776438343,69.02128526205333,75.37296776438343,52.73561480353877,57.040613308913336,52.73561480353877,57.040613308913336,96,101,96,101,-1,4,-1,4,-1,4,-1,4,96,101,96,101,-0.04886454283999911,,,,,,,,
1788141600,36.327959195429244,36.327959195429244,36.01512197,36.109846125000004,37.2741049997382,36.89446603059534,36.96683581830892,36.327959195429244,36.327959195429244,36.01512197,36.109846125000004,85.62379242421949,14.376207575780514,0.7124758484843897,65.15030675317313,73.91258761992482,65.15030675317313,73.91258761992482,47.49896781802632,52.269790563469826,47.49896781802632,52.269790563469826,96,101,96,101,-1,4,-1,4,-1,4,-1,4,96,101,96,101,-0.08739608308231012,,,,,,,,
1788142200,36.218902660214624,36.218902660214624,36.05500582,36.097382419999995,37.262396317352746,36.85885544488105,36.94102861735305,36.218902660214624,36.218902660214624,36.05500582,36.097382419999995,83.91074792981007,16.08925207018993,0.6782149585962014,61.49425035453309,72.13853943915458,61.49425035453309,72.13853943915458,42.591609079749695,47.430699821609764,42.591609079749695,47.430699821609764,96,101,96,101,-1,4,-1,4,-1,4,-1,4,96,101,96,101,-0.10664953031603525,,,,,,,,
1788142800,36.158142540107306,36.158142540107306,35.92538329,36.000165519999996,37.24983680693133,36.816360145833436,36.91052919801481,36.158142540107306,36.158142540107306,35.92538329,36.000165519999996,91.58161878709447,8.418381212905535,0.8316323757418893,57.619045270067275,70.06432598642782,57.619045270067275,70.06432598642782,37.74828889939538,42.58949436050257,37.74828889939538,42.58949436050257,96,101,96,101,-1,4,-1,4,-1,4,-1,4,96,101,96,101,-0.1180885806375315,,,,,,,,
1788143400,36.07915403005365,36.07915403005365,35.73593498,35.868050249999996,37.23608768696186,36.76579311428582,36.8736512944854,36.07915403005365,36.07915403005365,35.73593498,35.868050249999996,99.67774211423756,0.32225788576244474,0.9935548422847511,54.091243000649904,67.78245698845954,54.091243000649904,67.78245698845954,34.04766740138412,38.318580880943344,34.04766740138412,38.318580880943344,96,101,96,101,-1,4,-1,4,-1,4,-1,4,96,101,96,101,-0.13145753825514922,,,,,,,,
1788144000,35.97360214002683,35.97360214002683,35.61628341,35.708514824999995,37.22088795699209,36.7070356479763,36.831641276985394,35.97360214002683,35.97360214002683,35.61628341,35.708514824999995,100,0,1,50.60949855056804,65.3291772116179,50.60949855056804,65.3291772116179,30.672927997212216,34.49575443907778,30.672927997212216,34.49575443907778,96,101,96,101,-1,4,-1,4,-1,4,-1,4,96,101,96,101,-0.14448586536762772,,,,,,,,
1788144600,35.84105848251341,35.84105848251341,35.55645762,35.638718075,37.20514497309167,36.635458370595344,36.787651729853046,35.84105848251341,35.84105848251341,35.55645762,35.638718075,100,0,1,47.32374427189988,62.75697250594391,47.32374427189988,62.75697250594391,27.46563704529042,30.9806957421841,27.46563704529042,30.9806957421841,96,101,96,101,-1,4,-1,4,-1,4,-1,4,96,101,96,101,-0.1619546967714847,,,,,,,,
1788145200,35.73988827875671,35.81570269,35.62625437,35.733442235,37.19050116475245,36.568510469523915,36.74593497602952,35.73988827875671,35.81570269,35.62625437,35.733442235,99.77945815128987,0.22054184871012628,0.9955891630257975,44.65177691813625,60.17051599339995,44.65177691813625,60.17051599339995,24.928989507462397,27.95484262482325,24.928989507462397,27.95484262482325,96,101,96,101,-1,4,-1,4,-1,4,-1,4,96,101,96,101,-0.1749432725703473,-0.1749432725703473,,-0.1749432725703473,,,,,
1788145800,35.736665256878354,35.88549944,35.736665256878354,35.8132099475,37.17679677453103,36.507378964047724,36.70986354742657,35.736665256878354,35.88549944,35.736665256878354,35.8132099475,98.4094946408057,1.5905053591942886,0.9681898928161142,42.48989821542822,57.644713453689704,42.48989821542822,57.644713453689704,23.293427299073834,25.624134961948542,23.293427299073834,25.624134961948542,96,101,96,101,-1,4,-1,4,-1,4,-1,4,96,101,96,101,-0.17061833972524207,,,,,,,,
1788146400,35.774937602189176,35.84561558,35.76584787,35.8007462425,37.16310472943619,36.44779058392868,36.67173927330892,35.774937602189176,35.84561558,35.76584787,35.8007462425,97.97845273181944,2.0215472681805515,0.959569054636389,40.432559132857804,55.185834264999436,40.432559132857804,55.185834264999436,21.895748896981516,23.75994192946503,21.895748896981516,23.75994192946503,96,101,96,101,-1,4,-1,4,-1,4,-1,4,96,101,96,101,-0.16174943156438776,,,,,,,,
1788152400,35.78784192234458,35.93535426,35.70602208,35.8057317225,37.1495985303622,36.392831579881054,36.62877614889716,35.78784192234458,35.93535426,35.70602208,35.8057317225,98.81782116849482,1.1821788315051707,0.9763564233698966,38.54212494877494,52.80816150553879,38.54212494877494,52.80816150553879,20.828287820759225,22.29411487511213,20.828287820759225,22.29411487511213,96,101,96,101,-1,4,-1,4,-1,4,-1,4,96,101,96,101,-0.16066437531132546,,,,,,,,
1788153000,35.79678682242229,36.0350639,35.7558769,35.8755284725,37.13692121635362,36.338584787619155,36.59145834985304,35.79678682242229,36.0350639,35.7558769,35.8755284725,97.59217187237269,2.4078281276273095,0.9518434374474538,37.066051394157476,50.55928863248431,37.066051394157476,50.55928863248431,20.40143702421661,21.347775949664367,20.40143702421661,21.347775949664367,96,101,96,101,-1,4,-1,4,-1,4,-1,4,96,101,96,101,-0.17042715658825938,,,,,,,,
1788153600,35.83615764746115,36.15471546,35.83615764746115,36.042542117500005,37.12603187208642,36.289323477142965,36.56264519647069,35.83615764746115,36.15471546,35.83615764746115,36.042542117500005,94.43942577759175,5.560574222408254,0.8887885155518349,36.3638075053279,48.53136275717625,36.3638075053279,48.53136275717625,20.974340410817963,21.161058180241163,20.974340410817963,21.161058180241163,96,101,96,101,-1,4,-1,4,-1,4,-1,4,96,101,96,101,-0.1731332344237815,,,,,,,,
1788154200,35.93934988248058,36.15471546,35.93934988248058,36.0824259725,37.115647733782076,36.24172399416677,36.536691363676574,35.93934988248058,36.15471546,35.93934988248058,36.0824259725,90.08821773114389,9.911782268856124,0.8017643546228775,35.871340809305515,46.72278819319472,35.871340809305515,46.72278819319472,21.93394816431719,21.54750317227918,21.93394816431719,21.54750317227918,96,101,96,101,-1,4,-1,4,-1,4,-1,4,96,101,96,101,-0.15522045334995818,,,,,,,,
1788154800,36.01088792749029,36.13477354,35.99518004,36.055005824999995,37.105094082948426,36.19127566428582,36.508977949044215,36.01088792749029,36.13477354,35.99518004,36.055005824999995,87.76408334017671,12.235916659823292,0.7552816668035341,35.304313688026234,45.091577549599215,35.304313688026234,45.091577549599215,22.842573782974338,22.19503847762676,22.842573782974338,22.19503847762676,96,101,96,101,-1,4,-1,4,-1,4,-1,4,96,101,96,101,-0.14142679763246122,,,,,,,,
1788155400,36.03294687624514,36.09488968,35.94532522,36.0350638975,37.09444701642655,36.13845329559534,36.48515027779422,36.03294687624514,36.09488968,35.94532522,36.0350638975,90.68941424848967,9.310585751510331,0.8137882849697934,34.69798004646437,43.606777906294234,34.69798004646437,43.606777906294234,23.4452703257057,22.82015440166623,23.4452703257057,22.82015440166623,96,101,96,101,-1,4,-1,4,-1,4,-1,4,96,101,96,101,-0.14759706755069676,,,,,,,,
1788156000,36.03400538687257,36.12480257,36.005151,36.07494775,37.084302745118826,36.08717405214296,36.46110265867657,36.03400538687257,36.12480257,36.005151,36.07494775,87.46094354492315,12.539056455076853,0.749218870898463,34.29457285575693,42.276462899074616,34.29457285575693,42.276462899074616,24.241151574628397,23.530652988147313,24.241151574628397,23.530652988147313,96,101,96,101,-1,4,-1,4,-1,4,-1,4,96,101,96,101,-0.1526817263786896,,,,,,,,
1788156600,36.054476568436286,36.27436703,36.054476568436286,36.16967191,37.075201940789285,36.043610435714385,36.43874130566187,36.054476568436286,36.27436703,36.054476568436286,36.16967191,81.28482489726771,18.71517510273229,0.6256964979453542,34.299070655099676,41.13683543564962,34.299070655099676,41.13683543564962,25.59272326720288,24.561688127675097,25.59272326720288,24.561688127675097,96,101,96,101,-1,4,-1,4,-1,4,-1,4,96,101,96,101,-0.151663767624148,,,,,,,,
1788157200,36.112074239218146,36.30427992,36.112074239218146,36.2643960675,37.06713422065705,36.00669412857153,36.418799377720696,36.112074239218146,36.30427992,36.112074239218146,36.2643960675,76.7392831394965,23.26071686050351,0.5347856627899298,34.68233736376965,40.21476428252391,34.68233736376965,40.21476428252391,27.299018667003974,25.930353397339537,27.299018667003974,25.930353397339537,96,101,96,101,-1,4,-1,4,-1,4,-1,4,96,101,96,101,-0.139049025702109,,,,,,,,
1788157800,36.188235153359074,36.32422185,36.188235153359074,36.279352515,37.05929559672017,35.98995715345249,36.39343207227951,36.188235153359074,36.32422185,36.188235153359074,36.279352515,71.08385205061771,28.916147949382292,0.42167704101235415,35.09808422960465,39.48380998924973,35.09808422960465,39.48380998924973,29.092603136883664,27.5114782671116,29.092603136883664,27.5114782671116,96,101,96,101,-1,4,-1,4,-1,4,-1,4,96,101,96,101,-0.12642802611686393,,,,,,,,
1788158400,36.23379383417954,36.30427992,36.23379383417954,36.284337997499996,37.05158457583241,35.99351821226201,36.36828471463246,36.23379383417954,36.30427992,36.23379383417954,36.284337997499996,69.01549607894334,30.98450392105666,0.38030992157886684,35.50408700761763,38.915278134730855,35.50408700761763,38.915278134730855,31.078715438628393,29.295096852869996,31.078715438628393,29.295096852869996,96,101,96,101,-1,4,-1,4,-1,4,-1,4,96,101,96,101,-0.12294561214803518,,,,,,,,
1788159000,36.25906591583977,36.33419282,36.25906591583977,36.3042799275,37.04414870868482,36.00206475309534,36.34497025477952,36.25906591583977,36.33419282,36.25906591583977,36.3042799275,66.12611051038992,33.87388948961008,0.32252221020779853,35.96089805472307,38.49322383758688,35.96089805472307,38.49322383758688,32.98882781142138,31.141962332145688,32.98882781142138,31.141962332145688,96,101,96,101,-1,4,-1,4,-1,4,-1,4,96,101,96,101,-0.12039969129097053,,,,,,,,
1788226200,36.28167292166988,36.76294427,36.09488968,36.384047634999995,37.037580538797414,36.01512196785725,36.32532159036775,36.28167292166988,36.76294427,36.09488968,36.384047634999995,51.889106257154594,48.1108937428454,0.03778212514309196,36.70431356138323,38.23766522670064,36.70431356138323,38.23766522670064,35.3971831669088,33.26957274952724,35.3971831669088,33.26957274952724,96,101,96,101,-1,4,-1,4,-1,4,-1,4,96,101,96,101,-0.10248911108840157,,,,,,,,
1788226800,36.332860278334934,36.43390246,36.1447445,36.2594105875,37.02983755420739,36.022837594881054,36.30471981919127,36.332860278334934,36.43390246,36.1447445,36.2594105875,69.20393598058936,30.796064019410636,0.3840787196117873,36.895825098443275,38.04597377980673,36.895825098443275,38.04597377980673,36.637626183903514,34.953599466715374,36.637626183903514,34.953599466715374,96,101,96,101,-1,4,-1,4,-1,4,-1,4,96,101,96,101,-0.07219882887614713,,,,,,,,
1788227400,36.29613543291747,36.29613543291747,35.84561558,36.032571155,37.019914505459056,36.02438072035724,36.27583334992657,36.29613543291747,36.29613543291747,35.84561558,36.032571155,92.47221960203238,7.527780397967615,0.8494443920406477,36.16583600698024,37.77738266940295,36.16583600698024,37.77738266940295,36.10017458376339,35.52688702523938,36.10017458376339,35.52688702523938,96,101,96,101,-1,4,-1,4,-1,4,-1,4,96,101,96,101,-0.06382739008025656,,,,,-0.06382739008025656,,-0.06382739008025656,
1788228000,36.16435329395873,36.16435329395873,35.85558654,35.917905065,37.00894923739479,36.02675475916677,36.24174145073539,36.16435329395873,36.16435329395873,35.85558654,35.917905065,93.59506839268323,6.4049316073167715,0.8719013678536646,35.02909033524296,37.384769478808664,35.02909033524296,37.384769478808664,34.80588422428508,35.16638562476223,34.80588422428508,35.16638562476223,96,101,96,101,-1,4,-1,4,-1,4,-1,4,96,101,96,101,-0.08545709955410752,,,,,,,,
1788228600,36.04112917947937,36.11483161,35.94532522,36.030078415000006,36.99920922921176,36.04206731107153,36.21080213602951,36.04112917947937,36.11483161,35.94532522,36.030078415000006,90.40867023613563,9.59132976386437,0.8081734047227126,34.42246338771371,36.96158289436653,34.42246338771371,36.96158289436653,33.94047040453613,34.55342801464918,33.94047040453613,34.55342801464918,96,101,96,101,-1,4,-1,4,-1,4,-1,4,96,101,96,101,-0.10712700690967125,,,,,,,,
1788229200,36.03560379723969,36.12480257,35.8954704,36.007643744999996,36.98934290598577,36.059635200119146,36.17824987110304,36.03560379723969,36.12480257,35.8954704,36.007643744999996,92.41342101397748,7.586578986022518,0.8482684202795496,33.76938241547687,36.505554254525144,33.76938241547687,36.505554254525144,33.04284981867835,33.79813891666376,33.04284981867835,33.79813891666376,96,101,96,101,-1,4,-1,4,-1,4,-1,4,96,101,96,101,-0.09904436706458282,,,,,,,,
1788229800,36.02162377111984,36.02162377111984,35.83564462,35.8755284725,36.97826017530432,36.06640121142867,36.14093207205892,36.02162377111984,36.02162377111984,35.83564462,35.8755284725,95.48775500001707,4.512244999982923,0.9097551000003415,32.634219041809274,35.95250636699431,32.634219041809274,35.95250636699431,31.51184285975797,32.65499088821086,31.51184285975797,32.65499088821086,96,101,96,101,-1,4,-1,4,-1,4,-1,4,96,101,96,101,-0.09265542214931252,,,,,,,,
1788230400,35.94857612180992,35.94857612180992,35.79576076,35.8381373575,36.966915669654526,36.06758823095248,36.102294586617745,35.94857612180992,35.94857612180992,35.79576076,35.8381373575,96.9797433255671,3.0202566744328974,0.939594866511342,31.4304979046648,35.3065051580901,31.4304979046648,35.3065051580901,29.883683402932483,31.269337145571672,29.883683402932483,31.269337145571672,96,101,96,101,-1,4,-1,4,-1,4,-1,4,96,101,96,101,-0.10451454183087552,,,,,,,,
1788231000,35.89335673965496,35.93535426,35.84561558,35.887992177499996,36.95618011251866,36.071742799285815,36.06710294904422,35.89335673965496,35.93535426,35.84561558,35.887992177499996,95.73578224437995,4.2642177556200425,0.9147156448875992,30.51227799753957,34.62161556372574,30.51227799753957,34.62161556372574,28.683442714721735,29.976389930146702,28.683442714721735,29.976389930146702,96,101,96,101,-1,4,-1,4,-1,4,-1,4,96,101,96,101,-0.11207987955633751,,,,,,,,
1788231600,35.89067445857748,35.95529618,35.80573172,35.868050245,36.945352949657774,36.07471034797629,36.032644470441284,35.89067445857748,35.95529618,35.80573172,35.868050245,96.70078057530662,3.299219424693373,0.9340156115061325,29.579836749110523,33.90136144735214,29.579836749110523,33.90136144735214,27.60753936031171,28.791964645229207,27.60753936031171,28.791964645229207,96,101,96,101,-1,4,-1,4,-1,4,-1,4,96,101,96,101,-0.11125488576281871,,,,,,,,
1788232200,35.87936235178874,35.8954704,35.77581883,35.82318091,36.93418705871591,36.07221760690486,36.008890115073626,35.87936235178874,35.8954704,35.77581883,35.82318091,97.63149174636723,2.368508253632778,0.9526298349273444,28.534429425088764,33.134656872743086,28.534429425088764,33.134656872743086,26.781962944143515,27.78696379468636,26.781962944143515,27.78696379468636,96,101,96,101,-1,4,-1,4,-1,4,-1,4,96,101,96,101,-0.11191037974957352,,,,,,,,
1788232800,35.851271630894374,36.01512197,35.79576076,35.89048492,36.923801962808284,36.064976787976285,35.99950567852951,35.851271630894374,36.01512197,35.79576076,35.89048492,96.67343631239798,3.3265636876020297,0.9334687262479594,27.833047615661776,32.37728412173147,27.833047615661776,32.37728412173147,26.889079310848647,27.338021552767504,26.889079310848647,27.338021552767504,96,101,96,101,-1,4,-1,4,-1,4,-1,4,96,101,96,101,-0.12169942248851881,,,,,,,,
1788238800,35.87087827544718,36.05500582,35.84561558,35.97773085,36.91438831989477,36.05999130595247,35.995180039705986,35.87087827544718,36.05500582,35.84561558,35.97773085,94.93161542646801,5.068384573531981,0.8986323085293604,27.530926497288597,31.684947318239633,27.530926497288597,31.684947318239633,27.653062696540477,27.49554212465399,27.653062696540477,27.49554212465399,96,101,96,101,-1,4,-1,4,-1,4,-1,4,96,101,96,101,-0.1357919407141515,-0.1357919407141515,,-0.1357919407141515,,,,,
1788239400,35.92430456272359,36.05500582,35.92430456272359,36.000165519999996,36.90529157561721,36.05737986285724,35.99195413955892,35.92430456272359,36.05500582,35.92430456272359,36.000165519999996,92.063039658204,7.936960341795995,0.8412607931640801,27.340169979758837,31.064264841313804,27.340169979758837,31.064264841313804,28.727031922326812,28.1112870234904,28.727031922326812,28.1112870234904,96,101,96,101,-1,4,-1,4,-1,4,-1,4,96,101,96,101,-0.13400289668382231,,,,,,,,
1788240000,35.962235041361794,35.962235041361794,35.80573172,35.87552847,36.895045176556344,36.04978293773819,35.98542902338245,35.962235041361794,35.962235041361794,35.80573172,35.87552847,96.66798685466001,3.332013145339985,0.9333597370932003,26.69342315265696,30.4398588857914,26.69342315265696,30.4398588857914,28.64658965469673,28.378938339093565,28.64658965469673,28.378938339093565,96,101,96,101,-1,4,-1,4,-1,4,-1,4,96,101,96,101,-0.12061807319029981,,,,,,,,
1788240600,35.9188817556809,35.9188817556809,35.80573172,35.84561558,36.88460309101847,36.03886235821439,35.98088343691187,35.9188817556809,35.9188817556809,35.80573172,35.84561558,96.86537131106702,3.134628688932967,0.9373074262213407,25.970423556086136,29.801368124404934,25.970423556086136,29.801368124404934,28.230628369898213,28.30478335449589,28.230628369898213,28.30478335449589,96,101,96,101,-1,4,-1,4,-1,4,-1,4,96,101,96,101,-0.12062560978105641,,,,,,,,
1788241200,35.88224866784045,35.88549944,35.81570269,35.853093805,36.87433931702824,36.02378721035724,35.98044354147069,35.88224866784045,35.88549944,35.81570269,35.853093805,96.77035590762254,3.2296440923774594,0.9354071181524508,25.3296790409268,29.162555398193774,25.3296790409268,29.162555398193774,27.767314961666244,28.036049158081067,27.767314961666244,28.036049158081067,96,101,96,101,-1,4,-1,4,-1,4,-1,4,96,101,96,101,-0.12304860874756324,,,,,,,,
1788241800,35.86767123642022,35.86767123642022,35.77581883,35.818195429999996,36.863830422629945,36.00253956095248,35.98366944161775,35.86767123642022,35.86767123642022,35.77581883,35.818195429999996,97.7197078253536,2.2802921746464033,0.9543941565070719,24.5918448441853,28.509596747621135,24.5918448441853,28.509596747621135,27.03370746579178,27.534878311936424,27.03370746579178,27.534878311936424,96,101,96,101,-1,4,-1,4,-1,4,-1,4,96,101,96,101,-0.12108531821373392,,,,,,,,
1788242400,35.84293333321011,35.84293333321011,35.74590594,35.788282535,36.8531284535988,35.979155276190575,35.98806839632363,35.84293333321011,35.84293333321011,35.74590594,35.788282535,98.34413752879998,1.6558624712000203,0.9668827505759996,23.784264098195823,27.834549226274664,23.784264098195823,27.834549226274664,25.376310378296733,26.45559434511658,25.376310378296733,26.45559434511658,96,101,96,101,-1,4,-1,4,-1,4,-1,4,96,101,96,101,-0.11391860639549664,,,,,,,,
1788243000,35.81560793410506,35.81560793410506,35.6461963,35.69854386,36.8416400496824,35.951260317262005,35.98704197352952,35.81560793410506,35.81560793410506,35.6461963,35.69854386,99.63620411210002,0.3637958878999925,0.9927240822420001,22.66702075652361,27.096330873453088,22.66702075652361,27.096330873453088,22.88584240984231,24.670718377479446,22.88584240984231,24.670718377479446,96,101,96,101,-1,4,-1,4,-1,4,-1,4,96,101,96,101,-0.10656844175138092,,,,,-0.10656844175138092,,-0.10656844175138092,
1788243600,35.75707589705253,35.75707589705253,35.59634148,35.6387180775,36.82967067682486,35.91956689583343,35.981909859705986,35.75707589705253,35.75707589705253,35.59634148,35.6387180775,99.93316750091724,0.06683249908276401,0.9986633500183447,21.38468255764173,26.280381114051465,21.38468255764173,26.280381114051465,20.61132028164264,22.641019329561043,20.61132028164264,22.641019329561043,96,101,96,101,-1,4,-1,4,-1,4,-1,4,96,101,96,101,-0.11058816720496122,,,,,,,,
1788244200,35.697896987276266,35.697896987276266,35.59634148,35.628747115,36.817721188647496,35.88360020440486,35.97685106183833,35.697896987276266,35.697896987276266,35.59634148,35.628747115,99.9379932606881,0.06200673931189837,0.998759865213762,20.153123624003943,25.405058615473248,20.153123624003943,25.405058615473248,18.323018089122815,20.48201870934193,18.323018089122815,20.48201870934193,96,101,96,101,-1,4,-1,4,-1,4,-1,4,96,101,96,101,-0.1165853624789897,,,,,,,,
1788244800,35.66332205113814,35.68608016,35.60631244,35.6312398525,36.80591540420822,35.853687312262004,35.97171894801481,35.66332205113814,35.68608016,35.60631244,35.6312398525,99.90458296918831,0.09541703081168418,0.9980916593837663,19.01973725293133,24.492869849395827,19.01973725293133,24.492869849395827,16.284627516829676,18.3833231130858,16.284627516829676,18.3833231130858,96,101,96,101,-1,4,-1,4,-1,4,-1,4,96,101,96,101,-0.11717021588631207,,,,,,,,
1788245400,35.64728095181907,35.64728095181907,35.5066028,35.55396488,36.79345818506187,35.83089653726201,35.96226119529422,35.64728095181907,35.64728095181907,35.5066028,35.55396488,100,0,1,17.84967665947953,23.543842250836356,17.84967665947953,23.543842250836356,14.81352569242642,16.59842440275611,14.81352569242642,16.59842440275611,96,101,96,101,-1,4,-1,4,-1,4,-1,4,96,101,96,101,-0.11750393780939658,,,,,,,,
1788312600,35.60062291590954,35.60062291590954,34.70892568,34.94822882,36.775097693867224,35.78472147797629,35.93007551007363,35.60062291590954,35.60062291590954,34.70892568,34.94822882,79.65502781030469,20.344972189695305,0.5931005562060939,17.25768212129892,22.645819375188154,17.25768212129892,22.645819375188154,15.843754084210751,16.22108924348343,15.843754084210751,16.22108924348343,96,101,96,101,-1,4,-1,4,-1,4,-1,4,96,101,96,101,-0.12731824707409414,,,,,,,,
1788313200,35.27442586795477,35.27442586795477,34.71889665,34.82359177,36.75567972447551,35.72726973297629,35.893050974705986,35.27442586795477,35.27442586795477,34.71889665,34.82359177,85.08755439571578,14.912445604284219,0.7017510879143156,16.352252930892956,21.74673845457455,16.352252930892956,21.74673845457455,15.486454848516164,15.853772045999797,15.486454848516164,15.853772045999797,96,101,96,101,-1,4,-1,4,-1,4,-1,4,96,101,96,101,-0.1433864210290373,,,,,,,,
1788313800,35.049008818977384,35.049008818977384,34.66904183,34.72138939,36.73543802960511,35.66601952559534,35.85382696191187,35.049008818977384,35.049008818977384,34.66904183,34.72138939,86.26875633032908,13.731243669670912,0.7253751266065818,15.33129368512074,20.830246344652576,15.33129368512074,20.830246344652576,14.453895918900463,15.15383398245013,14.453895918900463,15.15383398245013,96,101,96,101,-1,4,-1,4,-1,4,-1,4,96,101,96,101,-0.1561147607723935,,,,,,,,
1788314400,34.88519910448869,34.88519910448869,34.34000002,34.516984629999996,36.71336386642496,35.601326961666764,35.809177571691286,34.88519910448869,34.88519910448869,34.34000002,34.516984629999996,79.25257999123491,20.74742000876509,0.5850515998246982,14.676429451463079,19.951129645625503,14.676429451463079,19.951129645625503,14.092255841234582,14.623044911842356,14.092255841234582,14.623044911842356,96,101,96,101,-1,4,-1,4,-1,4,-1,4,96,101,96,101,-0.15962335872237593,,,,,,,,
1788315000,34.701091867244344,34.701091867244344,34.37988387,34.442202395,36.69076524481874,35.534853868214384,35.761155649485396,34.701091867244344,34.701091867244344,34.37988387,34.442202395,82.60434452101254,17.395655478987475,0.6520868904202505,13.882329317166908,19.08415817013142,13.882329317166908,19.08415817013142,13.21874335620884,13.920894134025598,13.21874335620884,13.920894134025598,96,101,96,101,-1,4,-1,4,-1,4,-1,4,96,101,96,101,-0.1703350727854027,,,,,,,,
1788315600,34.57164713112218,34.57164713112218,34.36991291,34.429738692499996,36.668267468178755,35.465413226071526,35.70998114308834,34.57164713112218,34.57164713112218,34.36991291,34.429738692499996,83.75479912958393,16.245200870416067,0.6750959825916787,13.113948643104607,18.231271094841876,13.113948643104607,18.231271094841876,12.123582902896413,13.022238518461005,12.123582902896413,13.022238518461005,96,101,96,101,-1,4,-1,4,-1,4,-1,4,96,101,96,101,-0.18308569754094042,,,,,,,,
1788316200,34.500692911811086,34.500692911811086,34.2602323,34.32504357,36.64495180750036,35.39193671773819,35.65294136375011,34.500692911811086,34.500692911811086,34.2602323,34.32504357,81.94634771328975,18.053652286710246,0.638926954265795,12.334091316955021,17.38881684085804,12.334091316955021,17.38881684085804,11.088650683353412,12.055444600907208,11.088650683353412,12.055444600907208,96,101,96,101,-1,4,-1,4,-1,4,-1,4,96,101,96,101,-0.1984333464954669,,,,,,,,
1788316800,34.41286824090554,34.41286824090554,34.2901452,34.3400000175,36.622016963818766,35.32130905619057,35.59590158441187,34.41286824090554,34.41286824090554,34.2901452,34.3400000175,83.53037952769472,16.46962047230528,0.6706075905538944,11.646135000283975,16.56843372077603,11.646135000283975,16.56843372077603,10.06933959349739,11.062392097202299,10.06933959349739,11.062392097202299,96,101,96,101,-1,4,-1,4,-1,4,-1,4,96,101,96,101,-0.2140159873073585,,,,,,,,
1788317400,34.37643412920277,34.37988387,34.14058074,34.257739564999994,36.59849181557181,35.24355927738105,35.536295748161876,34.37643412920277,34.37988387,34.14058074,34.257739564999994,80.52469846047217,19.475301539527834,0.6104939692094433,11.086763571856208,15.785337985216058,11.086763571856208,15.785337985216058,9.403855662283377,10.233123879742838,9.403855662283377,10.233123879742838,96,101,96,101,-1,4,-1,4,-1,4,-1,4,96,101,96,101,-0.2143541048227387,,,,,,,,
1788318000,34.31708684710138,34.31708684710138,34.05084206,34.1256242875,36.57388616852632,35.155363726785815,35.47221764110305,34.31708684710138,34.31708684710138,34.05084206,34.1256242875,79.21061536424142,20.78938463575858,0.5842123072848284,10.468085221881504,15.025730447596837,10.468085221881504,15.025730447596837,8.778977340620283,9.50605061018156,8.778977340620283,9.50605061018156,96,101,96,101,-1,4,-1,4,-1,4,-1,4,96,101,96,101,-0.2279864444489132,,,,,,,,
1788318600,34.22135556730069,34.23031941,34.10069688,34.1829573325,36.55009583184944,35.06883000357153,35.40747969102952,34.22135556730069,34.23031941,34.10069688,34.1829573325,81.23781120312042,18.76218879687959,0.6247562240624082,10.028901869334632,14.31189779355938,10.028901869334632,14.31189779355938,8.32102426920029,8.913537439690925,8.32102426920029,8.913537439690925,96,101,96,101,-1,4,-1,4,-1,4,-1,4,96,101,96,101,-0.25165185597395445,-0.25165185597395445,,-0.25165185597395445,,,,,
1788319200,34.20215644990034,34.35994194,34.20040652,34.2677105275,36.52738553031362,34.99226724440486,35.348900277500114,34.20215644990034,34.35994194,34.20040652,34.2677105275,82.07585924943207,17.92414075056793,0.6415171849886414,9.824861279309427,13.670892577237959,9.824861279309427,13.670892577237959,8.460437972607968,8.686987706149447,8.460437972607968,8.686987706149447,96,101,96,101,-1,4,-1,4,-1,4,-1,4,96,101,96,101,-0.24718972138372947,,,,,,,,
1788325200,34.23493348870017,34.2901452,34.07078399,34.1879428175,36.504107493370206,34.91333044619057,35.29464650286776,34.23493348870017,34.2901452,34.07078399,34.1879428175,79.95411616655016,20.04588383344984,0.5990823233310032,9.472603392331624,13.071136979394197,9.472603392331624,13.071136979394197,8.221805260466024,8.454396483307736,8.221805260466024,8.454396483307736,96,101,96,101,-1,4,-1,4,-1,4,-1,4,96,101,96,101,-0.22553301312487034,,,,,,,,
1788325800,34.21143815310009,34.30011616,34.09072592,34.1929282975,36.4811106854511,34.83427494583343,35.24391189205893,34.21143815310009,34.30011616,34.09072592,34.1929282975,80.28501943693198,19.714980563068018,0.6057003887386396,9.170201050222785,12.513860418083995,9.170201050222785,12.513860418083995,8.058338250113335,8.256367366710535,8.058338250113335,8.256367366710535,96,101,96,101,-1,4,-1,4,-1,4,-1,4,96,101,96,101,-0.2222090248131147,,,,,,,,
1788326400,34.20218322530005,34.46962255,34.20218322530005,34.35246372,36.45993011863069,34.764478197738185,35.19457028338246,34.20218322530005,34.46962255,34.20218322530005,34.35246372,80.93912240910277,19.060877590897228,0.6187824481820554,9.30956693837393,12.056104206696844,9.30956693837393,12.056104206696844,8.732097290770149,8.494232328740342,8.732097290770149,8.494232328740342,96,101,96,101,-1,4,-1,4,-1,4,-1,4,96,101,96,101,-0.2208112615389787,,,,,,,,
1788327000,34.277323472650025,34.60921604,34.277323472650025,34.4496806175,36.43992763603237,34.700735249285806,35.148747838455996,34.277323472650025,34.60921604,34.277323472650025,34.4496806175,81.13415872614024,18.865841273859758,0.6226831745228049,9.695018032055586,11.718806181748093,9.695018032055586,11.718806181748093,10.06359138463497,9.278911856687657,10.06359138463497,9.278911856687657,96,101,96,101,-1,4,-1,4,-1,4,-1,4,96,101,96,101,-0.19392073790648123,,,,,,,,
1788327600,34.36350204507501,34.55936122,34.34997098,34.4446951375,36.420074576345485,34.64102816726199,35.10666450507364,34.36350204507501,34.55936122,34.34997098,34.4446951375,83.41580870317125,16.58419129682875,0.668316174063425,10.039806657936213,11.478949106917824,10.039806657936213,11.478949106917824,11.346007209703295,10.312459533195476,11.346007209703295,10.312459533195476,96,101,96,101,-1,4,-1,4,-1,4,-1,4,96,101,96,101,-0.17769922063401689,,,,,,,,
1788328200,34.40409859128751,34.59924508,34.40409859128751,34.539419295,36.4013615884714,34.588680606190565,35.0684669150001,34.40409859128751,34.59924508,34.40409859128751,34.539419295,84.27371280162458,15.726287198375417,0.6854742560324917,10.609442313240521,11.35473385067821,10.609442313240521,11.35473385067821,12.907196613643737,11.609828073419607,12.907196613643737,11.609828073419607,96,101,96,101,-1,4,-1,4,-1,4,-1,4,96,101,96,101,-0.1719443012029801,,,,,,,,
1788328800,34.471758943143755,34.58927412,34.45965158,34.52446285,36.38268597913338,34.53609564119057,35.02836311125011,34.471758943143755,34.58927412,34.45965158,34.52446285,85.65225572344166,14.34774427655835,0.713045114468833,11.098998953811885,11.318200293983022,11.098998953811885,11.318200293983022,14.36415377271738,12.986990923068493,14.36415377271738,12.986990923068493,96,101,96,101,-1,4,-1,4,-1,4,-1,4,96,101,96,101,-0.15827126074525877,,,,,,,,
1788329400,34.49811089657187,34.51947737,34.36991291,34.4322314325,36.36327847120668,34.47900000214295,34.98613314617658,34.49811089657187,34.51947737,34.36991291,34.4322314325,84.27600195243602,15.723998047563981,0.6855200390487204,11.310677597910594,11.317125623115531,11.310677597910594,11.317125623115531,15.160136517666713,14.073563720367602,15.160136517666713,14.073563720367602,96,101,96,101,-1,4,-1,4,-1,4,-1,4,96,101,96,101,-0.1468609111688846,,,,,,,,
1788330000,34.46517116453593,34.46517116453593,34.36991291,34.412289505,36.34386564567228,34.42463450809534,34.94463634014716,34.46517116453593,34.46517116453593,34.36991291,34.412289505,84.79468329051389,15.20531670948611,0.6958936658102778,11.454715331811611,11.3367812957864,11.454715331811611,11.3367812957864,15.661170765634875,14.867367243001238,15.661170765634875,14.867367243001238,96,101,96,101,-1,4,-1,4,-1,4,-1,4,96,101,96,101,-0.14092882934472994,,,,,,,,
1788330600,34.43873033476797,34.45965158,34.37988387,34.429738692499996,36.324819606337236,34.3999445020239,34.90167321580893,34.43873033476797,34.45965158,34.37988387,34.429738692499996,85.06548577221498,14.934514227785012,0.7013097154442998,11.63442053978417,11.379301187786082,11.63442053978417,11.379301187786082,16.109031694902185,15.488199468951713,16.109031694902185,15.488199468951713,96,101,96,101,-1,4,-1,4,-1,4,-1,4,96,101,96,101,-0.13378277553712234,,,,,,,,
1788331200,34.43423451363398,34.46962255,34.3998258,34.432231432500004,36.30598788321448,34.38130829547629,34.85621735058834,34.43423451363398,34.46962255,34.3998258,34.432231432500004,85.4120844942778,14.587915505722194,0.7082416898855561,11.807854784884876,11.440523130228767,11.807854784884876,11.440523130228767,16.536254485537775,16.012226977244744,16.536254485537775,16.012226977244744,96,101,96,101,-1,4,-1,4,-1,4,-1,4,96,101,96,101,-0.12385816522351153,,,,,,,,
1788331800,34.43323297306699,34.43323297306699,34.34000002,34.37240565,36.28674825900339,34.36469002214295,34.80834206029423,34.43323297306699,34.43323297306699,34.34000002,34.37240565,84.43462389134312,15.565376108656881,0.6886924778268624,11.811337848477885,11.493496661407212,11.811337848477885,11.493496661407212,16.71070157231616,16.361464274780452,16.71070157231616,16.361464274780452,96,101,96,101,-1,4,-1,4,-1,4,-1,4,96,101,96,101,-0.11940296111503484,,,,,,,,
1788399000,34.40281931153349,34.94,34.40281931153349,34.8075,36.2720293708541,34.37852408738105,34.77692945823541,34.40281931153349,34.94,34.40281931153349,34.8075,80.24055721505991,19.759442784940077,0.6048111443011984,12.960479077037109,11.703065577925768,12.960479077037109,11.703065577925768,19.074700937383763,17.718082606082106,19.074700937383763,17.718082606082106,96,101,96,101,-1,4,-1,4,-1,4,-1,4,96,101,96,101,-0.09975047320114815,,,,,,,,
1788399600,34.60515965576674,34.83,34.59,34.745000000000005,36.256835048756045,34.39294302095248,34.74455841176482,34.60515965576674,34.83,34.59,34.745000000000005,86.45460536484141,13.545394635158587,0.7290921072968283,13.862932687855151,12.011618022201393,13.862932687855151,12.011618022201393,21.428075048752937,19.573078827417522,21.428075048752937,19.573078827417522,96,101,96,101,-1,4,-1,4,-1,4,-1,4,96,101,96,101,-0.0790928385764962,,,,,,,,
1788400200,34.67507982788337,34.84,34.56,34.7075,36.24141877961419,34.40616974988105,34.71086447632364,34.67507982788337,34.84,34.56,34.7075,85.61047513912902,14.389524860870967,0.7122095027825807,14.602161665622576,12.381695685547276,14.602161665622576,12.381695685547276,23.455645070921094,21.514361949169306,23.455645070921094,21.514361949169306,96,101,96,101,-1,4,-1,4,-1,4,-1,4,96,101,96,101,-0.0638644522993779,,,,,,,,
1788400800,34.69128991394169,34.69128991394169,34.53,34.575,36.224837498225,34.41807243702391,34.67429990485306,34.69128991394169,34.69128991394169,34.53,34.575,86.3285689642001,13.671431035799896,0.7265713792840021,14.939623638548525,12.747113964547454,14.939623638548525,12.747113964547454,24.582240568580783,23.048301258875043,24.582240568580783,23.048301258875043,96,101,96,101,-1,4,-1,4,-1,4,-1,4,96,101,96,101,-0.06153607158191862,,,,,,,,
1788401400,34.633144956970845,34.633144956970845,34.44,34.52,36.20787394102873,34.426643864762,34.636997477353056,34.633144956970845,34.633144956970845,34.44,34.52,84.77713162300068,15.222868376999315,0.6955426324600137,15.108127815591233,13.084401657553709,15.108127815591233,13.084401657553709,25.105150321827185,24.076725790351112,25.105150321827185,24.076725790351112,96,101,96,101,-1,4,-1,4,-1,4,-1,4,96,101,96,101,-0.07383231434099936,,,,,,,,
1788402000,34.576572478485424,34.61,34.4,34.4925,36.190805543605556,34.43782293309533,34.601525599117764,34.576572478485424,34.61,34.4,34.4925,84.06872233376046,15.931277666239534,0.6813744466752093,15.192169295365185,13.385511320098205,15.192169295365185,13.385511320098205,25.39919698848904,24.73796138942008,25.39919698848904,24.73796138942008,96,101,96,101,-1,4,-1,4,-1,4,-1,4,96,101,96,101,-0.07905243106443019,,,,,,,,
1788402600,34.53453623924271,34.55,34.41,34.474999999999994,36.17373285162938,34.45445987178581,34.567298596838356,34.53453623924271,34.55,34.41,34.474999999999994,84.89233713554637,15.10766286445363,0.6978467427109274,15.224118103901775,13.648169432070144,15.224118103901775,13.648169432070144,25.57029426065069,25.154127825035385,25.57029426065069,25.154127825035385,96,101,96,101,-1,4,-1,4,-1,4,-1,4,96,101,96,101,-0.08244321826080805,-0.08244321826080805,,-0.08244321826080805,,,,,
1788403200,34.50476811962135,34.55,34.46,34.502500000000005,36.15710366902611,34.46967618928581,34.53417368169129,34.50476811962135,34.55,34.46,34.502500000000005,86.01829645572386,13.981703544276153,0.7203659291144769,15.326211539308616,13.887889733104211,15.326211539308616,13.887889733104211,25.875853693878533,25.514990759456957,25.875853693878533,25.514990759456957,96,101,96,101,-1,4,-1,4,-1,4,-1,4,96,101,96,101,-0.07261216953845614,,,,,,,,
1788403800,34.50363405981068,34.55,34.44,34.489999999999995,36.140515572816895,34.48026140226201,34.50060780367659,34.50363405981068,34.55,34.44,34.489999999999995,85.5706812355398,14.429318764460202,0.7114136247107959,15.388091366188977,14.102204252116321,15.388091366188977,14.102204252116321,26.15140054793019,25.833195653693572,26.15140054793019,25.833195653693572,96,101,96,101,-1,4,-1,4,-1,4,-1,4,96,101,96,101,-0.053915122856336886,,,,,,,,
1788404400,34.49681702990534,34.74,34.48,34.605000000000004,36.12523681089832,34.500121268095334,34.47269707191189,34.49681702990534,34.74,34.48,34.605000000000004,84.65501397288713,15.344986027112867,0.6931002794577427,15.748426432039647,14.337378849248225,15.748426432039647,14.337378849248225,27.34264682035127,26.58792123702242,27.34264682035127,26.58792123702242,96,101,96,101,-1,4,-1,4,-1,4,-1,4,96,101,96,101,-0.043643433993444045,,,,,,,,
1788405000,34.55090851495267,34.73,34.55090851495267,34.669999999999995,36.11075684263068,34.52283896821438,34.464513871323646,34.55090851495267,34.73,34.55090851495267,34.669999999999995,86.46056477229693,13.539435227703073,0.7292112954459385,16.25421362437312,14.611212388551781,16.25421362437312,14.611212388551781,30.249344170059764,28.418632703541093,30.249344170059764,28.418632703541093,96,101,96,101,-1,4,-1,4,-1,4,-1,4,96,101,96,101,-0.03374833890305582,,,,,,,,
1788405600,34.610454257476334,34.69,34.610454257476334,34.6525,36.096246824296045,34.53712641011915,34.45948176044129,34.610454257476334,34.69,34.610454257476334,34.6525,88.17830223779306,11.82169776220694,0.7635660447558612,16.677783451715015,14.90643682614653,16.677783451715015,14.90643682614653,34.40554555574299,31.41208912964204,34.40554555574299,31.41208912964204,96,101,96,101,-1,4,-1,4,-1,4,-1,4,96,101,96,101,-0.026146407405499263,,,,,,,,
1788411600,34.63147712873817,34.69,34.55,34.61,36.08145829868116,34.544760666428665,34.45620560191188,34.63147712873817,34.69,34.55,34.61,86.80460926598866,13.195390734011353,0.7360921853197729,17.162503157292004,15.22873201631017,17.162503157292004,15.22873201631017,38.607494290012816,35.009791709827425,38.607494290012816,35.009791709827425,96,101,96,101,-1,4,-1,4,-1,4,-1,4,96,101,96,101,-0.01517996581185057,,,,,,,,
1788412200,34.620738564369084,34.620738564369084,34.44,34.504999999999995,36.06577214645548,34.54763232654771,34.45585311279424,34.620738564369084,34.620738564369084,34.44,34.504999999999995,84.89926830769406,15.100731692305935,0.6979853661538813,17.381403581277763,15.536256525591256,17.381403581277763,15.536256525591256,40.92383939341533,37.96681555162138,40.92383939341533,37.96681555162138,96,101,96,101,-1,4,-1,4,-1,4,-1,4,96,101,96,101,-0.003864406567776866,,,,,,,,
1788412800,34.562869282184536,34.562869282184536,34.31,34.4125,36.04932167733652,34.54158855059533,34.4549795129413,34.562869282184536,34.562869282184536,34.31,34.4125,82.43961244700357,17.56038755299643,0.6487922489400714,17.3621398447105,15.797096999751147,17.3621398447105,15.797096999751147,41.525180181635335,39.74599786662836,41.525180181635335,39.74599786662836,96,101,96,101,-1,4,-1,4,-1,4,-1,4,96,101,96,101,-0.0017313038885477699,,,,,,,,
1788413400,34.48768464109227,34.51,34.39,34.435,36.033258775074465,34.53732841488105,34.45513425727954,34.48768464109227,34.51,34.39,34.435,84.82080451745138,15.179195482548618,0.6964160903490276,17.44505234753387,16.032519192291538,17.44505234753387,16.032519192291538,42.03080193129299,40.88839989896067,42.03080193129299,40.88839989896067,96,101,96,101,-1,4,-1,4,-1,4,-1,4,96,101,96,101,-0.0055772106194134355,,,,,,,,
1788414000,34.46134232054614,34.48,34.39,34.4525,36.017529832038896,34.538293584761995,34.45888297580895,34.46134232054614,34.48,34.39,34.4525,85.10111507815134,14.898884921848666,0.7020223015630267,17.58231368596325,16.25391840567321,17.58231368596325,16.25391840567321,42.39561244421905,41.642006171589856,42.39561244421905,41.642006171589856,96,101,96,101,-1,4,-1,4,-1,4,-1,4,96,101,96,101,-0.012000996629729312,,,,,,,,
1788414600,34.45692116027307,34.64,34.45692116027307,34.5575,36.00300217201861,34.54520837023819,34.465280034117775,34.45692116027307,34.64,34.45692116027307,34.5575,85.10671485208616,14.893285147913844,0.7021342970417231,18.132167459733004,16.522239699110322,18.132167459733004,16.522239699110322,44.098065085612404,42.87003562860113,44.098065085612404,42.87003562860113,96,101,96,101,-1,4,-1,4,-1,4,-1,4,96,101,96,101,-0.01895867512609871,-0.01895867512609871,,-0.01895867512609871,,,,,
1788415200,34.50721058013653,34.76,34.50721058013653,34.68,35.98983797130201,34.55712557535724,34.47769945867659,34.50721058013653,34.76,34.50721058013653,34.68,85.11666786654351,14.8833321334565,0.70233335733087,19.079337033731427,16.887539318341908,19.079337033731427,16.887539318341908,47.053360791883584,44.96169821024236,47.053360791883584,44.96169821024236,96,101,96,101,-1,4,-1,4,-1,4,-1,4,96,101,96,101,-0.014889946690088397,,,,,,,,
1788415800,34.59360529006827,34.74,34.59360529006827,34.6875,35.97687938452288,34.56928122142866,34.494225214926594,34.59360529006827,34.74,34.59360529006827,34.6875,87.37059316558941,12.629406834410595,0.7474118633117881,19.98558170365549,17.330116801958134,19.98558170365549,17.330116801958134,50.02258459656572,47.49214140340404,50.02258459656572,47.49214140340404,96,101,96,101,-1,4,-1,4,-1,4,-1,4,96,101,96,101,-0.0003071798959389466,,,,,,,,
1788416400,34.640552645034134,34.7,34.640552645034134,34.6825,35.96399998766196,34.58404761904771,34.50891764632365,34.640552645034134,34.7,34.640552645034134,34.6825,88.76655211658547,11.233447883414527,0.7753310423317095,20.80927456777747,17.827139339932327,20.80927456777747,17.827139339932327,52.71191699005878,50.10202919673141,52.71191699005878,50.10202919673141,96,101,96,101,-1,4,-1,4,-1,4,-1,4,96,101,96,101,0.007904212935122296,,,,,,,,
1788417000,34.66152632251706,34.7,34.61,34.65,35.95092536091905,34.57654761904771,34.52016145433836,34.66152632251706,34.7,34.61,34.65,88.08609562404621,11.913904375953788,0.7617219124809242,21.45830194349917,18.34587685472759,21.45830194349917,18.34587685472759,54.771915415666534,52.43697230619897,54.771915415666534,52.43697230619897,96,101,96,101,-1,4,-1,4,-1,4,-1,4,96,101,96,101,0.014313082371284695,,,,,,,,
1788417600,34.655763161258534,34.655763161258534,34.57,34.6025,35.93750819314871,34.56976190476199,34.53235431264718,34.655763161258534,34.655763161258534,34.57,34.6025,87.55718070344025,12.442819296559742,0.7511436140688051,21.891679806140967,18.852420133500924,21.891679806140967,18.852420133500924,55.80499371840172,54.12098301230034,55.80499371840172,54.12098301230034,96,101,96,101,-1,4,-1,4,-1,4,-1,4,96,101,96,101,0.02072188843025568,,,,,,,,
1788418200,34.62913158062926,34.64,34.59,34.605000000000004,35.92424940515718,34.564880952381046,34.54447406860306,34.62913158062926,34.64,34.59,34.605000000000004,88.13047638806526,11.869523611934735,0.7626095277613053,22.303012128997832,19.34536184714334,22.303012128997832,19.34536184714334,55.80314436361625,54.96206368795829,55.80314436361625,54.96206368795829,96,101,96,101,-1,4,-1,4,-1,4,-1,4,96,101,96,101,0.02358267131678278,,,,,,,,