time,open,high,low,close,EMA 曲线,Cloud Candle,Cloud Reach,PlotCandle (开盘价),PlotCandle (最高价,PlotCandle (最低价),PlotCandle (关闭),Red %,Blue %,B,red_green (开盘价),red_green (最高价,red_green (最低价),red_green (关闭),cyan_magenta (开盘价),cyan_magenta (最高价,cyan_magenta (最低价),cyan_magenta (关闭),yellow (开盘价),yellow (最高价,yellow (最低价),yellow (关闭),blue (开盘价),blue (最高价,blue (最低价),blue (关闭),fuchsia (开盘价),fuchsia (最高价,fuchsia (最低价),fuchsia (关闭),white (开盘价),white (最高价,white (最低价),white (关闭),rs,Regular Bullish,Regular Bullish Label,Hidden Bullish,Hidden Bullish Label,Regular Bearish,Regular Bearish Label,Hidden Bearish,Hidden Bearish Label
1784514000,18.000680164495396,18.07,17.78,17.925,17.75674208262619,17.59690476190471,17.629191176470613,18.000680164495396,18.07,17.78,17.925,,,,37.239601016760844,34.86698430239998,37.239601016760844,34.86698430239998,42.875046521310885,38.84500088221482,42.875046521310885,38.84500088221482,96,101,96,101,-1,4,-1,4,-1,4,-1,4,96,101,96,101,0.21926096986394927,,,,,0.21926096986394927,,0.21926096986394927,
1784514600,17.9628400822477,17.9628400822477,17.68,17.75,17.756674997226924,17.610833333333282,17.613970588235322,17.9628400822477,17.9628400822477,17.68,17.75,,,,37.4264204058328,35.23261803146181,37.4264204058328,35.23261803146181,44.73595931858345,41.79048010039914,44.73595931858345,41.79048010039914,96,101,96,101,-1,4,-1,4,-1,4,-1,4,96,101,96,101,0.15405610530422875,,,,,,,,
1784515200,17.856420041123847,17.95,17.72,17.8375,17.757479226110238,17.62190476190471,17.604411764705908,17.856420041123847,17.95,17.72,17.8375,,,,38.05279410355281,35.63550032747481,38.05279410355281,35.63550032747481,47.16724788854082,44.478863994469975,47.16724788854082,44.478863994469975,96,101,96,101,-1,4,-1,4,-1,4,-1,4,96,101,96,101,0.09177602711994122,,,,,,,,
1784515800,17.846960020561923,18,17.846960020561923,17.947499999999998,17.759369980079292,17.636666666666617,17.598897058823553,17.846960020561923,18,17.846960020561923,17.947499999999998,,,,39.20378500091808,36.145255280823854,39.20378500091808,36.145255280823854,50.683126879103106,47.58099543678654,50.683126879103106,47.58099543678654,96,101,96,101,-1,4,-1,4,-1,4,-1,4,96,101,96,101,0.09085159323384262,0.09085159323384262,,0.09085159323384262,,,,,
1784516400,17.89723001028096,18,17.82,17.935000000000002,17.76111754246656,17.658214285714237,17.592426470588258,17.89723001028096,18,17.82,17.935000000000002,,,,40.20786246979662,36.725627736391395,40.20786246979662,36.725627736391395,53.79543634451537,50.68821589065095,53.79543634451537,50.68821589065095,96,101,96,101,-1,4,-1,4,-1,4,-1,4,96,101,96,101,0.10470822800105059,,,,,,,,
1784517000,17.916115005140483,17.95,17.86,17.9025,17.762524333088784,17.68166666666662,17.59977941176473,17.916115005140483,17.95,17.86,17.9025,,,,40.97200065777182,37.332252439445746,40.97200065777182,37.332252439445746,56.30118210522811,53.49469899793953,56.30118210522811,53.49469899793953,96,101,96,101,-1,4,-1,4,-1,4,-1,4,96,101,96,101,0.10865680580960514,,,,,,,,
1784517600,17.909307502570243,17.93,17.83,17.869999999999997,17.76359374270979,17.702619047619,17.610955882352965,17.909307502570243,17.93,17.83,17.869999999999997,,,,41.51333808490819,37.92955038879752,41.51333808490819,37.92955038879752,58.09742738188452,55.796063189912026,58.09742738188452,55.796063189912026,96,101,96,101,-1,4,-1,4,-1,4,-1,4,96,101,96,101,0.10800064616919379,,,,,,,,
1784523600,17.88965375128512,17.95,17.83,17.877499999999998,17.764727138304718,17.72654761904757,17.620808823529433,17.88965375128512,17.95,17.83,17.877499999999998,,,,42.05482842873979,38.51887582307499,42.05482842873979,38.51887582307499,59.68135550852761,57.73870934921982,59.68135550852761,57.73870934921982,96,101,96,101,-1,4,-1,4,-1,4,-1,4,96,101,96,101,0.11147074428022702,,,,,,,,
1784524200,17.88357687564256,17.98,17.83,17.9,17.76607313692855,17.755357142857093,17.632720588235316,17.88357687564256,17.98,17.83,17.9,,,,42.67410051819833,39.112479350949755,42.67410051819833,39.112479350949755,61.23792052431529,59.48831493676755,61.23792052431529,59.48831493676755,96,101,96,101,-1,4,-1,4,-1,4,-1,4,96,101,96,101,0.12730081971442803,,,,,,,,
1784524800,17.89178843782128,18.02,17.82,17.9125,17.767530120640703,17.781547619047572,17.64514705882355,17.89178843782128,18.02,17.82,17.9125,,,,43.540785646019344,39.7450945359597,43.540785646019344,39.7450945359597,62.754547860152705,61.12143139846013,62.754547860152705,61.12143139846013,96,101,96,101,-1,4,-1,4,-1,4,-1,4,96,101,96,101,0.15485029039414952,,,,,,,,
1784525400,17.902144218910642,17.94,17.78,17.8525,17.768375592077113,17.799523809523762,17.656323529411786,17.902144218910642,17.94,17.78,17.8525,,,,44.015894363611366,40.355208797052796,44.015894363611366,40.355208797052796,63.391760269483356,62.256595833971744,63.391760269483356,62.256595833971744,96,101,96,101,-1,4,-1,4,-1,4,-1,4,96,101,96,101,0.18183800514889345,,,,,0.18183800514889345,,0.18183800514889345,
1784526000,17.87732210945532,17.87732210945532,17.58,17.7225,17.76791911852411,17.806785714285667,17.665367647058844,17.87732210945532,17.87732210945532,17.58,17.7225,,,,43.74278102994682,40.83914768746622,43.74278102994682,40.83914768746622,62.35785575453738,62.30722579425456,62.35785575453738,62.30722579425456,96,101,96,101,-1,4,-1,4,-1,4,-1,4,96,101,96,101,0.16534842152688325,,,,,,,,
1784526600,17.79991105472766,17.79991105472766,17.43,17.58,17.766049276548745,17.804880952380902,17.673308823529432,17.79991105472766,17.79991105472766,17.43,17.58,,,,42.706208758576985,41.1058706976249,42.706208758576985,41.1058706976249,59.76942357446729,61.03832468436093,59.76942357446729,61.03832468436093,96,101,96,101,-1,4,-1,4,-1,4,-1,4,96,101,96,101,0.12188073259022039,,,,,,,,
1784527200,17.68995552736383,17.69,17.46,17.555,17.763949283747266,17.805714285714235,17.681691176470608,17.68995552736383,17.69,17.46,17.555,,,,41.60631472637094,41.177362701731475,41.60631472637094,41.177362701731475,56.85851177194977,58.94841822815535,56.85851177194977,58.94841822815535,96,101,96,101,-1,4,-1,4,-1,4,-1,4,96,101,96,101,0.07622241599202538,,,,,,,,
1784527800,17.622477763681914,17.72,17.58,17.6475,17.762790584406495,17.815119047618996,17.687279411764727,17.622477763681914,17.72,17.58,17.6475,,,,41.093226311849946,41.165343217462684,41.093226311849946,41.165343217462684,55.13551445873303,57.04196634344419,55.13551445873303,57.04196634344419,96,101,96,101,-1,4,-1,4,-1,4,-1,4,96,101,96,101,0.07259644909859073,0.07259644909859073,,0.07259644909859073,,,,,
1784528400,17.634988881840957,17.75,17.62,17.695,17.762116051228322,17.829166666666616,17.689926470588258,17.634988881840957,17.75,17.62,17.695,,,,40.87777608078375,41.12426219793712,40.87777608078375,41.12426219793712,54.170957218137566,55.60646178079088,54.170957218137566,55.60646178079088,96,101,96,101,-1,4,-1,4,-1,4,-1,4,96,101,96,101,0.1087131101769172,,,,,,,,
1784529000,17.66499444092048,17.73,17.58,17.665,17.76114972236038,17.824761904761857,17.69073529411767,17.66499444092048,17.73,17.58,17.665,,,,40.512879987101385,41.03692188210344,40.512879987101385,41.03692188210344,53.084469652835025,54.34546571681295,53.084469652835025,54.34546571681295,96,101,96,101,-1,4,-1,4,-1,4,-1,4,96,101,96,101,0.13441091659403662,,,,,,,,
1784529600,17.66499722046024,17.95,17.59,17.755,17.76108853109311,17.8248809523809,17.69875000000002,17.66499722046024,17.95,17.59,17.755,,,,40.66855339461612,40.984297812462394,40.66855339461612,40.984297812462394,53.33646380188234,53.84096475934764,53.33646380188234,53.84096475934764,96,101,96,101,-1,4,-1,4,-1,4,-1,4,96,101,96,101,0.123539104603171,,,,,,,,
1784530200,17.70999861023012,17.99,17.70999861023012,17.919999999999998,17.76266973973895,17.828095238095187,17.713750000000022,17.70999861023012,17.99,17.70999861023012,17.919999999999998,,,,41.719700679616054,41.08935536491292,41.719700679616054,41.08935536491292,55.09647033079157,54.46871754506961,55.09647033079157,54.46871754506961,96,101,96,101,-1,4,-1,4,-1,4,-1,4,96,101,96,101,0.12788318669579268,,,,,,,,
1784597400,17.81499930511506,18.4,17.81499930511506,18.185,17.766872030885825,17.834880952380903,17.735955882352965,17.81499930511506,18.4,17.81499930511506,18.185,,,,44.15180997173139,41.5268488801727,44.15180997173139,41.5268488801727,57.70173316503591,56.085225355052756,57.70173316503591,56.085225355052756,96,101,96,101,-1,4,-1,4,-1,4,-1,4,96,101,96,101,0.22089800878623606,,,,,,,,
1784598000,17.999999652557527,18.05,17.8,17.96,17.768793702220293,17.828333333333283,17.753161764705908,17.999999652557527,18.05,17.8,17.96,,,,45.173933435289044,42.04786095947503,45.173933435289044,42.04786095947503,58.43481807612012,57.26002171558644,58.43481807612012,57.26002171558644,96,101,96,101,-1,4,-1,4,-1,4,-1,4,96,101,96,101,0.2614988165543301,,,,,,,,
1784598600,17.979999826278764,18.13,17.979999826278764,18.0625,17.77171615294447,17.834880952380903,17.775735294117673,17.979999826278764,18.13,17.979999826278764,18.0625,,,,46.76028193991125,42.721063956680204,46.76028193991125,42.721063956680204,59.93791773619622,58.59896972589133,59.93791773619622,58.59896972589133,96,101,96,101,-1,4,-1,4,-1,4,-1,4,96,101,96,101,0.27030351303889066,,,,,,,,
1784599200,18.021249913139382,18.07,17.88,17.9775,17.773763753412684,17.845714285714234,17.79382352941179,18.021249913139382,18.07,17.88,17.9775,,,,47.75898947991759,43.44076760285697,47.75898947991759,43.44076760285697,60.12368893580342,59.361329330847376,60.12368893580342,59.361329330847376,96,101,96,101,-1,4,-1,4,-1,4,-1,4,96,101,96,101,0.3016127150415888,,,,,0.3016127150415888,,0.3016127150415888,
1784599800,17.99937495656969,18.04,17.84,17.935,17.77536809417475,17.850357142857092,17.807352941176497,17.99937495656969,18.04,17.84,17.935,,,,48.58150405623683,44.175158524768385,48.58150405623683,44.175158524768385,59.81062511338476,59.58597722211607,59.81062511338476,59.58597722211607,96,101,96,101,-1,4,-1,4,-1,4,-1,4,96,101,96,101,0.28834989688784457,,,,,,,,
1784600400,17.967187478284842,18.21,17.95,18.07,17.77829975492923,17.856190476190427,17.822058823529435,17.967187478284842,18.21,17.95,18.07,,,,50.289968052219926,45.04870274297575,50.289968052219926,45.04870274297575,60.924961654689874,60.25546943840297,60.924961654689874,60.25546943840297,96,101,96,101,-1,4,-1,4,-1,4,-1,4,96,101,96,101,0.2666785512814997,,,,,,,,
1784601000,18.01859373914242,18.2,18.01859373914242,18.1525,17.78202314045232,17.86654761904757,17.83772058823532,18.01859373914242,18.2,18.01859373914242,18.1525,,,,52.36747033420422,46.094240970294095,52.36747033420422,46.094240970294095,62.614419678078185,61.43494455824057,62.614419678078185,61.43494455824057,96,101,96,101,-1,4,-1,4,-1,4,-1,4,96,101,96,101,0.2691789535435822,,,,,,,,
1784601600,18.08554686957121,18.14,17.98,18.0575,17.784764203731402,17.87392857142852,17.853014705882376,18.08554686957121,18.14,17.98,18.0575,,,,53.73110340557059,47.185221318190735,53.73110340557059,47.185221318190735,63.470695824390695,62.45282019131564,63.470695824390695,62.45282019131564,96,101,96,101,-1,4,-1,4,-1,4,-1,4,96,101,96,101,0.24086688257582856,,,,,,,,
1784602200,18.071523434785604,18.071523434785604,17.83,17.935,17.786259087276363,17.87702380952376,17.86727941176473,18.071523434785604,18.071523434785604,17.83,17.935,,,,54.268167448029835,48.197070765310606,54.268167448029835,48.197070765310606,62.92961342910714,62.69121681021139,62.92961342910714,62.69121681021139,96,101,96,101,-1,4,-1,4,-1,4,-1,4,96,101,96,101,0.1625134400236618,,,,,,,,
1784602800,18.003261717392803,18.003261717392803,17.82,17.9,17.787390837651724,17.878095238095188,17.881985294117673,18.003261717392803,18.003261717392803,17.82,17.9,,,,54.55853643983722,49.10585157595727,54.55853643983722,49.10585157595727,61.234288490886,61.962752650548694,61.234288490886,61.962752650548694,96,101,96,101,-1,4,-1,4,-1,4,-1,4,96,101,96,101,0.08183657632942938,,,,,,,,
1784603400,17.9516308586964,18.02,17.9,17.947499999999998,17.78898396364524,17.880357142857093,17.887573529411792,17.9516308586964,18.02,17.9,17.947499999999998,,,,55.11090288461075,49.963716048622054,55.11090288461075,49.963716048622054,60.1938403815736,61.078296516061144,60.1938403815736,61.078296516061144,96,101,96,101,-1,4,-1,4,-1,4,-1,4,96,101,96,101,0.05414649094025178,,,,,,,,
1784604000,17.949565429348198,18,17.9,17.955,17.79063586450449,17.882380952380903,17.89352941176473,17.949565429348198,18,17.9,17.955,,,,55.66845744047189,50.778679104600606,55.66845744047189,50.778679104600606,59.281216437072544,60.179756476566844,59.281216437072544,60.179756476566844,96,101,96,101,-1,4,-1,4,-1,4,-1,4,96,101,96,101,0.05015636207957161,,,,,,,,
1784610000,17.952282714674098,18.18,17.95,18.0425,17.793141975305442,17.89142857142852,17.899117647058848,17.952282714674098,18.18,17.95,18.0425,,,,56.707020004247724,51.62558494740734,56.707020004247724,51.62558494740734,59.69990190828343,59.93982919242514,59.69990190828343,59.93982919242514,96,101,96,101,-1,4,-1,4,-1,4,-1,4,96,101,96,101,0.04306802626044335,0.04306802626044335,,0.04306802626044335,,,,,
1784610600,17.99739135733705,18.13,17.99739135733705,18.075,17.79594653276509,17.908214285714234,17.90007352941179,17.99739135733705,18.13,17.99739135733705,18.075,,,,57.86485190870622,52.516908799021465,57.86485190870622,52.516908799021465,60.37541729008716,60.15762324125615,60.37541729008716,60.15762324125615,96,101,96,101,-1,4,-1,4,-1,4,-1,4,96,101,96,101,0.053594343241724816,,,,,,,,
1784611200,18.036195678668527,18.38,18.03,18.18,17.799767960299764,17.936785714285662,17.902500000000025,18.036195678668527,18.38,18.03,18.18,,,,59.56498153427483,53.52377633262909,59.56498153427483,53.52377633262909,62.51971166445919,61.33866745285766,62.51971166445919,61.33866745285766,96,101,96,101,-1,4,-1,4,-1,4,-1,4,96,101,96,101,0.0850029358751033,,,,,,,,
1784611800,18.108097839334263,18.5,18.108097839334263,18.37,17.805441910943546,17.975595238095185,17.915588235294145,18.108097839334263,18.5,18.108097839334263,18.37,,,,61.73891142468377,54.69736706006547,61.73891142468377,54.69736706006547,65.08684412005319,63.212755786455425,65.08684412005319,63.212755786455425,96,101,96,101,-1,4,-1,4,-1,4,-1,4,96,101,96,101,0.15458094834234626,,,,,,,,
1784612400,18.239048919667134,18.46,18.239048919667134,18.42,17.811556916804804,18.0123809523809,17.93529411764709,18.239048919667134,18.46,18.239048919667134,18.42,,,,64.03228588336022,56.03092689196472,64.03228588336022,56.03092689196472,68.14679519858835,65.67977549252188,68.14679519858835,65.67977549252188,96,101,96,101,-1,4,-1,4,-1,4,-1,4,96,101,96,101,0.20896415945943908,,,,,,,,
1784613000,18.329524459833568,18.6,18.329524459833568,18.4925,17.81833246987142,18.05035714285709,17.95455882352944,18.329524459833568,18.6,18.329524459833568,18.4925,,,,66.05293893250794,57.46264289775661,66.05293893250794,57.46264289775661,70.8512186431542,68.26549706783804,70.8512186431542,68.26549706783804,96,101,96,101,-1,4,-1,4,-1,4,-1,4,96,101,96,101,0.23185461909160038,,,,,,,,
1784613600,18.411012229916786,18.75,18.411012229916786,18.6325,17.826433639325437,18.09642857142852,17.974705882352968,18.411012229916786,18.75,18.411012229916786,18.6325,,,,67.93625435437949,58.95887310584559,67.93625435437949,58.95887310584559,73.03919273273297,70.6523449002855,73.03919273273297,70.6523449002855,96,101,96,101,-1,4,-1,4,-1,4,-1,4,96,101,96,101,0.2605380115297838,,,,,,,,
1784614200,18.521756114958393,18.82,18.521756114958393,18.7325,17.835449225003792,18.14297619047614,17.99816176470591,18.521756114958393,18.82,18.521756114958393,18.7325,,,,69.84071943135943,60.513422580919,69.84071943135943,60.513422580919,75.30494470599476,72.97864480314013,75.30494470599476,72.97864480314013,96,101,96,101,-1,4,-1,4,-1,4,-1,4,96,101,96,101,0.29526272665629816,,,,,,,,
1784614800,18.627128057479197,18.75,18.6,18.674999999999997,17.84380296405848,18.17892857142852,18.020882352941204,18.627128057479197,18.75,18.6,18.674999999999997,,,,71.35562395169441,62.062308491029775,71.35562395169441,62.062308491029775,77.24417266162179,75.11140873238097,77.24417266162179,75.11140873238097,96,101,96,101,-1,4,-1,4,-1,4,-1,4,96,101,96,101,0.30408902206210275,,,,,,,,
1784615400,18.651064028739597,18.7,18.61,18.645,17.851775073868843,18.200833333333282,18.043676470588263,18.651064028739597,18.7,18.61,18.645,,,,72.63004587401606,63.571985260027816,72.63004587401606,63.571985260027816,78.75001855834714,76.93071364536405,78.75001855834714,76.93071364536405,96,101,96,101,-1,4,-1,4,-1,4,-1,4,96,101,96,101,0.2720776054061801,,,,,,,,
1784616000,18.648032014369797,18.72,18.648032014369797,18.6725,17.859941491044278,18.234761904761854,18.067058823529436,18.648032014369797,18.72,18.648032014369797,18.6725,,,,73.93468986361457,65.05237163196878,73.93468986361457,65.05237163196878,80.26684844310448,78.59878104423427,80.26684844310448,78.59878104423427,96,101,96,101,-1,4,-1,4,-1,4,-1,4,96,101,96,101,0.24332659047826355,,,,,,,,
1784616600,18.660266007184898,18.68,18.61,18.6575,17.867877396606026,18.26309523809519,18.089338235294147,18.660266007184898,18.68,18.61,18.6575,,,,75.0800074306756,66.48489103178404,75.0800074306756,66.48489103178404,81.37007565870393,79.98442835146909,81.37007565870393,79.98442835146909,96,101,96,101,-1,4,-1,4,-1,4,-1,4,96,101,96,101,0.2234442595680604,0.2234442595680604,,0.2234442595680604,,,,,
1784683800,18.65888300359245,19.59,18.65888300359245,19.277500000000003,17.881903492162184,18.32499999999995,18.129485294117675,18.65888300359245,19.59,18.65888300359245,19.277500000000003,,,,75.92605591366082,67.83362887205216,75.92605591366082,67.83362887205216,80.741501367758,80.36296485961356,80.741501367758,80.36296485961356,96,101,96,101,-1,4,-1,4,-1,4,-1,4,96,101,96,101,0.34024619128207517,,,,,,,,
1784684400,18.968191501796227,19.65,18.968191501796227,19.5775,17.898775099205345,18.403214285714235,18.180220588235322,18.968191501796227,19.65,18.968191501796227,19.5775,,,,77.43425308600867,69.2051466169031,77.43425308600867,69.2051466169031,81.55112344210976,80.95704415086166,81.55112344210976,80.95704415086166,96,101,96,101,-1,4,-1,4,-1,4,-1,4,96,101,96,101,0.545596470823784,,,,,,,,
1784685000,19.272845750898114,19.89,19.272845750898114,19.7075,17.91677236189982,18.481190476190427,18.2386029411765,19.272845750898114,19.89,19.272845750898114,19.7075,,,,78.56149310721516,70.54176754409052,78.56149310721516,70.54176754409052,82.32917607674011,81.64311011380089,82.32917607674011,81.64311011380089,96,101,96,101,-1,4,-1,4,-1,4,-1,4,96,101,96,101,0.6559463293359391,,,,,,,,
1784685600,19.490172875449055,19.94,19.490172875449055,19.822499999999998,17.93573482596052,18.560714285714234,18.304558823529444,19.490172875449055,19.94,19.490172875449055,19.822499999999998,,,,79.78650637327955,71.86244451968895,79.78650637327955,71.86244451968895,83.54637413824048,82.59474212602069,83.54637413824048,82.59474212602069,96,101,96,101,-1,4,-1,4,-1,4,-1,4,96,101,96,101,0.7020650605932256,,,,,,,,
1784686200,19.656336437724526,19.96,19.656336437724526,19.8725,17.955006121224596,18.647142857142804,18.372720588235325,19.656336437724526,19.96,19.656336437724526,19.8725,,,,80.99970004034365,73.16776673692534,80.99970004034365,73.16776673692534,84.95772390174399,83.77623301388235,84.95772390174399,83.77623301388235,96,101,96,101,-1,4,-1,4,-1,4,-1,4,96,101,96,101,0.7311210096611289,,,,,,,,
1784686800,19.76441821886226,19.98,19.76441821886226,19.875,17.97411053792883,18.739523809523757,18.438235294117675,19.76441821886226,19.98,19.76441821886226,19.875,,,,82.07384545525171,74.44006369668625,82.07384545525171,74.44006369668625,86.34333053211928,85.05978177300082,86.34333053211928,85.05978177300082,96,101,96,101,-1,4,-1,4,-1,4,-1,4,96,101,96,101,0.7265720317764341,,,,,,,,
1784687400,19.81970910943113,20.28,19.81970910943113,20.095,17.99521391566088,18.84404761904757,18.508823529411796,19.81970910943113,20.28,19.81970910943113,20.095,,,,82.90634317697102,75.6495321938698,82.90634317697102,75.6495321938698,86.92858830675013,85.99418503987548,86.92858830675013,85.99418503987548,96,101,96,101,-1,4,-1,4,-1,4,-1,4,96,101,96,101,0.7534755670394271,,,,,,,,
1784688000,19.957354554715565,20.28,19.88,20.0825,18.015982931425448,18.945714285714235,18.57992647058827,19.957354554715565,20.28,19.88,20.0825,,,,83.64911043188472,76.7923290850148,83.64911043188472,76.7923290850148,87.6088426110068,86.80151382544113,87.6088426110068,86.80151382544113,96,101,96,101,-1,4,-1,4,-1,4,-1,4,96,101,96,101,0.7877469914614307,,,,,0.7877469914614307,,0.7877469914614307,
1784688600,20.01992727735778,20.01992727735778,19.78,19.872500000000002,18.03445573807793,19.037023809523756,18.64220588235297,20.01992727735778,20.01992727735778,19.78,19.872500000000002,,,,83.83034830660483,77.79776040238481,83.83034830660483,77.79776040238481,87.33882512527674,87.07016947535894,87.33882512527674,87.07016947535894,96,101,96,101,-1,4,-1,4,-1,4,-1,4,96,101,96,101,0.7372118312189645,,,,,,,,
1784689200,19.94621363867889,19.94621363867889,19.71,19.822499999999998,18.052247223271184,19.121785714285664,18.698161764705915,19.94621363867889,19.94621363867889,19.71,19.822499999999998,,,,83.87757524354224,78.666305379693,83.87757524354224,78.666305379693,86.66764190157106,86.86890568846499,86.66764190157106,86.86890568846499,96,101,96,101,-1,4,-1,4,-1,4,-1,4,96,101,96,101,0.6718234875813793,,,,,,,,
1784689800,19.884356819339445,19.99,19.8,19.8975,18.070607947417738,19.20857142857138,18.748529411764736,19.884356819339445,19.99,19.8,19.8975,,,,84.10302689079526,79.44297988127904,84.10302689079526,79.44297988127904,86.34802119136901,86.608463439917,86.34802119136901,86.608463439917,96,101,96,101,-1,4,-1,4,-1,4,-1,4,96,101,96,101,0.6500335245061939,,,,,,,,
1784690400,19.890928409669723,20,19.890928409669723,19.955000000000002,18.089358117095173,19.293095238095187,18.807205882352974,19.890928409669723,20,19.890928409669723,19.955000000000002,,,,84.42398862917204,80.15455255954949,84.42398862917204,80.15455255954949,86.31439774514493,86.46143059253097,86.31439774514493,86.46143059253097,96,101,96,101,-1,4,-1,4,-1,4,-1,4,96,101,96,101,0.6387752912971965,,,,,,,,
1784696400,19.922964204834862,19.94,19.79,19.8875,18.107250076129052,19.365357142857093,18.86088235294121,19.922964204834862,19.94,19.79,19.8875,,,,84.5528515967625,80.78288099343706,84.5528515967625,80.78288099343706,85.97908216115194,86.22025637684146,85.97908216115194,86.22025637684146,96,101,96,101,-1,4,-1,4,-1,4,-1,4,96,101,96,101,0.6231221927494386,,,,,,,,
1784697000,19.90523210241743,20.08,19.8,19.9025,18.12511325945115,19.43595238095233,18.917500000000032,19.90523210241743,20.08,19.8,19.9025,,,,84.71010405163032,81.34391285889323,84.71010405163032,81.34391285889323,85.88013326056625,86.05019481870386,85.88013326056625,86.05019481870386,96,101,96,101,-1,4,-1,4,-1,4,-1,4,96,101,96,101,0.610102770506111,,,,,,,,
1784697600,19.903866051208716,19.903866051208716,19.71,19.79,18.141679296670542,19.497738095238045,18.972058823529444,19.903866051208716,19.903866051208716,19.71,19.79,,,,84.57416930107526,81.80537806491922,84.57416930107526,81.80537806491922,85.22331062568563,85.63675272219474,85.22331062568563,85.63675272219474,96,101,96,101,-1,4,-1,4,-1,4,-1,4,96,101,96,101,0.5722057882167193,,,,,,,,
1784698200,19.846933025604358,19.846933025604358,19.64,19.7225,18.15740885590765,19.54964285714281,19.020661764705917,19.846933025604358,19.846933025604358,19.64,19.7225,,,,84.27877124322903,82.1587199475349,84.27877124322903,82.1587199475349,84.2899759500171,84.96336433610591,84.2899759500171,84.96336433610591,96,101,96,101,-1,4,-1,4,-1,4,-1,4,96,101,96,101,0.5168721880208362,,,,,,,,
1784698800,19.784716512802177,19.88,19.63,19.759999999999998,18.173355036445884,19.59857142857138,19.06794117647062,19.784716512802177,19.88,19.63,19.759999999999998,,,,84.09845800906353,82.43582538489613,84.09845800906353,82.43582538489613,83.53161296621926,84.24748865116258,83.53161296621926,84.24748865116258,96,101,96,101,-1,4,-1,4,-1,4,-1,4,96,101,96,101,0.48756967631869313,,,,,,,,
1784699400,19.772358256401088,19.9,19.63,19.759999999999998,18.189142548521048,19.650238095238045,19.118014705882384,19.772358256401088,19.9,19.63,19.759999999999998,,,,83.93102429162415,82.64942522871442,83.93102429162415,82.64942522871442,82.89046297964099,83.56897581540179,82.89046297964099,83.56897581540179,96,101,96,101,-1,4,-1,4,-1,4,-1,4,96,101,96,101,0.48389866994165676,,,,,,,,
1784700000,19.76617912820054,19.76617912820054,19.62,19.662499999999998,18.20380282167009,19.698690476190425,19.1688235294118,19.76617912820054,19.76617912820054,19.62,19.662499999999998,,,,83.5311892231748,82.77539151363733,83.5311892231748,82.77539151363733,81.94020898417669,82.75459239978923,81.94020898417669,82.75459239978923,96,101,96,101,-1,4,-1,4,-1,4,-1,4,96,101,96,101,0.4623604785023663,,,,,,,,
1784700600,19.71433956410027,19.74,19.54,19.662499999999998,18.21831722145447,19.745833333333284,19.220661764705913,19.71433956410027,19.74,19.54,19.662499999999998,,,,83.15991380247183,82.83032326918512,83.15991380247183,82.83032326918512,80.8219072974819,81.78824984863556,80.8219072974819,81.78824984863556,96,101,96,101,-1,4,-1,4,-1,4,-1,4,96,101,96,101,0.4264680181365791,,,,,,,,
1784701200,19.688419782050133,19.85,19.65,19.7175,18.233234463032037,19.79630952380947,19.27272058823533,19.688419782050133,19.85,19.65,19.7175,,,,82.95300266620505,82.84784889733082,82.95300266620505,82.84784889733082,80.22840527305186,81.00832756084371,80.22840527305186,81.00832756084371,96,101,96,101,-1,4,-1,4,-1,4,-1,4,96,101,96,101,0.4150710572175299,,,,,,,,
1784701800,19.702959891025067,19.8,19.65,19.6975,18.247804269370025,19.816309523809473,19.323970588235326,19.702959891025067,19.8,19.65,19.6975,,,,82.71074558353125,82.82826270964516,82.71074558353125,82.82826270964516,79.55562866571223,80.28197811327797,79.55562866571223,80.28197811327797,96,101,96,101,-1,4,-1,4,-1,4,-1,4,96,101,96,101,0.4040372092543923,,,,,,,,
1784702400,19.700229945512532,19.73,19.68,19.6975,18.262229102510624,19.822023809523756,19.372647058823564,19.700229945512532,19.73,19.68,19.6975,,,,82.4857925781913,82.77933840515175,82.4857925781913,82.77933840515175,78.8528674114913,79.56742276238464,78.8528674114913,79.56742276238464,96,101,96,101,-1,4,-1,4,-1,4,-1,4,96,101,96,101,0.3798645076938867,,,,,,,,
1784703000,19.69886497275627,19.69886497275627,19.6,19.645000000000003,18.2759880169135,19.819047619047566,19.4188235294118,19.69886497275627,19.69886497275627,19.6,19.645000000000003,,,,82.14532869729292,82.68876558974334,82.14532869729292,82.68876558974334,77.92179739462752,78.74461007850607,77.92179739462752,78.74461007850607,96,101,96,101,-1,4,-1,4,-1,4,-1,4,96,101,96,101,0.3429598277850267,,,,,,,,
1784770200,19.671932486378136,19.81,19.32,19.6475,18.289634902317346,19.810714285714237,19.46198529411768,19.671932486378136,19.81,19.32,19.6475,,,,81.83544932919055,82.56686326680722,81.83544932919055,82.56686326680722,76.73063256105524,77.73762131978066,76.73063256105524,77.73762131978066,96,101,96,101,-1,4,-1,4,-1,4,-1,4,96,101,96,101,0.30505845769799816,,,,,,,,
1784770800,19.659716243189067,19.66,19.47,19.595,18.302623609756974,19.79749999999995,19.498014705882387,19.659716243189067,19.66,19.47,19.595,,,,81.41612525429848,82.4024721221631,81.41612525429848,82.4024721221631,75.2667468038865,76.50218406183359,75.2667468038865,76.50218406183359,96,101,96,101,-1,4,-1,4,-1,4,-1,4,96,101,96,101,0.273237072356005,,,,,,,,
1784771400,19.627358121594533,19.71,19.58,19.6475,18.316005464386258,19.786666666666616,19.534117647058856,19.627358121594533,19.71,19.58,19.6475,,,,81.15833184641,82.22473779705551,81.15833184641,82.22473779705551,74.13066984939724,75.31642695561541,74.13066984939724,75.31642695561541,96,101,96,101,-1,4,-1,4,-1,4,-1,4,96,101,96,101,0.2542481503581331,0.2542481503581331,,0.2542481503581331,,,,,
1784772000,19.637429060797267,20.12,19.637429060797267,19.907500000000002,18.331841230909777,19.777738095238043,19.57573529411768,19.637429060797267,20.12,19.637429060797267,19.907500000000002,,,,81.5705813260524,82.13128687262649,81.5705813260524,82.13128687262649,74.47819364783201,74.8973103017237,74.47819364783201,74.8973103017237,96,101,96,101,-1,4,-1,4,-1,4,-1,4,96,101,96,101,0.3030272435624337,,,,,,,,
1784772600,19.772464530398636,20.38,19.772464530398636,20.2275,18.350703507219134,19.784642857142803,19.622647058823564,19.772464530398636,20.38,19.772464530398636,20.2275,,,,82.51771897951838,82.18649145932532,82.51771897951838,82.18649145932532,75.78698093443701,75.34214561808037,75.78698093443701,75.34214561808037,96,101,96,101,-1,4,-1,4,-1,4,-1,4,96,101,96,101,0.4223137513645713,,,,,,,,
1784773200,19.999982265199318,20.39,19.999982265199318,20.275000000000002,18.369850736003023,19.803809523809473,19.668014705882385,19.999982265199318,20.39,19.999982265199318,20.275000000000002,,,,83.48610228985508,82.37215014940101,83.48610228985508,82.37215014940101,77.63379615672994,76.48797088740515,77.63379615672994,76.48797088740515,96,101,96,101,-1,4,-1,4,-1,4,-1,4,96,101,96,101,0.5163849815220265,,,,,,,,
1784773800,20.13749113259966,20.28,20.08,20.21,18.388160678928365,19.822261904761852,19.713161764705916,20.13749113259966,20.28,20.08,20.21,,,,84.20811684413844,82.63443110579206,84.20811684413844,82.63443110579206,79.17165053016606,77.8298107087856,79.17165053016606,77.8298107087856,96,101,96,101,-1,4,-1,4,-1,4,-1,4,96,101,96,101,0.5185464565766059,,,,,,,,
1784774400,20.17374556629983,20.46,20.17374556629983,20.332500000000003,18.407507338839526,19.84297619047614,19.76279411764709,20.17374556629983,20.46,20.17374556629983,20.332500000000003,,,,85.01988826003333,82.97521069925509,85.01988826003333,82.97521069925509,80.86912305303755,79.34946688091158,80.86912305303755,79.34946688091158,96,101,96,101,-1,4,-1,4,-1,4,-1,4,96,101,96,101,0.513947708872376,,,,,,,,
1784775000,20.253122783149916,20.58,20.253122783149916,20.49,18.428228658851072,19.868452380952327,19.816250000000032,20.253122783149916,20.58,20.253122783149916,20.49,,,,85.8756105271738,83.38955353181491,85.8756105271738,83.38955353181491,82.39288947156639,80.87117817623898,82.39288947156639,80.87117817623898,96,101,96,101,-1,4,-1,4,-1,4,-1,4,96,101,96,101,0.5546137914955171,,,,,,,,
1784775600,20.371561391574957,20.5,20.31,20.4225,18.448072154782903,19.893928571428518,19.868161764705913,20.371561391574957,20.5,20.31,20.4225,,,,86.50824130891654,83.83508035711516,86.50824130891654,83.83508035711516,83.6091868619377,82.24018251908834,83.6091868619377,82.24018251908834,96,101,96,101,-1,4,-1,4,-1,4,-1,4,96,101,96,101,0.5756454329253202,,,,,0.5756454329253202,0.5756454329253202,0.5756454329253202,
1784776200,20.39703069578748,20.4,20.32,20.365000000000002,18.467146063690535,19.915952380952326,19.90014705882356,20.39703069578748,20.4,20.32,20.365000000000002,,,,86.93684653177799,84.27818981063842,86.93684653177799,84.27818981063842,84.08420481582716,83.16219366745776,84.08420481582716,83.16219366745776,96,101,96,101,-1,4,-1,4,-1,4,-1,4,96,101,96,101,0.545701839611089,,,,,,,,
1784776800,20.38101534789374,20.39,20.26,20.317500000000003,18.485557545643864,19.941071428571377,19.921911764705918,20.38101534789374,20.39,20.26,20.317500000000003,,,,87.19546849071061,84.6949439077916,87.19546849071061,84.6949439077916,83.66067913650612,83.41143640198194,83.66067913650612,83.41143640198194,96,101,96,101,-1,4,-1,4,-1,4,-1,4,96,101,96,101,0.4959741250267454,,,,,,,,
1784782800,20.349257673946873,20.349257673946873,20.08,20.205,18.50266642578671,19.96404761904757,19.93654411764709,20.349257673946873,20.349257673946873,20.08,20.205,,,,87.14656298186745,85.04517520408815,87.14656298186745,85.04517520408815,82.11395025281874,82.76269332740034,82.11395025281874,82.76269332740034,96,101,96,101,-1,4,-1,4,-1,4,-1,4,96,101,96,101,0.42226610362832406,,,,,,,,
1784783400,20.277128836973436,20.277128836973436,20.13,20.165,18.519207058365946,19.98333333333328,19.946617647058858,20.277128836973436,20.277128836973436,20.13,20.165,,,,86.99064906287278,85.32310004105739,86.99064906287278,85.32310004105739,80.39304052043616,81.57786692391825,80.39304052043616,81.57786692391825,96,101,96,101,-1,4,-1,4,-1,4,-1,4,96,101,96,101,0.3579593051389297,,,,,,,,
1784784000,20.22106441848672,20.22106441848672,19.95,20.0725,18.534662709526483,19.998214285714234,19.952500000000036,20.22106441848672,20.22106441848672,19.95,20.0725,,,,86.60648261842327,85.5064404092525,86.60648261842327,85.5064404092525,77.83605023514356,79.7069585795309,77.83605023514356,79.7069585795309,96,101,96,101,-1,4,-1,4,-1,4,-1,4,96,101,96,101,0.3019288385947815,,,,,,,,
1784784600,20.146782209243362,20.146782209243362,19.91,19.9875,18.549118801969005,20.013690476190423,19.95580882352945,20.146782209243362,20.146782209243362,19.91,19.9875,,,,86.02977733822534,85.5812028276772,86.02977733822534,85.5812028276772,74.8312730325873,77.2691158060591,74.8312730325873,77.2691158060591,96,101,96,101,-1,4,-1,4,-1,4,-1,4,96,101,96,101,0.226803147136522,,,,,,,,
1784785200,20.067141104621683,20.067141104621683,19.86,19.939999999999998,18.562958415879763,20.02690476190471,19.951250000000037,20.067141104621683,20.067141104621683,19.86,19.939999999999998,,,,85.371335685702,85.55122180739502,85.371335685702,85.55122180739502,71.56576738222532,74.41744159414222,71.56576738222532,74.41744159414222,96,101,96,101,-1,4,-1,4,-1,4,-1,4,96,101,96,101,0.1695679714091316,,,,,,,,
1784785800,20.00357055231084,20.07,19.95,20.0025,18.57728221273668,20.040476190476138,19.94889705882357,20.00357055231084,20.07,19.95,20.0025,,,,84.92167506218912,85.4612865580799,84.92167506218912,85.4612865580799,69.11662272741954,71.76703216078087,69.11662272741954,71.76703216078087,96,101,96,101,-1,4,-1,4,-1,4,-1,4,96,101,96,101,0.15460538733708568,,,,,,,,
1784786400,20.003035276155423,20.05,19.98,20.01,18.59153811111741,20.055357142857094,19.952941176470627,20.003035276155423,20.05,19.98,20.01,,,,84.52354299252967,85.32732319157273,84.52354299252967,85.32732319157273,67.07283144471661,69.41993180274875,67.07283144471661,69.41993180274875,96,101,96,101,-1,4,-1,4,-1,4,-1,4,96,101,96,101,0.15259914913515232,,,,,,,,
1784787000,20.00651763807771,20.02,19.97,20.002499999999998,18.605577532897335,20.069880952380903,19.95823529411769,20.00651763807771,20.02,19.97,20.002499999999998,,,,84.13443898995767,85.15691116277058,84.13443898995767,85.15691116277058,65.20419030426436,67.31206105350655,65.20419030426436,67.31206105350655,96,101,96,101,-1,4,-1,4,-1,4,-1,4,96,101,96,101,0.14062594192443925,,,,,,,,
1784787600,20.004508819038854,20.01,19.93,19.9875,18.619328005206814,20.086190476190424,19.960882352941216,20.004508819038854,20.01,19.93,19.9875,,,,83.73430825465014,84.95368217589623,83.73430825465014,84.95368217589623,63.41653685725799,65.36429895538227,63.41653685725799,65.36429895538227,96,101,96,101,-1,4,-1,4,-1,4,-1,4,96,101,96,101,0.12099316786900804,,,,,,,,
1784788200,19.99600440951943,20.02,19.9,19.97,18.632767527543063,20.10154761904757,19.961323529411803,19.99600440951943,20.02,19.9,19.97,,,,83.27034380575722,84.71320526587637,83.27034380575722,84.71320526587637,61.74026154549419,63.55228025043823,61.74026154549419,63.55228025043823,96,101,96,101,-1,4,-1,4,-1,4,-1,4,96,101,96,101,0.09467250547575562,,,,,,,,
1784788800,19.983002204759714,20.1,19.93,20.02,18.646570835726713,20.12178571428566,19.96522058823533,19.983002204759714,20.1,19.93,20.02,,,,82.97278193477031,84.46457336143264,82.97278193477031,84.46457336143264,60.75016115409639,62.15122070226731,60.75016115409639,62.15122070226731,96,101,96,101,-1,4,-1,4,-1,4,-1,4,96,101,96,101,0.08230741841484826,,,,,,,,
1784789400,20.001501102379855,20.1,20.001501102379855,20.06,18.660634807510526,20.14142857142852,19.96985294117651,20.001501102379855,20.1,20.001501102379855,20.06,,,,82.77673585958166,84.22345371831106,82.77673585958166,84.22345371831106,60.286991204100076,61.21910595318369,60.286991204100076,61.21910595318369,96,101,96,101,-1,4,-1,4,-1,4,-1,4,96,101,96,101,0.08642221490960211,,,,,,,,
1784856600,20.030750551189925,20.030750551189925,18.74,19.11,18.665106102958184,20.103452380952326,19.949852941176506,20.030750551189925,20.030750551189925,18.74,19.11,,,,79.94131236339413,83.61171923903721,79.94131236339413,83.61171923903721,56.832174296650756,59.025640124917224,56.832174296650756,59.025640124917224,96,101,96,101,-1,4,-1,4,-1,4,-1,4,96,101,96,101,-0.0773669375839629,,,,,,,,
1784857200,19.570375275594962,19.58,19.19,19.362499999999997,18.672045345714817,20.06226190476185,19.939264705882387,19.570375275594962,19.58,19.19,19.362499999999997,,,,77.96371162035057,82.80486100779626,77.96371162035057,82.80486100779626,53.93903025985432,56.482335192385776,53.93903025985432,56.482335192385776,96,101,96,101,-1,4,-1,4,-1,4,-1,4,96,101,96,101,-0.22761870369006246,-0.22761870369006246,,-0.22761870369006246,,,,,
1784857800,19.46643763779748,19.62,19.4,19.4975,18.680258824861934,20.02523809523804,19.931544117647096,19.46643763779748,19.62,19.4,19.4975,,,,76.40971890988297,81.89126927952293,76.40971890988297,81.89126927952293,52.105252082666254,54.293793637526015,52.105252082666254,54.293793637526015,96,101,96,101,-1,4,-1,4,-1,4,-1,4,96,101,96,101,-0.20597253848287828,,,,,,,,
1784858400,19.48196881889874,19.78,19.47,19.585,18.68926122461455,19.995476190476136,19.926397058823564,19.48196881889874,19.78,19.47,19.585,,,,75.058732418943,80.91519258515437,75.058732418943,80.91519258515437,51.186440944923156,52.740117291224585,51.186440944923156,52.740117291224585,96,101,96,101,-1,4,-1,4,-1,4,-1,4,96,101,96,101,-0.1514695406227294,,,,,,,,
1784859000,19.533484409449372,19.69,19.4,19.54,18.6977262870562,19.957738095238046,19.922794117647097,19.533484409449372,19.69,19.4,19.54,,,,73.53936187722866,79.86150248402213,73.53936187722866,79.86150248402213,50.09068293640831,51.415400113816446,50.09068293640831,51.415400113816446,96,101,96,101,-1,4,-1,4,-1,4,-1,4,96,101,96,101,-0.12320753409640682,,,,,,,,
1784859600,19.536742204724685,19.536742204724685,19.36,19.465,18.705360851364098,19.908928571428522,19.916985294117683,19.536742204724685,19.536742204724685,19.36,19.465,,,,71.75751689901182,78.70379025759209,71.75751689901182,78.70379025759209,48.62351147569373,50.01945579475509,48.62351147569373,50.01945579475509,96,101,96,101,-1,4,-1,4,-1,4,-1,4,96,101,96,101,-0.13011498682221806,,,,,,,,
1784860200,19.500871102362343,19.51,19.25,19.380000000000003,18.712073678713708,19.859285714285665,19.90705882352945,19.500871102362343,19.51,19.25,19.380000000000003,,,,69.61039935211927,77.40473441395311,69.61039935211927,77.40473441395311,46.833927697120025,48.42669174593756,46.833927697120025,48.42669174593756,96,101,96,101,-1,4,-1,4,-1,4,-1,4,96,101,96,101,-0.1544448896635262,,,,,,,,
1784860800,19.440435551181174,19.440435551181174,19.2,19.235,18.71727692569168,19.80547619047614,19.89345588235298,19.440435551181174,19.440435551181174,19.2,19.235,,,,66.92899276058982,75.90819989204407,66.92899276058982,75.90819989204407,44.570185079460565,46.49843841269906,44.570185079460565,46.49843841269906,96,101,96,101,-1,4,-1,4,-1,4,-1,4,96,101,96,101,-0.1989115888343686,,,,,,,,
1784861400,19.337717775590587,19.337717775590587,19.16,19.2,18.722080140361417,19.752261904761856,19.878823529411804,19.337717775590587,19.337717775590587,19.16,19.2,,,,64.28758174759628,74.24811158569437,64.28758174759628,74.24811158569437,42.14002750783138,44.31923296026522,42.14002750783138,44.31923296026522,96,101,96,101,-1,4,-1,4,-1,4,-1,4,96,101,96,101,-0.24041085883314608,,,,,,,,
1784862000,19.268858887795293,19.268858887795293,19.15,19.185000000000002,18.726686308119014,19.703690476190427,19.865294117647096,19.268858887795293,19.268858887795293,19.15,19.185000000000002,,,,61.780455712688216,72.46701788955063,61.780455712688216,72.46701788955063,39.781076024710444,42.050154492487835,39.781076024710444,42.050154492487835,96,101,96,101,-1,4,-1,4,-1,4,-1,4,96,101,96,101,-0.25035272703499806,,,,,,,,
1784862600,19.226929443897646,19.226929443897646,19.1,19.145000000000003,18.730848633411362,19.655119047619,19.850514705882393,19.226929443897646,19.226929443897646,19.1,19.145000000000003,,,,59.30737747650274,70.58706925911522,59.30737747650274,70.58706925911522,37.4270385922911,39.738596542389466,37.4270385922911,39.738596542389466,96,101,96,101,-1,4,-1,4,-1,4,-1,4,96,101,96,101,-0.2511212547860223,,,,,,,,
1784863200,19.185964721948825,19.19,19.05,19.1275,18.734795413178414,19.610119047618998,19.83676470588239,19.185964721948825,19.19,19.05,19.1275,,,,56.81348938330558,68.61941499114242,56.81348938330558,68.61941499114242,35.15635097033156,37.44747375636051,35.15635097033156,37.44747375636051,96,101,96,101,-1,4,-1,4,-1,4,-1,4,96,101,96,101,-0.25847513160542107,,,,,,,,
1784869200,19.156732360974413,19.2,19.06,19.125,18.738678045883105,19.56904761904757,19.82139705882357,19.156732360974413,19.2,19.06,19.125,,,,54.24994821617506,66.56663402328994,54.24994821617506,66.56663402328994,33.187947354964976,35.31771055566274,33.187947354964976,35.31771055566274,96,101,96,101,-1,4,-1,4,-1,4,-1,4,96,101,96,101,-0.27764771210343303,,,,,,,,
1784869800,19.14086618048721,19.14086618048721,19.02,19.057499999999997,18.741850403635514,19.52702380952376,19.79639705882357,19.14086618048721,19.14086618048721,19.02,19.057499999999997,,,,51.60748297092032,64.42961244438,51.60748297092032,64.42961244438,31.112545498315356,33.21512802698905,31.112545498315356,33.21512802698905,96,101,96,101,-1,4,-1,4,-1,4,-1,4,96,101,96,101,-0.30603525288150457,,,,,,,,
1784870400,19.099183090243603,19.099183090243603,18.9,18.979999999999997,18.744220051360532,19.478333333333282,19.759705882352982,19.099183090243603,19.099183090243603,18.9,18.979999999999997,,,,48.8529112059167,62.20436941031382,48.8529112059167,62.20436941031382,28.777160396828055,30.99614421190855,28.777160396828055,30.99614421190855,96,101,96,101,-1,4,-1,4,-1,4,-1,4,96,101,96,101,-0.33183776343872684,,,,,,,,
1784871000,19.0395915451218,19.0395915451218,18.88,18.93,18.746068608063414,19.426904761904712,19.72014705882357,19.0395915451218,19.0395915451218,18.88,18.93,,,,46.10099518810278,59.90388737856939,46.10099518810278,59.90388737856939,26.40399942436754,28.700071818138046,26.40399942436754,28.700071818138046,96,101,96,101,-1,4,-1,4,-1,4,-1,4,96,101,96,101,-0.341697583308648,,,,,,,,
1784871600,18.9847957725609,18.9847957725609,18.86,18.8875,18.747475885595122,19.373809523809477,19.68125000000004,18.9847957725609,18.9847957725609,18.86,18.8875,,,,43.38066012808302,57.54342634278562,43.38066012808302,57.54342634278562,24.03664476300109,26.368358290569567,24.03664476300109,26.368358290569567,96,101,96,101,-1,4,-1,4,-1,4,-1,4,96,101,96,101,-0.34372112152563206,,,,,,,,
1784872200,18.93614788628045,18.93614788628045,18.79,18.8425,18.74842139917129,19.319285714285666,19.637426470588277,18.93614788628045,18.93614788628045,18.79,18.8425,,,,40.67994527421375,55.13435761870393,40.67994527421375,55.13435761870393,21.607956027542702,23.988157159056136,21.607956027542702,23.988157159056136,96,101,96,101,-1,4,-1,4,-1,4,-1,4,96,101,96,101,-0.34784700699173693,-0.34784700699173693,,-0.34784700699173693,,,,,
1784872800,18.889323943140226,18.91,18.81,18.86,18.749531634005404,19.266428571428523,19.589485294117686,18.889323943140226,18.91,18.81,18.86,,,,38.24007340680097,52.720888445574936,38.24007340680097,52.720888445574936,19.542734944290224,21.76544605167318,19.542734944290224,21.76544605167318,96,101,96,101,-1,4,-1,4,-1,4,-1,4,96,101,96,101,-0.34298678960614765,,,,,,,,
1784873400,18.874661971570113,19.12,18.874661971570113,19,18.752023856552615,19.217857142857092,19.54764705882357,18.874661971570113,19.12,18.874661971570113,19,,,,36.51795636221581,50.40618386223792,36.51795636221581,50.40618386223792,18.76352142064845,20.264483736160813,18.76352142064845,20.264483736160813,96,101,96,101,-1,4,-1,4,-1,4,-1,4,96,101,96,101,-0.3057547352454209,,,,,,,,
1784874000,18.937330985785056,19.15,18.937330985785056,19.0975,18.755461430119254,19.17202380952376,19.510367647058864,18.937330985785056,19.15,18.937330985785056,19.0975,,,,35.29734146677804,48.247777805743645,35.29734146677804,48.247777805743645,18.714467661975906,19.489475699068358,18.714467661975906,19.489475699068358,96,101,96,101,-1,4,-1,4,-1,4,-1,4,96,101,96,101,-0.2535871439021597,,,,,,,,
1784874600,19.01741549289253,19.17,18.98,19.0775,18.758665793998667,19.17047619047614,19.473897058823567,19.01741549289253,19.17,18.98,19.0775,,,,34.08627359803303,46.2247057760707,34.08627359803303,46.2247057760707,18.92147607663086,19.20547588784961,18.92147607663086,19.20547588784961,96,101,96,101,-1,4,-1,4,-1,4,-1,4,96,101,96,101,-0.21700674302497952,,,,,,,,
1784875200,19.047457746446263,19.047457746446263,18.96,18.9875,18.76094275127231,19.152619047619,19.438088235294156,19.047457746446263,19.047457746446263,18.96,18.9875,,,,32.612331695067944,44.28008090735602,32.612331695067944,44.28008090735602,18.690392495175644,18.947934191512626,18.690392495175644,18.947934191512626,96,101,96,101,-1,4,-1,4,-1,4,-1,4,96,101,96,101,-0.2095194152445698,,,,,,,,
1784875800,19.017478873223133,19.04,18.97,19.0075,18.763396057229798,19.12928571428567,19.404044117647096,19.017478873223133,19.04,18.97,19.0075,,,,31.32131110815316,42.42882807889847,31.32131110815316,42.42882807889847,18.61013189559731,18.779033043554968,18.61013189559731,18.779033043554968,96,101,96,101,-1,4,-1,4,-1,4,-1,4,96,101,96,101,-0.21488765991640937,,,,,,,,
1785115800,19.012489436611567,19.58,18.91,19.244999999999997,18.76818813626234,19.11309523809519,19.37970588235298,19.012489436611567,19.58,18.91,19.244999999999997,,,,31.044478327136005,40.80249240007526,31.044478327136005,40.80249240007526,20.607535833320615,19.693284438437793,20.607535833320615,19.693284438437793,96,101,96,101,-1,4,-1,4,-1,4,-1,4,96,101,96,101,-0.15072735714480295,,,,,,,,
1785116400,19.128744718305782,19.17,18.85,19.0175,18.770668851324405,19.088214285714237,19.35117647058828,19.128744718305782,19.17,18.85,19.0175,,,,29.904267142278464,39.245603077532856,29.904267142278464,39.245603077532856,20.78071289558952,20.23699866701366,20.78071289558952,20.23699866701366,96,101,96,101,-1,4,-1,4,-1,4,-1,4,96,101,96,101,-0.13774256999306977,,,,,-0.13774256999306977,,-0.13774256999306977,
1785117000,19.07312235915289,19.18,18.93,19.0625,18.773572643848542,19.06904761904757,19.325367647058865,19.07312235915289,19.18,18.93,19.0625,,,,29.02018905447597,37.784829645667585,29.02018905447597,37.784829645667585,21.190447942339098,20.71372330467638,21.190447942339098,20.71372330467638,96,101,96,101,-1,4,-1,4,-1,4,-1,4,96,101,96,101,-0.19801953870315064,,,,,,,,
1785117600,19.067811179576445,19.14,18.98,19.040000000000003,18.77622366231771,19.052857142857096,19.297058823529454,19.067811179576445,19.14,18.98,19.040000000000003,,,,28.11191468101963,36.402984650717876,28.11191468101963,36.402984650717876,21.45696205893027,21.085342681803326,21.45696205893027,21.085342681803326,96,101,96,101,-1,4,-1,4,-1,4,-1,4,96,101,96,101,-0.23532182619398695,-0.23532182619398695,,-0.23532182619398695,,,,,
1785118200,19.053905589788222,19.22,19.01,19.12,18.77964432239415,19.047380952380905,19.27088235294122,19.053905589788222,19.22,19.01,19.12,,,,27.57907605473563,35.142426279863265,27.57907605473563,35.142426279863265,22.223416197125598,21.654379439464464,22.223416197125598,21.654379439464464,96,101,96,101,-1,4,-1,4,-1,4,-1,4,96,101,96,101,-0.22444483552791125,,,,,,,,
1785118800,19.08695279489411,19.22,19.08,19.1475,18.783304577892718,19.044880952380904,19.24573529411769,19.08695279489411,19.22,19.08,19.1475,,,,27.19105198871415,34.00651566684196,27.19105198871415,34.00651566684196,23.212408830507044,22.433394134985754,23.212408830507044,22.433394134985754,96,101,96,101,-1,4,-1,4,-1,4,-1,4,96,101,96,101,-0.19620954902449014,,,,,,,,
1785119400,19.117226397447055,19.117226397447055,19.01,19.0525,18.78598313930672,19.03857142857138,19.21823529411769,19.117226397447055,19.117226397447055,19.01,19.0525,,,,26.461955107532706,32.92872130122635,26.461955107532706,32.92872130122635,23.361587390212136,22.897490762598945,23.361587390212136,22.897490762598945,96,101,96,101,-1,4,-1,4,-1,4,-1,4,96,101,96,101,-0.19057843894165183,,,,,,,,
1785120000,19.084863198723525,19.084863198723525,18.97,19.02,18.788311665283768,19.032619047618997,19.1902941176471,19.084863198723525,19.084863198723525,18.97,19.02,,,,25.65877197873379,31.890157112298848,25.65877197873379,31.890157112298848,23.132886665238644,23.015188713918796,23.132886665238644,23.015188713918796,96,101,96,101,-1,4,-1,4,-1,4,-1,4,96,101,96,101,-0.19835226779972107,,,,,,,,
1785120600,19.05243159936176,19.05243159936176,18.93,18.975,18.79016926065408,19.025357142857093,19.159558823529455,19.05243159936176,19.05243159936176,18.93,18.975,,,,24.738269632426725,30.868458900888545,24.738269632426725,30.868458900888545,22.52748100449768,22.77133485920824,22.52748100449768,22.77133485920824,96,101,96,101,-1,4,-1,4,-1,4,-1,4,96,101,96,101,-0.20833432096033294,,,,,,,,
1785121200,19.01371579968088,19.01371579968088,18.86,18.9125,18.791386481941103,19.015238095238047,19.125808823529454,19.01371579968088,19.01371579968088,18.86,18.9125,,,,23.640893230110542,29.835949519348834,23.640893230110542,29.835949519348834,21.550338947985168,22.160836903596703,21.550338947985168,22.160836903596703,96,101,96,101,-1,4,-1,4,-1,4,-1,4,96,101,96,101,-0.22473576914299015,,,,,,,,
1785121800,18.96310789984044,18.96310789984044,18.86,18.8975,18.792442337842186,19.007619047619,19.119558823529456,18.96310789984044,18.96310789984044,18.86,18.8975,,,,22.563671042866634,28.797052594137092,22.563671042866634,28.797052594137092,20.29340971784265,21.227123310719676,20.29340971784265,21.227123310719676,96,101,96,101,-1,4,-1,4,-1,4,-1,4,96,101,96,101,-0.23736320132573616,-0.23736320132573616,,-0.23736320132573616,,,,,
1785122400,18.930303949920223,18.95,18.89,18.915,18.793661817067637,19.00452380952376,19.10639705882357,18.930303949920223,18.95,18.89,18.915,,,,21.631328080177408,27.773377663571427,21.631328080177408,27.773377663571427,19.271130262971134,20.249126786845405,19.271130262971134,20.249126786845405,96,101,96,101,-1,4,-1,4,-1,4,-1,4,96,101,96,101,-0.23484925393526795,,,,,,,,
1785128400,18.92265197496011,18.98,18.89,18.9375,18.795093042768457,19.004880952380905,19.089926470588278,18.92265197496011,18.98,18.89,18.9375,,,,20.85292576389145,26.78474167790286,20.85292576389145,26.78474167790286,18.58925732485582,19.419192055850612,18.58925732485582,19.419192055850612,96,101,96,101,-1,4,-1,4,-1,4,-1,4,96,101,96,101,-0.2189810342758661,,,,,,,,
1785129000,18.930075987480055,19.04,18.93,18.97,18.796833410502103,19.008809523809475,19.071838235294162,18.930075987480055,19.04,18.93,18.97,,,,20.256288209327774,25.852105468106423,20.256288209327774,25.852105468106423,18.759287191082905,19.08923962346676,18.759287191082905,19.08923962346676,96,101,96,101,-1,4,-1,4,-1,4,-1,4,96,101,96,101,-0.18910993388943131,,,,,,,,
1785129600,18.950037993740025,18.950037993740025,18.84,18.904999999999998,18.79790969497472,19.011785714285665,19.053161764705926,18.950037993740025,18.950037993740025,18.84,18.904999999999998,,,,19.449938430400632,24.937510177005596,19.449938430400632,24.937510177005596,18.249645756841574,18.669442690154167,18.249645756841574,18.669442690154167,96,101,96,101,-1,4,-1,4,-1,4,-1,4,96,101,96,101,-0.17287795227719252,,,,,,,,
1785130200,18.927518996870013,18.927518996870013,18.85,18.884999999999998,18.798776265173977,19.012976190476145,19.036102941176516,18.927518996870013,18.927518996870013,18.85,18.884999999999998,,,,18.623545312701204,24.035515196390683,18.623545312701204,24.035515196390683,17.541425092627367,18.105433891390767,17.541425092627367,18.105433891390767,96,101,96,101,-1,4,-1,4,-1,4,-1,4,96,101,96,101,-0.17232362807646395,,,,,,,,
1785130800,18.906259498435006,18.99,18.89,18.919999999999998,18.799982471490654,19.00916666666662,19.022573529411808,18.906259498435006,18.99,18.89,18.919999999999998,,,,17.992049840054843,23.17216300262842,17.992049840054843,23.17216300262842,17.481292026718624,17.793362959054697,17.481292026718624,17.793362959054697,96,101,96,101,-1,4,-1,4,-1,4,-1,4,96,101,96,101,-0.168815168010425,,,,,,,,
1785131400,18.913129749217504,19,18.91,18.955,18.801524934460897,19.002380952380904,19.01433823529416,18.913129749217504,19,18.91,18.955,,,,17.541530752100616,22.367786966838732,17.541530752100616,22.367786966838732,17.81626025153643,17.804811605295562,17.81626025153643,17.804811605295562,96,101,96,101,-1,4,-1,4,-1,4,-1,4,96,101,96,101,-0.15143920708203873,,,,,,,,
1785132000,18.93406487460875,19.4,18.93406487460875,19.189999999999998,18.8053903579986,19.007738095238047,19.014044117647103,18.93406487460875,19.4,18.93406487460875,19.189999999999998,,,,18.035458679745602,21.748882925825427,18.035458679745602,21.748882925825427,21.412598295955245,19.608704950625402,21.412598295955245,19.608704950625402,96,101,96,101,-1,4,-1,4,-1,4,-1,4,96,101,96,101,-0.09084024679798115,,,,,,,,
1785132600,19.062032437304374,19.39,19.062032437304374,19.315,18.810461100705083,19.023333333333284,19.01786764705887,19.062032437304374,19.39,19.062032437304374,19.315,,,,18.979354488335215,21.35323600618397,18.979354488335215,21.35323600618397,26.288790852622572,22.94874790162399,26.288790852622572,22.94874790162399,96,101,96,101,-1,4,-1,4,-1,4,-1,4,96,101,96,101,-0.009324935508982366,,,,,,,,
1785133200,19.18851621865219,19.31,19.18851621865219,19.2625,18.814959000200556,19.035476190476142,19.021323529411813,19.18851621865219,19.31,19.18851621865219,19.2625,,,,19.7442220248827,21.123376865998072,19.7442220248827,21.123376865998072,30.714198442589282,26.831473172106634,30.714198442589282,26.831473172106634,96,101,96,101,-1,4,-1,4,-1,4,-1,4,96,101,96,101,0.021775168518780596,,,,,0.021775168518780596,,0.021775168518780596,
1785133800,19.225508109326093,19.37,19.225508109326093,19.317500000000003,18.81995940815876,19.03892857142852,19.026911764705932,19.225508109326093,19.37,19.225508109326093,19.317500000000003,,,,20.818860210712955,21.079874486671628,20.818860210712955,21.079874486671628,35.38980560414418,31.110639388125406,35.38980560414418,31.110639388125406,96,101,96,101,-1,4,-1,4,-1,4,-1,4,96,101,96,101,0.015326395403029464,,,,,,,,
1785134400,19.271504054663048,19.36,19.271504054663048,19.3325,18.82505931454524,19.05392857142852,19.0330147058824,19.271504054663048,19.36,19.271504054663048,19.3325,,,,21.896733832025667,21.19656867886506,21.896733832025667,21.19656867886506,39.802502848131155,35.45657111812828,39.802502848131155,35.45657111812828,96,101,96,101,-1,4,-1,4,-1,4,-1,4,96,101,96,101,0.014449662291843881,,,,,,,,
1785135000,19.302002027331525,19.36,19.302002027331525,19.3425,18.830207978082104,19.067261904761853,19.041397058823577,19.302002027331525,19.36,19.302002027331525,19.3425,,,,23.006940173539594,21.455193178104278,23.006940173539594,21.455193178104278,43.877747666076466,39.66715939210238,43.877747666076466,39.66715939210238,96,101,96,101,-1,4,-1,4,-1,4,-1,4,96,101,96,101,0.020431371430518527,,,,,,,,
1785202200,19.322251013665763,19.322251013665763,18.78,18.872500000000002,18.83062879422059,19.059285714285664,19.038235294117698,19.322251013665763,19.322251013665763,18.78,18.872500000000002,,,,21.979299239567943,21.530065472599087,21.979299239567943,21.530065472599087,42.14343381139241,40.905296601747395,42.14343381139241,40.905296601747395,96,101,96,101,-1,4,-1,4,-1,4,-1,4,96,101,96,101,-0.04903967338870301,,,,,,,,
1785202800,19.097375506832883,19.097375506832883,18.76,18.85,18.830821542536803,19.04642857142852,19.035882352941226,19.097375506832883,19.097375506832883,18.76,18.85,,,,20.939855783613783,21.445749802744043,20.939855783613783,21.445749802744043,39.101169795359866,40.00323319855363,39.101169795359866,40.00323319855363,96,101,96,101,-1,4,-1,4,-1,4,-1,4,96,101,96,101,-0.1296052858821487,,,,,,,,
1785203400,18.973687753416442,18.973687753416442,18.78,18.8725,18.831236253556337,19.033333333333285,19.035441176470634,18.973687753416442,18.973687753416442,18.78,18.8725,,,,20.11691305892239,21.255915982198093,20.11691305892239,21.255915982198093,35.858060196834174,37.9306466976939,35.858060196834174,37.9306466976939,96,101,96,101,-1,4,-1,4,-1,4,-1,4,96,101,96,101,-0.14397228794477585,,,,,,,,
1785204000,18.923093876708222,18.95,18.71,18.8325,18.831248828147817,19.02285714285709,19.035147058823576,18.923093876708222,18.95,18.71,18.8325,,,,19.309487100448482,20.977854713376722,19.309487100448482,20.977854713376722,33.02807089682079,35.47935879725735,33.02807089682079,35.47935879725735,96,101,96,101,-1,4,-1,4,-1,4,-1,4,96,101,96,101,-0.14404073171968257,,,,,,,,
1785204600,18.87779693835411,18.87779693835411,18.67,18.7175,18.830116999012017,19.00845238095233,19.030955882352984,18.87779693835411,18.87779693835411,18.67,18.7175,,,,18.167500759107757,20.576375577052584,18.167500759107757,20.576375577052584,29.912895546437362,32.69612717184735,29.912895546437362,32.69612717184735,96,101,96,101,-1,4,-1,4,-1,4,-1,4,96,101,96,101,-0.16023359960915062,,,,,,,,
1785205200,18.797648469177055,18.797648469177055,18.63,18.685,18.82867304877309,18.994642857142807,19.021691176470632,18.797648469177055,18.797648469177055,18.63,18.685,,,,17.137071890502877,20.085046478974053,17.137071890502877,20.085046478974053,26.978863666432307,29.837495419139827,26.978863666432307,29.837495419139827,96,101,96,101,-1,4,-1,4,-1,4,-1,4,96,101,96,101,-0.1699492718596755,-0.1699492718596755,-0.1699492718596755,-0.1699492718596755,,,,,
1785205800,18.741324234588525,18.741324234588525,18.6,18.635,18.826745953760422,18.98142857142852,19.008088235294164,18.741324234588525,18.741324234588525,18.6,18.635,,,,16.079661993562194,19.512848695343788,16.079661993562194,19.512848695343788,24.152869933259872,26.99518267619985,24.152869933259872,26.99518267619985,96,101,96,101,-1,4,-1,4,-1,4,-1,4,96,101,96,101,-0.16504746969069883,,,,,,,,
1785206400,18.68816211729426,18.68816211729426,18.59,18.6325,18.824813158200616,18.968809523809472,18.995000000000044,18.68816211729426,18.68816211729426,18.59,18.6325,,,,15.132155389480886,18.8870353659348,15.132155389480886,18.8870353659348,21.514362495719233,24.254772585959543,21.514362495719233,24.254772585959543,96,101,96,101,-1,4,-1,4,-1,4,-1,4,96,101,96,101,-0.15567514759788065,,,,,,,,
1785207000,18.66033105864713,18.7,18.63,18.647499999999997,18.82304884816877,18.95607142857138,18.985000000000042,18.66033105864713,18.7,18.63,18.647499999999997,,,,14.323283363079922,18.235070794098387,14.323283363079922,18.235070794098387,19.40864854220988,21.83171056408471,19.40864854220988,21.83171056408471,96,101,96,101,-1,4,-1,4,-1,4,-1,4,96,101,96,101,-0.14475978643794385,,,,,,,,
1785207600,18.653915529323562,18.69,18.6,18.65,18.821326969082513,18.942380952380905,18.97448529411769,18.653915529323562,18.69,18.6,18.65,,,,13.584013832415266,17.57063408528651,13.584013832415266,17.57063408528651,17.484225530620247,19.657968047352476,17.484225530620247,19.657968047352476,96,101,96,101,-1,4,-1,4,-1,4,-1,4,96,101,96,101,-0.13188148674247932,,,,,,,,
1785208200,18.65195776466178,19.09,18.65195776466178,18.8825,18.821935655957315,18.938214285714235,18.96382352941181,18.65195776466178,19.09,18.65195776466178,18.8825,,,,13.997360053467915,17.06016636645528,13.997360053467915,17.06016636645528,19.250731334265552,19.454349690809014,19.250731334265552,19.454349690809014,96,101,96,101,-1,4,-1,4,-1,4,-1,4,96,101,96,101,-0.0912288405441208,,,,,,,,
1785208800,18.76722888233089,19.17,18.76722888233089,19.05,18.824204952912964,18.945119047619,18.96477941176475,18.76722888233089,19.17,18.76722888233089,19.05,,,,15.278105989596554,16.80558631261832,15.278105989596554,16.80558631261832,23.041924087789464,21.24813688929924,23.041924087789464,21.24813688929924,96,101,96,101,-1,4,-1,4,-1,4,-1,4,96,101,96,101,-0.01551215002893815,,,,,,,,
1785214800,18.908614441165447,19,18.88,18.96,18.825556147411344,18.94869047619043,18.961764705882395,18.908614441165447,19,18.88,18.96,,,,16.40770105996751,16.748745562239634,16.40770105996751,16.748745562239634,25.95344618870652,23.600791539002877,25.95344618870652,23.600791539002877,96,101,96,101,-1,4,-1,4,-1,4,-1,4,96,101,96,101,0.028197448992036855,,,,,,,,
1785215400,18.934307220582724,19.12,18.934307220582724,19.025,18.8275406633575,18.953690476190427,18.961323529411807,18.934307220582724,19.12,18.934307220582724,19.025,,,,17.84676683059407,16.905605743433124,17.84676683059407,16.905605743433124,29.613057724942283,26.606924631972582,29.613057724942283,26.606924631972582,96,101,96,101,-1,4,-1,4,-1,4,-1,4,96,101,96,101,0.04419676205662085,,,,,,,,
1785216000,18.97965361029136,19.05,18.82,18.945,18.828709412975833,18.95321428571424,18.95617647058828,18.97965361029136,19.05,18.82,18.945,,,,18.7028501122023,17.16235493897158,18.7028501122023,17.16235493897158,31.695332054505574,29.15112834323908,31.695332054505574,29.15112834323908,96,101,96,101,-1,4,-1,4,-1,4,-1,4,96,101,96,101,0.04555567575534453,,,,,0.04555567575534453,,0.04555567575534453,
1785216600,18.96232680514568,18.96232680514568,18.73,18.830000000000002,18.828722254637764,18.93607142857138,18.946838235294162,18.96232680514568,18.96232680514568,18.73,18.830000000000002,,,,18.92537380548656,17.41421477704515,18.92537380548656,17.41421477704515,31.981020456917893,30.566074400078485,31.981020456917893,30.566074400078485,96,101,96,101,-1,4,-1,4,-1,4,-1,4,96,101,96,101,0.008763422872508326,,,,,,,,
1785217200,18.89616340257284,18.92,18.78,18.84,18.82883447100953,18.913452380952332,18.94058823529416,18.89616340257284,18.92,18.78,18.84,,,,19.37731319456076,17.694657408118807,19.37731319456076,17.694657408118807,32.09012830195376,31.328101351016123,32.09012830195376,31.328101351016123,96,101,96,101,-1,4,-1,4,-1,4,-1,4,96,101,96,101,-0.017078509205271177,,,,,,,,
1785217800,18.86808170128642,18.86808170128642,18.78,18.815,18.828696814581573,18.892142857142808,18.934558823529454,18.86808170128642,18.86808170128642,18.78,18.815,,,,19.61659601832591,17.96922006671982,19.61659601832591,17.96922006671982,31.725095520097447,31.526598435556785,31.725095520097447,31.526598435556785,96,101,96,101,-1,4,-1,4,-1,4,-1,4,96,101,96,101,-0.023744705621326523,,,,,,,,
1785218400,18.841540850643213,18.9,18.81,18.839999999999996,18.828809284088223,18.869404761904715,18.93058823529416,18.841540850643213,18.9,18.81,18.839999999999996,,,,20.01916239219727,18.262068970359458,20.01916239219727,18.262068970359458,31.713365298154798,31.61998186685579,31.713365298154798,31.61998186685579,96,101,96,101,-1,4,-1,4,-1,4,-1,4,96,101,96,101,-0.0262231465919507,,,,,,,,
1785219000,18.840770425321605,18.86,18.72,18.807499999999997,18.828597251410727,18.844404761904716,18.927500000000045,18.840770425321605,18.86,18.72,18.807499999999997,,,,20.158486290590094,18.532985730392404,20.158486290590094,18.532985730392404,31.012762584737963,31.316372225796876,31.012762584737963,31.316372225796876,96,101,96,101,-1,4,-1,4,-1,4,-1,4,96,101,96,101,-0.028132631454389267,,,,,,,,
1785219600,18.8241352126608,18.88,18.78,18.825000000000003,18.828561457864353,18.819761904761858,18.92536764705887,18.8241352126608,18.88,18.78,18.825000000000003,,,,20.414121108217522,18.801719355795992,20.414121108217522,18.801719355795992,30.759211713411364,31.037791969604122,30.759211713411364,31.037791969604122,96,101,96,101,-1,4,-1,4,-1,4,-1,4,96,101,96,101,-0.02949547068910193,,,,,,,,
1785220200,18.8245676063304,18.83,18.73,18.79,18.8281777617662,18.815833333333284,18.921691176470635,18.8245676063304,18.83,18.73,18.79,,,,20.398971043489137,19.02989816832358,20.398971043489137,19.02989816832358,29.943760326946602,30.490776148275362,29.943760326946602,30.490776148275362,96,101,96,101,-1,4,-1,4,-1,4,-1,4,96,101,96,101,-0.030313487384155034,,,,,,,,
1785220800,18.8072838031652,18.84,18.75,18.8,18.82789738602723,18.81345238095233,18.917647058823576,18.8072838031652,18.84,18.75,18.8,,,,20.45705319839144,19.23377745833327,20.45705319839144,19.23377745833327,29.360203042727466,29.925489595501414,29.360203042727466,29.925489595501414,96,101,96,101,-1,4,-1,4,-1,4,-1,4,96,101,96,101,-0.03017982990432315,,,,,,,,
1785221400,18.8036419015826,19,18.8036419015826,18.92,18.828813829947357,18.815714285714236,18.916176470588283,18.8036419015826,19,18.8036419015826,18.92,,,,21.376787493744448,19.5399217491063,21.376787493744448,19.5399217491063,30.447312672127,30.186401133814208,30.447312672127,30.186401133814208,96,101,96,101,-1,4,-1,4,-1,4,-1,4,96,101,96,101,-0.014725494401294965,,,,,-0.014725494401294965,,-0.014725494401294965,
1785288600,18.8618209507913,19.02,18.54,18.82,18.828726130146887,18.815119047619,18.913676470588282,18.8618209507913,19.02,18.54,18.82,,,,21.772951024411064,19.858925931292696,21.772951024411064,19.858925931292696,30.622018671760966,30.404209902787585,30.622018671760966,30.404209902787585,96,101,96,101,-1,4,-1,4,-1,4,-1,4,96,101,96,101,-0.022961944751457405,,,,,,,,
1785289200,18.840910475395653,18.840910475395653,18.51,18.6375,18.826823382583235,18.811309523809474,18.906397058823575,18.840910475395653,18.840910475395653,18.51,18.6375,,,,21.06887508341507,20.03177581016732,21.06887508341507,20.03177581016732,29.190690003696595,29.79744995324209,29.190690003696595,29.79744995324209,96,101,96,101,-1,4,-1,4,-1,4,-1,4,96,101,96,101,-0.06184810648297413,,,,,,,,
1785289800,18.739205237697824,18.739205237697824,18.49,18.569999999999997,18.82426792604012,18.805833333333283,18.896102941176515,18.739205237697824,18.739205237697824,18.49,18.569999999999997,,,,20.088201830405723,20.039836670201378,20.088201830405723,20.039836670201378,27.08781427442641,28.44263211383425,27.08781427442641,28.44263211383425,96,101,96,101,-1,4,-1,4,-1,4,-1,4,96,101,96,101,-0.09494858043763355,,,,,,,,
1785290400,18.654602618848912,18.7,18.5,18.5975,18.822011528766087,18.80404761904757,18.885588235294165,18.654602618848912,18.7,18.5,18.5975,,,,19.357786365455393,19.94240091238052,19.357786365455393,19.94240091238052,25.10070931167133,26.77167071275279,25.10070931167133,26.77167071275279,96,101,96,101,-1,4,-1,4,-1,4,-1,4,96,101,96,101,-0.1000674398882804,-0.1000674398882804,-0.1000674398882804,-0.1000674398882804,,,,,
1785291000,18.626051309424454,18.88,18.626051309424454,18.765,18.821444249872894,18.810357142857093,18.873088235294166,18.626051309424454,18.88,18.626051309424454,18.765,,,,19.777184324934673,19.9187985427454,19.777184324934673,19.9187985427454,25.36283851746088,26.067254615106833,25.36283851746088,26.067254615106833,96,101,96,101,-1,4,-1,4,-1,4,-1,4,96,101,96,101,-0.06048290262893263,,,,,,,,
1785291600,18.695525654712227,18.96,18.695525654712227,18.8675,18.821902516043313,18.820833333333283,18.859926470588285,18.695525654712227,18.96,18.695525654712227,18.8675,,,,20.83831598193476,20.05015817691531,20.83831598193476,20.05015817691531,27.0514307728381,26.559342693972468,27.0514307728381,26.559342693972468,96,101,96,101,-1,4,-1,4,-1,4,-1,4,96,101,96,101,-0.014535478764911212,,,,,,,,
1785292200,18.781512827356114,19,18.781512827356114,18.924999999999997,18.82292836165482,18.833928571428523,18.85000000000005,18.781512827356114,19,18.781512827356114,18.924999999999997,,,,22.20045461756326,20.35734338272216,22.20045461756326,20.35734338272216,29.560400580329485,28.059871637150977,29.560400580329485,28.059871637150977,96,101,96,101,-1,4,-1,4,-1,4,-1,4,96,101,96,101,0.021454274902907952,,,,,,,,
1785292800,18.853256413678054,18.96,18.853256413678054,18.9125,18.823819621737858,18.83535714285709,18.83808823529417,18.853256413678054,18.96,18.853256413678054,18.9125,,,,23.383384137016495,20.78963491904992,23.383384137016495,20.78963491904992,32.04196183521214,30.05091673618156,32.04196183521214,30.05091673618156,96,101,96,101,-1,4,-1,4,-1,4,-1,4,96,101,96,101,0.04985811691535601,,,,,,,,
1785293400,18.882878206839028,18.95,18.83,18.895,18.824527884208127,18.82797619047614,18.825220588235343,18.882878206839028,18.95,18.83,18.895,,,,24.367139791711917,21.30070704371592,24.367139791711917,21.30070704371592,34.04213545428372,32.046526095232636,34.04213545428372,32.046526095232636,96,101,96,101,-1,4,-1,4,-1,4,-1,4,96,101,96,101,0.06210608900511431,,,,,,,,
1785294000,18.888939103419514,19.05,18.888939103419514,18.9775,18.826049994813022,18.828809523809475,18.8144852941177,18.888939103419514,19.05,18.888939103419514,18.9775,,,,25.82125628103263,21.94649979190402,25.82125628103263,21.94649979190402,37.18781456460175,34.617170329917194,37.18781456460175,34.617170329917194,96,101,96,101,-1,4,-1,4,-1,4,-1,4,96,101,96,101,0.07372179741816795,,,,,,,,
1785294600,18.933219551709755,19.08,18.933219551709755,19.0375,18.82815397496414,18.829404761904712,18.81933823529417,18.933219551709755,19.08,18.933219551709755,19.0375,,,,27.56469210368497,22.749098693587012,27.56469210368497,22.749098693587012,42.67963560755574,38.64840296873646,42.67963560755574,38.64840296873646,96,101,96,101,-1,4,-1,4,-1,4,-1,4,96,101,96,101,0.09991432339680982,,,,,,,,
1785295200,18.985359775854878,19.04,18.94,18.9875,18.829739507551558,18.83142857142852,18.823382352941227,18.985359775854878,19.04,18.94,18.9875,,,,28.855942798769085,23.621504994327307,28.855942798769085,23.621504994327307,47.04624134368164,42.84732215620905,47.04624134368164,42.84732215620905,96,101,96,101,-1,4,-1,4,-1,4,-1,4,96,101,96,101,0.11398649964798929,,,,,0.11398649964798929,,0.11398649964798929,
1785301200,18.98642988792744,19.08,18.82,18.965,18.83108538309831,18.837857142857093,18.82610294117652,18.98642988792744,19.08,18.82,18.965,,,,30.5232184701286,24.60746406229892,30.5232184701286,24.60746406229892,50.268332445539905,46.55782730087448,50.268332445539905,46.55782730087448,96,101,96,101,-1,4,-1,4,-1,4,-1,4,96,101,96,101,0.08342580377344681,,,,,,,,
1785301800,18.97571494396372,19.06,18.96,19.0225,18.832990006152055,18.84654761904757,18.83169117647064,18.97571494396372,19.06,18.96,19.0225,,,,32.52273740201112,25.73821739654352,32.52273740201112,25.73821739654352,53.97249900358765,50.26516315223107,53.97249900358765,50.26516315223107,96,101,96,101,-1,4,-1,4,-1,4,-1,4,96,101,96,101,0.05777331730685877,0.05777331730685877,,0.05777331730685877,,,,,
1785302400,18.99910747198186,19.18,18.99910747198186,19.0875,18.835522443901787,18.859523809523758,18.842573529411812,18.99910747198186,19.18,18.99910747198186,19.0875,,,,34.88963763467751,27.045563144848376,34.88963763467751,27.045563144848376,58.28373597393934,54.274449563085206,58.28373597393934,54.274449563085206,96,101,96,101,-1,4,-1,4,-1,4,-1,4,96,101,96,101,0.05869969461623663,,,,,,,,
1785303000,19.04330373599093,19.29,19.04330373599093,19.197499999999998,18.839124210629134,18.876547619047567,18.857647058823574,19.04330373599093,19.29,19.04330373599093,19.197499999999998,,,,37.95089585700431,28.60346781801351,37.95089585700431,28.60346781801351,61.82037180616893,58.04741068462707,61.82037180616893,58.04741068462707,96,101,96,101,-1,4,-1,4,-1,4,-1,4,96,101,96,101,0.07163588559928484,,,,,,,,
1785303600,19.12040186799546,19.32,19.12040186799546,19.2325,18.84303839758805,18.896785714285663,18.875220588235344,19.12040186799546,19.32,19.12040186799546,19.2325,,,,41.06821805246164,30.38414642293467,41.06821805246164,30.38414642293467,65.29802518322543,61.67271793392625,65.29802518322543,61.67271793392625,96,101,96,101,-1,4,-1,4,-1,4,-1,4,96,101,96,101,0.09955399234110116,,,,,,,,
1785304200,19.17645093399773,19.2,19.07,19.130000000000003,18.84589373691553,18.911309523809475,18.889852941176517,19.17645093399773,19.2,19.07,19.130000000000003,,,,43.15832178654801,32.20902861773658,43.15832178654801,32.20902861773658,67.179549757731,64.42613384582862,67.179549757731,64.42613384582862,96,101,96,101,-1,4,-1,4,-1,4,-1,4,96,101,96,101,0.10323210863016671,,,,,0.10323210863016671,0.10323210863016671,0.10323210863016671,
1785304800,19.15322546699887,19.15322546699887,19,19.052500000000002,18.847949520627814,18.923809523809478,18.9017647058824,19.15322546699887,19.15322546699887,19,19.052500000000002,,,,44.490812145593665,33.96356912171616,44.490812145593665,33.96356912171616,67.77679457374443,66.10146420978651,67.77679457374443,66.10146420978651,96,101,96,101,-1,4,-1,4,-1,4,-1,4,96,101,96,101,0.08109050772849327,,,,,,,,
1785305400,19.102862733499435,19.11,19.03,19.0575,18.850034600024554,18.93607142857138,18.913750000000046,19.102862733499435,19.11,19.03,19.0575,,,,45.76737108966824,35.64982654570932,45.76737108966824,35.64982654570932,68.10424985322477,67.10285703150564,68.10424985322477,67.10285703150564,96,101,96,101,-1,4,-1,4,-1,4,-1,4,96,101,96,101,0.05991286995254659,,,,,,,,
1785306000,19.08018136674972,19.08018136674972,19,19.0325,18.851850176143714,18.94142857142852,18.91816176470593,19.08018136674972,19.08018136674972,19,19.0325,,,,46.756514912933696,37.23649631245566,46.756514912933696,37.23649631245566,67.9288156521597,67.51583634183267,67.9288156521597,67.51583634183267,96,101,96,101,-1,4,-1,4,-1,4,-1,4,96,101,96,101,0.043753010597975,,,,,,,,
1785306600,19.05634068337486,19.05634068337486,19,19.0175,18.853498433097506,18.950833333333286,18.917205882352988,19.05634068337486,19.05634068337486,19,19.0175,,,,47.55726620251221,38.71089201103517,47.55726620251221,38.71089201103517,67.51103774229766,67.51343704206516,67.51103774229766,67.51343704206516,96,101,96,101,-1,4,-1,4,-1,4,-1,4,96,101,96,101,0.03759082994448758,,,,,,,,
1785307200,19.036920341687427,19.09,19,19.045,18.855403921325394,18.970238095238045,18.91970588235299,19.036920341687427,19.09,19,19.045,,,,48.51667654440501,40.11171837294514,48.51667654440501,40.11171837294514,67.39128653879361,67.45236179042939,67.39128653879361,67.45236179042939,96,101,96,101,-1,4,-1,4,-1,4,-1,4,96,101,96,101,0.03271585052666327,0.03271585052666327,,0.03271585052666327,,,,,
1785307800,19.040960170843714,19.1,19.04,19.0775,18.857613832555987,18.99440476190471,18.92125000000005,19.040960170843714,19.1,19.04,19.0775,,,,49.66265961697893,41.47613855066425,49.66265961697893,41.47613855066425,67.69841830982215,67.57539005012578,67.69841830982215,67.57539005012578,96,101,96,101,-1,4,-1,4,-1,4,-1,4,96,101,96,101,0.037390915844102215,,,,,,,,
1785375000,19.05923008542186,19.29,19.05923008542186,19.175,18.86077190387384,19.02190476190471,18.928014705882404,19.05923008542186,19.29,19.05923008542186,19.175,,,,51.49209287824654,42.90698916889029,51.49209287824654,42.90698916889029,69.41606309807032,68.49572657409806,69.41606309807032,68.49572657409806,96,101,96,101,-1,4,-1,4,-1,4,-1,4,96,101,96,101,0.06352792677876268,,,,,,,,
1785375600,19.117115042710928,19.37,19.117115042710928,19.2525,18.864669695875094,19.045119047618996,18.940441176470635,19.117115042710928,19.37,19.117115042710928,19.2525,,,,53.799172586315294,44.46301537137958,53.799172586315294,44.46301537137958,71.38009981594946,69.93791319502375,71.38009981594946,69.93791319502375,96,101,96,101,-1,4,-1,4,-1,4,-1,4,96,101,96,101,0.10608935141023326,,,,,,,,
1785376200,19.184807521355467,19.26,19.08,19.175,18.86775755959773,19.059761904761856,18.950294117647108,19.184807521355467,19.26,19.08,19.175,,,,55.333140635487446,46.015890409109275,55.333140635487446,46.015890409109275,72.30244763885104,71.12018041693739,72.30244763885104,71.12018041693739,96,101,96,101,-1,4,-1,4,-1,4,-1,4,96,101,96,101,0.11503915051703956,,,,,0.11503915051703956,,0.11503915051703956,
1785376800,19.179903760677732,19.179903760677732,18.97,19.04,18.86947141472611,19.065238095238048,18.95691176470593,19.179903760677732,19.179903760677732,18.97,19.04,,,,55.697884907206955,47.399032480266094,55.697884907206955,47.399032480266094,71.58329122731212,71.35173582212475,71.58329122731212,71.35173582212475,96,101,96,101,-1,4,-1,4,-1,4,-1,4,96,101,96,101,0.0814002993988682,,,,,,,,
1785377400,19.109951880338865,19.109951880338865,18.81,18.9025,18.86980005736565,19.064761904761856,18.958750000000048,19.109951880338865,19.109951880338865,18.81,18.9025,,,,54.95729815166864,48.47878471903788,54.95729815166864,48.47878471903788,69.100300794442,70.22601830828339,69.100300794442,70.22601830828339,96,101,96,101,-1,4,-1,4,-1,4,-1,4,96,101,96,101,0.031160030973011343,,,,,,,,
1785378000,19.006225940169433,19.006225940169433,18.8,18.887500000000003,18.869976176197834,19.06440476190471,18.961102941176517,19.006225940169433,19.006225940169433,18.8,18.887500000000003,,,,54.15187104664368,49.28922562298157,54.15187104664368,49.28922562298157,66.16860808464789,68.19731319646564,66.16860808464789,68.19731319646564,96,101,96,101,-1,4,-1,4,-1,4,-1,4,96,101,96,101,-0.0030996818157087783,,,,,,,,
1785378600,18.946862970084716,18.99,18.92,18.947499999999998,18.8707475575292,19.062976190476142,18.964705882352987,18.946862970084716,18.99,18.92,18.947499999999998,,,,53.91483263855007,49.95002662520564,53.91483263855007,49.95002662520564,64.18953085854469,66.19342202750516,64.18953085854469,66.19342202750516,96,101,96,101,-1,4,-1,4,-1,4,-1,4,96,101,96,101,0.008561778259771134,,,,,,,,
1785379200,18.947181485042357,18.99,18.8,18.8825,18.870864497255276,19.055595238095187,18.967426470588283,18.947181485042357,18.99,18.8,18.8825,,,,53.24964978774455,50.4214013627112,53.24964978774455,50.4214013627112,61.68252477824072,63.93797340287294,61.68252477824072,63.93797340287294,96,101,96,101,-1,4,-1,4,-1,4,-1,4,96,101,96,101,0.01974203866300919,,,,,,,,
1785379800,18.91484074252118,18.91484074252118,18.68,18.7525,18.86968674106368,19.044404761904712,18.966029411764755,18.91484074252118,18.91484074252118,18.68,18.7525,,,,51.57678519251606,50.586456195540464,51.57678519251606,50.586456195540464,57.95087021590231,60.94442180938763,57.95087021590231,60.94442180938763,96,101,96,101,-1,4,-1,4,-1,4,-1,4,96,101,96,101,-0.0040227262954082195,,,,,,,,
1785380400,18.833670371260588,18.833670371260588,18.69,18.737499999999997,18.868371450107823,19.033571428571378,18.96066176470593,18.833670371260588,18.833670371260588,18.69,18.737499999999997,,,,49.9016576787649,50.4886278360011,49.9016576787649,50.4886278360011,54.16029376467339,57.55235778703051,54.16029376467339,57.55235778703051,96,101,96,101,-1,4,-1,4,-1,4,-1,4,96,101,96,101,-0.03414217195637638,,,,,,,,
1785381000,18.785585185630293,18.785585185630293,18.6,18.6725,18.866422480455007,19.016904761904712,18.95632352941181,18.785585185630293,18.785585185630293,18.6,18.6725,,,,47.81858472768429,50.10719310624155,47.81858472768429,50.10719310624155,49.88470105563109,53.7185294213308,49.88470105563109,53.7185294213308,96,101,96,101,-1,4,-1,4,-1,4,-1,4,96,101,96,101,-0.054418613224063495,,,,,,,,
1785381600,18.729042592815148,18.729042592815148,18.58,18.6175,18.863945639853466,18.99452380952376,18.955735294117694,18.729042592815148,18.729042592815148,18.58,18.6175,,,,45.437874130252304,49.44014753824309,45.437874130252304,49.44014753824309,45.430669689340604,49.5745995553357,45.430669689340604,49.5745995553357,96,101,96,101,-1,4,-1,4,-1,4,-1,4,96,101,96,101,-0.07348127329382526,,,,,,,,
1785387600,18.673271296407574,18.73,18.53,18.650000000000002,18.861816827516616,18.968452380952332,18.958088235294163,18.673271296407574,18.73,18.53,18.650000000000002,,,,43.49101299107847,48.590271174362435,43.49101299107847,48.590271174362435,41.34868993538743,45.46164474536157,41.34868993538743,45.46164474536157,96,101,96,101,-1,4,-1,4,-1,4,-1,4,96,101,96,101,-0.0823333570183765,-0.0823333570183765,,-0.0823333570183765,,,,,
1785388200,18.661635648203788,18.73,18.57,18.6725,18.859933077989087,18.941785714285665,18.960294117647106,18.661635648203788,18.73,18.57,18.6725,,,,41.86584323197547,47.629638611164296,41.86584323197547,47.629638611164296,37.67518881605928,41.56841678071042,37.67518881605928,41.56841678071042,96,101,96,101,-1,4,-1,4,-1,4,-1,4,96,101,96,101,-0.0661003927209117,,,,,,,,
1785388800,18.667067824101892,18.86,18.64,18.744999999999997,18.85878946527278,18.92345238095233,18.95970588235299,18.667067824101892,18.86,18.64,18.744999999999997,,,,40.94523105306812,46.674723245721985,40.94523105306812,46.674723245721985,35.71841974744499,38.64341826407771,35.71841974744499,38.64341826407771,96,101,96,101,-1,4,-1,4,-1,4,-1,4,96,101,96,101,-0.06285394620369572,,,,,,,,
1785389400,18.706033912050945,18.87,18.706033912050945,18.82,18.858403500444194,18.9123809523809,18.958308823529457,18.706033912050945,18.87,18.706033912050945,18.82,,,,40.699143120706125,45.821068942148294,40.699143120706125,45.821068942148294,34.94254966142181,36.79298396274976,34.94254966142181,36.79298396274976,96,101,96,101,-1,4,-1,4,-1,4,-1,4,96,101,96,101,-0.03992636624583604,,,,,,,,
1785390000,18.763016956025474,18.92,18.763016956025474,18.8375,18.858195505414898,18.90190476190471,18.955735294117694,18.763016956025474,18.92,18.763016956025474,18.8375,,,,40.61267835234399,45.07701314360482,40.61267835234399,45.07701314360482,34.95427356030348,35.87362876152662,34.95427356030348,35.87362876152662,96,101,96,101,-1,4,-1,4,-1,4,-1,4,96,101,96,101,-0.014466213680857272,,,,,-0.014466213680857272,,-0.014466213680857272,
1785390600,18.800258478012736,18.89,18.76,18.83,18.85791495312221,18.892261904761853,18.953308823529458,18.800258478012736,18.89,18.76,18.83,,,,40.47151301548824,44.41908455387388,40.47151301548824,44.41908455387388,34.92767148030341,35.40065012091502,34.92767148030341,35.40065012091502,96,101,96,101,-1,4,-1,4,-1,4,-1,4,96,101,96,101,-0.019357250054279636,,,,,,,,
1785391200,18.815129239006367,18.9,18.79,18.85,18.857836197369753,18.884285714285664,18.951985294117694,18.815129239006367,18.9,18.79,18.85,,,,40.50276857931702,43.8596108432229,40.50276857931702,43.8596108432229,35.22755936068986,35.314104740802435,35.22755936068986,35.314104740802435,96,101,96,101,-1,4,-1,4,-1,4,-1,4,96,101,96,101,-0.023681481465419336,,,,,,,,
1785391800,18.832564619503184,18.93,18.83,18.88,18.85805673271931,18.876428571428523,18.949117647058873,18.832564619503184,18.93,18.83,18.88,,,,40.77529809637878,43.418994736530884,40.77529809637878,43.418994736530884,35.986087001350434,35.65009587107643,35.986087001350434,35.65009587107643,96,101,96,101,-1,4,-1,4,-1,4,-1,4,96,101,96,101,-0.02678921353214134,,,,,,,,
1785392400,18.85628230975159,18.94,18.85628230975159,18.8975,18.85844920304051,18.867857142857094,18.945000000000046,18.85628230975159,18.94,18.85628230975159,18.8975,,,,41.17040667391018,43.09776787044221,41.17040667391018,43.09776787044221,36.95938280218872,36.30473933663258,36.95938280218872,36.30473933663258,96,101,96,101,-1,4,-1,4,-1,4,-1,4,96,101,96,101,-0.02933212816125362,,,,,,,,
1785393000,18.876891154875796,18.93,18.83,18.88,18.858663638831153,18.853809523809474,18.941838235294163,18.876891154875796,18.93,18.83,18.88,,,,41.395247755643865,42.854550711185304,41.395247755643865,42.854550711185304,37.62127762254195,36.963008479587266,37.62127762254195,36.963008479587266,96,101,96,101,-1,4,-1,4,-1,4,-1,4,96,101,96,101,-0.019110565666818374,,,,,,,,
1785393600,18.878445577437898,18.878445577437898,18.7,18.7775,18.85785604043482,18.831190476190425,18.93632352941181,18.878445577437898,18.878445577437898,18.7,18.7775,,,,40.77204824063035,42.55705035824888,40.77204824063035,42.55705035824888,36.8790922304638,36.92105035502553,36.8790922304638,36.92105035502553,96,101,96,101,-1,4,-1,4,-1,4,-1,4,96,101,96,101,-0.02361981730073025,,,,,,,,
1785394200,18.82797278871895,18.96,18.69,18.83,18.857578865903132,18.814761904761856,18.930661764705928,18.82797278871895,18.96,18.69,18.83,,,,40.61949934032557,42.2802573556884,40.61949934032557,42.2802573556884,36.671782417672866,36.79641638634919,36.671782417672866,36.79641638634919,96,101,96,101,-1,4,-1,4,-1,4,-1,4,96,101,96,101,-0.03256744526899879,-0.03256744526899879,,-0.03256744526899879,,,,,
1785461400,18.828986394359475,19.33,18.828986394359475,19.200000000000003,18.860986041366782,18.8223809523809,18.933970588235336,18.828986394359475,19.33,18.828986394359475,19.200000000000003,,,,43.48109354328934,42.45180538248853,43.48109354328934,42.45180538248853,40.74578897269561,38.7711026795224,40.74578897269561,38.7711026795224,96,101,96,101,-1,4,-1,4,-1,4,-1,4,96,101,96,101,0.013445389001492569,,,,,,,,
1785462000,19.01449319717974,19.32,19.01449319717974,19.225,18.864608070805918,18.837738095238045,18.93477941176475,19.01449319717974,19.32,19.01449319717974,19.225,,,,46.3412102382492,43.0074346475972,46.3412102382492,43.0074346475972,45.63580005264886,42.20345136608563,45.63580005264886,42.20345136608563,96,101,96,101,-1,4,-1,4,-1,4,-1,4,96,101,96,101,0.06673314111763791,,,,,,,,
1785462600,19.11974659858987,19.38,19.11974659858987,19.305,18.86899008005163,18.857619047618996,18.936911764705926,19.11974659858987,19.38,19.11974659858987,19.305,,,,49.572054771793205,43.945237522482344,49.572054771793205,43.945237522482344,51.148309951614095,46.67588065884986,51.148309951614095,46.67588065884986,96,101,96,101,-1,4,-1,4,-1,4,-1,4,96,101,96,101,0.09139261071810377,,,,,,,,
1785463200,19.212373299294935,19.61,19.212373299294935,19.4775,18.875044905125744,18.88285714285709,18.94713235294122,19.212373299294935,19.61,19.212373299294935,19.4775,,,,52.32902534931817,45.14292149774461,52.32902534931817,45.14292149774461,55.32221963733554,50.99905014809271,55.32221963733554,50.99905014809271,96,101,96,101,-1,4,-1,4,-1,4,-1,4,96,101,96,101,0.13885251609825489,,,,,,,,
1785463800,19.344936649647465,19.69,19.344936649647465,19.565,18.881910129950363,18.915357142857093,18.962205882352986,19.344936649647465,19.69,19.344936649647465,19.565,,,,54.990047348176404,46.54965376209201,54.990047348176404,46.54965376209201,59.38917668248202,55.19411341528736,59.38917668248202,55.19411341528736,96,101,96,101,-1,4,-1,4,-1,4,-1,4,96,101,96,101,0.20751981122999788,,,,,,,,
1785464400,19.45496832482373,19.63,19.38,19.505000000000003,18.888110029154838,18.95119047619043,18.97536764705887,19.45496832482373,19.63,19.38,19.505000000000003,,,,57.10385348997334,48.057396580360766,57.10385348997334,48.057396580360766,62.789167020510995,58.991640217899175,62.789167020510995,58.991640217899175,96,101,96,101,-1,4,-1,4,-1,4,-1,4,96,101,96,101,0.2352614016876844,,,,,0.2352614016876844,,0.2352614016876844,
1785465000,19.479984162411867,19.6,19.45,19.5075,18.894273113441855,18.987857142857095,18.989338235294166,19.479984162411867,19.6,19.45,19.5075,,,,59.08155443116572,49.6322762733329,59.08155443116572,49.6322762733329,65.8758972550485,62.43376873647384,65.8758972550485,62.43376873647384,96,101,96,101,-1,4,-1,4,-1,4,-1,4,96,101,96,101,0.2308233179474175,,,,,,,,
1785465600,19.493742081205934,19.53,19.44,19.48,18.900101241666313,19.026309523809477,19.00294117647063,19.493742081205934,19.53,19.44,19.48,,,,60.75430054322531,51.22113688331753,60.75430054322531,51.22113688331753,68.22304021173107,65.32840447410246,68.22304021173107,65.32840447410246,96,101,96,101,-1,4,-1,4,-1,4,-1,4,96,101,96,101,0.22030495197717306,,,,,,,,
1785466200,19.486871040602967,19.49,19.39,19.45,18.905572871102468,19.065952380952332,19.014852941176517,19.486871040602967,19.49,19.39,19.45,,,,62.12899336156635,52.779402094495936,62.12899336156635,52.779402094495936,69.84849515833835,67.5884498162204,69.84849515833835,67.5884498162204,96,101,96,101,-1,4,-1,4,-1,4,-1,4,96,101,96,101,0.19765414886097477,,,,,,,,
1785466800,19.468435520301483,19.5,19.38,19.4375,18.91086567835518,19.103452380952334,19.025441176470636,19.468435520301483,19.5,19.38,19.4375,,,,63.331089073835415,54.28678594868729,63.331089073835415,54.28678594868729,71.13475821527888,69.36160401574963,71.13475821527888,69.36160401574963,96,101,96,101,-1,4,-1,4,-1,4,-1,4,96,101,96,101,0.18215058644997156,,,,,,,,
1785467400,19.45296776015074,19.45296776015074,19.28,19.335,18.915085920361594,19.134999999999952,19.030147058823573,19.45296776015074,19.45296776015074,19.28,19.335,,,,63.837201759037654,55.65113106445163,63.837201759037654,55.65113106445163,71.3320969931491,70.34685050444936,71.3320969931491,70.34685050444936,96,101,96,101,-1,4,-1,4,-1,4,-1,4,96,101,96,101,0.15509699843914415,,,,,,,,
1785468000,19.39398388007537,19.39398388007537,19.25,19.322499999999998,18.91913979180078,19.16249999999995,19.032205882352986,19.39398388007537,19.39398388007537,19.25,19.322499999999998,,,,64.23275877624924,56.87707788042271,64.23275877624924,56.87707788042271,71.07521555114927,70.71103302779932,71.07521555114927,70.71103302779932,96,101,96,101,-1,4,-1,4,-1,4,-1,4,96,101,96,101,0.11926884058228382,0.11926884058228382,,0.11926884058228382,,,,,
1785474000,19.358241940037686,19.47,19.35,19.41,18.924023972976894,19.190595238095188,19.03911764705887,19.358241940037686,19.47,19.35,19.41,,,,65.1208950541362,58.05476604809606,65.1208950541362,58.05476604809606,71.63156884689072,71.17130093734502,71.63156884689072,71.17130093734502,96,101,96,101,-1,4,-1,4,-1,4,-1,4,96,101,96,101,0.12014053333066622,,,,,,,,
1785474600,19.38412097001884,19.62,19.38412097001884,19.525,18.930003833942298,19.223333333333287,19.05338235294122,19.38412097001884,19.62,19.38412097001884,19.525,,,,66.6301168359836,59.27981616065142,66.6301168359836,59.27981616065142,73.19218694274788,72.18174394004646,73.19218694274788,72.18174394004646,96,101,96,101,-1,4,-1,4,-1,4,-1,4,96,101,96,101,0.15261444921304745,,,,,,,,
1785475200,19.45456048500942,19.7,19.45456048500942,19.6175,18.936844591813518,19.260833333333288,19.07441176470593,19.45456048500942,19.7,19.45456048500942,19.6175,,,,68.52260849055621,60.60021506492353,68.52260849055621,60.60021506492353,75.42021632948318,73.80098013476481,75.42021632948318,73.80098013476481,96,101,96,101,-1,4,-1,4,-1,4,-1,4,96,101,96,101,0.19498277381884943,,,,,,,,
1785475800,19.536030242504708,19.62,19.49,19.57,18.94314464562632,19.295119047619,19.094485294117693,19.536030242504708,19.62,19.49,19.57,,,,69.97734280472284,61.93980474203772,69.97734280472284,61.93980474203772,77.18809810538048,75.49453912007264,77.18809810538048,75.49453912007264,96,101,96,101,-1,4,-1,4,-1,4,-1,4,96,101,96,101,0.21499190668773172,,,,,0.21499190668773172,,0.21499190668773172,
1785476400,19.553015121252354,19.57,19.51,19.545,18.949133256117598,19.32678571428567,19.112058823529456,19.553015121252354,19.57,19.51,19.545,,,,71.17554237239527,63.2591958320888,71.17554237239527,63.2591958320888,78.54954226188255,77.0220406909776,78.54954226188255,77.0220406909776,96,101,96,101,-1,4,-1,4,-1,4,-1,4,96,101,96,101,0.20273914962694237,,,,,,,,
1785477000,19.54900756062618,19.54900756062618,19.51,19.5325,18.954937900335334,19.357023809523763,19.131176470588283,19.54900756062618,19.54900756062618,19.51,19.5325,,,,72.21184368034993,64.53814552469753,72.21184368034993,64.53814552469753,79.59439427392708,78.30821748245233,79.59439427392708,78.30821748245233,96,101,96,101,-1,4,-1,4,-1,4,-1,4,96,101,96,101,0.18316558816526715,,,,,,,,
1785477600,19.54075378031309,19.58,19.48,19.517500000000002,18.960535533167818,19.387380952380905,19.153676470588284,19.54075378031309,19.58,19.48,19.517500000000002,,,,73.08254837473275,65.75877450327398,73.08254837473275,65.75877450327398,80.3989894272564,79.35360345485437,80.3989894272564,79.35360345485437,96,101,96,101,-1,4,-1,4,-1,4,-1,4,96,101,96,101,0.17120777240634177,,,,,,,,
1785478200,19.529126890156547,19.529126890156547,19.43,19.4725,18.965629706967142,19.420476190476144,19.175294117647105,19.529126890156547,19.529126890156547,19.43,19.4725,,,,73.61633460193438,66.8812830887969,73.61633460193438,66.8812830887969,80.59413692131892,79.97387018808664,80.59413692131892,79.97387018808664,96,101,96,101,-1,4,-1,4,-1,4,-1,4,96,101,96,101,0.15693956032858608,,,,,,,,
1785478800,19.500813445078272,19.57,19.49,19.525,18.97119558052966,19.453571428571383,19.20036764705887,19.500813445078272,19.57,19.49,19.525,,,,74.43250606199157,67.96002922782472,74.43250606199157,67.96002922782472,81.19500733690158,80.5844387624941,81.19500733690158,80.5844387624941,96,101,96,101,-1,4,-1,4,-1,4,-1,4,96,101,96,101,0.14396505613469107,,,,,,,,
1785479400,19.512906722539135,19.57,19.48,19.5375,18.976830450375136,19.469642857142812,19.227426470588284,19.512906722539135,19.57,19.48,19.5375,,,,75.2666921369287,69.00383821483958,75.2666921369287,69.00383821483958,81.77620097140803,81.18031986695107,81.77620097140803,81.18031986695107,96,101,96,101,-1,4,-1,4,-1,4,-1,4,96,101,96,101,0.14657411363572315,,,,,,,,
1785480000,19.52520336126957,19.56,19.47,19.5225,18.982259998132598,19.483809523809477,19.253088235294165,19.52520336126957,19.56,19.47,19.5225,,,,75.94971840065236,69.99610681281284,75.94971840065236,69.99610681281284,82.10451451473297,81.64241719084202,82.10451451473297,81.64241719084202,96,101,96,101,-1,4,-1,4,-1,4,-1,4,96,101,96,101,0.15958923563760474,,,,,,,,
1785480600,19.523851680634785,19.53,19.5,19.515,18.987560893673567,19.493809523809475,19.27786764705887,19.523851680634785,19.53,19.5,19.515,,,,76.53816952832248,70.93068720074278,76.53816952832248,70.93068720074278,82.19160996312634,81.91701357698417,82.19160996312634,81.91701357698417,96,101,96,101,-1,4,-1,4,-1,4,-1,4,96,101,96,101,0.1642888916702058,,,,,,,,
1785720600,19.519425840317393,19.519425840317393,19.1,19.3225,18.9908936210997,19.486428571428526,19.294852941176515,19.519425840317393,19.519425840317393,19.1,19.3225,,,,75.90937475737394,71.64192828026151,75.90937475737394,71.64192828026151,79.88093210597472,80.89897284147945,79.88093210597472,80.89897284147945,96,101,96,101,-1,4,-1,4,-1,4,-1,4,96,101,96,101,0.13807802943403533,,,,,,,,
1785721200,19.420962920158697,19.420962920158697,19.07,19.155,18.992526520392243,19.466904761904715,19.304705882352984,19.420962920158697,19.420962920158697,19.07,19.155,,,,74.30290537604749,72.02206786537378,74.30290537604749,72.02206786537378,76.31074474802756,78.60485879475351,76.31074474802756,78.60485879475351,96,101,96,101,-1,4,-1,4,-1,4,-1,4,96,101,96,101,0.0741545774488595,,,,,,,,
1785721800,19.28798146007935,19.28798146007935,19.05,19.1225,18.99381978884605,19.44869047619043,19.313088235294163,19.28798146007935,19.28798146007935,19.05,19.1225,,,,72.61277110926021,72.10645404307185,72.61277110926021,72.10645404307185,72.25776118475544,75.43130998975448,72.25776118475544,75.43130998975448,96,101,96,101,-1,4,-1,4,-1,4,-1,4,96,101,96,101,0.016714161843788027,,,,,,,,
1785722400,19.205240730039677,19.25,19.13,19.189999999999998,18.99577183074808,19.43357142857138,19.32367647058828,19.205240730039677,19.25,19.13,19.189999999999998,,,,71.45544863075993,72.01345326988444,71.45544863075993,72.01345326988444,69.05047346257584,72.24089172616516,69.05047346257584,72.24089172616516,96,101,96,101,-1,4,-1,4,-1,4,-1,4,96,101,96,101,0.015006789499663501,0.015006789499663501,,0.015006789499663501,,,,,
1785723000,19.197620365019837,19.24,19.1,19.197499999999998,18.997779076213273,19.420119047619,19.33389705882357,19.197620365019837,19.24,19.1,19.197499999999998,,,,70.42657958936864,71.78675702981074,70.42657958936864,71.78675702981074,66.2090914403969,69.22499158328102,66.2090914403969,69.22499158328102,96,101,96,101,-1,4,-1,4,-1,4,-1,4,96,101,96,101,0.03742673111528485,,,,,,,,
1785723600,19.197560182509918,19.35,19.13,19.22,18.99999022968379,19.409166666666618,19.343897058823572,19.197560182509918,19.35,19.13,19.22,,,,69.60856383115366,71.47558657285973,69.60856383115366,71.47558657285973,64.29678893620984,66.76089025974542,64.29678893620984,66.76089025974542,96,101,96,101,-1,4,-1,4,-1,4,-1,4,96,101,96,101,0.05708959459552258,,,,,,,,
1785724200,19.208780091254958,19.27,19.1,19.1825,19.001806247298877,19.397023809523763,19.352279411764748,19.208780091254958,19.27,19.1,19.1825,,,,68.62004004101631,71.06765135402495,68.62004004101631,71.06765135402495,62.166073943215146,64.46348210148028,62.166073943215146,64.46348210148028,96,101,96,101,-1,4,-1,4,-1,4,-1,4,96,101,96,101,0.05710385711986041,,,,,,,,
1785724800,19.195640045627478,19.25,19.17,19.205000000000002,19.003828075683963,19.390833333333287,19.36183823529416,19.195640045627478,19.25,19.17,19.205000000000002,,,,67.83948773039428,70.60648512207771,67.83948773039428,70.60648512207771,60.57131669143328,62.51739939645678,60.57131669143328,62.51739939645678,96,101,96,101,-1,4,-1,4,-1,4,-1,4,96,101,96,101,0.04696657422754531,,,,,,,,
1785725400,19.20032002281374,19.26,19.17,19.21,19.005879537617457,19.385476190476147,19.374558823529455,19.20032002281374,19.26,19.17,19.21,,,,67.14521418677027,70.11201784560522,67.14521418677027,70.11201784560522,59.27419796412455,60.89579868029067,59.27419796412455,60.89579868029067,96,101,96,101,-1,4,-1,4,-1,4,-1,4,96,101,96,101,0.040497242776662744,,,,,,,,
1785726000,19.20516001140687,19.29,19.15,19.21,19.0079105869944,19.375952380952338,19.385735294117687,19.20516001140687,19.29,19.15,19.21,,,,66.50053161054798,69.59609124059703,66.50053161054798,69.59609124059703,57.10528447686986,59.00054157858027,57.10528447686986,59.00054157858027,96,101,96,101,-1,4,-1,4,-1,4,-1,4,96,101,96,101,0.039454078558180276,,,,,,,,
1785726600,19.207580005703434,19.207580005703434,19.12,19.1575,19.0093990388651,19.358452380952333,19.38448529411769,19.207580005703434,19.207580005703434,19.12,19.1575,,,,65.5813849692573,69.02256177326278,65.5813849692573,69.02256177326278,52.18875923938846,55.594650408984364,52.18875923938846,55.594650408984364,96,101,96,101,-1,4,-1,4,-1,4,-1,4,96,101,96,101,0.02952241730724059,,,,,,,,
1785727200,19.182540002851717,19.182540002851717,19.11,19.1475,19.010773177781868,19.336071428571383,19.382205882352984,19.182540002851717,19.182540002851717,19.11,19.1475,,,,64.66684159843734,68.400316034002,64.66684159843734,68.400316034002,47.01928816432598,51.306969286655175,47.01928816432598,51.306969286655175,96,101,96,101,-1,4,-1,4,-1,4,-1,4,96,101,96,101,0.011916416715977832,,,,,,,,
1785733200,19.16502000142586,19.17,19.06,19.122500000000002,19.01188488745568,19.31476190476186,19.376838235294162,19.16502000142586,19.17,19.06,19.122500000000002,,,,63.664997601479385,67.72384197221307,63.664997601479385,67.72384197221307,42.01662063063486,46.66179495864502,42.01662063063486,46.66179495864502,96,101,96,101,-1,4,-1,4,-1,4,-1,4,96,101,96,101,0.0007247393848683306,,,,,,,,
1785733800,19.14376000071293,19.14376000071293,19.01,19.052500000000002,19.012289017928758,19.291309523809478,19.364338235294163,19.14376000071293,19.14376000071293,19.01,19.052500000000002,,,,62.307363462667986,66.95005932799235,62.307363462667986,66.95005932799235,37.47395640566161,42.067875682153314,37.47395640566161,42.067875682153314,96,101,96,101,-1,4,-1,4,-1,4,-1,4,96,101,96,101,-0.015986098536884034,,,,,,,,
1785734400,19.098130000356466,19.098130000356466,18.95,19.000000000000004,19.012166739143396,19.265952380952335,19.347720588235337,19.098130000356466,19.098130000356466,18.95,19.000000000000004,,,,60.72619037040173,66.06093519119369,60.72619037040173,66.06093519119369,33.630095969473544,37.84898582581343,33.630095969473544,37.84898582581343,96,101,96,101,-1,4,-1,4,-1,4,-1,4,96,101,96,101,-0.04335622216709635,,,,,,,,
1785735000,19.049065000178235,19.049065000178235,18.96,18.9925,19.011971050196696,19.240952380952336,19.332647058823575,19.049065000178235,19.049065000178235,18.96,18.9925,,,,59.21217066750978,65.08254025923885,59.21217066750978,65.08254025923885,29.942482260906775,33.8957340433601,29.942482260906775,33.8957340433601,96,101,96,101,-1,4,-1,4,-1,4,-1,4,96,101,96,101,-0.060163622229026756,,,,,,,,
1785735600,19.02078250008912,19.06,18.98,19.0125,19.011976313378817,19.219047619047576,19.318088235294162,19.02078250008912,19.06,18.98,19.0125,,,,57.928395351210234,64.06051955809191,57.928395351210234,64.06051955809191,26.94415622397394,30.41994513366702,26.94415622397394,30.41994513366702,96,101,96,101,-1,4,-1,4,-1,4,-1,4,96,101,96,101,-0.0634384282040167,-0.0634384282040167,,-0.0634384282040167,,,,,
1785736200,19.016641250044557,19.09,19.016641250044557,19.044999999999998,19.012304907275546,19.19619047619043,19.305294117647104,19.016641250044557,19.09,19.016641250044557,19.044999999999998,,,,56.934730970201926,63.04254975982191,56.934730970201926,63.04254975982191,24.859876763745678,27.63991094870635,24.859876763745678,27.63991094870635,96,101,96,101,-1,4,-1,4,-1,4,-1,4,96,101,96,101,-0.05780111751347679,,,,,,,,
1785736800,19.03082062502228,19.08,19.02,19.057499999999997,19.012754609690713,19.173333333333286,19.293750000000045,19.03082062502228,19.08,19.02,19.057499999999997,,,,56.08835519272106,62.04909339309322,56.08835519272106,62.04909339309322,23.19730627377166,25.418608611239005,23.19730627377166,25.418608611239005,96,101,96,101,-1,4,-1,4,-1,4,-1,4,96,101,96,101,-0.045913852158964645,,,,,,,,
1785737400,19.04416031251114,19.16,19.04416031251114,19.1025,19.013647598649015,19.153333333333286,19.283897058823577,19.04416031251114,19.16,19.04416031251114,19.1025,,,,55.57716010264268,61.12453149445743,55.57716010264268,61.12453149445743,22.562722044270103,23.990665327754556,22.562722044270103,23.990665327754556,96,101,96,101,-1,4,-1,4,-1,4,-1,4,96,101,96,101,-0.03883079626170038,,,,,,,,
1785738000,19.07333015625557,19.27,19.07333015625557,19.1775,19.015277970801762,19.137261904761857,19.2792647058824,19.07333015625557,19.27,19.07333015625557,19.1775,,,,55.56035440544536,60.329649053169994,55.56035440544536,60.329649053169994,23.23151532370253,23.611090325728544,23.23151532370253,23.611090325728544,96,101,96,101,-1,4,-1,4,-1,4,-1,4,96,101,96,101,-0.02668106647764523,,,,,,,,
1785738600,19.125415078127784,19.22,19.125415078127784,19.177500000000002,19.01689212034602,19.130357142857093,19.27500000000005,19.125415078127784,19.22,19.125415078127784,19.177500000000002,,,,55.544749115190726,59.64609191917295,55.544749115190726,59.64609191917295,24.011128015575796,23.81110917065217,24.011128015575796,23.81110917065217,96,101,96,101,-1,4,-1,4,-1,4,-1,4,96,101,96,101,-0.008981470488988053,,,,,,,,
1785739200,19.15145753906389,19.18,19.14,19.155,19.018266328103774,19.130357142857093,19.267500000000048,19.15145753906389,19.18,19.14,19.155,,,,55.39289585116307,59.03849248088583,55.39289585116307,59.03849248088583,24.510328924070276,24.160719047361223,24.510328924070276,24.160719047361223,96,101,96,101,-1,4,-1,4,-1,4,-1,4,96,101,96,101,-0.00699831148576999,,,,,-0.00699831148576999,,-0.00699831148576999,
1785739800,19.153228769531946,19.18,19.14,19.1625,19.019701489018164,19.132261904761858,19.256838235294165,19.153228769531946,19.18,19.14,19.1625,,,,55.29767679463922,58.50409023999346,55.29767679463922,58.50409023999346,25.002105818848683,24.58141243310495,25.002105818848683,24.58141243310495,96,101,96,101,-1,4,-1,4,-1,4,-1,4,96,101,96,101,-0.01717841870389885,,,,,,,,
1785807000,19.157864384765972,19.31,19.07,19.1575,19.02107261848067,19.130714285714237,19.24330882352946,19.157864384765972,19.31,19.07,19.1575,,,,55.0614963409134,58.01229111155345,55.0614963409134,58.01229111155345,26.13342283306848,25.357417633086715,26.13342283306848,25.357417633086715,96,101,96,101,-1,4,-1,4,-1,4,-1,4,96,101,96,101,-0.02673599776769661,,,,,,,,
1785807600,19.157682192382985,19.157682192382985,18.88,19.002499999999998,19.020887816306733,19.121428571428524,19.226617647058873,19.157682192382985,19.157682192382985,18.88,19.002499999999998,,,,53.57125468853008,57.377857336835824,53.57125468853008,57.377857336835824,25.666870121266815,25.512143877176765,25.666870121266815,25.512143877176765,96,101,96,101,-1,4,-1,4,-1,4,-1,4,96,101,96,101,-0.062407259336200435,,,,,,,,
1785808200,19.08009109619149,19.1,18.9,18.9725,19.02040634549771,19.10964285714281,19.209779411764757,19.08009109619149,19.1,18.9,18.9725,,,,51.74261485575671,56.57282269668166,51.74261485575671,56.57282269668166,24.55156661901032,25.031855248093542,24.55156661901032,25.031855248093542,96,101,96,101,-1,4,-1,4,-1,4,-1,4,96,101,96,101,-0.09978044664162919,,,,,,,,
1785808800,19.026295548095746,19.026295548095746,18.78,18.89,19.01910876992062,19.095714285714237,19.190882352941227,19.026295548095746,19.026295548095746,18.78,18.89,,,,49.46114095163265,55.556868161674664,49.46114095163265,55.556868161674664,23.589168159835598,24.310511703964572,23.589168159835598,24.310511703964572,96,101,96,101,-1,4,-1,4,-1,4,-1,4,96,101,96,101,-0.1295001719745162,,,,,,,,
1785809400,18.958147774047873,19.05,18.93,18.9725,19.01864500106569,19.08464285714281,19.174852941176518,18.958147774047873,19.05,18.93,18.9725,,,,47.92608067149481,54.46675566307754,47.92608067149481,54.46675566307754,23.774975146216697,24.042743425090634,23.774975146216697,24.042743425090634,96,101,96,101,-1,4,-1,4,-1,4,-1,4,96,101,96,101,-0.1369183775267242,-0.1369183775267242,,-0.1369183775267242,,,,,
1785810000,18.965323887023935,19,18.88,18.952499999999997,19.017986841851105,19.072380952380904,19.159558823529462,18.965323887023935,19,18.88,18.952499999999997,,,,46.359224838523794,53.308536973855574,46.359224838523794,53.308536973855574,23.453862555794892,23.748302990442763,23.453862555794892,23.748302990442763,96,101,96,101,-1,4,-1,4,-1,4,-1,4,96,101,96,101,-0.12672929345822753,,,,,,,,
1785810600,18.958911943511964,19.02,18.9,18.9575,19.01738498272821,19.060357142857093,19.14286764705887,18.958911943511964,19.02,18.9,18.9575,,,,44.93964795826148,52.112981400199274,44.93964795826148,52.112981400199274,23.33626534985665,23.542284170149706,23.33626534985665,23.542284170149706,96,101,96,101,-1,4,-1,4,-1,4,-1,4,96,101,96,101,-0.12468149988388522,,,,,,,,
1785811200,18.95820597175598,19.18,18.95820597175598,19.0825,19.01803289334783,19.056785714285667,19.129485294117696,18.95820597175598,19.18,18.95820597175598,19.0825,,,,44.50548639971522,51.026196400130125,44.50548639971522,51.026196400130125,24.989370092961142,24.265827131555426,24.989370092961142,24.265827131555426,96,101,96,101,-1,4,-1,4,-1,4,-1,4,96,101,96,101,-0.10034722397731691,,,,,,,,
1785811800,19.02035298587799,19.2,19.02035298587799,19.159999999999997,19.019445501374218,19.057380952380903,19.118823529411813,19.02035298587799,19.2,19.02035298587799,19.159999999999997,,,,44.65042690440315,50.11537218645485,44.65042690440315,50.11537218645485,27.745959019703736,26.00589307562958,27.745959019703736,26.00589307562958,96,101,96,101,-1,4,-1,4,-1,4,-1,4,96,101,96,101,-0.05240166572567372,,,,,,,,
1785812400,19.090176492938994,19.2,19.090176492938994,19.155,19.02079430235557,19.058928571428524,19.108235294117694,19.090176492938994,19.2,19.090176492938994,19.155,,,,44.74965383697407,49.34884099367188,44.74965383697407,49.34884099367188,30.700177940126004,28.35303550787779,30.700177940126004,28.35303550787779,96,101,96,101,-1,4,-1,4,-1,4,-1,4,96,101,96,101,-0.02783967596014476,,,,,,,,
1785813000,19.122588246469498,19.23,19.122588246469498,19.1775,19.02235356302865,19.064880952380904,19.10397058823534,19.122588246469498,19.23,19.122588246469498,19.1775,,,,45.000916186666856,48.72770887838545,45.000916186666856,48.72770887838545,34.91835244905726,31.635693978467526,34.91835244905726,31.635693978467526,96,101,96,101,-1,4,-1,4,-1,4,-1,4,96,101,96,101,-0.021292712609390065,,,,,-0.021292712609390065,-0.021292712609390065,-0.021292712609390065,
1785813600,19.15004412323475,19.19,19.13,19.16,19.02372317931692,19.072499999999952,19.10411764705887,19.15004412323475,19.19,19.13,19.16,,,,44.73687558948257,48.15758983711361,44.73687558948257,48.15758983711361,39.40392176452896,35.519807871498244,39.40392176452896,35.519807871498244,96,101,96,101,-1,4,-1,4,-1,4,-1,4,96,101,96,101,-0.023392318002883192,,,,,,,,
1785819600,19.155022061617373,19.18,19.07,19.1325,19.024805535741628,19.079166666666616,19.10441176470593,19.155022061617373,19.18,19.07,19.1325,,,,44.27818571818413,47.603389248695116,44.27818571818413,47.603389248695116,42.647081119557974,39.08344449552811,42.647081119557974,39.08344449552811,96,101,96,101,-1,4,-1,4,-1,4,-1,4,96,101,96,101,-0.03880524860242232,,,,,,,,
1785820200,19.143761030808687,19.15,18.99,19.0775,19.025329858769073,19.082261904761857,19.10110294117652,19.143761030808687,19.15,18.99,19.0775,,,,43.42524077558092,47.006510895393085,43.42524077558092,47.006510895393085,44.26772883334887,41.67558666443849,44.26772883334887,41.67558666443849,96,101,96,101,-1,4,-1,4,-1,4,-1,4,96,101,96,101,-0.05727003208979753,,,,,,,,
1785820800,19.110630515404345,19.110630515404345,18.97,19.014999999999997,19.025227074104706,19.080833333333285,19.0957352941177,19.110630515404345,19.110630515404345,18.97,19.014999999999997,,,,42.14797202453008,46.312433913841225,42.14797202453008,46.312433913841225,44.56662988125982,43.121108272849156,44.56662988125982,43.121108272849156,96,101,96,101,-1,4,-1,4,-1,4,-1,4,96,101,96,101,-0.08540514210385218,,,,,,,,
1785821400,19.06281525770217,19.11,18.98,19.0375,19.02534919277033,19.0798809523809,19.090367647058873,19.06281525770217,19.11,18.98,19.0375,,,,41.13662619669098,45.573032811391194,41.13662619669098,45.573032811391194,45.35800220389477,44.23955523837196,45.35800220389477,44.23955523837196,96,101,96,101,-1,4,-1,4,-1,4,-1,4,96,101,96,101,-0.10907891601282589,-0.10907891601282589,,-0.10907891601282589,,,,,
1785822000,19.050157628851085,19.13,19.05,19.09,19.025992484384556,19.079285714285664,19.087647058823578,19.050157628851085,19.13,19.05,19.09,,,,40.605128052206844,44.86333213150772,40.605128052206844,44.86333213150772,47.01929907962452,45.62942715899824,47.01929907962452,45.62942715899824,96,101,96,101,-1,4,-1,4,-1,4,-1,4,96,101,96,101,-0.1063539932086631,,,,,,,,
1785822600,19.070078814425543,19.18,19.070078814425543,19.13,19.027027385037446,19.07702380952376,19.08544117647064,19.070078814425543,19.18,19.070078814425543,19.13,,,,40.42215306711131,44.22887797945109,40.42215306711131,44.22887797945109,49.3597098787676,47.49456851888292,49.3597098787676,47.49456851888292,96,101,96,101,-1,4,-1,4,-1,4,-1,4,96,101,96,101,-0.08628357176130193,,,,,,,,
1785823200,19.10003940721277,19.2,19.10003940721277,19.16,19.02835049563409,19.076190476190426,19.083970588235342,19.10003940721277,19.2,19.10003940721277,19.16,,,,40.485166978466715,43.694062122167615,40.485166978466715,43.694062122167615,52.12006838355574,49.80731845121933,52.12006838355574,49.80731845121933,96,101,96,101,-1,4,-1,4,-1,4,-1,4,96,101,96,101,-0.06564241065665719,,,,,,,,
1785823800,19.130019703606386,19.21,19.07,19.14,19.02946143597604,19.075476190476138,19.081911764705932,19.130019703606386,19.21,19.07,19.14,,,,40.38840039304829,43.22182473229343,40.38840039304829,43.22182473229343,54.32404623499603,52.06568234310768,54.32404623499603,52.06568234310768,96,101,96,101,-1,4,-1,4,-1,4,-1,4,96,101,96,101,-0.04828733482447044,,,,,,,,
1785824400,19.135009851803193,19.16,19.09,19.125,19.030412068453888,19.07369047619042,19.080955882352992,19.135009851803193,19.16,19.09,19.125,,,,40.18208607925913,42.78757635328852,40.18208607925913,42.78757635328852,55.916621041334565,53.99115169222112,55.916621041334565,53.99115169222112,96,101,96,101,-1,4,-1,4,-1,4,-1,4,96,101,96,101,-0.042773878364068346,,,,,,,,
1785825000,19.130004925901595,19.17,19.11,19.145,19.031552246877233,19.073095238095185,19.080882352941227,19.130004925901595,19.17,19.11,19.145,,,,40.145788005274774,42.41017801785798,40.145788005274774,42.41017801785798,57.632062918996176,55.811607305608646,57.632062918996176,55.811607305608646,96,101,96,101,-1,4,-1,4,-1,4,-1,4,96,101,96,101,-0.034767374185054004,,,,,,,,
1785825600,19.1375024629508,19.15,19.12,19.14,19.03263132899786,19.079642857142808,19.081397058823576,19.1375024629508,19.15,19.12,19.14,,,,40.073262775084345,42.07633298317603,40.073262775084345,42.07633298317603,59.035042949170766,57.4233251273897,59.035042949170766,57.4233251273897,96,101,96,101,-1,4,-1,4,-1,4,-1,4,96,101,96,101,-0.022284694653315017,,,,,,,,
1785826200,19.1387512314754,19.19,19.13,19.16,19.033898678958078,19.088571428571377,19.084558823529463,19.1387512314754,19.19,19.13,19.16,,,,40.161197421584525,41.802742188662954,40.161197421584525,41.802742188662954,60.72950436869835,59.07641474804403,60.72950436869835,59.07641474804403,96,101,96,101,-1,4,-1,4,-1,4,-1,4,96,101,96,101,-0.01659299131652498,,,,,,,,
1785893400,19.1493756157377,19.55,19.1493756157377,19.447499999999998,19.038014114988346,19.115119047618997,19.097720588235344,19.1493756157377,19.55,19.1493756157377,19.447499999999998,,,,42.47499387904897,41.89877814443238,42.47499387904897,41.89877814443238,62.60581350888569,60.84111412846486,62.60581350888569,60.84111412846486,96,101,96,101,-1,4,-1,4,-1,4,-1,4,96,101,96,101,0.03267324863140805,,,,,,,,
1785894000,19.29843780786885,19.78,19.29843780786885,19.634999999999998,19.043954273048165,19.146666666666615,19.116617647058874,19.29843780786885,19.78,19.29843780786885,19.634999999999998,,,,45.54820860197402,42.42012535265261,45.54820860197402,42.42012535265261,64.36748476686684,62.60429944766585,64.36748476686684,62.60429944766585,96,101,96,101,-1,4,-1,4,-1,4,-1,4,96,101,96,101,0.12091200763087948,,,,,,,,
1785894600,19.466718903934424,19.88,19.466718903934424,19.7675,19.051153733017834,19.185476190476138,19.138823529411816,19.466718903934424,19.88,19.466718903934424,19.7675,,,,48.7071027927421,43.318264986951114,48.7071027927421,43.318264986951114,66.72651371671401,64.66540658218993,66.72651371671401,64.66540658218993,96,101,96,101,-1,4,-1,4,-1,4,-1,4,96,101,96,101,0.201227876380894,,,,,,,,
1785895200,19.61710945196721,20.07,19.61710945196721,19.942500000000003,19.060022850102232,19.2323809523809,19.165220588235346,19.61710945196721,20.07,19.61710945196721,19.942500000000003,,,,51.664901098243924,44.510641574278665,51.664901098243924,44.510641574278665,68.90892516567605,66.78716587393299,68.90892516567605,66.78716587393299,96,101,96,101,-1,4,-1,4,-1,4,-1,4,96,101,96,101,0.27586328730995524,,,,,,,,
1785895800,19.779804725983606,20.01,19.779804725983606,19.975,19.06912710034997,19.2748809523809,19.192205882352994,19.779804725983606,20.01,19.779804725983606,19.975,,,,54.591383799421415,45.95074760644191,54.591383799421415,45.95074760644191,71.51132556164751,69.14924571779025,71.51132556164751,69.14924571779025,96,101,96,101,-1,4,-1,4,-1,4,-1,4,96,101,96,101,0.3219344606698062,,,,,,,,
1785896400,19.877402362991802,20.17,19.877402362991802,20.067500000000003,19.079061159052955,19.318095238095186,19.22058823529417,19.877402362991802,20.17,19.877402362991802,20.067500000000003,,,,57.30813490521814,47.573231506267085,57.30813490521814,47.573231506267085,73.95689102814104,71.55306837296564,73.95689102814104,71.55306837296564,96,101,96,101,-1,4,-1,4,-1,4,-1,4,96,101,96,101,0.34328786917566845,,,,,,,,
1785897000,19.972451181495902,20.25,19.972451181495902,20.185000000000002,19.09006552562954,19.367142857142806,19.250220588235347,19.972451181495902,20.25,19.972451181495902,20.185000000000002,,,,60.041713218596634,49.354443179457014,60.041713218596634,49.354443179457014,76.34575569757433,73.94941203526999,76.34575569757433,73.94941203526999,96,101,96,101,-1,4,-1,4,-1,4,-1,4,96,101,96,101,0.37569580069269903,,,,,,,,
1785897600,20.07872559074795,20.22,20.03,20.145,19.100562386071037,19.413214285714236,19.278676470588287,20.07872559074795,20.22,20.03,20.145,,,,62.38567247849279,51.21604736503355,62.38567247849279,51.21604736503355,78.49796667323271,76.22368935425135,78.49796667323271,76.22368935425135,96,101,96,101,-1,4,-1,4,-1,4,-1,4,96,101,96,101,0.3824858816165358,,,,,0.3824858816165358,,0.3824858816165358,
1785898200,20.111862795373973,20.2,20.07,20.145,19.110954800139982,19.460119047618996,19.30779411764711,20.111862795373973,20.2,20.07,20.145,,,,64.5622060769678,53.12264146673845,64.5622060769678,53.12264146673845,80.44599824736562,78.33484380080849,80.44599824736562,78.33484380080849,96,101,96,101,-1,4,-1,4,-1,4,-1,4,96,101,96,101,0.36650234252117286,,,,,,,,
1785898800,20.128431397686988,20.16,20.05,20.127499999999998,19.12106967775053,19.507499999999947,19.33617647058829,20.128431397686988,20.16,20.05,20.127499999999998,,,,66.49823897623199,55.03344111095181,66.49823897623199,55.03344111095181,81.9632976186107,80.14907070970959,81.9632976186107,80.14907070970959,96,101,96,101,-1,4,-1,4,-1,4,-1,4,96,101,96,101,0.34707314221714114,,,,,,,,
1785899400,20.127965698843493,20.25,20.127965698843493,20.185,19.131656049116195,19.56023809523804,19.366397058823583,20.127965698843493,20.25,20.127965698843493,20.185,,,,68.57538128453805,56.968003992892704,68.57538128453805,56.968003992892704,83.81291671038736,81.98099371004847,83.81291671038736,81.98099371004847,96,101,96,101,-1,4,-1,4,-1,4,-1,4,96,101,96,101,0.3322903974893798,,,,,,,,
1785900000,20.156482849421746,20.22,20.156482849421746,20.19,19.142186834697128,19.616190476190425,19.40132352941182,20.156482849421746,20.22,20.156482849421746,20.19,,,,70.52845171756668,58.905210810703274,70.52845171756668,58.905210810703274,85.47028565233103,83.72563968118975,85.47028565233103,83.72563968118975,96,101,96,101,-1,4,-1,4,-1,4,-1,4,96,101,96,101,0.32570186914287064,0.32570186914287064,,0.32570186914287064,,,,,
1785906000,20.173241424710874,20.35,20.15,20.2275,19.15298597067029,19.67285714285709,19.4382352941177,20.173241424710874,20.35,20.15,20.2275,,,,72.07623746840473,60.786786047517765,72.07623746840473,60.786786047517765,86.41446035843272,85.07005001981123,86.41446035843272,85.07005001981123,96,101,96,101,-1,4,-1,4,-1,4,-1,4,96,101,96,101,0.3298440241304244,,,,,,,,
1785906600,20.200370712355436,20.36,20.200370712355436,20.2725,19.1641254137482,19.729166666666615,19.47889705882358,20.200370712355436,20.36,20.200370712355436,20.2725,,,,73.6752223146941,62.62799122854296,73.6752223146941,62.62799122854296,87.40108460203668,86.23556731092395,87.40108460203668,86.23556731092395,96,101,96,101,-1,4,-1,4,-1,4,-1,4,96,101,96,101,0.3359056171408292,,,,,,,,
1785907200,20.23643535617772,20.38,20.23643535617772,20.3275,19.175701280278066,19.786190476190423,19.51875000000005,20.23643535617772,20.38,20.23643535617772,20.3275,,,,75.32118857793023,64.44130513559828,75.32118857793023,64.44130513559828,88.45401673004183,87.34479202048288,88.45401673004183,87.34479202048288,96,101,96,101,-1,4,-1,4,-1,4,-1,4,96,101,96,101,0.34389245068786295,,,,,,,,
1785907800,20.28196767808886,20.49,20.28196767808886,20.4,19.18788335709122,19.845238095238045,19.561323529411816,20.28196767808886,20.49,20.28196767808886,20.4,,,,76.70802097273973,66.19369311233278,76.70802097273973,66.19369311233278,89.03234741492844,88.18856971770566,89.03234741492844,88.18856971770566,96,101,96,101,-1,4,-1,4,-1,4,-1,4,96,101,96,101,0.3645596817614486,,,,,,,,
1785908400,20.34098383904443,20.54,20.34098383904443,20.490000000000002,19.200839741597775,19.90952380952376,19.606397058823582,20.34098383904443,20.54,20.34098383904443,20.490000000000002,,,,78.16881168247912,67.90442433663941,78.16881168247912,67.90442433663941,89.6995754206686,88.94407256918713,89.6995754206686,88.94407256918713,96,101,96,101,-1,4,-1,4,-1,4,-1,4,96,101,96,101,0.39125887887202054,,,,,,,,
1785909000,20.415491919522218,20.58,20.415491919522218,20.5275,19.214040341183868,19.976309523809473,19.64889705882358,20.415491919522218,20.58,20.415491919522218,20.5275,,,,79.51984894325442,69.56377070901299,79.51984894325442,69.56377070901299,90.40084963128197,89.67246110023456,90.40084963128197,89.67246110023456,96,101,96,101,-1,4,-1,4,-1,4,-1,4,96,101,96,101,0.40934347831945855,,,,,0.40934347831945855,,0.40934347831945855,
1785909600,20.471495959761107,20.51,20.36,20.450000000000003,19.22633844724174,20.03845238095233,19.68683823529417,20.471495959761107,20.51,20.36,20.450000000000003,,,,80.4668438600061,71.12135258772628,80.4668438600061,71.12135258772628,90.60356048211237,90.13801079117346,90.60356048211237,90.13801079117346,96,101,96,101,-1,4,-1,4,-1,4,-1,4,96,101,96,101,0.40337544899170275,,,,,,,,
1785910200,20.460747979880555,20.460747979880555,20.31,20.3825,19.23784254229406,20.097619047618995,19.72294117647064,20.460747979880555,20.460747979880555,20.31,20.3825,,,,81.07833913984693,72.54377923802923,81.07833913984693,72.54377923802923,90.34253003127131,90.24027041122238,90.34253003127131,90.24027041122238,96,101,96,101,-1,4,-1,4,-1,4,-1,4,96,101,96,101,0.3831477816114854,,,,,,,,
1785910800,20.42162398994028,20.42162398994028,20.33,20.369999999999997,19.249107790629445,20.155238095238044,19.758014705882402,20.42162398994028,20.42162398994028,20.33,20.369999999999997,,,,81.59655301081024,73.8370326341408,81.59655301081024,73.8370326341408,89.97105587397446,90.10566314259842,89.97105587397446,90.10566314259842,96,101,96,101,-1,4,-1,4,-1,4,-1,4,96,101,96,101,0.35789992231641443,,,,,,,,
1785911400,20.39581199497014,20.5,20.39581199497014,20.45,19.261056966842087,20.20297619047614,19.79595588235299,20.39581199497014,20.5,20.39581199497014,20.45,,,,82.3952119227365,75.05962967536875,82.3952119227365,75.05962967536875,90.14666189364674,90.12616251812258,90.14666189364674,90.12616251812258,96,101,96,101,-1,4,-1,4,-1,4,-1,4,96,101,96,101,0.3497270678610779,0.3497270678610779,,0.3497270678610779,,,,,
1785912000,20.422905997485067,20.51,20.422905997485067,20.495,19.27333500697301,20.24392857142852,19.83602941176476,20.422905997485067,20.51,20.422905997485067,20.495,,,,83.31539519809658,76.23902475004415,83.31539519809658,76.23902475004415,90.57080690257585,90.34848471034923,90.57080690257585,90.34848471034923,96,101,96,101,-1,4,-1,4,-1,4,-1,4,96,101,96,101,0.3578805617340635,,,,,,,,
1785912600,20.458952998742532,20.5,20.458952998742532,20.482499999999998,19.28536649944094,20.27797619047614,19.87735294117652,20.458952998742532,20.5,20.458952998742532,20.482499999999998,,,,84.12024792204205,77.36491377461527,84.12024792204205,77.36491377461527,91.00018763341474,90.67433617188198,91.00018763341474,90.67433617188198,96,101,96,101,-1,4,-1,4,-1,4,-1,4,96,101,96,101,0.35285222070991673,,,,,,,,
1785979800,20.470726499371267,21.14,20.470726499371267,20.935,19.301780763128093,20.325238095238042,19.933823529411818,20.470726499371267,21.14,20.470726499371267,20.935,,,,84.63405587918432,78.40336264669656,84.63405587918432,78.40336264669656,89.97298225554931,90.32365921371564,89.97298225554931,90.32365921371564,96,101,96,101,-1,4,-1,4,-1,4,-1,4,96,101,96,101,0.429774960572343,,,,,,,,
1785980400,20.702863249685635,21,20.63,20.835,19.317036675932787,20.366190476190425,19.98669117647064,20.702863249685635,21,20.63,20.835,,,,84.80849982970263,79.31838224426886,84.80849982970263,79.31838224426886,89.08533578115524,89.70449749743544,89.08533578115524,89.70449749743544,96,101,96,101,-1,4,-1,4,-1,4,-1,4,96,101,96,101,0.4959963957951975,,,,,0.4959963957951975,,0.4959963957951975,
1785981000,20.768931624842818,20.88,20.71,20.7775,19.33156864930659,20.39999999999995,20.036323529411817,20.768931624842818,20.88,20.71,20.7775,,,,84.79645202104348,80.10096364095095,84.79645202104348,80.10096364095095,88.17933077286436,88.9419141351499,88.17933077286436,88.9419141351499,96,101,96,101,-1,4,-1,4,-1,4,-1,4,96,101,96,101,0.4670132495322259,,,,,,,,
1785981600,20.77321581242141,20.85,20.71,20.7825,19.346005777174184,20.428452380952326,20.08492647058829,20.77321581242141,20.85,20.71,20.7825,,,,84.80039794205854,80.77231139825203,84.80039794205854,80.77231139825203,87.38106310886154,88.16148862200572,87.38106310886154,88.16148862200572,96,101,96,101,-1,4,-1,4,-1,4,-1,4,96,101,96,101,0.42971754535038725,,,,,,,,
1785982200,20.777857906210706,20.93,20.777857906210706,20.86,19.36107039630678,20.462499999999945,20.134926470588287,20.777857906210706,20.93,20.777857906210706,20.86,,,,85.03862617622143,81.38178493796194,85.03862617622143,81.38178493796194,87.12126432439533,87.64137647320052,87.12126432439533,87.64137647320052,96,101,96,101,-1,4,-1,4,-1,4,-1,4,96,101,96,101,0.4212126807756754,,,,,,,,
1785982800,20.818928953105353,20.98,20.818928953105353,20.9125,19.376507506791288,20.499047619047566,20.187058823529465,20.818928953105353,20.98,20.818928953105353,20.9125,,,,85.41873641302887,81.95849229154294,85.41873641302887,81.95849229154294,87.20896929019351,87.42517288169702,87.20896929019351,87.42517288169702,96,101,96,101,-1,4,-1,4,-1,4,-1,4,96,101,96,101,0.4283916655815387,,,,,,,,
1785983400,20.865714476552675,20.91,20.66,20.7875,19.390547233091873,20.53047619047614,20.235955882352997,20.865714476552675,20.91,20.66,20.7875,,,,85.39336662081496,82.44918862429608,85.39336662081496,82.44918862429608,86.65865837337157,87.0419156275343,86.65865837337157,87.0419156275343,96,101,96,101,-1,4,-1,4,-1,4,-1,4,96,101,96,101,0.41139529596291813,,,,,,,,
1785984000,20.82660723827634,20.82660723827634,20.62,20.67,19.403278106394442,20.553571428571377,20.280808823529465,20.82660723827634,20.82660723827634,20.62,20.67,,,,85.01417941666475,82.81561588034876,85.01417941666475,82.81561588034876,85.61295820483146,86.32743691618288,85.61295820483146,86.32743691618288,96,101,96,101,-1,4,-1,4,-1,4,-1,4,96,101,96,101,0.35138250720055836,,,,,,,,
1785984600,20.74830361913817,20.77,20.6,20.6875,19.416056433694,20.577261904761855,20.32632352941182,20.74830361913817,20.77,20.6,20.6875,,,,84.71504311450587,83.0869626280855,84.71504311450587,83.0869626280855,84.53151018713795,85.42947355166041,84.53151018713795,85.42947355166041,96,101,96,101,-1,4,-1,4,-1,4,-1,4,96,101,96,101,0.3040212385514969,,,,,,,,
1785985200,20.717901809569085,20.77,20.61,20.71,19.428931494055252,20.600238095238044,20.371911764705935,20.717901809569085,20.77,20.61,20.71,,,,84.5053729646804,83.28959267617049,84.5053729646804,83.28959267617049,83.60932926591448,84.51940140878745,83.60932926591448,84.51940140878745,96,101,96,101,-1,4,-1,4,-1,4,-1,4,96,101,96,101,0.29820603983461336,,,,,,,,
1785985800,20.713950904784543,20.713950904784543,20.49,20.595,19.440534165756194,20.61559523809519,20.405661764705936,20.713950904784543,20.713950904784543,20.49,20.595,,,,83.962616300133,83.38573890816512,83.962616300133,83.38573890816512,81.92927086040908,83.22433613459826,81.92927086040908,83.22433613459826,96,101,96,101,-1,4,-1,4,-1,4,-1,4,96,101,96,101,0.2853460685943495,,,,,,,,
1785986400,20.65447545239227,20.65447545239227,20.49,20.572499999999998,19.45179750739046,20.627261904761856,20.433235294117704,20.65447545239227,20.65447545239227,20.49,20.572499999999998,,,,83.39052869515982,83.38642316345008,83.39052869515982,83.38642316345008,79.80482442302844,81.51458027881336,79.80482442302844,81.51458027881336,96,101,96,101,-1,4,-1,4,-1,4,-1,4,96,101,96,101,0.25290893664427727,,,,,,,,
1785992400,20.613487726196134,20.63,20.48,20.555,19.462774646620407,20.634642857142808,20.456397058823587,20.613487726196134,20.63,20.48,20.555,,,,82.80633838884694,83.30355390993535,82.80633838884694,83.30355390993535,77.31189566721379,79.41323797301357,77.31189566721379,79.41323797301357,96,101,96,101,-1,4,-1,4,-1,4,-1,4,96,101,96,101,0.22313480070793112,,,,,,,,
1785993000,20.584243863098067,20.584243863098067,20.23,20.36,19.47170226207692,20.628452380952332,20.468676470588292,20.584243863098067,20.584243863098067,20.23,20.36,,,,81.67368225695593,83.07071510236686,81.67368225695593,83.07071510236686,73.02994817618033,76.22159307459694,73.02994817618033,76.22159307459694,96,101,96,101,-1,4,-1,4,-1,4,-1,4,96,101,96,101,0.17177387198107955,,,,,,,,
1785993600,20.472121931549033,20.472121931549033,20.25,20.2975,19.479919154991578,20.61749999999995,20.478161764705938,20.472121931549033,20.472121931549033,20.25,20.2975,,,,80.43276548557529,82.69386515711092,80.43276548557529,82.69386515711092,68.0331296285819,72.12736135158943,68.0331296285819,72.12736135158943,96,101,96,101,-1,4,-1,4,-1,4,-1,4,96,101,96,101,0.11175208271367057,,,,,,,,
1785994200,20.384810965774516,20.384810965774516,20.26,20.325000000000003,19.488327919618527,20.61154761904757,20.485735294117703,20.384810965774516,20.384810965774516,20.26,20.325000000000003,,,,79.25457174355886,82.20253752660348,79.25457174355886,82.20253752660348,62.761440654117834,67.44440100285362,62.761440654117834,67.44440100285362,96,101,96,101,-1,4,-1,4,-1,4,-1,4,96,101,96,101,0.08821941846518477,,,,,,,,
1785994800,20.35490548288726,20.44,20.33,20.369999999999997,19.497100776139735,20.61095238095233,20.49117647058829,20.35490548288726,20.44,20.33,20.369999999999997,,,,78.3027597290063,81.64542641266102,78.3027597290063,81.64542641266102,58.20969168779534,62.82704634532448,58.20969168779534,62.82704634532448,96,101,96,101,-1,4,-1,4,-1,4,-1,4,96,101,96,101,0.08664810573427333,,,,,,,,
1785995400,20.36245274144363,20.49,20.35,20.42,19.506283852994066,20.613333333333284,20.49926470588241,20.36245274144363,20.49,20.35,20.42,,,,77.55664423815891,81.06131467344643,77.55664423815891,81.06131467344643,54.592455893454044,58.70975111938927,54.592455893454044,58.70975111938927,96,101,96,101,-1,4,-1,4,-1,4,-1,4,96,101,96,101,0.08259992781704607,,,,,,,,
1785996000,20.391226370721817,20.49,20.31,20.402499999999996,19.515201426596114,20.61107142857138,20.506838235294172,20.391226370721817,20.49,20.31,20.402499999999996,,,,76.74527982545762,80.44473826659089,76.74527982545762,80.44473826659089,51.370798028522366,55.04027457395581,51.370798028522366,55.04027457395581,96,101,96,101,-1,4,-1,4,-1,4,-1,4,96,101,96,101,0.07672916185027497,,,,,,,,
1785996600,20.396863185360907,20.396863185360907,20.3,20.3275,19.523283999465804,20.603095238095186,20.51272058823535,20.396863185360907,20.396863185360907,20.3,20.3275,,,,75.73187438697036,79.77147199807368,75.73187438697036,79.77147199807368,47.16271759961452,51.10149608678516,47.16271759961452,51.10149608678516,96,101,96,101,-1,4,-1,4,-1,4,-1,4,96,101,96,101,0.04865097987239315,,,,,,,,
1785997200,20.362181592680454,20.37,20.31,20.3375,19.531385651212414,20.596190476190426,20.517205882353,20.362181592680454,20.37,20.31,20.3375,,,,74.82377144359558,79.06465763314824,74.82377144359558,79.06465763314824,43.216475381719995,47.15898573425258,43.216475381719995,47.15898573425258,96,101,96,101,-1,4,-1,4,-1,4,-1,4,96,101,96,101,0.011435575676936037,,,,,,,,
1785997800,20.349840796340224,20.43,20.32,20.3575,19.53960569448393,20.568690476190426,20.52213235294123,20.349840796340224,20.43,20.32,20.3575,,,,74.04636578090295,78.3477587971132,74.04636578090295,78.3477587971132,40.11582679570296,43.63740626497777,40.11582679570296,43.63740626497777,96,101,96,101,-1,4,-1,4,-1,4,-1,4,96,101,96,101,-0.007019218306648499,,,,,,,,
1785998400,20.353670398170113,20.37,20.32,20.3425,19.547594692548767,20.545238095238044,20.525514705882408,20.353670398170113,20.37,20.32,20.3425,,,,73.27511450557184,77.62309532689301,73.27511450557184,77.62309532689301,36.5950356964947,40.11622098073623,36.5950356964947,40.11622098073623,96,101,96,101,-1,4,-1,4,-1,4,-1,4,96,101,96,101,-0.018316915334165858,,,,,,,,
1785999000,20.348085199085055,20.39,20.348085199085055,20.3675,19.55575295431445,20.525714285714237,20.528308823529468,20.348085199085055,20.39,20.348085199085055,20.3675,,,,72.64124358795857,76.91140222133095,72.64124358795857,76.91140222133095,33.474458848706966,36.795339914721595,33.474458848706966,36.795339914721595,96,101,96,101,-1,4,-1,4,-1,4,-1,4,96,101,96,101,-0.029299120035950706,-0.029299120035950706,,-0.029299120035950706,,,,,
1786066200,20.357792599542528,20.71,20.23,20.497500000000002,19.565123571684456,20.512142857142813,20.533308823529467,20.357792599542528,20.71,20.23,20.497500000000002,,,,72.48056226518472,76.27842508473863,72.48056226518472,76.27842508473863,32.280439137329786,34.537889526025694,32.280439137329786,34.537889526025694,96,101,96,101,-1,4,-1,4,-1,4,-1,4,96,101,96,101,-0.012980711215356638,,,,,,,,
1786066800,20.427646299771265,20.57,20.28,20.4625,19.574052690374163,20.49321428571424,20.535147058823586,20.427646299771265,20.57,20.28,20.4625,,,,72.21615080647994,75.69810018784453,72.21615080647994,75.69810018784453,30.973959762205013,32.75592464411535,30.973959762205013,32.75592464411535,96,101,96,101,-1,4,-1,4,-1,4,-1,4,96,101,96,101,0.0036218188616599437,,,,,,,,
1786067400,20.44507314988563,20.85,20.44507314988563,20.675,19.58500738997243,20.481904761904715,20.540588235294173,20.44507314988563,20.85,20.44507314988563,20.675,,,,72.66301305046154,75.26451631107554,72.66301305046154,75.26451631107554,32.64061951288297,32.69827207849916,32.64061951288297,32.69827207849916,96,101,96,101,-1,4,-1,4,-1,4,-1,4,96,101,96,101,0.03523802840002629,,,,,,,,
1786068000,20.560036574942814,20.93,20.560036574942814,20.8025,19.59712174430106,20.482619047619,20.54867647058829,20.560036574942814,20.93,20.560036574942814,20.8025,,,,73.46220316408201,75.00704300436219,73.46220316408201,75.00704300436219,35.84289568886239,34.27058388368077,35.84289568886239,34.27058388368077,96,101,96,101,-1,4,-1,4,-1,4,-1,4,96,101,96,101,0.08621688338856548,,,,,,,,
1786068600,20.681268287471404,20.84,20.67,20.7775,19.608866801571697,20.48773809523805,20.55830882352947,20.681268287471404,20.84,20.67,20.7775,,,,74.10689741702716,74.87845077760005,74.10689741702716,74.87845077760005,38.874030802294584,36.57230734298768,38.874030802294584,36.57230734298768,96,101,96,101,-1,4,-1,4,-1,4,-1,4,96,101,96,101,0.10195648905338534,,,,,,,,
1786069200,20.7293841437357,20.97,20.7293841437357,20.87,19.621415390610785,20.496428571428524,20.572647058823584,20.7293841437357,20.97,20.7293841437357,20.87,,,,75.02472772574882,74.89934748447844,75.02472772574882,74.89934748447844,42.798677226052824,39.68549228452025,42.798677226052824,39.68549228452025,96,101,96,101,-1,4,-1,4,-1,4,-1,4,96,101,96,101,0.10590474314369476,,,,,,,,
1786069800,20.799692071867852,20.98,20.799692071867852,20.89,19.63403812304252,20.504999999999956,20.587941176470647,20.799692071867852,20.98,20.799692071867852,20.89,,,,75.94601183919602,75.04887096372381,75.94601183919602,75.04887096372381,46.76113980046506,43.223316042492655,46.76113980046506,43.223316042492655,96,101,96,101,-1,4,-1,4,-1,4,-1,4,96,101,96,101,0.11086477779961593,,,,,0.11086477779961593,,0.11086477779961593,
1786070400,20.844846035933926,20.88,20.7,20.79,19.645540231270953,20.51428571428567,20.59794117647064,20.844846035933926,20.88,20.7,20.79,,,,76.44464165556006,75.24826677684328,76.44464165556006,75.24826677684328,49.04438681777358,46.13385143013312,49.04438681777358,46.13385143013312,96,101,96,101,-1,4,-1,4,-1,4,-1,4,96,101,96,101,0.0928031529985851,,,,,,,,
1786071000,20.817423017966963,20.817423017966963,20.66,20.72,19.656231373248357,20.521309523809478,20.604558823529466,20.817423017966963,20.817423017966963,20.66,20.72,,,,76.64933473927621,75.44841934290513,76.64933473927621,75.44841934290513,50.15373198488572,48.14379170750942,50.15373198488572,48.14379170750942,96,101,96,101,-1,4,-1,4,-1,4,-1,4,96,101,96,101,0.0596994335428866,,,,,,,,
1786071600,20.76871150898348,20.88,20.67,20.747500000000002,19.667089767544393,20.530476190476143,20.61235294117653,20.76871150898348,20.88,20.67,20.747500000000002,,,,76.92933275294885,75.6599784014828,76.92933275294885,75.6599784014828,51.352214570980514,49.74800313924497,51.352214570980514,49.74800313924497,96,101,96,101,-1,4,-1,4,-1,4,-1,4,96,101,96,101,0.040910250221597014,,,,,,,,
1786072200,20.75810575449174,20.84,20.7,20.75,19.67786499373798,20.54904761904757,20.606911764705938,20.75810575449174,20.84,20.7,20.75,,,,77.19131005097915,75.87874006569656,77.19131005097915,75.87874006569656,53.8421792964313,51.795091217838134,53.8421792964313,51.795091217838134,96,101,96,101,-1,4,-1,4,-1,4,-1,4,96,101,96,101,0.038234720709533786,,,,,,,,
1786072800,20.75405287724587,20.75405287724587,20.68,20.7125,19.68815986942218,20.568809523809477,20.60330882352947,20.75405287724587,20.75405287724587,20.68,20.7125,,,,77.28652548785332,76.07985226886181,77.28652548785332,76.07985226886181,55.53369941405243,53.664395315945285,55.53369941405243,53.664395315945285,96,101,96,101,-1,4,-1,4,-1,4,-1,4,96,101,96,101,0.02435842001419473,,,,,,,,
1786078800,20.733276438622934,20.74,20.65,20.697499999999998,19.698203054801063,20.586547619047572,20.600955882353,20.733276438622934,20.74,20.65,20.697499999999998,,,,77.19259420894689,76.23881540315968,77.19259420894689,76.23881540315968,56.62231926394182,55.14335728994355,56.62231926394182,55.14335728994355,96,101,96,101,-1,4,-1,4,-1,4,-1,4,96,101,96,101,0.00404978583892612,,,,,,,,
1786079400,20.715388219311464,20.76,20.66,20.7025,19.708196059230904,20.60238095238091,20.59860294117653,20.715388219311464,20.76,20.66,20.7025,,,,76.95410644069877,76.34099983709383,76.95410644069877,76.34099983709383,57.639657347422364,56.391507318682955,57.639657347422364,56.391507318682955,96,101,96,101,-1,4,-1,4,-1,4,-1,4,96,101,96,101,-0.0086314984615022,,,,,,,,
1786080000,20.708944109655732,20.75,20.7,20.725,19.71831351137786,20.616904761904713,20.594632352941233,20.708944109655732,20.75,20.7,20.725,,,,76.65375531210499,76.38567919066686,76.65375531210499,76.38567919066686,58.77282671552676,57.58216701710486,58.77282671552676,57.58216701710486,96,101,96,101,-1,4,-1,4,-1,4,-1,4,96,101,96,101,-0.014531092083042312,-0.014531092083042312,,-0.014531092083042312,,,,,
1786080600,20.716972054827867,20.8,20.7,20.747500000000002,19.72855417295619,20.633333333333287,20.589779411764763,20.716972054827867,20.8,20.7,20.747500000000002,,,,76.26019058689542,76.36775224727094,76.26019058689542,76.36775224727094,60.13660215551005,58.859384586307456,60.13660215551005,58.859384586307456,96,101,96,101,-1,4,-1,4,-1,4,-1,4,96,101,96,101,-0.014081202240967719,,,,,,,,
1786081200,20.732236027413933,20.79,20.73,20.7675,19.738891942379514,20.65428571428567,20.589191176470646,20.732236027413933,20.79,20.73,20.7675,,,,75.8485577685852,76.29358160745869,75.8485577685852,76.29358160745869,61.59227242820448,60.22582850725597,61.59227242820448,60.22582850725597,96,101,96,101,-1,4,-1,4,-1,4,-1,4,96,101,96,101,-0.011858155960149571,,,,,,,,
1786081800,20.749868013706966,20.83,20.749868013706966,20.792499999999997,19.749375604644396,20.67595238095234,20.592794117647117,20.749868013706966,20.83,20.749868013706966,20.792499999999997,,,,75.44771725469947,76.1727438427788,75.44771725469947,76.1727438427788,63.32570409051395,61.77576629888496,63.32570409051395,61.77576629888496,96,101,96,101,-1,4,-1,4,-1,4,-1,4,96,101,96,101,-0.004915826834290613,,,,,,,,
1786082400,20.77118400685348,20.84,20.73,20.7975,19.759804703105644,20.69690476190472,20.596029411764764,20.77118400685348,20.84,20.73,20.7975,,,,74.99746203251695,76.00484644131282,74.99746203251695,76.00484644131282,64.89320924654909,63.334487772717026,64.89320924654909,63.334487772717026,96,101,96,101,-1,4,-1,4,-1,4,-1,4,96,101,96,101,-0.0013166584952225328,,,,,-0.0013166584952225328,,-0.0013166584952225328,
1786083000,20.78434200342674,20.86,20.72,20.787499999999998,19.77003052695534,20.718095238095195,20.59830882352947,20.78434200342674,20.86,20.72,20.787499999999998,,,,74.47339692010256,75.78606793828278,74.47339692010256,75.78606793828278,66.24881555771536,64.7916516652162,66.24881555771536,64.7916516652162,96,101,96,101,-1,4,-1,4,-1,4,-1,4,96,101,96,101,-0.002318147689778036,,,,,,,,
1786083600,20.78592100171337,20.78592100171337,20.58,20.674999999999997,19.779035198328916,20.732738095238048,20.60066176470594,20.78592100171337,20.78592100171337,20.58,20.674999999999997,,,,73.24954353590124,75.42370730937114,73.24954353590124,75.42370730937114,65.7440971577626,65.2678744114894,65.7440971577626,65.2678744114894,96,101,96,101,-1,4,-1,4,-1,4,-1,4,96,101,96,101,-0.02028778961695492,,,,,,,,
1786084200,20.730460500856683,20.730460500856683,20.64,20.6875,19.78807464909181,20.74178571428567,20.604044117647117,20.730460500856683,20.730460500856683,20.64,20.6875,,,,71.96658162259979,74.92983221126094,71.96658162259979,74.92983221126094,65.21273471318075,65.24030456233507,65.21273471318075,65.24030456233507,96,101,96,101,-1,4,-1,4,-1,4,-1,4,96,101,96,101,-0.04422910511771729,-0.04422910511771729,,-0.04422910511771729,,,,,
1786084800,20.70898025042834,20.86,20.70898025042834,20.79,19.79804405556851,20.757380952380906,20.610955882352997,20.70898025042834,20.86,20.70898025042834,20.79,,,,71.44371612430442,74.43181562741002,71.44371612430442,74.43181562741002,66.21266975741847,65.72648715987677,66.21266975741847,65.72648715987677,96,101,96,101,-1,4,-1,4,-1,4,-1,4,96,101,96,101,-0.039393316778419056,,,,,,,,
1786085400,20.74949012521417,20.88,20.74949012521417,20.849999999999998,19.808511278896187,20.765714285714242,20.62536764705888,20.74949012521417,20.88,20.74949012521417,20.849999999999998,,,,71.39109859450198,73.99742747985172,71.39109859450198,73.99742747985172,67.91173693656184,66.8191120482193,67.91173693656184,66.8191120482193,96,101,96,101,-1,4,-1,4,-1,4,-1,4,96,101,96,101,-0.01572641212100999,,,,,,,,
1786325400,20.799745062607084,21.03,20.53,20.8525,19.818899226369858,20.768095238095196,20.641691176470644,20.799745062607084,21.03,20.53,20.8525,,,,71.24907918500686,73.6048062948739,71.24907918500686,73.6048062948739,68.61986402636403,67.71948803729165,68.61986402636403,67.71948803729165,96,101,96,101,-1,4,-1,4,-1,4,-1,4,96,101,96,101,-0.013530812875517382,,,,,,,,
1786326000,20.82612253130354,21.09,20.82,20.9925,19.83057684600797,20.77833333333329,20.661323529411817,20.82612253130354,21.09,20.82,20.9925,,,,72.14494558544985,73.39625476495618,72.14494558544985,73.39625476495618,70.68122076447,69.20035440088083,70.68122076447,69.20035440088083,96,101,96,101,-1,4,-1,4,-1,4,-1,4,96,101,96,101,-0.010434424579413676,,,,,,,,
1786326600,20.90931126565177,21.09,20.84,20.972499999999997,19.841939265450677,20.78321428571424,20.679044117647116,20.90931126565177,21.09,20.84,20.972499999999997,,,,72.81983565744672,73.31390917816911,72.81983565744672,73.31390917816911,72.6580273185549,70.92919085971786,72.6580273185549,70.92919085971786,96,101,96,101,-1,4,-1,4,-1,4,-1,4,96,101,96,101,-0.0008088443368182939,,,,,-0.0008088443368182939,,-0.0008088443368182939,
1786327200,20.94090563282588,20.94090563282588,20.57,20.767500000000002,19.851148824998432,20.777380952380906,20.689264705882408,20.94090563282588,20.94090563282588,20.57,20.767500000000002,,,,71.83741411519583,73.10298131203007,71.83741411519583,73.10298131203007,71.70293127521236,71.31606106746511,71.70293127521236,71.31606106746511,96,101,96,101,-1,4,-1,4,-1,4,-1,4,96,101,96,101,-0.027246384530057836,,,,,,,,
1786327800,20.854202816412943,20.854202816412943,20.52,20.615,19.85874933420243,20.769047619047573,20.695514705882406,20.854202816412943,20.854202816412943,20.52,20.615,,,,69.7281482718027,72.6208623062833,69.7281482718027,72.6208623062833,69.12877708249391,70.22241907497951,69.12877708249391,70.22241907497951,96,101,96,101,-1,4,-1,4,-1,4,-1,4,96,101,96,101,-0.09161733474537201,,,,,,,,
1786328400,20.734601408206473,20.74,20.54,20.6225,19.866348843314842,20.764404761904714,20.70419117647064,20.734601408206473,20.74,20.54,20.6225,,,,67.82841397609306,71.93622683054184,67.82841397609306,71.93622683054184,66.26188005146149,68.2421495632205,66.26188005146149,68.2421495632205,96,101,96,101,-1,4,-1,4,-1,4,-1,4,96,101,96,101,-0.1328203207851194,,,,,,,,
1786329000,20.678550704103237,20.7,20.52,20.605,19.87369860606793,20.757619047619,20.712058823529468,20.678550704103237,20.7,20.52,20.605,,,,65.92701234985722,71.07776761901548,65.92701234985722,71.07776761901548,63.302710157409614,65.77242986031506,63.302710157409614,65.77242986031506,96,101,96,101,-1,4,-1,4,-1,4,-1,4,96,101,96,101,-0.13594482894885968,,,,,,,,
1786329600,20.641775352051617,20.641775352051617,20.46,20.53,19.880228968196608,20.747142857142805,20.71713235294123,20.641775352051617,20.641775352051617,20.46,20.53,,,,63.57272810822692,70.00561911747425,63.57272810822692,70.00561911747425,59.75298978310601,62.76270982171053,59.75298978310601,62.76270982171053,96,101,96,101,-1,4,-1,4,-1,4,-1,4,96,101,96,101,-0.13971116704548864,,,,,,,,
1786330200,20.58588767602581,20.58588767602581,20.4,20.4525,19.88592320731903,20.734761904761854,20.72036764705888,20.58588767602581,20.58588767602581,20.4,20.4525,,,,60.77828677553567,68.6874287829116,60.77828677553567,68.6874287829116,55.62473992057463,59.19372487114258,55.62473992057463,59.19372487114258,96,101,96,101,-1,4,-1,4,-1,4,-1,4,96,101,96,101,-0.1615027052524188,,,,,,,,
1786330800,20.519193838012903,20.519193838012903,20.39,20.424999999999997,19.891287155504912,20.721785714285666,20.722058823529466,20.519193838012903,20.519193838012903,20.39,20.424999999999997,,,,57.96759282218106,67.15602364566438,57.96759282218106,67.15602364566438,51.427144769216156,55.31043482017937,51.427144769216156,55.31043482017937,96,101,96,101,-1,4,-1,4,-1,4,-1,4,96,101,96,101,-0.18589561511154504,,,,,,,,
1786331400,20.47209691900645,20.47209691900645,20.39,20.417499999999997,19.896523104206356,20.708214285714234,20.719705882352997,20.47209691900645,20.47209691900645,20.39,20.417499999999997,,,,55.298793020910644,65.46213355641383,55.298793020910644,65.46213355641383,46.793615580008485,51.05202520009392,46.793615580008485,51.05202520009392,96,101,96,101,-1,4,-1,4,-1,4,-1,4,96,101,96,101,-0.19359610204115757,-0.19359610204115757,,-0.19359610204115757,,,,,
1786332000,20.444798459503225,20.5,20.4,20.435,19.90188108326898,20.69440476190471,20.718897058823586,20.444798459503225,20.5,20.4,20.435,,,,52.95798441423648,63.675826536102775,52.95798441423648,63.675826536102775,41.18962339308162,46.12082429658777,41.18962339308162,46.12082429658777,96,101,96,101,-1,4,-1,4,-1,4,-1,4,96,101,96,101,-0.18314550848017924,,,,,,,,
1786338000,20.43989922975161,20.6,20.41,20.472500000000004,19.907558883435456,20.68130952380947,20.712941176470647,20.43989922975161,20.6,20.41,20.472500000000004,,,,51.18939084311995,61.89205000853381,51.18939084311995,61.89205000853381,37.12130670326023,41.621065499924,37.12130670326023,41.621065499924,96,101,96,101,-1,4,-1,4,-1,4,-1,4,96,101,96,101,-0.1603775568270947,,,,,,,,
1786338600,20.456199614875807,20.46,20.33,20.41,19.912558297530627,20.66428571428566,20.701397058823584,20.456199614875807,20.46,20.33,20.41,,,,49.02802239419278,60.05433177791366,49.02802239419278,60.05433177791366,33.38292309480884,37.50199429736642,33.38292309480884,37.50199429736642,96,101,96,101,-1,4,-1,4,-1,4,-1,4,96,101,96,101,-0.1524913299462861,,,,,,,,
1786339200,20.433099807437905,20.433099807437905,20.34,20.380000000000003,19.917209458749227,20.644642857142806,20.689705882352996,20.433099807437905,20.433099807437905,20.34,20.380000000000003,,,,46.77186797068733,58.156836948309895,46.77186797068733,58.156836948309895,29.802654437940735,33.65232436765358,29.802654437940735,33.65232436765358,96,101,96,101,-1,4,-1,4,-1,4,-1,4,96,101,96,101,-0.1600248825185776,,,,,,,,
1786339800,20.406549903718954,20.54,20.34,20.447499999999998,19.92248598154774,20.62797619047614,20.67727941176476,20.406549903718954,20.54,20.34,20.447499999999998,,,,45.237498663810975,56.31121719338148,45.237498663810975,56.31121719338148,27.543440284095652,30.597882325874615,27.543440284095652,30.597882325874615,96,101,96,101,-1,4,-1,4,-1,4,-1,4,96,101,96,101,-0.1537110219848663,,,,,,,,
1786340400,20.427024951859476,20.7,20.427024951859476,20.597499999999997,19.929202538945276,20.61892857142852,20.668676470588288,20.427024951859476,20.7,20.427024951859476,20.597499999999997,,,,45.05857434064837,54.70369678584818,45.05857434064837,54.70369678584818,27.74042965598787,29.169155990931245,27.74042965598787,29.169155990931245,96,101,96,101,-1,4,-1,4,-1,4,-1,4,96,101,96,101,-0.11478962322417426,,,,,,,,
1786341000,20.512262475929738,20.72,20.512262475929738,20.635,19.93622539925428,20.61702380952376,20.664117647058877,20.512262475929738,20.72,20.512262475929738,20.635,,,,45.20389212030307,53.34658183362745,45.20389212030307,53.34658183362745,28.907304185807174,29.03823008836921,28.907304185807174,29.03823008836921,96,101,96,101,-1,4,-1,4,-1,4,-1,4,96,101,96,101,-0.07045869573988955,,,,,,,,
1786341600,20.573631237964868,20.74,20.573631237964868,20.654999999999998,19.943377385331353,20.61547619047614,20.662205882352993,20.573631237964868,20.74,20.573631237964868,20.654999999999998,,,,45.504943015364454,52.22634771673273,45.504943015364454,52.22634771673273,30.59446552742019,29.8163478078947,30.59446552742019,29.8163478078947,96,101,96,101,-1,4,-1,4,-1,4,-1,4,96,101,96,101,-0.051448970272280646,,,,,,,,
1786342200,20.61431561898243,20.87,20.61431561898243,20.7875,19.951776615328054,20.615357142857096,20.663382352941227,20.61431561898243,20.87,20.61431561898243,20.7875,,,,46.88498861393477,51.46329641633302,46.88498861393477,51.46329641633302,33.831463827882246,31.823905817888473,33.831463827882246,31.823905817888473,96,101,96,101,-1,4,-1,4,-1,4,-1,4,96,101,96,101,-0.02739655325224944,,,,,,,,
1786342800,20.700907809491216,20.82,20.67,20.76,19.959818639056135,20.611071428571382,20.66367647058829,20.700907809491216,20.82,20.67,20.76,,,,47.93805421127831,50.95969038703949,47.93805421127831,50.95969038703949,36.74617128664799,34.28503855226823,36.74617128664799,34.28503855226823,96,101,96,101,-1,4,-1,4,-1,4,-1,4,96,101,96,101,-0.012127506876173927,,,,,-0.012127506876173927,,-0.012127506876173927,
1786343400,20.73045390474561,20.76,20.67,20.73,19.96748213518493,20.605238095238047,20.66419117647064,20.73045390474561,20.76,20.67,20.73,,,,48.66673140216708,50.63212481777201,48.66673140216708,50.63212481777201,38.90443969211031,36.59473912218927,38.90443969211031,36.59473912218927,96,101,96,101,-1,4,-1,4,-1,4,-1,4,96,101,96,101,-0.022415039834542773,,,,,,,,
1786344000,20.730226952372803,20.79,20.730226952372803,20.765,19.975417636327368,20.594404761904716,20.666176470588287,20.730226952372803,20.79,20.730226952372803,20.765,,,,49.63405789669668,50.48954382904696,49.63405789669668,50.48954382904696,41.355887799048,38.975313460618636,41.355887799048,38.975313460618636,96,101,96,101,-1,4,-1,4,-1,4,-1,4,96,101,96,101,-0.028594589344970084,,,,,,,,
1786344600,20.7476134761864,20.8,20.74,20.7675,19.983299052881325,20.584642857142814,20.66808823529417,20.7476134761864,20.8,20.74,20.7675,,,,50.55305376121833,50.49861667650001,50.55305376121833,50.49861667650001,43.61562366304264,41.29546856183064,43.61562366304264,41.29546856183064,96,101,96,101,-1,4,-1,4,-1,4,-1,4,96,101,96,101,-0.028719172198133542,,,,,,,,
1786411800,20.7575567380932,21,20.61,20.7475,19.990903042404895,20.58369047619043,20.668750000000056,20.7575567380932,21,20.61,20.7475,,,,51.24029410717781,50.604570595168276,51.24029410717781,50.604570595168276,45.702702756642566,43.4990856592366,45.702702756642566,43.4990856592366,96,101,96,101,-1,4,-1,4,-1,4,-1,4,96,101,96,101,-0.01272132140428506,,,,,,,,
1786412400,20.7525283690466,20.84,20.55,20.6875,19.99783435541579,20.587142857142812,20.666985294117705,20.7525283690466,20.84,20.55,20.6875,,,,51.380106986565444,50.71536150822502,51.380106986565444,50.71536150822502,46.19452856225983,44.846807110748216,46.19452856225983,44.846807110748216,96,101,96,101,-1,4,-1,4,-1,4,-1,4,96,101,96,101,-0.019254013654551663,,,,,,,,
1786413000,20.7200141845233,20.85,20.46,20.634999999999998,20.00417431207832,20.587738095238052,20.663088235294172,20.7200141845233,20.85,20.46,20.634999999999998,,,,51.07388672008318,50.766579395633336,51.07388672008318,50.766579395633336,45.79837104029529,45.32258907552175,45.79837104029529,45.32258907552175,96,101,96,101,-1,4,-1,4,-1,4,-1,4,96,101,96,101,-0.048868803367050934,,,,,,,,
1786413600,20.67750709226165,20.67750709226165,20.04,20.2675,20.00679446817704,20.57166666666662,20.647647058823587,20.67750709226165,20.67750709226165,20.04,20.2675,,,,48.973371001981995,50.51040676796886,48.973371001981995,50.51040676796886,43.963268196506974,44.64292863601436,43.963268196506974,44.64292863601436,96,101,96,101,-1,4,-1,4,-1,4,-1,4,96,101,96,101,-0.12722186503145477,,,,,,,,
1786414200,20.472503546130824,20.472503546130824,20.03,20.12,20.00792089137926,20.55214285714281,20.62772058823535,20.472503546130824,20.472503546130824,20.03,20.12,,,,46.08174207596442,49.877740383396805,46.08174207596442,49.877740383396805,40.55344037399155,42.598184505002955,40.55344037399155,42.598184505002955,96,101,96,101,-1,4,-1,4,-1,4,-1,4,96,101,96,101,-0.23570951726982153,,,,,,,,
1786414800,20.296251773065414,20.296251773065414,20.01,20.0775,20.008613220818273,20.53428571428567,20.606838235294173,20.296251773065414,20.296251773065414,20.01,20.0775,,,,43.23661764196696,48.929008563192546,43.23661764196696,48.929008563192546,36.631794252127214,39.614989378565085,36.631794252127214,39.614989378565085,96,101,96,101,-1,4,-1,4,-1,4,-1,4,96,101,96,101,-0.3005013090191543,,,,,,,,
1786415400,20.186875886532707,20.186875886532707,19.91,20.005,20.00857726837232,20.51428571428567,20.587132352941232,20.186875886532707,20.186875886532707,19.91,20.005,,,,40.72334834308553,47.75677138889154,40.72334834308553,47.75677138889154,33.19953253830131,36.4072609584332,33.19953253830131,36.4072609584332,96,101,96,101,-1,4,-1,4,-1,4,-1,4,96,101,96,101,-0.3303692674102503,,,,,,,,
1786416000,20.095937943266353,20.1,19.93,20.002499999999998,20.008516798040258,20.494523809523766,20.5669852941177,20.095937943266353,20.1,19.93,20.002499999999998,,,,38.37446510792565,46.41644192018213,38.37446510792565,46.41644192018213,29.863371578268783,33.13531626835099,29.863371578268783,33.13531626835099,96,101,96,101,-1,4,-1,4,-1,4,-1,4,96,101,96,101,-0.3450416874573729,,,,,,,,
1786416600,20.049218971633174,20.06,19.96,20.002499999999998,20.008456929403042,20.473928571428527,20.54382352941182,20.049218971633174,20.06,19.96,20.002499999999998,,,,36.19335924670577,44.956001538256935,36.19335924670577,44.956001538256935,26.866470969347017,30.000893618849005,26.866470969347017,30.000893618849005,96,101,96,101,-1,4,-1,4,-1,4,-1,4,96,101,96,101,-0.34872829198240185,,,,,,,,
1786417200,20.025859485816586,20.03,19.87,19.9475,20.00785039279207,20.448928571428528,20.51727941176476,20.025859485816586,20.03,19.87,19.9475,,,,34.06186637311203,43.399696514664804,34.06186637311203,43.399696514664804,24.131119111469776,27.06600636515939,24.131119111469776,27.06600636515939,96,101,96,101,-1,4,-1,4,-1,4,-1,4,96,101,96,101,-0.35262777158031455,,,,,,,,
1786417800,19.986679742908294,20,19.92,19.955000000000002,20.007324518236924,20.42726190476186,20.49088235294123,19.986679742908294,20,19.92,19.955000000000002,,,,32.12653399751505,41.78924472650055,32.12653399751505,41.78924472650055,21.776743179639915,24.421374772399652,21.776743179639915,24.421374772399652,96,101,96,101,-1,4,-1,4,-1,4,-1,4,96,101,96,101,-0.35235951265869964,,,,,,,,
1786418400,19.970839871454146,20.1,19.97,20.0225,20.00747551805546,20.410238095238054,20.462352941176526,19.970839871454146,20.1,19.97,20.0225,,,,30.72463871197826,40.20858672442593,30.72463871197826,40.20858672442593,20.38905825574324,22.405216514071448,20.38905825574324,22.405216514071448,96,101,96,101,-1,4,-1,4,-1,4,-1,4,96,101,96,101,-0.33423244826707754,,,,,,,,
1786424400,19.996669935727073,20.05,19.81,19.93,20.006704617378293,20.385595238095192,20.431691176470643,19.996669935727073,20.05,19.81,19.93,,,,29.199664518265532,38.6358835521173,29.199664518265532,38.6358835521173,19.07698375276691,20.74110013341918,19.07698375276691,20.74110013341918,96,101,96,101,-1,4,-1,4,-1,4,-1,4,96,101,96,101,-0.32657029459515063,,,,,-0.32657029459515063,,-0.32657029459515063,
1786425000,19.96333496786354,19.96333496786354,19.75,19.795,20.00459810377254,20.34738095238091,20.403088235294174,19.96333496786354,19.96333496786354,19.75,19.795,,,,27.353846263762566,37.0241639394952,27.353846263762566,37.0241639394952,17.532660212604995,19.136880173012088,17.532660212604995,19.136880173012088,96,101,96,101,-1,4,-1,4,-1,4,-1,4,96,101,96,101,-0.35617626462408225,,,,,,,,
1786425600,19.87916748393177,19.87916748393177,19.48,19.642500000000002,20.000995137565848,20.300119047619006,20.3744852941177,19.87916748393177,19.87916748393177,19.48,19.642500000000002,,,,26.12094065219834,35.46656061273851,26.12094065219834,35.46656061273851,17.139526362427475,18.13820326771978,17.139526362427475,18.13820326771978,96,101,96,101,-1,4,-1,4,-1,4,-1,4,96,101,96,101,-0.4020735309003357,,,,,,,,
1786426200,19.760833741965886,19.760833741965886,19.41,19.4975,19.99598523569952,20.24499999999996,20.341397058823585,19.760833741965886,19.760833741965886,19.41,19.4975,,,,24.627182986565117,33.91807809471374,24.627182986565117,33.91807809471374,16.266346017627452,17.202274642673615,16.266346017627452,17.202274642673615,96,101,96,101,-1,4,-1,4,-1,4,-1,4,96,101,96,101,-0.4568920223144376,,,,,,,,
1786426800,19.629166870982942,19.629166870982942,19.47,19.5075,19.991124686090572,20.18404761904758,20.309117647058876,19.629166870982942,19.629166870982942,19.47,19.5075,,,,23.282639303851283,32.39872969601911,23.282639303851283,32.39872969601911,15.188465035712815,16.195369839193216,15.188465035712815,16.195369839193216,96,101,96,101,-1,4,-1,4,-1,4,-1,4,96,101,96,101,-0.4858253669170889,,,,,,,,
1786427400,19.56833343549147,19.56833343549147,19.42,19.455,19.98579011209962,20.121904761904723,20.277500000000057,19.56833343549147,19.56833343549147,19.42,19.455,,,,21.810920169902715,30.886185478002485,21.810920169902715,30.886185478002485,13.76741184729192,14.981390843242568,13.76741184729192,14.981390843242568,96,101,96,101,-1,4,-1,4,-1,4,-1,4,96,101,96,101,-0.4880065078042858,,,,,,,,
1786428000,19.511666717745733,19.511666717745733,19.31,19.380000000000003,19.97976234979017,20.057619047619006,20.245955882352998,19.511666717745733,19.511666717745733,19.31,19.380000000000003,,,,20.53389617702846,29.407287006434764,20.53389617702846,29.407287006434764,12.719207509836826,13.850299176539696,12.719207509836826,13.850299176539696,96,101,96,101,-1,4,-1,4,-1,4,-1,4,96,101,96,101,-0.49507498395618066,,,,,,,,
1786428600,19.445833358872868,19.445833358872868,19.28,19.330000000000002,19.973297052777333,19.989285714285675,20.213750000000054,19.445833358872868,19.445833358872868,19.28,19.330000000000002,,,,19.264505802899752,27.95831826307262,19.264505802899752,27.95831826307262,11.619232213989289,12.734765695264493,11.619232213989289,12.734765695264493,96,101,96,101,-1,4,-1,4,-1,4,-1,4,96,101,96,101,-0.5034328263368375,,,,,,,,
1786429200,19.387916679436437,19.387916679436437,19.13,19.215,19.96575180847109,19.915357142857104,20.17838235294123,19.387916679436437,19.387916679436437,19.13,19.215,,,,18.198236437969598,26.564020859486476,18.198236437969598,26.564020859486476,11.007215631659058,11.870990663461775,11.007215631659058,11.870990663461775,96,101,96,101,-1,4,-1,4,-1,4,-1,4,96,101,96,101,-0.5155702524146609,,,,,,,,
1786429800,19.301458339718216,19.301458339718216,19.12,19.175,19.957883631272374,19.840476190476153,20.14132352941182,19.301458339718216,19.301458339718216,19.12,19.175,,,,17.097782276156686,25.211701061867934,17.097782276156686,25.211701061867934,10.153474613513916,11.012232638487845,10.153474613513916,11.012232638487845,96,101,96,101,-1,4,-1,4,-1,4,-1,4,96,101,96,101,-0.523365464994223,,,,,,,,
1786430400,19.23822916985911,19.23822916985911,19.12,19.15,19.949844988175137,19.767261904761863,20.10242647058829,19.23822916985911,19.23822916985911,19.12,19.15,,,,15.985286587830766,23.893641851291196,15.985286587830766,23.893641851291196,9.153522829392198,10.082877733940022,9.153522829392198,10.082877733940022,96,101,96,101,-1,4,-1,4,-1,4,-1,4,96,101,96,101,-0.5246636029346619,-0.5246636029346619,,-0.5246636029346619,,,,,
1786431000,19.194114584929554,19.194114584929554,19.11,19.1375,19.941761953466926,19.695952380952342,20.065000000000055,19.194114584929554,19.194114584929554,19.11,19.1375,,,,14.94268675219206,22.61493397999132,14.94268675219206,22.61493397999132,8.183335773430807,9.133106753685414,8.183335773430807,9.133106753685414,96,101,96,101,-1,4,-1,4,-1,4,-1,4,96,101,96,101,-0.5211517741808467,,,,,,,,
1786498200,19.165807292464777,19.35,19.01,19.1525,19.93390860069611,19.642857142857103,20.028897058823585,19.165807292464777,19.35,19.01,19.1525,,,,14.364706379782731,21.436330037104376,14.364706379782731,21.436330037104376,8.135332016084673,8.634219384885043,8.135332016084673,8.634219384885043,96,101,96,101,-1,4,-1,4,-1,4,-1,4,96,101,96,101,-0.5119985238706428,,,,,,,,
1786498800,19.15915364623239,19.35,19.15915364623239,19.265,19.92725279372401,19.60214285714282,19.994117647058882,19.15915364623239,19.35,19.15915364623239,19.265,,,,14.214342737270774,20.404617565699578,14.214342737270774,20.404617565699578,8.621824129314184,8.628021757099614,8.621824129314184,8.628021757099614,96,101,96,101,-1,4,-1,4,-1,4,-1,4,96,101,96,101,-0.47735815322563563,,,,,,,,
1786499400,19.212076823116195,19.43,19.212076823116195,19.3525,19.921533860453124,19.567619047619008,19.95750000000006,19.212076823116195,19.43,19.212076823116195,19.3525,,,,14.375200124169009,19.543272216909493,14.375200124169009,19.543272216909493,9.556902586407677,9.092462171753645,9.556902586407677,9.092462171753645,96,101,96,101,-1,4,-1,4,-1,4,-1,4,96,101,96,101,-0.42180186208221737,,,,,,,,
1786500000,19.2822884115581,19.53,19.2822884115581,19.4425,19.916767354378962,19.540833333333293,19.922426470588295,19.2822884115581,19.53,19.2822884115581,19.4425,,,,14.833633631783302,18.870466704748612,14.833633631783302,18.870466704748612,10.962021058437312,10.027241615095479,10.962021058437312,10.027241615095479,96,101,96,101,-1,4,-1,4,-1,4,-1,4,96,101,96,101,-0.3640064042288915,,,,,,,,
1786500600,19.362394205779047,19.43,19.24,19.334999999999997,19.910978624484645,19.509047619047582,19.88360294117653,19.362394205779047,19.43,19.24,19.334999999999997,,,,14.890159800941623,18.301851432776186,14.890159800941623,18.301851432776186,11.768443327589527,10.897842471342504,11.768443327589527,10.897842471342504,96,101,96,101,-1,4,-1,4,-1,4,-1,4,96,101,96,101,-0.34423186563458374,,,,,-0.34423186563458374,,-0.34423186563458374,
1786501200,19.348697102889524,19.348697102889524,19.12,19.192500000000003,19.903829583445,19.470476190476152,19.836691176470648,19.348697102889524,19.348697102889524,19.12,19.192500000000003,,,,14.453293990984259,17.752057512520196,14.453293990984259,17.752057512520196,11.741787325699937,11.31981489852122,11.741787325699937,11.31981489852122,96,101,96,101,-1,4,-1,4,-1,4,-1,4,96,101,96,101,-0.3748586724751336,,,,,,,,
1786501800,19.270598551444763,19.270598551444763,19.01,19.097500000000004,19.895806403510225,19.42999999999996,19.787794117647117,19.270598551444763,19.270598551444763,19.01,19.097500000000004,,,,13.721396618001876,17.176248813303292,13.721396618001876,17.176248813303292,11.063954251733506,11.191884575127363,11.063954251733506,11.191884575127363,96,101,96,101,-1,4,-1,4,-1,4,-1,4,96,101,96,101,-0.42035708123766097,,,,,,,,
1786502400,19.184049275722383,19.22,19.08,19.145,19.888335693027535,19.39142857142853,19.741176470588297,19.184049275722383,19.22,19.08,19.145,,,,13.204895760672064,16.608912662927402,13.204895760672064,16.608912662927402,10.522943236191367,10.857413905659364,10.522943236191367,10.857413905659364,96,101,96,101,-1,4,-1,4,-1,4,-1,4,96,101,96,101,-0.4337696983277015,-0.4337696983277015,-0.4337696983277015,-0.4337696983277015,,,,,
1786503000,19.16452463786119,19.25,19.13,19.18,19.881287576679004,19.351309523809487,19.694558823529473,19.16452463786119,19.25,19.13,19.18,,,,12.845480129415263,16.07127944385424,12.845480129415263,16.07127944385424,10.246549533190837,10.5519817194251,10.246549533190837,10.5519817194251,96,101,96,101,-1,4,-1,4,-1,4,-1,4,96,101,96,101,-0.4109292951294843,,,,,,,,
1786503600,19.172262318930596,19.25,19.14,19.1875,19.874384217707075,19.315952380952343,19.648088235294182,19.172262318930596,19.25,19.14,19.1875,,,,12.53749253775373,15.566452742982742,12.53749253775373,15.566452742982742,10.056643776375475,10.304312747900287,10.056643776375475,10.304312747900287,96,101,96,101,-1,4,-1,4,-1,4,-1,4,96,101,96,101,-0.3874138966027897,,,,,,,,
1786504200,19.179881159465296,19.24,19.179881159465296,19.2025,19.867698802605513,19.287738095238055,19.60264705882359,19.179881159465296,19.24,19.179881159465296,19.2025,,,,12.303015048793297,15.100247358098537,12.303015048793297,15.100247358098537,10.10253056442521,10.20342165616275,10.10253056442521,10.20342165616275,96,101,96,101,-1,4,-1,4,-1,4,-1,4,96,101,96,101,-0.3707212768835937,,,,,,,,
1786504800,19.19119057973265,19.2,19.16,19.1875,19.860930655315908,19.26607142857139,19.558529411764766,19.19119057973265,19.2,19.16,19.1875,,,,12.033774962890474,14.662179873068814,12.033774962890474,14.662179873068814,10.019856290831292,10.111638973497021,10.019856290831292,10.111638973497021,96,101,96,101,-1,4,-1,4,-1,4,-1,4,96,101,96,101,-0.36011562178530876,,,,,,,,
1786510800,19.189345289866324,19.21,19.1,19.165,19.854005972178435,19.250238095238053,19.515294117647123,19.189345289866324,19.21,19.1,19.165,,,,11.70649982817851,14.239939866655913,11.70649982817851,14.239939866655913,9.923795390248374,10.017717181872698,9.923795390248374,10.017717181872698,96,101,96,101,-1,4,-1,4,-1,4,-1,4,96,101,96,101,-0.3541482851897483,,,,,-0.3541482851897483,,-0.3541482851897483,
1786511400,19.17717264493316,19.17717264493316,19.05,19.099999999999998,19.846503425191585,19.230833333333294,19.480955882353,19.17717264493316,19.17717264493316,19.05,19.099999999999998,,,,11.179387203088822,13.802718057574898,11.179387203088822,13.802718057574898,9.589077749875132,9.803397465873914,9.589077749875132,9.803397465873914,96,101,96,101,-1,4,-1,4,-1,4,-1,4,96,101,96,101,-0.35854728189266016,,,,,,,,
1786512000,19.13858632246658,19.13858632246658,19.02,19.0475,19.83855314235386,19.211428571428534,19.449411764705943,19.13858632246658,19.13858632246658,19.02,19.0475,,,,10.515461125050525,13.33310992435713,10.515461125050525,13.33310992435713,8.97927541299993,9.391336439436923,8.97927541299993,9.391336439436923,96,101,96,101,-1,4,-1,4,-1,4,-1,4,96,101,96,101,-0.36681437459897726,,,,,,,,
1786512600,19.09304316123329,19.09304316123329,19.01,19.03,19.830507837454817,19.194761904761865,19.41860294117653,19.09304316123329,19.09304316123329,19.01,19.03,,,,9.836144267948924,12.8335434020131,9.836144267948924,12.8335434020131,8.196844774084937,8.79409060676093,8.196844774084937,8.79409060676093,96,101,96,101,-1,4,-1,4,-1,4,-1,4,96,101,96,101,-0.3718151551108551,,,,,,,,
1786513200,19.061521580616645,19.061521580616645,18.9,18.9725,19.821970446037355,19.177738095238055,19.388235294117706,19.061521580616645,19.061521580616645,18.9,18.9725,,,,9.380161173979788,12.340203083722628,9.380161173979788,12.340203083722628,8.14025542834252,8.467173017551726,8.14025542834252,8.467173017551726,96,101,96,101,-1,4,-1,4,-1,4,-1,4,96,101,96,101,-0.3810627118617845,,,,,,,,
1786513800,19.017010790308323,19.017010790308323,18.9,18.9375,19.81316974508176,19.16452380952377,19.35691176470594,19.017010790308323,19.017010790308323,18.9,18.9375,,,,8.837700681960829,11.839845597756655,8.837700681960829,11.839845597756655,7.713127463857026,8.090150240704375,7.713127463857026,8.090150240704375,96,101,96,101,-1,4,-1,4,-1,4,-1,4,96,101,96,101,-0.394734830252868,,,,,,,,
1786514400,18.97725539515416,18.97725539515416,18.9,18.92,19.804282483936667,19.152380952380913,19.32507352941182,18.97725539515416,18.97725539515416,18.9,18.92,,,,8.27446355841942,11.330505306422765,8.27446355841942,11.330505306422765,7.074373041182968,7.582261640943671,7.074373041182968,7.582261640943671,96,101,96,101,-1,4,-1,4,-1,4,-1,4,96,101,96,101,-0.39786175797637013,-0.39786175797637013,-0.39786175797637013,-0.39786175797637013,,,,,
1786515000,18.94862769757708,18.98,18.9,18.9375,19.795657782603964,19.142261904761863,19.295367647058885,18.94862769757708,18.98,18.9,18.9375,,,,7.810981467511915,10.827716186578357,7.810981467511915,10.827716186578357,6.548576172387987,7.06541890666583,6.548576172387987,7.06541890666583,96,101,96,101,-1,4,-1,4,-1,4,-1,4,96,101,96,101,-0.38517494620671555,,,,,,,,
1786515600,18.94306384878854,18.99,18.93,18.965,19.787392531035767,19.134047619047582,19.26625000000006,18.94306384878854,18.99,18.93,18.965,,,,7.474142655206647,10.348634253525256,7.474142655206647,10.348634253525256,6.31083635916242,6.688127632914124,6.31083635916242,6.688127632914124,96,101,96,101,-1,4,-1,4,-1,4,-1,4,96,101,96,101,-0.36375562692684427,,,,,,,,
1786516200,18.954031924394272,18.99,18.93,18.965,19.779209520776703,19.125119047619005,19.235147058823586,18.954031924394272,18.99,18.93,18.965,,,,7.16136375806604,9.893309897031084,7.16136375806604,9.893309897031084,6.164647126224375,6.42638737956925,6.164647126224375,6.42638737956925,96,101,96,101,-1,4,-1,4,-1,4,-1,4,96,101,96,101,-0.3458864520659478,,,,,,,,
1786516800,18.959515962197138,18.97,18.95,18.96,19.771058182261513,19.1105952380952,19.20661764705888,18.959515962197138,18.97,18.95,18.96,,,,6.853919408000105,9.459111255740945,6.853919408000105,9.459111255740945,6.08877188102491,6.25757963029708,6.08877188102491,6.25757963029708,96,101,96,101,-1,4,-1,4,-1,4,-1,4,96,101,96,101,-0.33330347262409976,,,,,,,,
1786517400,18.95975798109857,19,18.95975798109857,18.98,19.763186956567367,19.092857142857106,19.182647058823584,18.95975798109857,19,18.95975798109857,18.98,,,,6.636462579537519,9.055875730569028,6.636462579537519,9.055875730569028,6.326348602020336,6.291964116158708,6.326348602020336,6.291964116158708,96,101,96,101,-1,4,-1,4,-1,4,-1,4,96,101,96,101,-0.3138099002730741,,,,,,,,
1786584600,18.969878990549283,19.11,18.82,19.0075,19.75566768336769,19.07214285714282,19.16397058823535,18.969878990549283,19.11,18.82,19.0075,,,,6.7767807832271725,8.73029073809162,6.7767807832271725,8.73029073809162,7.897225447175769,7.094594781667238,7.897225447175769,7.094594781667238,96,101,96,101,-1,4,-1,4,-1,4,-1,4,96,101,96,101,-0.30419856556000313,,,,,-0.30419856556000313,,-0.30419856556000313,
1786585200,18.98868949527464,19.11,18.74,18.9275,19.74742720890632,19.052738095238055,19.147205882353,18.98868949527464,19.11,18.74,18.9275,,,,6.88532931135317,8.466724819986128,6.88532931135317,8.466724819986128,9.962053784897208,8.528324283282224,9.962053784897208,8.528324283282224,96,101,96,101,-1,4,-1,4,-1,4,-1,4,96,101,96,101,-0.3169226891492637,,,,,,,,
1786585800,18.95809474763732,18.95809474763732,18.6,18.7325,19.737328430708246,19.030833333333295,19.124411764705936,18.95809474763732,18.95809474763732,18.6,18.7325,,,,6.7878653129231825,8.226887747548565,6.7878653129231825,8.226887747548565,11.433978902206517,9.981151592744371,11.433978902206517,9.981151592744371,96,101,96,101,-1,4,-1,4,-1,4,-1,4,96,101,96,101,-0.36050080195144457,,,,,,,,
1786586400,18.84529737381866,18.84529737381866,18.59,18.7025,19.727031630402692,19.012023809523768,19.102279411764762,18.84529737381866,18.84529737381866,18.59,18.7025,,,,6.636449918609466,7.999682343414407,6.636449918609466,7.999682343414407,12.036403641518405,11.008777617131388,12.036403641518405,11.008777617131388,96,101,96,101,-1,4,-1,4,-1,4,-1,4,96,101,96,101,-0.3987209753172484,,,,,,,,
1786587000,18.77389868690933,18.77389868690933,18.66,18.6975,19.71678753457779,18.990714285714244,19.082205882352998,18.77389868690933,18.77389868690933,18.66,18.6975,,,,6.481030703913299,7.782732109199963,6.481030703913299,7.782732109199963,12.301103953577051,11.65494078535422,12.301103953577051,11.65494078535422,96,101,96,101,-1,4,-1,4,-1,4,-1,4,96,101,96,101,-0.40122861522059095,-0.40122861522059095,,-0.40122861522059095,,,,,
1786587600,18.735699343454666,18.76,18.66,18.6925,19.706595618810848,18.96749999999996,19.063455882352997,18.735699343454666,18.76,18.66,18.6925,,,,6.321893656004847,7.574040901600661,6.321893656004847,7.574040901600661,12.339242122685066,11.997091454019642,12.339242122685066,11.997091454019642,96,101,96,101,-1,4,-1,4,-1,4,-1,4,96,101,96,101,-0.3836049196918547,,,,,,,,
1786588200,18.714099671727332,18.714099671727332,18.6,18.655,19.69613198081273,18.942142857142816,19.046985294117707,18.714099671727332,18.714099671727332,18.6,18.655,,,,6.062979497410551,7.358174986716359,6.062979497410551,7.358174986716359,11.756430462163701,11.876760958091673,11.756430462163701,11.876760958091673,96,101,96,101,-1,4,-1,4,-1,4,-1,4,96,101,96,101,-0.370095182750532,,,,,,,,
1786588800,18.684549835863667,18.71,18.63,18.68,19.686021214834494,18.917261904761865,19.032426470588295,18.684549835863667,18.71,18.63,18.68,,,,5.896655235740147,7.149386450862615,5.896655235740147,7.149386450862615,11.397760565938693,11.637260762015183,11.397760565938693,11.637260762015183,96,101,96,101,-1,4,-1,4,-1,4,-1,4,96,101,96,101,-0.3566265728340064,,,,,,,,
1786589400,18.682274917931835,18.71,18.62,18.6625,19.675836924139624,18.892261904761863,19.01808823529418,18.682274917931835,18.71,18.62,18.6625,,,,5.6903440585577645,6.940951823390493,5.6903440585577645,6.940951823390493,10.946636466646043,11.291948614330613,10.946636466646043,11.291948614330613,96,101,96,101,-1,4,-1,4,-1,4,-1,4,96,101,96,101,-0.34115282470419006,,,,,,,,
1786590000,18.67238745896592,18.67238745896592,18.58,18.607499999999998,19.665206705988982,18.865714285714244,19.00250000000006,18.67238745896592,18.67238745896592,18.58,18.607499999999998,,,,5.365059742686754,6.7158243832899585,5.365059742686754,6.7158243832899585,10.103958829852525,10.697953722091569,10.103958829852525,10.697953722091569,96,101,96,101,-1,4,-1,4,-1,4,-1,4,96,101,96,101,-0.33914159918626796,,,,,,,,
1786590600,18.639943729482958,18.639943729482958,18.55,18.575,19.654358878068695,18.840714285714245,18.985514705882416,18.639943729482958,18.639943729482958,18.55,18.575,,,,5.05472748701379,6.478524826679077,5.05472748701379,6.478524826679077,9.33076196776258,10.014357844927074,9.33076196776258,10.014357844927074,96,101,96,101,-1,4,-1,4,-1,4,-1,4,96,101,96,101,-0.3450534125844641,,,,,,,,
1786591200,18.607471864741477,18.63,18.56,18.585,19.64371849122224,18.818690476190437,18.965514705882413,18.607471864741477,18.63,18.56,18.585,,,,4.795716339982193,6.238123614293808,4.795716339982193,6.238123614293808,8.631824732547106,9.32309128873709,8.631824732547106,9.32309128873709,96,101,96,101,-1,4,-1,4,-1,4,-1,4,96,101,96,101,-0.3416754165801496,,,,,,,,
1786597200,18.59623593237074,18.59623593237074,18.51,18.552500000000002,19.632860595787193,18.79595238095234,18.941985294117707,18.59623593237074,18.59623593237074,18.51,18.552500000000002,,,,4.582896552571989,6.001662605476405,4.582896552571989,6.001662605476405,8.11991661876999,8.72150395375354,8.11991661876999,8.72150395375354,96,101,96,101,-1,4,-1,4,-1,4,-1,4,96,101,96,101,-0.3394689175341302,,,,,,,,
1786597800,18.57436796618537,18.63,18.52,18.5625,19.622210241600257,18.77642857142853,18.916102941176533,18.57436796618537,18.63,18.52,18.5625,,,,4.415803209073252,5.775111263133097,4.415803209073252,5.775111263133097,7.889642711074092,8.305573332413816,7.889642711074092,8.305573332413816,96,101,96,101,-1,4,-1,4,-1,4,-1,4,96,101,96,101,-0.33209522718875106,,,,,,,,
1786598400,18.568433983092685,18.67,18.53,18.6025,19.61206387103707,18.760476190476147,18.894558823529472,18.568433983092685,18.67,18.53,18.6025,,,,4.405215510196072,5.579411869856379,4.405215510196072,5.579411869856379,8.205039936955432,8.255306634684624,8.205039936955432,8.255306634684624,96,101,96,101,-1,4,-1,4,-1,4,-1,4,96,101,96,101,-0.3100956555013177,,,,,,,,
1786599000,18.58546699154634,18.65,18.58,18.6225,19.602217464360084,18.74630952380948,18.877794117647117,18.58546699154634,18.65,18.58,18.6225,,,,4.5000196679081075,5.425212983863768,4.5000196679081075,5.425212983863768,8.950430023447815,8.602868329066219,8.950430023447815,8.602868329066219,96,101,96,101,-1,4,-1,4,-1,4,-1,4,96,101,96,101,-0.28348745258109953,,,,,,,,
1786599600,18.60398349577317,18.63,18.54,18.5825,19.59207102192864,18.729404761904718,18.862647058823587,18.60398349577317,18.63,18.54,18.5825,,,,4.468502429948273,5.288540047590126,4.468502429948273,5.288540047590126,9.173663942002294,8.888266135534256,9.173663942002294,8.888266135534256,96,101,96,101,-1,4,-1,4,-1,4,-1,4,96,101,96,101,-0.2643925125640628,,,,,,,,
1786600200,18.593241747886587,18.593241747886587,18.51,18.532500000000002,19.581528026685568,18.70880952380948,18.844632352941236,18.593241747886587,18.593241747886587,18.51,18.532500000000002,,,,4.245165176266274,5.139486494543862,4.245165176266274,5.139486494543862,8.679679115435041,8.783972625484648,8.679679115435041,8.783972625484648,96,101,96,101,-1,4,-1,4,-1,4,-1,4,96,101,96,101,-0.2593599598104741,,,,,,,,
1786600800,18.562870873943297,18.562870873943297,18.45,18.485,19.570617300051882,18.68595238095234,18.82419117647065,18.562870873943297,18.562870873943297,18.45,18.485,,,,4.093454243762406,4.990053315860797,4.093454243762406,4.990053315860797,8.495945484253612,8.63995905486913,8.495945484253612,8.63995905486913,96,101,96,101,-1,4,-1,4,-1,4,-1,4,96,101,96,101,-0.26877388551947945,,,,,,,,
1786601400,18.523935436971648,18.523935436971648,18.42,18.4375,19.55934250104639,18.661071428571386,18.80213235294124,18.523935436971648,18.523935436971648,18.42,18.4375,,,,3.8754694168269888,4.8308270445702535,3.8754694168269888,4.8308270445702535,8.12847896539959,8.38421901013436,8.12847896539959,8.38421901013436,96,101,96,101,-1,4,-1,4,-1,4,-1,4,96,101,96,101,-0.2811602248224707,,,,,,,,
1786602000,18.480717718485824,18.480717718485824,18.36,18.3975,19.547781879145433,18.63333333333329,18.778455882353004,18.480717718485824,18.480717718485824,18.36,18.3975,,,,3.752591059467431,4.676793332412708,3.752591059467431,4.676793332412708,8.030916212264,8.207567611199181,8.030916212264,8.207567611199181,96,101,96,101,-1,4,-1,4,-1,4,-1,4,96,101,96,101,-0.2860123221012171,-0.2860123221012171,-0.2860123221012171,-0.2860123221012171,,,,,
1786602600,18.439108859242914,18.439108859242914,18.31,18.3625,19.535988029601697,18.602619047619005,18.75419117647065,18.439108859242914,18.439108859242914,18.31,18.3625,,,,3.6940460476379613,4.536400863159173,3.6940460476379613,4.536400863159173,8.03671458983213,8.122141100515655,8.03671458983213,8.122141100515655,96,101,96,101,-1,4,-1,4,-1,4,-1,4,96,101,96,101,-0.27400472109864016,,,,,,,,
1786603200,18.40080442962146,18.40080442962146,18.3,18.33,19.52398814871014,18.574166666666624,18.729632352941238,18.40080442962146,18.40080442962146,18.3,18.33,,,,3.5492332347114304,4.3953769162380665,3.5492332347114304,4.3953769162380665,7.7407296889649295,7.9314353947402925,7.7407296889649295,7.9314353947402925,96,101,96,101,-1,4,-1,4,-1,4,-1,4,96,101,96,101,-0.25894109658015185,,,,,,,,
1786603800,18.36540221481073,18.41,18.33,18.369999999999997,19.512505679568743,18.55690476190472,18.70816176470594,18.36540221481073,18.41,18.33,18.369999999999997,,,,3.581430860803458,4.279098908318836,3.581430860803458,4.279098908318836,7.811729152495999,7.871582273618145,7.811729152495999,7.871582273618145,96,101,96,101,-1,4,-1,4,-1,4,-1,4,96,101,96,101,-0.23892234088870679,,,,,,,,
1786671000,18.367701107405363,18.48,18.2,18.325,19.500689702657613,18.53892857142853,18.686911764705943,18.367701107405363,18.48,18.2,18.325,,,,3.8319601071655818,4.215221936725515,3.8319601071655818,4.215221936725515,8.886352169660206,8.378967221639176,8.886352169660206,8.378967221639176,96,101,96,101,-1,4,-1,4,-1,4,-1,4,96,101,96,101,-0.2251075538544624,,,,,,,,
1786671600,18.34635055370268,18.49,18.34635055370268,18.4325,19.49006094939734,18.52630952380948,18.669338235294177,18.34635055370268,18.49,18.34635055370268,18.4325,,,,4.547259178590401,4.262655828420498,4.547259178590401,4.262655828420498,10.906358711844916,9.642662966742046,10.906358711844916,9.642662966742046,96,101,96,101,-1,4,-1,4,-1,4,-1,4,96,101,96,101,-0.2036288297607517,,,,,,,,
1786672200,18.38942527685134,18.53,18.38942527685134,18.470000000000002,19.479911089204332,18.515714285714246,18.65455882352947,18.38942527685134,18.53,18.38942527685134,18.470000000000002,,,,5.458058319618934,4.433427612877417,5.458058319618934,4.433427612877417,13.269345312516023,11.456004139629034,13.269345312516023,11.456004139629034,96,101,96,101,-1,4,-1,4,-1,4,-1,4,96,101,96,101,-0.17170521339982175,,,,,,,,
1786672800,18.42971263842567,18.45,18.26,18.36,19.4687676952819,18.501666666666626,18.637573529411824,18.42971263842567,18.45,18.26,18.36,,,,5.867863702250625,4.638347054216447,5.867863702250625,4.638347054216447,14.072979305314144,12.76449172247159,14.072979305314144,12.76449172247159,96,101,96,101,-1,4,-1,4,-1,4,-1,4,96,101,96,101,-0.1684304970272633,,,,,-0.1684304970272633,,-0.1684304970272633,
1786673400,18.394856319212835,18.394856319212835,18.24,18.285,19.45698891224427,18.482857142857103,18.618897058823592,18.394856319212835,18.394856319212835,18.24,18.285,,,,5.8924403091492135,4.817503233492557,5.8924403091492135,4.817503233492557,13.945481911386008,13.354986816928799,13.945481911386008,13.354986816928799,96,101,96,101,-1,4,-1,4,-1,4,-1,4,96,101,96,101,-0.19007978979464818,,,,,,,,
1786674000,18.339928159606416,18.339928159606416,18.21,18.2625,19.445103450430896,18.463809523809484,18.59904411764712,18.339928159606416,18.339928159606416,18.21,18.2625,,,,5.807212295660038,4.958890242373626,5.807212295660038,4.958890242373626,13.25580182424242,13.30539432058561,13.25580182424242,13.30539432058561,96,101,96,101,-1,4,-1,4,-1,4,-1,4,96,101,96,101,-0.2014500130764887,,,,,,,,
1786674600,18.30121407980321,18.36,18.24,18.29,19.433609883759942,18.448690476190436,18.57919117647065,18.30121407980321,18.36,18.24,18.29,,,,5.87576265262954,5.089872015267328,5.87576265262954,5.089872015267328,12.872992081071889,13.089193200828749,12.872992081071889,13.089193200828749,96,101,96,101,-1,4,-1,4,-1,4,-1,4,96,101,96,101,-0.196646838006479,,,,,,,,
1786675200,18.295607039901604,18.33,18.22,18.2725,19.422056551583225,18.434285714285675,18.55882352941183,18.295607039901604,18.33,18.22,18.2725,,,,5.845431593123785,5.19780909781825,5.845431593123785,5.19780909781825,12.260388942022674,12.674791071425712,12.260388942022674,12.674791071425712,96,101,96,101,-1,4,-1,4,-1,4,-1,4,96,101,96,101,-0.18729630448359924,,,,,,,,
1786675800,18.284053519950803,18.284053519950803,18.18,18.217499999999998,19.41007091425404,18.416785714285673,18.536985294117713,18.284053519950803,18.284053519950803,18.18,18.217499999999998,,,,5.626313463456201,5.2590240071951,5.626313463456201,5.2590240071951,11.378665298697156,12.026728185061433,11.378665298697156,12.026728185061433,96,101,96,101,-1,4,-1,4,-1,4,-1,4,96,101,96,101,-0.18233339832441436,,,,,,,,
1786676400,18.250776759975402,18.27,18.16,18.2125,19.398154785754,18.4005952380952,18.51441176470595,18.250776759975402,18.27,18.16,18.2125,,,,5.498156558089405,5.29318580018,5.498156558089405,5.29318580018,10.672771037906976,11.349749611484205,10.672771037906976,11.349749611484205,96,101,96,101,-1,4,-1,4,-1,4,-1,4,96,101,96,101,-0.1767676876220524,,,,,,,,
1786677000,18.2316383799877,18.26,18.18,18.2275,19.38650647942809,18.384642857142815,18.49147058823536,18.2316383799877,18.26,18.18,18.2275,,,,5.457360182459447,5.316639283362778,5.457360182459447,5.316639283362778,10.13046052869531,10.740105070089758,10.13046052869531,10.740105070089758,96,101,96,101,-1,4,-1,4,-1,4,-1,4,96,101,96,101,-0.16572965483683536,,,,,,,,
1786677600,18.22956918999385,18.32,18.22956918999385,18.275,19.37544671346363,18.369047619047574,18.47227941176477,18.22956918999385,18.32,18.22956918999385,18.275,,,,5.667131639708164,5.366709619983547,5.667131639708164,5.366709619983547,10.577543189002276,10.658824129546016,10.577543189002276,10.658824129546016,96,101,96,101,-1,4,-1,4,-1,4,-1,4,96,101,96,101,-0.1534883078536067,,,,,,,,
1786683600,18.252284594996922,18.32,18.2,18.267500000000002,19.364422368056033,18.352142857142816,18.458602941176533,18.252284594996922,18.32,18.2,18.267500000000002,,,,5.822816188905243,5.431867701258076,5.822816188905243,5.431867701258076,11.181437298487163,10.92013071401659,11.181437298487163,10.92013071401659,96,101,96,101,-1,4,-1,4,-1,4,-1,4,96,101,96,101,-0.1377735241091434,,,,,,,,
1786684200,18.25989229749846,18.25989229749846,18.16,18.200000000000003,19.35283607583657,18.33392857142853,18.44382352941183,18.25989229749846,18.25989229749846,18.16,18.200000000000003,,,,5.6154513203546745,5.458093932557589,5.6154513203546745,5.458093932557589,10.886233219467904,10.903181966742247,10.886233219467904,10.903181966742247,96,101,96,101,-1,4,-1,4,-1,4,-1,4,96,101,96,101,-0.1320768861119187,,,,,,,,
1786684800,18.22994614874923,18.32,18.17,18.2425,19.341787955678992,18.320119047619006,18.43044117647065,18.22994614874923,18.32,18.17,18.2425,,,,5.644483212487836,5.484720972547625,5.644483212487836,5.484720972547625,11.259372039302162,11.081277003022205,11.259372039302162,11.081277003022205,96,101,96,101,-1,4,-1,4,-1,4,-1,4,96,101,96,101,-0.13132586285806658,,,,,,,,
1786685400,18.236223074374614,18.34,18.236223074374614,18.2975,19.331397030746864,18.311190476190436,18.418823529411828,18.236223074374614,18.34,18.236223074374614,18.2975,,,,6.014646672563223,5.560424643978425,6.014646672563223,5.560424643978425,12.783107343800005,11.932192173411105,12.783107343800005,11.932192173411105,96,101,96,101,-1,4,-1,4,-1,4,-1,4,96,101,96,101,-0.11694496051080355,,,,,,,,
1786686000,18.266861537187307,18.31,18.25,18.285,19.320985119993164,18.303928571428532,18.407941176470654,18.266861537187307,18.31,18.25,18.285,,,,6.33615155577972,5.671242774235752,6.33615155577972,5.671242774235752,14.057528565788633,12.99486036959987,14.057528565788633,12.99486036959987,96,101,96,101,-1,4,-1,4,-1,4,-1,4,96,101,96,101,-0.09870840117571862,,,,,,,,
1786686600,18.275930768593653,18.41,18.275930768593653,18.3425,19.311248949644973,18.301309523809486,18.39801470588242,18.275930768593653,18.41,18.275930768593653,18.3425,,,,7.05732504537682,5.869254527255905,7.05732504537682,5.869254527255905,16.44859091190868,14.721725640754276,16.44859091190868,14.721725640754276,96,101,96,101,-1,4,-1,4,-1,4,-1,4,96,101,96,101,-0.08629781279248469,,,,,,,,
1786687200,18.309215384296827,18.42,18.309215384296827,18.4,19.302181795917164,18.3030952380952,18.390294117647127,18.309215384296827,18.42,18.309215384296827,18.4,,,,8.125969586696552,6.191642392890283,8.125969586696552,6.191642392890283,19.889224823668616,17.305475232211446,19.889224823668616,17.305475232211446,96,101,96,101,-1,4,-1,4,-1,4,-1,4,96,101,96,101,-0.06401744848443934,,,,,,,,
1786687800,18.354607692148413,18.43,18.354607692148413,18.41,19.293304365112018,18.306904761904725,18.384485294117713,18.354607692148413,18.43,18.354607692148413,18.41,,,,9.18381317454064,6.619095361697476,9.18381317454064,6.619095361697476,23.542110825311635,20.42379302876154,23.542110825311635,20.42379302876154,96,101,96,101,-1,4,-1,4,-1,4,-1,4,96,101,96,101,-0.043695796862586844,,,,,,,,
1786688400,18.38230384607421,18.4,18.37,18.39,19.284316261976574,18.307857142857106,18.379044117647126,18.38230384607421,18.4,18.37,18.39,,,,10.035034907158645,7.107086725334787,10.035034907158645,7.107086725334787,26.5223910495624,23.47309203916197,26.5223910495624,23.47309203916197,96,101,96,101,-1,4,-1,4,-1,4,-1,4,96,101,96,101,-0.04179137201999698,,,,,,,,
1786689000,18.386151923037104,18.39,18.36,18.38,19.275318090215613,18.31047619047615,18.37301470588242,18.386151923037104,18.39,18.36,18.38,,,,10.773273154530907,7.630827643791375,10.773273154530907,7.630827643791375,28.87438517434247,26.17373860675222,28.87438517434247,26.17373860675222,96,101,96,101,-1,4,-1,4,-1,4,-1,4,96,101,96,101,-0.04062861671504963,,,,,,,,
1786689600,18.38307596151855,18.41,18.37,18.3875,19.266484079367697,18.308333333333294,18.36816176470595,18.38307596151855,18.41,18.37,18.3875,,,,11.551372691112025,8.190905507694325,11.551372691112025,8.190905507694325,31.12524870136111,28.649493654056663,31.12524870136111,28.649493654056663,96,101,96,101,-1,4,-1,4,-1,4,-1,4,96,101,96,101,-0.03517083919641645,,,,,,,,
1786690200,18.385287980759273,18.44,18.385287980759273,18.42,19.258061352209808,18.30595238095234,18.363970588235365,18.385287980759273,18.44,18.385287980759273,18.42,,,,12.494982124740089,8.80577359584372,12.494982124740089,8.80577359584372,33.68481239678877,31.167153025422717,33.68481239678877,31.167153025422717,96,101,96,101,-1,4,-1,4,-1,4,-1,4,96,101,96,101,-0.023587400722861893,,,,,,,,
1786930200,18.402643990379637,18.95,18.402643990379637,18.8375,19.25387666213807,18.328690476190438,18.370882352941248,18.402643990379637,18.95,18.402643990379637,18.8375,,,,16.360068791194415,9.884958623750963,16.360068791194415,9.884958623750963,38.38549193055406,34.77632247798839,38.38549193055406,34.77632247798839,96,101,96,101,-1,4,-1,4,-1,4,-1,4,96,101,96,101,0.07769659044849019,,,,,,,,
1786930800,18.620071995189818,18.88,18.620071995189818,18.827499999999997,19.24963410828595,18.354523809523773,18.37691176470595,18.620071995189818,18.88,18.620071995189818,18.827499999999997,,,,20.063681067788828,11.339061830042088,20.063681067788828,11.339061830042088,43.66186465794194,39.21909356796516,43.66186465794194,39.21909356796516,96,101,96,101,-1,4,-1,4,-1,4,-1,4,96,101,96,101,0.17132727868301129,,,,,,,,
1786931400,18.72378599759491,18.89,18.72378599759491,18.8275,19.24543376890002,18.381428571428533,18.384117647058893,18.72378599759491,18.89,18.72378599759491,18.8275,,,,23.64935798399941,13.097675566321707,23.64935798399941,13.097675566321707,48.97082791725879,44.094960742611974,48.97082791725879,44.094960742611974,96,101,96,101,-1,4,-1,4,-1,4,-1,4,96,101,96,101,0.18562837697778278,,,,,,,,
1786932000,18.775642998797455,18.98,18.775642998797455,18.917500000000004,19.2421707463239,18.411309523809486,18.395441176470655,18.775642998797455,18.98,18.775642998797455,18.917500000000004,,,,27.655606849803995,15.177380035390607,27.655606849803995,15.177380035390607,54.401078972963646,49.24801985778781,54.401078972963646,49.24801985778781,96,101,96,101,-1,4,-1,4,-1,4,-1,4,96,101,96,101,0.19851583920761173,,,,,,,,
1786932600,18.846571499398728,18.95,18.846571499398728,18.9225,19.23898994287789,18.442261904761867,18.40830882352948,18.846571499398728,18.95,18.846571499398728,18.9225,,,,31.413289067299196,17.496795611377546,31.413289067299196,17.496795611377546,59.480168732217834,54.36409429500282,59.480168732217834,54.36409429500282,96,101,96,101,-1,4,-1,4,-1,4,-1,4,96,101,96,101,0.21868759551648737,,,,,,,,
1786933200,18.884535749699364,18.95,18.884535749699364,18.92,19.235815913595523,18.475714285714247,18.422500000000067,18.884535749699364,18.95,18.884535749699364,18.92,,,,34.88376841963498,19.980648869700037,34.88376841963498,19.980648869700037,64.08081187290705,59.22245308395493,64.08081187290705,59.22245308395493,96,101,96,101,-1,4,-1,4,-1,4,-1,4,96,101,96,101,0.2262454958502665,,,,,0.2262454958502665,,0.2262454958502665,
1786933800,18.902267874849684,18.95,18.9,18.9225,19.232698342315967,18.50952380952377,18.437941176470655,18.902267874849684,18.95,18.9,18.9225,,,,38.125153382142265,22.57272094290607,38.125153382142265,22.57272094290607,68.15730869541746,63.689880889686194,68.15730869541746,63.689880889686194,96,101,96,101,-1,4,-1,4,-1,4,-1,4,96,101,96,101,0.22081678049203968,,,,,,,,
1786934400,18.912383937424842,18.93,18.88,18.9075,19.229462537914813,18.541904761904725,18.453970588235364,18.912383937424842,18.93,18.88,18.9075,,,,41.02222889244037,25.208364935696686,41.02222889244037,25.208364935696686,71.4427939947649,67.56633744222555,71.4427939947649,67.56633744222555,96,101,96,101,-1,4,-1,4,-1,4,-1,4,96,101,96,101,0.20688409020069354,,,,,,,,
1786935000,18.90994196871242,18.93,18.85,18.9,19.226184303706706,18.57166666666663,18.470735294117716,18.90994196871242,18.93,18.85,18.9,,,,43.65597946027357,27.843738439207666,43.65597946027357,27.843738439207666,74.0936212244759,70.82997933335072,74.0936212244759,70.82997933335072,96,101,96,101,-1,4,-1,4,-1,4,-1,4,96,101,96,101,0.1903456238992327,,,,,,,,
1786935600,18.90497098435621,19.05,18.90497098435621,18.9825,19.223759584266837,18.605714285714246,18.488750000000067,18.90497098435621,19.05,18.90497098435621,18.9825,,,,46.72190573942698,30.540619482096137,46.72190573942698,30.540619482096137,76.42998021074632,73.62997977204853,76.42998021074632,73.62997977204853,96,101,96,101,-1,4,-1,4,-1,4,-1,4,96,101,96,101,0.19291516283094923,,,,,,,,
1786936200,18.943735492178106,19.02,18.943735492178106,19.0025,19.221557996363686,18.643928571428532,18.508676470588306,18.943735492178106,19.02,18.943735492178106,19.0025,,,,49.71921322420476,33.28041858811166,49.71921322420476,33.28041858811166,78.71356565208823,76.17177271206839,78.71356565208823,76.17177271206839,96,101,96,101,-1,4,-1,4,-1,4,-1,4,96,101,96,101,0.2047595177043678,,,,,,,,
1786936800,18.973117746089052,19.04,18.973117746089052,19.007499999999997,19.21942806605161,18.680357142857105,18.525588235294183,18.973117746089052,19.04,18.973117746089052,19.007499999999997,,,,52.54002130217507,36.03179040440643,52.54002130217507,36.03179040440643,80.95588289337287,78.56382780272062,80.95588289337287,78.56382780272062,96,101,96,101,-1,4,-1,4,-1,4,-1,4,96,101,96,101,0.20687460820666784,,,,,,,,
1786942800,18.990308873044526,19,18.93,18.98,19.217045697235175,18.712857142857107,18.540588235294184,18.990308873044526,19,18.93,18.98,,,,54.95257617156859,38.73475979971531,54.95257617156859,38.73475979971531,82.48966165513669,80.52674472892866,82.48966165513669,80.52674472892866,96,101,96,101,-1,4,-1,4,-1,4,-1,4,96,101,96,101,0.19688765441634049,,,,,,,,
1786943400,18.985154436522265,18.99,18.96,18.982499999999998,19.214711909202983,18.74607142857139,18.558897058823597,18.985154436522265,18.99,18.96,18.982499999999998,,,,57.62851575481928,41.433867793301594,57.62851575481928,41.433867793301594,83.86803883930578,82.19739178411723,83.86803883930578,82.19739178411723,96,101,96,101,-1,4,-1,4,-1,4,-1,4,96,101,96,101,0.18248455629109878,,,,,,,,
1786944000,18.983827218261133,19,18.94,18.972499999999997,19.212301840454693,18.77607142857139,18.579117647058894,18.983827218261133,19,18.94,18.972499999999997,,,,60.03305997457935,44.09089524776984,60.03305997457935,44.09089524776984,84.94893607818862,83.57316393115292,84.94893607818862,83.57316393115292,96,101,96,101,-1,4,-1,4,-1,4,-1,4,96,101,96,101,0.1752175652771726,,,,,,,,
1786944600,18.978163609130565,19,18.95,18.974999999999998,19.20994062811186,18.803452380952344,18.600073529411834,18.978163609130565,19,18.95,18.974999999999998,,,,62.285915241242606,46.69018381826595,62.285915241242606,46.69018381826595,85.90539178814416,84.73927785964854,85.90539178814416,84.73927785964854,96,101,96,101,-1,4,-1,4,-1,4,-1,4,96,101,96,101,0.16871119800233397,,,,,,,,
1786945200,18.97658180456528,19.04,18.97658180456528,19.009999999999998,19.20795116912567,18.832023809523772,18.621250000000064,18.97658180456528,19.04,18.97658180456528,19.009999999999998,,,,64.65875115097727,49.257122008653276,64.65875115097727,49.257122008653276,87.15859780598728,85.9489378328179,87.15859780598728,85.9489378328179,96,101,96,101,-1,4,-1,4,-1,4,-1,4,96,101,96,101,0.16491253477057866,,,,,,,,
1786945800,18.993290902282638,19.04,18.993290902282638,19.034999999999997,19.20623026197019,18.862738095238054,18.643676470588304,18.993290902282638,19.04,18.993290902282638,19.034999999999997,,,,67.06274083601978,51.8007818411342,67.06274083601978,51.8007818411342,88.50056956264483,87.22475369773136,88.50056956264483,87.22475369773136,96,101,96,101,-1,4,-1,4,-1,4,-1,4,96,101,96,101,0.16518623269206434,,,,,,,,
1786946400,19.014145451141317,19.08,19.014145451141317,19.057499999999997,19.20475035886601,18.89499999999996,18.668382352941244,19.014145451141317,19.08,19.014145451141317,19.057499999999997,,,,69.24071276388172,54.292200544383846,69.24071276388172,54.292200544383846,89.59455932165407,88.40965650969272,89.59455932165407,88.40965650969272,96,101,96,101,-1,4,-1,4,-1,4,-1,4,96,101,96,101,0.16771344130151528,,,,,,,,
1786947000,19.035822725570657,19.08,19.035822725570657,19.06,19.203310056787743,18.92702380952377,18.693308823529478,19.035822725570657,19.08,19.035822725570657,19.06,,,,71.28252520621315,56.71938978178804,71.28252520621315,56.71938978178804,90.68243423576969,89.54604537273121,90.68243423576969,89.54604537273121,96,101,96,101,-1,4,-1,4,-1,4,-1,4,96,101,96,101,0.16616845269716624,,,,,,,,
1786947600,19.047911362785328,19.07,19.04,19.057499999999997,19.201859210451545,18.957380952380912,18.71772058823536,19.047911362785328,19.07,19.04,19.057499999999997,,,,73.15908396477555,59.06791752221483,73.15908396477555,59.06791752221483,91.61882985048993,90.58243761161057,91.61882985048993,90.58243761161057,96,101,96,101,-1,4,-1,4,-1,4,-1,4,96,101,96,101,0.16152385410540288,,,,,,,,
1786948200,19.052705681392663,19.07,19.04,19.0575,19.200422800397302,18.967857142857106,18.740735294117712,19.052705681392663,19.07,19.04,19.0575,,,,74.9016028120121,61.329872563614444,74.9016028120121,61.329872563614444,92.43634385132884,91.50939073146971,92.43634385132884,91.50939073146971,96,101,96,101,-1,4,-1,4,-1,4,-1,4,96,101,96,101,0.1561231571535096,,,,,,,,
1786948800,19.055102840696332,19.1,19.055102840696332,19.080000000000002,19.199224563577427,18.97988095238091,18.764632352941245,19.055102840696332,19.1,19.055102840696332,19.080000000000002,,,,76.54236978440638,63.503086452299,76.54236978440638,63.503086452299,93.12235455157264,92.31587264152117,93.12235455157264,92.31587264152117,96,101,96,101,-1,4,-1,4,-1,4,-1,4,96,101,96,101,0.14951097245330228,,,,,,,,
1786949400,19.067551420348167,19.14,19.067551420348167,19.1125,19.19836163259656,18.99345238095234,18.791470588235363,19.067551420348167,19.14,19.067551420348167,19.1125,,,,78.01747748202168,65.57657088511652,78.01747748202168,65.57657088511652,93.51607662799404,92.9159746347576,93.51607662799404,92.9159746347576,96,101,96,101,-1,4,-1,4,-1,4,-1,4,96,101,96,101,0.1480801049842452,,,,,,,,
1787016600,19.090025710174082,19.090025710174082,18.8,18.9025,19.195417735754802,18.992738095238057,18.810882352941245,19.090025710174082,19.090025710174082,18.8,18.9025,,,,77.85660809919504,67.33086191569917,77.85660809919504,67.33086191569917,91.54989118219513,92.23293290847636,91.54989118219513,92.23293290847636,96,101,96,101,-1,4,-1,4,-1,4,-1,4,96,101,96,101,0.09507105929611358,,,,,,,,
1787017200,18.99626285508704,18.99626285508704,18.76,18.85,19.19198074335923,18.989285714285675,18.827132352941245,18.99626285508704,18.99626285508704,18.76,18.85,,,,77.32457632534583,68.75853540279155,77.32457632534583,68.75853540279155,88.75231671210334,90.49262481028984,88.75231671210334,90.49262481028984,96,101,96,101,-1,4,-1,4,-1,4,-1,4,96,101,96,101,0.027410156752040775,,,,,,,,
1787017800,18.92313142754352,18.92313142754352,18.73,18.78,19.187881432480033,18.98261904761901,18.84169117647066,18.92313142754352,18.92313142754352,18.73,18.78,,,,76.32034273942463,69.83879359373914,76.32034273942463,69.83879359373914,85.18845448885138,87.84053964957062,85.18845448885138,87.84053964957062,96,101,96,101,-1,4,-1,4,-1,4,-1,4,96,101,96,101,-0.005873462017414731,,,,,,,,
1787018400,18.851565713771762,18.851565713771762,18.71,18.7675,19.18369853265436,18.975238095238055,18.85419117647066,18.851565713771762,18.851565713771762,18.71,18.7675,,,,75.29673225220624,70.61849911637731,75.29673225220624,70.61849911637731,81.27955630926043,84.56004797941551,81.27955630926043,84.56004797941551,96,101,96,101,-1,4,-1,4,-1,4,-1,4,96,101,96,101,-0.027860595601426473,,,,,,,,
1787019000,18.80953285688588,18.84,18.73,18.785,19.179731383075712,18.969404761904723,18.865514705882426,18.80953285688588,18.84,18.73,18.785,,,,74.47378782019734,71.16925464549446,74.47378782019734,71.16925464549446,77.5859608220111,81.0730044007133,77.5859608220111,81.0730044007133,96,101,96,101,-1,4,-1,4,-1,4,-1,4,96,101,96,101,-0.03395823773320109,,,,,,,,
1787019600,18.79726642844294,18.84,18.75,18.795,19.175903210109784,18.96440476190472,18.876838235294187,18.79726642844294,18.84,18.75,18.795,,,,73.78251143070804,71.54257704338212,73.78251143070804,71.54257704338212,74.47758703587375,77.77529571829353,74.47758703587375,77.77529571829353,96,101,96,101,-1,4,-1,4,-1,4,-1,4,96,101,96,101,-0.022132090828730105,,,,,,,,
1787020200,18.79613321422147,18.79613321422147,18.71,18.7375,19.171540989113666,18.952738095238054,18.887058823529486,18.79613321422147,18.79613321422147,18.71,18.7375,,,,72.7215157162697,71.71099685379464,72.7215157162697,71.71099685379464,71.08066591515531,74.42798081672441,71.08066591515531,74.42798081672441,96,101,96,101,-1,4,-1,4,-1,4,-1,4,96,101,96,101,-0.02516781640497136,,,,,,,,
1787020800,18.766816607110734,18.766816607110734,18.66,18.7025,19.166873914595122,18.938452380952338,18.89654411764713,18.766816607110734,18.766816607110734,18.66,18.7025,,,,71.48120336918922,71.67816921313671,71.48120336918922,71.67816921313671,67.4147200023093,70.92135040951686,67.4147200023093,70.92135040951686,96,101,96,101,-1,4,-1,4,-1,4,-1,4,96,101,96,101,-0.0393377813837406,,,,,,,,
1787021400,18.734658303555367,18.734658303555367,18.6,18.645000000000003,19.16168113932552,18.921190476190436,18.904117647058893,18.734658303555367,18.734658303555367,18.6,18.645000000000003,,,,69.91038855127339,71.42562911858481,69.91038855127339,71.42562911858481,63.208543185060876,67.06494679728887,63.208543185060876,67.06494679728887,96,101,96,101,-1,4,-1,4,-1,4,-1,4,96,101,96,101,-0.051365430758753786,,,,,,,,
1787022000,18.689829151777687,18.72,18.61,18.6475,19.156564909083475,18.905357142857103,18.910808823529482,18.689829151777687,18.72,18.61,18.6475,,,,68.46999636612412,71.00339586823328,68.46999636612412,71.00339586823328,59.2222898089405,63.143618303114685,59.2222898089405,63.143618303114685,96,101,96,101,-1,4,-1,4,-1,4,-1,4,96,101,96,101,-0.05454463790882101,,,,,,,,
1787022600,18.668664575888844,18.7,18.61,18.6475,19.15149958660503,18.88940476190472,18.905220588235363,18.668664575888844,18.7,18.61,18.6475,,,,67.13248933705695,70.45040922092238,67.13248933705695,70.45040922092238,52.209923412366095,57.676770857740394,52.209923412366095,57.676770857740394,96,101,96,101,-1,4,-1,4,-1,4,-1,4,96,101,96,101,-0.05934228601892345,,,,,,,,
1787023200,18.658082287944424,18.7,18.658082287944424,18.677500000000002,19.146783172807964,18.875357142857105,18.90080882352948,18.658082287944424,18.7,18.658082287944424,18.677500000000002,,,,66.10917741648001,69.83023324885919,66.10917741648001,69.83023324885919,46.71519665974688,52.19598375874364,46.71519665974688,52.19598375874364,96,101,96,101,-1,4,-1,4,-1,4,-1,4,96,101,96,101,-0.06499413166353551,,,,,,,,
1787029200,18.667791143972213,18.68,18.6,18.6525,19.141864932282513,18.859999999999964,18.89566176470595,18.667791143972213,18.68,18.6,18.6525,,,,64.97674346107546,69.13687756489007,64.97674346107546,69.13687756489007,41.379116417202184,46.78755008797291,41.379116417202184,46.78755008797291,96,101,96,101,-1,4,-1,4,-1,4,-1,4,96,101,96,101,-0.07004615251340642,,,,,,,,
1787029800,18.660145571986106,18.69,18.63,18.665,19.137120007583185,18.84357142857139,18.888235294117713,18.660145571986106,18.69,18.63,18.665,,,,64.01630551706278,68.40536727234331,64.01630551706278,68.40536727234331,37.108795934247894,41.9481730111104,37.108795934247894,41.9481730111104,96,101,96,101,-1,4,-1,4,-1,4,-1,4,96,101,96,101,-0.07561076737794542,,,,,,,,
1787030400,18.662572785993053,18.72,18.66,18.6875,19.13264617666196,18.827023809523773,18.88132352941183,18.662572785993053,18.72,18.66,18.6875,,,,63.288464452432926,67.67438115521325,63.288464452432926,67.67438115521325,34.016919192281485,37.982546101695945,34.016919192281485,37.982546101695945,96,101,96,101,-1,4,-1,4,-1,4,-1,4,96,101,96,101,-0.07323650112163521,,,,,,,,
1787031000,18.675036392996525,18.68,18.63,18.665,19.12799298087428,18.808333333333298,18.87382352941183,18.675036392996525,18.68,18.63,18.665,,,,62.44861786618042,66.92784354249427,62.44861786618042,66.92784354249427,30.824218529873573,34.40338231578476,30.824218529873573,34.40338231578476,96,101,96,101,-1,4,-1,4,-1,4,-1,4,96,101,96,101,-0.07830182282635093,,,,,,,,
1787031600,18.670018196498262,18.69,18.65,18.675,19.12348558802976,18.789999999999964,18.866544117647123,18.670018196498262,18.69,18.65,18.675,,,,61.7416466191792,66.18695826773498,61.7416466191792,66.18695826773498,28.32561692242211,31.364499619103434,28.32561692242211,31.364499619103434,96,101,96,101,-1,4,-1,4,-1,4,-1,4,96,101,96,101,-0.08894307667046547,,,,,,,,
1787032200,18.67250909824913,18.71,18.67250909824913,18.69,19.119172298596627,18.77249999999996,18.860147058823593,18.67250909824913,18.71,18.67250909824913,18.69,,,,61.194502764456495,65.4737503386952,61.194502764456495,65.4737503386952,26.580783798574746,28.97264170883909,26.580783798574746,28.97264170883909,96,101,96,101,-1,4,-1,4,-1,4,-1,4,96,101,96,101,-0.09094227597123673,,,,,,,,
1787032800,18.681254549124567,18.72,18.65,18.6775,19.11477754935686,18.754404761904723,18.853602941176536,18.681254549124567,18.72,18.65,18.6775,,,,60.59533274192241,64.77683353915623,60.59533274192241,64.77683353915623,24.933023939119877,26.952832823979485,24.933023939119877,26.952832823979485,96,101,96,101,-1,4,-1,4,-1,4,-1,4,96,101,96,101,-0.08947170997120507,,,,,,,,
1787033400,18.679377274562285,18.71,18.65,18.68,19.11045140458714,18.735357142857104,18.844705882353008,18.679377274562285,18.71,18.65,18.68,,,,60.057182152484806,64.1025976267746,60.057182152484806,64.1025976267746,23.48427064920471,25.218551736592097,23.48427064920471,25.218551736592097,96,101,96,101,-1,4,-1,4,-1,4,-1,4,96,101,96,101,-0.09495131773407567,,,,,,,,
1787034000,18.679688637281142,18.87,18.679688637281142,18.7775,19.107138455287764,18.719404761904723,18.838088235294183,18.679688637281142,18.87,18.679688637281142,18.7775,,,,60.268112290281074,63.554814007275525,60.268112290281074,63.554814007275525,24.279519152028794,24.749035444310444,24.279519152028794,24.749035444310444,96,101,96,101,-1,4,-1,4,-1,4,-1,4,96,101,96,101,-0.09099030153273083,,,,,,,,
1787034600,18.72859431864057,18.88,18.72859431864057,18.855,19.10462961493664,18.717142857142818,18.833602941176537,18.72859431864057,18.88,18.72859431864057,18.855,,,,61.02884479432805,63.19396126256874,61.02884479432805,63.19396126256874,26.35169703655987,25.550366240435157,26.35169703655987,25.550366240435157,96,101,96,101,-1,4,-1,4,-1,4,-1,4,96,101,96,101,-0.06763773491193566,,,,,,,,
1787035200,18.791797159320286,18.86,18.791797159320286,18.8425,19.10202136006165,18.716785714285674,18.829558823529478,18.791797159320286,18.86,18.791797159320286,18.8425,,,,61.644131390651566,62.972556995152004,61.644131390651566,62.972556995152004,28.558567399805607,27.054466820120382,28.558567399805607,27.054466820120382,96,101,96,101,-1,4,-1,4,-1,4,-1,4,96,101,96,101,-0.05047014221733152,,,,,-0.05047014221733152,,-0.05047014221733152,
1787035800,18.81714857966014,18.85,18.81714857966014,18.8325,19.099339555483922,18.719285714285675,18.825147058823596,18.81714857966014,18.85,18.81714857966014,18.8325,,,,62.14258264700443,62.853989231130925,62.14258264700443,62.853989231130925,30.559709407877218,28.8070881139988,30.559709407877218,28.8070881139988,96,101,96,101,-1,4,-1,4,-1,4,-1,4,96,101,96,101,-0.05176921686489715,,,,,,,,
1787103000,18.82482428983007,18.82482428983007,18.06,18.225,19.090639659409455,18.693452380952344,18.803161764705948,18.82482428983007,18.82482428983007,18.06,18.225,,,,58.795096584916834,62.27414742452891,58.795096584916834,62.27414742452891,31.113741872519483,29.960414993259143,31.113741872519483,29.960414993259143,96,101,96,101,-1,4,-1,4,-1,4,-1,4,96,101,96,101,-0.15083232310899305,,,,,,,,
1787103600,18.524912144915035,18.524912144915035,18.15,18.22,19.0819765782213,18.666547619047577,18.78095588235301,18.524912144915035,18.524912144915035,18.15,18.22,,,,55.6536478870524,61.32836177631798,55.6536478870524,61.32836177631798,30.213430308270848,30.086922650764997,30.213430308270848,30.086922650764997,96,101,96,101,-1,4,-1,4,-1,4,-1,4,96,101,96,101,-0.2532286213198455,,,,,,,,
1787104200,18.372456072457517,18.372456072457517,18.17,18.215,19.073349945602185,18.638928571428533,18.75757352941183,18.372456072457517,18.372456072457517,18.17,18.215,,,,52.703519598823796,60.09624146524738,52.703519598823796,60.09624146524738,28.661543822208472,29.374233236486734,28.661543822208472,29.374233236486734,96,101,96,101,-1,4,-1,4,-1,4,-1,4,96,101,96,101,-0.26867614300886405,-0.26867614300886405,,-0.26867614300886405,,,,,
1787104800,18.293728036228757,18.293728036228757,18.17,18.2125,19.064784274501665,18.61392857142853,18.733382352941238,18.293728036228757,18.293728036228757,18.17,18.2125,,,,49.947580368219974,58.64643273710061,49.947580368219974,58.64643273710061,26.901577436119194,28.137905336302964,26.901577436119194,28.137905336302964,96,101,96,101,-1,4,-1,4,-1,4,-1,4,96,101,96,101,-0.2528563378947119,,,,,,,,
1787105400,18.253114018114378,18.253114018114378,18.11,18.155,19.05573169465588,18.587857142857104,18.70683823529418,18.253114018114378,18.253114018114378,18.11,18.155,,,,47.008202934511154,56.98382847958783,47.008202934511154,56.98382847958783,24.71518287177613,26.426544104039547,24.71518287177613,26.426544104039547,96,101,96,101,-1,4,-1,4,-1,4,-1,4,96,101,96,101,-0.23408360556180122,,,,,,,,
1787106000,18.204057009057188,18.29,18.11,18.185,19.04706769769413,18.56595238095234,18.681102941176533,18.204057009057188,18.29,18.11,18.185,,,,44.47719373019421,55.19716637253159,44.47719373019421,55.19716637253159,22.96766206220282,24.697103083121185,22.96766206220282,24.697103083121185,96,101,96,101,-1,4,-1,4,-1,4,-1,4,96,101,96,101,-0.22173218317965074,,,,,,,,
1787106600,18.19452850452859,18.23,18.12,18.175,19.03839040716981,18.543452380952342,18.655147058823594,18.19452850452859,18.23,18.12,18.175,,,,42.060833331476644,53.320547366666595,42.060833331476644,53.320547366666595,21.259394213445283,22.978248648283234,21.259394213445283,22.978248648283234,96,101,96,101,-1,4,-1,4,-1,4,-1,4,96,101,96,101,-0.2055670963548941,,,,,-0.2055670963548941,,-0.2055670963548941,
1787107200,18.184764252264294,18.22,18.12,18.1625,19.029675079735284,18.5203571428571,18.62882352941183,18.184764252264294,18.22,18.12,18.1625,,,,39.7343981464241,51.37966890663195,39.7343981464241,51.37966890663195,19.6767406810068,21.327494664645016,19.6767406810068,21.327494664645016,96,101,96,101,-1,4,-1,4,-1,4,-1,4,96,101,96,101,-0.20613159943101406,,,,,,,,
1787107800,18.173632126132148,18.18,18.11,18.15,19.02092209386727,18.495238095238054,18.601470588235358,18.173632126132148,18.18,18.11,18.15,,,,37.49146494548904,49.395639769325825,37.49146494548904,49.395639769325825,18.092317742799885,19.70990620372245,18.092317742799885,19.70990620372245,96,101,96,101,-1,4,-1,4,-1,4,-1,4,96,101,96,101,-0.21581925507686067,,,,,,,,
1787108400,18.161816063066073,18.161816063066073,18.06,18.095,19.011708938704412,18.46869047619044,18.57154411764712,18.161816063066073,18.161816063066073,18.06,18.095,,,,35.04498464514988,47.34554618015783,35.04498464514988,47.34554618015783,16.266717000290967,17.98831160200671,16.266717000290967,17.98831160200671,96,101,96,101,-1,4,-1,4,-1,4,-1,4,96,101,96,101,-0.21951392699075017,,,,,,,,
1787109000,18.128408031533034,18.128408031533034,18.02,18.044999999999998,19.002089944289445,18.439166666666626,18.546323529411826,18.128408031533034,18.128408031533034,18.02,18.044999999999998,,,,32.7012102317208,45.25349818752397,32.7012102317208,45.25349818752397,14.723767451797036,16.356039526901874,14.723767451797036,16.356039526901874,96,101,96,101,-1,4,-1,4,-1,4,-1,4,96,101,96,101,-0.226986995607845,-0.226986995607845,-0.226986995607845,-0.226986995607845,,,,,
1787109600,18.086704015766514,18.086704015766514,18.01,18.0475,18.99259153688358,18.408690476190436,18.522720588235355,18.086704015766514,18.086704015766514,18.01,18.0475,,,,30.60245122022619,43.16049147791,30.60245122022619,43.16049147791,13.33504948107618,14.845544503989027,13.33504948107618,14.845544503989027,96,101,96,101,-1,4,-1,4,-1,4,-1,4,96,101,96,101,-0.2268480528000688,,,,,,,,
1787115600,18.067102007883257,18.08,17.95,18.015,18.982864257909615,18.37773809523806,18.500220588235358,18.067102007883257,18.08,17.95,18.015,,,,28.806717909777866,41.10995239674827,28.806717909777866,41.10995239674827,12.588573926585273,13.71705921528715,12.588573926585273,13.71705921528715,96,101,96,101,-1,4,-1,4,-1,4,-1,4,96,101,96,101,-0.21674348756013542,,,,,,,,
1787116200,18.04105100394163,18.04105100394163,17.91,17.945,18.972537250368227,18.34297619047615,18.47602941176477,18.04105100394163,18.04105100394163,17.91,17.945,,,,26.952347234456916,39.08743737356379,26.952347234456916,39.08743737356379,11.768415377082718,12.742737296184934,11.768415377082718,12.742737296184934,96,101,96,101,-1,4,-1,4,-1,4,-1,4,96,101,96,101,-0.21186137173698474,,,,,,,,
1787116800,17.993025501970813,18.05,17.93,17.98,18.96266125782725,18.309166666666627,18.452352941176535,17.993025501970813,18.05,17.93,17.98,,,,25.433683639893502,37.13690112589661,25.433683639893502,37.13690112589661,11.215417898974604,11.979077597579769,11.215417898974604,11.979077597579769,96,101,96,101,-1,4,-1,4,-1,4,-1,4,96,101,96,101,-0.21812843204763713,,,,,,,,
1787117400,17.986512750985405,18.05,17.98,18.0175,18.953256668197128,18.277738095238057,18.42948529411771,17.986512750985405,18.05,17.98,18.0175,,,,24.241266051213525,35.29466754379903,24.241266051213525,35.29466754379903,11.0904252123329,11.534751404956335,11.0904252123329,11.534751404956335,96,101,96,101,-1,4,-1,4,-1,4,-1,4,96,101,96,101,-0.20982359530654066,,,,,,,,
1787118000,18.0020063754927,18.06,18,18.0275,18.94404515906084,18.24666666666663,18.408602941176532,18.0020063754927,18.06,18,18.0275,,,,23.192093156730788,33.56572834564643,23.192093156730788,33.56572834564643,11.176200625277085,11.355476015116711,11.176200625277085,11.355476015116711,96,101,96,101,-1,4,-1,4,-1,4,-1,4,96,101,96,101,-0.18619419551780095,,,,,,,,
1787118600,18.01475318774635,18.02,17.99,18.002499999999998,18.934676550512968,18.209761904761866,18.388014705882416,18.01475318774635,18.02,17.99,18.002499999999998,,,,22.07268116005372,31.923864461990327,22.07268116005372,31.923864461990327,10.99271743653012,11.174096725823414,10.99271743653012,11.174096725823414,96,101,96,101,-1,4,-1,4,-1,4,-1,4,96,101,96,101,-0.1696751940225855,,,,,,,,
1787119200,18.008626593873174,18.01,17.96,17.9825,18.925202156975526,18.16821428571425,18.36852941176477,18.008626593873174,18.01,17.96,17.9825,,,,20.91708314455628,30.35146713092832,20.91708314455628,30.35146713092832,10.581759551998333,10.877928138910875,10.581759551998333,10.877928138910875,96,101,96,101,-1,4,-1,4,-1,4,-1,4,96,101,96,101,-0.15953495894166866,,,,,,,,
1787119800,17.995563296936588,18.04,17.93,17.9925,18.915921538498157,18.12773809523806,18.349264705882415,17.995563296936588,18.04,17.93,17.9925,,,,19.902099853743028,28.85870037704471,19.902099853743028,28.85870037704471,10.249942051746993,10.563935095328933,10.249942051746993,10.563935095328933,96,101,96,101,-1,4,-1,4,-1,4,-1,4,96,101,96,101,-0.14994261859287558,,,,,,,,
1787120400,17.994031648468294,18.07,17.98,18.020000000000003,18.907006896324045,18.089047619047584,18.330808823529473,17.994031648468294,18.07,17.98,18.020000000000003,,,,19.119313394968138,27.4673593796052,19.119313394968138,27.4673593796052,10.358659162081487,10.46129712870521,10.358659162081487,10.46129712870521,96,101,96,101,-1,4,-1,4,-1,4,-1,4,96,101,96,101,-0.1351329916616733,,,,,,,,
1787121000,18.00701582423415,18.00701582423415,17.94,17.9725,18.897708320241218,18.077023809523773,18.310073529411827,18.00701582423415,18.00701582423415,17.94,17.9725,,,,18.116598210542424,26.131536355453374,18.116598210542424,26.131536355453374,9.90692625812668,10.184111693415945,9.90692625812668,10.184111693415945,96,101,96,101,-1,4,-1,4,-1,4,-1,4,96,101,96,101,-0.12173159934367525,,,,,,,,
1787121600,17.989757912117074,18,17.92,17.97,18.888477391681604,18.065119047619014,18.29000000000006,17.989757912117074,18,17.92,17.97,,,,17.170987536967086,24.851457952812474,17.170987536967086,24.851457952812474,9.37459043661834,9.779351065017142,9.37459043661834,9.779351065017142,96,101,96,101,-1,4,-1,4,-1,4,-1,4,96,101,96,101,-0.12559434494898453,,,,,,,,
1787122200,17.979878956058535,18.01,17.96,17.9925,18.879562193754424,18.054523809523772,18.270220588235354,17.979878956058535,18.01,17.96,17.9925,,,,16.42358250383877,23.64747574581623,16.42358250383877,23.64747574581623,9.169027314033867,9.474189189525504,9.169027314033867,9.474189189525504,96,101,96,101,-1,4,-1,4,-1,4,-1,4,96,101,96,101,-0.1278232093252475,,,,,,,,
1787189400,17.986189478029267,18.85,17.986189478029267,18.615000000000002,18.876929734115077,18.07369047619044,18.26808823529418,17.986189478029267,18.85,17.986189478029267,18.615000000000002,,,,19.34454612290256,23.032771513971422,19.34454612290256,23.032771513971422,15.229943753880374,12.352066471702939,15.229943753880374,12.352066471702939,96,101,96,101,-1,4,-1,4,-1,4,-1,4,96,101,96,101,-0.0018882713277117297,,,,,,,,
1787190000,18.300594739014635,18.87,18.300594739014635,18.7325,18.87549262233284,18.10119047619044,18.270073529411825,18.300594739014635,18.87,18.300594739014635,18.7325,,,,22.739215592637173,22.990834953780816,22.739215592637173,22.990834953780816,23.028286039494713,17.690176255598825,23.028286039494713,17.690176255598825,96,101,96,101,-1,4,-1,4,-1,4,-1,4,96,101,96,101,0.15353534320209353,,,,,,,,
1787190600,18.516547369507318,18.78,18.516547369507318,18.745,18.874194188279777,18.127857142857106,18.272132352941235,18.516547369507318,18.78,18.516547369507318,18.745,,,,25.96399868329085,23.415572629425103,25.96399868329085,23.415572629425103,30.793301845383212,24.24173905049102,30.793301845383212,24.24173905049102,96,101,96,101,-1,4,-1,4,-1,4,-1,4,96,101,96,101,0.2110576647913458,,,,,,,,
1787191200,18.63077368475366,18.87,18.63077368475366,18.745,18.872908673968535,18.154999999999966,18.27375000000006,18.63077368475366,18.87,18.63077368475366,18.745,,,,28.95844012461212,24.207410843023247,28.95844012461212,24.207410843023247,38.38703448163133,31.314386766061176,38.38703448163133,31.314386766061176,96,101,96,101,-1,4,-1,4,-1,4,-1,4,96,101,96,101,0.22212003662035623,,,,,0.22212003662035623,,0.22212003662035623,
1787191800,18.68788684237683,18.69,18.54,18.615000000000002,18.870342418506162,18.176547619047582,18.271911764705948,18.68788684237683,18.69,18.54,18.615000000000002,,,,30.984056770763527,25.175503118414717,30.984056770763527,25.175503118414717,43.500777250461134,37.40758200826116,43.500777250461134,37.40758200826116,96,101,96,101,-1,4,-1,4,-1,4,-1,4,96,101,96,101,0.20980856398051806,,,,,,,,
1787192400,18.651443421188418,18.651443421188418,18.45,18.5275,18.86693105115784,18.194523809523773,18.267426470588298,18.651443421188418,18.651443421188418,18.45,18.5275,,,,32.35685643231758,26.201410734686554,32.35685643231758,26.201410734686554,46.88251258397944,42.145047296120296,46.88251258397944,42.145047296120296,96,101,96,101,-1,4,-1,4,-1,4,-1,4,96,101,96,101,0.1750773987550715,,,,,,,,
1787193000,18.58947171059421,18.58947171059421,18.42,18.505,18.863329747166222,18.214047619047584,18.259411764705945,18.58947171059421,18.58947171059421,18.42,18.505,,,,33.50093695428327,27.24420019462894,33.50093695428327,27.24420019462894,49.195153411270816,45.67010035369556,49.195153411270816,45.67010035369556,96,101,96,101,-1,4,-1,4,-1,4,-1,4,96,101,96,101,0.14907543903363515,,,,,,,,
1787193600,18.547235855297103,18.547235855297103,18.46,18.497500000000002,18.859689650179494,18.235595238095204,18.248897058823587,18.547235855297103,18.547235855297103,18.46,18.497500000000002,,,,34.51974343199708,28.28356351425296,34.51974343199708,28.28356351425296,51.09427349119106,48.38218692244331,51.09427349119106,48.38218692244331,96,101,96,101,-1,4,-1,4,-1,4,-1,4,96,101,96,101,0.1347588099790818,,,,,,,,
1787194200,18.522367927648553,18.56,18.49,18.5175,18.856284778038404,18.257976190476153,18.23933823529418,18.522367927648553,18.56,18.49,18.5175,,,,35.58192203702863,29.32618616036377,35.58192203702863,29.32618616036377,52.894400872355845,50.63829389739958,52.894400872355845,50.63829389739958,96,101,96,101,-1,4,-1,4,-1,4,-1,4,96,101,96,101,0.131286157868658,,,,,,,,
1787194800,18.519933963824275,18.53,18.42,18.4675,18.85241627278429,18.279523809523774,18.228602941176533,18.519933963824275,18.53,18.42,18.4675,,,,36.2778706952432,30.319283951060832,36.2778706952432,30.319283951060832,53.83488516387727,52.236589530638426,53.83488516387727,52.236589530638426,96,101,96,101,-1,4,-1,4,-1,4,-1,4,96,101,96,101,0.12558920730707532,,,,,,,,
1787195400,18.493716981912137,18.493716981912137,18.28,18.355,18.847466857134695,18.29904761904758,18.2324264705883,18.493716981912137,18.493716981912137,18.28,18.355,,,,36.27079863048425,31.169500333835604,36.27079863048425,31.169500333835604,53.36869312803844,52.80264132933843,53.36869312803844,52.80264132933843,96,101,96,101,-1,4,-1,4,-1,4,-1,4,96,101,96,101,0.09561006887905743,,,,,,,,
1787196000,18.424358490956067,18.424358490956067,18.27,18.3475,18.84249206253634,18.316547619047583,18.236176470588298,18.424358490956067,18.424358490956067,18.27,18.3475,,,,36.32827468371737,31.906468098104426,36.32827468371737,31.906468098104426,52.481847032104774,52.642244180721605,52.481847032104774,52.642244180721605,96,101,96,101,-1,4,-1,4,-1,4,-1,4,96,101,96,101,0.06338386489540149,,,,,,,,
1787202000,18.38592924547803,18.42,18.33,18.3825,18.83791502708822,18.333928571428537,18.241102941176536,18.38592924547803,18.42,18.33,18.3825,,,,36.840380714118986,32.61131275753508,36.840380714118986,32.61131275753508,51.98125354382205,52.31174886227183,51.98125354382205,52.31174886227183,96,101,96,101,-1,4,-1,4,-1,4,-1,4,96,101,96,101,0.0579028057006107,,,,,,,,
1787202600,18.384214622739016,18.384214622739016,18.25,18.3125,18.832687016868434,18.34749999999996,18.24404411764712,18.384214622739016,18.384214622739016,18.25,18.3125,,,,37.0466614179923,33.244933994743256,37.0466614179923,33.244933994743256,50.785804363389275,51.54877661283055,50.785804363389275,51.54877661283055,96,101,96,101,-1,4,-1,4,-1,4,-1,4,96,101,96,101,0.051427860749438156,,,,,,,,
1787203200,18.348357311369508,18.348357311369508,18.18,18.2325,18.82671500675034,18.358452380952343,18.24632352941183,18.348357311369508,18.348357311369508,18.18,18.2325,,,,36.77528722245089,33.74927017013006,36.77528722245089,33.74927017013006,48.86317345058077,50.20597503170566,48.86317345058077,50.20597503170566,96,101,96,101,-1,4,-1,4,-1,4,-1,4,96,101,96,101,0.021748370255809717,,,,,,,,
1787203800,18.290428655684757,18.290428655684757,18.13,18.174999999999997,18.820230280315013,18.367619047619012,18.24602941176477,18.290428655684757,18.290428655684757,18.13,18.174999999999997,,,,36.099880108623374,34.08507158991482,36.099880108623374,34.08507158991482,46.37931924147851,48.29264713659209,46.37931924147851,48.29264713659209,96,101,96,101,-1,4,-1,4,-1,4,-1,4,96,101,96,101,-0.0027494085696290645,,,,,,,,
1787204400,18.232714327842377,18.24,18.16,18.1975,18.814033959117847,18.377380952380914,18.24669117647065,18.232714327842377,18.24,18.16,18.1975,,,,35.63840119070257,34.30697581859879,35.63840119070257,34.30697581859879,44.15166151603626,46.222154326314175,44.15166151603626,46.222154326314175,96,101,96,101,-1,4,-1,4,-1,4,-1,4,96,101,96,101,-0.012528865963752085,-0.012528865963752085,,-0.012528865963752085,,,,,
1787205000,18.21510716392119,18.23,18.16,18.1975,18.807899292857968,18.385833333333295,18.247720588235357,18.21510716392119,18.23,18.16,18.1975,,,,35.20988505263325,34.43596285203228,35.20988505263325,34.43596285203228,42.160076430177455,44.19111537824581,42.160076430177455,44.19111537824581,96,101,96,101,-1,4,-1,4,-1,4,-1,4,96,101,96,101,-0.008066762974089287,,,,,,,,
1787205600,18.206303581960597,18.21,18.13,18.17,18.801552036212616,18.395238095238057,18.248308823529474,18.206303581960597,18.21,18.13,18.17,,,,34.60947352825519,34.4607500914927,34.60947352825519,34.4607500914927,40.11430236265387,42.15270887044984,40.11430236265387,42.15270887044984,96,101,96,101,-1,4,-1,4,-1,4,-1,4,96,101,96,101,-0.004313552005726125,,,,,,,,
1787206200,18.1881517909803,18.23,18.17,18.185000000000002,18.795417190081146,18.40547619047615,18.250955882353004,18.1881517909803,18.23,18.17,18.185000000000002,,,,34.162405095088225,34.41812937772063,34.162405095088225,34.41812937772063,38.57461568876375,40.3636622796068,38.57461568876375,40.3636622796068,96,101,96,101,-1,4,-1,4,-1,4,-1,4,96,101,96,101,-0.004289428293566943,,,,,,,,
1787206800,18.18657589549015,18.19,18.16,18.1775,18.789268760329094,18.414285714285676,18.254852941176537,18.18657589549015,18.19,18.16,18.1775,,,,33.692041844555405,34.314402587268454,33.692041844555405,34.314402587268454,37.05674170789911,38.71020199375295,37.05674170789911,38.71020199375295,96,101,96,101,-1,4,-1,4,-1,4,-1,4,96,101,96,101,-0.006402172567271201,,,,,,,,
1787207400,18.182037947745073,18.28,18.18,18.2225,18.783629270176565,18.3955952380952,18.26000000000007,18.182037947745073,18.28,18.18,18.2225,,,,33.586645630327226,34.21043730770542,33.586645630327226,34.21043730770542,36.33743916553577,37.523820579644365,36.33743916553577,37.523820579644365,96,101,96,101,-1,4,-1,4,-1,4,-1,4,96,101,96,101,-0.003966541476197939,,,,,,,,
1787208000,18.202268973872535,18.29,18.202268973872535,18.2575,18.77839415306038,18.372976190476155,18.267132352941246,18.202268973872535,18.29,18.202268973872535,18.2575,,,,33.74650967587823,34.1441619317301,33.74650967587823,34.1441619317301,36.08547746255761,36.804649021100985,36.08547746255761,36.804649021100985,96,101,96,101,-1,4,-1,4,-1,4,-1,4,96,101,96,101,0.0058504280100222985,,,,,,,,
1787208600,18.229884486936268,18.27,18.229884486936268,18.255,18.773186251039878,18.349642857142822,18.27625000000007,18.229884486936268,18.27,18.229884486936268,18.255,,,,33.876545435406804,34.105931003683914,33.876545435406804,34.105931003683914,35.862045265267554,36.33334714318427,35.862045265267554,36.33334714318427,96,101,96,101,-1,4,-1,4,-1,4,-1,4,96,101,96,101,0.012268916902435173,,,,,,,,
1787275800,18.242442243468133,18.41,18.2,18.345,18.76892569132804,18.330595238095203,18.286985294117713,18.242442243468133,18.41,18.2,18.345,,,,34.66003224893076,34.185088324433465,34.66003224893076,34.185088324433465,36.58082750096054,36.457087322072404,36.58082750096054,36.457087322072404,96,101,96,101,-1,4,-1,4,-1,4,-1,4,96,101,96,101,0.05195447513943964,,,,,,,,
1787276400,18.293721121734066,18.49,18.293721121734066,18.4275,18.765528420767563,18.321666666666633,18.299044117647128,18.293721121734066,18.49,18.293721121734066,18.4275,,,,35.99506676428695,34.44365667298396,35.99506676428695,34.44365667298396,38.36985889095301,37.41347310651271,38.36985889095301,37.41347310651271,96,101,96,101,-1,4,-1,4,-1,4,-1,4,96,101,96,101,0.09512104575145103,,,,,,,,
1787277000,18.36061056086703,18.53,18.35,18.470000000000002,18.76258783946639,18.31892857142854,18.312058823529476,18.36061056086703,18.53,18.35,18.470000000000002,,,,37.54770190704409,34.887091706421124,37.54770190704409,34.887091706421124,40.64968524748463,39.031579176998676,40.64968524748463,39.031579176998676,96,101,96,101,-1,4,-1,4,-1,4,-1,4,96,101,96,101,0.11289492838158766,,,,,,,,
1787277600,18.415305280433515,18.52,18.36,18.47,18.759676517680656,18.317261904761875,18.325808823529474,18.415305280433515,18.52,18.36,18.47,,,,38.98943453960427,35.47314068259014,38.98943453960427,35.47314068259014,42.76831752170415,40.89994834935141,42.76831752170415,40.89994834935141,96,101,96,101,-1,4,-1,4,-1,4,-1,4,96,101,96,101,0.11751019218375583,,,,,,,,
1787278200,18.442652640216757,18.56,18.41,18.5025,18.757117547355477,18.317499999999967,18.341102941176533,18.442652640216757,18.56,18.41,18.5025,,,,40.567508802975695,36.200907556930936,40.567508802975695,36.200907556930936,45.132701154593754,43.01632475197258,45.132701154593754,43.01632475197258,96,101,96,101,-1,4,-1,4,-1,4,-1,4,96,101,96,101,0.12279690962230136,,,,,,,,
1787278800,18.47257632010838,18.65,18.47257632010838,18.599999999999998,18.755554188675323,18.32142857142854,18.35897058823536,18.47257632010838,18.65,18.47257632010838,18.599999999999998,,,,42.75083107551718,37.13661091672897,42.75083107551718,37.13661091672897,48.29465404293519,45.65548939745389,48.29465404293519,45.65548939745389,96,101,96,101,-1,4,-1,4,-1,4,-1,4,96,101,96,101,0.1524532786906834,,,,,,,,
1787279400,18.53628816005419,18.7,18.53628816005419,18.645,18.75445414699696,18.329880952380922,18.377352941176536,18.53628816005419,18.7,18.53628816005419,18.645,,,,45.10957141842943,38.27560527411475,45.10957141842943,38.27560527411475,51.80918111983427,48.732335258644085,51.80918111983427,48.732335258644085,96,101,96,101,-1,4,-1,4,-1,4,-1,4,96,101,96,101,0.19171192946435311,,,,,,,,
1787280000,18.590644080027097,18.67,18.590644080027097,18.645,18.75336505100694,18.343690476190446,18.397132352941238,18.590644080027097,18.67,18.590644080027097,18.645,,,,47.29983030827652,39.564780278995,47.29983030827652,39.564780278995,55.058360238216366,51.895347748430225,55.058360238216366,51.895347748430225,96,101,96,101,-1,4,-1,4,-1,4,-1,4,96,101,96,101,0.2084342746284047,,,,,0.2084342746284047,,0.2084342746284047,
1787280600,18.61782204001355,18.72,18.61,18.6475,18.752311667414833,18.35797619047616,18.417058823529477,18.61782204001355,18.72,18.61,18.6475,,,,49.352051560189025,40.96296189059415,49.352051560189025,40.96296189059415,58.00236855587632,54.94885815215328,58.00236855587632,54.94885815215328,96,101,96,101,-1,4,-1,4,-1,4,-1,4,96,101,96,101,0.19993336403762896,,,,,,,,
1787281200,18.632661020006775,18.66,18.6,18.630000000000003,18.75109463589827,18.369761904761873,18.435808823529474,18.632661020006775,18.66,18.6,18.630000000000003,,,,51.1840478773184,42.42311703155475,51.1840478773184,42.42311703155475,60.131326652804795,57.54009240247903,60.131326652804795,57.54009240247903,96,101,96,101,-1,4,-1,4,-1,4,-1,4,96,101,96,101,0.18650929173102654,,,,,,,,
1787281800,18.631330510003387,18.64,18.57,18.61,18.749690709172913,18.38392857142854,18.435661764705944,18.631330510003387,18.64,18.57,18.61,,,,52.736377790843264,43.8964399971674,52.736377790843264,43.8964399971674,60.851293540255035,59.19569297136704,60.851293540255035,59.19569297136704,96,101,96,101,-1,4,-1,4,-1,4,-1,4,96,101,96,101,0.17535831085068235,,,,,,,,
1787282400,18.620665255001693,18.620665255001693,18.54,18.58,18.748002244405022,18.40047619047616,18.4311764705883,18.620665255001693,18.620665255001693,18.54,18.58,,,,53.954612710544914,45.333321813364186,53.954612710544914,45.333321813364186,61.00508755189197,60.1003902616295,61.00508755189197,60.1003902616295,96,101,96,101,-1,4,-1,4,-1,4,-1,4,96,101,96,101,0.15972887540530056,,,,,,,,
1787288400,18.600332627500848,18.62,18.43,18.509999999999998,18.745634062868653,18.416428571428543,18.42426470588242,18.600332627500848,18.62,18.43,18.509999999999998,,,,54.56499751693455,46.652132628159954,54.56499751693455,46.652132628159954,60.09058711977166,60.09548869070058,60.09058711977166,60.09548869070058,96,101,96,101,-1,4,-1,4,-1,4,-1,4,96,101,96,101,0.14087240442339577,,,,,,,,
1787289000,18.555166313750423,18.555166313750423,18.4,18.43,18.742493425427174,18.42749999999997,18.415000000000063,18.555166313750423,18.555166313750423,18.4,18.43,,,,54.536545313343986,47.77847729747196,54.536545313343986,47.77847729747196,59.8371261389851,59.96630741484284,59.8371261389851,59.96630741484284,96,101,96,101,-1,4,-1,4,-1,4,-1,4,96,101,96,101,0.10409814035001563,,,,,,,,
1787289600,18.492583156875213,18.492583156875213,18.39,18.4225,18.73930941124382,18.438214285714253,18.409338235294182,18.492583156875213,18.492583156875213,18.39,18.4225,,,,54.454321838581315,48.7321693747733,54.454321838581315,48.7321693747733,58.892676224459066,59.42949181965095,58.892676224459066,59.42949181965095,96,101,96,101,-1,4,-1,4,-1,4,-1,4,96,101,96,101,0.06820823269605891,,,,,,,,
1787290200,18.457541578437606,18.5,18.39,18.4325,18.736256581281197,18.450714285714255,18.406544117647126,18.457541578437606,18.5,18.39,18.4325,,,,54.45237623106361,49.54934178281478,54.45237623106361,49.54934178281478,58.04622406860462,58.73785794412778,58.04622406860462,58.73785794412778,96,101,96,101,-1,4,-1,4,-1,4,-1,4,96,101,96,101,0.0557418822872134,,,,,,,,
1787290800,18.445020789218802,18.49,18.4,18.445,18.733358505845562,18.463095238095207,18.40477941176477,18.445020789218802,18.49,18.4,18.445,,,,54.543575547892395,50.26280374925443,54.543575547892395,50.26280374925443,57.38112566276917,58.05949180344848,57.38112566276917,58.05949180344848,96,101,96,101,-1,4,-1,4,-1,4,-1,4,96,101,96,101,0.05417529146735951,0.05417529146735951,,0.05417529146735951,,,,,
1787291400,18.4450103946094,18.56,18.44,18.509999999999998,18.73113603315058,18.47892857142854,18.405147058823594,18.4450103946094,18.56,18.44,18.509999999999998,,,,55.11189158018578,50.95553058224463,55.11189158018578,50.95553058224463,57.97321858072419,58.01635519208634,57.97321858072419,58.01635519208634,96,101,96,101,-1,4,-1,4,-1,4,-1,4,96,101,96,101,0.0696250340130243,,,,,,,,
1787292000,18.4775051973047,18.55,18.4775051973047,18.525,18.729084928343113,18.4933333333333,18.40536764705889,18.4775051973047,18.55,18.4775051973047,18.525,,,,55.751220753029635,51.64062917807106,55.751220753029635,51.64062917807106,58.916562147203905,58.46645866964512,58.916562147203905,58.46645866964512,96,101,96,101,-1,4,-1,4,-1,4,-1,4,96,101,96,101,0.08616981493451872,,,,,,,,
1787292600,18.50125259865235,18.59,18.50125259865235,18.555,18.72735274000139,18.50749999999997,18.40794117647065,18.50125259865235,18.59,18.50125259865235,18.555,,,,56.56809784209894,52.34455327293218,56.56809784209894,52.34455327293218,60.43940289278357,59.45293078121435,60.43940289278357,59.45293078121435,96,101,96,101,-1,4,-1,4,-1,4,-1,4,96,101,96,101,0.09102478096478252,,,,,,,,
1787293200,18.528126299326175,18.59,18.528126299326175,18.57,18.725787041095902,18.52249999999997,18.414264705882417,18.528126299326175,18.59,18.528126299326175,18.57,,,,57.43823371052044,53.07222190687336,57.43823371052044,53.07222190687336,62.15025138341427,60.80159108231431,62.15025138341427,60.80159108231431,96,101,96,101,-1,4,-1,4,-1,4,-1,4,96,101,96,101,0.08671645213831582,,,,,,,,
1787293800,18.549063149663088,18.69,18.549063149663088,18.625,18.724784184965596,18.535833333333304,18.422426470588302,18.549063149663088,18.69,18.549063149663088,18.625,,,,58.655443207388025,53.86982494980403,58.655443207388025,53.86982494980403,64.83642031084989,62.819005696582096,64.83642031084989,62.819005696582096,96,101,96,101,-1,4,-1,4,-1,4,-1,4,96,101,96,101,0.09006502297141944,,,,,,,,
1787294400,18.587031574831542,18.66,18.587031574831542,18.64,18.723940561234595,18.54595238095235,18.430000000000064,18.587031574831542,18.66,18.587031574831542,18.64,,,,59.89731631162221,54.73089514434948,59.89731631162221,54.73089514434948,67.50658375149406,65.16279472403808,67.50658375149406,65.16279472403808,96,101,96,101,-1,4,-1,4,-1,4,-1,4,96,101,96,101,0.10424244008423458,,,,,,,,
1787295000,18.61351578741577,18.65,18.61351578741577,18.630000000000003,18.723005829282013,18.553571428571395,18.43933823529418,18.61351578741577,18.65,18.61351578741577,18.630000000000003,,,,60.97607943222064,55.62306432833107,60.97607943222064,55.62306432833107,69.90652251257148,67.53465861830477,69.90652251257148,67.53465861830477,96,101,96,101,-1,4,-1,4,-1,4,-1,4,96,101,96,101,0.10814554991103852,,,,,,,,
1787535000,18.621757893707887,19.34,18.621757893707887,19.1325,18.727080398144878,18.585119047619017,18.46580882352948,18.621757893707887,19.34,18.621757893707887,19.1325,,,,62.72703879345563,56.637917823348864,62.72703879345563,56.637917823348864,69.8337271770466,68.68419289767569,69.8337271770466,68.68419289767569,96,101,96,101,-1,4,-1,4,-1,4,-1,4,96,101,96,101,0.21561729641439517,,,,,,,,
1787535600,18.877128946853944,19.17,18.877128946853944,19.0725,18.73051740910861,18.612261904761873,18.49220588235301,18.877128946853944,19.17,18.877128946853944,19.0725,,,,64.04381972470779,57.69590380925729,64.04381972470779,57.69590380925729,70.29256401174928,69.48837845471249,70.29256401174928,69.48837845471249,96,101,96,101,-1,4,-1,4,-1,4,-1,4,96,101,96,101,0.3311422461856894,,,,,,,,
1787536200,18.974814473426974,19.19,18.974814473426974,19.072499999999998,18.733920220958275,18.634761904761874,18.517941176470657,18.974814473426974,19.19,18.974814473426974,19.072499999999998,,,,65.26654487515621,58.77742396152856,65.26654487515621,58.77742396152856,71.19440302979675,70.34139074225462,71.19440302979675,70.34139074225462,96,101,96,101,-1,4,-1,4,-1,4,-1,4,96,101,96,101,0.3561553419789227,,,,,,,,
1787536800,19.023657236713486,19.24,19.023657236713486,19.134999999999998,18.73791106453083,18.658095238095207,18.545514705882425,19.023657236713486,19.24,19.023657236713486,19.134999999999998,,,,66.71631883276577,59.91155180027673,66.71631883276577,59.91155180027673,72.61129344331334,71.47634209278398,72.61129344331334,71.47634209278398,96,101,96,101,-1,4,-1,4,-1,4,-1,4,96,101,96,101,0.3564600171821379,,,,,,,,
1787537400,19.07932861835674,19.29,19.07932861835674,19.2525,18.743031352445946,18.687023809523776,18.577352941176542,19.07932861835674,19.29,19.07932861835674,19.2525,,,,68.65358378535494,61.160413512430765,68.65358378535494,61.160413512430765,74.7168404737201,73.09659128325204,74.7168404737201,73.09659128325204,96,101,96,101,-1,4,-1,4,-1,4,-1,4,96,101,96,101,0.3786832844554208,,,,,,,,
1787538000,19.16591430917837,19.27,19.12,19.207500000000003,18.747652931028576,18.713690476190443,18.607426470588308,19.16591430917837,19.27,19.12,19.207500000000003,,,,70.22611452100867,62.455513656513325,70.22611452100867,62.455513656513325,76.56337975030335,74.8299855167777,76.56337975030335,74.8299855167777,96,101,96,101,-1,4,-1,4,-1,4,-1,4,96,101,96,101,0.39496477846704,,,,,0.39496477846704,,0.39496477846704,
1787538600,19.186707154589186,19.19,18.95,19.075000000000003,18.75091011579446,18.73488095238092,18.63382352941184,19.186707154589186,19.19,18.95,19.075000000000003,,,,71.01982263872335,63.67898636825761,71.01982263872335,63.67898636825761,76.89843179235162,75.86420865456466,76.89843179235162,75.86420865456466,96,101,96,101,-1,4,-1,4,-1,4,-1,4,96,101,96,101,0.3667715926027063,,,,,,,,
1787539200,19.130853577294594,19.130853577294594,18.87,18.9375,18.7527667315577,18.75047619047616,18.65485294117654,19.130853577294594,19.130853577294594,18.87,18.9375,,,,71.06518742006202,64.73415794708681,71.06518742006202,64.73415794708681,75.95481410419407,75.90951137937937,75.95481410419407,75.90951137937937,96,101,96,101,-1,4,-1,4,-1,4,-1,4,96,101,96,101,0.3131424483820796,,,,,,,,
1787539800,19.034176788647297,19.034176788647297,18.87,18.9075,18.754306366069564,18.766071428571397,18.673970588235363,19.034176788647297,19.034176788647297,18.87,18.9075,,,,70.95640642728092,65.62305058711453,70.95640642728092,65.62305058711453,74.51102757125055,75.21026947531496,74.51102757125055,75.21026947531496,96,101,96,101,-1,4,-1,4,-1,4,-1,4,96,101,96,101,0.2757209097759653,,,,,,,,
1787540400,18.97083839432365,19,18.89,18.945,18.7562038151634,18.786785714285685,18.694264705882425,18.97083839432365,19,18.89,18.945,,,,71.04402729615724,66.39747583126349,71.04402729615724,66.39747583126349,73.2671925405798,74.23873100794738,73.2671925405798,74.23873100794738,96,101,96,101,-1,4,-1,4,-1,4,-1,4,96,101,96,101,0.26817065421778463,,,,,,,,
1787541000,18.957919197161825,19.06,18.91,18.9725,18.758356016007543,18.812619047619016,18.712720588235364,18.957919197161825,19.06,18.91,18.9725,,,,71.21013714767396,67.084998876465,71.21013714767396,67.084998876465,72.09683477715215,73.16778289254977,72.09683477715215,73.16778289254977,96,101,96,101,-1,4,-1,4,-1,4,-1,4,96,101,96,101,0.2667452281705641,,,,,,,,
1787541600,18.965209598580913,18.98,18.91,18.9525,18.76028779694279,18.83785714285711,18.728161764705952,18.965209598580913,18.98,18.91,18.9525,,,,71.2220621787466,67.67600791964809,71.2220621787466,67.67600791964809,70.48476054082282,71.82627171668629,70.48476054082282,71.82627171668629,96,101,96,101,-1,4,-1,4,-1,4,-1,4,96,101,96,101,0.26125723806635426,,,,,,,,
1787547600,18.958854799290457,18.98,18.88,18.939999999999998,18.762075978067738,18.86202380952378,18.741985294117715,18.958854799290457,18.98,18.88,18.939999999999998,,,,70.91635407743115,68.1389145136171,70.91635407743115,68.1389145136171,68.86698075303892,70.34662623486261,68.86698075303892,70.34662623486261,96,101,96,101,-1,4,-1,4,-1,4,-1,4,96,101,96,101,0.2553484759138872,,,,,,,,
1787548200,18.949427399645227,18.949427399645227,18.87,18.8975,18.763423480773533,18.8835714285714,18.75455882352948,18.949427399645227,18.949427399645227,18.87,18.8975,,,,70.38159679090863,68.45929769608732,70.38159679090863,68.45929769608732,66.89005808693702,68.61834216089981,66.89005808693702,68.61834216089981,96,101,96,101,-1,4,-1,4,-1,4,-1,4,96,101,96,101,0.24580740806917,,,,,,,,
1787548800,18.923463699822612,18.923463699822612,18.76,18.825,18.764036182457378,18.898571428571397,18.764044117647128,18.923463699822612,18.923463699822612,18.76,18.825,,,,69.45705534362413,68.60183450287829,69.45705534362413,68.60183450287829,64.27246302081889,66.44540259085935,64.27246302081889,66.44540259085935,96,101,96,101,-1,4,-1,4,-1,4,-1,4,96,101,96,101,0.2209655415413575,,,,,,,,
1787549400,18.874231849911304,18.874231849911304,18.73,18.792500000000004,18.764319404522478,18.911309523809496,18.76970588235301,18.874231849911304,18.874231849911304,18.73,18.792500000000004,,,,68.40669897020119,68.57395799821013,68.40669897020119,68.57395799821013,61.44696439325116,63.946183492055255,61.44696439325116,63.946183492055255,96,101,96,101,-1,4,-1,4,-1,4,-1,4,96,101,96,101,0.19526715710132214,,,,,,,,
1787550000,18.833365924955654,18.87,18.81,18.83,18.764972942785935,18.924404761904732,18.775147058823595,18.833365924955654,18.87,18.81,18.83,,,,67.65273759157405,68.44235508297642,67.65273759157405,68.44235508297642,59.35564143468343,61.65091246336934,59.35564143468343,61.65091246336934,96,101,96,101,-1,4,-1,4,-1,4,-1,4,96,101,96,101,0.1949644729757552,,,,,,,,
1787550600,18.831682962477828,18.831682962477828,18.77,18.807499999999997,18.765396097584084,18.935714285714255,18.779926470588304,18.831682962477828,18.831682962477828,18.77,18.807499999999997,,,,66.81980887340376,68.21056276732318,66.81980887340376,68.21056276732318,57.187139049144136,59.41902575625674,57.187139049144136,59.41902575625674,96,101,96,101,-1,4,-1,4,-1,4,-1,4,96,101,96,101,0.19394157280163474,,,,,,,,
1787551200,18.819591481238913,18.99,18.8,18.8925,18.76666081303101,18.948452380952354,18.787132352941246,18.819591481238913,18.99,18.8,18.8925,,,,66.54814601999061,67.97307466056138,66.54814601999061,67.97307466056138,56.36970258720298,57.89436417172986,56.36970258720298,57.89436417172986,96,101,96,101,-1,4,-1,4,-1,4,-1,4,96,101,96,101,0.19109798816357032,,,,,,,,
1787551800,18.856045740619457,19.14,18.856045740619457,19.04,18.769380605936174,18.96749999999997,18.799191176470657,18.856045740619457,19.14,18.856045740619457,19.04,,,,67.16660784500898,67.85786511548245,67.16660784500898,67.85786511548245,57.28558411606547,57.58997414389766,57.28558411606547,57.58997414389766,96,101,96,101,-1,4,-1,4,-1,4,-1,4,96,101,96,101,0.21854022469585027,,,,,,,,
1787552400,18.948022870309728,19.13,18.91,19.0225,18.77189920687213,18.986190476190444,18.81132352941183,18.948022870309728,19.13,18.91,19.0225,,,,67.63758804025923,67.82639696187913,67.63758804025923,67.82639696187913,58.37417847635606,57.98207631012686,58.37417847635606,57.98207631012686,96,101,96,101,-1,4,-1,4,-1,4,-1,4,96,101,96,101,0.24091833841585825,,,,,0.24091833841585825,,0.24091833841585825,
1787553000,18.985261435154865,19,18.89,18.947499999999998,18.773646478445542,18.977380952380923,18.82213235294124,18.985261435154865,19,18.89,18.947499999999998,,,,67.63218771388888,67.7986527835948,67.63218771388888,67.7986527835948,58.51699940125214,58.249537855689496,58.51699940125214,58.249537855689496,96,101,96,101,-1,4,-1,4,-1,4,-1,4,96,101,96,101,0.2206562771390287,,,,,,,,
1787553600,18.96638071757743,18.99,18.91,18.96,18.775500742341606,18.97202380952378,18.835367647058888,18.96638071757743,18.99,18.91,18.96,,,,67.70096297163354,67.78469709617177,67.70096297163354,67.78469709617177,58.68789638175726,58.468717118723376,58.68789638175726,58.468717118723376,96,101,96,101,-1,4,-1,4,-1,4,-1,4,96,101,96,101,0.18771945571643148,,,,,,,,
1787554200,18.963190358788715,19,18.963190358788715,18.985,18.77758531206955,18.967857142857113,18.851691176470652,18.963190358788715,19,18.963190358788715,18.985,,,,67.9124054040021,67.80294114014752,67.9124054040021,67.80294114014752,59.16520657557371,58.81696184714855,59.16520657557371,58.81696184714855,96,101,96,101,-1,4,-1,4,-1,4,-1,4,96,101,96,101,0.1709657736565624,,,,,,,,
1787621400,18.974095179394357,18.974095179394357,18.58,18.7375,18.777186453242987,18.948928571428546,18.860955882353004,18.974095179394357,18.974095179394357,18.58,18.7375,,,,66.64770584444824,67.6379075264762,66.64770584444824,67.6379075264762,56.88804280549539,57.85250232632197,56.88804280549539,57.85250232632197,96,101,96,101,-1,4,-1,4,-1,4,-1,4,96,101,96,101,0.1289767327307962,,,,,,,,
1787622000,18.85579758969718,18.85579758969718,18.49,18.592499999999998,18.775348777091317,18.917499999999972,18.865661764705948,18.85579758969718,18.85579758969718,18.49,18.592499999999998,,,,64.61737974812105,67.20640355813974,64.61737974812105,67.20640355813974,52.97575456092418,55.41412844362307,52.97575456092418,55.41412844362307,96,101,96,101,-1,4,-1,4,-1,4,-1,4,96,101,96,101,0.05979585919116452,,,,,,,,
1787622600,18.72414879484859,18.72414879484859,18.39,18.485,18.772459734533193,18.883095238095212,18.86683823529418,18.72414879484859,18.72414879484859,18.39,18.485,,,,62.09748426434145,66.47655794473998,62.09748426434145,66.47655794473998,47.9891357580769,51.701632100849984,47.9891357580769,51.701632100849984,96,101,96,101,-1,4,-1,4,-1,4,-1,4,96,101,96,101,-0.019920309706977446,,,,,,,,
1787623200,18.604574397424294,18.604574397424294,18.34,18.42,18.76895267249804,18.851904761904734,18.86419117647065,18.604574397424294,18.604574397424294,18.34,18.42,,,,59.373874113228524,65.46188882595263,59.373874113228524,65.46188882595263,43.10254149220471,47.40208679652734,43.10254149220471,47.40208679652734,96,101,96,101,-1,4,-1,4,-1,4,-1,4,96,101,96,101,-0.09383664657539115,,,,,,,,
1787623800,18.512287198712148,18.512287198712148,18.3,18.392500000000002,18.765206874761738,18.825952380952355,18.86029411764712,18.512287198712148,18.512287198712148,18.3,18.392500000000002,,,,56.68246988200029,64.20768611967372,56.68246988200029,64.20768611967372,38.61969050272572,43.01088864962653,38.61969050272572,43.01088864962653,96,101,96,101,-1,4,-1,4,-1,4,-1,4,96,101,96,101,-0.14148154371076288,,,,,,,,
1787624400,18.452393599356075,18.5,18.4,18.4325,18.761896358594953,18.803333333333306,18.85669117647065,18.452393599356075,18.5,18.4,18.4325,,,,54.419436319000276,62.809364719577516,54.419436319000276,62.809364719577516,35.0734533961717,39.04217102289911,35.0734533961717,39.04217102289911,96,101,96,101,-1,4,-1,4,-1,4,-1,4,96,101,96,101,-0.15171207732259062,,,,,,,,
1787625000,18.442446799678038,18.442446799678038,18.32,18.369999999999997,18.757996892340277,18.775952380952354,18.850808823529476,18.442446799678038,18.442446799678038,18.32,18.369999999999997,,,,51.803520165463915,61.237101211847005,51.803520165463915,61.237101211847005,31.285195216927587,35.16368311991335,31.285195216927587,35.16368311991335,96,101,96,101,-1,4,-1,4,-1,4,-1,4,96,101,96,101,-0.15600737435512912,,,,,,,,
1787625600,18.406223399839018,18.406223399839018,18.25,18.305,18.753489460575697,18.74416666666664,18.841397058823592,18.406223399839018,18.406223399839018,18.25,18.305,,,,48.98099269601794,59.48622856672857,48.98099269601794,59.48622856672857,27.923212675264402,31.543447897588877,27.923212675264402,31.543447897588877,96,101,96,101,-1,4,-1,4,-1,4,-1,4,96,101,96,101,-0.17320128906439883,,,,,,,,
1787626200,18.355611699919507,18.355611699919507,18.19,18.2325,18.748305485843602,18.709880952380924,18.82941176470595,18.355611699919507,18.355611699919507,18.19,18.2325,,,,45.80562622265707,57.53185680328978,45.80562622265707,57.53185680328978,24.968277696410503,28.25586279699969,24.968277696410503,28.25586279699969,96,101,96,101,-1,4,-1,4,-1,4,-1,4,96,101,96,101,-0.19771864267644956,,,,,,,,
1787626800,18.294055849959754,18.31,18.2,18.255,18.743396973546652,18.677261904761878,18.81838235294124,18.294055849959754,18.31,18.2,18.255,,,,42.93752248625608,55.44695190085639,42.93752248625608,55.44695190085639,22.305867466388474,25.280865131694082,22.305867466388474,25.280865131694082,96,101,96,101,-1,4,-1,4,-1,4,-1,4,96,101,96,101,-0.21392040841164062,-0.21392040841164062,,-0.21392040841164062,,,,,
1787627400,18.27452792497988,18.36,18.27452792497988,18.3175,18.73915919271534,18.64964285714283,18.79441176470594,18.27452792497988,18.36,18.27452792497988,18.3175,,,,40.66248206021913,53.33488478076536,40.66248206021913,53.33488478076536,20.66231717887779,22.971591155285935,20.66231717887779,22.971591155285935,96,101,96,101,-1,4,-1,4,-1,4,-1,4,96,101,96,101,-0.20265471365075205,,,,,,,,
1787628000,18.296013962489937,18.34,18.29,18.3075,18.734864076369917,18.62499999999997,18.771911764705948,18.296013962489937,18.34,18.29,18.3075,,,,38.48783272051404,51.2138773435866,38.48783272051404,51.2138773435866,19.24565878316779,21.108624969226863,19.24565878316779,21.108624969226863,96,101,96,101,-1,4,-1,4,-1,4,-1,4,96,101,96,101,-0.19335823502436483,,,,,,,,
1787634000,18.30175698124497,18.5,18.29,18.395,18.731482344266734,18.606071428571404,18.75198529411771,18.30175698124497,18.5,18.29,18.395,,,,37.011993737371725,49.18503682841305,37.011993737371725,49.18503682841305,18.91642696023462,20.01252596473074,18.91642696023462,20.01252596473074,96,101,96,101,-1,4,-1,4,-1,4,-1,4,96,101,96,101,-0.1893934323507066,,,,,,,,
1787634600,18.348378490622487,18.5,18.348378490622487,18.467499999999998,18.72885565427403,18.5888095238095,18.732352941176533,18.348378490622487,18.5,18.348378490622487,18.467499999999998,,,,36.09188238346006,47.314586193419764,36.09188238346006,47.314586193419764,19.28357890421399,19.648052434472365,19.28357890421399,19.648052434472365,96,101,96,101,-1,4,-1,4,-1,4,-1,4,96,101,96,101,-0.1694342510267685,,,,,,,,
1787635200,18.40793924531124,18.49,18.40793924531124,18.4625,18.72620534925638,18.57238095238093,18.709117647058886,18.40793924531124,18.49,18.40793924531124,18.4625,,,,35.2064373684924,45.58485064700157,35.2064373684924,45.58485064700157,19.91734935340689,19.782700893939626,19.91734935340689,19.782700893939626,96,101,96,101,-1,4,-1,4,-1,4,-1,4,96,101,96,101,-0.15328615656047803,,,,,-0.15328615656047803,,-0.15328615656047803,
1787635800,18.43521962265562,18.45,18.38,18.412499999999998,18.72308390299512,18.549523809523784,18.68573529411771,18.43521962265562,18.45,18.38,18.412499999999998,,,,34.07367941981125,43.94039761454581,34.07367941981125,43.94039761454581,20.329784081936214,20.056242487937922,20.329784081936214,20.056242487937922,96,101,96,101,-1,4,-1,4,-1,4,-1,4,96,101,96,101,-0.1579254295182994,,,,,,,,
1787636400,18.42385981132781,18.42385981132781,18.37,18.39,18.719769635303628,18.518571428571402,18.665588235294177,18.42385981132781,18.42385981132781,18.37,18.39,,,,32.88208120038374,42.360638126808375,32.88208120038374,42.360638126808375,20.5765656722028,20.316404080070363,20.5765656722028,20.316404080070363,96,101,96,101,-1,4,-1,4,-1,4,-1,4,96,101,96,101,-0.16687004671743766,,,,,,,,
1787637000,18.406929905663905,18.43,18.38,18.405,18.716637599131452,18.48916666666664,18.649926470588298,18.406929905663905,18.43,18.38,18.405,,,,31.868764841350117,40.861799086028626,31.868764841350117,40.861799086028626,20.87594322478706,20.59617365242871,20.87594322478706,20.59617365242871,96,101,96,101,-1,4,-1,4,-1,4,-1,4,96,101,96,101,-0.1687537284388823,,,,,,,,
1787637600,18.40596495283195,18.47,18.40596495283195,18.442500000000003,18.71390986182666,18.465119047619027,18.63625000000006,18.40596495283195,18.47,18.40596495283195,18.442500000000003,,,,31.160747476905865,39.47593457043966,31.160747476905865,39.47593457043966,21.5536051871525,21.074889419790605,21.5536051871525,21.074889419790605,96,101,96,101,-1,4,-1,4,-1,4,-1,4,96,101,96,101,-0.16256971575185175,,,,,,,,
1787638200,18.424232476415977,18.46,18.39,18.439999999999998,18.711184390564704,18.440357142857117,18.62139705882359,18.424232476415977,18.46,18.39,18.439999999999998,,,,30.4877748310399,38.19191175052541,30.4877748310399,38.19191175052541,22.096270540614828,21.585579980202716,22.096270540614828,21.585579980202716,96,101,96,101,-1,4,-1,4,-1,4,-1,4,96,101,96,101,-0.15809158820000657,,,,,,,,
1787638800,18.43211623820799,18.48,18.43211623820799,18.4625,18.708709919016798,18.415476190476166,18.606397058823593,18.43211623820799,18.48,18.43211623820799,18.4625,,,,30.002623212673683,37.02201338797517,30.002623212673683,37.02201338797517,22.9072769338081,22.246428457005408,22.9072769338081,22.246428457005408,96,101,96,101,-1,4,-1,4,-1,4,-1,4,96,101,96,101,-0.15469300689121507,,,,,,,,
1787639400,18.447308119103994,18.49,18.447308119103994,18.465,18.706284944698222,18.40249999999998,18.59205882352947,18.447308119103994,18.49,18.447308119103994,18.465,,,,29.56765323164419,35.957104794213606,29.56765323164419,35.957104794213606,23.73891778749862,22.992673122252015,23.73891778749862,22.992673122252015,96,101,96,101,-1,4,-1,4,-1,4,-1,4,96,101,96,101,-0.15066528852291503,,,,,,,,
1787640000,18.456154059552,18.46,18.41,18.435,18.703585592014658,18.39499999999998,18.577205882353002,18.456154059552,18.46,18.41,18.435,,,,28.97741713124723,34.96000655664698,28.97741713124723,34.96000655664698,24.095475575907052,23.544074349079533,24.095475575907052,23.544074349079533,96,101,96,101,-1,4,-1,4,-1,4,-1,4,96,101,96,101,-0.15386868564784323,,,,,,,,
1787640600,18.445577029775997,18.445577029775997,18.4,18.42,18.700763844830433,18.39190476190474,18.563161764705942,18.445577029775997,18.445577029775997,18.4,18.42,,,,28.336173050443858,34.01374462718939,28.336173050443858,34.01374462718939,24.205607815595457,23.874841082337497,24.205607815595457,23.874841082337497,96,101,96,101,-1,4,-1,4,-1,4,-1,4,96,101,96,101,-0.16178107981573683,,,,,,,,
1787707800,18.432788514888,18.79,18.432788514888,18.662499999999998,18.700383110056002,18.40345238095236,18.558382352941237,18.432788514888,18.79,18.432788514888,18.662499999999998,,,,29.2469432983935,33.33277300878997,29.2469432983935,33.33277300878997,26.85466242773142,25.364751755034458,26.85466242773142,25.364751755034458,96,101,96,101,-1,4,-1,4,-1,4,-1,4,96,101,96,101,-0.12162027994699678,,,,,,,,
1787708400,18.547644257444,19.06,18.547644257444,18.877499999999998,18.702145467169874,18.4265476190476,18.56088235294124,18.547644257444,19.06,18.547644257444,18.877499999999998,,,,31.42806225534053,33.06067147258291,31.42806225534053,33.06067147258291,31.921405433959297,28.643078594496878,31.921405433959297,28.643078594496878,96,101,96,101,-1,4,-1,4,-1,4,-1,4,96,101,96,101,-0.03652894446548302,,,,,,,,
1787709000,18.712572128721998,19.34,18.712572128721998,19.147499999999997,18.706576855556243,18.460595238095216,18.570220588235355,18.712572128721998,19.34,18.712572128721998,19.147499999999997,,,,35.13040563461743,33.35634778144499,35.13040563461743,33.35634778144499,37.57274318549058,33.10791088999373,37.57274318549058,33.10791088999373,96,101,96,101,-1,4,-1,4,-1,4,-1,4,96,101,96,101,0.07848109564970746,,,,,,,,
1787709600,18.930036064360998,19.49,18.930036064360998,19.35,18.712979075898968,18.507261904761883,18.5861764705883,18.930036064360998,19.49,18.930036064360998,19.35,,,,38.99471732005686,34.16182914410383,38.99471732005686,34.16182914410383,43.41415817816114,38.26103453407744,43.41415817816114,38.26103453407744,96,101,96,101,-1,4,-1,4,-1,4,-1,4,96,101,96,101,0.20192865616172384,,,,,,,,
1787710200,19.1400180321805,19.63,19.1400180321805,19.4875,18.72068575176067,18.563571428571407,18.603676470588294,19.1400180321805,19.63,19.1400180321805,19.4875,,,,42.64539227338614,35.3737667340013,42.64539227338614,35.3737667340013,48.98800078834646,43.624517661211954,48.98800078834646,43.624517661211954,96,101,96,101,-1,4,-1,4,-1,4,-1,4,96,101,96,101,0.2918336742476707,,,,,,,,
1787710800,19.313759016090252,19.57,19.313759016090252,19.5175,18.72861425174315,18.624761904761883,18.617720588235358,19.313759016090252,19.57,19.313759016090252,19.5175,,,,46.18411425385856,36.91810209398091,46.18411425385856,36.91810209398091,54.455028517353554,49.039773089282754,54.455028517353554,49.039773089282754,96,101,96,101,-1,4,-1,4,-1,4,-1,4,96,101,96,101,0.33276771749215084,,,,,,,,
1787711400,19.415629508045125,19.81,19.415629508045125,19.64,18.73768276665118,18.690714285714265,18.63588235294124,19.415629508045125,19.81,19.415629508045125,19.64,,,,49.27854700997625,38.68387993912311,49.27854700997625,38.68387993912311,58.9707281755275,54.00525063240512,58.9707281755275,54.00525063240512,96,101,96,101,-1,4,-1,4,-1,4,-1,4,96,101,96,101,0.350737183924872,,,,,,,,
1787712000,19.527814754022565,19.75,19.527814754022565,19.66,18.74686005255515,18.754642857142834,18.656838235294178,19.527814754022565,19.75,19.527814754022565,19.66,,,,52.24013227645943,40.62048741588544,52.24013227645943,40.62048741588544,63.20176966728661,58.60351014984587,63.20176966728661,58.60351014984587,96,101,96,101,-1,4,-1,4,-1,4,-1,4,96,101,96,101,0.3651026678917887,,,,,,,,
1787712600,19.593907377011284,19.82,19.593907377011284,19.7125,18.75646841024117,18.821547619047596,18.678970588235355,19.593907377011284,19.82,19.593907377011284,19.7125,,,,55.18047339781661,42.700485413304186,55.18047339781661,42.700485413304186,67.28918513816951,62.94634764400769,67.28918513816951,62.94634764400769,96,101,96,101,-1,4,-1,4,-1,4,-1,4,96,101,96,101,0.3854661235892639,,,,,,,,
1787713200,19.65320368850564,19.81,19.65320368850564,19.78,18.766652804169116,18.887499999999978,18.702352941176535,19.65320368850564,19.81,19.65320368850564,19.78,,,,58.2065833172539,44.91564225672557,58.2065833172539,44.91564225672557,71.21966504746042,67.08300634573405,71.21966504746042,67.08300634573405,96,101,96,101,-1,4,-1,4,-1,4,-1,4,96,101,96,101,0.4154116555912891,,,,,,,,
1787713800,19.71660184425282,19.82,19.71660184425282,19.7825,18.776760736465942,18.950119047619026,18.73308823529418,19.71660184425282,19.82,19.71660184425282,19.7825,,,,61.02749783052629,47.21733591012567,61.02749783052629,47.21733591012567,74.83719526154917,70.96010080364161,74.83719526154917,70.96010080364161,96,101,96,101,-1,4,-1,4,-1,4,-1,4,96,101,96,101,0.4317692903832543,,,,,,,,
1787714400,19.74955092212641,19.99,19.74955092212641,19.88,18.787738241575735,19.017619047619025,18.770955882353004,19.74955092212641,19.99,19.74955092212641,19.88,,,,63.37474004898076,49.52553650139068,63.37474004898076,49.52553650139068,77.31934489760219,74.1397228506219,77.31934489760219,74.1397228506219,96,101,96,101,-1,4,-1,4,-1,4,-1,4,96,101,96,101,0.4524182137065531,,,,,,,,
1787720400,19.814775461063206,19.91,19.76,19.835,18.798158756584932,19.08535714285712,18.810661764705944,19.814775461063206,19.91,19.76,19.835,,,,65.37575068040277,51.78985281267813,65.37575068040277,51.78985281267813,79.29717731074348,76.71845008068269,79.29717731074348,76.71845008068269,96,101,96,101,-1,4,-1,4,-1,4,-1,4,96,101,96,101,0.46733145237038665,,,,,0.46733145237038665,,0.46733145237038665,
1787721000,19.824887730531604,19.824887730531604,19.53,19.6675,18.806808918210955,19.146190476190455,18.847352941176535,19.824887730531604,19.824887730531604,19.53,19.6675,,,,66.56914944132639,53.90118090248502,66.56914944132639,53.90118090248502,79.97658922042014,78.34751965055142,79.97658922042014,78.34751965055142,96,101,96,101,-1,4,-1,4,-1,4,-1,4,96,101,96,101,0.4284089838370684,,,,,,,,
1787721600,19.746193865265802,19.746193865265802,19.55,19.647499999999997,18.81517400360189,19.20535714285712,18.88426470588242,19.746193865265802,19.746193865265802,19.55,19.647499999999997,,,,67.59794035424751,55.85786082416537,67.59794035424751,55.85786082416537,80.27737445961662,79.31244705508402,80.27737445961662,79.31244705508402,96,101,96,101,-1,4,-1,4,-1,4,-1,4,96,101,96,101,0.3738818295384183,,,,,,,,
1787722200,19.6968469326329,19.72,19.55,19.627499999999998,18.823256849337195,19.26178571428569,18.919411764705945,19.6968469326329,19.72,19.55,19.627499999999998,,,,68.47388112259492,57.66014943822673,68.47388112259492,57.66014943822673,80.35179228702522,79.83211967105461,80.35179228702522,79.83211967105461,96,101,96,101,-1,4,-1,4,-1,4,-1,4,96,101,96,101,0.34718960880654226,,,,,,,,
1787722800,19.66217346631645,19.66217346631645,19.55,19.57,18.83068712944329,19.315595238095213,18.954705882353007,19.66217346631645,19.66217346631645,19.55,19.57,,,,69.05908009002862,59.28856810276985,69.05908009002862,59.28856810276985,80.08621391686748,79.95916679396105,80.08621391686748,79.95916679396105,96,101,96,101,-1,4,-1,4,-1,4,-1,4,96,101,96,101,0.3222349912722571,,,,,,,,
1787723400,19.616086733158227,19.616086733158227,19.53,19.58,18.838142978901566,19.3688095238095,18.992205882353005,19.616086733158227,19.616086733158227,19.53,19.58,,,,69.64216167089958,60.76765289821695,69.64216167089958,60.76765289821695,79.71226822448396,79.8357175092225,79.71226822448396,79.8357175092225,96,101,96,101,-1,4,-1,4,-1,4,-1,4,96,101,96,101,0.3019058641659146,,,,,,,,
1787724000,19.598043366579113,19.61,19.54,19.575,18.845474889559263,19.421666666666642,19.031691176470655,19.598043366579113,19.61,19.54,19.575,,,,70.16375329758135,62.10995295526901,70.16375329758135,62.10995295526901,79.3352456554302,79.58548158232635,79.3352456554302,79.58548158232635,96,101,96,101,-1,4,-1,4,-1,4,-1,4,96,101,96,101,0.2977836116501281,,,,,,,,
1787724600,19.586521683289554,19.6,19.54,19.56,18.852584592150713,19.475238095238073,19.07007352941183,19.586521683289554,19.6,19.54,19.56,,,,70.58856456997633,63.32118318594148,70.58856456997633,63.32118318594148,78.78398071164989,79.18473114698813,78.78398071164989,79.18473114698813,96,101,96,101,-1,4,-1,4,-1,4,-1,4,96,101,96,101,0.290543015175775,,,,,,,,
1787725200,19.573260841644775,19.573260841644775,19.5,19.537499999999998,18.85939967083578,19.528452380952356,19.105955882353005,19.573260841644775,19.573260841644775,19.5,19.537499999999998,,,,70.89374646577167,64.40297794020293,70.89374646577167,64.40297794020293,78.06949890122857,78.62711502410835,78.06949890122857,78.62711502410835,96,101,96,101,-1,4,-1,4,-1,4,-1,4,96,101,96,101,0.2722416152179112,,,,,,,,
1787725800,19.555380420822388,19.56,19.51,19.53,18.866072310926967,19.56976190476188,19.14191176470595,19.555380420822388,19.56,19.51,19.53,,,,71.14736774996258,65.36646219874002,71.14736774996258,65.36646219874002,77.39634430327558,78.01172966369197,77.39634430327558,78.01172966369197,96,101,96,101,-1,4,-1,4,-1,4,-1,4,96,101,96,101,0.25431913539762563,,,,,,,,
1787726400,19.542690210411195,19.56,19.53,19.544999999999998,18.87282781032073,19.601547619047597,19.17573529411771,19.542690210411195,19.56,19.53,19.544999999999998,,,,71.44239703766367,66.23445289001484,71.44239703766367,66.23445289001484,76.74894012158497,77.38033489263847,76.74894012158497,77.38033489263847,96,101,96,101,-1,4,-1,4,-1,4,-1,4,96,101,96,101,0.24860518475180213,,,,,,,,
1787727000,19.543845105205598,19.59,19.543845105205598,19.5725,18.879789722655847,19.621785714285693,19.208235294117713,19.543845105205598,19.59,19.543845105205598,19.5725,,,,71.82547978894166,67.03317101843295,71.82547978894166,67.03317101843295,76.31865098677513,76.8494929397068,76.31865098677513,76.8494929397068,96,101,96,101,-1,4,-1,4,-1,4,-1,4,96,101,96,101,0.25703973766651583,,,,,,,,
1787794200,19.558172552602798,19.558172552602798,19.19,19.2875,18.88384654133589,19.6188095238095,19.232500000000066,19.558172552602798,19.558172552602798,19.19,19.2875,,,,71.05024710560457,67.60703903088604,71.05024710560457,67.60703903088604,74.28961108426509,75.56955201198595,74.28961108426509,75.56955201198595,96,101,96,101,-1,4,-1,4,-1,4,-1,4,96,101,96,101,0.20012310802501873,,,,,,,,
1787794800,19.4228362763014,19.4228362763014,19.17,19.26,18.88758936182011,19.607976190476165,19.2574264705883,19.4228362763014,19.4228362763014,19.17,19.26,,,,70.22126120123599,67.98049934093603,70.22126120123599,67.98049934093603,71.9407822567119,73.75516713434892,71.9407822567119,73.75516713434892,96,101,96,101,-1,4,-1,4,-1,4,-1,4,96,101,96,101,0.12210556161855468,,,,,,,,
1787795400,19.3414181381507,19.3414181381507,19.16,19.22,18.89089693035921,19.593809523809497,19.28183823529418,19.3414181381507,19.3414181381507,19.16,19.22,,,,69.29275841702072,68.16796492323384,69.29275841702072,68.16796492323384,69.44140923920719,71.59828818677806,69.44140923920719,71.59828818677806,96,101,96,101,-1,4,-1,4,-1,4,-1,4,96,101,96,101,0.09092142179221427,,,,,,,,
1787796000,19.28070906907535,19.32,19.21,19.265,18.894619348962603,19.575952380952355,19.307132352941238,19.28070906907535,19.32,19.21,19.265,,,,68.60914868882084,68.23099117546055,68.60914868882084,68.23099117546055,67.36175982838358,69.48002400758082,67.36175982838358,69.48002400758082,96,101,96,101,-1,4,-1,4,-1,4,-1,4,96,101,96,101,0.0848898731287571,,,,,,,,
1787796600,19.272854534537675,19.38,19.272854534537675,19.3275,18.89892661912218,19.560119047619022,19.33316176470595,19.272854534537675,19.38,19.272854534537675,19.3275,,,,68.22238409993682,68.22976159324287,68.22238409993682,68.22976159324287,66.00777461910619,67.7438993133435,66.00777461910619,67.7438993133435,96,101,96,101,-1,4,-1,4,-1,4,-1,4,96,101,96,101,0.09632550794933714,,,,,,,,
1787797200,19.300177267268836,19.42,19.27,19.32,18.903116404006536,19.541428571428543,19.359044117647127,19.300177267268836,19.42,19.27,19.32,,,,67.83348364835403,68.17315045825875,67.83348364835403,68.17315045825875,64.89826731461363,66.32108331397856,64.89826731461363,66.32108331397856,96,101,96,101,-1,4,-1,4,-1,4,-1,4,96,101,96,101,0.1073797013605593,,,,,,,,
1787797800,19.310088633634418,19.310088633634418,19.18,19.259999999999998,18.906667484563684,19.51666666666664,19.382500000000068,19.310088633634418,19.310088633634418,19.18,19.259999999999998,,,,67.23426656236049,68.03902418741613,67.23426656236049,68.03902418741613,63.39020804373681,64.85564567885768,63.39020804373681,64.85564567885768,96,101,96,101,-1,4,-1,4,-1,4,-1,4,96,101,96,101,0.09342965924848193,,,,,,,,
1787798400,19.285044316817206,19.41,19.25,19.3375,18.91095437526454,19.495476190476165,19.408161764705948,19.285044316817206,19.41,19.25,19.3375,,,,66.98539037933475,67.88850507197593,66.98539037933475,67.88850507197593,62.636430464833175,63.74603807184543,62.636430464833175,63.74603807184543,96,101,96,101,-1,4,-1,4,-1,4,-1,4,96,101,96,101,0.08195332880968927,,,,,,,,
1787799000,19.311272158408602,19.42,19.311272158408602,19.3875,18.915696122774346,19.472023809523783,19.4361764705883,19.311272158408602,19.42,19.311272158408602,19.3875,,,,66.95270376493782,67.75481917097048,66.95270376493782,67.75481917097048,62.34523207285291,63.04563507234917,62.34523207285291,63.04563507234917,96,101,96,101,-1,4,-1,4,-1,4,-1,4,96,101,96,101,0.08919032248235052,,,,,,,,
1787799600,19.3493860792043,19.42,19.3493860792043,19.3825,18.92034093747311,19.450476190476166,19.46448529411771,19.3493860792043,19.42,19.3493860792043,19.3825,,,,66.90251063887084,67.63306080924197,66.90251063887084,67.63306080924197,62.0986264510046,62.57213076167689,62.0986264510046,62.57213076167689,96,101,96,101,-1,4,-1,4,-1,4,-1,4,96,101,96,101,0.09124806509622307,,,,,,,,
1787800200,19.36594303960215,19.49,19.36594303960215,19.43,18.925412171926116,19.43916666666664,19.487058823529477,19.36594303960215,19.49,19.36594303960215,19.43,,,,67.04439479958641,67.54896566500547,67.04439479958641,67.54896566500547,61.831700561518446,62.20191566159767,61.831700561518446,62.20191566159767,96,101,96,101,-1,4,-1,4,-1,4,-1,4,96,101,96,101,0.08907726217444446,,,,,,,,
1787800800,19.397971519801075,19.52,19.397971519801075,19.4725,18.93085583190695,19.430833333333307,19.504558823529475,19.397971519801075,19.52,19.397971519801075,19.4725,,,,67.34479517104452,67.51979845158247,67.34479517104452,67.51979845158247,61.26986959981861,61.735892630708136,61.26986959981861,61.735892630708136,96,101,96,101,-1,4,-1,4,-1,4,-1,4,96,101,96,101,0.09381622796289993,,,,,0.09381622796289993,,0.09381622796289993,
1787806800,19.435235759900536,19.46,19.32,19.4075,18.935598559947678,19.420357142857117,19.512205882353005,19.435235759900536,19.46,19.32,19.4075,,,,67.36580186517627,67.49779893923873,67.36580186517627,67.49779893923873,58.93249312716047,60.3341928789343,58.93249312716047,60.3341928789343,96,101,96,101,-1,4,-1,4,-1,4,-1,4,96,101,96,101,0.08039203702040502,,,,,,,,
1787807400,19.421367879950267,19.61,19.39,19.490000000000002,18.941114992187003,19.41654761904759,19.51632352941183,19.421367879950267,19.61,19.39,19.490000000000002,,,,67.7126890335367,67.52849752413844,67.7126890335367,67.52849752413844,56.23226742422293,58.28323015157862,56.23226742422293,58.28323015157862,96,101,96,101,-1,4,-1,4,-1,4,-1,4,96,101,96,101,0.0726494818160586,,,,,,,,
1787808000,19.455683939975135,19.61,19.455683939975135,19.5625,18.947297927588128,19.41571428571426,19.518529411764774,19.455683939975135,19.61,19.455683939975135,19.5625,,,,68.32249695971267,67.64192601493475,68.32249695971267,67.64192601493475,54.554913833327994,56.41907199245331,54.554913833327994,56.41907199245331,96,101,96,101,-1,4,-1,4,-1,4,-1,4,96,101,96,101,0.08927533505347787,,,,,,,,
1787808600,19.509091969987566,19.55,19.44,19.512500000000003,18.952921828806158,19.41273809523807,19.518382352941245,19.509091969987566,19.55,19.44,19.512500000000003,,,,68.69033447846336,67.79169865258169,68.69033447846336,67.79169865258169,52.696266831277946,54.55766941186563,52.696266831277946,54.55766941186563,96,101,96,101,-1,4,-1,4,-1,4,-1,4,96,101,96,101,0.08742381081236517,,,,,,,,
1787809200,19.510795984993784,19.59,19.48,19.535,18.958713651405102,19.411547619047592,19.515294117647123,19.510795984993784,19.59,19.48,19.535,,,,69.12118360301757,67.98162507407253,69.12118360301757,67.98162507407253,51.53929922885368,53.048484320359655,51.53929922885368,53.048484320359655,96,101,96,101,-1,4,-1,4,-1,4,-1,4,96,101,96,101,0.07174837681080033,,,,,,,,
1787809800,19.522897992496894,19.56,19.43,19.5125,18.96422396333142,19.41035714285712,19.510955882353006,19.522897992496894,19.56,19.43,19.5125,,,,69.43197207581791,68.18881750289329,69.43197207581791,68.18881750289329,50.158979347612565,51.60373183398611,50.158979347612565,51.60373183398611,96,101,96,101,-1,4,-1,4,-1,4,-1,4,96,101,96,101,0.05830457548095132,,,,,,,,
1787810400,19.51769899624845,19.54,19.49,19.507499999999997,18.969629695039565,19.40928571428569,19.5049264705883,19.51769899624845,19.54,19.49,19.507499999999997,,,,69.70072010214837,68.40480358850115,69.70072010214837,68.40480358850115,49.0612215277245,50.33247668085531,49.0612215277245,50.33247668085531,96,101,96,101,-1,4,-1,4,-1,4,-1,4,96,101,96,101,0.04527289240242893,,,,,,,,
1787811000,19.512599498124224,19.512599498124224,19.46,19.485,18.97475775777549,19.40642857142855,19.496250000000064,19.512599498124224,19.512599498124224,19.46,19.485,,,,69.86098612659809,68.61282966537215,69.86098612659809,68.61282966537215,47.75023461842286,49.04135564963909,47.75023461842286,49.04135564963909,96,101,96,101,-1,4,-1,4,-1,4,-1,4,96,101,96,101,0.030594857527130044,,,,,,,,
1787811600,19.498799749062112,19.52,19.48,19.5,18.979984048742896,19.402976190476167,19.487941176470652,19.498799749062112,19.52,19.48,19.5,,,,70.05846556927126,68.81934908021488,70.05846556927126,68.81934908021488,46.776620203268166,47.90898792645363,46.776620203268166,47.90898792645363,96,101,96,101,-1,4,-1,4,-1,4,-1,4,96,101,96,101,0.01604966148084736,,,,,,,,
1787812200,19.499399874531058,19.53,19.49,19.5075,18.985232963680776,19.41345238095236,19.476985294117714,19.499399874531058,19.53,19.49,19.5075,,,,70.18812026751154,69.01488782125726,70.18812026751154,69.01488782125726,46.70148350577676,47.30523571611519,46.70148350577676,47.30523571611519,96,101,96,101,-1,4,-1,4,-1,4,-1,4,96,101,96,101,0.00183348173370946,,,,,,,,
1787812800,19.50344993726553,19.53,19.5,19.5125,18.990479401853108,19.425476190476168,19.46750000000006,19.50344993726553,19.53,19.5,19.5125,,,,70.31123772739518,69.20008066499125,70.31123772739518,69.20008066499125,47.5862204912446,47.4457281036799,47.5862204912446,47.4457281036799,96,101,96,101,-1,4,-1,4,-1,4,-1,4,96,101,96,101,-0.013096757269075566,,,,,,,,
1787813400,19.507974968632766,19.53,19.5,19.512500000000003,18.99567363666054,19.43940476190474,19.46294117647065,19.507974968632766,19.53,19.5,19.512500000000003,,,,70.42556108300143,69.37514929613556,70.42556108300143,69.37514929613556,49.38103111762883,48.41337961065436,49.38103111762883,48.41337961065436,96,101,96,101,-1,4,-1,4,-1,4,-1,4,96,101,96,101,-0.024166584496592754,,,,,,,,
1787880600,19.510237484316384,19.53,19.31,19.4125,18.99982116266392,19.446428571428548,19.45602941176477,19.510237484316384,19.53,19.31,19.4125,,,,70.02526153189426,69.46802247267252,70.02526153189426,69.46802247267252,49.343115877949224,48.87824774430179,49.343115877949224,48.87824774430179,96,101,96,101,-1,4,-1,4,-1,4,-1,4,96,101,96,101,-0.056231631308572914,,,,,,,,
1787881200,19.461368742158193,19.461368742158193,19.22,19.2725,19.002534384925973,19.443809523809502,19.44558823529418,19.461368742158193,19.461368742158193,19.22,19.2725,,,,69.00273403270252,69.40155269553394,69.00273403270252,69.40155269553394,47.34492933084137,48.11158853757158,47.34492933084137,48.11158853757158,96,101,96,101,-1,4,-1,4,-1,4,-1,4,96,101,96,101,-0.1220175328582743,,,,,,,,
1787881800,19.366934371079097,19.366934371079097,19.12,19.195,19.004449465672977,19.43785714285712,19.43455882352948,19.366934371079097,19.366934371079097,19.12,19.195,,,,67.71153345364705,69.16012137526438,67.71153345364705,69.16012137526438,44.289640875639364,46.20061470660547,44.289640875639364,46.20061470660547,96,101,96,101,-1,4,-1,4,-1,4,-1,4,96,101,96,101,-0.18693787879020696,,,,,,,,
1787882400,19.28096718553955,19.28096718553955,19.15,19.2075,19.006469868999613,19.43535714285712,19.423602941176537,19.28096718553955,19.28096718553955,19.15,19.2075,,,,66.56767612582924,68.7897720539165,66.56767612582924,68.7897720539165,41.03505294342901,43.61783382501724,41.03505294342901,43.61783382501724,96,101,96,101,-1,4,-1,4,-1,4,-1,4,96,101,96,101,-0.2192974131557983,,,,,,,,
1787883000,19.244233592769774,19.26,19.2,19.2275,19.008669173785687,19.430119047619023,19.41338235294124,19.244233592769774,19.26,19.2,19.2275,,,,65.57282437061251,68.33020809915878,65.57282437061251,68.33020809915878,38.433739798564694,41.025786811790965,38.433739798564694,41.025786811790965,96,101,96,101,-1,4,-1,4,-1,4,-1,4,96,101,96,101,-0.22272176520012382,-0.22272176520012382,,-0.22272176520012382,,,,,
1787883600,19.235866796384887,19.42,19.235866796384887,19.33,19.011866495439563,19.427380952380933,19.406617647058887,19.235866796384887,19.42,19.235866796384887,19.33,,,,65.08547977271161,67.8666754810949,65.08547977271161,67.8666754810949,38.492672554861606,39.75922968332628,38.492672554861606,39.75922968332628,96,101,96,101,-1,4,-1,4,-1,4,-1,4,96,101,96,101,-0.19951906589387636,,,,,,,,
1787884200,19.28293339819244,19.72,19.28293339819244,19.560000000000002,19.017320560161558,19.435833333333314,19.40727941176477,19.28293339819244,19.72,19.28293339819244,19.560000000000002,,,,65.65973121751793,67.55139772915534,65.65973121751793,67.55139772915534,41.59308502980939,40.676157356567835,41.59308502980939,40.676157356567835,96,101,96,101,-1,4,-1,4,-1,4,-1,4,96,101,96,101,-0.1258182217509711,,,,,,,,
1787884800,19.42146669909622,19.67,19.38,19.54,19.02252135060771,19.44107142857141,19.407573529411827,19.42146669909622,19.67,19.38,19.54,,,,66.09104421680573,67.34277579881969,66.09104421680573,67.34277579881969,44.94391430696144,42.81003583176464,44.94391430696144,42.81003583176464,96,101,96,101,-1,4,-1,4,-1,4,-1,4,96,101,96,101,-0.06106648468019452,,,,,,,,
1787885400,19.48073334954811,19.49,19.37,19.4325,19.026600740153903,19.439166666666647,19.40426470588241,19.48073334954811,19.49,19.37,19.4325,,,,66.00862012405096,67.15218213099558,66.00862012405096,67.15218213099558,46.16970440381515,44.48987011778989,46.16970440381515,44.48987011778989,96,101,96,101,-1,4,-1,4,-1,4,-1,4,96,101,96,101,-0.06812537179177719,,,,,,,,
1787886000,19.456616674774054,19.57,19.43,19.475,19.031062424331477,19.442380952380933,19.40139705882359,19.456616674774054,19.57,19.43,19.475,,,,66.12300889326745,67.0051573827487,66.12300889326745,67.0051573827487,48.17696889267042,46.333419505230154,48.17696889267042,46.333419505230154,96,101,96,101,-1,4,-1,4,-1,4,-1,4,96,101,96,101,-0.0803007430719797,,,,,,,,
1787886600,19.465808337387028,19.54,19.46,19.4975,19.035703594238626,19.442738095238074,19.407573529411827,19.465808337387028,19.54,19.46,19.4975,,,,66.33030520322724,66.90874992853135,66.33030520322724,66.90874992853135,50.15553684794151,48.24447817658583,50.15553684794151,48.24447817658583,96,101,96,101,-1,4,-1,4,-1,4,-1,4,96,101,96,101,-0.06885967650377733,,,,,,,,
1787887200,19.481654168693513,19.64,19.481654168693513,19.5725,19.041044852007396,19.443214285714266,19.416764705882414,19.481654168693513,19.64,19.481654168693513,19.5725,,,,66.82023019047283,66.89610425166585,66.82023019047283,66.89610425166585,53.220499857221434,50.73248901690363,53.220499857221434,50.73248901690363,96,101,96,101,-1,4,-1,4,-1,4,-1,4,96,101,96,101,-0.044565010184969035,,,,,,,,
1787893200,19.527077084346757,19.63,19.43,19.5375,19.04598470422623,19.44440476190474,19.426102941176534,19.527077084346757,19.63,19.43,19.5375,,,,66.94933602182412,66.90370879025988,66.94933602182412,66.90370879025988,55.43698599355525,53.08473750522944,55.43698599355525,53.08473750522944,96,101,96,101,-1,4,-1,4,-1,4,-1,4,96,101,96,101,-0.02763572429047178,,,,,-0.02763572429047178,-0.02763572429047178,-0.02763572429047178,
1787893800,19.53228854217338,19.53228854217338,19.4,19.4725,19.05022863751751,19.441428571428553,19.432205882353003,19.53228854217338,19.53228854217338,19.4,19.4725,,,,66.41644819508188,66.83410013380589,66.41644819508188,66.83410013380589,56.134450300889,54.60959390305922,56.134450300889,54.60959390305922,96,101,96,101,-1,4,-1,4,-1,4,-1,4,96,101,96,101,-0.044078570247933144,,,,,,,,
1787894400,19.50239427108669,19.56,19.46,19.51,19.054803476945196,19.441309523809505,19.437573529411825,19.50239427108669,19.56,19.46,19.51,,,,65.58066192517009,66.65503753257221,65.58066192517009,66.65503753257221,57.364739644031935,55.98716677354558,57.364739644031935,55.98716677354558,96,101,96,101,-1,4,-1,4,-1,4,-1,4,96,101,96,101,-0.051258849509183496,,,,,,,,
1787895000,19.506197135543346,19.506197135543346,19.4,19.445,19.0586860294134,19.438333333333315,19.44125000000006,19.506197135543346,19.506197135543346,19.4,19.445,,,,63.56463763330654,66.21355183267711,63.56463763330654,66.21355183267711,57.276416223868694,56.63179149870714,57.276416223868694,56.63179149870714,96,101,96,101,-1,4,-1,4,-1,4,-1,4,96,101,96,101,-0.04846555949498488,,,,,,,,
1787895600,19.475598567771673,19.49,19.4,19.447499999999998,19.06255482514063,19.4365476190476,19.446764705882416,19.475598567771673,19.49,19.4,19.447499999999998,,,,61.71314052813602,65.57063593202838,61.71314052813602,65.57063593202838,57.001683276514406,56.81673738761077,57.001683276514406,56.81673738761077,96,101,96,101,-1,4,-1,4,-1,4,-1,4,96,101,96,101,-0.05204828060324977,-0.05204828060324977,,-0.05204828060324977,,,,,
1787896200,19.461549283885837,19.51,19.46,19.4775,19.066683632850673,19.435476190476173,19.450882352941242,19.461549283885837,19.51,19.46,19.4775,,,,60.24019863491119,64.80914488958307,60.24019863491119,64.80914488958307,57.365963207897316,57.09135029775405,57.365963207897316,57.09135029775405,96,101,96,101,-1,4,-1,4,-1,4,-1,4,96,101,96,101,-0.045544745593644145,,,,,,,,
1787896800,19.469524641942918,19.469524641942918,19.42,19.4375,19.070373347946685,19.43214285714284,19.452352941176535,19.469524641942918,19.469524641942918,19.42,19.4375,13.98348713441866,86.01651286558135,-0.7203302573116268,58.54405965195776,63.91413271277945,58.54405965195776,63.91413271277945,56.95201267289219,57.021681485323114,56.95201267289219,57.021681485323114,96,101,96,101,-1,4,-1,4,-1,4,-1,4,96,101,96,101,-0.04286989949558377,,,,,,,,
1787897400,19.45351232097146,19.49,19.44,19.46,19.074250230056666,19.429642857142838,19.454632352941243,19.45351232097146,19.49,19.44,19.46,12.683962725860031,87.31603727413997,-0.7463207454827994,57.15380251754042,62.948371256316726,57.15380251754042,62.948371256316726,56.927974295676435,56.974827890499775,56.927974295676435,56.974827890499775,96,101,96,101,-1,4,-1,4,-1,4,-1,4,96,101,96,101,-0.042319513451323135,,,,,,,,
1787898000,19.45675616048573,19.5,19.45,19.4775,19.07826266557849,19.42797619047617,19.45602941176477,19.45675616048573,19.5,19.45,19.4775,12.073075010586598,87.92692498941341,-0.758538499788268,56.006527625072415,61.95667930899611,56.006527625072415,61.95667930899611,57.184721589083296,57.07977473979153,57.184721589083296,57.07977473979153,96,101,96,101,-1,4,-1,4,-1,4,-1,4,96,101,96,101,-0.03514667216829375,,,,,,,,
1787898600,19.467128080242865,19.51,19.467128080242865,19.5,19.082459056965767,19.43214285714284,19.45683823529418,19.467128080242865,19.51,19.467128080242865,19.5,11.371012290531308,88.6289877094687,-0.7725797541893739,55.12593000324869,60.98085797960362,55.12593000324869,60.98085797960362,57.79764784057491,57.43871129018322,57.79764784057491,57.43871129018322,96,101,96,101,-1,4,-1,4,-1,4,-1,4,96,101,96,101,-0.022906446321024263,,,,,,,,
1787899200,19.483564040121433,19.51,19.45,19.4875,19.08648931510541,19.442380952380933,19.459191176470654,19.483564040121433,19.51,19.45,19.4875,11.636857932027478,88.36314206797252,-0.7672628413594504,54.20560495375556,60.012964690196746,54.20560495375556,60.012964690196746,58.200669768690084,57.819690529436656,58.200669768690084,57.819690529436656,96,101,96,101,-1,4,-1,4,-1,4,-1,4,96,101,96,101,-0.008252250117217967,,,,,,,,
1787899800,19.485532020060717,19.52,19.46,19.49,19.090504346795903,19.456428571428553,19.459191176470654,19.485532020060717,19.52,19.46,19.49,11.054509681965147,88.94549031803484,-0.7789098063606971,53.67916481691405,59.10813613687065,53.67916481691405,59.10813613687065,58.6745360877378,58.24711330858723,58.6745360877378,58.24711330858723,96,101,96,101,-1,4,-1,4,-1,4,-1,4,96,101,96,101,0.003264830098178952,,,,,0.003264830098178952,,0.003264830098178952,
1788139800,19.487766010030356,19.487766010030356,18.48,18.765,19.087265497574055,19.43535714285712,19.435735294117713,19.487766010030356,19.487766010030356,18.48,18.765,72.1291983252155,27.870801674784502,0.44258396650431,51.3586073269495,58.0010605925962,51.3586073269495,58.0010605925962,56.249906554606405,57.248509931596814,56.249906554606405,57.248509931596814,96,101,96,101,-1,4,-1,4,-1,4,-1,4,96,101,96,101,-0.12893995758345433,,,,,,,,
1788140400,19.126383005015178,19.126383005015178,18.65,18.7475,19.083884746354414,19.412499999999984,19.41323529411771,19.126383005015178,19.126383005015178,18.65,18.7475,75.77002970713386,24.229970292866142,0.5154005941426771,49.199157285593635,56.74364583445298,49.199157285593635,56.74364583445298,52.81735310678328,55.03293151919004,52.81735310678328,55.03293151919004,96,101,96,101,-1,4,-1,4,-1,4,-1,4,96,101,96,101,-0.27908681804537866,,,,,,,,
1788141000,18.936941502507587,18.936941502507587,18.56,18.6875,19.07994061952502,19.381904761904742,19.388308823529478,18.936941502507587,18.936941502507587,18.56,18.6875,87.83851235792798,12.161487642072021,0.7567702471585596,46.880208262889944,55.33458332422968,46.880208262889944,55.33458332422968,48.51829115377543,51.77561133648274,48.51829115377543,51.77561133648274,96,101,96,101,-1,4,-1,4,-1,4,-1,4,96,101,96,101,-0.3236539690659682,-0.3236539690659682,,-0.3236539690659682,,,,,
1788141600,18.812220751253793,18.83,18.66,18.754999999999995,19.076707379529743,19.343571428571412,19.36602941176477,18.812220751253793,18.83,18.66,18.754999999999995,84.59538146189014,15.404618538109865,0.6919076292378027,45.115723340886255,53.874746183752045,45.115723340886255,53.874746183752045,44.84107156787611,48.30834145217942,44.84107156787611,48.30834145217942,96,101,96,101,-1,4,-1,4,-1,4,-1,4,96,101,96,101,-0.3235522595649234,,,,,,,,
1788142200,18.783610375626893,18.82,18.65,18.735,19.073307306101587,19.305238095238078,19.34330882352948,18.783610375626893,18.82,18.65,18.735,85.36324497687333,14.636755023126668,0.7072648995374666,43.36206568289668,52.37293468362985,43.36206568289668,52.37293468362985,41.48499769326451,44.89666957272196,41.48499769326451,44.89666957272196,96,101,96,101,-1,4,-1,4,-1,4,-1,4,96,101,96,101,-0.31702990557486177,,,,,,,,
1788142800,18.759305187813446,18.759305187813446,18.68,18.7075,19.069667432409034,19.270714285714266,19.32044117647066,18.759305187813446,18.759305187813446,18.68,18.7075,85.10656120980302,14.893438790196978,0.7021312241960604,41.57525914794322,50.830409607103185,41.57525914794322,50.830409607103185,38.35490672239933,41.62578814756064,38.35490672239933,41.62578814756064,96,101,96,101,-1,4,-1,4,-1,4,-1,4,96,101,96,101,-0.3209747144312747,,,,,,,,
1788143400,18.733402593906725,18.733402593906725,18.63,18.685,19.065839895768146,19.233095238095217,19.296470588235362,18.733402593906725,18.733402593906725,18.63,18.685,88.06476456023827,11.935235439761726,0.7612952912047655,39.786473356269845,49.252704428412706,39.786473356269845,49.252704428412706,35.33371080310136,38.479749475331005,35.33371080310136,38.479749475331005,96,101,96,101,-1,4,-1,4,-1,4,-1,4,96,101,96,101,-0.3232754419301166,,,,,,,,
1788144000,18.70920129695336,18.70920129695336,18.62,18.65,19.061702185362492,19.192738095238077,19.271250000000066,18.70920129695336,18.70920129695336,18.62,18.65,88.92840375771141,11.071596242288589,0.7785680751542282,37.92384507506163,47.63429594936256,37.92384507506163,47.63429594936256,32.44825578954017,35.46400263243559,32.44825578954017,35.46400263243559,96,101,96,101,-1,4,-1,4,-1,4,-1,4,96,101,96,101,-0.3232961849916145,,,,,,,,
1788144600,18.67960064847668,18.67960064847668,18.6,18.6425,19.057531019338985,19.148452380952364,19.245661764705947,18.67960064847668,18.67960064847668,18.6,18.6425,90.24622900374317,9.753770996256838,0.8049245800748632,36.151058906105604,45.99383351461157,36.151058906105604,45.99383351461157,29.757954955443076,32.61097879393933,29.757954955443076,32.61097879393933,96,101,96,101,-1,4,-1,4,-1,4,-1,4,96,101,96,101,-0.3230437900174819,,,,,,,,
1788145200,18.66105032423834,18.74,18.66,18.7,19.0539734967585,19.108571428571413,19.22176470588242,18.66105032423834,18.74,18.66,18.7,86.49937042340437,13.500629576595635,0.7299874084680873,34.836121518803125,44.39987465806751,34.836121518803125,44.39987465806751,27.951634948532593,30.281306871235962,27.951634948532593,30.281306871235962,96,101,96,101,-1,4,-1,4,-1,4,-1,4,96,101,96,101,-0.30948412769697076,,,,,,,,
1788145800,18.680525162119167,18.78,18.680525162119167,18.752499999999998,19.050973760472345,19.074285714285697,19.20235294117654,18.680525162119167,18.78,18.680525162119167,18.752499999999998,84.62986871657989,15.370131283420108,0.6925973743315978,33.91752758543238,42.902396504833916,33.91752758543238,42.902396504833916,26.829627938001057,28.55546740461851,26.829627938001057,28.55546740461851,96,101,96,101,-1,4,-1,4,-1,4,-1,4,96,101,96,101,-0.28455763833577785,,,,,,,,
1788146400,18.716512581059582,18.82,18.716512581059582,18.7725,19.048202877283565,19.03916666666665,19.1876470588236,18.716512581059582,18.82,18.716512581059582,18.7725,81.7105420534088,18.28945794659121,0.6342108410681758,33.17975487771717,41.5134477009601,33.17975487771717,41.5134477009601,26.218080080773156,27.386773742695834,26.218080080773156,27.386773742695834,96,101,96,101,-1,4,-1,4,-1,4,-1,4,96,101,96,101,-0.26288266960328327,,,,,,,,
1788152400,18.74450629052979,18.83,18.74450629052979,18.79,19.04563369442502,19.00797619047617,19.175735294117715,18.74450629052979,18.83,18.74450629052979,18.79,79.85185399904297,20.148146000957023,0.5970370799808595,32.59548667216594,40.23945326827522,32.59548667216594,40.23945326827522,25.92658610854188,26.656679925618857,25.92658610854188,26.656679925618857,96,101,96,101,-1,4,-1,4,-1,4,-1,4,96,101,96,101,-0.24806252295864006,,,,,,,,
1788153000,18.767253145264895,18.93,18.767253145264895,18.8625,19.043811468609846,18.98011904761903,19.165588235294184,18.767253145264895,18.93,18.767253145264895,18.8625,75.91130804573372,24.088691954266285,0.5182261609146743,32.47057863797898,39.12961403537576,32.47057863797898,39.12961403537576,26.346074476745137,26.501377201181995,26.346074476745137,26.501377201181995,96,101,96,101,-1,4,-1,4,-1,4,-1,4,96,101,96,101,-0.2314389225416968,,,,,,,,
1788153600,18.81487657263245,18.97,18.81487657263245,18.9175,19.042554638076414,18.953452380952363,19.15647058823536,18.81487657263245,18.97,18.81487657263245,18.9175,76.36135645970245,23.638643540297544,0.5272271291940491,32.67141288273164,38.207013870712316,32.67141288273164,38.207013870712316,27.27072085394951,26.886049027565754,27.27072085394951,26.886049027565754,96,101,96,101,-1,4,-1,4,-1,4,-1,4,96,101,96,101,-0.21397468830285707,,,,,,,,
1788154200,18.866188286316223,18.98,18.866188286316223,18.9375,19.04150931829456,18.92964285714284,19.144926470588302,18.866188286316223,18.98,18.866188286316223,18.9375,73.64321478312924,26.356785216870758,0.4728642956625848,32.97310919755956,37.459313203119066,32.97310919755956,37.459313203119066,28.414941774888653,27.650495401227204,28.414941774888653,27.650495401227204,96,101,96,101,-1,4,-1,4,-1,4,-1,4,96,101,96,101,-0.19682583385914887,,,,,,,,
1788154800,18.90184414315811,19.01,18.90184414315811,18.975,19.04084753403292,18.9065476190476,19.127720588235363,18.90184414315811,19.01,18.90184414315811,18.975,70.00311704451437,29.99688295548564,0.40006234089028725,33.46926960049886,36.88930697417332,33.46926960049886,36.88930697417332,30.03078631440934,28.840640857818272,30.03078631440934,28.840640857818272,96,101,96,101,-1,4,-1,4,-1,4,-1,4,96,101,96,101,-0.17797243495417248,,,,,,,,
1788155400,18.938422071579055,19,18.93,18.9725,19.04016745906742,18.882499999999983,19.111029411764775,18.938422071579055,19,18.93,18.9725,72.59666524398621,27.403334756013788,0.4519333048797242,33.915589052997795,36.464490128291104,33.915589052997795,36.464490128291104,31.68506332264408,30.262852090231178,31.68506332264408,30.262852090231178,96,101,96,101,-1,4,-1,4,-1,4,-1,4,96,101,96,101,-0.1693346959762732,,,,,,,,
1788156000,18.955461035789526,19.01,18.91,18.962500000000002,19.039394648529434,18.856904761904747,19.097205882353006,18.955461035789526,19.01,18.91,18.962500000000002,75.06419070364129,24.935809296358713,0.5012838140728257,34.27242485796801,36.151337946816376,34.27242485796801,36.151337946816376,33.07109131051643,31.666971700373804,33.07109131051643,31.666971700373804,96,101,96,101,-1,4,-1,4,-1,4,-1,4,96,101,96,101,-0.16905292441458425,,,,,,,,
1788156600,18.958980517894766,19,18.95,18.9725,19.038729030136107,18.832380952380937,19.082426470588302,18.958980517894766,19,18.95,18.9725,72.7518937625426,27.248106237457403,0.455037875250852,34.66137607779057,35.938486251241265,34.66137607779057,35.938486251241265,34.390936684616975,33.02895419249539,34.390936684616975,33.02895419249539,96,101,96,101,-1,4,-1,4,-1,4,-1,4,96,101,96,101,-0.17138890870680018,,,,,,,,
1788157200,18.965740258947385,19.04,18.965740258947385,19.0075,19.038418293517836,18.809404761904748,19.068014705882423,18.965740258947385,19.04,18.965740258947385,19.0075,69.94711288184307,30.052887118156935,0.39894225763686125,35.224157970851614,35.836439354042746,35.224157970851614,35.836439354042746,35.84858739936323,34.438770795929315,35.84858739936323,34.438770795929315,96,101,96,101,-1,4,-1,4,-1,4,-1,4,96,101,96,101,-0.1654425943888877,,,,,,,,
1788157800,18.986620129473692,19.08,18.986620129473692,19.027499999999996,19.03830965378134,18.821904761904747,19.051985294117713,18.986620129473692,19.08,18.986620129473692,19.027499999999996,67.3072681734203,32.6927318265797,0.346145363468406,35.861948530537305,35.840083522113396,35.861948530537305,35.840083522113396,37.4559078552241,35.947339325576706,37.4559078552241,35.947339325576706,96,101,96,101,-1,4,-1,4,-1,4,-1,4,96,101,96,101,-0.15338567478919052,,,,,,,,
1788158400,19.007060064736844,19.09,19.007060064736844,19.057499999999997,19.038500602499933,18.836666666666652,19.037867647058892,19.007060064736844,19.09,19.007060064736844,19.057499999999997,66.08291684177645,33.917083158223555,0.3216583368355289,36.62699368158186,35.95249925918032,36.62699368158186,35.95249925918032,39.5630536364188,37.75519648099775,39.5630536364188,37.75519648099775,96,101,96,101,-1,4,-1,4,-1,4,-1,4,96,101,96,101,-0.13830600280671132,,,,,,,,
1788159000,19.03228003236842,19.07,19.01,19.05,19.038615024365605,18.853928571428554,19.025441176470654,19.03228003236842,19.07,19.01,19.05,66.87725337330684,33.12274662669316,0.3375450674661369,37.294189985432006,36.14416936293056,37.294189985432006,36.14416936293056,41.35108309674106,39.5531397888694,41.35108309674106,39.5531397888694,96,101,96,101,-1,4,-1,4,-1,4,-1,4,96,101,96,101,-0.1299651335937036,,,,,,,,
1788226200,19.041140016184208,19.4,19.041140016184208,19.2275,19.04049447685948,18.876428571428555,19.017132352941243,19.041140016184208,19.4,19.041140016184208,19.2275,43.34520988818424,56.65479011181576,-0.13309580223631517,38.93619484822373,36.54303014654387,38.93619484822373,36.54303014654387,45.161587798218775,42.35736379354409,45.161587798218775,42.35736379354409,96,101,96,101,-1,4,-1,4,-1,4,-1,4,96,101,96,101,-0.09281421613322395,,,,,,,,
1788226800,19.134320008092104,19.32,19.134320008092104,19.23,19.042380103955406,18.899999999999984,19.01080882352948,19.134320008092104,19.32,19.134320008092104,19.23,43.14733685645725,56.85266314354275,-0.137053262870855,40.47531457104646,37.10478506432996,40.47531457104646,37.10478506432996,48.733668706671594,45.54551625010784,48.733668706671594,45.54551625010784,96,101,96,101,-1,4,-1,4,-1,4,-1,4,96,101,96,101,-0.04309203311001733,,,,,,,,
1788227400,19.182160004046054,19.26,19.1,19.1575,19.04352557555784,18.921428571428557,19.00227941176477,19.182160004046054,19.26,19.1,19.1575,49.81764299101478,50.18235700898522,-0.0036471401797045153,41.48687044269982,37.73079726123994,41.48687044269982,37.73079726123994,51.269408353097795,48.40746230160282,51.269408353097795,48.40746230160282,96,101,96,101,-1,4,-1,4,-1,4,-1,4,96,101,96,101,-0.035000315128874394,,,,,,,,
1788228000,19.169830002023026,19.22,19.1,19.1425,19.044510395701543,18.94321428571427,18.9924264705883,19.169830002023026,19.22,19.1,19.1425,52.53441112833751,47.46558887166249,0.05068822256675015,42.33976679356687,38.389221480143796,42.33976679356687,38.389221480143796,53.21671815436683,50.812090227984825,53.21671815436683,50.812090227984825,96,101,96,101,-1,4,-1,4,-1,4,-1,4,96,101,96,101,-0.04576599214459286,,,,,,,,
1788228600,19.156165001011512,19.42,19.13,19.269999999999996,19.046754073356254,18.97273809523808,18.987500000000065,19.156165001011512,19.42,19.13,19.269999999999996,37.777417567949044,62.222582432050956,-0.24445164864101906,43.86618898112313,39.17164540885513,43.86618898112313,39.17164540885513,56.18071721201638,53.4964037200006,56.18071721201638,53.4964037200006,96,101,96,101,-1,4,-1,4,-1,4,-1,4,96,101,96,101,-0.029783643613980552,,,,,,,,
1788229200,19.213082500505756,19.41,19.2,19.307499999999997,19.04934856018853,19.004404761904745,18.983014705882418,19.213082500505756,19.41,19.2,19.307499999999997,37.242724049860264,62.757275950139736,-0.25514551900279464,45.49959483731017,40.075638184348705,45.49959483731017,40.075638184348705,59.24853371059025,56.372468715295426,59.24853371059025,56.372468715295426,96,101,96,101,-1,4,-1,4,-1,4,-1,4,96,101,96,101,0.008684284226221362,,,,,0.008684284226221362,,0.008684284226221362,
1788229800,19.260291250252877,19.260291250252877,19.11,19.16,19.05044956953989,19.02630952380951,18.973676470588302,19.260291250252877,19.260291250252877,19.11,19.16,55.16780159594362,44.83219840405638,0.10335603191887249,46.16667446874654,40.94578622497697,46.16667446874654,40.94578622497697,60.53880499508214,58.455636855188786,60.53880499508214,58.455636855188786,96,101,96,101,-1,4,-1,4,-1,4,-1,4,96,101,96,101,0.004103384233939817,,,,,,,,
1788230400,19.210145625126437,19.210145625126437,19.07,19.1025,19.050967484270835,19.042976190476175,18.961985294117714,19.210145625126437,19.210145625126437,19.07,19.1025,61.58699040127031,38.41300959872969,0.23173980802540628,46.45488435692363,41.732800243826496,46.45488435692363,41.732800243826496,60.94340222175412,59.69951953847145,60.94340222175412,59.69951953847145,96,101,96,101,-1,4,-1,4,-1,4,-1,4,96,101,96,101,-0.036996828079323765,,,,,,,,
1788231000,19.156322812563218,19.17,19.09,19.125,19.05170412621839,19.059761904761892,18.951323529411834,19.156322812563218,19.17,19.09,19.125,62.455032133978015,37.54496786602199,0.24910064267956025,46.85211611944752,42.46413108320093,46.85211611944752,42.46413108320093,61.21061622458929,60.45506788153037,61.21061622458929,60.45506788153037,96,101,96,101,-1,4,-1,4,-1,4,-1,4,96,101,96,101,-0.05446190803650275,-0.05446190803650275,,-0.05446190803650275,,,,,
1788231600,19.14066140628161,19.21,19.14,19.1675,19.05285632396746,19.077738095238082,18.941838235294185,19.14066140628161,19.21,19.14,19.1675,56.26404343662769,43.73595656337231,0.12528086873255379,47.465789852851046,43.17865376457952,47.465789852851046,43.17865376457952,62.17842161556958,61.31674474854998,62.17842161556958,61.31674474854998,96,101,96,101,-1,4,-1,4,-1,4,-1,4,96,101,96,101,-0.0414001509253875,,,,,,,,
1788232200,19.154080703140806,19.2,19.14,19.165,19.05397218144042,19.092142857142843,18.953602941176538,19.154080703140806,19.2,19.14,19.165,56.902649328986556,43.097350671013444,0.13805298657973114,48.021228826495324,43.870450201996064,48.021228826495324,43.870450201996064,63.34256970085634,62.329657224703155,63.34256970085634,62.329657224703155,96,101,96,101,-1,4,-1,4,-1,4,-1,4,96,101,96,101,-0.027401294702139825,,,,,,,,
1788232800,19.159540351570403,19.2,19.12,19.155,19.05497743336639,19.10345238095237,18.965588235294184,19.159540351570403,19.2,19.12,19.155,58.37950545382821,41.62049454617179,0.16759010907656413,48.479389901100504,44.528870159010985,48.479389901100504,44.528870159010985,64.22565891824367,63.27765807147341,64.22565891824367,63.27765807147341,96,101,96,101,-1,4,-1,4,-1,4,-1,4,96,101,96,101,-0.03133970015377015,,,,,,,,
1788238800,19.1572701757852,19.19,19.09,19.15,19.055922931541847,19.11357142857142,18.97919117647066,19.1572701757852,19.19,19.09,19.15,61.265510959660816,38.73448904033918,0.22531021919321648,48.87602334134448,45.149892042201486,48.87602334134448,45.149892042201486,64.58809153196214,63.93287480171777,64.58809153196214,63.93287480171777,96,101,96,101,-1,4,-1,4,-1,4,-1,4,96,101,96,101,-0.0455094756177864,,,,,,,,
1788239400,19.1536350878926,19.17,19.11,19.1375,19.05673464366581,19.121309523809515,18.990441176470657,19.1536350878926,19.17,19.11,19.1375,60.955417671420406,39.04458232857959,0.2191083534284083,49.1723212132761,45.72452478092644,49.1723212132761,45.72452478092644,64.7989742325968,64.36592451715728,64.7989742325968,64.36592451715728,96,101,96,101,-1,4,-1,4,-1,4,-1,4,96,101,96,101,-0.05323835441757154,,,,,,,,
1788240000,19.1455675439463,19.1455675439463,19.08,19.1,19.05716514472386,19.127380952380943,19.001176470588305,19.1455675439463,19.1455675439463,19.08,19.1,64.59825731936719,35.401742680632815,0.2919651463873437,49.231441126613525,46.22551283031031,49.231441126613525,46.22551283031031,64.50063675648576,64.43328063682152,64.50063675648576,64.43328063682152,96,101,96,101,-1,4,-1,4,-1,4,-1,4,96,101,96,101,-0.052155462302966096,,,,,,,,
1788240600,19.12278377197315,19.16,19.08,19.119999999999997,19.05779036716442,19.134880952380943,19.01330882352948,19.12278377197315,19.16,19.08,19.119999999999997,63.78859097222483,36.21140902777517,0.27577181944449664,49.401545562270144,46.679231792018854,49.401545562270144,46.679231792018854,64.35519308037848,64.39423685860001,64.35519308037848,64.39423685860001,96,101,96,101,-1,4,-1,4,-1,4,-1,4,96,101,96,101,-0.04941867594540395,,,,,,,,
1788241200,19.121391885986576,19.17,19.12,19.145,19.058658124705072,19.143095238095228,19.026838235294186,19.121391885986576,19.17,19.12,19.145,55.30981225636356,44.690187743636436,0.10619624512727117,49.703508897684024,47.11127137854244,49.703508897684024,47.11127137854244,64.57410935107895,64.48417310483947,64.57410935107895,64.48417310483947,96,101,96,101,-1,4,-1,4,-1,4,-1,4,96,101,96,101,-0.040791989597912005,,,,,,,,
1788241800,19.13319594299329,19.13319594299329,19.09,19.115,19.05921874037965,19.14821428571427,19.040514705882423,19.13319594299329,19.13319594299329,19.09,19.115,54.459036214390025,45.540963785609975,0.08918072428780044,49.81109236351765,47.49696009068176,49.81109236351765,47.49696009068176,64.36105500471078,64.42261405477512,64.36105500471078,64.42261405477512,96,101,96,101,-1,4,-1,4,-1,4,-1,4,96,101,96,101,-0.034204071320340895,,,,,,,,
1788242400,19.124097971496646,19.124097971496646,19.03,19.07,19.059326016594778,19.150238095238084,19.053088235294187,19.124097971496646,19.124097971496646,19.03,19.07,54.36719326378,45.632806736220004,0.08734386527559992,49.79457376132161,47.82519061505888,49.79457376132161,47.82519061505888,63.12976121829832,63.77618763653672,63.12976121829832,63.77618763653672,96,101,96,101,-1,4,-1,4,-1,4,-1,4,96,101,96,101,-0.040156760133777905,,,,,,,,
1788243000,19.097048985748323,19.097048985748323,19,19.015,19.05888496170329,19.148214285714275,19.062352941176538,19.097048985748323,19.097048985748323,19,19.015,57.22941302690444,42.77058697309556,0.14458826053808882,49.532153468025236,48.06904245119693,49.532153468025236,48.06904245119693,61.14892945594649,62.4625585462416,61.14892945594649,62.4625585462416,96,101,96,101,-1,4,-1,4,-1,4,-1,4,96,101,96,101,-0.05137188164985833,,,,,,,,
1788243600,19.056024492874162,19.06,18.98,19.025,19.058547797905245,19.147023809523798,19.07036764705889,19.056024492874162,19.06,18.98,19.025,61.918158239729884,38.081841760270116,0.23836316479459774,49.35005383607268,48.25204407760775,49.35005383607268,48.25204407760775,58.76320889413182,60.612883720186716,58.76320889413182,60.612883720186716,96,101,96,101,-1,4,-1,4,-1,4,-1,4,96,101,96,101,-0.05442020742938886,,,,,,,,
1788244200,19.040512246437082,19.06,19.02,19.042499999999997,19.0583881183241,19.138214285714273,19.07830882352948,19.040512246437082,19.06,19.02,19.042499999999997,58.279768461079016,41.720231538920984,0.1655953692215804,49.28871994137781,48.40014062957489,49.28871994137781,48.40014062957489,56.64104424841181,58.626963984299266,56.64104424841181,58.626963984299266,96,101,96,101,-1,4,-1,4,-1,4,-1,4,96,101,96,101,-0.04210067521988127,,,,,,,,
1788244800,19.04150612321854,19.08,19.04,19.055,19.05835440570396,19.129880952380944,19.086102941176538,19.04150612321854,19.08,19.04,19.055,54.98348445016674,45.01651554983326,0.0996696890033349,49.30873748251092,48.529940179994334,49.30873748251092,48.529940179994334,54.831667352647905,56.72931566847359,54.831667352647905,56.72931566847359,96,101,96,101,-1,4,-1,4,-1,4,-1,4,96,101,96,101,-0.02862813535640043,,,,,,,,
1788245400,19.04825306160927,19.08,19.04825306160927,19.0625,19.058395655398446,19.125357142857133,19.091985294117716,19.04825306160927,19.08,19.04825306160927,19.0625,54.26905136354474,45.73094863645525,0.08538102727089489,49.404697227548965,48.65490547250214,49.404697227548965,48.65490547250214,52.792541145392455,54.76092840693302,52.792541145392455,54.76092840693302,96,101,96,101,-1,4,-1,4,-1,4,-1,4,96,101,96,101,-0.018017882322352245,,,,,-0.018017882322352245,,-0.018017882322352245,
1788312600,19.055376530804637,19.055376530804637,18.48,18.560000000000002,19.053436494648214,19.097619047619034,19.081470588235362,19.055376530804637,19.055376530804637,18.48,18.560000000000002,100,0,1,46.404890811824586,48.333474806691065,46.404890811824586,48.333474806691065,49.23480141218832,51.99786490956067,49.23480141218832,51.99786490956067,96,101,96,101,-1,4,-1,4,-1,4,-1,4,96,101,96,101,-0.08077197952721285,,,,,,,,
1788313200,18.80768826540232,18.80768826540232,18.38,18.474999999999998,19.04768090763679,19.059761904761892,19.06786764705889,18.80768826540232,18.80768826540232,18.38,18.474999999999998,100,0,1,43.665316286524764,47.66659501809588,43.665316286524764,47.66659501809588,45.073171899470886,48.53551840451578,45.073171899470886,48.53551840451578,96,101,96,101,-1,4,-1,4,-1,4,-1,4,96,101,96,101,-0.17660144629101962,,,,,,,,
1788313800,18.641344132701157,18.641344132701157,18.3,18.3625,19.040863187162792,19.014761904761894,19.049852941176535,18.641344132701157,18.641344132701157,18.3,18.3625,97.06122009952931,2.938779900470684,0.9412244019905863,40.91229018174958,46.70169432718927,40.91229018174958,46.70169432718927,40.694576590878896,44.61504749769733,40.694576590878896,44.61504749769733,96,101,96,101,-1,4,-1,4,-1,4,-1,4,96,101,96,101,-0.23201398688841257,,,,,,,,
1788314400,18.50192206635058,18.50192206635058,18.23,18.27,19.03319290669351,18.97238095238094,19.02919117647065,18.50192206635058,18.50192206635058,18.23,18.27,95.6355958423757,4.364404157624318,0.9127119168475136,38.21146768261021,45.48880480653512,38.21146768261021,45.48880480653512,36.378890697826925,40.49696909776213,36.378890697826925,40.49696909776213,96,101,96,101,-1,4,-1,4,-1,4,-1,4,96,101,96,101,-0.2586348372380789,,,,,,,,
1788315000,18.385961033175292,18.385961033175292,18.25,18.29,19.025797952398054,18.933690476190463,19.009411764705945,18.385961033175292,18.385961033175292,18.25,18.29,96.9022055346643,3.0977944653356904,0.9380441106932862,35.814303047473594,44.10673312666919,35.814303047473594,44.10673312666919,32.266953290455675,36.381961194108904,32.266953290455675,36.381961194108904,96,101,96,101,-1,4,-1,4,-1,4,-1,4,96,101,96,101,-0.2692545491818653,-0.2692545491818653,,-0.2692545491818653,,,,,
1788315600,18.337980516587645,18.34,18.29,18.31,19.0186755847125,18.89488095238094,18.989926470588298,18.337980516587645,18.34,18.29,18.31,98.01115149511548,1.9888485048845106,0.9602230299023098,33.699106428910966,42.61992931270373,33.699106428910966,42.61992931270373,28.708962404034395,32.545461799071646,28.708962404034395,32.545461799071646,96,101,96,101,-1,4,-1,4,-1,4,-1,4,96,101,96,101,-0.26416516781153143,,,,,,,,
1788316200,18.323990258293822,18.36,18.25,18.3125,19.01164896197904,18.854166666666657,18.96948529411771,18.323990258293822,18.36,18.25,18.3125,97.01988858912584,2.9801114108741644,0.9403977717825167,31.748838029503702,41.06691627224659,31.748838029503702,41.06691627224659,25.589651468269118,29.06755663367038,25.589651468269118,29.06755663367038,96,101,96,101,-1,4,-1,4,-1,4,-1,4,96,101,96,101,-0.2512798396286081,,,,,,,,
1788316800,18.31824512914691,18.42,18.31824512914691,18.36,19.00516489270562,18.81583333333332,18.949852941176534,18.31824512914691,18.42,18.31824512914691,18.36,99.50109699802788,0.49890300197212856,0.9900219399605574,30.200886697385215,39.51462633298068,30.200886697385215,39.51462633298068,23.43816526402375,26.252860948847065,23.43816526402375,26.252860948847065,96,101,96,101,-1,4,-1,4,-1,4,-1,4,96,101,96,101,-0.23930863946295294,,,,,,,,
1788317400,18.339122564573454,18.37,18.28,18.317500000000003,18.998322455962278,18.77595238095237,18.92808823529418,18.339122564573454,18.37,18.28,18.317500000000003,99.85104331214754,0.14895668785246952,0.9970208662429506,28.52817662874586,37.945133518089996,28.52817662874586,37.945133518089996,21.22820543536603,23.740533192106547,21.22820543536603,23.740533192106547,96,101,96,101,-1,4,-1,4,-1,4,-1,4,96,101,96,101,-0.23373356711949533,,,,,,,,
1788318000,18.328311282286727,18.328311282286727,18.27,18.29,18.991274471325838,18.734999999999985,18.905735294117708,18.328311282286727,18.328311282286727,18.27,18.29,99.9103925232136,0.08960747678638525,0.9982078504642723,26.82267564031384,36.35621096412198,26.82267564031384,36.35621096412198,19.051841308521333,21.39618725031394,19.051841308521333,21.39618725031394,96,101,96,101,-1,4,-1,4,-1,4,-1,4,96,101,96,101,-0.24197526992154894,,,,,,,,
1788318600,18.309155641143363,18.37,18.29,18.33,18.984694625840007,18.696547619047607,18.879338235294178,18.309155641143363,18.37,18.29,18.33,99.78575986788634,0.21424013211366888,0.9957151973577266,25.460480093469705,34.79967798260022,25.460480093469705,34.79967798260022,17.480583405247224,19.43838532778058,17.480583405247224,19.43838532778058,96,101,96,101,-1,4,-1,4,-1,4,-1,4,96,101,96,101,-0.24845535214180847,,,,,,,,
1788319200,18.31957782057168,18.38,18.31957782057168,18.3625,18.978503634538114,18.66142857142856,18.853823529411827,18.31957782057168,18.38,18.31957782057168,18.3625,99.51714368211363,0.48285631788637096,0.9903428736422726,24.394342290928858,33.313201455218596,24.394342290928858,33.313201455218596,16.40990136090427,17.924143344342426,16.40990136090427,17.924143344342426,96,101,96,101,-1,4,-1,4,-1,4,-1,4,96,101,96,101,-0.23835950993069002,,,,,,,,
1788325200,18.34103891028584,18.37,18.3,18.337500000000002,18.97212548892082,18.62416666666665,18.829705882353004,18.34103891028584,18.37,18.3,18.337500000000002,99.70877965383762,0.2912203461623797,0.9941755930767524,23.29714737338953,31.88233658638587,23.29714737338953,31.88233658638587,15.35263792587917,16.6383906351108,15.35263792587917,16.6383906351108,96,101,96,101,-1,4,-1,4,-1,4,-1,4,96,101,96,101,-0.22548991840712473,,,,,,,,
1788325800,18.33926945514292,18.42,18.29,18.36,18.966034688036036,18.5867857142857,18.80669117647065,18.33926945514292,18.42,18.29,18.36,99.76838173454186,0.23161826545813335,0.9953676346908373,22.413377542997353,30.529628151616084,22.413377542997353,30.529628151616084,14.646245365382441,15.64231800024662,14.646245365382441,15.64231800024662,96,101,96,101,-1,4,-1,4,-1,4,-1,4,96,101,96,101,-0.220483951066096,,,,,,,,
1788326400,18.34963472757146,18.48,18.34963472757146,18.424999999999997,18.960651258304335,18.553928571428557,18.781838235294178,18.34963472757146,18.48,18.34963472757146,18.424999999999997,98.99576889269979,1.004231107300213,0.9799153778539957,21.982890191486717,29.30866558588332,21.982890191486717,29.30866558588332,14.682906330480117,15.162612165363369,14.682906330480117,15.162612165363369,96,101,96,101,-1,4,-1,4,-1,4,-1,4,96,101,96,101,-0.2065415021975631,,,,,,,,
1788327000,18.387317363785726,18.52,18.387317363785726,18.48,18.95586865871922,18.52583333333332,18.75750000000006,18.387317363785726,18.52,18.387317363785726,18.48,98.16128719915834,1.8387128008416576,0.9632257439831668,21.913283989333703,28.252182500661945,21.913283989333703,28.252182500661945,15.64865608177523,15.4056341235693,15.64865608177523,15.4056341235693,96,101,96,101,-1,4,-1,4,-1,4,-1,4,96,101,96,101,-0.175693403575467,,,,,,,,
1788327600,18.433658681892865,18.6,18.433658681892865,18.5225,18.951556532761813,18.50238095238094,18.73875000000006,18.433658681892865,18.6,18.433658681892865,18.5225,96.5157530756938,3.4842469243062113,0.9303150615138758,22.103751699579373,27.373835243364432,22.103751699579373,27.373835243364432,17.384314418481,16.39497427102515,17.384314418481,16.39497427102515,96,101,96,101,-1,4,-1,4,-1,4,-1,4,96,101,96,101,-0.15058126720544876,,,,,,,,
1788328200,18.478079340946433,18.57,18.478079340946433,18.545,18.94751119412737,18.479523809523794,18.722352941176528,18.478079340946433,18.57,18.478079340946433,18.545,95.18334178024075,4.816658219759251,0.903666835604815,22.415668594987576,26.66552572216774,22.415668594987576,26.66552572216774,19.17535603768594,17.785165154355546,19.17535603768594,17.785165154355546,96,101,96,101,-1,4,-1,4,-1,4,-1,4,96,101,96,101,-0.1381590671564531,,,,,,,,
1788328800,18.51153967047322,18.57,18.5,18.53,18.943356853887295,18.455119047619036,18.704852941176533,18.51153967047322,18.57,18.5,18.53,94.35112232032697,5.648877679673042,0.8870224464065392,22.615269697746573,26.086917718679,22.615269697746573,26.086917718679,20.78453161968767,19.284848387021608,20.78453161968767,19.284848387021608,96,101,96,101,-1,4,-1,4,-1,4,-1,4,96,101,96,101,-0.13055331964488698,,,,,,,,
1788329400,18.52076983523661,18.54,18.44,18.482499999999998,18.93877121355011,18.427857142857132,18.684705882353,18.52076983523661,18.54,18.44,18.482499999999998,96.66907963375763,3.3309203662423736,0.9333815926751525,22.515499533261657,25.576715120762234,22.515499533261657,25.576715120762234,21.690923524493993,20.4878859557578,21.690923524493993,20.4878859557578,96,101,96,101,-1,4,-1,4,-1,4,-1,4,96,101,96,101,-0.13044176684330733,,,,,,,,
1788330000,18.501634917618304,18.501634917618304,18.43,18.4375,18.93378344028095,18.398095238095227,18.663308823529473,18.501634917618304,18.501634917618304,18.43,18.4375,97.15604432590595,2.8439556740940453,0.9431208865181191,22.152747765879816,25.087576927207603,22.152747765879816,25.087576927207603,22.00391334569768,21.24589965072774,22.00391334569768,21.24589965072774,96,101,96,101,-1,4,-1,4,-1,4,-1,4,96,101,96,101,-0.14000457470646843,,,,,,,,
1788330600,18.469567458809152,18.469567458809152,18.39,18.4175,18.92864629162144,18.39130952380951,18.641617647058883,18.469567458809152,18.469567458809152,18.39,18.4175,98.25173430329734,1.7482656967026555,0.9650346860659469,21.69585881981757,24.603045769009025,21.69585881981757,24.603045769009025,21.87875583684296,21.56232774378535,21.87875583684296,21.56232774378535,96,101,96,101,-1,4,-1,4,-1,4,-1,4,96,101,96,101,-0.1486500454715917,,,,,,,,
1788331200,18.443533729404578,18.443533729404578,18.38,18.402499999999996,18.923411005137645,18.387857142857133,18.619632352941238,18.443533729404578,18.443533729404578,18.38,18.402499999999996,98.52266667512845,1.4773333248715548,0.9704533335025689,21.181568784068272,24.114263342588917,21.181568784068272,24.114263342588917,21.555855941637837,21.559091842711595,21.555855941637837,21.559091842711595,96,101,96,101,-1,4,-1,4,-1,4,-1,4,96,101,96,101,-0.15097131869675692,-0.15097131869675692,,-0.15097131869675692,,,,,
1788331800,18.423016864702287,18.46,18.38,18.424999999999997,18.918451691653686,18.390833333333322,18.598676470588295,18.423016864702287,18.46,18.38,18.424999999999997,98.48307261450846,1.5169273854915455,0.9696614522901691,20.839067772481144,23.64637826114495,20.839067772481144,23.64637826114495,21.403550882201078,21.481321362456335,21.403550882201078,21.481321362456335,96,101,96,101,-1,4,-1,4,-1,4,-1,4,96,101,96,101,-0.14330804672109076,,,,,,,,
1788399000,18.424008432351144,18.66,18.424008432351144,18.6,18.915283018104894,18.406547619047608,18.583970588235356,18.424008432351144,18.66,18.424008432351144,18.6,96.45899614258799,3.541003857412001,0.92917992285176,21.571451286931772,23.349960121971638,21.571451286931772,23.349960121971638,23.08151432669601,22.281417844576172,23.08151432669601,22.281417844576172,96,101,96,101,-1,4,-1,4,-1,4,-1,4,96,101,96,101,-0.11674736713180661,,,,,,,,
1788399600,18.512004216175573,18.65,18.51,18.597499999999997,18.91212099802425,18.421190476190468,18.568602941176533,18.512004216175573,18.65,18.51,18.597499999999997,93.05332045846839,6.946679541531603,0.8610664091693679,22.236515690806367,23.19089663180517,22.236515690806367,23.19089663180517,25.003012937093725,23.64221539083495,25.003012937093725,23.64221539083495,96,101,96,101,-1,4,-1,4,-1,4,-1,4,96,101,96,101,-0.09794139214352407,,,,,,,,
1788400200,18.554752108087783,18.67,18.55,18.6125,18.909139694561322,18.435595238095225,18.55294117647065,18.554752108087783,18.67,18.55,18.6125,90.81465777059142,9.185342229408578,0.8162931554118285,22.94411150880999,23.15564161423443,22.94411150880999,23.15564161423443,27.282604081687527,25.462409736261236,27.282604081687527,25.462409736261236,96,101,96,101,-1,4,-1,4,-1,4,-1,4,96,101,96,101,-0.08642084513458241,,,,,,,,
1788400800,18.58362605404389,18.67,18.58362605404389,18.610000000000003,18.906163180187576,18.449761904761893,18.538088235294182,18.58362605404389,18.67,18.58362605404389,18.610000000000003,89.02395485626747,10.976045143732533,0.7804790971253494,23.58615876598384,23.217144064484348,23.58615876598384,23.217144064484348,29.479825932020045,27.471117834140642,29.479825932020045,27.471117834140642,96,101,96,101,-1,4,-1,4,-1,4,-1,4,96,101,96,101,-0.07451018215375638,,,,,,,,
1788401400,18.596813027021945,18.66,18.59,18.627499999999998,18.903390412225512,18.46249999999999,18.52507352941183,18.596813027021945,18.66,18.59,18.627499999999998,88.86766721049041,11.132332789509592,0.7773533442098082,24.287387521594816,23.370035986928702,24.287387521594816,23.370035986928702,31.700133399820995,29.58562561698082,31.700133399820995,29.58562561698082,96,101,96,101,-1,4,-1,4,-1,4,-1,4,96,101,96,101,-0.06276167271974378,,,,,,,,
1788402000,18.61215651351097,18.7,18.58,18.634999999999998,18.900719860860086,18.477619047619037,18.51389705882359,18.61215651351097,18.7,18.58,18.634999999999998,88.6355407784477,11.364459221552298,0.772710815568954,24.98354651615075,23.600537491103278,24.98354651615075,23.600537491103278,33.935094220051525,31.760359918516173,33.935094220051525,31.760359918516173,96,101,96,101,-1,4,-1,4,-1,4,-1,4,96,101,96,101,-0.04830054420434764,,,,,,,,
1788402600,18.623578256755486,18.7,18.61,18.6525,18.898250011498295,18.494880952380942,18.502941176470653,18.623578256755486,18.7,18.61,18.6525,86.8890528926388,13.11094710736121,0.7377810578527758,25.735021885045136,23.905463833094974,25.735021885045136,23.905463833094974,36.107654732331554,33.93400732542386,36.107654732331554,33.93400732542386,96,101,96,101,-1,4,-1,4,-1,4,-1,4,96,101,96,101,-0.03915733134257116,,,,,,,,
1788403200,18.63803912837774,18.74,18.62,18.6725,18.896003742727167,18.511190476190468,18.492058823529476,18.63803912837774,18.74,18.62,18.6725,85.29143073808243,14.708569261917582,0.7058286147616484,26.552868461083317,24.283664494236167,26.552868461083317,24.283664494236167,38.32097843738583,36.12749288140485,38.32097843738583,36.12749288140485,96,101,96,101,-1,4,-1,4,-1,4,-1,4,96,101,96,101,-0.02388856572433836,,,,,,,,
1788403800,18.65526956418887,18.65526956418887,18.59,18.615,18.893207685585605,18.523214285714275,18.479117647058885,18.65526956418887,18.65526956418887,18.59,18.615,88.95793289669794,11.042067103302072,0.7791586579339586,26.967159369325252,24.66702090496318,26.967159369325252,24.66702090496318,39.50382732743235,37.8156601044186,39.50382732743235,37.8156601044186,96,101,96,101,-1,4,-1,4,-1,4,-1,4,96,101,96,101,-0.016082793348224114,,,,,,,,
1788404400,18.635134782094433,18.7,18.6,18.65,18.890787708614603,18.538095238095227,18.466985294117713,18.635134782094433,18.7,18.6,18.65,87.47889224989225,12.521107750107745,0.7495778449978451,27.561942103449063,25.080581076175452,27.561942103449063,25.080581076175452,41.07837514190483,39.44701762316171,41.07837514190483,39.44701762316171,96,101,96,101,-1,4,-1,4,-1,4,-1,4,96,101,96,101,-0.01566358775811936,,,,,,,,
1788405000,18.642567391047216,18.76,18.642567391047216,18.715,18.8890385771856,18.55499999999999,18.471544117647124,18.642567391047216,18.76,18.642567391047216,18.715,83.25847068264267,16.741529317357333,0.6651694136528533,28.50439641898901,25.56969755372025,28.50439641898901,25.56969755372025,46.709736682237164,43.07837715269944,46.709736682237164,43.07837715269944,96,101,96,101,-1,4,-1,4,-1,4,-1,4,96,101,96,101,0.0038731080361229277,,,,,,,,
1788405600,18.678783695523606,18.73,18.678783695523606,18.705,18.887207347561866,18.56833333333332,18.478308823529478,18.678783695523606,18.73,18.678783695523606,18.705,80.21462660436819,19.78537339563181,0.6042925320873638,29.319508559529392,26.105384840264414,29.319508559529392,26.105384840264414,52.69226697316937,47.88532206293441,52.69226697316937,47.88532206293441,96,101,96,101,-1,4,-1,4,-1,4,-1,4,96,101,96,101,0.02193594124950214,,,,,,,,
1788411600,18.691891847761802,18.75,18.62,18.672500000000003,18.885070956043837,18.57749999999999,18.487426470588304,18.691891847761802,18.75,18.62,18.672500000000003,82.75768550025234,17.242314499747668,0.6551537100050466,29.881320373104437,26.644804202098705,29.881320373104437,26.644804202098705,57.331333134747894,52.60832759884115,57.331333134747894,52.60832759884115,96,101,96,101,-1,4,-1,4,-1,4,-1,4,96,101,96,101,0.0284056404527333,,,,,0.0284056404527333,,0.0284056404527333,
1788412200,18.682195923880904,18.682195923880904,18.56,18.605000000000004,18.882284180361808,18.581428571428564,18.497279411764772,18.682195923880904,18.682195923880904,18.56,18.605000000000004,88.59332418013466,11.406675819865347,0.771866483602693,29.997840706598197,27.123809417027207,29.997840706598197,27.123809417027207,59.69795976122258,56.15314368003186,59.69795976122258,56.15314368003186,96,101,96,101,-1,4,-1,4,-1,4,-1,4,96,101,96,101,0.02440675101234148,,,,,,,,
1788412800,18.643597961940454,18.643597961940454,18.5,18.5625,18.879102248218903,18.582261904761896,18.505294117647125,18.643597961940454,18.643597961940454,18.5,18.5625,92.61512215534187,7.384877844658128,0.8523024431068374,29.85093611831177,27.513398945782146,29.85093611831177,27.513398945782146,60.48170177785978,58.31742272894582,60.48170177785978,58.31742272894582,96,101,96,101,-1,4,-1,4,-1,4,-1,4,96,101,96,101,0.01974998404170648,,,,,,,,
1788413400,18.60304898097023,18.60304898097023,18.53,18.560000000000002,18.875927101470456,18.58369047619047,18.512647058823596,18.60304898097023,18.60304898097023,18.53,18.560000000000002,91.69688642605047,8.303113573949528,0.8339377285210094,29.699518712501995,27.82570176959927,29.699518712501995,27.82570176959927,60.83920635267792,59.578314540811874,60.83920635267792,59.578314540811874,96,101,96,101,-1,4,-1,4,-1,4,-1,4,96,101,96,101,0.019582182627663335,,,,,,,,
1788414000,18.581524490485116,18.59,18.54,18.57,18.872883050709557,18.587857142857136,18.52022058823536,18.581524490485116,18.59,18.54,18.57,91.24481837699548,8.755181623004516,0.8248963675399097,29.63623589889713,28.084349502356105,29.63623589889713,28.084349502356105,60.90313600191715,60.24072527136451,60.90313600191715,60.24072527136451,96,101,96,101,-1,4,-1,4,-1,4,-1,4,96,101,96,101,0.020531985421249756,,,,,,,,
1788414600,18.575762245242558,18.62,18.57,18.5975,18.87014292085175,18.595476190476184,18.52720588235301,18.575762245242558,18.62,18.57,18.5975,87.65965592562561,12.340344074374393,0.7531931185125121,30.06718515450189,28.36761173837693,30.06718515450189,28.36761173837693,61.59488768235779,60.91780647686115,61.59488768235779,60.91780647686115,96,101,96,101,-1,4,-1,4,-1,4,-1,4,96,101,96,101,0.02067077558174045,,,,,,,,
1788415200,18.586631122621277,18.67,18.586631122621277,18.6325,18.867778314674123,18.605714285714278,18.53647058823536,18.586631122621277,18.67,18.586631122621277,18.6325,85.24561139123217,14.754388608767833,0.7049122278246434,30.852766670918893,28.722633871597214,30.852766670918893,28.722633871597214,63.04787600320192,61.98284124003153,63.04787600320192,61.98284124003153,96,101,96,101,-1,4,-1,4,-1,4,-1,4,96,101,96,101,0.022927627350129647,,,,,,,,
1788415800,18.60956556131064,18.68,18.60956556131064,18.6525,18.865636241891295,18.61761904761904,18.547132352941247,18.60956556131064,18.68,18.60956556131064,18.6525,82.00187556237657,17.998124437623435,0.6400375112475313,31.728443687136053,29.152035273817052,31.728443687136053,29.152035273817052,64.7044476539376,63.34364444698457,64.7044476539376,63.34364444698457,96,101,96,101,-1,4,-1,4,-1,4,-1,4,96,101,96,101,0.03174438478123784,,,,,,,,
1788416400,18.631032780655318,18.68,18.631032780655318,18.6625,18.863614985753074,18.628928571428567,18.556911764705955,18.631032780655318,18.68,18.631032780655318,18.6625,80.33871032410929,19.661289675890714,0.6067742064821857,32.61445864242809,29.64666718361863,32.61445864242809,29.64666718361863,66.50694638611444,64.9252954165495,66.50694638611444,64.9252954165495,96,101,96,101,-1,4,-1,4,-1,4,-1,4,96,101,96,101,0.042561240525991806,,,,,,,,
1788417000,18.64676639032766,18.66,18.6,18.635,18.86134020977543,18.630595238095232,18.564926470588308,18.64676639032766,18.66,18.6,18.635,83.41226267945613,16.58773732054386,0.6682452535891228,33.267181405082354,30.16388350097059,33.267181405082354,30.16388350097059,67.50301416881325,66.21415479268137,67.50301416881325,66.21415479268137,96,101,96,101,-1,4,-1,4,-1,4,-1,4,96,101,96,101,0.050291541350998364,,,,,,,,
1788417600,18.64088319516383,18.64088319516383,18.59,18.605,18.858789560921945,18.630952380952376,18.572794117647135,18.64088319516383,18.64088319516383,18.59,18.605,84.74032699498248,15.259673005017522,0.6948065398996496,33.65236800575026,30.662238430224825,33.65236800575026,30.662238430224825,67.77927895519953,66.99671687394044,67.77927895519953,66.99671687394044,96,101,96,101,-1,4,-1,4,-1,4,-1,4,96,101,96,101,0.05123618858158857,,,,,,,,
1788418200,18.622941597581914,18.622941597581914,18.59,18.6,18.85621454041526,18.630357142857136,18.57985294117654,18.622941597581914,18.622941597581914,18.59,18.6,85.26753064605327,14.732469353946726,0.7053506129210655,34.00160362438715,31.139290600819443,34.00160362438715,31.139290600819443,67.06212305750084,67.02941996572065,67.06212305750084,67.02941996572065,96,101,96,101,-1,4,-1,4,-1,4,-1,4,96,101,96,101,0.04869559036932605,,,,,,,,