time,open,high,low,close,成交量中心线,通道上轨,通道下轨,多头订单块反应信号,空头订单块反应信号,多头趋势线 Pin Bar,空头趋势线 Pin Bar,多头趋势转换,空头趋势转换,需求强度 %,供给强度 %,成交量压力 %,趋势 Delta %,趋势力度 %,趋势状态,通道位置,合并成交量,red_green (开盘价),red_green (最高价,red_green (最低价),red_green (关闭),cyan_magenta (开盘价),cyan_magenta (最高价,cyan_magenta (最低价),cyan_magenta (关闭),yellow (开盘价),yellow (最高价,yellow (最低价),yellow (关闭),blue (开盘价),blue (最高价,blue (最低价),blue (关闭),fuchsia (开盘价),fuchsia (最高价,fuchsia (最低价),fuchsia (关闭),white (开盘价),white (最高价,white (最低价),white (关闭)
1787880600,19.5,19.53,19.48,19.48,19.502448105511156,,,0,0,0,0,0,0,44.53339356823985,55.46660643176015,9.289434627814712,4.879399302738518,25.13943373220427,-1,2,75360,66.27122397148874,68.8063309051191,66.27122397148874,68.8063309051191,39.03612771410041,39.44312876216759,39.03612771410041,39.44312876216759,96,101,96,101,-1,4,-1,4,-1,4,-1,4,96,101,96,101
1787880600.001,19.48,19.48,19.46,19.46,19.50058499612819,,,0,0,0,0,0,0,41.07485725217595,58.92514274782405,-3.0936104449632866,-3.154697587141723,33.868834160229866,-1,1,75360,64.68042225923952,68.21691538427915,64.68042225923952,68.21691538427915,36.1262047073244,37.784666734746,36.1262047073244,37.784666734746,96,101,96,101,-1,4,-1,4,-1,4,-1,4,96,101,96,101
1787880600.002,19.46,19.46,19.44,19.44,19.498465153761817,,,0,0,0,0,0,0,39.45214316946048,60.54785683053952,-13.833073358468143,-10.04549956520959,54.32714375420664,-1,0,75360,62.63182066929384,67.41904471070981,62.63182066929384,67.41904471070981,31.727223082468456,34.755944908607226,31.727223082468456,34.755944908607226,96,101,96,101,-1,4,-1,4,-1,4,-1,4,96,101,96,101
1787880600.003,19.44,19.44,19.42,19.42,19.49602770385381,,,0,0,0,0,0,0,37.952771043297524,62.047228956702476,-23.195904930565305,-16.020841064406856,63.530047596983295,-1,0,75360,60.15811919291571,66.38176963673922,60.15811919291571,66.38176963673922,27.867031549678778,31.311488229143002,27.867031549678778,31.311488229143002,96,101,96,101,-1,4,-1,4,-1,4,-1,4,96,101,96,101
1787880600.004,19.42,19.42,19.400000000000002,19.400000000000002,19.493238252559475,,,0,0,0,0,0,0,36.56319298734102,63.43680701265898,-31.395828712654083,-21.251790509740456,71.58857153343672,-1,0,75360,57.28968210770746,65.08289998973468,57.28968210770746,65.08289998973468,24.48753080198025,27.899509515561626,24.48753080198025,27.899509515561626,96,101,96,101,-1,4,-1,4,-1,4,-1,4,96,101,96,101
1787880600.005,19.400000000000002,19.400000000000002,19.380000000000003,19.380000000000003,19.49010456553233,,,0,0,0,0,0,0,35.46687759350484,64.53312240649515,-38.60597729918607,-25.869293057715815,78.68516221414113,-1,0,75360,53.197561957156935,63.38499455650929,53.197561957156935,63.38499455650929,21.53352980305809,24.71651965930986,21.53352980305809,24.71651965930986,96,101,96,101,-1,4,-1,4,-1,4,-1,4,96,101,96,101
1787880600.006,19.38,19.38,19.36,19.36,19.486498622726383,,,0,0,0,0,0,0,33.71914031067797,66.28085968932203,-44.96808481853293,-29.975282436565237,84.9660203530589,-1,0,75360,49.397736103074294,61.38681477744715,49.397736103074294,61.38681477744715,18.95420566970191,21.835362664505887,18.95420566970191,21.835362664505887,96,101,96,101,-1,4,-1,4,-1,4,-1,4,96,101,96,101
1787880600.007,19.38,19.4,19.38,19.4,19.483602553726286,,,0,0,0,0,0,0,34.39677116536846,65.60322883463154,-42.42595424102345,-28.85772141789647,82.77020539535195,-1,0,11800,47.05980257190229,59.340098748083605,47.05980257190229,59.340098748083605,18.23403964235319,20.034701153429538,18.23403964235319,20.034701153429538,96,101,96,101,-1,4,-1,4,-1,4,-1,4,96,101,96,101
1787880720,19.400000000000002,19.42,19.400000000000002,19.42,19.48134371749224,,,0,0,0,0,0,0,34.93686834295266,65.06313165704734,-40.55339706891221,-28.097001059744837,81.19023887719423,-1,0,8150,45.48410238819503,57.360670696670944,45.48410238819503,57.360670696670944,18.858990500899196,19.446845827164367,18.858990500899196,19.446845827164367,96,101,96,101,-1,4,-1,4,-1,4,-1,4,96,101,96,101
1787880720.001,19.400000000000002,19.400000000000002,19.380000000000003,19.380000000000003,19.479530619878958,,,0,0,0,0,0,0,34.53884308787991,65.46115691212009,-40.980179489506966,-28.308618542881824,81.57327881943327,-1,0,4075,42.83047602713357,55.28492860102274,42.83047602713357,55.28492860102274,17.903979435553705,18.675412631359038,17.903979435553705,18.675412631359038,96,101,96,101,-1,4,-1,4,-1,4,-1,4,96,101,96,101
1787880720.002,19.38,19.38,19.36,19.36,19.47803178772472,,,0,0,0,0,0,0,34.13883966939774,65.86116033060226,-41.4426178138011,-28.5189940597881,81.97696712415352,-1,0,4075,39.771156310909745,53.06867541672089,39.771156310909745,53.06867541672089,15.843162497555294,17.259287564457168,15.843162497555294,17.259287564457168,96,101,96,101,-1,4,-1,4,-1,4,-1,4,96,101,96,101
1787880720.003,19.38,19.4,19.38,19.4,19.476789212175394,,,0,0,0,0,0,0,33.92236362134813,66.07763637865187,-40.634547077580734,-28.268062363640322,81.34156566473263,-1,0,2716.6666666666665,38.1208356220352,50.93326973176579,38.1208356220352,50.93326973176579,15.56743120908466,16.413359386770914,15.56743120908466,16.413359386770914,96,101,96,101,-1,4,-1,4,-1,4,-1,4,96,101,96,101
1787880720.004,19.400000000000002,19.42,19.400000000000002,19.42,19.475668240384962,,,0,0,0,0,0,0,36.75287442633825,63.24712557366175,-39.7562669214792,-28.018108639884193,80.66462533681803,-1,0,2716.6666666666665,37.18363307760416,48.96903592402841,37.18363307760416,48.96903592402841,16.573326129526173,16.493342758148543,16.573326129526173,16.493342758148543,96,101,96,101,-1,4,-1,4,-1,4,-1,4,96,101,96,101
1787880720.005,19.42,19.44,19.42,19.44,19.47464493411498,,,0,0,0,0,0,0,36.041192993546154,63.958807006453846,-38.80274258020369,-27.769127182366237,65.76152515503131,-1,1,2716.6666666666665,36.908611667299134,47.24611817306708,36.908611667299134,47.24611817306708,18.67775780046359,17.585550279306066,18.67775780046359,17.585550279306066,96,101,96,101,-1,4,-1,4,-1,4,-1,4,96,101,96,101
1787880840,19.42,19.42,19.400000000000002,19.400000000000002,19.47353032402129,,,0,0,0,0,0,0,34.93526504703402,65.06473495296598,-40.723804808692165,-28.370708292858854,81.4567078609306,-1,0,11731.25,35.462758452968316,45.56278107019583,35.462758452968316,45.56278107019583,18.990873145739084,18.288211712522575,18.990873145739084,18.288211712522575,96,101,96,101,-1,4,-1,4,-1,4,-1,4,96,101,96,101
1787880840.001,19.400000000000002,19.400000000000002,19.380000000000003,19.380000000000003,19.472249208058216,,,0,0,0,0,0,0,33.81701839906161,66.18298160093839,-42.70231915084094,-28.962351530521897,82.99880240881771,-1,0,11731.25,33.52494237299448,43.843089827738496,33.52494237299448,43.843089827738496,18.017021702559322,18.15261670754095,18.017021702559322,18.15261670754095,96,101,96,101,-1,4,-1,4,-1,4,-1,4,96,101,96,101
1787880840.002,19.38,19.38,19.36,19.36,19.470741491315376,,,0,0,0,0,0,0,32.68624607371654,67.31375392628345,-44.731538270459374,-29.544301132373107,84.5655036416995,-1,0,11731.25,31.130303632066305,42.02697751407105,31.130303632066305,42.02697751407105,15.940055869274396,17.046336288407673,15.940055869274396,17.046336288407673,96,101,96,101,-1,4,-1,4,-1,4,-1,4,96,101,96,101
1787880840.003,19.36,19.36,19.34,19.34,19.46905275821557,,,0,0,0,0,0,0,33.03095055617632,66.96904944382368,-46.80389456653536,-30.116793397176504,86.15241277822712,-1,0,11731.25,28.90671051549014,40.15265365713092,28.90671051549014,40.15265365713092,14.234333602235136,15.640334945321404,14.234333602235136,15.640334945321404,96,101,96,101,-1,4,-1,4,-1,4,-1,4,96,101,96,101
1787880960,19.36,19.38,19.33,19.38,19.467285962834897,,,0,0,0,0,0,0,34.439955693812884,65.56004430618711,-37.97498274545628,-28.49694858770433,79.88315879989636,-1,0,18200,28.164696801420742,38.440088392029466,28.164696801420742,38.440088392029466,14.649836965181219,15.14508595525131,14.649836965181219,15.14508595525131,96,101,96,101,-1,4,-1,4,-1,4,-1,4,96,101,96,101
1787880960.001,19.38,19.4,19.38,19.4,19.46558834306111,,,0,0,0,0,0,0,35.866970692981724,64.13302930701828,-29.413631567277644,-26.916939274909367,73.7983425053122,-1,0,18200,28.00478459602824,36.949330706886435,28.00478459602824,36.949330706886435,16.774690187842467,15.959888071546889,16.774690187842467,15.959888071546889,96,101,96,101,-1,4,-1,4,-1,4,-1,4,96,101,96,101
1787881080,19.38,19.38,19.36,19.36,19.46406383294988,,,0,0,0,0,0,0,36.34427571229095,63.65572428770905,-31.478008626345392,-27.311448575418108,75.27367432105811,-1,0,8033.333333333333,26.798093632819896,35.49915398201979,26.798093632819896,35.49915398201979,16.963339888898993,16.461613980222943,16.963339888898993,16.461613980222943,96,101,96,101,-1,4,-1,4,-1,4,-1,4,96,101,96,101
1787881080.001,19.36,19.36,19.34,19.34,19.462708128523353,,,0,0,0,0,0,0,38.561465531705366,61.438534468294634,-33.61370400883818,-27.701721546714175,76.78925533333141,-1,0,8033.333333333333,25.158669362343794,34.02194189349465,25.158669362343794,34.02194189349465,15.76449541497469,16.113054697598816,15.76449541497469,16.113054697598816,96,101,96,101,-1,4,-1,4,-1,4,-1,4,96,101,96,101
1787881080.002,19.34,19.34,19.32,19.32,19.461750380850123,,,0,0,0,0,0,0,41.06675089556479,58.93324910443521,-35.81429991392822,-28.087826060365135,78.34127558457601,-1,0,8033.333333333333,23.361621550747806,32.499038987387955,23.361621550747806,32.499038987387955,14.031905160887572,15.072479929243194,14.031905160887572,15.072479929243194,96,101,96,101,-1,4,-1,4,-1,4,-1,4,96,101,96,101
1787881200,19.32,19.32,19.3,19.3,19.460604110410642,,,0,0,0,0,0,0,38.93673547296587,61.06326452703413,-38.38716935647696,-28.524968845931742,80.14728292144522,-1,0,9200,21.692934297122964,30.95530974592153,21.692934297122964,30.95530974592153,12.503537756951204,13.788008843097199,12.503537756951204,13.788008843097199,96,101,96,101,-1,4,-1,4,-1,4,-1,4,96,101,96,101
1787881200.001,19.3,19.3,19.28,19.28,19.45932386997476,,,0,0,0,0,0,0,36.89839229566254,63.10160770433746,-39.12147045040477,-28.643625348733302,80.65905747948284,-1,0,2516.6666666666665,20.14343899018561,29.4107567808164,20.14343899018561,29.4107567808164,11.15687851694714,12.47244368002217,11.15687851694714,12.47244368002217,96,101,96,101,-1,4,-1,4,-1,4,-1,4,96,101,96,101
1787881200.002,19.28,19.28,19.26,19.26,19.457608886632173,,,0,0,0,0,0,0,34.08250216031549,65.9174978396845,-39.90924753017755,-28.761888538489604,81.2026816412003,-1,0,2516.6666666666665,18.70462191945807,27.881308943479496,18.70462191945807,27.881308943479496,9.971201994117916,11.221822837070043,9.971201994117916,11.221822837070043,96,101,96,101,-1,4,-1,4,-1,4,-1,4,96,101,96,101
1787881200.003,19.26,19.26,19.240000000000002,19.240000000000002,19.45528288745226,,,0,0,0,0,0,0,31.02400808649488,68.97599191350511,-40.752584774122866,-28.879760367548634,81.7794070850029,-1,0,2516.6666666666665,17.368577496639638,26.379490165359517,17.368577496639638,26.379490165359517,8.927696947339296,10.07475989220467,8.927696947339296,10.07475989220467,96,101,96,101,-1,4,-1,4,-1,4,-1,4,96,101,96,101
1787881320,19.26,19.28,19.26,19.28,19.45292927481908,,,0,0,0,0,0,0,32.19367473695887,67.80632526304113,-32.22584542340058,-27.99511070294419,76.13257367580687,-1,0,10512.5,16.944291348920466,25.03160462015394,16.944291348920466,25.03160462015394,9.176121192957508,9.625440542581089,9.176121192957508,9.625440542581089,96,101,96,101,-1,4,-1,4,-1,4,-1,4,96,101,96,101
1787881320.001,19.28,19.3,19.28,19.3,19.450496535737642,,,0,0,0,0,0,0,31.847821967777456,68.15217803222254,-23.96510908926684,-27.122522974719544,70.65257923839182,-1,0,10512.5,16.958474619915926,23.87830033440565,16.958474619915926,23.87830033440565,10.426823091500513,10.0261318170408,10.426823091500513,10.0261318170408,96,101,96,101,-1,4,-1,4,-1,4,-1,4,96,101,96,101
1787881320.002,19.28,19.28,19.26,19.26,19.44757720273155,,,0,0,0,0,0,0,33.6791954302586,66.3208045697414,-26.719620885744096,-27.393264249039422,72.46773108087011,-1,0,5750,16.155318269513764,22.77501718227824,16.155318269513764,22.77501718227824,10.316587280399395,10.171359548720098,10.316587280399395,10.171359548720098,96,101,96,101,-1,4,-1,4,-1,4,-1,4,96,101,96,101
1787881440,19.28,19.3,19.28,19.3,19.44473834183531,,,0,0,0,0,0,0,35.52081026585391,64.47918973414609,-23.01118803334251,-27.03622977847732,70.0284506870919,-1,0,4350,16.225856760466844,21.839422836305182,16.225856760466844,21.839422836305182,11.404365452164987,10.787862500442543,11.404365452164987,10.787862500442543,96,101,96,101,-1,4,-1,4,-1,4,-1,4,96,101,96,101
1787881440.001,19.3,19.32,19.3,19.32,19.442224976223216,,,0,0,0,0,0,0,37.03409412737187,62.96590587262813,-19.174790208690688,-26.681190976253333,67.51358871096642,-1,0,4350,16.699520053086534,21.10515101013109,16.699520053086534,21.10515101013109,13.321968417126609,12.054915458784576,13.321968417126609,12.054915458784576,96,101,96,101,-1,4,-1,4,-1,4,-1,4,96,101,96,101
1787881440.002,19.32,19.34,19.32,19.34,19.43920518941598,,,0,0,0,0,0,0,33.200306185390794,66.79969381460921,-15.221970498204259,-26.328131156615655,64.93006099289195,-1,0,4350,17.54751351868236,20.59691708278127,17.54751351868236,20.59691708278127,15.950849776256257,14.002882617520417,15.950849776256257,14.002882617520417,96,101,96,101,-1,4,-1,4,-1,4,-1,4,96,101,96,101
1787881440.003,19.32,19.32,19.3,19.3,19.430814988940224,,,0,0,0,0,0,0,13.504442115501849,86.49555788449815,-16.740829225844468,-26.430649854510186,65.9028874482128,-1,0,2175,17.518609491837683,20.157158855503614,17.518609491837683,20.157158855503614,17.021910645657975,15.512396631589196,17.021910645657975,15.512396631589196,96,101,96,101,-1,4,-1,4,-1,4,-1,4,96,101,96,101
1787881440.004,19.3,19.3,19.28,19.28,19.422196940697884,,,0,0,0,0,0,0,15.009288019976847,84.99071198002315,-18.349930239128977,-26.53288362741196,66.92968831992457,-1,0,2175,17.083606773032937,19.71807998657923,17.083606773032937,19.71807998657923,17.447351981992465,16.47987430679083,17.447351981992465,16.47987430679083,96,101,96,101,-1,4,-1,4,-1,4,-1,4,96,101,96,101
1787881560,19.28,19.31,19.26,19.26,19.413175526562878,,,0,0,0,0,0,0,16.731377166740906,83.26862283325909,-24.108065808047115,-26.895447264617356,70.60210784359867,-1,0,7762.5,16.271512411693845,19.22571319016703,16.271512411693845,19.22571319016703,17.162665335214264,16.821269821002545,17.162665335214264,16.821269821002545,96,101,96,101,-1,4,-1,4,-1,4,-1,4,96,101,96,101
1787881560.001,19.26,19.26,19.240000000000002,19.240000000000002,19.403815430394285,,,0,0,0,0,0,0,18.899849491434413,81.10015050856559,-29.57150855951154,-27.254449938508102,74.09557509881178,-1,0,7762.5,15.109261525144285,18.637648666592355,15.109261525144285,18.637648666592355,15.282284573040991,16.051777197021767,15.282284573040991,16.051777197021767,96,101,96,101,-1,4,-1,4,-1,4,-1,4,96,101,96,101
1787881680,19.240000000000002,19.240000000000002,19.220000000000002,19.220000000000002,19.392462495947054,,,0,0,0,0,0,0,20.535174884903,79.464825115097,-47.63930085407052,-28.77850458433182,85.8506832630414,-1,0,33825,14.030028559062552,17.979417222659528,14.030028559062552,17.979417222659528,13.618581582087028,14.835179389554398,13.618581582087028,14.835179389554398,96,101,96,101,-1,4,-1,4,-1,4,-1,4,96,101,96,101
1787881920,19.22,19.25,19.2,19.2,19.380974884216297,,,0,0,0,0,0,0,23.825268633982454,76.17473136601754,-51.323201487887204,-29.176436154788597,87.50586169287315,-1,0,9071.4,13.027883661986655,17.272055285420546,13.027883661986655,17.272055285420546,12.506403260836455,13.670791325195427,12.506403260836455,13.670791325195427,96,101,96,101,-1,4,-1,4,-1,4,-1,4,96,101,96,101
1787881920.001,19.2,19.2,19.18,19.18,19.369216415311787,,,0,0,0,0,0,0,28.370759999631574,71.62924000036843,-54.81978158989119,-29.569945753681797,87.74196745220908,-1,0,9071.4,12.097320543273323,16.532807465113798,12.097320543273323,16.532807465113798,11.159334663134688,12.415062994165059,11.159334663134688,12.415062994165059,96,101,96,101,-1,4,-1,4,-1,4,-1,4,96,101,96,101
1787881920.002,19.18,19.18,19.16,19.16,19.35696368419673,,,0,0,0,0,0,0,35.05958439943633,64.94041560056367,-58.12830845991272,-29.95910668175963,87.97546400905577,-1,0,9071.4,11.2332262187538,15.775724429919512,11.2332262187538,15.775724429919512,9.973307262278666,11.194185128221863,9.973307262278666,11.194185128221863,96,101,96,101,-1,4,-1,4,-1,4,-1,4,96,101,96,101
1787881920.003,19.16,19.16,19.14,19.14,19.345364276978906,,,0,0,0,0,0,0,31.165195829843572,68.83480417015643,-61.24973888036783,-30.343990628581185,88.20639437714871,-1,0,9071.4,10.430852917414242,15.012171356704473,10.430852917414242,15.012171356704473,8.929501462905481,10.061843295563673,8.929501462905481,10.061843295563673,96,101,96,101,-1,4,-1,4,-1,4,-1,4,96,101,96,101
1787881920.004,19.14,19.14,19.12,19.12,19.334262148142564,,,0,0,0,0,0,0,28.144990102270544,71.85500989772946,-64.1865248860945,-30.724667716543003,88.4348006299258,-1,0,9071.4,9.685791994741797,14.251260019281233,9.685791994741797,14.251260019281233,8.011001253918945,9.036422274741309,8.011001253918945,9.036422274741309,96,101,96,101,-1,4,-1,4,-1,4,-1,4,96,101,96,101
1787882040,19.14,19.16,19.14,19.16,19.3227685128081,,,0,0,0,0,0,0,34.74501189579482,65.25498810420518,-32.43823944288001,-28.70211267981561,76.68421127361736,-1,0,26085,9.674221818246622,13.597397419133431,9.674221818246622,13.597397419133431,8.295143931930523,8.665783103335915,8.295143931930523,8.665783103335915,96,101,96,101,-1,4,-1,4,-1,4,-1,4,96,101,96,101
1787882160,19.16,19.18,19.13,19.18,19.311937826893203,,,0,0,0,0,0,0,39.97606298427263,60.02393701572737,-11.102843982899827,-26.92913127890807,62.81918515708474,-1,0,23550,10.003614137351438,13.083999807450288,10.003614137351438,13.083999807450288,9.163694798797561,8.914738951066738,9.163694798797561,8.914738951066738,96,101,96,101,-1,4,-1,4,-1,4,-1,4,96,101,96,101
1787882280,19.18,19.2,19.18,19.2,19.30251012793177,,,0,0,0,0,0,0,42.31918899868813,57.68081100131187,0.6692408889730892,-25.770389789846515,55.86377840729176,-1,0,15750,10.649614488084817,12.736230476112365,10.649614488084817,12.736230476112365,11.068881256112155,9.991810103589447,11.068881256112155,9.991810103589447,96,101,96,101,-1,4,-1,4,-1,4,-1,4,96,101,96,101
1787882400,19.18,19.18,19.16,19.16,19.2927166402025,,,0,0,0,0,0,0,38.04347826086955,61.95652173913045,-19.137590603762845,-27.167712241442732,67.78318170712335,-1,0,33100,10.569199847779426,12.426654672064801,10.569199847779426,12.426654672064801,11.630469648096053,10.81113987584275,11.630469648096053,10.81113987584275,96,101,96,101,-1,4,-1,4,-1,4,-1,4,96,101,96,101
1787882400.001,19.18,19.2,19.18,19.2,19.284598178041144,,,0,0,0,0,0,0,38.55306381107575,61.44693618892425,-14.82974620557494,-26.75411633294133,64.95031752310976,-1,0,5737.5,11.17480121919652,12.247818464512191,11.17480121919652,12.247818464512191,13.397545412653713,12.10434264424823,13.397545412653713,12.10434264424823,96,101,96,101,-1,4,-1,4,-1,4,-1,4,96,101,96,101
1787882400.002,19.2,19.22,19.2,19.22,19.27711838233789,,,0,0,0,0,0,0,40.78073934551805,59.21926065448195,-10.437171510586703,-26.343202033180418,62.06822412626027,-1,0,5737.5,12.07728140421987,12.223456027327574,12.07728140421987,12.223456027327574,16.177487904723506,14.140915274485868,16.177487904723506,14.140915274485868,96,101,96,101,-1,4,-1,4,-1,4,-1,4,96,101,96,101
1787882520,19.22,19.24,19.22,19.24,19.270281305588817,,,0,0,0,0,0,0,44.39241092850493,55.60758907149507,-0.0873461097375106,-25.344602783280568,37.612657368378315,-1,1,14100,13.255434773306169,12.370881562467373,13.255434773306169,12.370881562467373,19.580703918334397,16.86080959641013,19.580703918334397,16.86080959641013,96,101,96,101,-1,4,-1,4,-1,4,-1,4,96,101,96,101
1787882520.001,19.240000000000002,19.26,19.240000000000002,19.26,19.26427097282937,,,0,0,0,0,0,0,47.95733604354368,52.04266395645632,9.266263295621197,-24.36166532631678,23.333697615760656,-1,2,14100,14.689570384736701,12.702122822791562,14.689570384736701,12.702122822791562,23.518154378980636,20.189481987695384,23.518154378980636,20.189481987695384,96,101,96,101,-1,4,-1,4,-1,4,-1,4,96,101,96,101
1787882520.002,19.26,19.28,19.26,19.28,19.259224209705927,,,0,0,0,0,0,0,51.47641642598102,48.52358357401898,17.724207502328085,-23.394024075429115,20.023833001941025,-1,3,14100,16.361403792629673,13.224877247054149,16.361403792629673,13.224877247054149,27.913520079942703,24.051501033819044,27.913520079942703,24.051501033819044,96,101,96,101,-1,4,-1,4,-1,4,-1,4,96,101,96,101
1787882640,19.26,19.26,19.240000000000002,19.240000000000002,19.253815473584435,,,0,0,0,0,0,0,44.4429178051651,55.5570821948349,-6.458880660635602,-24.86794307263995,28.996807043617387,-1,2,35550,17.233548419686763,13.797544557430237,17.233548419686763,13.797544557430237,30.456486599134806,27.253993816476925,30.456486599134806,27.253993816476925,96,101,96,101,-1,4,-1,4,-1,4,-1,4,96,101,96,101
1787882760,19.240000000000002,19.240000000000002,19.220000000000002,19.220000000000002,19.24774429438007,,,0,0,0,0,0,0,40.36479827479022,59.63520172520978,-13.13081219368499,-25.356092164735642,43.60409293995539,-1,1,12083.333333333334,17.703260947532296,14.355504041730532,17.703260947532296,14.355504041730532,32.03962587618156,29.64680984632924,32.03962587618156,29.64680984632924,96,101,96,101,-1,4,-1,4,-1,4,-1,4,96,101,96,101
1787882760.001,19.22,19.22,19.2,19.2,19.242215658926302,,,0,0,0,0,0,0,39.93871554595639,60.06128445404361,-19.45062046605929,-25.83793898529157,58.42480858076276,-1,1,12083.333333333334,17.83247053141933,14.852213540257504,17.83247053141933,14.852213540257504,32.7006317033936,31.17372077486142,32.7006317033936,31.17372077486142,96,101,96,101,-1,4,-1,4,-1,4,-1,4,96,101,96,101
1787882760.002,19.2,19.2,19.18,19.18,19.237079428221694,,,0,0,0,0,0,0,39.5215341444459,60.4784658555541,-25.419033043835004,-26.31360480015794,71.03958270639576,-1,0,12083.333333333334,17.604018803565314,15.245328577872906,17.604018803565314,15.245328577872906,32.444697304207615,31.809209039534515,32.444697304207615,31.809209039534515,96,101,96,101,-1,4,-1,4,-1,4,-1,4,96,101,96,101
1787882880,19.2,19.22,19.2,19.22,19.23264797022888,,,0,0,0,0,0,0,43.701304190014966,56.298695809985034,-8.860580141679852,-24.81956351154581,29.560816073471536,-1,2,22550,18.08874916777054,15.651531519286854,18.08874916777054,15.651531519286854,33.78376652048959,32.79648778001206,33.78376652048959,32.79648778001206,96,101,96,101,-1,4,-1,4,-1,4,-1,4,96,101,96,101
1787883120,19.22,19.24,19.22,19.24,19.229101725672436,,,0,0,0,0,0,0,48.04850403642348,51.95149596357652,6.313953406123328,-23.194408061966033,12.887209946897222,-1,3,25150,18.88728799028166,16.113782443714683,18.88728799028166,16.113782443714683,36.23024143314685,34.51336460657946,36.23024143314685,34.51336460657946,96,101,96,101,-1,4,-1,4,-1,4,-1,4,96,101,96,101
1787883120.001,19.240000000000002,19.26,19.240000000000002,19.26,19.22681231235304,,,0,0,0,0,0,0,51.28675302992267,48.71324697007733,18.769344000793527,-21.611027868118544,24.416648713608097,-1,4,25150,19.977220381219734,16.665702149072548,19.977220381219734,16.665702149072548,39.62592122841173,37.06964291749559,39.62592122841173,37.06964291749559,96,101,96,101,-1,4,-1,4,-1,4,-1,4,96,101,96,101
1787883240,19.240000000000002,19.240000000000002,19.220000000000002,19.220000000000002,19.224987814141546,,,0,0,0,0,0,0,50.17185536853389,49.82814463146611,10.83415982316677,-22.10118274816341,23.45022428627989,-1,2,12312.5,20.292436347021134,17.183807034493775,20.292436347021134,17.183807034493775,40.97806235162571,39.023852634560654,40.97806235162571,39.023852634560654,96,101,96,101,-1,4,-1,4,-1,4,-1,4,96,101,96,101
1787883240.001,19.22,19.22,19.2,19.2,19.22343222218246,,,0,0,0,0,0,0,49.10439883844429,50.89560116155571,3.2462912688320196,-22.585245983548077,32.85213474834342,-1,2,12312.5,20.43027819524975,17.647588628887487,20.43027819524975,17.647588628887487,40.838339158536186,39.93109589654842,40.838339158536186,39.93109589654842,96,101,96,101,-1,4,-1,4,-1,4,-1,4,96,101,96,101
1787883480,19.22,19.24,19.22,19.24,19.2224187307954,,,0,0,0,0,0,0,53.09415218198505,46.90584781801495,25.792689542230598,-19.587137534168853,20.10840899112033,-1,3,49675,21.49198101323606,18.196787540937283,21.49198101323606,18.196787540937283,42.27701798004394,41.10405693829618,42.27701798004394,41.10405693829618,96,101,96,101,-1,4,-1,4,-1,4,-1,4,96,101,96,101
1787883600,19.240000000000002,19.26,19.240000000000002,19.26,19.221351980636623,,,0,0,0,0,0,0,52.63431834972446,47.36568165027554,27.899431131747647,-19.254665704022138,28.44134547109107,-1,4,5662.5,23.081839512290635,18.894652108273476,23.081839512290635,18.894652108273476,44.808872554323514,42.95646474630985,44.808872554323514,42.95646474630985,96,101,96,101,-1,4,-1,4,-1,4,-1,4,96,101,96,101
1787883600.001,19.26,19.28,19.26,19.28,19.220571498588296,,,0,0,0,0,0,0,53.7883964564271,46.2116035435729,30.082869113852095,-18.924037400858662,34.70207195441323,-1,5,5662.5,25.004565261412733,19.767496844436227,25.004565261412733,19.767496844436227,48.277734916693,45.61709983150142,48.277734916693,45.61709983150142,96,101,96,101,-1,4,-1,4,-1,4,-1,4,96,101,96,101
1787883600.002,19.28,19.3,19.28,19.3,19.22001277471046,,,0,0,0,0,0,0,53.910691404151,46.089308595849,32.336834118075366,-18.595237333779906,35.27962143555658,-1,5,5662.5,27.23638202845467,20.834480442153147,27.23638202845467,20.834480442153147,52.549746811710975,49.0834233216062,52.549746811710975,49.0834233216062,96,101,96,101,-1,4,-1,4,-1,4,-1,4,96,101,96,101
1787883600.003,19.3,19.32,19.3,19.32,19.219638005134648,,,0,0,0,0,0,0,54.032340774674395,45.967659225325605,34.654093466284166,-18.26825038052563,35.87670315404294,-1,5,5662.5,29.755211883565032,22.108870648069132,29.755211883565032,22.108870648069132,57.51017259185623,53.29679795673121,57.51017259185623,53.29679795673121,96,101,96,101,-1,4,-1,4,-1,4,-1,4,96,101,96,101
1787883720,19.3,19.33,19.28,19.28,19.219695877175244,,,0,0,0,0,1,0,51.36538435380099,48.63461564619901,17.66692694508792,-100,80.60015616705275,1,5,21700,31.2012681775961,23.4077845808587,31.2012681775961,23.4077845808587,61.131168344040155,57.21398315038569,61.131168344040155,57.21398315038569,96,101,96,101,-1,4,-1,4,-1,4,-1,4,96,101,96,101
1787883840,19.3,19.32,19.3,19.32,19.220009843067924,,,0,0,0,0,0,0,52.330690023094284,47.669309976905716,21.689906851194365,-45.96412556053812,80.59241944703949,1,5,8033.333333333333,33.43689187919636,24.840514194906937,33.43689187919636,24.840514194906937,65.45936878468765,61.33667596753667,65.45936878468765,61.33667596753667,96,101,96,101,-1,4,-1,4,-1,4,-1,4,96,101,96,101
1787883840.001,19.32,19.34,19.32,19.34,19.2206032066758,,,0,0,0,0,0,0,53.27450710924187,46.72549289075813,25.684264979260625,-14.916151809355696,64.3602500731698,1,5,8033.333333333333,35.959256744968016,26.4289059877728,35.959256744968016,26.4289059877728,69.87426415310895,65.60547006032282,69.87426415310895,65.60547006032282,96,101,96,101,-1,4,-1,4,-1,4,-1,4,96,101,96,101
1787883840.002,19.34,19.36,19.34,19.36,19.221407976205068,,,0,0,0,0,0,0,54.772604487808216,45.227395512191784,29.63242313404693,5.240174672489083,60.923558683921605,1,5,8033.333333333333,38.747881263184546,28.18875959854591,38.747881263184546,28.18875959854591,73.70175022647439,69.6536101433986,73.70175022647439,69.6536101433986,96,101,96,101,-1,4,-1,4,-1,4,-1,4,96,101,96,101
1787884080,19.36,19.38,19.33,19.38,19.22286964746944,,,0,0,0,0,0,0,56.72975258709033,43.27024741290967,35.985131945195526,26.987242394504413,77.78342460381997,1,5,13641.666666666666,41.78374688724274,30.130900639788315,41.78374688724274,30.130900639788315,76.68941228203302,73.17151121271581,76.68941228203302,73.17151121271581,96,101,96,101,-1,4,-1,4,-1,4,-1,4,96,101,96,101
1787884080.001,19.38,19.4,19.38,19.4,19.22514154627165,,,0,0,0,0,0,0,61.62758694281548,38.37241305718452,41.76796924704134,40.61573546180159,89.43022282530576,1,5,13641.666666666666,45.04919353815392,32.26208533955484,45.04919353815392,32.26208533955484,79.6113329764365,76.39142209457616,79.6113329764365,76.39142209457616,96,101,96,101,-1,4,-1,4,-1,4,-1,4,96,101,96,101
1787884080.002,19.400000000000002,19.42,19.400000000000002,19.42,19.22813386792329,,,0,0,0,0,0,0,63.72194510579634,36.27805489420366,47.03142629207747,49.95675987316229,98.19291169914385,1,5,13641.666666666666,48.52782257114294,34.58576208692457,48.52782257114294,34.58576208692457,82.1430473131361,79.26723470385613,82.1430473131361,79.26723470385613,96,101,96,101,-1,4,-1,4,-1,4,-1,4,96,101,96,101
1787884200,19.42,19.44,19.42,19.44,19.231551071359174,,,0,0,0,0,0,0,65.53683942777845,34.463160572221554,50.61926301794456,55.11602352789089,100,1,5,9968.75,52.20440667320416,37.10271131353594,52.20440667320416,37.10271131353594,84.33689769697384,81.80206620041498,84.33689769697384,81.80206620041498,96,101,96,101,-1,4,-1,4,-1,4,-1,4,96,101,96,101
1787884200.001,19.44,19.46,19.44,19.46,19.235458122403106,,,0,0,0,0,0,0,67.34545380228833,32.65454619771167,54.043428162665194,59.310910582444635,100,1,5,9968.75,55.61837762511815,39.74780650090484,55.61837762511815,39.74780650090484,86.2383492864818,84.0202077434484,86.2383492864818,84.0202077434484,96,101,96,101,-1,4,-1,4,-1,4,-1,4,96,101,96,101
1787884200.002,19.46,19.48,19.46,19.48,19.239904724200564,,,0,0,0,0,0,0,69.14782076810184,30.852179231898162,57.300397376301724,62.78870371362735,100,1,5,9968.75,58.78849350903828,42.467904644923905,58.78849350903828,42.467904644923905,87.88683907095269,85.95352340720055,87.88683907095269,85.95352340720055,96,101,96,101,-1,4,-1,4,-1,4,-1,4,96,101,96,101
1787884200.003,19.48,19.5,19.48,19.5,19.244928714620393,,,0,0,0,0,0,0,70.94397263958811,29.05602736041189,60.38842267825165,65.71879936808847,100,1,5,9968.75,61.73217254410697,45.21994291623577,61.73217254410697,45.21994291623577,89.30841032336488,87.63096686528272,89.30841032336488,87.63096686528272,96,101,96,101,-1,4,-1,4,-1,4,-1,4,96,101,96,101
1787884320,19.5,19.52,19.5,19.52,19.251164523414246,,,0,0,0,0,0,0,70.0258910099972,29.974108990002804,63.35478886864819,68.2618035559212,100,1,5,10143.75,64.46558879095647,47.96932089833873,64.46558879095647,47.96932089833873,90.54273998412964,89.08685342470618,90.54273998412964,89.08685342470618,96,101,96,101,-1,4,-1,4,-1,4,-1,4,96,101,96,101
1787884320.001,19.52,19.54,19.52,19.54,19.258231059083418,,,0,0,0,0,0,0,69.20766626791219,30.792333732087812,66.14370077188133,70.45357841885796,100,1,5,10143.75,67.00376102017387,50.688526630029465,67.00376102017387,50.688526630029465,91.59302524955476,90.33993933713046,91.59302524955476,90.33993933713046,96,101,96,101,-1,4,-1,4,-1,4,-1,4,96,101,96,101
1787884320.002,19.54,19.56,19.54,19.56,19.26561159429034,,,0,0,0,0,0,0,68.85210025617596,31.14789974382404,68.75907665143998,72.36218905472637,100,1,5,10143.75,69.3606352330186,53.35597071617077,69.3606352330186,53.35597071617077,92.50830735676125,91.42412334694586,92.50830735676125,91.42412334694586,96,101,96,101,-1,4,-1,4,-1,4,-1,4,96,101,96,101
1787884320.003,19.56,19.58,19.56,19.58,19.274848484986123,,,0,0,0,0,0,0,74.4622203005081,25.537779699491907,71.2058387646201,74.0391804994766,100,1,5,10143.75,71.54916128780299,55.954997940689665,71.54916128780299,55.954997940689665,93.29283487722395,92.35847911208491,93.29283487722395,92.35847911208491,96,101,96,101,-1,4,-1,4,-1,4,-1,4,96,101,96,101
1787884440,19.56,19.56,19.54,19.54,19.284419947813895,,,0,0,0,0,0,0,71.13184028663812,28.868159713361877,47.064717206377075,56.00285250103215,98.23883032382625,1,5,19328,72.96024604053757,58.384319097810796,72.96024604053757,58.384319097810796,93.1081441804778,92.73331164628135,93.1081441804778,92.73331164628135,96,101,96,101,-1,4,-1,4,-1,4,-1,4,96,101,96,101
1787884440.001,19.56,19.58,19.56,19.58,19.292328918804586,,,0,0,0,0,0,0,70.88008236869317,29.119917631306834,47.74448376698074,56.3819608343433,98.64669026018845,1,5,1621,74.89165703764203,60.742510232072405,74.89165703764203,60.742510232072405,93.80698072612385,93.2701461862026,93.80698072612385,93.2701461862026,96,101,96,101,-1,4,-1,4,-1,4,-1,4,96,101,96,101
1787884440.002,19.580000000000002,19.6,19.580000000000002,19.6,19.29924535281743,,,0,0,0,0,0,0,70.08932748697086,29.91067251302914,48.47234340345187,56.75459168884556,99.08340604207112,1,5,1621,76.6851101063819,63.02002449983091,76.6851101063819,63.02002449983091,94.41958892171164,93.84486755395712,94.41958892171164,93.84486755395712,96,101,96,101,-1,4,-1,4,-1,4,-1,4,96,101,96,101
1787884440.003,19.6,19.62,19.6,19.62,19.30530846311003,,,0,0,0,0,0,0,69.25442775787026,30.74557224212974,49.24992304949146,57.120909670474376,99.54995382969487,1,5,1621,78.35045938449748,65.21008662621185,78.35045938449748,65.21008662621185,94.95705024458402,94.40095889927056,94.95705024458402,94.40095889927056,96,101,96,101,-1,4,-1,4,-1,4,-1,4,96,101,96,101
1787884560,19.6,19.6,19.580000000000002,19.580000000000002,19.312091981066168,,,0,0,0,0,0,0,66.14299239668836,33.857007603311644,30.754703370714676,46.54326222469161,86.37877935724377,1,5,13813,79.3254265713191,67.22656376122717,79.3254265713191,67.22656376122717,94.63851059925385,94.5197347492622,94.63851059925385,94.5197347492622,96,101,96,101,-1,4,-1,4,-1,4,-1,4,96,101,96,101
1787884560.001,19.6,19.62,19.6,19.62,19.319540861264578,,,0,0,0,0,0,0,72.01321026008159,27.986789739918407,32.25065717447357,47.11992536755755,87.62234952521868,1,5,2237.5,80.80218181622487,69.16593776908398,80.80218181622487,69.16593776908398,95.14469739676306,94.83221607301263,95.14469739676306,94.83221607301263,96,101,96,101,-1,4,-1,4,-1,4,-1,4,96,101,96,101
1787884560.002,19.62,19.64,19.62,19.64,19.326532756964124,,,0,0,0,0,0,0,74.32424173853013,25.675758261469866,33.82328442321078,47.684279813406846,88.90453854197057,1,5,2237.5,82.17345454363738,71.02415445116303,82.17345454363738,71.02415445116303,95.58986484939942,95.21104046120603,95.58986484939942,95.21104046120603,96,101,96,101,-1,4,-1,4,-1,4,-1,4,96,101,96,101
1787884680,19.64,19.66,19.64,19.66,19.334469344272563,,,0,0,0,0,0,0,77.12373782438215,22.876262175617853,39.77269039169912,49.7586576901451,93.71880884910652,1,5,8656.25,83.44677921909185,72.79881513229572,83.44677921909185,72.79881513229572,95.98178891853286,95.59641468986945,95.98178891853286,95.59641468986945,96,101,96,101,-1,4,-1,4,-1,4,-1,4,96,101,96,101
1787884680.001,19.66,19.68,19.66,19.68,19.34341617035327,,,0,0,0,0,0,0,79.97159538418698,20.028404615813017,45.19269355397769,51.67480663445927,97.1156161323866,1,5,8656.25,84.62915213201386,74.48886327511259,84.62915213201386,74.48886327511259,96.31772383493295,95.9570692624012,96.31772383493295,95.9570692624012,96,101,96,101,-1,4,-1,4,-1,4,-1,4,96,101,96,101
1787884680.002,19.68,19.7,19.68,19.7,19.35403415502739,,,0,0,0,0,0,0,79.24480130800644,20.755198691993556,50.12946259477747,53.45016557187283,100,1,5,8656.25,85.72706983687,76.09432135536365,85.72706983687,76.09432135536365,96.61519185851398,96.2861305604576,96.61519185851398,96.2861305604576,96,101,96,101,-1,4,-1,4,-1,4,-1,4,96,101,96,101
1787884680.003,19.7,19.72,19.7,19.72,19.366325331538423,,,0,0,0,0,0,0,78.31043809825353,21.689561901746472,54.62530194588292,55.09970157074493,100,1,5,8656.25,86.74656484852214,77.61607042581485,86.74656484852214,77.61607042581485,96.87895565894607,96.58254310970183,96.87895565894607,96.58254310970183,96,101,96,101,-1,4,-1,4,-1,4,-1,4,96,101,96,101
1787884680.004,19.7,19.7,19.68,19.68,19.379981974746375,,,0,0,0,0,0,0,74.51712171806463,25.48287828193537,38.66099713781574,48.97082125907781,92.57909103813613,1,5,10050,87.21704831172295,78.9876386952303,87.21704831172295,78.9876386952303,96.4456982571187,96.51412068341027,96.4456982571187,96.51412068341027,96,101,96,101,-1,4,-1,4,-1,4,-1,4,96,101,96,101
1787884800,19.68,19.68,19.66,19.66,19.392572811274853,,,0,0,0,0,0,0,76.77249341197147,23.227506588028533,35.60709817686762,47.812599449464486,90.05181857579926,1,5,1992.857142857143,87.41583057517133,80.19166610665044,87.41583057517133,80.19166610665044,95.52488422038748,96.01950245189887,95.52488422038748,96.01950245189887,96,101,96,101,-1,4,-1,4,-1,4,-1,4,96,101,96,101
1787884800.001,19.66,19.66,19.64,19.64,19.404596312893425,,,0,0,0,0,0,0,79.16865055533047,20.831349444669527,32.399504200765016,46.67224863580029,87.44305170193918,1,5,1992.857142857143,87.36231886742101,81.21604507247481,87.36231886742101,81.21604507247481,94.107043617475,95.06327303468694,94.107043617475,95.06327303468694,96,101,96,101,-1,4,-1,4,-1,4,-1,4,96,101,96,101
1787884800.002,19.64,19.64,19.62,19.62,19.422282243288734,,,0,0,0,0,0,0,74.9539936073203,25.0460063926797,29.041968561080456,45.549358368918526,84.7547961579994,1,5,1992.857142857143,87.07453418641478,82.05297208875196,87.07453418641478,82.05297208875196,92.21079929116907,93.63703616292801,92.21079929116907,93.63703616292801,96,101,96,101,-1,4,-1,4,-1,4,-1,4,96,101,96,101
1787884800.003,19.62,19.62,19.6,19.6,19.437231671680106,,,0,0,0,0,0,0,73.91135773603848,26.088642263961518,25.540024796222,44.443530673388146,81.99013328176608,1,5,1992.857142857143,86.56921031595662,82.69814897835262,86.56921031595662,82.69814897835262,89.84528138000842,91.7411587714682,89.84528138000842,91.7411587714682,96,101,96,101,-1,4,-1,4,-1,4,-1,4,96,101,96,101
1787884800.004,19.6,19.6,19.580000000000002,19.580000000000002,19.44996105072247,,,0,0,0,0,0,0,72.84095809525397,27.159041904746033,21.90105592256304,43.35437957723373,79.15326129987807,1,5,1992.857142857143,85.86188576957882,83.15011137709924,85.86188576957882,83.15011137709924,87.0102411828644,89.3756999771663,87.0102411828644,89.3756999771663,96,101,96,101,-1,4,-1,4,-1,4,-1,4,96,101,96,101
1787884800.005,19.580000000000002,19.580000000000002,19.560000000000002,19.560000000000002,19.460868355310954,,,0,0,0,0,0,0,71.74167076189025,28.258329238109752,18.1343222879637,42.28153066277254,76.24951177044174,1,5,1992.857142857143,84.96698916698988,83.40966534708362,84.96698916698988,83.40966534708362,83.93085607881889,86.6532780279926,83.93085607881889,86.6532780279926,96,101,96,101,-1,4,-1,4,-1,4,-1,4,96,101,96,101
1787884800.006,19.56,19.56,19.54,19.54,19.470259207956087,,,0,0,0,0,0,0,70.61231031873544,29.38768968126456,14.250942039938117,41.224620637470686,73.28533760644528,1,5,1992.857142857143,83.89791851220488,83.47941579924381,83.89791851220488,83.47941579924381,80.64203248314354,83.64765525556807,80.64203248314354,83.64765525556807,96,101,96,101,-1,4,-1,4,-1,4,-1,4,96,101,96,101
1787884920,19.54,19.54,19.52,19.52,19.481914303041513,,,0,0,0,0,0,0,75.26408162170699,24.735918378293007,4.541321748368983,38.580511361194446,54.4872238058376,1,4,5118.75,82.66711480895216,83.36337280063071,82.66711480895216,83.36337280063071,76.87684416922504,80.26224971239655,76.87684416922504,80.26224971239655,96,101,96,101,-1,4,-1,4,-1,4,-1,4,96,101,96,101
1787884920.001,19.52,19.52,19.5,19.5,19.492330113115038,,,0,0,0,0,0,0,72.91677692555565,27.083223074444348,-4.39607174430598,36.03359226473117,30.02742713169217,1,3,5118.75,81.28613041783653,83.06662388880297,81.28613041783653,83.06662388880297,72.60872357362145,76.435486643009,72.60872357362145,76.435486643009,96,101,96,101,-1,4,-1,4,-1,4,-1,4,96,101,96,101
1787884920.002,19.5,19.5,19.48,19.48,19.501576315038008,,,0,0,0,0,0,0,70.51382123851393,29.486178761486073,-12.613915125039748,33.578601390341994,21.983150570802994,1,2,5118.75,79.71726638072717,82.58814424479215,79.71726638072717,82.58814424479215,68.02359456493564,72.22954060397231,68.02359456493564,72.22954060397231,96,101,96,101,-1,4,-1,4,-1,4,-1,4,96,101,96,101
1787884920.003,19.48,19.48,19.46,19.46,19.50969969820817,,,0,0,0,0,0,0,68.05321171909084,31.94678828090916,-20.162757169992915,31.210649895759012,34.1514916115605,1,1,5118.75,78.01833330994886,81.9353141112431,78.01833330994886,81.9353141112431,63.360883253461495,67.7952119287169,63.360883253461495,67.7952119287169,96,101,96,101,-1,4,-1,4,-1,4,-1,4,96,101,96,101
1787885040,19.48,19.5,19.48,19.5,19.517560719043615,,,0,0,0,0,0,0,67.90735849173625,32.09264150826375,2.5241290197914417,34.073148429345,17.583739705583064,1,2,12537.5,76.78232991025865,81.19917351110247,76.78232991025865,81.19917351110247,59.01521085590825,63.40521139231257,59.01521085590825,63.40521139231257,96,101,96,101,-1,4,-1,4,-1,4,-1,4,96,101,96,101
1787885040.001,19.5,19.52,19.5,19.52,19.525211448331802,,,0,0,0,0,0,0,67.76016736888305,32.239832631116954,19.286769253638774,36.70693275637369,18.7605589359779,1,2,12537.5,75.88971450850548,80.44067936787432,75.88971450850548,80.44067936787432,55.584466447921336,59.494838920116955,55.584466447921336,59.494838920116955,96,101,96,101,-1,4,-1,4,-1,4,-1,4,96,101,96,101
1787885040.002,19.5,19.5,19.48,19.48,19.532422320659446,,,0,0,0,0,0,0,63.964673261903926,36.035326738096074,8.483964604097698,33.891127207587324,32.4030889353481,1,1,6600,74.43727458329478,79.58305011293439,74.43727458329478,79.58305011293439,50.88192362202774,55.188381271072345,50.88192362202774,55.188381271072345,96,101,96,101,-1,4,-1,4,-1,4,-1,4,96,101,96,101
1787885160,19.48,19.48,19.46,19.46,19.53875043469297,,,0,0,0,0,0,0,61.14464959527387,38.85535040472613,1.6650641118540723,32.05970645429633,30.11743116984512,1,0,4443.75,72.82403010247745,78.61747582572626,72.82403010247745,78.61747582572626,45.04164881888105,50.1150150449767,45.04164881888105,50.1150150449767,96,101,96,101,-1,4,-1,4,-1,4,-1,4,96,101,96,101
1787885160.001,19.46,19.46,19.44,19.44,19.54413998351349,,,0,0,0,0,0,0,58.18467218195045,41.81532781804955,-4.9096650439809055,30.277711563192245,30.556212982151944,1,0,4443.75,71.06146710573967,77.53804600858531,71.06146710573967,77.53804600858531,39.015290824346984,44.56515293466184,39.015290824346984,44.56515293466184,96,101,96,101,-1,4,-1,4,-1,4,-1,4,96,101,96,101
1787885160.002,19.44,19.44,19.42,19.42,19.54852832666403,,,0,0,0,0,0,0,55.074057357607664,44.925942642392336,-11.224906386067376,28.543168337152185,31.930422416965868,1,0,4443.75,69.16025120136148,76.3412181789819,69.16025120136148,76.3412181789819,33.82263023039262,39.19389158252723,33.82263023039262,39.19389158252723,96,101,96,101,-1,4,-1,4,-1,4,-1,4,96,101,96,101
1787885160.003,19.42,19.42,19.400000000000002,19.400000000000002,19.55184549979517,,,0,0,0,0,0,0,51.801005652067055,48.198994347932945,-17.268784082114014,26.8542063370037,33.23689712573531,1,0,4443.75,67.13028616846003,75.02537074890735,67.13028616846003,75.02537074890735,29.347968768907926,34.27093017571758,29.347968768907926,34.27093017571758,96,101,96,101,-1,4,-1,4,-1,4,-1,4,96,101,96,101
1787885280,19.400000000000002,19.400000000000002,19.380000000000003,19.380000000000003,19.55022430412701,,,0,0,0,0,0,1,43.764058600371115,56.235941399628885,-42.35638508372049,-100,95.41383105023229,-1,0,25825,64.98076837335843,73.59042755240036,64.98076837335843,73.59042755240036,25.49153625570271,29.881233215710147,25.49153625570271,29.881233215710147,96,101,96,101,-1,4,-1,4,-1,4,-1,4,96,101,96,101
1787885280.001,19.400000000000002,19.42,19.400000000000002,19.42,19.548389619628235,,,0,0,0,0,0,0,42.45542316757198,57.54457683242802,-33.76101236247908,-67.6948051948052,90.25660741748744,-1,0,4975,63.51388809272175,72.15092191530341,63.51388809272175,72.15092191530341,23.194426034299816,26.53782962500498,23.194426034299816,26.53782962500498,96,101,96,101,-1,4,-1,4,-1,4,-1,4,96,101,96,101
1787885280.002,19.42,19.44,19.42,19.44,19.546255660745715,,,0,0,0,0,0,0,41.08443162005599,58.91556837994401,-25.430286168051232,-44.37456324248777,81.8829096463234,-1,0,4975,62.41633523953794,70.76026667590835,62.41633523953794,70.76026667590835,22.06581055040825,24.301820087706616,22.06581055040825,24.301820087706616,96,101,96,101,-1,4,-1,4,-1,4,-1,4,96,101,96,101
1787885400,19.42,19.42,19.400000000000002,19.400000000000002,19.54084551617383,,,0,0,0,0,0,0,34.04596472474614,65.95403527525386,-44.64094050857673,-67.36367363673637,96.78456430514603,-1,0,25200,60.86807848962389,69.34709693501057,60.86807848962389,69.34709693501057,20.09002248858518,22.195921288145897,20.09002248858518,22.195921288145897,96,101,96,101,-1,4,-1,4,-1,4,-1,4,96,101,96,101
1787885400.001,19.42,19.44,19.42,19.44,19.536061639298044,,,0,0,0,0,0,0,37.882422911378114,62.117577088621886,-40.62171108460535,-60.66649173445291,94.37302665076321,-1,0,2541.6666666666665,59.81706189421122,67.98566335775352,59.81706189421122,67.98566335775352,19.404893225509994,20.800407256827945,19.404893225509994,20.800407256827945,96,101,96,101,-1,4,-1,4,-1,4,-1,4,96,101,96,101
1787885400.002,19.44,19.46,19.44,19.46,19.5320847013989,,,0,0,0,0,0,0,38.147020041177356,61.852979958822644,-36.450898782606664,-54.48467263782012,91.870539269564,-1,0,2541.6666666666665,59.11584318748187,66.71854619057186,59.11584318748187,66.71854619057186,19.65797570589932,20.229191481363635,19.65797570589932,20.229191481363635,96,101,96,101,-1,4,-1,4,-1,4,-1,4,96,101,96,101
1787885400.003,19.46,19.48,19.46,19.48,19.528756406940364,,,0,0,0,0,0,0,38.409372566905795,61.590627433094205,-32.139736324452315,-48.76093294460642,85.2506821839579,-1,1,2541.6666666666665,58.73943680595846,65.57867342134138,58.73943680595846,65.57867342134138,20.715239680686803,20.472215581025218,20.715239680686803,20.472215581025218,96,101,96,101,-1,4,-1,4,-1,4,-1,4,96,101,96,101
1787885520,19.46,19.46,19.44,19.44,19.52503036205326,,,0,0,0,0,0,0,35.78651537835215,64.21348462164785,-42.38195313236355,-56.924019607843135,95.42917187941813,-1,0,13000,57.84046604509332,64.47321522473452,57.84046604509332,64.47321522473452,20.61306258344577,20.542639082235496,20.61306258344577,20.542639082235496,96,101,96,101,-1,4,-1,4,-1,4,-1,4,96,101,96,101
1787885520.001,19.44,19.44,19.42,19.42,19.520047716461832,,,0,0,0,0,0,0,35.91433278418455,64.08566721581545,-50.58588635740684,-62.84355179704016,100,-1,0,13000,56.73098220670757,63.36718193644494,56.73098220670757,63.36718193644494,19.685146079928256,20.113892581081878,19.685146079928256,20.113892581081878,96,101,96,101,-1,4,-1,4,-1,4,-1,4,96,101,96,101
1787885640,19.42,19.42,19.400000000000002,19.400000000000002,19.514422399270973,,,0,0,0,0,0,0,32.944893308473205,67.05510669152679,-58.55616898236862,-68.20802713397399,100,-1,0,15962.5,55.25019776337137,62.207612768863,55.25019776337137,62.207612768863,18.04945294245947,19.081672761770676,18.04945294245947,19.081672761770676,96,101,96,101,-1,4,-1,4,-1,4,-1,4,96,101,96,101
1787885640.001,19.400000000000002,19.400000000000002,19.380000000000003,19.380000000000003,19.508168427350697,,,0,0,0,0,0,0,30.29501127119478,69.70498872880522,-64.80130570484909,-72.2189290654021,100,-1,0,15962.5,53.38708839932105,60.94753785892844,53.38708839932105,60.94753785892844,15.807094118746889,17.444383440258783,15.807094118746889,17.444383440258783,96,101,96,101,-1,4,-1,4,-1,4,-1,4,96,101,96,101
1787885760,19.400000000000002,19.42,19.400000000000002,19.42,19.500759023955865,,,0,0,0,0,0,0,34.26227614095899,65.73772385904101,-31.868424383687454,-44.71193757263822,85.9482171737954,-1,0,24050,52.05819699191615,59.677632020783825,52.05819699191615,59.677632020783825,14.893475631194828,16.168929535726804,14.893475631194828,16.168929535726804,96,101,96,101,-1,4,-1,4,-1,4,-1,4,96,101,96,101
1787885880,19.42,19.44,19.42,19.44,19.49330952140175,,,0,0,0,0,0,0,34.041270577324376,65.95872942267562,-23.145409470533394,-37.628296226117165,76.46422341799033,-1,0,7750,50.93715694703904,58.428992724534574,50.93715694703904,58.428992724534574,14.950710204889692,15.559819870308248,14.950710204889692,15.559819870308248,96,101,96,101,-1,4,-1,4,-1,4,-1,4,96,101,96,101
1787885880.001,19.44,19.46,19.44,19.46,19.485802459364844,,,0,0,0,0,0,0,33.818773990927085,66.18122600907292,-14.792603578052418,-31.205780520849014,47.04868257542019,-1,2,7750,50.220866515757045,57.25640326613779,50.220866515757045,57.25640326613779,15.840104545367634,15.699962207837942,15.840104545367634,15.699962207837942,96,101,96,101,-1,4,-1,4,-1,4,-1,4,96,101,96,101
1787886000,19.46,19.48,19.43,19.48,19.478268882339652,,,0,0,0,0,0,0,34.06878650227127,65.93121349772872,-5.011394462911788,-23.982930298719772,9.347874884698774,-1,3,9675,49.88041501138479,56.20269065831593,49.88041501138479,56.20269065831593,17.41651818174366,16.5582401947908,17.41651818174366,16.5582401947908,96,101,96,101,-1,4,-1,4,-1,4,-1,4,96,101,96,101
1787886000.001,19.48,19.5,19.48,19.5,19.470901790691293,,,0,0,0,0,0,0,37.708874860750115,62.291125139249885,3.9876883639840655,-17.51381960361332,17.382784153062648,-1,4,9675,49.718888769075,55.276433245567226,49.718888769075,55.276433245567226,20.261777489113584,18.41000884195219,20.261777489113584,18.41000884195219,96,101,96,101,-1,4,-1,4,-1,4,-1,4,96,101,96,101
1787886120,19.5,19.52,19.5,19.52,19.465693226966128,,,0,0,0,0,0,0,41.19107957425243,58.80892042574757,15.90880777210461,-8.96362045255657,27.461728467398352,-1,5,14550,49.7389681427125,54.485366802302266,49.7389681427125,54.485366802302266,24.101931725362615,21.255970283657405,24.101931725362615,21.255970283657405,96,101,96,101,-1,4,-1,4,-1,4,-1,4,96,101,96,101
1787886120.001,19.5,19.5,19.48,19.48,19.461399203206735,,,0,0,0,0,0,0,41.14441934197789,58.85558065802211,13.446220796477764,-10.004325526787369,14.014653970738237,-1,3,2312.5,48.933437451200106,53.6922340378591,48.933437451200106,53.6922340378591,26.592864555805196,23.9244174197313,26.592864555805196,23.9244174197313,96,101,96,101,-1,4,-1,4,-1,4,-1,4,96,101,96,101
1787886120.002,19.48,19.48,19.46,19.46,19.45781200917156,,,0,0,0,0,0,0,41.09786470119725,58.90213529880275,10.855474011169195,-11.021505376344086,7.385109058864828,-1,3,2312.5,47.81914429992395,52.85322121815408,47.81914429992395,52.85322121815408,28.03197914307121,25.978198281401255,28.03197914307121,25.978198281401255,96,101,96,101,-1,4,-1,4,-1,4,-1,4,96,101,96,101
1787886240,19.48,19.5,19.48,19.5,19.45503250471429,,,0,0,0,0,0,0,42.59347593616234,57.40652406383766,16.208686910812496,-7.9193514861775105,24.090071055364767,-1,4,5881.25,46.924499539005026,52.00626097827564,46.924499539005026,52.00626097827564,31.300137966788242,28.63916812409475,31.300137966788242,28.63916812409475,96,101,96,101,-1,4,-1,4,-1,4,-1,4,96,101,96,101
1787886240.001,19.5,19.52,19.5,19.52,19.45300148339431,,,0,0,0,0,0,0,44.049017858790684,55.950982141209316,21.400648644880114,-4.985845513894506,27.915948247632382,-1,5,5881.25,46.51392604252145,51.22164170173933,46.51392604252145,51.22164170173933,36.257261114389806,32.44821461924228,36.257261114389806,32.44821461924228,96,101,96,101,-1,4,-1,4,-1,4,-1,4,96,101,96,101
1787886240.002,19.52,19.54,19.52,19.54,19.451668125967373,,,0,0,0,0,0,0,45.46607944491155,54.53392055508845,26.41607785052621,-2.2075986388818585,28.58710294682242,-1,5,5881.25,46.552847291585,50.55467107171729,46.552847291585,50.55467107171729,43.14114444725481,37.79467953324854,43.14114444725481,37.79467953324854,96,101,96,101,-1,4,-1,4,-1,4,-1,4,96,101,96,101
1787886240.003,19.54,19.56,19.54,19.56,19.450988385472996,,,0,0,0,0,0,0,46.84616675054522,53.15383324945478,31.242257010936225,0.4273972602739726,29.500896281363058,-1,5,5881.25,47.00915651865663,50.048168992708625,47.00915651865663,50.048168992708625,50.6289174627264,44.21179849798747,50.6289174627264,44.21179849798747,96,101,96,101,-1,4,-1,4,-1,4,-1,4,96,101,96,101
1787886360,19.54,19.54,19.52,19.52,19.45166255886496,,,0,0,0,0,0,0,43.294271590353254,56.705728409646746,-3.6932051223423636,-11.096796225009314,24.437000404205506,-1,5,29571,46.59253609505508,49.554507150186694,46.59253609505508,49.554507150186694,55.14224671408289,49.67702260603518,55.14224671408289,49.67702260603518,96,101,96,101,-1,4,-1,4,-1,4,-1,4,96,101,96,101
1787886480,19.52,19.52,19.5,19.5,19.452268376594418,,,0,0,0,0,0,0,42.94909423679806,57.05090576320194,-10.524682770699624,-13.679636281429755,25.19313287679494,-1,4,7710.666666666667,45.78550620591246,49.01607844386181,45.78550620591246,49.01607844386181,57.42351305651543,53.550267831275306,57.42351305651543,53.550267831275306,96,101,96,101,-1,4,-1,4,-1,4,-1,4,96,101,96,101
1787886480.001,19.5,19.5,19.48,19.48,19.45278458567398,,,0,0,0,0,0,0,42.60937741990366,57.39062258009634,-17.00093295896697,-16.116638514338156,20.172296826520164,-1,4,7710.666666666667,44.61595324162458,48.387489129256494,44.61595324162458,48.387489129256494,57.79158261987031,55.67092522557281,57.79158261987031,55.67092522557281,96,101,96,101,-1,4,-1,4,-1,4,-1,4,96,101,96,101
1787886480.002,19.48,19.48,19.46,19.46,19.453195513984724,,,0,0,0,0,0,0,42.27499258200668,57.72500741799332,-23.121843299857026,-18.41981568789436,15.025165845335437,-1,3,7710.666666666667,43.10977170755894,47.633529497585414,43.10977170755894,47.633529497585414,56.519769229730336,56.09534722765157,56.519769229730336,56.09534722765157,96,101,96,101,-1,4,-1,4,-1,4,-1,4,96,101,96,101
1787886600,19.48,19.5,19.48,19.5,19.453871056647536,,,0,0,0,0,0,0,44.31302219411712,55.68697780588288,2.212198603744527,-8.87305084579296,20.65452219149067,-1,4,24625,42.551510703237476,46.90752681267856,42.551510703237476,46.90752681267856,57.33440537151495,56.71487629958326,57.33440537151495,56.71487629958326,96,101,96,101,-1,4,-1,4,-1,4,-1,4,96,101,96,101
1787886720,19.48,19.51,19.46,19.46,19.453962884531613,,,0,0,0,0,0,0,38.973349425795924,61.026650574204076,-18.275864992267184,-16.343079031521235,12.64368922334051,-1,3,27275,41.1927893504852,46.09113574665094,41.1927893504852,46.09113574665094,56.604093493044815,56.65948489631404,56.604093493044815,56.65948489631404,96,101,96,101,-1,4,-1,4,-1,4,-1,4,96,101,96,101
1787886840,19.48,19.5,19.48,19.5,19.454788676114177,,,0,0,0,0,0,0,44.76933209278987,55.23066790721013,6.107790100737309,-6.099168706300886,20.530217683625352,-1,4,32125,40.771455657383285,45.33118144818413,40.771455657383285,45.33118144818413,57.40668331149879,57.03308410390642,57.40668331149879,57.03308410390642,96,101,96,101,-1,4,-1,4,-1,4,-1,4,96,101,96,101
1787886960,19.5,19.52,19.5,19.52,19.45587162849134,,,0,0,0,0,1,0,47.059214899269875,52.940785100730125,13.776923342741037,100,78.26615400564462,1,5,12600,40.80038529530126,44.683924854915155,40.80038529530126,44.683924854915155,59.68191902890378,58.3575015664051,59.68191902890378,58.3575015664051,96,101,96,101,-1,4,-1,4,-1,4,-1,4,96,101,96,101
1787886960.001,19.52,19.54,19.52,19.54,19.457326453956878,,,0,0,0,0,0,0,49.25546541401538,50.74453458598462,20.885242343636904,100,82.53114540618213,1,5,12600,41.24741659773769,44.19299510388981,41.24741659773769,44.19299510388981,63.21942265969536,60.78846211305023,63.21942265969536,60.78846211305023,96,101,96,101,-1,4,-1,4,-1,4,-1,4,96,101,96,101
1787887320,19.54,19.56,19.51,19.56,19.461202400244698,,,0,0,0,0,0,0,55.946560966343625,44.053439033656375,43.3067416006318,100,95.98404496037908,1,5,54950,42.08268516008412,43.891522254774706,42.08268516008412,43.891522254774706,67.36267974005636,64.0755709265533,67.36267974005636,64.0755709265533,96,101,96,101,-1,4,-1,4,-1,4,-1,4,96,101,96,101
1787887320.001,19.56,19.58,19.56,19.58,19.466934941943823,,,0,0,0,0,0,0,61.28576086152099,38.71423913847901,56.78028276179382,100,100,1,5,54950,43.27845974948983,43.80394189687687,43.27845974948983,43.80394189687687,71.45372549147693,67.76464820901512,71.45372549147693,67.76464820901512,96,101,96,101,-1,4,-1,4,-1,4,-1,4,96,101,96,101
1787887440,19.580000000000002,19.6,19.55,19.6,19.4734627710744,,,0,0,0,0,0,0,65.77367257382073,34.22632742617927,59.82455595034509,100,100,1,5,15927.5,44.80898993545067,43.9475201881017,44.80898993545067,43.9475201881017,74.62267379788935,71.19366100345223,74.62267379788935,71.19366100345223,96,101,96,101,-1,4,-1,4,-1,4,-1,4,96,101,96,101
1787887440.001,19.6,19.62,19.6,19.62,19.479582187215705,,,0,0,0,0,0,0,66.52189186599816,33.47810813400184,62.71354244349327,100,100,1,5,15927.5,46.6503646039269,44.33364081893387,46.6503646039269,44.33364081893387,77.77181563628616,74.4827383198692,77.77181563628616,74.4827383198692,96,101,96,101,-1,4,-1,4,-1,4,-1,4,96,101,96,101
1787887440.002,19.6,19.6,19.580000000000002,19.580000000000002,19.48479323125934,,,0,0,0,0,0,0,64.98721257997087,35.01278742002913,55.640269348736496,89.60739554586442,100,1,5,9151,47.51987637591534,44.78881732707408,47.51987637591534,44.78881732707408,79.04250864062622,76.76262348024771,79.04250864062622,76.76262348024771,96,101,96,101,-1,4,-1,4,-1,4,-1,4,96,101,96,101
1787887560,19.6,19.62,19.6,19.62,19.490802519602934,,,0,0,0,0,0,0,69.36050128877433,30.63949871122567,58.87647534481593,90.42612179990167,100,1,5,15060,49.16761629864409,45.414360037298366,49.16761629864409,45.414360037298366,81.56024550148919,79.16143449086846,81.56024550148919,79.16143449086846,96,101,96,101,-1,4,-1,4,-1,4,-1,4,96,101,96,101
1787887680,19.62,19.64,19.62,19.64,19.497449341478177,,,0,0,0,0,0,0,71.25262653817532,28.74737346182468,65.3599751085841,91.91218386944244,100,1,5,35125,51.11782857983339,46.22914125766051,51.11782857983339,46.22914125766051,83.7549357045732,81.45818509772083,83.7549357045732,81.45818509772083,96,101,96,101,-1,4,-1,4,-1,4,-1,4,96,101,96,101
1787893200,19.62,19.62,19.6,19.6,19.502847186840917,,,0,0,0,0,0,0,70.45399942893155,29.546000571068447,61.44222987637031,87.83249569647846,100,1,5,4915,52.08840384934111,47.06617877075774,52.08840384934111,47.06617877075774,84.31741741710688,82.88780125741386,84.31741741710688,82.88780125741386,96,101,96,101,-1,4,-1,4,-1,4,-1,4,96,101,96,101
1787893200.001,19.6,19.6,19.580000000000002,19.580000000000002,19.507209321460877,,,0,0,0,0,0,0,69.6624929091203,30.337507090879697,57.34167850989566,83.9226498278425,100,1,5,4915,52.83208928867392,47.88988027331719,52.83208928867392,47.88988027331719,83.70064350037732,83.2942223788956,83.70064350037732,83.2942223788956,96,101,96,101,-1,4,-1,4,-1,4,-1,4,96,101,96,101
1787893200.002,19.580000000000002,19.580000000000002,19.560000000000002,19.560000000000002,19.511134718865996,,,0,0,0,0,0,0,70.7367501511571,29.263249848842904,53.06512371407425,80.17225642642593,96.21201890567363,1,4,4915,53.34408291091153,48.669052078687805,53.34408291091153,48.669052078687805,82.07307904427948,82.68365071158755,82.07307904427948,82.68365071158755,96,101,96,101,-1,4,-1,4,-1,4,-1,4,96,101,96,101
1787893200.003,19.56,19.56,19.54,19.54,19.514806726910404,,,0,0,0,0,0,0,71.84465831338,28.155341686620005,48.621626053138904,76.57175616281292,77.86686121688577,1,3,4915,53.61542392747902,49.37567662851512,53.61542392747902,49.37567662851512,79.57912269729454,81.13138670444104,79.57912269729454,81.13138670444104,96,101,96,101,-1,4,-1,4,-1,4,-1,4,96,101,96,101
1787893200.004,19.54,19.54,19.52,19.52,19.51854259695265,,,0,0,0,0,0,0,73.41586221299737,26.584137787002632,44.022536670668615,73.11233885819522,57.49633938663989,1,3,4915,53.63190463595574,49.98370920100664,53.63190463595574,49.98370920100664,76.34254472954902,78.73696571699503,76.34254472954902,78.73696571699503,96,101,96,101,-1,4,-1,4,-1,4,-1,4,96,101,96,101
1787893200.005,19.52,19.52,19.5,19.5,19.522466852964683,,,0,0,0,0,0,0,75.05732540795655,24.942674592043446,39.281472049601724,69.78587150726598,35.14136210767852,1,2,4915,53.09775760151929,50.428573258222734,53.09775760151929,50.428573258222734,71.8650383396133,75.30100202830417,71.8650383396133,75.30100202830417,96,101,96,101,-1,4,-1,4,-1,4,-1,4,96,101,96,101
1787893200.006,19.5,19.5,19.48,19.48,19.52669732498582,,,0,0,0,0,0,0,73.01768096780035,26.982319032199655,34.41422558496798,66.58483444318286,42.716383874908416,1,1,4915,52.0523133772349,50.660536132367326,52.0523133772349,50.660536132367326,66.01418870668142,70.6575953674928,66.01418870668142,70.6575953674928,96,101,96,101,-1,4,-1,4,-1,4,-1,4,96,101,96,101
1787893200.007,19.48,19.48,19.46,19.46,19.530169401207495,,,0,0,0,0,0,0,71.81465627707097,28.185343722929034,29.438613349294645,63.50226458994545,43.8315840047884,1,0,4915,50.53209319094886,50.64218714073611,50.53209319094886,50.64218714073611,59.16862433361834,64.91310985055557,59.16862433361834,64.91310985055557,96,101,96,101,-1,4,-1,4,-1,4,-1,4,96,101,96,101
1787893200.008,19.46,19.46,19.44,19.44,19.53293386817973,,,0,0,0,0,0,0,70.59709697765203,29.40290302234797,24.374254529095357,60.531704900822845,42.31227635872861,1,0,4915,48.57100961137557,50.34630463654175,48.57100961137557,50.34630463654175,51.940453510448414,58.42678168050199,51.940453510448414,58.42678168050199,96,101,96,101,-1,4,-1,4,-1,4,-1,4,96,101,96,101
1787893200.009,19.46,19.48,19.46,19.48,19.53503305622461,,,0,0,0,0,0,0,70.70477613904879,29.29522386095121,31.238315587751202,62.12765051822109,44.37149467632536,1,0,11400,47.84890452924431,49.989533192642114,47.84890452924431,49.989533192642114,46.806103008955795,52.616442344728895,46.806103008955795,52.616442344728895,96,101,96,101,-1,4,-1,4,-1,4,-1,4,96,101,96,101
1787893320,19.48,19.5,19.48,19.5,19.536673261818272,,,0,0,0,0,0,0,70.68143476949098,29.318565230509023,36.417042130332106,63.33706468515861,39.602409406009144,1,1,9300,47.72782893100153,49.66643258383631,47.72782893100153,49.66643258383631,43.833802579104955,48.225122461916925,43.833802579104955,48.225122461916925,96,101,96,101,-1,4,-1,4,-1,4,-1,4,96,101,96,101
1787893320.001,19.48,19.48,19.46,19.46,19.5380141810872,,,0,0,0,0,0,0,69.39242499929107,30.607575000708934,33.64898636321861,62.04339280056958,45.09469590896558,1,0,2325,46.516500490875025,49.21644228484185,46.516500490875025,49.21644228484185,39.57183078209013,43.89847662200353,39.57183078209013,43.89847662200353,96,101,96,101,-1,4,-1,4,-1,4,-1,4,96,101,96,101
1787893320.002,19.46,19.46,19.44,19.44,19.539011658071047,,,0,0,0,0,0,0,69.39053292513877,30.60946707486123,30.731038005413858,60.770052319214805,44.219311401624154,1,0,2325,44.84224496130701,48.591556952908306,44.84224496130701,48.591556952908306,34.49014067036291,39.19430864618322,34.49014067036291,39.19430864618322,96,101,96,101,-1,4,-1,4,-1,4,-1,4,96,101,96,101
1787893800,19.44,19.47,19.42,19.42,19.537212455967335,,,0,0,0,0,0,1,62.93051263892131,37.06948736107869,-13.42322100895334,-100,78.05393260537201,-1,0,49373,42.73812856297188,47.7553528972031,42.73812856297188,47.7553528972031,30.472068626544797,34.83318863636401,30.472068626544797,34.83318863636401,96,101,96,101,-1,4,-1,4,-1,4,-1,4,96,101,96,101
1787893800.001,19.42,19.42,19.400000000000002,19.400000000000002,19.533270299876925,,,0,0,0,0,0,0,56.87382597707169,43.12617402292831,-36.87547936079473,-100,92.12528761647684,-1,0,49373,40.23485564363872,46.68099614669391,40.23485564363872,46.68099614669391,26.595106441800255,30.71414753908213,26.595106441800255,30.71414753908213,96,101,96,101,-1,4,-1,4,-1,4,-1,4,96,101,96,101
1787893920,19.42,19.44,19.42,19.44,19.529889125517474,,,0,0,0,0,0,0,57.18141742963716,42.81858257036284,-29.213735067457748,-81.90124434701715,87.52824104047465,-1,0,9825,39.00928903173043,45.58503798741341,39.00928903173043,45.58503798741341,24.700567426304993,27.70735748269356,24.700567426304993,27.70735748269356,96,101,96,101,-1,4,-1,4,-1,4,-1,4,96,101,96,101
1787893920.001,19.44,19.46,19.44,19.46,19.526966057427096,,,0,0,0,0,0,0,57.53231466014954,42.46768533985046,-21.271595609114975,-65.93038203342267,82.76295736546899,-1,0,10450,38.420713441551854,44.56156305229033,38.420713441551854,44.56156305229033,24.267153032070944,25.98725525738225,24.267153032070944,25.98725525738225,96,101,96,101,-1,4,-1,4,-1,4,-1,4,96,101,96,101
1787894040,19.46,19.48,19.46,19.48,19.524334647211802,,,0,0,0,0,0,0,58.439461096239086,41.560538903760914,-8.590042826897688,-44.08007528944854,64.53845068716593,-1,1,18050,38.423629514408,43.684715404021425,38.423629514408,43.684715404021425,25.0861311703465,25.536693213864375,25.0861311703465,25.536693213864375,96,101,96,101,-1,4,-1,4,-1,4,-1,4,96,101,96,101
1787894160,19.48,19.5,19.48,19.5,19.52217456172199,,,0,0,0,0,0,0,62.26780354905447,37.73219645094553,-2.699700858526667,-35.20274387113116,39.23623768166141,-1,2,9000,38.9757878457964,43.01201146713213,38.9757878457964,43.01201146713213,26.978588622201723,26.257640918033047,26.978588622201723,26.257640918033047,96,101,96,101,-1,4,-1,4,-1,4,-1,4,96,101,96,101
1787894160.001,19.5,19.52,19.5,19.52,19.520559562775226,,,0,0,0,0,0,0,63.75713126370233,36.24286873629767,3.0831561311518256,-27.355856349672088,18.6801776462402,-1,2,9000,40.03795684582188,42.58714652123067,40.03795684582188,42.58714652123067,29.791171199982372,28.02440605900771,29.791171199982372,28.02440605900771,96,101,96,101,-1,4,-1,4,-1,4,-1,4,96,101,96,101
1787894400,19.52,19.54,19.52,19.54,19.51968463367885,,,0,0,0,0,0,0,66.41477391971638,33.58522608028362,18.88462502145794,-7.697551212941681,15.549902421198794,-1,3,28305.5,41.57370718101036,42.442369472627774,41.57370718101036,42.442369472627774,33.392432457127676,30.708419258067693,33.392432457127676,30.708419258067693,96,101,96,101,-1,4,-1,4,-1,4,-1,4,96,101,96,101
1787894400.001,19.54,19.56,19.54,19.56,19.519629356511718,,,0,0,0,0,0,0,68.8873750597972,31.112624940202807,31.220016819506828,6.703451403520375,26.449716783534186,-1,4,28305.5,43.549211613135924,42.600489778414655,43.549211613135924,42.600489778414655,37.66970401087125,34.18906163446947,37.66970401087125,34.18906163446947,96,101,96,101,-1,4,-1,4,-1,4,-1,4,96,101,96,101
1787894400.002,19.54,19.54,19.52,19.52,19.519773456822552,,,0,0,0,0,1,0,66.99390775195697,33.00609224804303,27.756028381884324,-100,46.82236382504909,1,3,4588,44.28470748692286,42.841092308201546,44.28470748692286,42.841092308201546,39.90736534265139,37.04821348856043,39.90736534265139,37.04821348856043,96,101,96,101,-1,4,-1,4,-1,4,-1,4,96,101,96,101
1787894400.003,19.52,19.52,19.5,19.5,19.520513521519124,,,0,0,0,0,0,0,69.76309033832004,30.23690966167996,24.150914786113447,-100,29.89505750636967,1,2,4588,44.418217391703045,43.0663958915589,44.418217391703045,43.0663958915589,40.634884579415335,38.84154903398788,40.634884579415335,38.84154903398788,96,101,96,101,-1,4,-1,4,-1,4,-1,4,96,101,96,101
1787894520,19.5,19.5,19.48,19.48,19.521141037640714,,,0,0,0,0,0,0,66.05018123617192,33.94981876382808,13.1704826690484,-100,34.31274355920817,1,1,14341,43.99274032526267,43.198730810659434,43.99274032526267,43.198730810659434,40.067996306165405,39.45477267007664,40.067996306165405,39.45477267007664,96,101,96,101,-1,4,-1,4,-1,4,-1,4,96,101,96,101
1787894520.001,19.48,19.48,19.46,19.46,19.521267809312747,,,0,0,0,0,0,0,63.469565478514156,36.530434521485844,3.1364739891995628,-100,35.94094219675987,1,0,14341,43.048203928403225,43.17722697033712,43.048203928403225,43.17722697033712,38.39161588147522,38.92319427577593,38.39161588147522,38.92319427577593,96,101,96,101,-1,4,-1,4,-1,4,-1,4,96,101,96,101
1787894760,19.48,19.5,19.48,19.5,19.52093029652601,,,0,0,0,0,0,0,65.25793271848109,34.74206728151891,23.86213120148676,2.784875136419079,15.79980898271249,1,2,40027,43.270035515934815,43.19048533399393,43.270035515934815,43.19048533399393,38.3832898031692,38.65324203947256,38.3832898031692,38.65324203947256,96,101,96,101,-1,4,-1,4,-1,4,-1,4,96,101,96,101
1787895000,19.48,19.48,19.46,19.46,19.518738334488603,,,0,0,0,0,0,0,56.699574551965426,43.300425448034574,-0.9494376305284133,-33.556874299705356,30.35189357907013,1,0,42600,42.37712089117021,43.07429041359053,42.37712089117021,43.07429041359053,36.9475817360499,37.80041188776123,36.9475817360499,37.80041188776123,96,101,96,101,-1,4,-1,4,-1,4,-1,4,96,101,96,101
1787895240,19.46,19.49,19.44,19.44,19.514156033812675,,,0,0,0,0,0,1,47.56442141173712,52.43557858826288,-19.533315190505675,-100,81.7199891143034,-1,0,44650,40.99853533300968,42.77775397350756,40.99853533300968,42.77775397350756,34.8836414880427,36.342026687901964,34.8836414880427,36.342026687901964,96,101,96,101,-1,4,-1,4,-1,4,-1,4,96,101,96,101
1787895360,19.44,19.44,19.42,19.42,19.509390469134566,,,0,0,0,0,0,0,44.5563008173516,55.4436991826484,-25.227334038311326,-100,85.1364004229868,-1,0,16475,39.16896962241007,42.2622133519222,39.16896962241007,42.2622133519222,31.566930799274626,33.9544787435883,31.566930799274626,33.9544787435883,96,101,96,101,-1,4,-1,4,-1,4,-1,4,96,101,96,101
1787895480,19.42,19.45,19.400000000000002,19.400000000000002,19.503958160907175,,,0,0,0,0,0,0,40.991195558225044,59.008804441774956,-32.8068023678864,-100,89.68408142073184,-1,0,23875,36.92063662740275,41.49913096270513,36.92063662740275,41.49913096270513,27.890702589854406,30.92259066672135,27.890702589854406,30.92259066672135,96,101,96,101,-1,4,-1,4,-1,4,-1,4,96,101,96,101
1787895840,19.42,19.44,19.42,19.44,19.49757858668364,,,0,0,0,0,0,0,52.55774414830506,47.44225585169494,15.648627242257918,18.269230769230766,60.35071480689321,-1,0,123000,35.47392448735015,40.638387180511565,35.47392448735015,40.638387180511565,25.81107841035141,28.36683453853638,25.81107841035141,28.36683453853638,96,101,96,101,-1,4,-1,4,-1,4,-1,4,96,101,96,101
1787895960,19.44,19.46,19.44,19.46,19.491804953573666,,,0,0,0,0,0,0,52.564213282183914,47.435786717816086,19.622001923588268,23.818059601165135,49.53220462122695,-1,1,15150,34.725787023967975,39.793730015291054,34.725787023967975,39.793730015291054,25.219019589825013,26.792927064180695,25.219019589825013,26.792927064180695,96,101,96,101,-1,4,-1,4,-1,4,-1,4,96,101,96,101
1787895960.001,19.46,19.48,19.46,19.48,19.48530484485169,,,0,0,0,0,0,0,51.08381818977208,48.91618181022792,23.581659692108385,28.661351237935374,35.26527045547109,-1,2,15150,34.626326046065465,39.055529448258824,34.626326046065465,39.055529448258824,26.29162718088894,26.54227712253482,26.29162718088894,26.54227712253482,96,101,96,101,-1,4,-1,4,-1,4,-1,4,96,101,96,101
1787896200,19.48,19.5,19.48,19.5,19.480544525387735,,,0,0,0,0,0,0,54.4937183629351,45.5062816370649,33.57791115396543,39.36691930450289,29.080147077603932,-1,3,42075,35.12920751896551,38.494626315502636,35.12920751896551,38.494626315502636,29.107109012190456,27.824693067362638,29.107109012190456,27.824693067362638,96,101,96,101,-1,4,-1,4,-1,4,-1,4,96,101,96,101
1787896560,19.48,19.51,19.46,19.46,19.47654447926072,,,0,0,0,0,0,0,46.02492822596537,53.97507177403463,-7.4276671394872125,-4.6718711880946575,19.44775871219255,-1,2,129525,34.405692696182236,37.91049294131401,34.405692696182236,37.91049294131401,30.821966454893545,29.323329761128093,30.821966454893545,29.323329761128093,96,101,96,101,-1,4,-1,4,-1,4,-1,4,96,101,96,101
1787896800,19.46,19.49,19.44,19.44,19.472957931500787,,,0,0,0,0,0,0,43.06251473193136,56.93748526806864,-19.962902376365633,-16.857279642534177,46.26990213932307,-1,1,60075,33.13861940835967,37.22879672232053,33.13861940835967,37.22879672232053,31.24025696133729,30.281793361232694,31.24025696133729,30.281793361232694,96,101,96,101,-1,4,-1,4,-1,4,-1,4,96,101,96,101
1787897160,19.44,19.44,19.42,19.42,19.46933041598713,,,0,0,0,0,0,0,39.720157787954946,60.279842212045054,-32.79754911544895,-28.565291232406402,73.05454769191907,-1,1,77028,31.366813260143495,36.3913705134381,31.366813260143495,36.3913705134381,29.277363109717616,29.779578235475157,29.277363109717616,29.779578235475157,96,101,96,101,-1,4,-1,4,-1,4,-1,4,96,101,96,101
1787897400,19.44,19.46,19.44,19.46,19.466477321433548,,,0,0,0,0,0,0,43.08454140950194,56.91545859049806,-18.861265891431465,-17.56142981563115,26.600554583129515,-1,2,51200,30.912040884418932,35.60860913786393,30.912040884418932,35.60860913786393,29.737739808329447,29.758659021902304,29.737739808329447,29.758659021902304,96,101,96,101,-1,4,-1,4,-1,4,-1,4,96,101,96,101
1787897520,19.46,19.48,19.46,19.48,19.464381166396265,,,0,0,0,0,0,0,45.15089740969831,54.84910259030169,-10.699694162304715,-11.46816547076175,12.38118255738775,-1,3,32700,31.08499034505564,34.96237788174846,31.08499034505564,34.96237788174846,31.918062692853876,30.838360857378092,31.918062692853876,30.838360857378092,96,101,96,101,-1,4,-1,4,-1,4,-1,4,96,101,96,101
1787898480,19.48,19.5,19.45,19.5,19.46465111672243,,,0,0,0,0,1,0,56.36282159004522,43.63717840995478,29.967445329759673,100,73.81292351198609,1,4,251400,31.840824368027814,34.516441665502654,31.840824368027814,34.516441665502654,35.036910879589065,32.93763586848358,35.036910879589065,32.93763586848358,96,101,96,101,-1,4,-1,4,-1,4,-1,4,96,101,96,101
1787899320,19.48,19.51,19.46,19.46,19.46463384553109,,,0,0,0,0,0,1,46.06364458024373,53.93635541975627,-10.798831072540217,-100,39.85170213575536,-1,2,284319,31.352194056025805,34.06440629272025,31.352194056025805,34.06440629272025,36.63878075393377,34.78820831120868,36.63878075393377,34.78820831120868,96,101,96,101,-1,4,-1,4,-1,4,-1,4,96,101,96,101
1787900040,19.48,19.5,19.45,19.5,19.46567106082383,,,1,0,0,0,1,0,53.28604201401988,46.71395798598012,13.44404492673954,100,62.94827323977135,1,4,230799,32.08894209964297,33.782197122280635,32.08894209964297,33.782197122280635,39.08324064622898,36.935724478718825,39.08324064622898,36.935724478718825,96,101,96,101,-1,4,-1,4,-1,4,-1,4,96,101,96,101
1787900160,19.5,19.52,19.5,19.52,19.46661567261251,,,0,0,0,0,0,0,53.620068602386205,46.379931397613795,15.560788693223357,100,78.08310725682317,1,4,24039,33.36830337823985,33.72306944456052,33.36830337823985,33.72306944456052,43.49992055391061,40.21782251631472,43.49992055391061,40.21782251631472,96,101,96,101,-1,4,-1,4,-1,4,-1,4,96,101,96,101
1788139800,19.5,19.5,19.48,19.48,19.467315551588655,,,0,0,0,0,0,0,53.36220966045499,46.63779033954501,15.507367627577985,99.6761698465396,48.49012014740814,1,3,413.2903225806452,33.36580551788935,33.672031740750356,33.36580551788935,33.672031740750356,45.14278904620903,42.68030578126188,45.14278904620903,42.68030578126188,96,101,96,101,-1,4,-1,4,-1,4,-1,4,96,101,96,101
1788139800.001,19.48,19.48,19.46,19.46,19.467862263307673,,,0,0,0,0,0,0,53.420277907495496,46.579722092504504,15.448661472555761,99.3533866575687,22.48533844159533,1,2,413.2903225806452,32.76824798089723,33.54291977505705,32.76824798089723,33.54291977505705,44.76524775389371,43.7227767675778,44.76524775389371,43.7227767675778,96,101,96,101,-1,4,-1,4,-1,4,-1,4,96,101,96,101
1788139800.002,19.46,19.46,19.44,19.44,19.46829469175339,,,0,0,0,0,0,0,53.478472670833796,46.521527329166204,15.384153587375712,99.03164536392282,29.88859852522475,1,1,413.2903225806452,31.61813502988074,33.26795052574615,31.61813502988074,33.26795052574615,42.655926646194544,43.18935170688617,42.655926646194544,43.18935170688617,96,101,96,101,-1,4,-1,4,-1,4,-1,4,96,101,96,101
1788139800.003,19.44,19.44,19.42,19.42,19.46894869169459,,,0,0,0,0,0,0,55.013310295863405,44.986689704136595,15.313278124887459,98.71094092910954,37.3908414203712,1,1,413.2903225806452,29.95493490869877,32.79466258045367,29.95493490869877,32.79466258045367,39.06222283959526,41.12578727324072,39.06222283959526,41.12578727324072,96,101,96,101,-1,4,-1,4,-1,4,-1,4,96,101,96,101
1788139800.004,19.42,19.42,19.400000000000002,19.400000000000002,19.46992512299126,,,0,0,0,0,0,0,56.638851104570044,43.361148895429956,15.235415615737383,98.39126834904606,39.57062468472121,1,0,413.2903225806452,27.81529670093457,32.083324597665225,27.81529670093457,32.083324597665225,34.1961910053673,37.66098913930401,34.1961910053673,37.66098913930401,96,101,96,101,-1,4,-1,4,-1,4,-1,4,96,101,96,101
1788139800.005,19.400000000000002,19.400000000000002,19.380000000000003,19.380000000000003,19.470723552187334,,,0,0,0,0,0,0,56.36606092132751,43.63393907867249,15.149888213277979,98.07262265179864,39.54496646398339,1,0,413.2903225806452,25.82848979372496,31.1897767685309,25.82848979372496,31.1897767685309,29.945941496664258,33.803465317984134,29.945941496664258,33.803465317984134,96,101,96,101,-1,4,-1,4,-1,4,-1,4,96,101,96,101
1788139800.006,19.38,19.38,19.36,19.36,19.471357356447307,,,0,0,0,0,0,0,56.07337665011178,43.92662334988822,15.055954585593517,97.75499889732508,39.51678637567805,1,0,413.2903225806452,23.983597665601746,30.16032261096959,23.983597665601746,30.16032261096959,26.23937842571216,30.021421871848148,26.23937842571216,30.021421871848148,96,101,96,101,-1,4,-1,4,-1,4,-1,4,96,101,96,101
1788139800.007,19.36,19.36,19.34,19.34,19.471826833942764,,,0,0,0,0,0,0,55.56959918457427,44.43040081542573,14.95280444353457,97.4383921772192,39.48584133306037,1,0,413.2903225806452,22.270483546630192,29.033202744635393,22.270483546630192,29.033202744635393,23.010376312948033,26.51589909239809,23.010376312948033,26.51589909239809,96,101,96,101,-1,4,-1,4,-1,4,-1,4,96,101,96,101
1788139800.008,19.34,19.34,19.32,19.32,19.472150304930896,,,0,0,0,0,0,0,55.307173574998004,44.692826425001996,14.839552697120443,97.12279761445816,39.45186580913614,1,0,413.2903225806452,20.679734721870894,27.83985016995475,20.679734721870894,27.83985016995475,20.19937017300324,23.357634632700666,20.19937017300324,23.357634632700666,96,101,96,101,-1,4,-1,4,-1,4,-1,4,96,101,96,101
1788139800.009,19.32,19.32,19.3,19.3,19.472333664545822,,,0,0,0,0,0,0,55.041935975500536,44.958064024499464,14.715233237286041,96.80821036315201,39.41456997118581,1,0,413.2903225806452,19.20261081316583,26.605958833270616,19.20261081316583,26.605958833270616,17.7533063021346,20.555470467417635,17.7533063021346,20.555470467417635,96,101,96,101,-1,4,-1,4,-1,4,-1,4,96,101,96,101
1788139800.01,19.3,19.3,19.28,19.28,19.4721973111946,,,0,0,0,0,0,0,54.2194115277246,45.7805884722754,14.578792345953548,96.49462560829558,39.373637703786066,1,0,413.2903225806452,17.830995755082558,25.352392679243753,17.830995755082558,25.352392679243753,15.625282952850025,18.09037671013383,15.625282952850025,18.09037671013383,96,101,96,101,-1,4,-1,4,-1,4,-1,4,96,101,96,101
1788139800.011,19.28,19.28,19.26,19.26,19.47171971955398,,,0,0,0,0,0,0,53.3672252299749,46.6327747700251,14.429081745070263,96.18203856552286,39.328724523521075,1,0,413.2903225806452,16.55735320114809,24.09595846808723,16.55735320114809,24.09595846808723,13.801262939177532,15.945819824655683,13.801262939177532,15.945819824655683,96,101,96,101,-1,4,-1,4,-1,4,-1,4,96,101,96,101
1788139800.012,19.26,19.26,19.240000000000002,19.240000000000002,19.471301552027672,,,0,0,0,0,0,0,53.5116398094764,46.4883601905236,14.26485130487897,95.87044448086377,39.27945539146369,1,0,413.2903225806452,15.374685115351797,22.85006227483931,15.374685115351797,22.85006227483931,12.237817213172718,14.0918185189142,12.237817213172718,14.0918185189142,96,101,96,101,-1,4,-1,4,-1,4,-1,4,96,101,96,101
1788139800.013,19.240000000000002,19.240000000000002,19.220000000000002,19.220000000000002,19.470941409325043,,,0,0,0,0,0,0,53.65683809696014,46.34316190303986,14.084741443620535,95.55983863050301,39.22542243308616,1,0,413.2903225806452,14.276493321398096,21.625266710061997,14.276493321398096,21.625266710061997,10.870509992243244,12.481164255578722,10.870509992243244,12.481164255578722,96,101,96,101,-1,4,-1,4,-1,4,-1,4,96,101,96,101
1788139800.014,19.22,19.22,19.2,19.2,19.470623483253007,,,0,0,0,0,0,0,54.1470017168447,45.8529982831553,13.887275265489507,95.25021632054145,39.16618257964685,1,0,413.2903225806452,13.25674379844109,20.429763436973296,13.25674379844109,20.429763436973296,9.67472285049417,11.077943553036446,9.67472285049417,11.077943553036446,96,101,96,101,-1,4,-1,4,-1,4,-1,4,96,101,96,101
1788139800.015,19.2,19.2,19.18,19.18,19.47037867008434,,,0,0,0,0,0,0,54.64620334321063,45.35379665678937,13.670850501385912,94.9415728867596,39.101255150415774,1,0,413.2903225806452,12.30983352712387,19.26977344985195,12.30983352712387,19.26977344985195,8.628754039919485,9.853348796477967,8.628754039919485,9.853348796477967,96,101,96,101,-1,4,-1,4,-1,4,-1,4,96,101,96,101
1788139800.016,19.18,19.18,19.16,19.16,19.46998465026614,,,0,0,0,0,0,0,53.39681258944458,46.60318741055542,13.433731338266522,94.63390369438352,39.03011940147996,1,0,413.2903225806452,11.43055970375788,18.14988577183851,11.43055970375788,18.14988577183851,7.713535208819842,8.783442002648904,7.713535208819842,8.783442002648904,96,101,96,101,-1,4,-1,4,-1,4,-1,4,96,101,96,101
1788139800.017,19.16,19.16,19.14,19.14,19.46971408256467,,,0,0,0,0,0,0,54.97329593391493,45.02670406608507,13.174040248146893,94.32720413785265,38.95221207444406,1,0,413.2903225806452,10.614091153489458,17.07334368350293,10.614091153489458,17.07334368350293,6.912353487259081,7.847897744953992,6.912353487259081,7.847897744953992,96,101,96,101,-1,4,-1,4,-1,4,-1,4,96,101,96,101
1788139800.018,19.14,19.14,19.12,19.12,19.469686647305654,,,0,0,0,0,0,0,56.72956340263931,43.27043659736069,12.889749957487181,94.02146964059021,38.86692498724615,1,0,413.2903225806452,9.855941785383068,16.042286269485807,9.855941785383068,16.042286269485807,6.210588703364896,7.029243224159444,6.210588703364896,7.029243224159444,96,101,96,101,-1,4,-1,4,-1,4,-1,4,96,101,96,101
1788139800.019,19.12,19.12,19.1,19.1,19.469773165446643,,,0,0,0,0,0,0,57.39533370849084,42.60466629150916,12.578675732219574,93.71669565477528,38.773602719665874,1,0,413.2903225806452,9.151945943569993,15.05795193721212,9.151945943569993,15.05795193721212,5.595470589278846,6.312356906719145,5.595470589278846,6.312356906719145,96,101,96,101,-1,4,-1,4,-1,4,-1,4,96,101,96,101
1788139800.02,19.1,19.1,19.080000000000002,19.080000000000002,19.47009022074329,,,0,0,0,0,0,0,58.396414310144976,41.603585689855024,12.238468193388169,93.41287766111765,38.67154045801645,1,0,413.2903225806452,8.49823551902928,14.120849591757429,8.49823551902928,14.120849591757429,5.055857907693529,5.684107407206337,5.055857907693529,5.684107407206337,96,101,96,101,-1,4,-1,4,-1,4,-1,4,96,101,96,101
1788139800.021,19.080000000000002,19.080000000000002,19.060000000000002,19.060000000000002,19.47100348367466,,,0,0,0,0,0,0,54.19097021873118,45.80902978126882,11.866606923494341,93.11001116863416,38.5599820770483,1,0,413.2903225806452,7.891218696241474,13.230902320969436,7.891218696241474,13.230902320969436,4.582039697277657,5.1330735522419975,4.582039697277657,5.1330735522419975,96,101,96,101,-1,4,-1,4,-1,4,-1,4,96,101,96,101
1788139800.022,19.06,19.06,19.04,19.04,19.471720363557814,,,0,0,0,0,0,0,53.59783053844522,46.40216946155478,11.460395174212186,92.80809171442748,38.43811855226366,1,0,413.2903225806452,7.327560217938512,12.387567734822161,7.327560217938512,12.387567734822161,4.165557835761881,4.649315694001939,4.165557835761881,4.649315694001939,96,101,96,101,-1,4,-1,4,-1,4,-1,4,96,101,96,101
1788139800.023,19.04,19.04,19.02,19.02,19.47222668703636,,,0,0,0,0,0,0,52.990038136079896,47.009961863920104,11.016956041933181,92.507114863467,38.30508681257996,1,0,413.2903225806452,6.804163059514332,11.589938495492472,6.804163059514332,11.589938495492472,3.7990495735101586,4.224182633756049,3.7990495735101586,4.224182633756049,96,101,96,101,-1,4,-1,4,-1,4,-1,4,96,101,96,101
1788139800.024,19.02,19.02,19,19,19.472371545182643,,,0,0,0,0,0,0,51.25318348901571,48.74681651098429,10.533230538024064,92.20707620837155,38.15996916140722,1,0,413.2903225806452,6.3181514124061655,10.83682605505157,6.3181514124061655,10.83682605505157,3.476108425646046,3.850145529701048,3.476108425646046,3.850145529701048,96,101,96,101,-1,4,-1,4,-1,4,-1,4,96,101,96,101
1788139800.025,19,19,18.98,18.98,19.472802532787465,,,0,0,0,0,0,0,57.72618577010245,42.27381422989755,10.005978044658779,91.90797136919431,38.001793413397635,1,0,413.2903225806452,5.866854882948582,10.126830173322572,5.866854882948582,10.126830173322572,3.1911617193367996,3.520653624518924,3.1911617193367996,3.520653624518924,96,101,96,101,-1,4,-1,4,-1,4,-1,4,96,101,96,101
1788139800.026,18.98,18.98,18.96,18.96,19.473564503626807,,,0,0,0,0,0,0,61.30387753699414,38.69612246300586,9.431779712910005,91.60979599320972,37.829533913873,1,0,413.2903225806452,5.447793819880826,9.45839640854518,5.447793819880826,9.45839640854518,2.9393631063703864,3.230008365444655,2.9393631063703864,3.230008365444655,96,101,96,101,-1,4,-1,4,-1,4,-1,4,96,101,96,101
1788139800.027,18.96,18.96,18.94,18.94,19.475187907090802,,,0,0,0,0,0,0,66.6048079756207,33.3951920243793,8.80704542497714,91.31254575470224,37.642113627493146,1,0,413.2903225806452,5.058665689889339,8.829863448737203,5.058665689889339,8.829863448737203,2.716498426149965,2.97325339579731,2.716498426149965,2.97325339579731,96,101,96,101,-1,4,-1,4,-1,4,-1,4,96,101,96,101
1788139800.028,18.94,18.94,18.92,18.92,19.476673172944945,,,0,0,0,0,0,0,64.52474006484114,35.47525993515886,8.128025003562577,91.01621635475726,37.438407501068774,1,0,413.2903225806452,4.697332426325815,8.239501874107004,4.697332426325815,8.239501874107004,2.518903412890426,2.7460784043438684,2.518903412890426,2.7460784043438684,96,101,96,101,-1,4,-1,4,-1,4,-1,4,96,101,96,101
1788139800.029,18.92,18.92,18.900000000000002,18.900000000000002,19.477778762905853,,,0,0,0,0,0,0,63.0468148988413,36.9531851011587,7.390824403970586,90.72080352105382,37.21724732119118,1,0,413.2903225806452,4.361808681588257,7.685545703747183,4.361808681588257,7.685545703747183,2.3433918654267973,2.544735134885333,2.3433918654267973,2.544735134885333,96,101,96,101,-1,4,-1,4,-1,4,-1,4,96,101,96,101
1788139800.03,18.900000000000002,18.900000000000002,18.880000000000003,18.880000000000003,19.4766811223651,,,0,0,0,0,0,0,46.16889716632639,53.83110283367361,6.59142766274711,90.42630300765926,36.97742829882414,1,0,413.2903225806452,4.0502509186176665,7.166217877300109,4.0502509186176665,7.166217877300109,2.187193027508744,2.3659640811970384,2.187193027508744,2.3659640811970384,96,101,96,101,-1,4,-1,4,-1,4,-1,4,96,101,96,101
1788139800.031,18.88,18.88,18.86,18.86,19.47847315113361,,,0,0,0,0,0,0,94.94974710545192,5.0502528945480805,5.046140471887984,89.89949421090381,36.5138421415664,1,0,742.5,3.7609472815735474,6.679750649339171,3.7609472815735474,6.679750649339171,2.0478970538819343,2.2069305675394864,2.0478970538819343,2.2069305675394864,96,101,96,101,-1,4,-1,4,-1,4,-1,4,96,101,96,101
1788139800.032,18.86,18.86,18.84,18.84,19.45668303379772,,,0,0,0,0,0,0,62.70607262103521,37.29392737896479,3.39726199416899,89.3755921749308,36.0191785982507,1,0,742.5,3.49230819003258,6.224401726581087,3.49230819003258,6.224401726581087,1.9234075587895387,2.0651690631645128,1.9234075587895387,2.0651690631645128,96,101,96,101,-1,4,-1,4,-1,4,-1,4,96,101,96,101
1788139800.033,18.84,18.84,18.82,18.82,19.384007383575952,,,0,0,0,0,0,0,6.289268192718121e-13,99.99999999999937,1.64226821237035,88.85457290807867,35.4926804637111,1,0,742.5,3.242857605030253,5.798466852073825,3.242857605030253,5.798466852073825,1.8167022772818457,1.9409356702231793,1.8167022772818457,1.9409356702231793,96,101,96,101,-1,4,-1,4,-1,4,-1,4,96,101,96,101
1788139800.034,18.82,18.82,18.8,18.8,19.321849091576915,,,0,0,0,0,0,0,6.864687252220539e-13,99.99999999999932,-0.22067573114685027,88.3364126819895,35.066202719344055,1,0,742.5,3.0112249189566636,5.400289433057088,3.0112249189566636,5.400289433057088,1.7252406074180342,1.8330881388206066,1.7252406074180342,1.8330881388206066,96,101,96,101,-1,4,-1,4,-1,4,-1,4,96,101,96,101
1788139800.035,18.8,18.8,18.78,18.78,19.268014016703347,,,0,0,0,0,0,0,5.677853144676348e-13,99.99999999999943,-2.192598248439245,87.82108802800683,35.65777947453177,1,0,742.5,2.7961374247454733,5.028267717584,2.7961374247454733,5.028267717584,1.64684489039191,1.7399665146062584,1.64684489039191,1.7399665146062584,96,101,96,101,-1,4,-1,4,-1,4,-1,4,96,101,96,101
1788139800.036,18.78,18.78,18.76,18.76,19.220786789717632,,,0,0,0,0,0,0,2.7238656154345397e-13,99.99999999999973,-4.273605879955065,87.30857573363224,36.28208176398652,1,0,742.5,2.596413322977939,4.680859946925991,2.596413322977939,4.680859946925991,1.579648561512375,1.6598075380593167,1.579648561512375,1.6598075380593167,96,101,96,101,-1,4,-1,4,-1,4,-1,4,96,101,96,101
1788139800.037,18.76,18.76,18.740000000000002,18.740000000000002,19.17882512918956,,,0,0,0,0,0,0,1.5569408350888894e-13,99.99999999999984,-6.462774034282491,86.79885283904012,36.938832210284744,1,0,742.5,2.410955228479515,4.35658784429078,2.410955228479515,4.35658784429078,1.5220517081871339,1.5909296231232253,1.5220517081871339,1.5909296231232253,96,101,96,101,-1,4,-1,4,-1,4,-1,4,96,101,96,101
1788139800.038,18.740000000000002,18.740000000000002,18.720000000000002,18.720000000000002,19.141077572776773,,,0,0,0,0,0,0,1.9622854762834844e-13,99.9999999999998,-8.758048743541183,86.29189663364889,37.62741462306235,1,0,742.5,2.238744140730978,4.054038743782237,2.238744140730978,4.054038743782237,1.4726829767654241,1.5318062999443247,1.4726829767654241,1.5318062999443247,96,101,96,101,-1,4,-1,4,-1,4,-1,4,96,101,96,101
1788139800.039,18.72,18.72,18.7,18.7,19.106719428558666,,,0,0,0,0,0,1,3.7417299078072424e-13,99.99999999999963,-11.15616464743102,-100,76.69369878845862,-1,0,742.5,2.0788338449644796,3.7718666153797002,2.0788338449644796,3.7718666153797002,1.4303669212611014,1.4810866106027132,1.4303669212611014,1.4810866106027132,96,101,96,101,-1,4,-1,4,-1,4,-1,4,96,101,96,101
1788139800.04,18.7,18.7,18.68,18.68,19.075102904570432,,,0,0,0,0,0,0,6.712150504377161e-13,99.99999999999933,-13.652584530929001,-100,78.19155071855741,-1,0,742.5,1.9303457131813027,3.5087922007799293,1.9303457131813027,3.5087922007799293,1.3940960165431853,1.4375913135729492,1.3940960165431853,1.4375913135729492,96,101,96,101,-1,4,-1,4,-1,4,-1,4,96,101,96,101
1788139800.041,18.68,18.68,18.66,18.66,19.045718271955344,,,0,0,0,0,0,0,8.233898683340383e-13,99.99999999999918,-16.241465537872678,-100,79.7448793227236,-1,0,742.5,1.7924638765254954,3.263602440172153,1.7924638765254954,3.263602440172153,1.3630066696420395,1.4002989916074944,1.3630066696420395,1.4002989916074944,96,101,96,101,-1,4,-1,4,-1,4,-1,4,96,101,96,101
1788139800.042,18.66,18.66,18.64,18.64,19.018163615164298,,,0,0,0,0,0,0,8.386450068133299e-13,99.99999999999916,-18.9156566175172,-100,81.34939397051032,-1,0,742.5,1.66443074248796,3.0351493405029824,1.66443074248796,3.0351493405029824,1.336358658012486,1.36832882480999,1.336358658012486,1.36832882480999,96,101,96,101,-1,4,-1,4,-1,4,-1,4,96,101,96,101
1788139800.043,18.64,18.64,18.62,18.62,18.99212126564222,,,0,0,0,0,0,0,7.739706214589506e-13,99.99999999999923,-21.666730811373487,-100,83.0000384868241,-1,0,742.5,1.5455428323102487,2.822348410761163,1.5455428323102487,2.822348410761163,1.3135175051871544,1.3409231649985722,1.3135175051871544,1.3409231649985722,96,101,96,101,-1,4,-1,4,-1,4,-1,4,96,101,96,101
1788139800.044,18.62,18.62,18.6,18.6,18.96733943787764,,,0,0,0,0,0,0,6.433446536478525e-13,99.99999999999936,-24.48505466484842,-100,84.69103279890905,-1,0,742.5,1.4351469157166594,2.624176768611948,1.4351469157166594,2.624176768611948,1.2939393741940877,1.31743126959633,1.2939393741940877,1.31743126959633,96,101,96,101,-1,4,-1,4,-1,4,-1,4,96,101,96,101
1788139800.045,18.6,18.6,18.580000000000002,18.580000000000002,18.943617915333174,,,0,0,0,0,0,0,4.98090408884785e-13,99.9999999999995,-27.359895403479484,-100,86.4159372420877,-1,0,742.5,1.332636421736898,2.4396710047726553,1.332636421736898,2.4396710047726553,1.2771581190570986,1.2972946943267143,1.2771581190570986,1.2972946943267143,96,101,96,101,-1,4,-1,4,-1,4,-1,4,96,101,96,101
1788139800.046,18.580000000000002,18.580000000000002,18.560000000000002,18.560000000000002,18.920796889452586,,,0,0,0,0,0,0,3.389557075614387e-13,99.99999999999966,-30.27956463852884,-100,88.1677387831173,-1,0,742.5,1.237448105898548,2.2679248763620685,1.237448105898548,2.2679248763620685,1.2627741860825368,1.2800344402046255,1.2627741860825368,1.2800344402046255,96,101,96,101,-1,4,-1,4,-1,4,-1,4,96,101,96,101
1788139800.047,18.56,18.56,18.54,18.54,18.8987482538583,,,0,0,0,0,0,0,2.1292665421578932e-13,99.99999999999979,-33.231595389148985,-100,89.93895723348939,-1,0,742.5,1.149058955477223,2.1080868876642334,1.149058955477223,2.1080868876642334,1.2504451006758441,1.265239770440235,1.2504451006758441,1.265239770440235,96,101,96,101,-1,4,-1,4,-1,4,-1,4,96,101,96,101
1788139800.048,18.54,18.54,18.52,18.52,18.87736881061615,,,0,0,0,0,0,0,1.274717387562056e-13,99.99999999999987,-36.20294728176721,-100,91.72176836906033,-1,0,742.5,1.0669833158002786,1.9593578059693826,1.0669833158002786,1.9593578059693826,1.2398773131843186,1.2525585418122769,1.2398773131843186,1.2525585418122769,96,101,96,101,-1,4,-1,4,-1,4,-1,4,96,101,96,101
1788139800.049,18.52,18.52,18.5,18.5,18.856574965857927,,,0,0,0,0,0,0,2.6872542567425304e-14,99.99999999999997,-39.18023307546563,-100,93.50813984527937,-1,0,742.5,0.9907702218145443,1.82098815109012,0.9907702218145443,1.82098815109012,1.2308192096201538,1.2416888757162154,1.2308192096201538,1.2416888757162154,96,101,96,101,-1,4,-1,4,-1,4,-1,4,96,101,96,101
1788139800.05,18.5,18.5,18.48,18.48,18.836298585741705,,,0,0,0,0,0,0,-7.933152476392579e-14,100.00000000000009,-42.14995832000555,-100,95.28997499200332,-1,0,742.5,0.9200009202563626,1.6922756895424402,0.9200009202563626,1.6922756895424402,1.2230551208508698,1.2323719982835426,1.2230551208508698,1.2323719982835426,96,101,96,101,-1,4,-1,4,-1,4,-1,4,96,101,96,101
1788139800.051,18.5,18.52,18.5,18.52,18.813067308683873,,,0,0,0,0,0,0,10.90415288695324,89.09584711304676,-20.564452587137296,-56.52173913043478,82.33867155228238,-1,0,2475,1.1290118435347487,1.6118094258270557,1.1290118435347487,1.6118094258270557,1.74097365337001,1.4866728258267763,1.74097365337001,1.4866728258267763,96,101,96,101,-1,4,-1,4,-1,4,-1,4,96,101,96,101
1788139800.052,18.52,18.54,18.52,18.54,18.789298747496463,,,0,0,0,0,0,0,19.992339201400398,80.0076607985996,-3.3083197652221994,-28.57142857142857,59.127849001990455,-1,0,2475,1.4604560525130275,1.5901875153536231,1.4604560525130275,1.5901875153536231,2.6529774171742844,2.0698251215005303,2.6529774171742844,2.0698251215005303,96,101,96,101,-1,4,-1,4,-1,4,-1,4,96,101,96,101
1788139800.053,18.54,18.56,18.54,18.56,18.766467177614558,,,0,0,0,0,0,0,27.68333178985758,72.31666821014242,10.744175498830808,-9.090909090909092,51.90105075384394,-1,0,2475,1.9055883124983493,1.6352447720885839,1.9055883124983493,1.6352447720885839,3.9329668184074293,3.00139596995398,3.9329668184074293,3.00139596995398,96,101,96,101,-1,4,-1,4,-1,4,-1,4,96,101,96,101
1788139920,18.54,18.54,18.52,18.52,18.734876672172543,,,0,0,0,0,0,0,18.28461804272928,81.71538195727072,-40.41103131776496,-51.36728344522679,94.24661879065897,-1,0,14200,2.0442001363308795,1.6936669669803404,2.0442001363308795,1.6936669669803404,4.513971558634895,3.7576837642944376,4.513971558634895,3.7576837642944376,96,101,96,101,-1,4,-1,4,-1,4,-1,4,96,101,96,101
1788139920.001,18.54,18.56,18.54,18.56,18.708748450483657,,,0,0,0,0,0,0,21.920621524943133,78.07937847505687,-32.025520252000014,-43.051686784277315,85.0463242217664,-1,0,1775,2.447636390329212,1.8013768846016076,2.447636390329212,1.8013768846016076,5.642517493608221,4.700100628951329,5.642517493608221,4.700100628951329,96,101,96,101,-1,4,-1,4,-1,4,-1,4,96,101,96,101
1788139920.002,18.56,18.58,18.56,18.58,18.687191033331448,,,0,0,0,0,0,0,25.328098350965245,74.67190164903475,-23.886977489498307,-35.602171042980785,75.69348911948745,-1,0,1775,2.959618406404584,1.96683995914489,2.959618406404584,1.96683995914489,7.183382341460081,5.941741485205705,7.183382341460081,5.941741485205705,96,101,96,101,-1,4,-1,4,-1,4,-1,4,96,101,96,101
1788139920.003,18.580000000000002,18.6,18.580000000000002,18.6,18.669481582799417,,,0,0,0,0,0,0,28.527936807642284,71.47206319235772,-16.019891411545157,-28.890128276631344,66.9460118129059,-1,0,1775,3.572392915837231,2.1962046672437956,3.572392915837231,2.1962046672437956,9.120147827071658,7.530944656138682,9.120147827071658,7.530944656138682,96,101,96,101,-1,4,-1,4,-1,4,-1,4,96,101,96,101
1788139920.004,18.6,18.62,18.6,18.62,18.655031911239327,,,0,0,0,0,0,0,31.538554749361662,68.46144525063833,-8.44477091646588,-22.811212966653382,45.7125533151428,-1,1,1775,4.278760454815895,2.4937126368969524,4.278760454815895,2.4937126368969524,11.44364319243509,9.487293924286886,11.44364319243509,9.487293924286886,96,101,96,101,-1,4,-1,4,-1,4,-1,4,96,101,96,101
1788140040,18.62,18.64,18.62,18.64,18.64361295856887,,,0,0,0,0,0,0,36.35691659957026,63.64308340042974,4.160915849852089,-13.046952069592436,13.10829638845298,-1,2,3250.6666666666665,5.0935828873150415,2.865122672670965,5.0935828873150415,2.865122672670965,14.151694164944391,11.819494044615638,14.151694164944391,11.819494044615638,96,101,96,101,-1,4,-1,4,-1,4,-1,4,96,101,96,101
1788140040.001,18.64,18.66,18.64,18.66,18.63488580911178,,,0,0,0,0,0,0,40.64670162796791,59.35329837203209,15.026078720280461,-4.72097818124145,15.609749986838326,-1,3,3250.6666666666665,6.015469823935393,3.3151722657087404,6.015469823935393,3.3151722657087404,17.249071188999967,14.534282616807802,17.249071188999967,14.534282616807802,96,101,96,101,-1,4,-1,4,-1,4,-1,4,96,101,96,101
1788140040.002,18.66,18.68,18.66,18.68,18.62853466956735,,,0,0,0,0,0,0,44.49036488522771,55.50963511477229,24.44786044557637,2.462700740709485,27.944200233692694,-1,4,3250.6666666666665,7.043519355461868,3.8477932785306157,7.043519355461868,3.8477932785306157,20.747651081254624,17.640966849031212,20.747651081254624,17.640966849031212,96,101,96,101,-1,4,-1,4,-1,4,-1,4,96,101,96,101
1788140040.003,18.68,18.7,18.68,18.7,18.624272049729946,,,0,0,0,0,0,0,47.9540590735948,52.0459409264052,32.660958270550765,8.724072330873602,32.41550918042731,-1,5,3250.6666666666665,8.177315591976486,4.46629646616574,8.177315591976486,4.46629646616574,24.666817809906533,21.153892329468874,24.666817809906533,21.153892329468874,96,101,96,101,-1,4,-1,4,-1,4,-1,4,96,101,96,101
1788140040.004,18.7,18.72,18.7,18.72,18.621840361810552,,,0,0,0,0,0,0,51.09147374435277,48.90852625564723,39.85321722061769,14.230043608697004,36.22497824879441,-1,5,3250.6666666666665,9.416929827807937,5.173529803543196,9.416929827807937,5.173529803543196,29.034143156790577,25.094017743129726,29.034143156790577,25.094017743129726,96,101,96,101,-1,4,-1,4,-1,4,-1,4,96,101,96,101
1788140040.005,18.72,18.74,18.72,18.74,18.62101139008851,,,0,0,0,0,0,0,53.94663834239566,46.05336165760434,46.17676580027802,19.109539893942852,39.58589170826626,-1,5,3250.6666666666665,10.762925523337165,5.972014906370906,10.762925523337165,5.972014906370906,33.8864084201062,29.490213081617963,33.8864084201062,29.490213081617963,96,101,96,101,-1,4,-1,4,-1,4,-1,4,96,101,96,101
1788140040.006,18.740000000000002,18.76,18.740000000000002,18.76,18.621320865004535,,,0,0,0,0,1,0,56.83987975289845,43.16012024710155,51.756113526883915,100,100,1,5,3250.6666666666665,12.216367351035316,6.864065255608679,12.216367351035316,6.864065255608679,39.27105684129414,34.38063496145605,39.27105684129414,34.38063496145605,96,101,96,101,-1,4,-1,4,-1,4,-1,4,96,101,96,101
1788140040.007,18.76,18.78,18.76,18.78,18.62270612964081,,,0,0,0,0,0,0,59.51998668533296,40.48001331466704,56.6941356862735,100,100,1,5,3250.6666666666665,13.778834618169167,7.851889450260178,13.778834618169167,7.851889450260178,45.24820745126807,39.81442120636206,45.24820745126807,39.81442120636206,96,101,96,101,-1,4,-1,4,-1,4,-1,4,96,101,96,101
1788140040.008,18.78,18.8,18.78,18.8,18.62509816647218,,,0,0,0,0,0,0,62.00967374138643,37.99032625861357,61.07656203248716,100,100,1,5,3250.6666666666665,15.452439454412902,8.937682307996281,15.452439454412902,8.937682307996281,51.89342151285168,45.85392135960687,51.89342151285168,45.85392135960687,96,101,96,101,-1,4,-1,4,-1,4,-1,4,96,101,96,101
1788140160,18.8,18.82,18.77,18.82,18.632256318775926,,,0,0,0,0,0,0,67.74592495485898,32.25407504514102,71.72462767252085,100,100,1,5,10997,17.239850241682728,10.123706298522917,17.239850241682728,10.123706298522917,58.17755457404096,52.01573796682392,58.17755457404096,52.01573796682392,96,101,96,101,-1,4,-1,4,-1,4,-1,4,96,101,96,101
1788140160.001,18.82,18.84,18.82,18.84,18.642501616635478,,,0,0,0,0,0,0,72.19097269858676,27.809027301413238,78.26510863314596,100,100,1,5,10997,19.144320869018973,11.412365522879496,19.144320869018973,11.412365522879496,63.834729317431965,57.92523364212794,63.834729317431965,57.92523364212794,96,101,96,101,-1,4,-1,4,-1,4,-1,4,96,101,96,101
1788140160.002,18.84,18.86,18.84,18.86,18.6547163054538,,,0,0,0,0,0,0,75.7366795900045,24.2633204099955,82.67370018205233,100,100,1,5,10997,21.169726521231894,12.806274236929838,21.169726521231894,12.806274236929838,68.70044467809961,63.31283916011378,68.70044467809961,63.31283916011378,96,101,96,101,-1,4,-1,4,-1,4,-1,4,96,101,96,101
1788140160.003,18.86,18.88,18.86,18.88,18.668150005573874,,,0,0,0,0,0,0,78.63090891987642,21.36909108012358,85.83432144636811,100,100,1,5,10997,23.320606861290404,14.308321754695632,23.320606861290404,14.308321754695632,72.88609543837113,68.09946729924246,72.88609543837113,68.09946729924246,96,101,96,101,-1,4,-1,4,-1,4,-1,4,96,101,96,101
1788140160.004,18.86,18.86,18.84,18.84,18.680038292596567,,,0,0,0,0,0,0,75.02938549062014,24.970614509379857,67.22032652416607,79.61079870656161,100,1,5,6100.5,25.038307874957617,15.841176914733056,25.038307874957617,15.841176914733056,75.61665323288953,71.85806026606599,75.61665323288953,71.85806026606599,96,101,96,101,-1,4,-1,4,-1,4,-1,4,96,101,96,101
1788140160.005,18.84,18.84,18.82,18.82,18.690403816712625,,,0,0,0,0,0,0,71.74333299274548,28.25666700725452,50.624393921548915,62.99419177749807,100,1,5,6100.5,26.53171059431393,17.36839601181604,26.53171059431393,17.36839601181604,77.24284562819116,74.55045294712858,77.24284562819116,74.55045294712858,96,101,96,101,-1,4,-1,4,-1,4,-1,4,96,101,96,101
1788140280,18.82,18.82,18.8,18.8,18.698970818903252,,,0,0,0,0,0,0,70.21744695830266,29.78255304169734,41.983018265559146,54.99985578725736,95.18981095933549,1,5,3401,27.811191583608977,18.860223950643604,27.811191583608977,18.860223950643604,77.92243910987816,76.23644602850337,77.92243910987816,76.23644602850337,96,101,96,101,-1,4,-1,4,-1,4,-1,4,96,101,96,101
1788140280.001,18.8,18.8,18.78,18.78,18.70602538084508,,,0,0,0,0,0,0,68.75511634920822,31.244883650791778,33.554727252076304,47.75304840328279,88.78466539321546,1,5,3401,28.885902388861407,20.292463727531864,28.885902388861407,20.292463727531864,77.79066209418131,77.01355406134235,77.79066209418131,77.01355406134235,96,101,96,101,-1,4,-1,4,-1,4,-1,4,96,101,96,101
1788140280.002,18.8,18.82,18.8,18.82,18.71214494518621,,,0,0,0,0,0,0,69.96232148749549,30.037678512504513,37.62748923601274,50.086677873502836,92.57649354160765,1,5,3401,30.39405221822845,21.735547797631373,30.39405221822845,21.735547797631373,78.53485322358405,77.77420364246319,78.53485322358405,77.77420364246319,96,101,96,101,-1,4,-1,4,-1,4,-1,4,96,101,96,101
1788140400,18.8,18.8,18.78,18.78,18.717562475234647,,,0,0,0,0,0,0,66.81380637895845,33.186193621041554,21.10177277930716,37.64382813691876,75.24736054973555,1,5,6883.333333333333,31.46980173510824,23.12615550298521,31.46980173510824,23.12615550298521,78.31558847735779,78.04489605991049,78.31558847735779,78.04489605991049,96,101,96,101,-1,4,-1,4,-1,4,-1,4,96,101,96,101
1788140400.001,18.78,18.78,18.76,18.76,18.722185916604964,,,0,0,0,0,0,0,63.93647261234642,36.06352738765358,6.972496234512882,27.106164637492036,49.69697800487238,1,4,6883.333333333333,32.346958754029096,24.44341311027719,32.346958754029096,24.44341311027719,77.41336155202102,77.72912880596576,77.41336155202102,77.72912880596576,96,101,96,101,-1,4,-1,4,-1,4,-1,4,96,101,96,101
1788140400.002,18.76,18.76,18.740000000000002,18.740000000000002,18.725974396603654,,,0,0,0,0,0,0,61.29673144609056,38.70326855390944,-5.194804637031942,18.067235572452837,24.818546041164176,1,3,6883.333333333333,33.03185340523901,25.670333152414596,33.03185340523901,25.670333152414596,75.92573847316106,76.82743363956341,75.92573847316106,76.82743363956341,96,101,96,101,-1,4,-1,4,-1,4,-1,4,96,101,96,101
1788140400.003,18.76,18.78,18.76,18.78,18.729289648984984,,,0,0,0,0,0,0,62.335949306678685,37.664050693321315,0.029468228611443905,20.430625369974617,51.438312779083546,1,4,2875,34.24386387629337,26.895123255825848,34.24386387629337,26.895123255825848,75.50777583413814,76.16760473685078,75.50777583413814,76.16760473685078,96,101,96,101,-1,4,-1,4,-1,4,-1,4,96,101,96,101
1788140400.004,18.78,18.8,18.78,18.8,18.732331642036527,,,0,0,0,0,0,0,63.346198215038505,36.653801784961495,5.207878880588169,22.661491652363864,56.72162231977122,1,5,2875,35.73876029892268,28.15849997626825,35.73876029892268,28.15849997626825,75.86380785783278,76.01570629734178,75.86380785783278,76.01570629734178,96,101,96,101,-1,4,-1,4,-1,4,-1,4,96,101,96,101
1788140400.005,18.8,18.82,18.8,18.82,18.73525199693766,,,0,0,0,0,0,0,64.32867281622866,35.67132718377134,10.317902720383548,24.770677012682725,61.05314783983977,1,5,2875,37.52272640002004,29.49624660823279,37.52272640002004,29.49624660823279,76.88326387814246,76.44948508774212,76.88326387814246,76.44948508774212,96,101,96,101,-1,4,-1,4,-1,4,-1,4,96,101,96,101
1788140520,18.82,18.84,18.82,18.84,18.7389732244727,,,0,0,0,0,0,0,66.66239226210648,33.33760773789352,24.849368731553184,30.914507726884683,73.45832587506271,1,5,9375,39.60443641906623,30.94027372406614,39.60443641906623,30.94027372406614,78.47136903840787,77.460427063075,78.47136903840787,77.460427063075,96,101,96,101,-1,4,-1,4,-1,4,-1,4,96,101,96,101
1788140520.001,18.84,18.86,18.84,18.86,18.74343298753692,,,0,0,0,0,0,0,68.76239863571504,31.237601364284956,36.21769589555589,36.130596203561275,83.4089752594703,1,5,9375,41.995328323198855,32.51956723822796,41.995328323198855,32.51956723822796,80.49425616825943,78.97734161566721,80.49425616825943,78.97734161566721,96,101,96,101,-1,4,-1,4,-1,4,-1,4,96,101,96,101
1788140520.002,18.86,18.88,18.86,18.88,18.7490404147755,,,0,0,0,0,0,0,69.96452832714253,30.03547167285747,45.31701380613325,40.61432935961181,91.55880589944704,1,5,9375,44.70994772868463,34.26105016543605,44.70994772868463,34.26105016543605,82.96333068390494,80.97033614978608,82.96333068390494,80.97033614978608,96,101,96,101,-1,4,-1,4,-1,4,-1,4,96,101,96,101
1788140640,18.86,18.86,18.84,18.84,18.754781672912518,,,0,0,0,0,0,0,66.47278545674702,33.52721454325298,27.834631120624646,32.50772683009441,76.20541477043143,1,5,8170,46.87352289092143,36.062831983362535,46.87352289092143,36.062831983362535,84.12729931636296,82.54881773307451,84.12729931636296,82.54881773307451,96,101,96,101,-1,4,-1,4,-1,4,-1,4,96,101,96,101
1788140640.001,18.84,18.84,18.82,18.82,18.760296489851015,,,0,0,0,0,0,0,63.18960815573084,36.81039184426916,12.894645265067,25.284886979263966,62.907719346598576,1,5,8170,48.80491721858852,37.8831298741091,48.80491721858852,37.8831298741091,84.33133592196207,83.44007682751828,84.33133592196207,83.44007682751828,96,101,96,101,-1,4,-1,4,-1,4,-1,4,96,101,96,101
1788140640.002,18.82,18.82,18.8,18.8,18.769222565535784,,,0,0,0,0,0,0,65.25306241809183,34.74693758190817,0.034545120991160014,18.808761562503953,35.19710176472199,1,4,8170,50.513656897780244,39.687490877490696,50.513656897780244,39.687490877490696,83.54450642050533,83.49229162401181,83.54450642050533,83.49229162401181,96,101,96,101,-1,4,-1,4,-1,4,-1,4,96,101,96,101
1788140640.003,18.8,18.8,18.78,18.78,18.776467060445214,,,0,0,0,0,0,0,62.1398250747175,37.8601749252825,-11.104397576707836,12.969246318221195,17.189717580311626,1,3,8170,52.007579364265325,41.447503518458504,52.007579364265325,41.447503518458504,81.7881483604332,82.64021999222251,81.7881483604332,82.64021999222251,96,101,96,101,-1,4,-1,4,-1,4,-1,4,96,101,96,101
1788140640.004,18.78,18.78,18.76,18.76,18.782160240814743,,,0,0,0,0,0,0,59.22825250192456,40.77174749807544,-20.80471566551537,7.676869617073982,17.164706555005345,1,2,8170,53.29275226681784,43.13968191108126,53.29275226681784,43.13968191108126,79.05650811846658,80.84836405534455,79.05650811846658,80.84836405534455,96,101,96,101,-1,4,-1,4,-1,4,-1,4,96,101,96,101
1788140760,18.76,18.76,18.740000000000002,18.740000000000002,18.78640485217689,,,0,0,0,0,0,0,56.410348509536426,43.589651490463574,-29.58906100663886,2.6772646662668995,27.751230141341953,1,1,8491.666666666666,54.128984247759476,44.70958224489244,54.128984247759476,44.70958224489244,75.31374165256342,78.08105285395399,75.31374165256342,78.08105285395399,96,101,96,101,-1,4,-1,4,-1,4,-1,4,96,101,96,101
1788140760.001,18.740000000000002,18.740000000000002,18.720000000000002,18.720000000000002,18.789318106778705,,,0,0,0,0,0,0,53.7719475724104,46.2280524275896,-37.245827000277075,-1.8786620498422015,31.737346715035784,1,0,8491.666666666666,54.5483425157767,46.115119426447336,54.5483425157767,46.115119426447336,70.48870163626323,74.28487724510862,70.48870163626323,74.28487724510862,96,101,96,101,-1,4,-1,4,-1,4,-1,4,96,101,96,101
1788140760.002,18.72,18.72,18.7,18.7,18.791248240333793,,,0,0,0,0,0,0,50.9638831094118,49.0361168905882,-43.950390586483984,-6.0474610870120005,34.99935550204879,1,0,8491.666666666666,54.58060376464979,47.324474331904824,54.58060376464979,47.324474331904824,64.466506164416,69.37569170476232,64.466506164416,69.37569170476232,96,101,96,101,-1,4,-1,4,-1,4,-1,4,96,101,96,101
1788140880,18.7,18.7,18.68,18.68,18.79047041735202,,,0,0,0,0,0,1,45.04642571183751,54.95357428816249,-58.11051926055077,-100,100,-1,0,24425,54.25341778146052,48.31432339612707,54.25341778146052,48.31432339612707,57.07518710196712,63.22543940336472,57.07518710196712,63.22543940336472,96,101,96,101,-1,4,-1,4,-1,4,-1,4,96,101,96,101
1788140880.001,18.68,18.68,18.66,18.66,18.787483923493568,,,0,0,0,0,0,0,40.098502346491486,59.901497653508514,-67.22004303373272,-100,100,-1,0,24425,53.592459368499064,49.068342820751646,53.592459368499064,49.068342820751646,49.44106946402371,56.333254433694215,49.44106946402371,56.333254433694215,96,101,96,101,-1,4,-1,4,-1,4,-1,4,96,101,96,101
1788141000,18.66,18.66,18.64,18.64,18.784465646260887,,,0,0,0,0,0,0,38.163960434179884,61.836039565820116,-69.55612331898159,-100,100,-1,0,7835,52.62156941360629,49.57594661973088,52.62156941360629,49.57594661973088,42.85425001678218,49.5937522252382,42.85425001678218,49.5937522252382,96,101,96,101,-1,4,-1,4,-1,4,-1,4,96,101,96,101
1788141000.001,18.64,18.64,18.62,18.62,18.78126238354623,,,0,0,0,0,0,0,36.295691097109426,63.704308902890574,-71.76919429928226,-100,100,-1,0,7835,51.362885884063,49.831223657492615,51.362885884063,49.831223657492615,37.171774739659405,43.3827634824488,37.171774739659405,43.3827634824488,96,101,96,101,-1,4,-1,4,-1,4,-1,4,96,101,96,101
1788141000.002,18.62,18.62,18.6,18.6,18.777763074889886,,,0,0,0,0,0,0,34.490346185494296,65.5096538145057,-73.85946505831338,-100,100,-1,0,7835,49.836965463772806,49.832043915532644,49.836965463772806,49.832043915532644,32.269684470728606,37.82622397658871,32.269684470728606,37.82622397658871,96,101,96,101,-1,4,-1,4,-1,4,-1,4,96,101,96,101
1788141000.003,18.6,18.6,18.580000000000002,18.580000000000002,18.773888900296438,,,0,0,0,0,0,0,32.744799349730556,67.25520065026944,-75.82817359299796,-100,100,-1,0,7835,48.062896502074786,49.57930857075296,48.062896502074786,49.57930857075296,28.040681927291146,32.93345295193993,28.040681927291146,32.93345295193993,96,101,96,101,-1,4,-1,4,-1,4,-1,4,96,101,96,101
1788141000.004,18.580000000000002,18.580000000000002,18.560000000000002,18.560000000000002,18.769585623005934,,,0,0,0,0,0,0,31.05612797301044,68.94387202698957,-77.67745634622398,-100,100,-1,0,7835,46.05840389478377,49.07632218847164,46.05840389478377,49.07632218847164,24.392013080535232,28.66273301623758,24.392013080535232,28.66273301623758,96,101,96,101,-1,4,-1,4,-1,4,-1,4,96,101,96,101
1788141000.005,18.580000000000002,18.6,18.580000000000002,18.6,18.765146350296316,,,0,0,0,0,0,0,32.235968870942955,67.76403112905705,-63.37560212365503,-83.05172861970367,100,-1,0,8150,44.91137504515638,48.481329739426606,44.91137504515638,48.481329739426606,22.336011211887357,25.499372114062467,22.336011211887357,25.499372114062467,96,101,96,101,-1,4,-1,4,-1,4,-1,4,96,101,96,101
1788141120,18.6,18.62,18.6,18.62,18.760162325960398,,,0,0,0,0,0,0,31.79595352352827,68.20404647647173,-48.60340946594878,-67.14929978637551,99.16204567956927,-1,0,9150,44.20341968478808,47.8701997316211,44.20341968478808,47.8701997316211,21.466581038760598,23.48297657641153,21.466581038760598,23.48297657641153,96,101,96,101,-1,4,-1,4,-1,4,-1,4,96,101,96,101
1788141120.001,18.62,18.64,18.62,18.64,18.754705542046885,,,0,0,0,0,0,0,31.350186483980778,68.64981351601922,-35.16030396945202,-53.78903690762176,91.09618238167121,-1,0,9150,43.90317542158895,47.30348197304509,43.90317542158895,47.30348197304509,21.61421231893765,22.54859444767459,21.61421231893765,22.54859444767459,96,101,96,101,-1,4,-1,4,-1,4,-1,4,96,101,96,101
1788141120.002,18.64,18.66,18.64,18.66,18.74883102402977,,,0,0,0,0,0,0,30.898554234891417,69.10144576510858,-22.927844518587996,-42.406471183013146,79.20058942096068,-1,0,9150,43.981520034332604,46.82891598180045,43.981520034332604,46.82891598180045,22.6336105590894,22.591102503381997,22.6336105590894,22.591102503381997,96,101,96,101,-1,4,-1,4,-1,4,-1,4,96,101,96,101
1788141240,18.66,18.68,18.66,18.68,18.742379218560032,,,0,0,0,0,0,0,31.98938489907241,68.0106151009276,-5.188548652581481,-26.540880503144653,59.037657493435674,-1,0,15500,44.4114114604517,46.483558193036345,44.4114114604517,46.483558193036345,24.400237622076606,23.495670062729303,24.400237622076606,23.495670062729303,96,101,96,101,-1,4,-1,4,-1,4,-1,4,96,101,96,101
1788141240.001,18.68,18.7,18.68,18.7,18.736692535811713,,,0,0,0,0,0,0,34.18557040456597,65.81442959543404,1.234290010379405,-21.01735693418113,42.28270527063442,-1,1,6350,45.16773921327657,46.29558405307066,45.16773921327657,46.29558405307066,26.807346533208484,25.151508297968896,26.807346533208484,25.151508297968896,96,101,96,101,-1,4,-1,4,-1,4,-1,4,96,101,96,101
1788141240.002,18.7,18.72,18.7,18.72,18.73179576429085,,,0,0,0,0,0,0,36.37792079173272,63.62207920826728,7.450495105670983,-15.955870245348263,23.354514179167243,-1,2,6350,46.22718641232823,46.28581296153603,46.22718641232823,46.28581296153603,29.763439885607227,27.45747409178806,29.763439885607227,27.45747409178806,96,101,96,101,-1,4,-1,4,-1,4,-1,4,96,101,96,101
1788141360,18.72,18.74,18.72,18.74,18.728023048327344,,,0,0,0,0,0,0,39.6660004261234,60.3339995738766,19.199717754209583,-6.5923154236446635,12.469449723259558,-1,3,13337,47.56810166859049,46.46899706254381,47.56810166859049,46.46899706254381,33.190091330520424,30.323782711154244,33.190091330520424,30.323782711154244,96,101,96,101,-1,4,-1,4,-1,4,-1,4,96,101,96,101
1788141360.001,18.740000000000002,18.76,18.740000000000002,18.76,18.725365671080322,,,0,0,0,0,0,0,42.740286298568506,57.259713701431494,29.100527659729302,1.371996481773007,22.839418318428933,-1,4,13337,49.17038012083407,46.85490892801385,49.17038012083407,46.85490892801385,37.02007828330331,33.67193049722878,37.02007828330331,33.67193049722878,96,101,96,101,-1,4,-1,4,-1,4,-1,4,96,101,96,101
1788141480,18.76,18.78,18.76,18.78,18.723838234593792,,,0,0,0,0,0,0,45.2950628012679,54.7049371987321,39.84529110257997,10.257782671417576,35.030922132199265,-1,5,17674,50.92136800693994,47.435831653574716,50.92136800693994,47.435831653574716,41.19578138568864,37.43385594145871,41.19578138568864,37.43385594145871,96,101,96,101,-1,4,-1,4,-1,4,-1,4,96,101,96,101
1788141480.001,18.76,18.76,18.740000000000002,18.740000000000002,18.722378967740163,,,0,0,0,0,0,0,46.024008622606395,53.975991377393605,37.48939497468898,9.246105436479004,20.976650494596612,-1,3,1816.6666666666667,51.64920680009509,48.03774238879191,51.64920680009509,48.03774238879191,43.70352690201903,40.56869142173887,43.70352690201903,40.56869142173887,96,101,96,101,-1,4,-1,4,-1,4,-1,4,96,101,96,101
1788141480.002,18.740000000000002,18.740000000000002,18.720000000000002,18.720000000000002,18.721036543527774,,,0,0,0,0,0,0,46.77680045281687,53.22319954718313,34.98792158791246,8.252824818699436,26.76367266397194,-1,2,1816.6666666666667,51.92823171119947,48.59352657770728,51.92823171119947,48.59352657770728,44.96016591601635,42.76442866887761,44.96016591601635,42.76442866887761,96,101,96,101,-1,4,-1,4,-1,4,-1,4,96,101,96,101
1788141480.003,18.72,18.72,18.7,18.7,18.71985200252154,,,0,0,0,0,0,0,47.554627861029616,52.445372138970384,32.339370014944194,7.277443545627229,39.47644216689539,-1,2,1816.6666666666667,51.79050087468522,49.05023719156127,51.79050087468522,49.05023719156127,45.14442792801391,43.95442829844576,45.14442792801391,43.95442829844576,96,101,96,101,-1,4,-1,4,-1,4,-1,4,96,101,96,101
1788141480.004,18.72,18.74,18.72,18.74,18.71889276549793,,,0,0,0,0,0,0,47.99412899929379,52.00587100070621,36.45386559666416,9.71782897818643,22.176996247010074,-1,3,5450,52.29286005590517,49.51346902932469,52.29286005590517,49.51346902932469,46.37379536686901,45.16411183265738,46.37379536686901,45.16411183265738,96,101,96,101,-1,4,-1,4,-1,4,-1,4,96,101,96,101
1788141600,18.72,18.72,18.7,18.7,18.717805378868185,,,0,0,0,0,0,0,45.12370181745557,54.87629818254443,13.997169970944839,1.825450536251299,23.499336538998598,-1,2,16050,51.68265576619767,49.823352848877974,51.68265576619767,49.823352848877974,46.356110314459045,45.760111073558214,46.356110314459045,45.760111073558214,96,101,96,101,-1,4,-1,4,-1,4,-1,4,96,101,96,101
1788141720,18.72,18.74,18.72,18.74,18.716990680936156,,,0,0,0,0,0,0,46.884826005140866,53.115173994859134,25.362192472039567,7.4265815241967115,18.860369471242322,-1,3,13500,52.008894640040644,50.13557310475836,52.008894640040644,50.13557310475836,47.41238026953627,46.586245671547246,47.41238026953627,46.586245671547246,96,101,96,101,-1,4,-1,4,-1,4,-1,4,96,101,96,101
1788141720.001,18.72,18.72,18.7,18.7,18.71553216194785,,,0,0,0,0,0,0,45.14630575266027,54.85369424733973,23.55508715455125,6.813419539907888,30.369288990460134,-1,2,1358.3333333333333,51.41897359432342,50.31891603183908,51.41897359432342,50.31891603183908,47.2463259453167,46.91628580843197,47.2463259453167,46.91628580843197,96,101,96,101,-1,4,-1,4,-1,4,-1,4,96,101,96,101
1788141720.002,18.7,18.7,18.68,18.68,18.71337949207994,,,0,0,0,0,0,0,43.31930688093245,56.68069311906755,21.626506514963957,6.20721735775794,42.835839715551266,-1,1,1358.3333333333333,50.42476119472885,50.33403676939476,50.42476119472885,50.33403676939476,46.21113652455723,46.5637111664946,46.21113652455723,46.5637111664946,96,101,96,101,-1,4,-1,4,-1,4,-1,4,96,101,96,101
1788141720.003,18.68,18.68,18.66,18.66,18.710478376241092,,,0,0,0,0,0,0,41.396898603687674,58.603101396312326,19.57343274851315,5.607857148792263,54.675463634644466,-1,1,1358.3333333333333,49.05513539510533,50.151336573067695,49.05513539510533,50.151336573067695,44.75240273533468,45.65805695091464,44.75240273533468,45.65805695091464,96,101,96,101,-1,4,-1,4,-1,4,-1,4,96,101,96,101
1788141840,18.68,18.7,18.68,18.7,18.707387769516455,,,0,0,0,0,0,0,43.591267821191984,56.408732178808016,25.32082151200377,7.765256081322465,25.626044995152625,-1,2,5630,48.67619715259777,49.940602370143424,48.67619715259777,49.940602370143424,45.093896222123554,45.3759765865191,45.093896222123554,45.3759765865191,96,101,96,101,-1,4,-1,4,-1,4,-1,4,96,101,96,101
1788141840.001,18.7,18.72,18.7,18.72,18.70433887523206,,,0,0,0,0,0,0,45.822555912870975,54.177444087129025,30.763339108734645,9.826240881416744,18.30405679619102,-1,3,5630,48.770754498840745,49.77348124567161,48.770754498840745,49.77348124567161,47.00355939918275,46.189767992850925,47.00355939918275,46.189767992850925,96,101,96,101,-1,4,-1,4,-1,4,-1,4,96,101,96,101
1788141840.002,18.72,18.74,18.72,18.74,18.70151633076776,,,0,0,0,0,0,0,48.091702487951025,51.908297512048975,35.90186324240147,11.797133406835721,29.382257482730765,-1,4,5630,49.304986320352064,49.70655339919739,49.304986320352064,49.70655339919739,50.526860437394625,48.358314215122775,50.526860437394625,48.358314215122775,96,101,96,101,-1,4,-1,4,-1,4,-1,4,96,101,96,101
1788141840.003,18.740000000000002,18.76,18.740000000000002,18.76,18.699068720253287,,,0,0,0,0,0,0,50.399679313353296,49.600320686646704,40.73977834066536,13.683714639576323,36.3270478940725,-1,5,5630,50.24748729746981,49.78382967037917,50.24748729746981,49.78382967037917,55.776269985299365,52.06729210021107,55.776269985299365,52.06729210021107,96,101,96,101,-1,4,-1,4,-1,4,-1,4,96,101,96,101
1788141840.004,18.76,18.78,18.76,18.78,18.697116758216787,,,0,0,0,0,0,0,52.747491701294145,47.252508298705855,45.28265106856966,15.491281318812117,38.23217971621453,-1,5,5630,51.56909534765056,50.038867624275085,51.56909534765056,50.038867624275085,61.574465182204705,56.820878641207884,61.574465182204705,56.820878641207884,96,101,96,101,-1,4,-1,4,-1,4,-1,4,96,101,96,101
1788141960,18.78,18.8,18.78,18.8,18.69657824802724,,,0,0,0,0,0,0,56.7327392069307,43.2672607930693,55.84719502468478,20.23116110707352,41.069348332122054,-1,5,15975,53.24273139424697,50.49656244855678,53.24273139424697,50.49656244855678,66.58763682284217,61.70425773202503,66.58763682284217,61.70425773202503,96,101,96,101,-1,4,-1,4,-1,4,-1,4,96,101,96,101
1788141960.001,18.8,18.82,18.8,18.82,18.69744326419301,,,0,0,0,0,1,0,60.52513878575533,39.47486121424467,63.581781351536485,100,100,1,5,15975,55.2432505803722,51.17466075310184,55.2432505803722,51.17466075310184,70.92127112287575,66.31276442745039,70.92127112287575,66.31276442745039,96,101,96,101,-1,4,-1,4,-1,4,-1,4,96,101,96,101
1788142200,18.8,18.83,18.78,18.78,18.700279275341693,,,0,0,0,0,0,0,54.62540925723823,45.37459074276177,8.666026457902667,-44.79100067391267,72.0742162790892,1,5,41896,56.20801839605992,51.89371184495299,56.20801839605992,51.89371184495299,73.1706133434174,69.74168888543389,73.1706133434174,69.74168888543389,96,101,96,101,-1,4,-1,4,-1,4,-1,4,96,101,96,101
1788142200.001,18.8,18.82,18.8,18.82,18.70347891929363,,,0,0,0,0,0,0,59.64301879123959,40.35698120876041,13.622402597113995,-30.15019959304764,66.26356131409698,1,5,6510,57.99673136776994,52.765571776783986,57.99673136776994,52.765571776783986,76.05100191340553,72.89634539941972,76.05100191340553,72.89634539941972,96,101,96,101,-1,4,-1,4,-1,4,-1,4,96,101,96,101
1788142320,18.8,18.8,18.78,18.78,18.707471906630897,,,0,0,0,0,0,0,62.03191773825021,37.96808226174979,2.4292423182796776,-41.06044024456575,66.09380953770726,1,5,11917.5,58.76482198435782,53.6226075207231,58.76482198435782,53.6226075207231,77.25006513212544,75.07320526577257,77.25006513212544,75.07320526577257,96,101,96,101,-1,4,-1,4,-1,4,-1,4,96,101,96,101
1788142320.001,18.78,18.78,18.76,18.76,18.711348564109326,,,0,0,0,0,0,0,61.23140532441504,38.76859467558496,-7.5851208997286745,-49.02285299718872,71.88324632898812,1,4,11917.5,59.031620414046586,54.39532364834074,59.031620414046586,54.39532364834074,77.2196325471129,76.14641890644273,77.2196325471129,76.14641890644273,96,101,96,101,-1,4,-1,4,-1,4,-1,4,96,101,96,101
1788142440,18.78,18.8,18.78,18.8,18.71601350968647,,,0,0,0,0,0,0,65.23217714143819,34.767822858561814,10.034707352901282,-19.59897742883396,57.78021086904114,1,5,21703,60.17221895590041,55.220594406563556,60.17221895590041,55.220594406563556,78.46338874408633,77.30490382526453,78.46338874408633,77.30490382526453,96,101,96,101,-1,4,-1,4,-1,4,-1,4,96,101,96,101
1788142680,18.78,18.78,18.76,18.76,18.720515676105926,,,0,0,0,0,0,0,64.85984385052286,35.140156149477136,1.8111397264330582,-26.137696441555768,47.372427742019475,1,4,9730.666666666666,60.33848903047898,55.95172220998005,60.33848903047898,55.95172220998005,78.25962421450794,77.78226401988624,78.25962421450794,77.78226401988624,96,101,96,101,-1,4,-1,4,-1,4,-1,4,96,101,96,101
1788142680.001,18.76,18.76,18.740000000000002,18.740000000000002,18.724856093191697,,,0,0,0,0,0,0,64.4917368568121,35.508263143187904,-5.922912893729385,-31.692864191105812,34.320273895320724,1,3,9730.666666666666,60.04645409973052,56.536683908515826,60.04645409973052,56.536683908515826,77.02676784523987,77.40451593256306,77.02676784523987,77.40451593256306,96,101,96,101,-1,4,-1,4,-1,4,-1,4,96,101,96,101
1788142680.002,18.740000000000002,18.740000000000002,18.720000000000002,18.720000000000002,18.729036156900797,,,0,0,0,0,0,0,64.12778460833141,35.87221539166859,-13.177871473552516,-36.470875775459895,18.40432714084107,1,2,9730.666666666666,59.32885023546409,56.93556481236557,59.32885023546409,56.93556481236557,74.48008672449143,75.94230132852724,74.48008672449143,75.94230132852724,96,101,96,101,-1,4,-1,4,-1,4,-1,4,96,101,96,101
1788142680.003,18.72,18.72,18.7,18.7,18.732778511538335,,,0,0,0,0,0,0,61.412546952054825,38.587453047945175,-19.966983090545224,-40.6241531829125,30.922954318956755,1,1,9730.666666666666,58.216075218645194,57.11849487040552,58.216075218645194,57.11849487040552,70.54814886943976,73.2452250989835,70.54814886943976,73.2452250989835,96,101,96,101,-1,4,-1,4,-1,4,-1,4,96,101,96,101
1788142680.004,18.7,18.7,18.68,18.68,18.736024959167565,,,0,0,0,0,0,0,58.60052789804093,41.39947210195907,-26.305804113252286,-44.267705379458796,41.172052847813326,1,0,9730.666666666666,56.73635556017051,57.063903540371946,56.73635556017051,57.063903540371946,65.09569222822743,69.17045866360547,65.09569222822743,69.17045866360547,96,101,96,101,-1,4,-1,4,-1,4,-1,4,96,101,96,101
1788142680.005,18.68,18.68,18.66,18.66,18.738636760798116,,,0,0,0,0,0,0,55.79815207986984,44.20184792013016,-32.211711790918706,-47.489943732434966,43.9104966570061,1,0,9730.666666666666,54.915901591586874,56.757046119116936,54.915901591586874,56.757046119116936,57.90157078208961,63.53601472284754,57.90157078208961,63.53601472284754,96,101,96,101,-1,4,-1,4,-1,4,-1,4,96,101,96,101
1788142800,18.68,18.7,18.68,18.7,18.740774150808164,,,0,0,0,0,0,0,56.34440933422963,43.65559066577037,-17.911011421397326,-36.62244311067448,32.205642095238346,1,1,13387.5,54.118337192187774,56.3800877009842,54.118337192187774,56.3800877009842,52.3189934434718,57.92750408315967,52.3189934434718,57.92750408315967,96,101,96,101,-1,4,-1,4,-1,4,-1,4,96,101,96,101
1788142800.001,18.7,18.72,18.7,18.72,18.742879794648626,,,0,0,0,0,0,0,56.073784538817286,43.926215461182714,-5.373496695976736,-27.246537282522898,18.68744539452669,1,2,13387.5,53.8241702498886,56.01495663654197,53.8241702498886,56.01495663654197,49.21459942213551,53.57105175264759,49.21459942213551,53.57105175264759,96,101,96,101,-1,4,-1,4,-1,4,-1,4,96,101,96,101
1788143040,18.72,18.74,18.72,18.74,18.744308204842834,,,0,0,0,0,0,0,62.81464957235231,37.18535042764769,33.94304774017551,5.688764945688298,13.567522200085333,1,2,68125,53.997443803467945,55.72674051753139,53.997443803467945,55.72674051753139,48.23436252989766,50.90270714127263,48.23436252989766,50.90270714127263,96,101,96,101,-1,4,-1,4,-1,4,-1,4,96,101,96,101
1788143160,18.72,18.72,18.7,18.7,18.74479830685173,,,0,0,0,0,0,0,58.13924967158096,41.86075032841904,14.727891262888729,-4.4078583382302,23.14042491305888,1,1,27800,53.26548353179163,55.37513237671142,53.26548353179163,55.37513237671142,45.3773527567189,48.14002994899576,45.3773527567189,48.14002994899576,96,101,96,101,-1,4,-1,4,-1,4,-1,4,96,101,96,101
1788143280,18.72,18.74,18.72,18.74,18.745179879756652,,,0,0,0,0,0,0,58.12818921934751,41.87181078065249,20.682284541462078,0.1308229354299969,8.250248377286796,1,2,13225,53.47866327952075,55.1042082199699,53.47866327952075,55.1042082199699,44.945293959540564,46.54266195426816,44.945293959540564,46.54266195426816,96,101,96,101,-1,4,-1,4,-1,4,-1,4,96,101,96,101
1788143400,18.72,18.72,18.7,18.7,18.744840026439668,,,0,0,0,0,0,0,53.77811928182622,46.22188071817378,6.55633708657349,-6.857298358370059,21.344348771715712,1,1,22825,52.78375875955495,54.77271543991061,52.78375875955495,54.77271543991061,42.55815112498425,44.55040653962621,42.55815112498425,44.55040653962621,96,101,96,101,-1,4,-1,4,-1,4,-1,4,96,101,96,101
1788143520,18.7,18.7,18.68,18.68,18.74376322564393,,,0,0,0,0,0,0,50.05205331746946,49.94794668253054,-1.5645482076075097,-10.844128097214345,23.722602891446556,1,0,14625,51.69206170530099,54.3326220492521,51.69206170530099,54.3326220492521,38.831356426457305,41.69088148304176,38.831356426457305,41.69088148304176,96,101,96,101,-1,4,-1,4,-1,4,-1,4,96,101,96,101
1788143520.001,18.68,18.68,18.66,18.66,18.742339022852388,,,0,0,0,0,0,0,48.605357719106756,51.394642280893244,-9.17842439446543,-14.50366682290074,27.10462736520985,1,0,14625,50.38072396444613,53.7680651799941,50.38072396444613,53.7680651799941,33.95628870166922,37.823585092355486,33.95628870166922,37.823585092355486,96,101,96,101,-1,4,-1,4,-1,4,-1,4,96,101,96,101
1788143640,18.66,18.66,18.64,18.64,18.739980099814563,,,0,0,0,0,0,1,45.949080576080824,54.050919423919176,-21.67871278326854,-100,83.00722766996113,-1,0,27434,48.82291715065914,53.06161546151768,48.82291715065914,53.06161546151768,29.706894075114914,33.7652395837352,29.706894075114914,33.7652395837352,96,101,96,101,-1,4,-1,4,-1,4,-1,4,96,101,96,101
1788143880,18.66,18.68,18.63,18.68,18.737233299653173,,,0,0,0,0,0,0,50.52075854702955,49.47924145297045,0.9761635223227729,20.354187835680072,52.798210814801706,-1,0,41456,48.51016910021521,52.41140883847447,48.51016910021521,52.41140883847447,28.03448063581289,30.899860109774046,28.03448063581289,30.899860109774046,96,101,96,101,-1,4,-1,4,-1,4,-1,4,96,101,96,101
1788144240,18.66,18.66,18.64,18.64,18.73154924354943,,,0,0,0,0,0,0,40.93998094633217,59.06001905366783,-34.808892534072335,-53.93828957456029,90.8853355204434,-1,0,111112,47.16155913803051,51.661430309839616,47.16155913803051,51.661430309839616,25.315269116411102,28.107564613092574,25.315269116411102,28.107564613092574,96,101,96,101,-1,4,-1,4,-1,4,-1,4,96,101,96,101
1788144480,18.64,18.67,18.62,18.62,18.72495236770809,,,0,0,0,0,0,0,37.41995599998808,62.58004400001192,-48.2186465298913,-67.33368792230561,98.93118791793478,-1,0,73813,45.38017792975848,50.7641085412566,45.38017792975848,50.7641085412566,22.651183052161866,25.37937383262722,22.651183052161866,25.37937383262722,96,101,96,101,-1,4,-1,4,-1,4,-1,4,96,101,96,101
1788144840,18.62,18.62,18.6,18.6,18.71683125458279,,,0,0,0,0,0,0,31.605714414774678,68.39428558522532,-59.8376392082113,-76.18771360464115,100,-1,0,94375,43.1969377072625,49.683084136400296,43.1969377072625,49.683084136400296,19.912194168933947,22.645784000780584,19.912194168933947,22.645784000780584,96,101,96,101,-1,4,-1,4,-1,4,-1,4,96,101,96,101
1788144840.001,18.62,18.64,18.62,18.64,18.710475582757567,,,0,0,0,0,0,0,31.882708856359603,68.1172911436404,-58.8302996274112,-74.96912567916375,100,-1,0,2425,42.227844273145855,48.6180498702211,42.227844273145855,48.6180498702211,19.055172641694966,20.850478321237773,19.055172641694966,20.850478321237773,96,101,96,101,-1,4,-1,4,-1,4,-1,4,96,101,96,101
1788144840.002,18.64,18.66,18.64,18.66,18.705515419277503,,,0,0,0,0,0,0,32.15892044041918,67.84107955958082,-57.73679021243168,-73.76727849535463,94.85023355595048,-1,1,2425,41.857072327709496,47.65219593557658,41.857072327709496,47.65219593557658,19.56281878604912,20.206648553643447,19.56281878604912,20.206648553643447,96,101,96,101,-1,4,-1,4,-1,4,-1,4,96,101,96,101
1788144960,18.64,18.64,18.62,18.62,18.701420473308982,,,0,0,0,0,0,0,31.689072580539868,68.31092741946013,-59.330759331452256,-74.66779725922481,100,-1,0,12550,40.45458303446039,46.62396552113141,40.45458303446039,46.62396552113141,18.507260822824655,19.35695468823405,18.507260822824655,19.35695468823405,96,101,96,101,-1,4,-1,4,-1,4,-1,4,96,101,96,101
1788145080,18.64,18.66,18.64,18.66,18.697905612934914,,,0,0,0,0,0,0,34.724401787340405,65.27559821265959,-40.21138728513727,-56.95801789401239,82.99736872070697,-1,1,41250,40.21047260607299,45.70775224755163,40.21047260607299,45.70775224755163,19.09318008416028,19.225067386197168,19.09318008416028,19.225067386197168,96,101,96,101,-1,4,-1,4,-1,4,-1,4,96,101,96,101
1788145200,18.66,18.68,18.66,18.68,18.695087934914433,,,0,0,0,0,0,0,35.909256814190066,64.09074318580994,-31.59964991180624,-49.446043670575015,60.13274470749903,-1,2,20450,40.51289916595664,44.965630378752344,40.51289916595664,44.965630378752344,20.837632618721244,20.031350002459206,20.837632618721244,20.031350002459206,96,101,96,101,-1,4,-1,4,-1,4,-1,4,96,101,96,101
1788145320,18.68,18.7,18.68,18.7,18.69287575944728,,,0,0,0,0,0,0,36.688191089445525,63.311808910554475,-25.12014743243947,-44.157664826792185,23.502872850455457,-1,3,15675,41.322824357806276,44.44522951861719,41.322824357806276,44.44522951861719,23.575113673189637,21.80323183782442,23.575113673189637,21.80323183782442,96,101,96,101,-1,4,-1,4,-1,4,-1,4,96,101,96,101
1788145320.001,18.7,18.72,18.7,18.72,18.691188393745453,,,0,0,0,0,0,0,37.448418978946805,62.551581021053195,-18.69178614547536,-39.23076923076923,28.388015172130956,-1,4,15675,42.603998279338605,44.182196484434535,42.603998279338605,44.182196484434535,27.163762030435826,24.483496934130123,27.163762030435826,24.483496934130123,96,101,96,101,-1,4,-1,4,-1,4,-1,4,96,101,96,101
1788145680,18.72,18.74,18.69,18.74,18.69086508509674,,,0,0,0,0,0,0,42.81789660376285,57.18210339623715,8.944942610672493,-17.63834620124792,26.66827860767625,-1,4,84183,44.322760307004856,44.20227703051601,44.322760307004856,44.20227703051601,31.109311554038122,27.796404244084123,31.109311554038122,27.796404244084123,96,101,96,101,-1,4,-1,4,-1,4,-1,4,96,101,96,101
1788146040,18.740000000000002,18.76,18.740000000000002,18.76,18.691537792162954,,,0,0,0,0,1,0,46.73161396061424,53.26838603938576,27.339959661750157,100,86.4039757970501,1,5,83209,46.447854147509865,44.523073761515136,46.447854147509865,44.523073761515136,36.1061179779956,31.951261111039862,36.1061179779956,31.951261111039862,96,101,96,101,-1,4,-1,4,-1,4,-1,4,96,101,96,101
1788146160,18.76,18.78,18.76,18.78,18.692114105617474,,,0,0,0,0,0,0,47.27771004826147,52.72228995173853,32.083121214473046,100,89.24987272868383,1,5,26150,48.844435994116374,45.14041122331531,48.844435994116374,45.14041122331531,41.631330937661005,36.79129602435043,41.631330937661005,36.79129602435043,96,101,96,101,-1,4,-1,4,-1,4,-1,4,96,101,96,101
1788146520,18.78,18.8,18.78,18.8,18.692752110472604,,,0,0,0,0,0,0,51.50339788928385,48.49660211071615,39.104153398376894,100,93.46249203902613,1,5,41987.5,51.56672783304601,46.05845645327684,51.56672783304601,46.05845645327684,48.15153041409912,42.47141321922477,48.15153041409912,42.47141321922477,96,101,96,101,-1,4,-1,4,-1,4,-1,4,96,101,96,101
1788146520.001,18.8,18.82,18.8,18.82,18.69420702093451,,,0,0,0,0,0,0,53.17694457332558,46.82305542667442,45.321852770746915,100,97.19311166244815,1,5,41987.5,54.7156882673316,47.29520385528466,54.7156882673316,47.29520385528466,55.038974121175926,48.75519367020035,55.038974121175926,48.75519367020035,96,101,96,101,-1,4,-1,4,-1,4,-1,4,96,101,96,101
1788146880,18.8,18.8,18.78,18.78,18.69580780807101,,,0,0,0,0,0,0,51.785688913222415,48.214311086777585,31.422526995361938,66.04350467961945,88.85351619721716,1,5,39537.5,56.39748693146636,48.595530009024905,56.39748693146636,48.595530009024905,59.3840557402287,54.06962470521452,59.3840557402287,54.06962470521452,96,101,96,101,-1,4,-1,4,-1,4,-1,4,96,101,96,101
1788146880.001,18.78,18.78,18.76,18.76,18.69738481584236,,,0,0,0,0,0,0,50.46537538804359,49.53462461195641,18.911854759996178,41.943915215723415,76.51346198543176,1,5,39537.5,57.33803910716915,49.84445988018837,57.33803910716915,49.84445988018837,61.80971011500123,57.93966741010787,61.80971011500123,57.93966741010787,96,101,96,101,-1,4,-1,4,-1,4,-1,4,96,101,96,101
1788152400,18.78,18.8,18.75,18.8,18.698430812248137,,,0,0,0,0,0,0,50.05084571432293,49.94915428567707,21.553054918125717,44.532418635564134,79.65128413221392,1,5,12712.5,59.45364500945216,51.21720061294034,59.45364500945216,51.21720061294034,65.05767360506604,61.49867050758696,65.05767360506604,61.49867050758696,96,101,96,101,-1,4,-1,4,-1,4,-1,4,96,101,96,101
1788152400.001,18.8,18.82,18.8,18.82,18.69943731933426,,,0,0,0,0,0,0,51.09233458263805,48.90766541736195,24.266521864718506,46.899950979404636,82.69988370647388,1,5,12712.5,62.039254216851596,52.76320827064195,62.039254216851596,52.76320827064195,69.52995399914757,65.51431225336727,69.52995399914757,65.51431225336727,96,101,96,101,-1,4,-1,4,-1,4,-1,4,96,101,96,101
1788152760,18.8,18.83,18.78,18.78,18.701222299217534,,,0,0,0,0,0,0,48.328221307781014,51.671778692218986,2.399743438512962,18.51043255205441,52.546105594340425,1,5,71347,63.19794102744921,54.25388437875727,63.19794102744921,54.25388437875727,71.64679286883467,68.58055256110097,71.64679286883467,68.58055256110097,96,101,96,101,-1,4,-1,4,-1,4,-1,4,96,101,96,101
1788152880,18.78,18.78,18.76,18.76,18.702857560838613,,,0,0,0,0,0,0,47.615640876804,52.384359123196,-4.534864356391268,10.496620836658618,49.01889111582993,1,5,26775,63.652746482010365,55.59657896493628,63.652746482010365,55.59657896493628,71.84631935341118,70.21343595725608,71.84631935341118,70.21343595725608,96,101,96,101,-1,4,-1,4,-1,4,-1,4,96,101,96,101
1788152880.001,18.78,18.8,18.78,18.8,18.704341609927578,,,0,0,0,0,0,0,48.52173492315925,51.47826507684075,-1.3827790389610666,12.953324605593778,48.60166218673291,1,5,11175,65.317301857519,56.98525366387667,65.317301857519,56.98525366387667,73.5080252842905,71.8607306207733,73.5080252842905,71.8607306207733,96,101,96,101,-1,4,-1,4,-1,4,-1,4,96,101,96,101
1788153000,18.8,18.82,18.8,18.82,18.706010121111014,,,0,0,0,0,0,0,49.88933393449641,50.11066606550359,4.805072422480277,17.39664499768082,53.32103045209666,1,5,21900,67.48407843291366,58.4850857737391,67.48407843291366,58.4850857737391,76.17458067846034,74.01765564961681,76.17458067846034,74.01765564961681,96,101,96,101,-1,4,-1,4,-1,4,-1,4,96,101,96,101
1788153120,18.82,18.84,18.82,18.84,18.70765884327055,,,0,0,0,0,0,0,50.753177598162594,49.246822401837406,7.770359521978984,19.36767166797302,56.2828187139712,1,5,10487.5,69.80664425913412,60.102451271652676,69.80664425913412,60.102451271652676,79.10202153391845,76.55983859176763,79.10202153391845,76.55983859176763,96,101,96,101,-1,4,-1,4,-1,4,-1,4,96,101,96,101
1788153120.001,18.84,18.86,18.84,18.86,18.709268002848987,,,0,0,0,0,0,0,50.63084531430483,49.36915468569517,10.825874960150449,21.24682782007351,59.243621668134374,1,5,10487.5,71.96331252633883,61.79686002232212,71.96331252633883,61.79686002232212,81.64788658951255,79.10386259064009,81.64788658951255,79.10386259064009,96,101,96,101,-1,4,-1,4,-1,4,-1,4,96,101,96,101
1788153240,18.86,18.88,18.86,18.88,18.71125947956177,,,0,0,0,0,0,0,51.0828540122506,48.9171459877494,17.73636810056264,25.261872576083817,65.79894440598787,1,5,24175,73.96593306017176,63.53529902772922,73.96593306017176,63.53529902772922,83.86145381141897,81.48265820102952,83.86145381141897,81.48265820102952,96,101,96,101,-1,4,-1,4,-1,4,-1,4,96,101,96,101
1788153360,18.88,18.9,18.88,18.9,18.71300800762308,,,0,0,0,0,0,0,48.71440310762479,51.28559689237521,21.53051239230502,27.362426431178115,69.33576329408989,1,5,13712.5,75.8255092701595,65.2910433480764,75.8255092701595,65.2910433480764,85.78600802883534,83.63433311493243,85.78600802883534,83.63433311493243,96,101,96,101,-1,4,-1,4,-1,4,-1,4,96,101,96,101
1788153360.001,18.900000000000002,18.92,18.900000000000002,18.92,18.715026035189258,,,0,0,0,0,0,0,50.56847212247315,49.43152787752685,25.319356198779168,29.348133794252863,72.80049399581921,1,5,13712.5,77.55225860800525,67.04264552806623,77.55225860800525,67.04264552806623,87.45943545328747,85.54688428410995,87.45943545328747,85.54688428410995,96,101,96,101,-1,4,-1,4,-1,4,-1,4,96,101,96,101
1788153600,18.92,18.94,18.92,18.94,18.71881789744952,,,0,0,0,0,0,0,52.31540077052532,47.68459922947468,38.21376042968334,36.20109237676557,84.64891168386934,1,5,53880,79.15566870743343,68.77307741083298,79.15566870743343,68.77307741083298,88.91481022046493,87.23084725228745,88.91481022046493,87.23084725228745,96,101,96,101,-1,4,-1,4,-1,4,-1,4,96,101,96,101
1788153840,18.94,18.96,18.94,18.96,18.723932785298352,,,0,0,0,0,0,0,55.2405561184093,44.7594438815907,46.99706138488644,41.179126203118024,92.90571255280267,1,5,47011,80.64454951404534,70.46900199700619,80.64454951404534,70.46900199700619,90.18094844293823,88.70589784761285,90.18094844293823,88.70589784761285,96,101,96,101,-1,4,-1,4,-1,4,-1,4,96,101,96,101
1788154080,18.94,18.97,18.92,18.92,18.72891299411049,,,0,0,0,0,0,0,54.76107752204703,45.23892247795297,35.749472100324795,35.5740219389986,82.79409642359403,1,5,24909.333333333332,81.0618307263626,71.98226324405711,81.0618307263626,71.98226324405711,90.19370870398573,89.4498032757993,90.19370870398573,89.4498032757993,96,101,96,101,-1,4,-1,4,-1,4,-1,4,96,101,96,101
1788154080.001,18.92,18.92,18.900000000000002,18.900000000000002,18.73373296344728,,,0,0,0,0,0,0,54.289850884806675,45.710149115193325,25.210813879803588,30.396990822950233,73.36468282165228,1,5,24909.333333333332,81.0632057516997,73.2795407451489,81.0632057516997,73.2795407451489,89.20078506673688,89.3252941712681,89.20078506673688,89.3252941712681,96,101,96,101,-1,4,-1,4,-1,4,-1,4,96,101,96,101
1788154080.002,18.900000000000002,18.900000000000002,18.880000000000003,18.880000000000003,18.738647796752065,,,0,0,0,0,0,0,54.40477807572274,45.59522192427726,15.359519555787069,25.600797371626854,64.57619015644835,1,5,24909.333333333332,80.67838217484089,74.33651809224776,80.67838217484089,74.33651809224776,87.57750689118011,88.4514005312241,87.57750689118011,88.4514005312241,96,101,96,101,-1,4,-1,4,-1,4,-1,4,96,101,96,101
1788154200,18.900000000000002,18.92,18.900000000000002,18.92,18.74344319791789,,,0,0,0,0,0,0,53.24442276391075,46.75557723608925,18.708783051180156,26.88112226387712,67.35394318903437,1,5,11858.333333333334,81.09324676852991,75.30176504600236,81.09324676852991,75.30176504600236,87.11276652448655,87.78208352785532,87.11276652448655,87.78208352785532,96,101,96,101,-1,4,-1,4,-1,4,-1,4,96,101,96,101
1788154200.001,18.92,18.94,18.92,18.94,18.750408947852854,,,0,0,0,0,0,0,59.327111811907926,40.672888188092074,22.099594191313493,28.118126805606735,70.13063259815213,1,5,11858.333333333334,81.86457856305582,76.23930983415286,81.86457856305582,76.23930983415286,87.48661841094997,87.63435096940265,87.48661841094997,87.63435096940265,96,101,96,101,-1,4,-1,4,-1,4,-1,4,96,101,96,101
1788154200.002,18.94,18.96,18.94,18.96,18.758848343374513,,,0,0,0,0,0,0,64.17976298851677,35.82023701148323,25.517099831319467,29.31397306397305,72.8986437371755,1,5,11858.333333333334,82.96691561550166,77.20039637434556,82.96691561550166,77.20039637434556,88.57926365726225,88.10680731333244,88.57926365726225,88.10680731333244,96,101,96,101,-1,4,-1,4,-1,4,-1,4,96,101,96,101
1788154320,18.94,18.94,18.92,18.92,18.770087782205813,,,0,0,0,0,0,0,69.93934568175194,30.060654318248055,19.73109078406615,27.194949460102798,68.15562414650137,1,5,11875,83.21831353485777,78.06009882584729,83.21831353485777,78.06009882584729,88.49651170622485,88.30165950977864,88.49651170622485,88.30165950977864,96,101,96,101,-1,4,-1,4,-1,4,-1,4,96,101,96,101
1788154320.001,18.92,18.92,18.900000000000002,18.900000000000002,18.77904425197907,,,0,0,0,0,0,0,69.45833961372094,30.541660386279062,17.08137696759863,26.271447652316855,66.0116947719493,1,5,5300,83.06565407387377,78.77517814699392,83.06565407387377,78.77517814699392,87.60925493186627,87.95545722082247,87.60925493186627,87.95545722082247,96,101,96,101,-1,4,-1,4,-1,4,-1,4,96,101,96,101
1788154320.002,18.92,18.94,18.92,18.94,18.786263021529553,,,0,0,0,0,0,0,69.55326044421,30.446739555790003,19.051943677011206,26.802896875318748,67.51290433139798,1,5,5300,83.69609963230369,79.4781669306096,83.69609963230369,79.4781669306096,87.82834096200796,87.89189909141521,87.82834096200796,87.89189909141521,96,101,96,101,-1,4,-1,4,-1,4,-1,4,96,101,96,101
1788154560,18.94,18.96,18.91,18.96,18.793023588316363,,,0,0,0,0,0,0,71.01997101997102,28.980028980028976,24.994358255920744,28.367744189528665,72.01726146726965,1,5,16062.5,84.66761375123183,80.21951647641278,84.66761375123183,80.21951647641278,88.52818835704589,88.21004372423056,88.52818835704589,88.21004372423056,96,101,96,101,-1,4,-1,4,-1,4,-1,4,96,101,96,101
1788154560.001,18.96,18.98,18.96,18.98,18.800516989777808,,,0,0,0,0,0,0,70.21196989538214,29.78803010461786,30.598606903206477,29.867083659108673,76.27941433738908,1,5,16062.5,85.7627841975724,81.01141186514987,85.7627841975724,81.01141186514987,89.8098757346108,89.00995972942067,89.8098757346108,89.00995972942067,96,101,96,101,-1,4,-1,4,-1,4,-1,4,96,101,96,101
1788154920,18.98,19,18.95,19,18.810354609440058,,,0,0,0,0,0,0,72.14957468850682,27.850425311493183,51.33940371067355,36.73445397907605,92.04067238744562,1,5,83300,86.77972818346008,81.8354570534799,86.77972818346008,81.8354570534799,90.64060777252357,89.82528375097212,90.64060777252357,89.82528375097212,96,101,96,101,-1,4,-1,4,-1,4,-1,4,96,101,96,101
1788155160,18.98,19.01,18.96,18.96,18.820082913549296,,,0,0,0,0,0,0,67.2690820535955,32.7309179464045,21.406262926630752,27.379746488898622,69.27160564931762,1,5,62475,86.8529531738401,82.55224221353136,86.8529531738401,82.55224221353136,90.37052094787744,90.09790234942477,90.37052094787744,90.09790234942477,96,101,96,101,-1,4,-1,4,-1,4,-1,4,96,101,96,101
1788155400,18.96,18.99,18.94,18.94,18.828972084693966,,,0,0,0,0,0,0,63.69099607493498,36.30900392506502,4.026437856277147,21.021692763876608,55.02887837209225,1,5,47975,86.57251575201528,83.12656700474335,86.57251575201528,83.12656700474335,89.24616081246633,89.67203158094554,89.24616081246633,89.67203158094554,96,101,96,101,-1,4,-1,4,-1,4,-1,4,96,101,96,101
1788155640,18.96,18.98,18.96,18.98,18.838796093004383,,,0,0,0,0,0,0,61.44152124906918,38.55847875093082,10.817401402015149,22.883042498138366,60.2202663400921,1,5,23199,87.00897368610474,83.68119653065212,87.00897368610474,83.68119653065212,88.77184154296054,89.22193656195304,88.77184154296054,89.22193656195304,96,101,96,101,-1,4,-1,4,-1,4,-1,4,96,101,96,101
1788155640.001,18.98,19,18.98,19,18.84940840880541,,,0,0,0,0,0,0,58.93822504514037,41.06177495485963,17.25761821218076,24.65867631120304,65.14977671403028,1,5,23199,87.76268810922268,84.2642667561622,87.76268810922268,84.2642667561622,89.38685319066944,89.30439487631125,89.38685319066944,89.30439487631125,96,101,96,101,-1,4,-1,4,-1,4,-1,4,96,101,96,101
1788155760,18.98,18.98,18.96,18.96,18.85854645163164,,,0,0,0,0,0,0,57.02375114621656,42.97624885378344,12.880377308921847,23.27306739897907,61.69206682474055,1,5,11325,87.76570167633395,84.76447174475815,87.76570167633395,84.76447174475815,88.59532471288162,88.94985979459643,88.59532471288162,88.94985979459643,96,101,96,101,-1,4,-1,4,-1,4,-1,4,96,101,96,101
1788155760.001,18.96,18.96,18.94,18.94,18.86675295315199,,,0,0,0,0,0,0,54.25579080426146,45.74420919573854,8.550856851712114,21.956396565401754,58.30435205026832,1,5,11000,87.42006793290241,85.14384262877876,87.42006793290241,85.14384262877876,86.81797063301937,87.88391521380791,86.81797063301937,87.88391521380791,96,101,96,101,-1,4,-1,4,-1,4,-1,4,96,101,96,101
1788155880,18.96,18.98,18.96,18.98,18.874567726854576,,,0,0,0,0,0,0,53.53987160530367,46.46012839469633,17.548003336463395,24.0543765939132,64.96142795822595,1,5,28450,87.79598642549998,85.52272031402465,87.79598642549998,85.52272031402465,86.61320559753308,87.2485604056705,86.61320559753308,87.2485604056705,96,101,96,101,-1,4,-1,4,-1,4,-1,4,96,101,96,101
1788156000,18.98,19,18.98,19,18.882434411506967,,,0,0,0,0,0,0,57.155391116132606,42.844608883867394,23.445041244868957,25.4802410221654,69.35516936022061,1,5,20250,88.49348565294682,85.9471153624421,88.49348565294682,85.9471153624421,87.53659380887447,87.39257710727249,87.53659380887447,87.39257710727249,96,101,96,101,-1,4,-1,4,-1,4,-1,4,96,101,96,101
1788156000.001,18.98,18.98,18.96,18.96,18.89022430563284,,,0,0,0,0,0,0,59.72514994180258,40.27485005819742,21.952583788618078,25.11483993591705,68.24045423472107,1,5,3150,88.44429939550635,86.30385593859414,88.44429939550635,86.30385593859414,87.0093880999145,87.2009826035935,87.0093880999145,87.2009826035935,96,101,96,101,-1,4,-1,4,-1,4,-1,4,96,101,96,101
1788156000.002,18.96,18.96,18.94,18.94,18.896717827192333,,,0,0,0,0,0,0,58.84971769355857,41.15028230644143,20.352014934033654,24.751560781768926,59.221445192754885,1,4,3150,88.05019438641965,86.55333285971207,88.05019438641965,86.55333285971207,85.32233265706951,86.26165763033151,85.32233265706951,86.26165763033151,96,101,96,101,-1,4,-1,4,-1,4,-1,4,96,101,96,101
1788156120,18.94,18.94,18.92,18.92,18.902118588463146,,,0,0,0,0,0,0,56.51551483483055,43.48448516516945,8.76244293002863,22.13409522228128,31.84117197076467,1,3,23250,87.33580767937573,86.66511497680688,87.33580767937573,86.66511497680688,82.73342799177382,84.49754281105267,82.73342799177382,84.49754281105267,96,101,96,101,-1,4,-1,4,-1,4,-1,4,96,101,96,101
1788156240,18.94,18.96,18.94,18.96,18.909525655359957,,,0,0,0,0,0,0,63.19141439082443,36.80858560917557,17.915527450196663,23.81674698348399,62.49941453291042,1,4,24475,87.36931270576179,86.76571465237187,87.36931270576179,86.76571465237187,81.88579542152043,83.19166911628655,81.88579542152043,83.19166911628655,96,101,96,101,-1,4,-1,4,-1,4,-1,4,96,101,96,101
1788156600,18.96,18.98,18.96,18.98,18.91760539806087,,,0,0,0,0,0,0,69.15614588919274,30.843854110807257,41.15696472905213,29.2860666875376,82.26581884995383,1,5,87600,87.74885657172652,86.90616349799396,87.74885657172652,86.90616349799396,82.11329048552682,82.65247980090669,82.11329048552682,82.65247980090669,96,101,96,101,-1,4,-1,4,-1,4,-1,4,96,101,96,101
1788157080,18.98,19,18.98,19,18.925712150783433,,,0,0,0,0,0,0,72.45012960667194,27.549870393328064,57.67047862827815,35.12030395744716,91.0721823744683,1,5,109725,88.44972221730005,87.12667188646627,88.44972221730005,87.12667188646627,83.44404490596172,83.04826235343421,83.44404490596172,83.04826235343421,96,101,96,101,-1,4,-1,4,-1,4,-1,4,96,101,96,101
1788157200,19,19.02,19,19.02,18.933079166123193,,,0,0,0,0,0,0,72.46430339219316,27.53569660780684,60.177310224326106,36.19379752096062,91.71627851257637,1,5,22375,89.27474205892148,87.43353905395986,89.27474205892148,87.43353905395986,85.23775277653867,84.14300756498645,85.23775277653867,84.14300756498645,96,101,96,101,-1,4,-1,4,-1,4,-1,4,96,101,96,101
1788157320,19.02,19.04,19.02,19.04,18.939796399183237,,,0,0,0,0,0,0,73.22237255037237,26.77762744962763,64.01452666171639,37.8763257574394,92.72579545446364,1,5,36625,90.04083191185566,87.80600946223069,90.04083191185566,87.80600946223069,86.77521666560463,85.45911211529554,86.77521666560463,85.45911211529554,96,101,96,101,-1,4,-1,4,-1,4,-1,4,96,101,96,101
1788157440,19.02,19.02,19,19,18.945474581732633,,,0,0,0,0,0,0,71.10202114921903,28.897978850780973,53.34177683763413,35.52955364327556,91.31773218596534,1,5,24050,90.10285041165818,88.1341295978632,90.10285041165818,88.1341295978632,86.12478888797857,85.79195050163705,86.12478888797857,85.79195050163705,96,101,96,101,-1,4,-1,4,-1,4,-1,4,96,101,96,101
1788157440.001,19.02,19.04,19.02,19.04,18.950494290132532,,,0,0,0,0,0,0,70.56947232381005,29.430527676189953,54.26067035374291,35.83607506534726,91.50164503920836,1,5,6750,90.8097896679683,88.51636675073534,90.8097896679683,88.51636675073534,87.39267618969599,86.59231334566653,87.39267618969599,86.59231334566653,96,101,96,101,-1,4,-1,4,-1,4,-1,4,96,101,96,101
1788157680,19.02,19.02,19,19,18.95504118106499,,,0,0,0,0,0,0,65.85037776598912,34.14962223401088,29.126135027041165,30.270951983047517,68.93209527433473,1,4,60650,90.81688261376279,88.84501187402498,90.81688261376279,88.84501187402498,86.33657959116793,86.46444646841724,86.33657959116793,86.46444646841724,96,101,96,101,-1,4,-1,4,-1,4,-1,4,96,101,96,101
1788157920,19.02,19.04,18.99,19.04,18.95961066816476,,,0,0,0,0,0,0,67.36592876173127,32.63407123826873,39.77044292560397,32.978482343263146,83.64935516132027,1,5,59804,91.47281956992258,89.22041297343891,91.47281956992258,89.22041297343891,87.03849679242968,86.75147163042345,87.03849679242968,86.75147163042345,96,101,96,101,-1,4,-1,4,-1,4,-1,4,96,101,96,101
1788158040,19.04,19.06,19.04,19.06,18.963779782366892,,,0,0,0,0,0,0,65.92244855484006,34.07755144515994,41.371795113266856,33.40599697625486,84.86667525371303,1,5,9887.5,92.08190388635668,89.62919738957002,92.08190388635668,89.62919738957002,88.25521947287629,87.50334555164987,88.25521947287629,87.50334555164987,96,101,96,101,-1,4,-1,4,-1,4,-1,4,96,101,96,101
1788158040.001,19.06,19.08,19.06,19.08,18.967456104485635,,,0,0,0,0,0,0,64.60115619010814,35.39884380989186,43.037726788308625,33.82809214642502,86.11949136084019,1,5,9887.5,92.64748218018835,90.06038093108693,92.64748218018835,90.06038093108693,89.36161669103687,88.43248112134337,89.36161669103687,88.43248112134337,96,101,96,101,-1,4,-1,4,-1,4,-1,4,96,101,96,101
1788158160,19.06,19.06,19.04,19.04,18.970888177358496,,,0,0,0,0,0,0,65.2234019294458,34.7765980705542,36.243471719866385,32.488305398079746,81.23906627076768,1,5,15775,92.55154401203825,90.41626137122283,92.55154401203825,90.41626137122283,88.59567144946038,88.51407628540187,88.59567144946038,88.51407628540187,96,101,96,101,-1,4,-1,4,-1,4,-1,4,96,101,96,101
1788158520,19.06,19.08,19.03,19.08,18.97546570403904,,,0,0,0,0,0,0,69.19306402459561,30.806935975404386,47.716219153774134,35.21224718738448,89.75707980469517,1,5,66250,93.08357658260695,90.79730640142056,93.08357658260695,90.79730640142056,89.22486124239464,88.86946876389825,89.22486124239464,88.86946876389825,96,101,96,101,-1,4,-1,4,-1,4,-1,4,96,101,96,101
1788159120,19.06,19.09,19.04,19.04,18.98032715669176,,,0,0,0,0,0,0,66.34969927015784,33.65030072984216,22.98009120372094,29.88692723180137,71.72021106131338,1,5,67320.5,92.74704204265329,91.07584006445381,92.74704204265329,91.07584006445381,88.0573998619023,88.46343431290028,88.0573998619023,88.46343431290028,96,101,96,101,-1,4,-1,4,-1,4,-1,4,96,101,96,101
1788159120.001,19.04,19.04,19.02,19.02,18.98460737289458,,,0,0,0,0,0,0,61.875606110946954,38.124393889053046,3.85053261566355,24.9651866636497,43.2109771879187,1,4,67320.5,92.04559827305609,91.21437695139699,92.04559827305609,91.21437695139699,85.10183146057777,86.78263288673902,85.10183146057777,86.78263288673902,96,101,96,101,-1,4,-1,4,-1,4,-1,4,96,101,96,101
1788159480,19.04,19.06,19.01,19.06,18.988965881725072,,,0,0,0,0,0,0,64.01978228151134,35.98021771848866,19.530976592860107,28.069278028323748,68.56015277271031,1,5,76668,92.07805553926634,91.3377596068069,92.07805553926634,91.3377596068069,83.92187057523199,85.3522517309855,83.92187057523199,85.3522517309855,96,101,96,101,-1,4,-1,4,-1,4,-1,4,96,101,96,101
1788226200,19.06,19.08,19.06,19.08,18.99248686040831,,,0,0,0,0,0,0,63.7083404573658,36.2916595426342,19.90007431788314,28.14563170639944,68.82742361456954,1,5,1969.3333333333333,92.46533728646158,91.49884213247185,92.46533728646158,91.49884213247185,84.86536274869502,85.10880723984026,84.86536274869502,85.10880723984026,96,101,96,101,-1,4,-1,4,-1,4,-1,4,96,101,96,101
1788226200.001,19.080000000000002,19.1,19.080000000000002,19.1,18.99545979330793,,,0,0,0,0,0,0,64.43944033065216,35.56055966934784,20.302190644942065,28.22182345916146,69.11440846246211,1,5,1969.3333333333333,93.00352748028574,91.71379718215954,93.00352748028574,91.71379718215954,86.45602521316722,85.78241622650374,86.45602521316722,85.78241622650374,96,101,96,101,-1,4,-1,4,-1,4,-1,4,96,101,96,101
1788226200.002,19.1,19.12,19.1,19.12,18.997926725007453,,,0,0,0,0,0,0,64.80390429137306,35.19609570862694,20.739881022548,28.297853801163292,69.42264089422677,1,5,1969.3333333333333,93.50327551740818,91.96943694433791,93.50327551740818,91.96943694433791,87.84666106706857,86.81453864678616,87.84666106706857,86.81453864678616,96,101,96,101,-1,4,-1,4,-1,4,-1,4,96,101,96,101
1788226200.003,19.12,19.14,19.12,19.14,18.999937589097453,,,0,0,0,0,0,0,64.66469425242612,35.335305747573884,20.946306618261005,28.33066755862181,69.56618450612969,1,5,851.2307692307693,93.96732726616474,92.25484984745603,93.96732726616474,92.25484984745603,89.0859579332638,87.95024829002497,89.0859579332638,87.95024829002497,96,101,96,101,-1,4,-1,4,-1,4,-1,4,96,101,96,101
1788226200.004,19.14,19.16,19.14,19.16,19.00167880302085,,,0,0,0,0,0,0,64.1802721822978,35.8197278177022,21.172136427719803,28.363451296054404,69.72135263426452,1,5,851.2307692307693,94.3982324614387,92.56104736373926,94.3982324614387,92.56104736373926,90.16891632374997,89.05958230688748,90.16891632374997,89.05958230688748,96,101,96,101,-1,4,-1,4,-1,4,-1,4,96,101,96,101
1788226200.005,19.16,19.18,19.16,19.18,19.00315343826776,,,0,0,0,0,0,0,63.682383323539405,36.317616676460595,21.419063659502566,28.396205054638475,69.88916122848462,1,5,851.2307692307693,94.79835871419309,92.88066327094695,94.79835871419309,92.88066327094695,91.13379640936814,90.0966893581278,91.13379640936814,90.0966893581278,96,101,96,101,-1,4,-1,4,-1,4,-1,4,96,101,96,101
1788226200.006,19.18,19.2,19.18,19.2,19.004488313827476,,,0,0,0,0,0,0,60.723251014885484,39.276748985114516,21.68890297371567,28.428928875476135,70.07069910951509,1,5,851.2307692307693,95.16990452032215,93.2076977351434,95.16990452032215,93.2076977351434,91.99223365700948,91.04446150756864,91.99223365700948,91.04446150756864,96,101,96,101,-1,4,-1,4,-1,4,-1,4,96,101,96,101
1788226200.007,19.2,19.22,19.2,19.22,19.00628674371691,,,0,0,0,0,0,0,64.75063052587926,35.24936947412074,21.983593823335344,28.461622799594387,70.26712997375783,1,5,851.2307692307693,95.51491134029914,93.53729967873709,95.51491134029914,93.53729967873709,92.75524789648435,91.89985470202649,92.75524789648435,91.89985470202649,96,101,96,101,-1,4,-1,4,-1,4,-1,4,96,101,96,101
1788226200.008,19.22,19.24,19.22,19.24,19.008589928848863,,,0,0,0,0,0,0,68.22337817461046,31.77662182538954,22.3052026550469,28.494286867945323,70.47969371379534,1,5,851.2307692307693,95.83527481599205,93.86558184120209,95.83527481599205,93.86558184120209,93.43306962555805,92.66646216379226,93.43306962555805,92.66646216379226,96,101,96,101,-1,4,-1,4,-1,4,-1,4,96,101,96,101
1788226200.009,19.240000000000002,19.26,19.240000000000002,19.26,19.010648075283033,,,0,0,0,0,0,0,67.41714100768291,32.582858992317085,22.655923653078485,28.52692112140626,70.70970686469084,1,5,851.2307692307693,96.13275518627833,94.18946374764155,96.13275518627833,94.18946374764155,94.03506808241113,93.3507651231017,94.03506808241113,93.3507651231017,96,101,96,101,-1,4,-1,4,-1,4,-1,4,96,101,96,101
1788226200.01,19.26,19.28,19.26,19.28,19.01241382589621,,,0,0,0,0,0,0,66.56892706994651,33.43107293005349,23.038077664002742,28.559525600779935,70.95856195886961,1,5,851.2307692307693,96.40898695868702,94.50653849207663,96.40898695868702,94.50653849207663,94.56974089603497,93.96025300956833,94.56974089603497,93.96025300956833,96,101,96,101,-1,4,-1,4,-1,4,-1,4,96,101,96,101
1788226200.011,19.28,19.3,19.28,19.3,19.01402385863006,,,0,0,0,0,0,0,67.49152989173301,32.50847010826699,23.45410889426889,28.592100346794652,71.22772554463813,1,5,851.2307692307693,96.66548789020938,94.81495983466702,96.66548789020938,94.81495983466702,95.04474031690219,94.50249666323526,95.04474031690219,94.50249666323526,96,101,96,101,-1,4,-1,4,-1,4,-1,4,96,101,96,101
1788226200.012,19.3,19.32,19.3,19.32,19.015576327321984,,,0,0,0,0,0,0,68.4106614561571,31.5893385438429,23.906578927312058,28.62464540010448,71.51873459644992,1,5,851.2307692307693,96.903667326623,95.11334661923216,96.903667326623,95.11334661923216,95.46692027163049,94.98470846743288,95.46692027163049,94.98470846743288,96,101,96,101,-1,4,-1,4,-1,4,-1,4,96,101,96,101
1788226200.013,19.32,19.34,19.32,19.34,19.01717827522852,,,0,0,0,0,0,0,67.33464355857453,32.66535644142547,24.398157566152502,28.657160801289404,71.83319102046514,1,5,851.2307692307693,97.12483394614992,95.40070195164898,97.12483394614992,95.40070195164898,95.8423942464316,95.41355135693223,95.8423942464316,95.41355135693223,96,101,96,101,-1,4,-1,4,-1,4,-1,4,96,101,96,101
1788226200.014,19.34,19.36,19.34,19.36,19.018634545503282,,,0,0,0,0,0,0,66.53338021654791,33.46661978345209,24.931609973937856,28.68964659085549,72.17275393887601,1,5,851.2307692307693,97.33020294999635,95.67634495141287,97.33020294999635,95.67634495141287,96.17659766577256,95.7950745113524,96.17659766577256,95.7950745113524,96,101,96,101,-1,4,-1,4,-1,4,-1,4,96,101,96,101
1788226200.015,19.36,19.38,19.36,19.38,19.019909241242203,,,0,0,0,0,0,0,66.83529117847354,33.16470882152646,25.509779563277196,28.72210280923506,72.53912942350735,1,5,851.2307692307693,97.52090273928232,95.93985320682279,97.52090273928232,95.93985320682279,96.47435079426471,96.13471265280856,96.47435079426471,96.13471265280856,96,101,96,101,-1,4,-1,4,-1,4,-1,4,96,101,96,101
1788226200.016,19.36,19.36,19.34,19.34,19.02122175904218,,,0,0,0,0,0,0,66.86785433792677,33.13214566207323,22.14714998611184,28.532011835393618,70.40749709290327,1,5,2766,97.12655254361933,96.109381683508,97.12655254361933,96.109381683508,95.98422614663683,96.0594693997227,95.98422614663683,96.0594693997227,96,101,96,101,-1,4,-1,4,-1,4,-1,4,96,101,96,101
1788226200.017,19.34,19.34,19.32,19.32,19.023190331277767,,,0,0,0,0,0,0,68.65211438784162,31.34788561215838,18.650409605578478,28.34248146916074,68.19573464484353,1,5,2766,96.47465593336082,96.16156371920127,96.47465593336082,96.16156371920127,94.86959643737714,95.46453291854992,94.86959643737714,95.46453291854992,96,101,96,101,-1,4,-1,4,-1,4,-1,4,96,101,96,101
1788226320,19.32,19.32,19.3,19.3,19.025896161985205,,,0,0,0,0,0,0,66.86719815494472,33.13280184505528,8.33425823581702,27.772730819045606,61.66419343291757,1,5,8364.333333333334,95.58360908097792,96.07899877088366,95.58360908097792,96.07899877088366,93.15353164020082,94.30903227937537,93.15353164020082,94.30903227937537,96,101,96,101,-1,4,-1,4,-1,4,-1,4,96,101,96,101
1788226320.001,19.3,19.3,19.28,19.28,19.030280127307083,,,0,0,0,0,0,0,61.718282094708485,38.281717905291515,-1.122427264743612,27.208016398587965,56.998266197998944,1,5,8364.333333333334,94.47049414662237,95.84921239598918,94.47049414662237,95.84921239598918,90.84588426302932,92.57745827120235,90.84588426302932,92.57745827120235,96,101,96,101,-1,4,-1,4,-1,4,-1,4,96,101,96,101
1788226320.002,19.28,19.28,19.26,19.26,19.036336174606785,,,0,0,0,0,0,0,53.45732290415124,46.54267709584876,-9.78495771303112,26.648271726064415,61.859937663457316,1,5,8364.333333333334,93.15117313614938,95.46377821601207,93.15117313614938,95.46377821601207,88.05105098003253,90.31425462561744,88.05105098003253,90.31425462561744,96,101,96,101,-1,4,-1,4,-1,4,-1,4,96,101,96,101
1788226440,19.28,19.3,19.28,19.3,19.042153481887993,,,0,0,0,0,0,0,52.25281798768682,47.74718201231318,-0.550086765106413,26.95459297228469,56.50280784243466,1,5,7971.5,92.49751791213873,95.04002674403016,92.49751791213873,95.04002674403016,86.53460047372761,88.42442754967252,86.53460047372761,88.42442754967252,96,101,96,101,-1,4,-1,4,-1,4,-1,4,96,101,96,101
1788226440.001,19.3,19.32,19.3,19.32,19.04788918397409,,,0,0,0,0,0,0,49.661207982496855,50.338792017503145,7.965800728501391,27.258366426199927,61.13450029282079,1,5,7971.5,92.17626663270028,94.63091815669732,92.17626663270028,94.63091815669732,85.9673864866384,87.19590701815545,85.9673864866384,87.19590701815545,96,101,96,101,-1,4,-1,4,-1,4,-1,4,96,101,96,101
1788226440.002,19.32,19.34,19.32,19.34,19.05400148378171,,,0,0,0,0,0,0,52.77872482179019,47.22127517820981,15.809207656592253,27.55962374262875,66.0212988395326,1,5,7971.5,92.13986663512647,94.27505365361579,92.13986663512647,94.27505365361579,86.21380380173409,86.70485540994477,86.21380380173409,86.70485540994477,96,101,96,101,-1,4,-1,4,-1,4,-1,4,96,101,96,101
1788226440.003,19.34,19.36,19.34,19.36,19.05984165933763,,,0,0,0,0,0,0,52.891152484757754,47.108847515242246,23.025210632562608,27.858396054162625,70.53016401203514,1,5,7971.5,92.40368568499841,94.00771537238474,92.40368568499841,94.00771537238474,87.15761937584539,86.93123739289507,87.15761937584539,86.93123739289507,96,101,96,101,-1,4,-1,4,-1,4,-1,4,96,101,96,101
1788226440.004,19.36,19.38,19.36,19.38,19.06788763844864,,,0,0,0,0,0,0,60.674849224373006,39.325150775626994,29.65720868238593,28.15471398189093,74.68715359856611,1,5,7971.5,92.94627956464137,93.85608168556426,92.94627956464137,93.85608168556426,88.69920488625579,87.81522113957543,88.69920488625579,87.81522113957543,96,101,96,101,-1,4,-1,4,-1,4,-1,4,96,101,96,101
1788226440.005,19.38,19.4,19.38,19.4,19.077286845783377,,,0,0,0,0,0,0,55.6855315430426,44.3144684569574,35.746738267431965,28.44860764586284,78.51720754797688,1,5,7971.5,93.45011673859555,93.79808669314015,93.45011673859555,93.79808669314015,90.02056389517898,88.9178925173772,90.02056389517898,88.9178925173772,96,101,96,101,-1,4,-1,4,-1,4,-1,4,96,101,96,101
1788226440.006,19.38,19.38,19.36,19.36,19.08577047543914,,,0,0,0,0,0,0,53.700461346925735,46.299538653074265,25.858325792404653,28.016545874757238,72.32492300029713,1,5,6577,93.34653697155302,93.73357959005628,93.34653697155302,93.73357959005628,90.27403645227794,89.59596448482756,90.27403645227794,89.59596448482756,96,101,96,101,-1,4,-1,4,-1,4,-1,4,96,101,96,101
1788226440.007,19.36,19.36,19.34,19.34,19.093379248081185,,,0,0,0,0,0,0,51.68268991530569,48.31731008469431,16.521566342896868,27.58738100626543,66.46536840949737,1,5,6577,92.94714876221471,93.62123232893607,92.94714876221471,93.62123232893607,89.75869791147633,89.67733119815195,89.75869791147633,89.67733119815195,96,101,96,101,-1,4,-1,4,-1,4,-1,4,96,101,96,101
1788226560,19.34,19.34,19.32,19.32,19.100545792474488,,,0,0,0,0,0,0,53.15143749612184,46.84856250387816,10.141423985625881,27.28447612280826,62.45554006506049,1,5,4668.75,92.28474309261047,93.43030529517527,92.28474309261047,93.43030529517527,88.58437842961722,89.13085481388458,88.58437842961722,89.13085481388458,96,101,96,101,-1,4,-1,4,-1,4,-1,4,96,101,96,101
1788226560.001,19.32,19.32,19.3,19.3,19.108709662830865,,,0,0,0,0,0,0,42.970459726299524,57.029540273700476,3.8844101075226836,26.983006084347856,58.520449715122325,1,5,4668.75,91.34773763361451,93.13279562923802,91.34773763361451,93.13279562923802,86.84521814113712,87.98803647751086,86.84521814113712,87.98803647751086,96,101,96,101,-1,4,-1,4,-1,4,-1,4,96,101,96,101
1788226560.002,19.3,19.3,19.28,19.28,19.121074254007244,,,0,0,0,0,0,0,53.06951937856547,46.93048062143453,-2.225498667799165,26.682960719792746,57.34507563255515,1,5,4668.75,90.18004208835636,92.71097369482636,90.18004208835636,92.71097369482636,84.62190858983918,86.30497253367503,84.62190858983918,86.30497253367503,96,101,96,101,-1,4,-1,4,-1,4,-1,4,96,101,96,101
1788226560.003,19.28,19.28,19.26,19.26,19.14176745303365,,,0,0,0,0,0,0,69.37403457153363,30.625965428466372,-8.166737958075776,26.384329953957046,60.730640747219695,1,5,4668.75,88.79813432014045,92.1519966412998,88.79813432014045,92.1519966412998,81.98361395612594,84.14429324490048,81.98361395612594,84.14429324490048,96,101,96,101,-1,4,-1,4,-1,4,-1,4,96,101,96,101
1788226680,19.26,19.26,19.240000000000002,19.240000000000002,19.17769784454435,,,0,0,0,0,0,0,48.163242048725856,51.836757951274144,-16.847278604614218,25.920733850434218,65.66080747302905,1,5,7291.666666666667,87.21731520203522,91.4470421499763,87.21731520203522,91.4470421499763,78.1708287691166,81.15756100700854,78.1708287691166,81.15756100700854,96,101,96,101,-1,4,-1,4,-1,4,-1,4,96,101,96,101
1788226680.001,19.240000000000002,19.240000000000002,19.220000000000002,19.220000000000002,19.205376054046496,,,0,0,0,0,0,0,44.92258342806346,55.07741657193654,-24.67897217549388,25.46052639273133,41.11711751472924,1,3,7291.666666666667,85.45179268760417,90.590577941066,85.45179268760417,90.590577941066,73.61071037352856,77.38413569026855,73.61071037352856,77.38413569026855,96,101,96,101,-1,4,-1,4,-1,4,-1,4,96,101,96,101
1788226680.002,19.22,19.22,19.2,19.2,19.226372038138418,,,0,0,0,0,0,0,41.91950961935807,58.08049038064193,-31.74988218240169,25.003670562290175,26.98683069106999,1,2,7291.666666666667,83.51475987658482,89.57974678899726,83.51475987658482,89.57974678899726,68.23775174873867,72.81094371950361,68.23775174873867,72.81094371950361,96,101,96,101,-1,4,-1,4,-1,4,-1,4,96,101,96,101
1788226680.003,19.22,19.24,19.22,19.24,19.242883494598452,,,0,0,0,0,0,0,42.686552962725074,57.313447037274926,-24.833025196460845,25.149919218194594,16.081209755042487,1,2,3912.5,82.31132464730493,88.5414007687555,82.31132464730493,88.5414007687555,64.20378721320454,68.50736546635407,64.20378721320454,68.50736546635407,96,101,96,101,-1,4,-1,4,-1,4,-1,4,96,101,96,101
1788226680.004,19.240000000000002,19.26,19.240000000000002,19.26,19.25569264862249,,,0,0,0,0,0,0,43.85469209570357,56.14530790429643,-18.017524794861227,25.29559859181202,29.237378545427802,1,3,3912.5,81.49146812487842,87.53426753391592,81.49146812487842,87.53426753391592,61.18566376516448,64.84651461575928,61.18566376516448,64.84651461575928,96,101,96,101,-1,4,-1,4,-1,4,-1,4,96,101,96,101
1788226800,19.26,19.28,19.26,19.28,19.26526193840373,,,0,0,0,0,0,0,50.342576822727935,49.657423177272065,10.204346794004659,26.04881623150037,32.88409351172996,1,3,20475,81.02779183024428,86.60477100481998,81.02779183024428,86.60477100481998,59.11152132252209,61.979017969140685,59.11152132252209,61.979017969140685,96,101,96,101,-1,4,-1,4,-1,4,-1,4,96,101,96,101
1788226800.001,19.28,19.3,19.28,19.3,19.272842855172705,,,0,0,0,0,0,0,51.89317893892462,48.10682106107538,16.952647205742846,26.278433984947775,46.47655551344185,1,4,6325,80.89485431856019,85.78906862106858,80.89485431856019,85.78906862106858,57.93974554917494,59.95938175915781,57.93974554917494,59.95938175915781,96,101,96,101,-1,4,-1,4,-1,4,-1,4,96,101,96,101
1788226800.002,19.3,19.32,19.3,19.32,19.27900347375195,,,0,0,0,0,0,0,53.34987519138315,46.65012480861685,23.293719479632543,26.506630230090693,60.922140417752004,1,4,6325,81.06903139104399,85.11477758820793,81.06903139104399,85.11477758820793,57.66263904215011,58.811010400653956,57.66263904215011,58.811010400653956,96,101,96,101,-1,4,-1,4,-1,4,-1,4,96,101,96,101
1788226800.003,19.3,19.3,19.28,19.28,19.28379936417574,,,0,0,0,0,0,0,52.21141873607827,47.78858126392173,18.324652652642122,26.311139755796443,14.825457510226176,1,2,3162.5,80.63552914882659,84.47488495401059,80.63552914882659,84.47488495401059,55.71083346470019,57.26092193267707,55.71083346470019,57.26092193267707,96,101,96,101,-1,4,-1,4,-1,4,-1,4,96,101,96,101
1788226800.004,19.28,19.28,19.26,19.26,19.287437469919407,,,0,0,0,0,0,0,51.101348455307324,48.898651544692676,13.301656698495314,26.116252531476647,22.199033414762006,1,1,3162.5,79.93537230486281,83.82638314698947,79.93537230486281,83.82638314698947,52.609285826885994,54.935103879781536,52.609285826885994,54.935103879781536,96,101,96,101,-1,4,-1,4,-1,4,-1,4,96,101,96,101
1788226800.005,19.26,19.26,19.240000000000002,19.240000000000002,19.29008230546154,,,0,0,0,0,0,0,50.018615754235185,49.981384245764815,8.246950187903487,25.92196576914447,29.209092451109854,1,1,3162.5,78.8840879476832,83.12034097566,78.8840879476832,83.12034097566,48.52224499447411,51.72867443712782,48.52224499447411,51.72867443712782,96,101,96,101,-1,4,-1,4,-1,4,-1,4,96,101,96,101
1788226800.006,19.240000000000002,19.240000000000002,19.220000000000002,19.220000000000002,19.291865211815065,,,0,0,0,0,0,0,48.962223057067845,51.037776942932155,3.1833212608811903,25.728276697966635,28.673479387654346,1,0,3162.5,77.47028945791365,82.3131907588391,77.47028945791365,82.3131907588391,43.5904957095494,47.65958507333861,43.5904957095494,47.65958507333861,96,101,96,101,-1,4,-1,4,-1,4,-1,4,96,101,96,101
1788226800.007,19.240000000000002,19.26,19.240000000000002,19.26,19.292719359886938,,,0,0,0,0,0,0,51.94609020997362,48.05390979002638,19.709203249228853,26.18245170322157,26.136402222218567,1,1,12650,76.69860211568177,81.51110666695948,76.69860211568177,81.51110666695948,41.07756775104258,44.36857641219059,41.07756775104258,44.36857641219059,96,101,96,101,-1,4,-1,4,-1,4,-1,4,96,101,96,101
1788226920,19.26,19.28,19.26,19.28,19.293091445362208,,,0,0,0,0,0,0,55.491086227951236,44.508913772048764,35.829728275942294,26.78149571848389,23.73837234717935,1,2,16925,76.27239534435263,80.76271933515851,76.27239534435263,80.76271933515851,40.35220092946528,42.36038867082794,40.35220092946528,42.36038867082794,96,101,96,101,-1,4,-1,4,-1,4,-1,4,96,101,96,101
1788226920.001,19.28,19.3,19.28,19.3,19.29343409674388,,,0,0,0,0,0,0,58.54897901880859,41.45102098119141,47.438228052499184,27.370895278898903,49.8618021584817,1,3,16925,76.22506396958184,80.11448285436184,76.22506396958184,80.11448285436184,41.15902936811329,41.75970901947061,41.15902936811329,41.75970901947061,96,101,96,101,-1,4,-1,4,-1,4,-1,4,96,101,96,101
1788226920.002,19.28,19.28,19.26,19.26,19.29313018194037,,,0,0,0,0,0,0,54.44463758039285,45.55536241960715,22.96851706392306,26.353763701123345,27.319146565059356,1,1,16925,75.48424929579643,79.45302091742393,75.48424929579643,79.45302091742393,40.13631088695436,40.94800995321249,40.13631088695436,40.94800995321249,96,101,96,101,-1,4,-1,4,-1,4,-1,4,96,101,96,101
1788227040,19.26,19.26,19.240000000000002,19.240000000000002,19.2912410464455,,,0,0,0,0,0,1,46.8041600930001,53.1958399069999,-13.998011278572253,-100,77.18205321095205,-1,1,39849,74.44791790010372,78.73800620066389,74.44791790010372,78.73800620066389,37.83112361738985,39.38956678530117,37.83112361738985,39.38956678530117,96,101,96,101,-1,4,-1,4,-1,4,-1,4,96,101,96,101
1788227040.001,19.26,19.28,19.26,19.28,19.289617804694885,,,0,0,0,0,0,0,49.286762705431514,50.713237294568486,-4.097600383571085,-55.32644708633795,39.71941825108601,-1,2,11461,74.18247428703015,78.08721592728763,74.18247428703015,78.08721592728763,37.569534529191515,38.47955065724634,37.569534529191515,38.47955065724634,96,101,96,101,-1,4,-1,4,-1,4,-1,4,96,101,96,101
1788227160,19.26,19.29,19.240000000000002,19.240000000000002,19.287168481524496,,,0,0,0,0,0,0,44.04080542391605,55.95919457608395,-27.272953736459787,-74.40026803663167,81.81581760175716,-1,1,38230,73.23912682053502,77.39463176918012,73.23912682053502,77.39463176918012,36.05960102502146,37.2695758411339,36.05960102502146,37.2695758411339,96,101,96,101,-1,4,-1,4,-1,4,-1,4,96,101,96,101
1788227280,19.240000000000002,19.240000000000002,19.220000000000002,19.220000000000002,19.28386009881229,,,0,0,0,0,0,0,40.68892594249465,59.31107405750535,-41.77216816214518,-81.71389367541005,95.0633008972871,-1,0,35812,71.85391446522212,76.60310072575756,71.85391446522212,76.60310072575756,32.90822945001856,35.088902645576226,32.90822945001856,35.088902645576226,96,101,96,101,-1,4,-1,4,-1,4,-1,4,96,101,96,101
1788227280.001,19.22,19.22,19.2,19.2,19.279767728608846,,,0,0,0,0,0,0,37.811174317742044,62.188825682257956,-52.244919457589326,-85.77722071926733,100,-1,0,35812,70.20134548327401,75.68856426254563,70.20134548327401,75.68856426254563,28.778482385730133,31.933692515653178,28.778482385730133,31.933692515653178,96,101,96,101,-1,4,-1,4,-1,4,-1,4,96,101,96,101
1788227280.002,19.2,19.2,19.18,19.18,19.274972713391612,,,0,0,0,0,0,0,35.313596480673084,64.68640351932692,-60.1324704660065,-88.36304930549915,100,-1,0,35812,68.30051677659326,74.63312890740956,68.30051677659326,74.63312890740956,25.18675113582081,28.560221825736996,25.18675113582081,28.560221825736996,96,101,96,101,-1,4,-1,4,-1,4,-1,4,96,101,96,101
1788227280.003,19.18,19.18,19.16,19.16,19.2693137755493,,,0,0,0,0,0,0,31.298259146613105,68.7017408533869,-66.26208929306067,-90.1532725054556,100,-1,0,35812,66.16916118266076,73.42399066101687,66.16916118266076,73.42399066101687,22.064834306893978,25.312528066315487,22.064834306893978,25.312528066315487,96,101,96,101,-1,4,-1,4,-1,4,-1,4,96,101,96,101
1788227400,19.18,19.2,19.15,19.2,19.26422805422895,,,0,0,0,0,0,0,32.635969383806,67.364030616194,-54.056813912338505,-77.37093491048388,100,-1,0,16776,64.92264600660988,72.20951285324443,64.92264600660988,72.20951285324443,20.969857977337774,23.14119302182663,20.969857977337774,23.14119302182663,96,101,96,101,-1,4,-1,4,-1,4,-1,4,96,101,96,101
1788227400.001,19.2,19.22,19.2,19.22,19.25969919450155,,,0,0,0,0,0,0,33.92258074312857,66.07741925687142,-42.54609721114959,-66.19884358338966,85.41807629531044,-1,1,16776,64.13146799514871,71.05550644494505,64.13146799514871,71.05550644494505,21.517021123432446,22.32910707262954,21.517021123432446,22.32910707262954,96,101,96,101,-1,4,-1,4,-1,4,-1,4,96,101,96,101
1788227400.002,19.22,19.24,19.22,19.24,19.255708233478707,,,0,0,0,0,0,0,35.160966223062346,64.83903377693765,-31.720139631606642,-56.35075375464474,60.873795774973985,-1,2,16776,63.763103065092274,70.01373453353752,63.763103065092274,70.01373453353752,23.128875248656424,22.728991160642984,23.128875248656424,22.728991160642984,96,101,96,101,-1,4,-1,4,-1,4,-1,4,96,101,96,101
1788227400.003,19.240000000000002,19.26,19.240000000000002,19.26,19.25223463921536,,,0,0,0,0,0,0,36.35378740786789,63.64621259213211,-21.564431772674098,-47.604470942872766,23.68125106089048,-1,3,16776,63.410276375568934,69.07038336811344,63.410276375568934,69.07038336811344,25.653321641705727,24.191156401174354,25.653321641705727,24.191156401174354,96,101,96,101,-1,4,-1,4,-1,4,-1,4,96,101,96,101
1788227400.004,19.240000000000002,19.240000000000002,19.220000000000002,19.220000000000002,19.248900714723614,,,0,0,0,0,0,0,34.99897226160426,65.00102773839575,-23.012864957531466,-48.2467018100315,64.51406499848864,-1,1,3721.5,62.005970920171194,68.06118158983598,62.005970920171194,68.06118158983598,26.833281904070923,25.512219152622638,26.833281904070923,25.512219152622638,96,101,96,101,-1,4,-1,4,-1,4,-1,4,96,101,96,101
1788227400.005,19.22,19.22,19.2,19.2,19.245861789751302,,,0,0,0,0,0,0,35.21093900786239,64.7890609921376,-24.545584737951614,-48.87337921160948,78.62181411277527,-1,1,3721.5,59.957925378254174,66.90357355961001,59.957925378254174,66.90357355961001,26.945534149067566,26.228876650845102,26.945534149067566,26.228876650845102,96,101,96,101,-1,4,-1,4,-1,4,-1,4,96,101,96,101
1788227520,19.2,19.2,19.18,19.18,19.242604351086705,,,0,0,0,0,0,0,34.02138440178498,65.97861559821501,-33.56215161796465,-52.44213409605097,90.13729097077879,-1,0,23062.5,57.20582866756253,65.51818143217466,57.20582866756253,65.51818143217466,25.953314984915323,26.091095817880213,25.953314984915323,26.091095817880213,96,101,96,101,-1,4,-1,4,-1,4,-1,4,96,101,96,101
1788227520.001,19.18,19.18,19.16,19.16,19.239168192863083,,,0,0,0,0,0,0,32.78555788423897,67.21444211576103,-41.28061320777823,-55.54518191591693,94.76836792466693,-1,0,23062.5,53.66914859790147,63.825462455849916,53.66914859790147,63.825462455849916,23.7583036005157,24.924699709197956,23.7583036005157,24.924699709197956,96,101,96,101,-1,4,-1,4,-1,4,-1,4,96,101,96,101
1788227640,19.16,19.16,19.14,19.14,19.235737195075515,,,0,0,0,0,0,0,32.04396961888497,67.95603038111503,-46.168804770915145,-57.51492169069684,97.70128286254908,-1,0,16387.5,49.83563798376565,61.82691610269502,49.83563798376565,61.82691610269502,20.999180863934022,22.96194028656599,20.999180863934022,22.96194028656599,96,101,96,101,-1,4,-1,4,-1,4,-1,4,96,101,96,101
1788227640.001,19.14,19.14,19.12,19.12,19.232245455617274,,,0,0,0,0,0,0,31.335187793593423,68.66481220640658,-50.68467344723066,-59.31751394876177,100,-1,0,16387.5,46.275949556353815,59.605349453217706,46.275949556353815,59.605349453217706,18.57072645480053,20.76633337068326,18.57072645480053,20.76633337068326,96,101,96,101,-1,4,-1,4,-1,4,-1,4,96,101,96,101
1788227640.002,19.14,19.16,19.14,19.16,19.229377855655205,,,0,0,0,0,0,0,31.9893567661235,68.0106432338765,-48.26353507687791,-58.130211880195816,98.95812104612673,-1,0,2900,43.990932751308115,57.37471849580204,43.990932751308115,57.37471849580204,18.203479818400464,19.48490659454186,18.203479818400464,19.48490659454186,96,101,96,101,-1,4,-1,4,-1,4,-1,4,96,101,96,101
1788227640.003,19.16,19.18,19.16,19.18,19.227035156350485,,,0,0,0,0,0,0,32.81145563456045,67.18854436543955,-45.68858542964246,-56.96047546775161,92.99417485888225,-1,1,2900,42.37933551396976,55.23252092696886,42.37933551396976,55.23252092696886,19.31726841577181,19.401087505156838,19.31726841577181,19.401087505156838,96,101,96,101,-1,4,-1,4,-1,4,-1,4,96,101,96,101
1788227640.004,19.18,19.2,19.18,19.2,19.22518604657666,,,0,0,0,0,0,0,33.64746060837555,66.35253939162445,-42.95750780816022,-55.80791775861851,74.85040187699668,-1,2,2900,41.39305644664536,53.255454572636935,41.39305644664536,53.255454572636935,21.700515784947225,20.550801645052033,21.700515784947225,20.550801645052033,96,101,96,101,-1,4,-1,4,-1,4,-1,4,96,101,96,101
1788227760,19.18,19.18,19.16,19.16,19.223617843804245,,,0,0,0,0,0,0,33.63396604165869,66.36603395834132,-45.84551896152891,-56.631505708996485,97.50731137691734,-1,0,7500,39.45681772086456,51.28422073666945,39.45681772086456,51.28422073666945,22.029013529954653,21.289907587503343,22.029013529954653,21.289907587503343,96,101,96,101,-1,4,-1,4,-1,4,-1,4,96,101,96,101
1788227760.001,19.16,19.16,19.14,19.14,19.222112820452445,,,0,0,0,0,0,0,32.65525597579574,67.34474402420426,-48.70238722511229,-57.42495761523168,99.22143233506738,-1,0,7500,37.148677679578306,49.26485744279928,37.148677679578306,49.26485744279928,20.8820115971039,21.085959592303624,20.8820115971039,21.085959592303624,96,101,96,101,-1,4,-1,4,-1,4,-1,4,96,101,96,101
1788227760.002,19.14,19.14,19.12,19.12,19.22056450997429,,,0,0,0,0,0,0,31.689880087726834,68.31011991227317,-51.51589356017459,-58.189897828404426,100,-1,0,7500,34.49520070246557,47.15490647989447,34.49520070246557,47.15490647989447,18.470295654660426,19.778127623482025,18.470295654660426,19.778127623482025,96,101,96,101,-1,4,-1,4,-1,4,-1,4,96,101,96,101
1788227760.003,19.12,19.12,19.1,19.1,19.218412175661754,,,0,0,0,0,0,0,28.504263520616796,71.4957364793832,-54.27457275580284,-58.92783602197983,100,-1,0,7500,32.0312577951466,44.99438523921621,32.0312577951466,44.99438523921621,16.35116250918963,18.064645066335828,16.35116250918963,18.064645066335828,96,101,96,101,-1,4,-1,4,-1,4,-1,4,96,101,96,101
1788228000,19.12,19.14,19.12,19.14,19.216149593655402,,,0,0,0,0,0,0,29.208000713230714,70.79199928676928,-40.83917803786886,-54.76448969185862,94.50350682272132,-1,0,11431.25,30.695691762159928,42.951714742493884,30.695691762159928,42.951714742493884,16.09320422865606,17.078924647495946,16.09320422865606,17.078924647495946,96,101,96,101,-1,4,-1,4,-1,4,-1,4,96,101,96,101
1788228000.001,19.14,19.16,19.14,19.16,19.213856057218262,,,0,0,0,0,0,0,29.898019079069854,70.10198092093015,-28.526786646736042,-50.81370485543131,87.11607198804163,-1,0,11431.25,29.931713779148488,41.09171460487311,29.931713779148488,41.09171460487311,17.508460767419464,17.293692707457705,17.508460767419464,17.293692707457705,96,101,96,101,-1,4,-1,4,-1,4,-1,4,96,101,96,101
1788228000.002,19.16,19.18,19.16,19.18,19.211850942303045,,,0,0,0,0,0,0,31.58160544780173,68.41839455219827,-17.251442405183763,-47.059608092916655,62.73323017460222,-1,1,11431.25,29.69849612825691,39.46411196535651,29.69849612825691,39.46411196535651,20.150109229216643,18.721900968337174,20.150109229216643,18.721900968337174,96,101,96,101,-1,4,-1,4,-1,4,-1,4,96,101,96,101
1788228000.003,19.18,19.2,19.18,19.2,19.210196948018872,,,0,0,0,0,0,0,33.213671101571066,66.78632889842893,-6.932426814629592,-43.48786810011474,37.991972261241955,-1,2,11431.25,29.95812735719091,38.10611416419,29.95812735719091,38.10611416419,23.842950767899914,21.282425868118544,23.842950767899914,21.282425868118544,96,101,96,101,-1,4,-1,4,-1,4,-1,4,96,101,96,101
1788228000.004,19.18,19.18,19.16,19.16,19.208770243830504,,,0,0,0,0,0,0,33.090441491641705,66.90955850835829,-10.839933888287003,-44.102472495718054,69.8879095460616,-1,1,5175,29.246832545962974,36.84050250444328,29.246832545962974,36.84050250444328,25.293957801056933,23.28819183458774,25.293957801056933,23.28819183458774,96,101,96,101,-1,4,-1,4,-1,4,-1,4,96,101,96,101
1788228120,19.16,19.16,19.14,19.14,19.207377370982734,,,0,0,0,0,0,0,32.6681045073576,67.3318954926424,-18.26227137555632,-45.27273101376515,78.12100143359288,-1,0,10175,28.110154030775135,35.59330986534783,28.110154030775135,35.59330986534783,25.109106686620116,24.19864926060393,25.109106686620116,24.19864926060393,96,101,96,101,-1,4,-1,4,-1,4,-1,4,96,101,96,101
1788228120.001,19.14,19.14,19.12,19.12,19.20565745368928,,,0,0,0,0,0,0,30.503144654088093,69.49685534591191,-25.119255652194965,-46.394993802714716,82.90854967294581,-1,0,10175,26.578476361910237,34.305476507713884,26.578476361910237,34.305476507713884,23.5220914456743,23.860370353139114,23.5220914456743,23.860370353139114,96,101,96,101,-1,4,-1,4,-1,4,-1,4,96,101,96,101
1788228120.002,19.12,19.12,19.1,19.1,19.203343187814287,,,0,0,0,0,0,0,27.75124488624798,72.24875511375203,-31.445410369356686,-47.472154198593884,87.35053874077033,-1,0,10175,24.680013764630935,32.93041040155918,24.680013764630935,32.93041040155918,20.733221239149593,22.29679579614435,20.733221239149593,22.29679579614435,96,101,96,101,-1,4,-1,4,-1,4,-1,4,96,101,96,101
1788228240,19.12,19.14,19.12,19.14,19.200655314462274,,,0,0,0,0,0,0,26.287919336080446,73.71208066391955,-24.400157620335314,-45.68808227238603,82.05294393563281,-1,0,6200.8,23.869536590966813,31.63599985718884,23.869536590966813,31.63599985718884,20.177347528293666,21.23707166221901,20.177347528293666,21.23707166221901,96,101,96,101,-1,4,-1,4,-1,4,-1,4,96,101,96,101
1788228240.001,19.14,19.16,19.14,19.16,19.197983279121463,,,0,0,0,0,0,0,28.026669668687937,71.97333033131207,-17.474102066067054,-43.946660662624225,65.673184217664,-1,1,6200.8,23.593141120183454,30.48702003761664,23.593141120183454,30.48702003761664,21.20464374605624,21.220857704137625,21.20464374605624,21.220857704137625,96,101,96,101,-1,4,-1,4,-1,4,-1,4,96,101,96,101
1788228240.002,19.16,19.18,19.16,19.18,19.19494281812237,,,0,0,0,0,0,0,31.248858514318556,68.75114148568144,-10.694800589076097,-42.246378026311994,43.11662169546027,-1,2,6200.8,23.812678659217944,29.533542697845398,23.812678659217944,29.533542697845398,23.58894275977753,22.404900231957576,23.58894275977753,22.404900231957576,96,101,96,101,-1,4,-1,4,-1,4,-1,4,96,101,96,101
1788228240.003,19.18,19.2,19.18,19.2,19.19211516115791,,,0,0,0,0,0,0,30.4952014491099,69.5047985508901,-4.0873567777027,-40.58579359413454,16.400566035702543,-1,3,6200.8,24.49272542165473,28.813425944103873,24.49272542165473,28.813425944103873,27.136387027177722,24.77064362956765,27.136387027177722,24.77064362956765,96,101,96,101,-1,4,-1,4,-1,4,-1,4,96,101,96,101
1788228240.004,19.2,19.22,19.2,19.22,19.188935965794265,,,0,0,0,0,0,0,34.06092572081894,65.93907427918106,2.3258962717100222,-38.963533098607286,24.214704578671416,-1,4,6200.8,25.600387891536503,28.354420508022823,25.600387891536503,28.354420508022823,33.259760309009316,29.015201969288483,33.259760309009316,29.015201969288483,96,101,96,101,-1,4,-1,4,-1,4,-1,4,96,101,96,101
1788228360,19.2,19.2,19.18,19.18,19.185715149305953,,,0,0,0,0,0,0,35.12088757185277,64.87911242814724,-17.72485719531297,-41.395185116691295,39.812849699831574,-1,2,22296.5,25.81260508295734,27.991304018727753,25.81260508295734,27.991304018727753,36.36550883629378,32.69035540279113,36.36550883629378,32.69035540279113,96,101,96,101,-1,4,-1,4,-1,4,-1,4,96,101,96,101
1788228360.001,19.18,19.18,19.16,19.16,19.182556655265785,,,0,0,0,0,0,0,36.24893950232067,63.75106049767933,-32.31419066916964,-43.640509522181205,62.725888529028225,-1,2,22296.5,25.61719922538344,27.652146191107136,25.61719922538344,27.652146191107136,37.24186471682304,34.96611005980708,37.24186471682304,34.96611005980708,96,101,96,101,-1,4,-1,4,-1,4,-1,4,96,101,96,101
1788228360.002,19.18,19.2,19.18,19.2,19.18022780167643,,,0,0,0,0,0,0,42.435724085328154,57.564275914671846,-13.604991617036424,-39.13965465010604,23.321687751770313,-1,3,18825,26.763589756903627,27.525209557649493,26.763589756903627,27.525209557649493,40.13588404299106,37.550997051399065,40.13588404299106,37.550997051399065,96,101,96,101,-1,4,-1,4,-1,4,-1,4,96,101,96,101
1788228480,19.18,19.18,19.16,19.16,19.178580336225604,,,0,0,0,0,0,0,45.02678883461348,54.97321116538652,-21.73654438465336,-40.387408964110634,51.33063899782735,-1,2,12575,26.79995672231957,27.421602009745218,26.79995672231957,27.421602009745218,40.473614893992135,39.0123059726956,40.473614893992135,39.0123059726956,96,101,96,101,-1,4,-1,4,-1,4,-1,4,96,101,96,101
1788228480.001,19.16,19.16,19.14,19.14,19.176786055696052,,,0,0,0,0,0,0,41.07203587977729,58.92796412022271,-29.07916912968247,-41.585028405641516,70.2615714787799,-1,1,12575,26.184375397998025,27.24485535092419,26.184375397998025,27.24485535092419,38.977384194850245,38.99484508377292,38.977384194850245,38.99484508377292,96,101,96,101,-1,4,-1,4,-1,4,-1,4,96,101,96,101
1788228480.002,19.14,19.14,19.12,19.12,19.174515494367856,,,0,0,0,0,0,0,37.02800087057697,62.97199912942303,-35.71360598326952,-42.73547510050791,87.06944865026645,-1,0,12575,24.96341351892023,26.918935089209338,24.96341351892023,26.918935089209338,35.90918645272866,37.45201576825079,35.90918645272866,37.45201576825079,96,101,96,101,-1,4,-1,4,-1,4,-1,4,96,101,96,101
1788228600,19.14,19.16,19.14,19.16,19.171966881293205,,,0,0,0,0,0,0,35.23541863562761,64.76458136437239,-28.88462614934734,-41.30254797808312,51.16406232999002,-1,2,6475,25.12836450133499,26.663139290941576,25.12836450133499,26.663139290941576,35.42215981662453,36.43708779243766,35.42215981662453,36.43708779243766,96,101,96,101,-1,4,-1,4,-1,4,-1,4,96,101,96,101
1788228600.001,19.16,19.18,19.16,19.18,19.169025919453148,,,0,0,0,0,0,0,33.33778959794069,66.66221040205932,-22.12489639683949,-39.89810532391241,22.762363172048765,-1,3,6475,25.930883920070762,26.558531380817175,25.930883920070762,26.558531380817175,37.70879004690254,37.0729389196701,37.70879004690254,37.0729389196701,96,101,96,101,-1,4,-1,4,-1,4,-1,4,96,101,96,101
1788228600.002,19.18,19.2,19.18,19.2,19.16676309017399,,,0,0,0,0,0,0,34.90616493352738,65.09383506647262,-15.463495028861072,-38.52130615321949,28.796270722451332,-1,4,6475,27.32543117253319,26.668088493919466,27.32543117253319,26.668088493919466,43.27420099258322,40.173569956126656,43.27420099258322,40.173569956126656,96,101,96,101,-1,4,-1,4,-1,4,-1,4,96,101,96,101
1788228720,19.2,19.22,19.2,19.22,19.165171148652327,,,0,0,0,0,0,0,36.530339391701816,63.469660608298184,-8.500955911808306,-37.07849958712927,33.67383664968128,-1,5,6925,29.269718556313222,27.039749931404288,29.269718556313222,27.039749931404288,50.42550561269046,45.29953778440856,50.42550561269046,45.29953778440856,96,101,96,101,-1,4,-1,4,-1,4,-1,4,96,101,96,101
1788228720.001,19.22,19.24,19.22,19.24,19.16398913834033,,,0,0,0,0,0,0,40.28566030385098,59.71433969614902,-1.7516794171897725,-35.665439085893944,31.225135550925117,-1,5,6925,31.724478919173894,27.708996929657086,31.724478919173894,27.708996929657086,56.69124970883679,50.995393746622675,56.69124970883679,50.995393746622675,96,101,96,101,-1,4,-1,4,-1,4,-1,4,96,101,96,101
1788228720.002,19.240000000000002,19.26,19.240000000000002,19.26,19.163541310977827,,,0,0,0,0,0,0,44.41363025638981,55.58636974361019,4.764811391466782,-34.28121413216603,31.71380765708984,-1,5,6925,34.653249905466694,28.701033069058457,34.653249905466694,28.701033069058457,62.16392832186018,56.579661034241425,62.16392832186018,56.579661034241425,96,101,96,101,-1,4,-1,4,-1,4,-1,4,96,101,96,101
1788228720.003,19.26,19.28,19.26,19.28,19.164021574422975,,,0,0,0,0,1,0,47.93743834798735,52.06256165201265,11.032349831175988,100,76.61940989870558,1,5,6925,38.02217361351779,30.03262457540979,38.02217361351779,30.03262457540979,66.93416078381674,61.75691090902908,66.93416078381674,61.75691090902908,96,101,96,101,-1,4,-1,4,-1,4,-1,4,96,101,96,101
1788228840,19.28,19.3,19.28,19.3,19.16617203592528,,,0,0,0,0,0,0,52.62241455467289,47.37758544532711,21.694449683342572,100,83.01666981000554,1,5,13025,41.7998105632016,31.71365114509434,41.7998105632016,31.71365114509434,71.08642352898583,66.42166721900746,71.08642352898583,66.42166721900746,96,101,96,101,-1,4,-1,4,-1,4,-1,4,96,101,96,101
1788228840.001,19.3,19.32,19.3,19.32,19.169184853232807,,,0,0,0,0,0,0,54.109633634788146,45.890366365211854,30.814892609195297,100,88.48893556551718,1,5,13025,45.956966951544345,33.74841054601577,45.956966951544345,33.74841054601577,74.69745393393596,70.55956057647171,74.69745393393596,70.55956057647171,96,101,96,101,-1,4,-1,4,-1,4,-1,4,96,101,96,101
1788228840.002,19.32,19.34,19.32,19.34,19.172922078892075,,,0,0,0,0,0,0,55.50632454790308,44.49367545209692,38.67219536316188,100,93.20331721789714,1,5,13025,49.8171835978626,36.04394955342246,49.8171835978626,36.04394955342246,77.83591289575469,74.1977367361132,77.83591289575469,74.1977367361132,96,101,96,101,-1,4,-1,4,-1,4,-1,4,96,101,96,101
1788228840.003,19.34,19.36,19.34,19.36,19.17727166325706,,,0,0,0,0,0,0,56.82050893094167,43.17949106905833,45.48281987805998,100,97.28969192683599,1,5,13025,53.40167048372956,38.523623972037754,53.40167048372956,38.523623972037754,80.56265061394362,77.38019367502841,80.56265061394362,77.38019367502841,96,101,96,101,-1,4,-1,4,-1,4,-1,4,96,101,96,101
1788228960,19.36,19.38,19.36,19.38,19.183600816520716,,,0,0,0,0,0,0,60.9030924335612,39.0969075664388,55.53773285910222,100,100,1,5,24112.5,56.73012259203459,41.124552346323014,56.73012259203459,41.124552346323014,82.9312515466456,80.155722610837,82.9312515466456,80.155722610837,96,101,96,101,-1,4,-1,4,-1,4,-1,4,96,101,96,101
1788228960.001,19.38,19.4,19.38,19.4,19.191582964001597,,,0,0,0,0,0,0,64.62494215763974,35.37505784236026,63.036799106159535,100,100,1,5,24112.5,59.820828121174976,43.79544888558758,59.820828121174976,43.79544888558758,84.98869180188674,82.57220720636187,84.98869180188674,82.57220720636187,96,101,96,101,-1,4,-1,4,-1,4,-1,4,96,101,96,101
1788228960.002,19.38,19.38,19.36,19.36,19.198924075670643,,,0,0,0,0,0,0,64.47704800807678,35.52295199192322,53.18067548368616,85.53357119688614,100,1,5,8362.5,61.73838801728154,46.358725904401005,61.73838801728154,46.358725904401005,85.60935487780768,84.09078104208477,85.60935487780768,84.09078104208477,96,101,96,101,-1,4,-1,4,-1,4,-1,4,96,101,96,101
1788228960.003,19.36,19.36,19.34,19.34,19.205751283174106,,,0,0,0,0,0,0,64.32982922432214,35.67017077567786,43.62949976963213,73.01875378100424,96.17769986177927,1,5,8362.5,63.04278887319002,48.742163471370866,63.04278887319002,48.742163471370866,85.18897084764467,84.63987594486471,85.18897084764467,84.63987594486471,96,101,96,101,-1,4,-1,4,-1,4,-1,4,96,101,96,101
1788229080,19.36,19.38,19.36,19.38,19.212655810421023,,,0,0,0,0,0,0,64.30797920351668,35.69202079648332,48.37205373099239,75.25429998150545,99.02323223859543,1,5,11200,65.20639919177168,51.09419714571384,65.20639919177168,51.09419714571384,85.97149882179072,85.30568738332772,85.97149882179072,85.30568738332772,96,101,96,101,-1,4,-1,4,-1,4,-1,4,96,101,96,101
1788229080.001,19.38,19.4,19.38,19.4,19.21961970571502,,,0,0,0,0,0,0,64.28610239752759,35.713897602472414,52.74524611440423,77.14773697694278,100,1,5,11200,67.69165639235942,53.4652627523775,67.69165639235942,53.4652627523775,87.59461803772541,86.45015271052657,87.59461803772541,86.45015271052657,96,101,96,101,-1,4,-1,4,-1,4,-1,4,96,101,96,101
1788229080.002,19.400000000000002,19.42,19.400000000000002,19.42,19.226629005209695,,,0,0,0,0,0,0,64.26419875707211,35.73580124292789,56.77298803445677,78.77201332698715,100,1,5,11200,69.9993952214766,55.82728167653452,69.9993952214766,55.82728167653452,89.00967260376467,87.72991265714562,89.00967260376467,87.72991265714562,96,101,96,101,-1,4,-1,4,-1,4,-1,4,96,101,96,101
1788229200,19.400000000000002,19.400000000000002,19.380000000000003,19.380000000000003,19.233415989170464,,,0,0,0,0,0,0,60.95863465585206,39.04136534414794,41.25311583883085,65.02636203866432,94.75186950329851,1,5,13125,71.24943841994259,58.03044692559281,71.24943841994259,58.03044692559281,89.15114794608417,88.4405303016149,89.15114794608417,88.4405303016149,96,101,96,101,-1,4,-1,4,-1,4,-1,4,96,101,96,101
1788229200.001,19.38,19.38,19.36,19.36,19.239759323291526,,,0,0,0,0,0,0,59.70540242101697,40.29459757898303,27.381819847407545,53.24357405140759,86.42909190844452,1,5,13125,71.9637642470895,60.02092082866377,71.9637642470895,60.02092082866377,88.37955538235772,88.41004284198631,88.37955538235772,88.41004284198631,96,101,96,101,-1,4,-1,4,-1,4,-1,4,96,101,96,101
1788229320,19.36,19.39,19.34,19.34,19.245731938636393,,,0,0,0,0,0,0,60.18731715201285,39.81268284798715,20.369138542851097,47.56127105936892,80.758245761332,1,5,7078.75,72.18063822944022,61.75802331448897,72.18063822944022,61.75802331448897,87.09319032773509,87.7516165848607,87.09319032773509,87.7516165848607,96,101,96,101,-1,4,-1,4,-1,4,-1,4,96,101,96,101
1788229320.001,19.34,19.34,19.32,19.32,19.251469290292846,,,0,0,0,0,0,0,60.67707477835347,39.32292522164653,13.496077652880295,42.28530299395148,73.46882838809907,1,5,7078.75,71.93559264162303,63.21196178979384,71.93559264162303,63.21196178979384,84.82987742377298,86.29074700431684,84.82987742377298,86.29074700431684,96,101,96,101,-1,4,-1,4,-1,4,-1,4,96,101,96,101
1788229320.002,19.32,19.32,19.3,19.3,19.257078038451045,,,0,0,0,0,0,0,61.17486832892498,38.82513167107502,6.788696160009103,37.37358959822979,59.253294641855035,1,4,7078.75,71.26162173864995,64.361913211059,71.26162173864995,64.361913211059,81.66370445847201,83.97722573139443,81.66370445847201,83.97722573139443,96,101,96,101,-1,4,-1,4,-1,4,-1,4,96,101,96,101
1788229320.003,19.3,19.3,19.28,19.28,19.26195206342115,,,0,0,0,0,0,0,59.393707727112435,40.606292272887565,0.2703506873564453,32.789667200905065,33.62563572172276,1,3,7078.75,70.18936304303209,65.19440604419802,70.18936304303209,65.19440604419802,77.99746096440452,80.98734334789947,77.99746096440452,80.98734334789947,96,101,96,101,-1,4,-1,4,-1,4,-1,4,96,101,96,101
1788229440,19.28,19.28,19.26,19.26,19.265834671722775,,,0,0,0,0,0,0,54.32417957030475,45.67582042969525,-21.992384644943126,16.29539111911092,13.717971919323691,1,2,30088,68.74726568281551,65.70195742114338,68.74726568281551,65.70195742114338,73.90258558853718,77.44496446821833,73.90258558853718,77.44496446821833,96,101,96,101,-1,4,-1,4,-1,4,-1,4,96,101,96,101
1788229560,19.26,19.26,19.240000000000002,19.240000000000002,19.2688251181869,,,0,0,0,0,0,0,51.399364543749485,48.600635456250515,-31.46228791879995,8.659594985535197,23.07453812507685,1,1,17022,66.96174670547155,65.88192731890454,66.96174670547155,65.88192731890454,69.44031145684156,73.44263796252994,69.44031145684156,73.44263796252994,96,101,96,101,-1,4,-1,4,-1,4,-1,4,96,101,96,101
1788229560.001,19.240000000000002,19.240000000000002,19.220000000000002,19.220000000000002,19.271116746623512,,,0,0,0,0,0,0,49.51735930228311,50.48264069771689,-36.15766704901434,4.867380176826431,31.904540513447657,1,1,9375,64.85733622650932,65.73555716284808,64.85733622650932,65.73555716284808,64.6631241058642,69.05288103419707,64.6631241058642,69.05288103419707,96,101,96,101,-1,4,-1,4,-1,4,-1,4,96,101,96,101
1788229680,19.22,19.25,19.2,19.2,19.271728495574223,,,0,0,0,0,0,0,44.99986491597774,55.00013508402226,-49.92399848245603,-6.975976223891686,37.06999241190431,1,0,34200,62.456812210330035,65.26716502677408,62.456812210330035,65.26716502677408,59.90172542407395,64.47730322913552,59.90172542407395,64.47730322913552,96,101,96,101,-1,4,-1,4,-1,4,-1,4,96,101,96,101
1788229800,19.2,19.2,19.18,19.18,19.272848651730175,,,0,0,0,0,0,0,46.389886250490285,53.610113749509715,-52.86221710375426,-9.657245941070355,37.897173782321104,1,0,8987.5,59.781325623877855,64.48347368350319,59.781325623877855,64.48347368350319,54.58243131587297,59.52986727250424,54.58243131587297,59.52986727250424,96,101,96,101,-1,4,-1,4,-1,4,-1,4,96,101,96,101
1788229800.001,19.18,19.18,19.16,19.16,19.2745469742039,,,0,0,0,0,0,0,47.868518740270616,52.131481259729384,-55.720157799023674,-12.188279301745636,38.656483790523694,1,0,8987.5,56.85051665074369,63.393051250251844,56.85051665074369,63.393051250251844,49.07065541360531,54.30026134305477,49.07065541360531,54.30026134305477,96,101,96,101,-1,4,-1,4,-1,4,-1,4,96,101,96,101
1788229920,19.16,19.16,19.14,19.14,19.27458387170011,,,0,0,0,0,0,0,42.39302230287419,57.60697769712581,-63.41637978220264,-19.318344551052558,40.79550336531577,1,0,28350,53.68262260426199,62.00584715796758,53.68262260426199,62.00584715796758,43.393895116423536,48.847078229739154,43.393895116423536,48.847078229739154,96,101,96,101,-1,4,-1,4,-1,4,-1,4,96,101,96,101
1788230160,19.14,19.14,19.12,19.12,19.271182084295027,,,0,0,0,0,0,1,38.455819881053515,61.544180118946485,-73.48401216458582,-100,100,-1,0,56300,50.294578132528976,60.33280872576206,50.294578132528976,60.33280872576206,37.57571962360108,43.211398926670114,37.57571962360108,43.211398926670114,96,101,96,101,-1,4,-1,4,-1,4,-1,4,96,101,96,101
1788230400,19.12,19.12,19.1,19.1,19.26611047548213,,,0,0,0,0,0,0,36.06214520466089,63.93785479533911,-78.54066505238985,-100,100,-1,0,43825,46.70210826591976,58.385565802927445,46.70210826591976,58.385565802927445,32.56490253451533,37.88815073059273,32.56490253451533,37.88815073059273,96,101,96,101,-1,4,-1,4,-1,4,-1,4,96,101,96,101
1788230520,19.12,19.14,19.12,19.14,19.261771236779712,,,0,0,0,0,0,0,39.85178684608259,60.14821315391741,-60.626402102450015,-62.244277901559656,100,-1,0,23300,44.25910053263976,56.367499335743496,44.25910053263976,56.367499335743496,29.341345029584573,33.61474788008865,29.341345029584573,33.61474788008865,96,101,96,101,-1,4,-1,4,-1,4,-1,4,96,101,96,101
1788230520.001,19.12,19.12,19.1,19.1,19.258321392867476,,,0,0,0,0,0,0,38.700371601799326,61.299628398200674,-61.5373791578929,-63.71423009538641,100,-1,0,5000,41.09773620887978,54.18610460333439,41.09773620887978,54.18610460333439,25.506867168215468,29.56080752415206,25.506867168215468,29.56080752415206,96,101,96,101,-1,4,-1,4,-1,4,-1,4,96,101,96,101
1788230640,19.1,19.1,19.080000000000002,19.080000000000002,19.25507217289007,,,0,0,0,0,0,0,37.14341160489035,62.85658839510965,-63.48434420116112,-66.45068394528437,100,-1,0,10475,38.162183622531224,51.89697303464823,38.162183622531224,51.89697303464823,22.19916345510902,25.879985489630542,22.19916345510902,25.879985489630542,96,101,96,101,-1,4,-1,4,-1,4,-1,4,96,101,96,101
1788230640.001,19.1,19.12,19.1,19.12,19.25208687319782,,,0,0,0,0,0,0,37.68457505651484,62.31542494348516,-54.49189969297722,-54.28762095428762,100,-1,0,10950,36.27664949823276,49.66549824373173,36.27664949823276,49.66549824373173,20.372392205219498,23.12618884742502,20.372392205219498,23.12618884742502,96,101,96,101,-1,4,-1,4,-1,4,-1,4,96,101,96,101
1788230760,19.1,19.1,19.080000000000002,19.080000000000002,19.249136601736765,,,0,0,0,0,0,0,36.13328871253047,63.86671128746953,-56.891757629605465,-57.16742222916993,100,-1,0,10075,33.685460248358986,47.38263567296419,33.685460248358986,47.38263567296419,17.79818491539819,20.462186881411604,17.79818491539819,20.462186881411604,96,101,96,101,-1,4,-1,4,-1,4,-1,4,96,101,96,101
1788230880,19.1,19.12,19.07,19.12,19.244175057628528,,,0,0,0,0,0,0,41.806063774176685,58.193936225823315,-17.665819093781955,-15.390795363250314,59.833968674219356,-1,0,57900,32.29976410817009,45.22793973513647,32.29976410817009,45.22793973513647,16.724974825443397,18.5935808534275,16.724974825443397,18.5935808534275,96,101,96,101,-1,4,-1,4,-1,4,-1,4,96,101,96,101
1788231000,19.12,19.14,19.09,19.14,19.238866578444146,,,0,0,0,0,0,0,45.26570246240833,54.73429753759167,2.367981688439761,3.7065415190115893,43.64471392447081,-1,0,43200,31.42120952901508,43.255549705690555,31.42120952901508,43.255549705690555,16.621406993237226,17.607493923332363,16.621406993237226,17.607493923332363,96,101,96,101,-1,4,-1,4,-1,4,-1,4,96,101,96,101
1788231240,19.12,19.15,19.1,19.1,19.232078338496468,,,0,0,0,0,0,0,40.42676491297604,59.57323508702396,-19.54688378660582,-16.413467714045748,61.57621090039094,-1,0,62831,29.789082317758922,41.33176865027175,29.789082317758922,41.33176865027175,16.042838647264574,16.82516628529847,16.042838647264574,16.82516628529847,96,101,96,101,-1,4,-1,4,-1,4,-1,4,96,101,96,101
1788231360,19.12,19.14,19.12,19.14,19.225906098964444,,,0,0,0,0,0,0,41.23777903488065,58.76222096511935,-10.357230290714474,-8.939706536752254,51.578162096480035,-1,0,22218,29.089862152204713,39.5829248648336,29.089862152204713,39.5829248648336,16.281616799696202,16.553391542497337,16.281616799696202,16.553391542497337,96,101,96,101,-1,4,-1,4,-1,4,-1,4,96,101,96,101
1788231480,19.14,19.16,19.14,19.16,19.22029428842337,,,0,0,0,0,0,0,42.042080202148554,57.957919797851446,-1.6896879377044847,-2.318234863082476,42.404753680472176,-1,0,22396,28.8487495494962,38.04947124835683,28.8487495494962,38.04947124835683,17.302610318106964,16.92800093030215,17.302610318106964,16.92800093030215,96,101,96,101,-1,4,-1,4,-1,4,-1,4,96,101,96,101
1788231600,19.16,19.18,19.16,19.18,19.215201753536654,,,0,0,0,0,0,0,42.802903631268805,57.197096368731195,6.309291685662936,3.479244857937235,32.291170599446076,-1,1,22132,29.0330225408587,36.761407147285674,29.0330225408587,36.761407147285674,18.99407415021413,17.96103754025814,18.99407415021413,17.96103754025814,96,101,96,101,-1,4,-1,4,-1,4,-1,4,96,101,96,101
1788231720,19.18,19.2,19.18,19.2,19.210588040379697,,,0,0,0,0,0,0,43.47508981455893,56.52491018544107,13.50372624791416,8.464905784979496,21.137168717025347,-1,2,21275,29.612296441001412,35.740105617816496,29.612296441001412,35.740105617816496,21.260226822632493,19.610632181445318,21.260226822632493,19.610632181445318,96,101,96,101,-1,4,-1,4,-1,4,-1,4,96,101,96,101
1788232080,19.18,19.21,19.16,19.16,19.204877444193976,,,0,0,0,0,0,0,37.07176531179501,62.92823468820499,-13.941545608757108,-9.236045363488975,47.480563178984525,-1,1,80325,29.33386710337885,34.82492868718255,29.33386710337885,34.82492868718255,22.467949521440048,21.039290851442683,22.467949521440048,21.039290851442683,96,101,96,101,-1,4,-1,4,-1,4,-1,4,96,101,96,101
1788232320,19.18,19.2,19.18,19.2,19.199301994278223,,,0,0,0,0,0,0,40.758652201012666,59.241347798987334,7.821453902281089,4.585609279115247,3.9825710184296472,-1,3,71300,29.8916521061987,34.12017488989914,29.8916521061987,34.12017488989914,24.23783428368328,22.638562567562982,24.23783428368328,22.638562567562982,96,101,96,101,-1,4,-1,4,-1,4,-1,4,96,101,96,101
1788232440,19.18,19.18,19.16,19.16,19.1943689250526,,,0,0,0,0,0,0,39.359167041848735,60.640832958151265,-2.7784970540406757,-1.85844510093222,28.367819271163476,-1,1,37000,29.593268792490615,33.473474018840776,29.593268792490615,33.473474018840776,24.775286528871327,23.706924548217152,24.775286528871327,23.706924548217152,96,101,96,101,-1,4,-1,4,-1,4,-1,4,96,101,96,101
1788232560,19.18,19.2,19.15,19.2,19.190316264556202,,,0,0,0,0,0,0,41.42320809466385,58.57679190533615,3.820497365669905,1.9736304383014116,5.327272935412426,-1,3,23475,30.13252510323105,32.9961956023251,30.13252510323105,32.9961956023251,25.970653759440697,24.838789153828927,25.970653759440697,24.838789153828927,96,101,96,101,-1,4,-1,4,-1,4,-1,4,96,101,96,101
1788232560.001,19.18,19.18,19.16,19.16,19.186541169039113,,,0,0,0,0,0,0,40.4016125243504,59.5983874756496,2.297038119127266,1.171042108225597,21.707142043536283,-1,2,4950,29.81693657544923,32.54201574134284,29.81693657544923,32.54201574134284,26.260560365234824,25.549674759531875,26.260560365234824,25.549674759531875,96,101,96,101,-1,4,-1,4,-1,4,-1,4,96,101,96,101
1788232680,19.16,19.16,19.14,19.14,19.182616933437565,,,0,0,0,0,0,0,37.776054725763274,62.223945274236726,-9.541996931872482,-4.898043980910616,40.21890633032402,-1,1,40136,29.115726820059997,32.052545895445284,29.115726820059997,32.052545895445284,25.692725211017567,25.62119998527472,25.692725211017567,25.62119998527472,96,101,96,101,-1,4,-1,4,-1,4,-1,4,96,101,96,101
1788232800,19.14,19.14,19.12,19.12,19.17837623201927,,,0,0,0,0,0,0,35.28032771251078,64.71967228748922,-19.980649792710018,-10.405510630238908,58.23169625376936,-1,0,41128,28.056440210463887,31.48167365473365,28.056440210463887,31.48167365473365,24.533158405980405,25.077179195627565,24.533158405980405,25.077179195627565,96,101,96,101,-1,4,-1,4,-1,4,-1,4,96,101,96,101
1788232920,19.14,19.16,19.14,19.16,19.174365300088756,,,0,0,0,0,0,0,37.62996149531975,62.37003850468025,-11.05103159601484,-6.498660770070792,21.15449852368237,-1,2,26053,27.889143460736864,30.968455055591253,27.889143460736864,30.968455055591253,24.689135776554664,24.883157486091115,24.689135776554664,24.883157486091115,96,101,96,101,-1,4,-1,4,-1,4,-1,4,96,101,96,101
1788233160,19.16,19.18,19.16,19.18,19.17084381513291,,,0,0,0,0,0,0,41.18516064153202,58.81483935846798,3.000595605216646,-0.22317548290777459,4.35753682220707,-1,3,46100,28.141959744153603,30.564670011100162,28.141959744153603,30.564670011100162,25.715687808475437,25.299422647283276,25.715687808475437,25.299422647283276,96,101,96,101,-1,4,-1,4,-1,4,-1,4,96,101,96,101
1788233280,19.18,19.2,19.18,19.2,19.167964053735002,,,0,0,0,0,0,0,42.49471166041975,57.50528833958025,7.5636568197092995,1.8284850017653822,14.695506711362196,-1,4,16350,28.784880986918107,30.31041443621701,28.784880986918107,30.31041443621701,28.497044576576833,26.898233611930053,28.497044576576833,26.898233611930053,96,101,96,101,-1,4,-1,4,-1,4,-1,4,96,101,96,101
1788233280.001,19.18,19.18,19.16,19.16,19.165459917658488,,,0,0,0,0,0,0,42.570504791221865,57.429495208778135,5.7644530516085615,1.1477870680252567,8.186300653714337,-1,2,5375,28.565552753158638,30.06114848149439,28.565552753158638,30.06114848149439,30.02603820849437,28.46213591021221,30.02603820849437,28.46213591021221,96,101,96,101,-1,4,-1,4,-1,4,-1,4,96,101,96,101
1788238800,19.16,19.16,19.14,19.14,19.16323515963844,,,0,1,0,0,0,0,42.4023614970526,57.5976385029474,1.9712752014607406,-0.20095655812504046,18.51386937874238,-1,2,10866.666666666666,27.95372755650445,29.76008834935297,27.95372755650445,29.76008834935297,30.581324675603824,29.521730292908018,30.581324675603824,29.521730292908018,96,101,96,101,-1,4,-1,4,-1,4,-1,4,96,101,96,101
1788238800.001,19.14,19.14,19.12,19.12,19.161212390553708,,,0,0,0,0,0,0,42.23554122869913,57.76445877130087,-1.8988949803796502,-1.5142041658879672,32.61394360300268,-1,1,10866.666666666666,26.977440894305165,29.36256728434614,26.977440894305165,29.36256728434614,30.15814223895291,29.83993626593046,30.15814223895291,29.83993626593046,96,101,96,101,-1,4,-1,4,-1,4,-1,4,96,101,96,101
1788238800.002,19.12,19.12,19.1,19.1,19.158750422081972,,,0,0,0,0,0,0,43.09589642122487,56.90410357877513,-5.83037209259982,-2.79333882335787,45.17422654957461,-1,0,10866.666666666666,25.66272572838543,28.83401849063747,25.66272572838543,28.83401849063747,28.706979061959903,29.27345766394518,28.706979061959903,29.27345766394518,96,101,96,101,-1,4,-1,4,-1,4,-1,4,96,101,96,101
1788238920,19.12,19.14,19.12,19.14,19.15642094478969,,,0,0,0,0,0,0,45.30865392302481,54.69134607697519,3.5860193095065087,0.08178970750884605,14.36587814165984,-1,2,24075,25.25824531921504,28.323193751862835,25.25824531921504,28.323193751862835,29.526616973743508,29.400037318844344,29.526616973743508,29.400037318844344,96,101,96,101,-1,4,-1,4,-1,4,-1,4,96,101,96,101
1788239040,19.14,19.16,19.14,19.16,19.154501980169048,,,0,0,0,0,0,0,46.77215381231045,53.22784618768955,10.126157283283915,2.1173535584377676,5.712255476664561,-1,3,17900,25.290819633148647,27.889997449189384,25.290819633148647,27.889997449189384,31.81646534257387,30.60825133070911,31.81646534257387,30.60825133070911,96,101,96,101,-1,4,-1,4,-1,4,-1,4,96,101,96,101
1788239160,19.16,19.18,19.16,19.18,19.15271816274028,,,0,0,0,0,0,0,49.43629394449876,50.56370605550124,16.10630592566265,3.9859602743640976,16.15952760996866,-1,4,17100,25.72923047567883,27.581316452973592,25.72923047567883,27.581316452973592,37.67941927322657,34.14383530196784,37.67941927322657,34.14383530196784,96,101,96,101,-1,4,-1,4,-1,4,-1,4,96,101,96,101
1788239160.001,19.16,19.16,19.14,19.14,19.15124967693579,,,0,1,0,0,0,0,49.572450335637264,50.427549664362736,13.010498017197452,3.2482619182746815,18.090764439211473,-1,2,6400,25.319999727416054,27.25827120646537,25.319999727416054,27.25827120646537,40.25582876480635,37.199832033387096,40.25582876480635,37.199832033387096,96,101,96,101,-1,4,-1,4,-1,4,-1,4,96,101,96,101
1788239760,19.14,19.17,19.12,19.12,19.149288961745786,,,0,0,0,0,0,0,43.21221793349169,56.78778206650831,-32.526640321693584,-11.240792445278776,47.87017364642759,-1,1,147266,24.531836481580225,26.86878053148178,24.531836481580225,26.86878053148178,41.03560832901767,39.11772018120239,41.03560832901767,39.11772018120239,96,101,96,101,-1,4,-1,4,-1,4,-1,4,96,101,96,101
1788240000,19.12,19.12,19.1,19.1,19.147291210948385,,,0,0,0,0,0,0,42.08926223322775,57.91073776677225,-42.42270517796745,-15.821475533544508,69.88427885782771,-1,1,57105,23.39180734514084,26.372070076290218,23.39180734514084,26.372070076290218,39.05092958813797,39.08432488467018,39.05092958813797,39.08432488467018,96,101,96,101,-1,4,-1,4,-1,4,-1,4,96,101,96,101
1788240480,19.1,19.1,19.080000000000002,19.080000000000002,19.14417935558061,,,0,0,0,0,0,0,38.49464516411661,61.50535483588339,-60.318200859306415,-26.434101731165804,85.86046103869948,-1,0,159626,21.92504559599816,25.736780864819927,21.92504559599816,25.736780864819927,35.308960055138726,37.196642469904454,35.308960055138726,37.196642469904454,96,101,96,101,-1,4,-1,4,-1,4,-1,4,96,101,96,101
1788240600,19.1,19.12,19.1,19.12,19.141873080580222,,,0,0,0,0,0,0,42.98953805774705,57.01046194225295,-41.43359692048991,-20.500992862530317,53.3025684237165,-1,2,62341,21.379379073835036,25.114294894679226,21.379379073835036,25.114294894679226,34.55053719011905,35.87358983001175,34.55053719011905,35.87358983001175,96,101,96,101,-1,4,-1,4,-1,4,-1,4,96,101,96,101
1788241080,19.12,19.14,19.09,19.14,19.140119162463016,,,0,0,0,0,0,0,44.63882607356883,55.36117392643117,-25.775885049985416,-15.302585429816768,24.7346514050393,-1,2,59894.5,21.280851997132533,24.566660195029698,21.280851997132533,24.566660195029698,35.32903187724497,35.60131085362836,35.32903187724497,35.60131085362836,96,101,96,101,-1,4,-1,4,-1,4,-1,4,96,101,96,101
1788241080.001,19.14,19.16,19.14,19.16,19.13904600256403,,,0,0,0,0,0,0,47.32021766175751,52.67978233824249,-12.121916216655206,-10.534147269399167,14.50628849304465,-1,3,59894.5,21.597525834072034,24.142498143464316,21.597525834072034,24.142498143464316,38.64937426212838,37.12534255787837,38.64937426212838,37.12534255787837,96,101,96,101,-1,4,-1,4,-1,4,-1,4,96,101,96,101
1788241200,19.14,19.17,19.12,19.12,19.138227985190934,,,0,1,0,0,0,0,46.5850411173476,53.4149588826524,-17.284353291473494,-12.427014514303094,31.18375767648623,-1,2,31304,21.07525358061792,23.704320348771976,21.07525358061792,23.704320348771976,39.65864732672227,38.391994942300315,39.65864732672227,38.391994942300315,96,101,96,101,-1,4,-1,4,-1,4,-1,4,96,101,96,101
1788241800,19.12,19.15,19.1,19.1,19.136811630478395,,,0,0,0,0,0,0,41.416354493604665,58.583645506395335,-37.0221323979405,-20.576927792080422,61.42218819163145,-1,1,151825,20.1821232228187,23.20114933077865,20.1821232228187,23.20114933077865,38.48292219841503,38.43745857035768,38.48292219841503,38.43745857035768,96,101,96,101,-1,4,-1,4,-1,4,-1,4,96,101,96,101
1788242520,19.1,19.1,19.080000000000002,19.080000000000002,19.134075721604706,,,0,0,0,0,0,0,35.54240037071362,64.45759962928638,-56.28752411342859,-31.31045816601063,88.30064310889483,-1,1,254925,18.944624625270453,22.59307437284891,18.944624625270453,22.59307437284891,34.82209657823336,36.62977757429552,34.82209657823336,36.62977757429552,96,101,96,101,-1,4,-1,4,-1,4,-1,4,96,101,96,101
1788242520.001,19.080000000000002,19.080000000000002,19.060000000000002,19.060000000000002,19.13189094026457,,,0,0,0,0,0,0,33.09337779895188,66.90662220104812,-56.89631525541958,-31.697895388832514,89.0187372332995,-1,0,10700,17.59143715203685,21.87855476987576,17.59143715203685,21.87855476987576,30.609416114676133,33.61959684448583,30.609416114676133,33.61959684448583,96,101,96,101,-1,4,-1,4,-1,4,-1,4,96,101,96,101
1788242880,19.06,19.06,19.04,19.04,19.12947734480778,,,0,0,0,0,0,0,30.280886262924668,69.71911373707533,-60.12221799422765,-33.67333410117608,90.20400046070564,-1,0,56500,16.33490592689136,21.086604935163702,16.33490592689136,21.086604935163702,26.908911291571357,30.264254068028592,26.908911291571357,30.264254068028592,96,101,96,101,-1,4,-1,4,-1,4,-1,4,96,101,96,101
1788243000,19.04,19.04,19.02,19.02,19.127361831191877,,,0,0,0,0,0,0,30.86687356846581,69.1331264315342,-61.829658311280355,-34.69954264259346,90.81972558555607,-1,0,30700,15.168126932113406,20.24110807758509,15.168126932113406,20.24110807758509,23.66628486645959,26.96526946724409,23.66628486645959,26.96526946724409,96,101,96,101,-1,4,-1,4,-1,4,-1,4,96,101,96,101
1788243120,19.02,19.02,19,19,19.12535980858799,,,0,0,0,0,0,0,29.59590148744327,70.40409851255673,-62.8803353968024,-35.30113473229555,91.18068083937733,-1,0,18450,14.084689294105305,19.361619679945118,14.084689294105305,19.361619679945118,20.829604715468705,23.897437091356398,20.829604715468705,23.897437091356398,96,101,96,101,-1,4,-1,4,-1,4,-1,4,96,101,96,101
1788243720,19,19,18.98,18.98,19.121595171055084,,,0,0,0,0,0,0,26.68541168217503,73.31458831782497,-68.95152561091045,-38.93426649228848,93.36055989537309,-1,0,119150,13.078640058812068,18.464051162640395,13.078640058812068,18.464051162640395,18.350841308911008,21.124139200133705,18.350841308911008,21.124139200133705,96,101,96,101,-1,4,-1,4,-1,4,-1,4,96,101,96,101
1788243840,19,19.02,19,19.02,19.11803536361957,,,0,0,0,0,0,0,27.384007551590955,72.61599244840905,-59.55548714407477,-36.42668888040447,91.85601332824268,-1,0,39000,12.824723592026157,17.658432938266934,12.824723592026157,17.658432938266934,17.716870190246702,19.420504695190203,17.716870190246702,19.420504695190203,96,101,96,101,-1,4,-1,4,-1,4,-1,4,96,101,96,101
1788244080,19.02,19.04,19.02,19.04,19.114799666790667,,,0,0,0,0,0,0,27.587514181516653,72.41248581848335,-53.245509625049635,-34.789250482950976,90.87355028977058,-1,0,26250,12.953968074128795,16.98636652910434,12.953968074128795,16.98636652910434,18.415702399093416,18.91810354714181,18.415702399093416,18.91810354714181,96,101,96,101,-1,4,-1,4,-1,4,-1,4,96,101,96,101
1788244080.001,19.04,19.06,19.04,19.06,19.1115494352841,,,0,0,0,0,0,0,29.9794378437799,70.02056215622011,-46.856945704472714,-33.190652073238226,85.96119944488578,-1,1,26250,13.42241286325894,16.477230291126425,13.42241286325894,16.477230291126425,20.460212445976143,19.689157996558976,20.460212445976143,19.689157996558976,96,101,96,101,-1,4,-1,4,-1,4,-1,4,96,101,96,101
1788244440,19.04,19.04,19.02,19.02,19.107507445719715,,,0,0,0,0,0,0,26.065475084450796,73.9345249155492,-51.60798762358132,-34.845044667937124,90.90702680076228,-1,0,56200,13.257319880962651,16.01724308967446,13.257319880962651,16.01724308967446,20.654208070576857,20.171683033567916,20.654208070576857,20.171683033567916,96,101,96,101,-1,4,-1,4,-1,4,-1,4,96,101,96,101
1788244800,19.04,19.06,19.04,19.06,19.103731181336297,,,0,0,0,0,0,0,29.792912200140144,70.20708779985986,-34.04543692787334,-30.53838935335267,70.77917369632878,-1,1,74875,13.991040729801417,15.727785609692594,13.991040729801417,15.727785609692594,22.37893159296195,21.275307313264932,22.37893159296195,21.275307313264932,96,101,96,101,-1,4,-1,4,-1,4,-1,4,96,101,96,101
1788244920,19.06,19.08,19.06,19.08,19.100423229378617,,,0,0,0,0,0,0,30.215087594502656,69.78491240549735,-26.70833303383749,-28.670948211526536,48.20565740912582,-1,2,34025,15.223823534815553,15.655791027567302,15.223823534815553,15.655791027567302,25.15596733942188,23.215637326343405,25.15596733942188,23.215637326343405,96,101,96,101,-1,4,-1,4,-1,4,-1,4,96,101,96,101
1788245280,19.06,19.06,19.04,19.04,19.097410369089207,,,0,0,0,0,0,0,29.192608835958843,70.80739116404115,-34.4145743766585,-30.60820304111746,79.01366645066557,-1,0,66400,15.564978996614409,15.642817880288318,15.564978996614409,15.642817880288318,25.977842135089,24.5967397307162,25.977842135089,24.5967397307162,96,101,96,101,-1,4,-1,4,-1,4,-1,4,96,101,96,101
1788245400,19.06,19.08,19.06,19.08,19.094771967207173,,,0,0,0,0,0,0,31.423220293354515,68.57677970664548,-25.52137819230821,-28.47081070207202,43.17864397858812,-1,2,40675,17.004215190733724,15.837303210351946,17.004215190733724,15.837303210351946,28.240747804102206,26.418743767409204,28.240747804102206,26.418743767409204,96,101,96,101,-1,4,-1,4,-1,4,-1,4,96,101,96,101
1788312600,19.06,19.06,19.04,19.04,19.092521393581862,,,0,0,0,0,0,0,32.08306879523637,67.91693120476363,-26.020354748434,-28.579129201511876,71.01160324087235,-1,1,3769.5652173913045,17.376929978697156,16.05724989154412,17.376929978697156,16.05724989154412,28.621939676243564,27.520341721826384,28.621939676243564,27.520341721826384,96,101,96,101,-1,4,-1,4,-1,4,-1,4,96,101,96,101
1788312600.001,19.04,19.04,19.02,19.02,19.090491787446027,,,0,0,0,0,0,0,31.00703039091341,68.99296960908659,-26.56156326033238,-28.687120137984202,73.14921003898995,-1,0,3769.5652173913045,17.19392175270554,16.219631585995753,17.19392175270554,16.219631585995753,27.64997426794893,27.58515799488766,27.64997426794893,27.58515799488766,96,101,96,101,-1,4,-1,4,-1,4,-1,4,96,101,96,101
1788312600.002,19.02,19.02,19,19,19.088295176852178,,,0,0,0,0,0,0,29.083713491710217,70.91628650828979,-27.147819682092262,-28.794784995106802,73.56556280631943,-1,0,3769.5652173913045,16.58690249707749,16.27209885900743,16.58690249707749,16.27209885900743,25.51815976213797,26.551658878512814,25.51815976213797,26.551658878512814,96,101,96,101,-1,4,-1,4,-1,4,-1,4,96,101,96,101
1788312600.003,19,19,18.98,18.98,19.086282291677897,,,0,0,0,0,0,0,28.338002241914058,71.66199775808595,-27.781984905307862,-28.902125247551442,74.01046609171559,-1,0,3769.5652173913045,15.40212374728624,16.147816700190116,15.40212374728624,16.147816700190116,22.44413693897534,24.49789790874408,22.44413693897534,24.49789790874408,96,101,96,101,-1,4,-1,4,-1,4,-1,4,96,101,96,101
1788312600.004,18.98,18.98,18.96,18.96,19.084601233592487,,,0,0,0,0,0,0,28.36475950888157,71.63524049111842,-28.466935714333296,-29.009142361111117,74.48564684526664,-1,0,3769.5652173913045,14.301972051051507,15.884124607456028,14.301972051051507,15.884124607456028,19.75731218145956,22.12760504510182,19.75731218145956,22.12760504510182,96,101,96,101,-1,4,-1,4,-1,4,-1,4,96,101,96,101
1788312600.005,18.96,18.96,18.94,18.94,19.083137714128284,,,0,0,0,0,0,0,28.483652580363245,71.51634741963676,-29.20552985172283,-29.115837792766797,74.99282058669378,-1,0,3769.5652173913045,13.280402618833543,15.512164323367102,13.280402618833543,15.512164323367102,17.41102948887005,19.769317266985936,17.41102948887005,19.769317266985936,96,101,96,101,-1,4,-1,4,-1,4,-1,4,96,101,96,101
1788312600.006,18.94,18.94,18.92,18.92,19.081860785486853,,,0,0,0,0,0,0,28.603546546080395,71.3964534539196,-30.00056485032469,-29.222212990753544,75.53366670464695,-1,0,3769.5652173913045,12.331802431774005,15.057826910282374,12.331802431774005,15.057826910282374,15.363300001449009,17.56630863421747,15.363300001449009,17.56630863421747,96,101,96,101,-1,4,-1,4,-1,4,-1,4,96,101,96,101
1788312600.007,18.92,18.92,18.900000000000002,18.900000000000002,19.080746597733768,,,0,0,0,0,0,0,28.724454098410696,71.27554590158931,-30.85473043828101,-29.328269394626016,76.10979989974422,-1,0,3769.5652173913045,11.450959400933003,14.542560123232464,11.450959400933003,14.542560123232464,13.576706123690945,15.571507378954209,13.576706123690945,15.571507378954209,96,101,96,101,-1,4,-1,4,-1,4,-1,4,96,101,96,101
1788312600.008,18.900000000000002,18.900000000000002,18.880000000000003,18.880000000000003,19.079576896828772,,,0,0,0,0,0,0,27.62464269694682,72.37535730305318,-31.77055452618832,-29.434008435323445,76.72273777690705,-1,0,3769.5652173913045,10.633033729437788,13.984056352690368,10.633033729437788,13.984056352690368,12.018129058401893,13.794818218678051,12.018129058401893,13.794818218678051,96,101,96,101,-1,4,-1,4,-1,4,-1,4,96,101,96,101
1788312600.009,18.88,18.88,18.86,18.86,19.07835294287129,,,0,0,0,0,0,0,26.77355858163323,73.22644141836676,-32.750343046004545,-29.539431535233973,77.3738647487431,-1,0,3769.5652173913045,9.873531320192232,13.396838490904921,9.873531320192232,13.396838490904921,10.658396335773013,12.226607277225533,10.658396335773013,12.226607277225533,96,101,96,101,-1,4,-1,4,-1,4,-1,4,96,101,96,101
1788312600.01,18.86,18.86,18.84,18.84,19.07703400657757,,,0,0,0,0,0,0,25.944059302808814,74.05594069719119,-33.79611422989376,-29.644540108258422,78.0643926028913,-1,0,3769.5652173913045,9.168279083035644,12.792758575495025,9.168279083035644,12.792758575495025,9.482088634125745,10.854347955675639,9.482088634125745,10.854347955675639,96,101,96,101,-1,4,-1,4,-1,4,-1,4,96,101,96,101
1788312600.011,18.84,18.84,18.82,18.82,19.075819315264575,,,0,0,0,0,0,0,25.98596311113251,74.0140368888675,-34.90952829052896,-29.7493355598735,78.79531831024147,-1,0,3769.5652173913045,8.513402005675955,12.181421922663729,8.513402005675955,12.181421922663729,8.454035155781359,9.654191555728499,8.454035155781359,9.654191555728499,96,101,96,101,-1,4,-1,4,-1,4,-1,4,96,101,96,101
1788312600.012,18.82,18.82,18.8,18.8,19.073654117342564,,,0,0,0,0,0,0,28.496842683395602,71.5031573166044,-36.09181388302968,-29.853819287194494,79.5673799021345,-1,0,3769.5652173913045,7.905301862413387,11.57054762834225,7.905301862413387,11.57054762834225,7.555196156692867,8.604693856210684,7.555196156692867,8.604693856210684,96,101,96,101,-1,4,-1,4,-1,4,-1,4,96,101,96,101
1788312600.013,18.8,18.8,18.78,18.78,19.071502022999,,,0,0,0,0,0,0,29.558398145424945,70.44160185457505,-37.343693176275536,-29.9579926790373,80.3810115131877,-1,0,3769.5652173913045,7.340637443669573,10.966274744817582,7.340637443669573,10.966274744817582,6.768922713062718,7.686808284636701,6.768922713062718,7.686808284636701,96,101,96,101,-1,4,-1,4,-1,4,-1,4,96,101,96,101
1788312600.014,18.78,18.78,18.76,18.76,19.069182931410793,,,0,0,0,0,0,0,33.169071085813165,66.83092891418684,-38.6653078135892,-30.06185711597998,81.23629895774151,-1,0,3769.5652173913045,6.816306197693175,10.373422095228381,6.816306197693175,10.373422095228381,6.0806793986530305,6.883743841644866,6.0806793986530305,6.883743841644866,96,101,96,101,-1,4,-1,4,-1,4,-1,4,96,101,96,101
1788312600.015,18.76,18.76,18.740000000000002,18.740000000000002,19.066487574959226,,,0,0,0,0,0,0,29.64386737143487,70.35613262856513,-40.056148467627835,-30.165413970423753,82.13293746283094,-1,0,3769.5652173913045,6.329427183572234,9.79570853642036,6.329427183572234,9.79570853642036,5.477791644028268,6.180767742836567,5.477791644028268,6.180767742836567,96,101,96,101,-1,4,-1,4,-1,4,-1,4,96,101,96,101
1788312600.016,18.740000000000002,18.740000000000002,18.720000000000002,18.720000000000002,19.063197300378963,,,0,0,0,0,0,0,25.91869761502286,74.08130238497714,-41.51499105272323,-30.268664606653456,83.070193395626,-1,0,3769.5652173913045,5.877325241888502,9.23593949434438,5.877325241888502,9.23593949434438,4.949218234563885,5.564992988700226,4.949218234563885,5.564992988700226,96,101,96,101,-1,4,-1,4,-1,4,-1,4,96,101,96,101
1788312600.017,18.72,18.72,18.7,18.7,19.059066995548175,,,0,0,0,0,0,0,21.815139529195296,78.18486047080471,-43.03984290604893,-30.37161038089743,84.0468719721678,-1,0,3769.5652173913045,5.457516296039323,8.696164751729373,5.457516296039323,8.696164751729373,4.485348152422511,5.025170570561368,4.485348152422511,5.025170570561368,96,101,96,101,-1,4,-1,4,-1,4,-1,4,96,101,96,101
1788312600.018,18.7,18.7,18.68,18.68,19.055084390902486,,,0,0,0,0,0,0,22.37257942003926,77.62742057996074,-44.627902341826456,-30.47425264138691,85.06129298992802,-1,0,3769.5652173913045,5.067693703465086,8.177811744834475,5.067693703465086,8.177811744834475,4.087745224872872,4.55645789771712,4.087745224872872,4.55645789771712,96,101,96,101,-1,4,-1,4,-1,4,-1,4,96,101,96,101
1788312600.019,18.68,18.68,18.66,18.66,19.049506989372997,,,0,0,0,0,0,0,25.93622972827584,74.06377027172417,-46.27553487889349,-30.576592728414898,86.11127656438504,-1,0,3769.5652173913045,4.705715581789009,7.6817980072565515,4.705715581789009,7.6817980072565515,3.763521881059835,4.159989889388478,3.763521881059835,4.159989889388478,96,101,96,101,-1,4,-1,4,-1,4,-1,4,96,101,96,101
1788312600.02,18.66,18.66,18.64,18.64,19.04051059194792,,,0,0,0,0,0,0,35.53917916127859,64.46082083872142,-47.9782691093539,-30.67863197439447,87.19414065024901,-1,0,3769.5652173913045,4.369593040232651,7.208625869110279,4.369593040232651,7.208625869110279,3.485616157791518,3.822803023589998,3.485616157791518,3.822803023589998,96,101,96,101,-1,4,-1,4,-1,4,-1,4,96,101,96,101
1788312600.021,18.64,18.64,18.62,18.62,19.032847493910516,,,0,0,0,0,0,0,35.906024513795636,64.09397548620436,-49.73081459827992,-30.780371703916646,88.30671178131794,-1,0,3769.5652173913045,4.0574792516446045,6.7584620666151825,4.0574792516446045,6.7584620666151825,3.2361181973616477,3.529460610475823,3.2361181973616477,3.529460610475823,96,101,96,101,-1,4,-1,4,-1,4,-1,4,96,101,96,101
1788312600.022,18.62,18.62,18.6,18.6,19.02564808539138,,,0,0,0,0,0,0,38.96633935426511,61.03366064573489,-51.52710338616657,-30.88181323380767,88.5290879402846,-1,0,3769.5652173913045,3.7676593050985616,6.331204529255666,3.7676593050985616,6.331204529255666,3.0119108358338744,3.2706857231548487,3.0119108358338744,3.2706857231548487,96,101,96,101,-1,4,-1,4,-1,4,-1,4,96,101,96,101
1788312600.023,18.6,18.6,18.580000000000002,18.580000000000002,19.01924276328022,,,0,0,0,0,0,0,40.746218203329605,59.253781796670395,-53.316063065446684,-30.980424127723623,88.58825447663418,-1,0,3675,3.498540783305807,5.926538279834257,3.498540783305807,5.926538279834257,2.810209287857583,3.040447505506216,2.810209287857583,3.040447505506216,96,101,96,101,-1,4,-1,4,-1,4,-1,4,96,101,96,101
1788312600.024,18.580000000000002,18.580000000000002,18.560000000000002,18.560000000000002,19.013619874028354,,,0,0,0,0,0,0,41.78981581798476,58.21018418201524,-55.13735328838262,-31.07875404624841,88.64725242774904,-1,0,3675,3.248645013069678,5.543982098867888,3.248645013069678,5.543982098867888,2.62853103794384,2.834489271725028,2.62853103794384,2.834489271725028,96,101,96,101,-1,4,-1,4,-1,4,-1,4,96,101,96,101
1788312600.025,18.56,18.56,18.54,18.54,19.009242996950533,,,0,0,0,0,0,0,52.24859124403979,47.75140875596021,-56.98339088143042,-31.17680418856278,88.70608251313766,-1,0,3675,3.0165989407075577,5.182927361987842,3.0165989407075577,5.182927361987842,2.464666815592145,2.6495780436585865,2.464666815592145,2.6495780436585865,96,101,96,101,-1,4,-1,4,-1,4,-1,4,96,101,96,101
1788312600.026,18.54,18.54,18.52,18.52,19.00439997378654,,,0,0,0,0,0,0,47.42709616851484,52.57290383148516,-58.84615864459073,-31.27457574703316,88.7647454482199,-1,0,3675,2.801127587799875,4.842670251389561,2.801127587799875,4.842670251389561,2.316653188874878,2.4831156162667325,2.316653188874878,2.4831156162667325,96,101,96,101,-1,4,-1,4,-1,4,-1,4,96,101,96,101
1788312720,18.52,18.52,18.5,18.5,18.994003868336424,,,0,0,0,0,0,0,41.57848063848646,58.42151936151354,-68.31308117245072,-31.881530297515308,89.12891817850918,-1,0,23050,2.6010470458141697,4.5224383648787905,2.6010470458141697,4.5224383648787905,2.1827470682966723,2.3329313422817024,2.1827470682966723,2.3329313422817024,96,101,96,101,-1,4,-1,4,-1,4,-1,4,96,101,96,101
1788312720.001,18.52,18.54,18.52,18.54,18.983517592819624,,,0,0,0,0,0,0,38.32230682811126,61.67769317188874,-61.360330814229144,-31.68349672421217,89.0100980345273,-1,0,3925,2.8234212364192715,4.279721632241716,2.8234212364192715,4.279721632241716,2.6591033984414856,2.496017370361594,2.6591033984414856,2.496017370361594,96,101,96,101,-1,4,-1,4,-1,4,-1,4,96,101,96,101
1788312720.002,18.54,18.56,18.54,18.56,18.971768518643408,,,0,0,0,0,0,0,45.20134950829074,54.79865049170926,-54.34691784053791,-31.486056994422828,88.8916341966537,-1,0,3925,3.252000391801075,4.132904312178767,3.252000391801075,4.132904312178767,3.5600196617183117,3.028018516039953,3.5600196617183117,3.028018516039953,96,101,96,101,-1,4,-1,4,-1,4,-1,4,96,101,96,101
1788312840,18.56,18.58,18.56,18.58,18.950161494602206,,,0,0,0,0,0,0,34.77443609022545,65.22556390977455,-25.091042242980304,-30.52870686386048,73.37184946410447,-1,0,19200,3.860050783983333,4.093925236722277,3.860050783983333,4.093925236722277,4.824844439108292,3.9264314775741225,4.824844439108292,3.9264314775741225,96,101,96,101,-1,4,-1,4,-1,4,-1,4,96,101,96,101
1788312840.001,18.56,18.56,18.54,18.54,18.92660626487678,,,0,0,0,0,0,0,25.907330368670102,74.0926696313299,-27.330258713244206,-30.603379942894243,74.76018319368306,-1,0,2837.5,4.004500938068548,4.081150336914601,4.004500938068548,4.081150336914601,5.3178469576593725,4.6221392176167475,5.3178469576593725,4.6221392176167475,96,101,96,101,-1,4,-1,4,-1,4,-1,4,96,101,96,101
1788312840.002,18.54,18.54,18.52,18.52,18.892646980900864,,,0,0,0,0,0,0,34.230477634571486,65.76952236542851,-29.643697527513986,-30.677892665575634,76.19295411585377,-1,0,2837.5,3.928549190391379,4.05935017312557,3.928549190391379,4.05935017312557,5.247809707550368,4.934974462583558,5.247809707550368,4.934974462583558,96,101,96,101,-1,4,-1,4,-1,4,-1,4,96,101,96,101
1788312960,18.54,18.56,18.51,18.56,18.84697722118982,,,0,0,0,0,0,0,21.77143733148158,78.22856266851842,-16.47064360440448,-30.226282548397098,68.01815569168095,-1,0,9164.5,4.278190634775174,4.090613096218371,4.278190634775174,4.090613096218371,5.671591994226833,5.303283228405196,5.671591994226833,5.303283228405196,96,101,96,101,-1,4,-1,4,-1,4,-1,4,96,101,96,101
1788312960.001,18.56,18.58,18.56,18.58,18.80846462893781,,,0,0,0,0,0,0,26.42393766715635,73.57606233284365,-4.761395197102536,-29.777783122460576,60.723506991737864,-1,0,9164.5,4.812941723887854,4.193802900171154,4.812941723887854,4.193802900171154,6.766126471242028,6.034704849823612,6.766126471242028,6.034704849823612,96,101,96,101,-1,4,-1,4,-1,4,-1,4,96,101,96,101
1788312960.002,18.56,18.56,18.54,18.54,18.77643628369276,,,0,0,0,0,0,0,26.681987689212587,73.31801231078741,-7.12461975714577,-29.833385444451128,62.174803120958146,-1,0,2108.6666666666665,4.889328239408461,4.2931636629193415,4.889328239408461,4.2931636629193415,7.11821829403168,6.576461571927646,7.11821829403168,6.576461571927646,96,101,96,101,-1,4,-1,4,-1,4,-1,4,96,101,96,101
1788312960.003,18.54,18.54,18.52,18.52,18.74945416312648,,,0,0,0,0,0,0,26.945127530103658,73.05487246989634,-9.592306575488177,-29.88889978368279,63.68872381550258,-1,0,2108.6666666666665,4.753310124226828,4.358898871677554,4.753310124226828,4.358898871677554,6.901329966312831,6.738895769120239,6.901329966312831,6.738895769120239,96,101,96,101,-1,4,-1,4,-1,4,-1,4,96,101,96,101
1788312960.004,18.52,18.52,18.5,18.5,18.726399892723805,,,0,0,0,0,0,0,27.213509278307374,72.78649072169263,-12.159605271702773,-29.944326348820766,65.26235897231412,-1,0,2108.6666666666665,4.41378797249634,4.366740171794524,4.41378797249634,4.366740171794524,6.15352092350621,6.446208346313224,6.15352092350621,6.446208346313224,96,101,96,101,-1,4,-1,4,-1,4,-1,4,96,101,96,101
1788313080,18.5,18.5,18.48,18.48,18.70242869351424,,,0,0,0,0,0,0,24.343889566328,75.656110433672,-34.78907057299252,-30.55423828842158,79.20598531684847,-1,0,23426,4.098517403032315,4.3284226333999225,4.098517403032315,4.3284226333999225,5.512541743957677,5.97937504513545,5.512541743957677,5.97937504513545,96,101,96,101,-1,4,-1,4,-1,4,-1,4,96,101,96,101
1788313080.001,18.5,18.52,18.5,18.52,18.681842927277994,,,0,0,0,0,0,0,26.565213922358446,73.43478607764155,-28.161298309448018,-30.34714628514481,75.10506675675569,-1,0,4275,4.219844834906809,4.312911519329478,4.219844834906809,4.312911519329478,5.718824600410928,5.849099822773189,5.718824600410928,5.849099822773189,96,101,96,101,-1,4,-1,4,-1,4,-1,4,96,101,96,101
1788313080.002,18.52,18.54,18.52,18.54,18.66409151567434,,,0,0,0,0,0,0,28.774557269712727,71.22544273028727,-21.58494142166118,-30.140710241817747,71.03539099808735,-1,0,4275,4.539545359121525,4.345287782156913,4.539545359121525,4.345287782156913,6.590161345806751,6.21963058428997,6.590161345806751,6.21963058428997,96,101,96,101,-1,4,-1,4,-1,4,-1,4,96,101,96,101
1788313200,18.52,18.52,18.5,18.5,18.64544061875463,,,0,0,0,0,0,0,24.56057499095089,75.4394250090491,-46.81361351325933,-31.058279517057453,86.72313581819006,-1,0,35926,4.422331456658388,4.35629402137141,4.422331456658388,4.35629402137141,6.601090677358119,6.410360630824044,6.601090677358119,6.410360630824044,96,101,96,101,-1,4,-1,4,-1,4,-1,4,96,101,96,101
1788313200.001,18.52,18.54,18.52,18.54,18.629531935625817,,,0,0,0,0,0,0,27.295317195175556,72.70468280482444,-37.540624739855424,-30.73116864740441,80.9630760323559,-1,0,6844,4.727568650747992,4.409333254139493,4.727568650747992,4.409333254139493,7.515220580592666,6.962790605708355,7.515220580592666,6.962790605708355,96,101,96,101,-1,4,-1,4,-1,4,-1,4,96,101,96,101
1788313200.002,18.54,18.56,18.54,18.56,18.616003266400735,,,0,0,0,0,0,0,29.955563345827713,70.04443665417229,-28.605403554922304,-30.4056865969181,75.40665409110424,-1,0,6844,5.2180425255910245,4.524863150061139,5.2180425255910245,4.524863150061139,9.148384557801208,8.055587581754782,9.148384557801208,8.055587581754782,96,101,96,101,-1,4,-1,4,-1,4,-1,4,96,101,96,101
1788313320,18.54,18.54,18.52,18.52,18.60366850573336,,,0,0,0,0,0,0,28.010497513405546,71.98950248659446,-40.65394478041132,-30.89449219828032,82.92906218721498,-1,0,19444,5.271764434743896,4.631563333587247,5.271764434743896,4.631563333587247,9.74623438287716,8.90091098231597,9.74623438287716,8.90091098231597,96,101,96,101,-1,4,-1,4,-1,4,-1,4,96,101,96,101
1788313320.001,18.52,18.52,18.5,18.5,18.592212372325804,,,0,0,0,0,0,0,26.30262330948177,73.69737669051823,-49.94579820197904,-31.376479298430915,88.79336650024597,-1,0,19444,5.1256245788059625,4.702143511475635,5.1256245788059625,4.702143511475635,9.53038577355852,9.215648377937246,9.53038577355852,9.215648377937246,96,101,96,101,-1,4,-1,4,-1,4,-1,4,96,101,96,101
1788313440,18.5,18.5,18.48,18.48,18.581260800090018,,,0,0,0,0,0,0,24.549733466838003,75.450266533162,-58.147788596643046,-31.916810827873864,89.15008649672431,-1,0,22125,4.759508537462679,4.71033851518807,4.759508537462679,4.71033851518807,8.526044948764406,8.870846663350825,8.526044948764406,8.870846663350825,96,101,96,101,-1,4,-1,4,-1,4,-1,4,96,101,96,101
1788313440.001,18.48,18.48,18.46,18.46,18.57067904980415,,,0,0,0,0,0,0,23.01588241231286,76.98411758768714,-64.53948876049559,-32.44869985007372,89.46921991004423,-1,0,22125,4.41954364192963,4.668796390436865,4.41954364192963,4.668796390436865,7.665181384655325,8.268014024003076,7.665181384655325,8.268014024003076,96,101,96,101,-1,4,-1,4,-1,4,-1,4,96,101,96,101
1788313560,18.46,18.46,18.44,18.44,18.56123460539646,,,0,0,0,0,0,0,22.66682033515008,77.33317966484992,-66.64027011896297,-32.6459478126257,89.58756868757541,-1,0,8293.75,4.103861953220371,4.588091470834509,4.103861953220371,4.588091470834509,6.9272983297045245,7.5976561768538,6.9272983297045245,7.5976561768538,96,101,96,101,-1,4,-1,4,-1,4,-1,4,96,101,96,101
1788313560.001,18.44,18.44,18.42,18.42,18.55264461322917,,,0,0,0,0,0,0,22.32818792827976,77.67181207172024,-68.68122460448093,-32.842047211560754,89.70522832693645,-1,0,8293.75,3.8107289565617735,4.47703968308126,3.8107289565617735,4.47703968308126,6.294827139746696,6.946241658300248,6.294827139746696,6.946241658300248,96,101,96,101,-1,4,-1,4,-1,4,-1,4,96,101,96,101
1788313560.002,18.42,18.42,18.400000000000002,18.400000000000002,18.54469040605254,,,0,0,0,0,0,0,21.99952462814848,78.00047537185152,-70.65602166830163,-33.03700804978618,89.82220482987171,-1,0,8293.75,3.5385340310930755,4.342967447082948,3.5385340310930755,4.342967447082948,5.752708976925703,6.349475317612976,5.752708976925703,6.349475317612976,96,101,96,101,-1,4,-1,4,-1,4,-1,4,96,101,96,101
1788313560.003,18.400000000000002,18.400000000000002,18.380000000000003,18.380000000000003,18.53720316218907,,,0,0,0,0,0,0,21.680396595187762,78.31960340481224,-72.55931339409946,-33.23084021439097,89.93850412863458,-1,0,8293.75,3.2857816003007128,4.191940897542628,3.2857816003007128,4.191940897542628,5.28803626593644,5.8187557917747075,5.28803626593644,5.8187557917747075,96,101,96,101,-1,4,-1,4,-1,4,-1,4,96,101,96,101
1788313560.004,18.400000000000002,18.42,18.400000000000002,18.42,18.530476669279754,,,0,0,0,0,0,0,23.697733458918147,76.30226654108185,-62.65935001780779,-32.902669212354695,89.74160152741281,-1,0,7075,3.4592461798710636,4.087270223589547,3.4592461798710636,4.087270223589547,6.056412037469345,5.937583914622026,6.056412037469345,5.937583914622026,96,101,96,101,-1,4,-1,4,-1,4,-1,4,96,101,96,101
1788313920,18.400000000000002,18.43,18.380000000000003,18.380000000000003,18.52257093688576,,,0,0,0,0,0,0,22.032494859153783,77.96750514084621,-70.03436415393242,-33.541079984491454,90.12464799069487,-1,0,27591.666666666668,3.2121571670231304,3.962254072651487,3.2121571670231304,3.962254072651487,5.905496032116554,5.92153997336929,5.905496032116554,5.92153997336929,96,101,96,101,-1,4,-1,4,-1,4,-1,4,96,101,96,101
1788313920.001,18.38,18.38,18.36,18.36,18.513807344389612,,,0,0,0,0,0,0,20.585923029808065,79.41407697019193,-75.3826536275933,-34.167456687033784,90.50047401222027,-1,0,27591.666666666668,2.9827173693786206,3.8223202578982205,2.9827173693786206,3.8223202578982205,5.470017007120265,5.695778490244777,5.470017007120265,5.695778490244777,96,101,96,101,-1,4,-1,4,-1,4,-1,4,96,101,96,101
1788313920.002,18.36,18.36,18.34,18.34,18.50442488807733,,,0,0,0,0,0,0,19.3176010504431,80.6823989495569,-79.4225921660781,-34.782136406997736,90.86928184419864,-1,0,27591.666666666668,2.7696661287087188,3.6719410965854347,2.7696661287087188,3.6719410965854347,5.09674927140916,5.396263880826968,5.09674927140916,5.396263880826968,96,101,96,101,-1,4,-1,4,-1,4,-1,4,96,101,96,101
1788314040,18.36,18.38,18.36,18.38,18.49575350940821,,,0,0,0,0,0,0,23.89086589633346,76.10913410366655,-56.80179543793661,-33.783878651037796,90.27032719062268,-1,0,22050,2.957933219901332,3.5699399713448483,2.957933219901332,3.5699399713448483,6.126883990878172,5.76157393585257,6.126883990878172,5.76157393585257,96,101,96,101,-1,4,-1,4,-1,4,-1,4,96,101,96,101
1788314280,18.36,18.36,18.34,18.34,18.488014622735463,,,0,0,0,0,0,0,23.445520303358812,76.55447969664118,-59.68400384822162,-34.03572963423456,90.42143778054074,-1,0,11366.666666666666,2.7466522756226652,3.4523274433845366,2.7466522756226652,3.4523274433845366,5.727805325514567,5.744689630683569,5.727805325514567,5.744689630683569,96,101,96,101,-1,4,-1,4,-1,4,-1,4,96,101,96,101
1788314280.001,18.34,18.34,18.32,18.32,18.48095607300231,,,0,0,0,0,0,0,23.01647410006272,76.98352589993728,-62.44058740446533,-34.28567206161079,90.57140323696647,-1,0,11366.666666666666,2.5504628273639036,3.323489641095875,2.5504628273639036,3.323489641095875,5.349107861430219,5.546898746056893,5.349107861430219,5.546898746056893,96,101,96,101,-1,4,-1,4,-1,4,-1,4,96,101,96,101
1788314280.002,18.32,18.32,18.3,18.3,18.47438416214833,,,0,0,0,0,0,0,22.602848544887006,77.39715145511299,-65.0678966134373,-34.53372754615805,90.72023652769482,-1,0,11366.666666666666,2.368286911123625,3.1870321082426964,2.368286911123625,3.1870321082426964,4.993112860817697,5.270005803437295,4.993112860817697,5.270005803437295,96,101,96,101,-1,4,-1,4,-1,4,-1,4,96,101,96,101
1788314400,18.3,18.3,18.28,18.28,18.4682518605174,,,0,0,0,0,0,0,22.264722398666994,77.73527760133301,-67.31893342406863,-34.75419407110861,90.85251644266516,-1,0,10175,2.19912356032908,3.0459023156836085,2.19912356032908,3.0459023156836085,4.6607634045103685,4.965384603973831,4.6607634045103685,4.965384603973831,96,101,96,101,-1,4,-1,4,-1,4,-1,4,96,101,96,101
1788314400.001,18.28,18.28,18.26,18.26,18.461834153540785,,,0,0,0,0,0,0,22.944598738713527,77.05540126128648,-69.48217082499517,-34.97318067821337,90.98390840692802,-1,0,10175,2.04204330601986,2.9024938857316442,2.04204330601986,2.9024938857316442,4.352082918151709,4.65873376106277,4.352082918151709,4.65873376106277,96,101,96,101,-1,4,-1,4,-1,4,-1,4,96,101,96,101
1788314400.002,18.26,18.26,18.240000000000002,18.240000000000002,18.455583912693804,,,0,0,0,0,0,0,21.69214481528829,78.30785518471171,-71.55341270347398,-35.19070221891423,91.11442133134854,-1,0,10175,1.8961830698755846,2.7587351977522068,1.8961830698755846,2.7587351977522068,4.066491240768808,4.362612500915789,4.066491240768808,4.362612500915789,96,101,96,101,-1,4,-1,4,-1,4,-1,4,96,101,96,101
1788314400.003,18.26,18.28,18.26,18.28,18.449792689352858,,,0,0,0,0,0,0,22.529525465424914,77.47047453457509,-61.42651476307708,-34.81176327111889,90.88705796267134,-1,0,8550,2.146841808127707,2.6713218563772783,2.146841808127707,2.6713218563772783,4.830101735785044,4.596357118350417,4.830101735785044,4.596357118350417,96,101,96,101,-1,4,-1,4,-1,4,-1,4,96,101,96,101
1788314640,18.26,18.29,18.240000000000002,18.240000000000002,18.439478935467257,,,0,0,0,0,0,0,16.944373459691004,83.05562654030899,-71.80212770897201,-35.83100067833633,91.4986004070018,-1,0,48450,1.9934959646900139,2.5744895861362402,1.9934959646900139,2.5744895861362402,4.728322496219093,4.662339807284755,4.728322496219093,4.662339807284755,96,101,96,101,-1,4,-1,4,-1,4,-1,4,96,101,96,101
1788315120,18.26,18.28,18.26,18.28,18.425717744515357,,,0,0,0,0,0,0,33.96105963182989,66.0389403681701,-0.017635873859486735,-30.8676506389519,58.531171907686826,-1,0,117525,2.2592666610896983,2.52945773970102,2.2592666610896983,2.52945773970102,5.397385669028146,5.02986273815645,5.397385669028146,5.02986273815645,96,101,96,101,-1,4,-1,4,-1,4,-1,4,96,101,96,101
1788315240,18.28,18.3,18.28,18.3,18.41410456534514,,,0,0,0,0,0,0,37.03521012926546,62.96478987073454,9.366401128271363,-29.79920179057461,63.49936175130758,-1,0,26475,2.7281425718521857,2.5578412871511866,2.7281425718521857,2.5578412871511866,6.811204523032535,5.920533630594493,6.811204523032535,5.920533630594493,96,101,96,101,-1,4,-1,4,-1,4,-1,4,96,101,96,101
1788315360,18.3,18.32,18.3,18.32,18.40397309404369,,,0,0,0,0,0,0,38.65405893799261,61.34594106200739,17.414843653534277,-28.80617230529315,67.73260957529646,-1,0,25000,3.3990761110921626,2.6780176905713264,3.3990761110921626,2.6780176905713264,8.86338538949007,7.391959510042281,8.86338538949007,7.391959510042281,96,101,96,101,-1,4,-1,4,-1,4,-1,4,96,101,96,101
1788315600,18.32,18.34,18.29,18.34,18.395052839709095,,,0,0,0,0,0,0,41.384012510006144,58.615987489993856,28.054867448198006,-27.331310911638685,73.231707015902,-1,0,37850,4.272356388871275,2.9057803617570337,4.272356388871275,2.9057803617570337,11.43647319099146,9.41421635051687,11.43647319099146,9.41421635051687,96,101,96,101,-1,4,-1,4,-1,4,-1,4,96,101,96,101
1788315600.001,18.32,18.32,18.3,18.3,18.387865997089868,,,0,0,0,0,0,0,41.16424982614385,58.83575017385615,25.44796953353646,-27.45311459012229,71.74065047419525,-1,0,5550,4.658432315011794,3.1561592122219997,4.658432315011794,3.1561592122219997,12.83840559227833,11.1263109713976,12.83840559227833,11.1263109713976,96,101,96,101,-1,4,-1,4,-1,4,-1,4,96,101,96,101
1788316200,18.3,18.33,18.28,18.28,18.3799362655459,,,0,0,0,0,0,0,36.266152719171814,63.733847280828186,-7.87115700754994,-29.36520806994493,62.34181904649692,-1,0,89633.5,4.801877625844276,3.3912618427394676,4.801877625844276,3.3912618427394676,13.415061936238525,12.270686453818062,13.415061936238525,12.270686453818062,96,101,96,101,-1,4,-1,4,-1,4,-1,4,96,101,96,101
1788316200.001,18.28,18.28,18.26,18.26,18.3714537721684,,,0,0,0,0,0,0,32.40974614108942,67.59025385891059,-28.701746053130968,-31.17909710135589,75.9285058926921,-1,0,89633.5,4.705191785574606,3.5789661202873444,4.705191785574606,3.5789661202873444,12.748624516775832,12.509655485296946,12.748624516775832,12.509655485296946,96,101,96,101,-1,4,-1,4,-1,4,-1,4,96,101,96,101
1788316440,18.28,18.3,18.25,18.3,18.363498914971423,,,0,0,0,0,0,0,36.99657085027662,63.00342914972338,-14.08671634855503,-29.466654696575905,66.13202262707856,-1,0,46167.5,5.134412780482529,3.8011727860295137,5.134412780482529,3.8011727860295137,12.980963871522135,12.74530967840954,12.980963871522135,12.74530967840954,96,101,96,101,-1,4,-1,4,-1,4,-1,4,96,101,96,101
1788316440.001,18.3,18.32,18.3,18.32,18.356933583462304,,,0,0,0,0,0,0,39.96974301842116,60.03025698157884,-1.4182495089363205,-27.798345409684195,44.71895384058844,-1,1,46167.5,5.8258700686491,4.090415254975168,5.8258700686491,4.090415254975168,14.340826175590397,13.543067926999969,14.340826175590397,13.543067926999969,96,101,96,101,-1,4,-1,4,-1,4,-1,4,96,101,96,101
1788316560,18.32,18.34,18.32,18.34,18.351682258369514,,,0,0,0,0,0,0,42.632214087406034,57.367785912593966,9.473412662179554,-26.196566650175672,30.013349590980347,-1,2,45475,6.783362865943367,4.4751220565420535,6.783362865943367,4.4751220565420535,16.39927957907747,14.97117375303872,16.39927957907747,14.97117375303872,96,101,96,101,-1,4,-1,4,-1,4,-1,4,96,101,96,101
1788316560.001,18.34,18.36,18.34,18.36,18.34646729151891,,,0,0,0,0,0,0,47.0440436536605,52.9559563463395,19.03771889445658,-24.63444311064296,18.095906407254247,-1,3,45475,8.013122661233089,4.980550714355059,8.013122661233089,4.980550714355059,19.056525353494948,17.013849553266834,19.056525353494948,17.013849553266834,96,101,96,101,-1,4,-1,4,-1,4,-1,4,96,101,96,101
1788316800,18.36,18.38,18.33,18.38,18.34316836099642,,,0,0,0,0,0,0,51.61841455828365,48.38158544171635,34.93106399996629,-21.474178789876632,30.45711628174561,-1,4,95575,9.5240900901926,5.629627768046136,9.5240900901926,5.629627768046136,21.959164588709907,19.48650707098837,21.959164588709907,19.48650707098837,96,101,96,101,-1,4,-1,4,-1,4,-1,4,96,101,96,101
1788317040,18.38,18.4,18.38,18.4,18.341048118106194,,,0,0,0,0,0,0,53.75811824255169,46.24188175744831,42.050271216037466,-19.74673480382674,38.53910180595926,-1,5,54375,11.32826999058253,6.443719514122764,11.32826999058253,6.443719514122764,26.060236314132247,22.77337169256031,26.060236314132247,22.77337169256031,96,101,96,101,-1,4,-1,4,-1,4,-1,4,96,101,96,101
1788317040.001,18.400000000000002,18.42,18.400000000000002,18.42,18.338841819303994,,,0,0,0,0,0,0,55.21543736448415,44.78456263551585,43.42763408425764,-19.403232620362733,38.84926001138611,-1,5,11000,13.441185770475997,7.443357550744655,13.441185770475997,7.443357550744655,31.112855616195095,26.943113654377704,31.112855616195095,26.943113654377704,96,101,96,101,-1,4,-1,4,-1,4,-1,4,96,101,96,101
1788317040.002,18.400000000000002,18.400000000000002,18.380000000000003,18.380000000000003,18.33654895367012,,,0,0,0,0,0,0,55.65617874712152,44.34382125287848,39.77325392808096,-19.63376897593655,33.79474374556467,-1,4,11000,14.862053453537255,8.503171251143598,14.862053453537255,8.503171251143598,34.80003008860702,30.871571871492364,34.80003008860702,30.871571871492364,96,101,96,101,-1,4,-1,4,-1,4,-1,4,96,101,96,101
1788317280,18.38,18.41,18.36,18.36,18.33435317214995,,,0,0,0,0,0,0,54.5854726766685,45.4145273233315,26.008031040191682,-20.519887309745226,23.34683065302799,-1,3,42875,15.943335349713127,9.56605183665353,15.943335349713127,9.56605183665353,37.80478769499636,34.33817978324436,37.80478769499636,34.33817978324436,96,101,96,101,-1,4,-1,4,-1,4,-1,4,96,101,96,101
1788317280.001,18.36,18.36,18.34,18.34,18.332164582162516,,,0,0,0,0,0,0,53.5551852363938,46.4448147636062,13.6917188221908,-21.38667806206937,13.395653037637908,-1,3,42875,16.68422492999674,10.582933707131133,16.68422492999674,10.582933707131133,39.41709075155516,36.877635267399754,39.41709075155516,36.877635267399754,96,101,96,101,-1,4,-1,4,-1,4,-1,4,96,101,96,101
1788317400,18.34,18.34,18.32,18.32,18.330247362693193,,,0,0,0,0,0,0,52.63090850132291,47.36909149867709,6.3322716762438045,-21.934726105768902,24.482739529379042,-1,2,27600,17.079796165155674,11.511056915420353,17.079796165155674,11.511056915420353,40.07179207276165,38.4747136700807,40.07179207276165,38.4747136700807,96,101,96,101,-1,4,-1,4,-1,4,-1,4,96,101,96,101
1788317400.001,18.34,18.36,18.34,18.36,18.32864214279299,,,0,0,0,0,0,0,53.28592110171195,46.71407889828805,7.8127772565941305,-21.74330146889154,20.349770481472678,-1,4,6225,18.380819128148705,12.492451517238688,18.380819128148705,12.492451517238688,42.76830297966034,40.62150832487052,42.76830297966034,40.62150832487052,96,101,96,101,-1,4,-1,4,-1,4,-1,4,96,101,96,101
1788317520,18.34,18.34,18.32,18.32,18.327259479242322,,,0,0,0,0,0,0,53.0776561297429,46.9223438702571,4.1265440021582585,-21.99265443411242,20.97589619402417,-1,2,12675,18.748575745045628,13.386183549782535,18.748575745045628,13.386183549782535,43.27508676452105,41.948297544695784,43.27508676452105,41.948297544695784,96,101,96,101,-1,4,-1,4,-1,4,-1,4,96,101,96,101
1788317520.001,18.32,18.32,18.3,18.3,18.32603269059829,,,0,0,0,0,0,0,52.860444021155374,47.139555978844626,0.2877492612112008,-22.244807445105167,32.56682392829285,-1,2,12900,18.669895964937314,14.14099960909036,18.669895964937314,14.14099960909036,42.20571346733373,42.07700550601476,42.20571346733373,42.07700550601476,96,101,96,101,-1,4,-1,4,-1,4,-1,4,96,101,96,101
1788317880,18.3,18.3,18.28,18.28,18.323959047318855,,,0,0,0,0,0,0,46.91697138105445,53.08302861894555,-29.528034404744524,-24.781439057699735,64.79232812798848,-1,1,134584,18.176668101895565,14.717523679491105,18.176668101895565,14.717523679491105,39.785348385534085,40.931176945774425,39.785348385534085,40.931176945774425,96,101,96,101,-1,4,-1,4,-1,4,-1,4,96,101,96,101
1788318720,18.3,18.32,18.27,18.32,18.32216961322693,,,0,0,0,0,0,0,54.9168328532562,45.0831671467438,11.199670101465212,-19.322182404836223,19.89609872478436,-1,2,188746,18.559006934953427,15.266307001700008,18.559006934953427,15.266307001700008,39.33982242569581,40.13549968573511,39.33982242569581,40.13549968573511,96,101,96,101,-1,4,-1,4,-1,4,-1,4,96,101,96,101
1788318960,18.32,18.34,18.32,18.34,18.320771693501147,,,0,0,0,0,0,0,57.50656682370076,42.49343317629924,18.495693390544055,-17.98619753884381,17.968715308970864,-1,3,48850,19.334203918591186,15.847435132684463,19.334203918591186,15.847435132684463,41.021435095040765,40.57846739038794,41.021435095040765,40.57846739038794,96,101,96,101,-1,4,-1,4,-1,4,-1,4,96,101,96,101
1788319080,18.34,18.36,18.34,18.36,18.31988811967559,,,0,0,0,0,0,0,59.92236347546282,40.07763652453718,24.795162968836188,-16.774422590293494,27.143608793617645,-1,4,45275,20.474197756338846,16.508401221777945,20.474197756338846,16.508401221777945,44.05011897035228,42.314293180370115,44.05011897035228,42.314293180370115,96,101,96,101,-1,4,-1,4,-1,4,-1,4,96,101,96,101
1788319440,18.36,18.38,18.33,18.38,18.319900913385297,,,0,0,0,0,1,0,61.919815980965176,38.080184019034824,36.511589162195776,100,91.90695349731746,1,5,98275,21.952931530045703,17.286191265816196,21.952931530045703,17.286191265816196,47.757244831730354,45.03576900605023,47.757244831730354,45.03576900605023,96,101,96,101,-1,4,-1,4,-1,4,-1,4,96,101,96,101
1788325200,18.36,18.36,18.34,18.34,18.31994679352993,,,0,0,0,0,0,0,61.420603509275615,38.579396490724385,31.072347065290206,61.01109451500067,63.22026559460792,1,3,23797.333333333332,22.485705328319728,18.028978989030986,22.485705328319728,18.028978989030986,49.50620985576865,47.27098943090944,49.50620985576865,47.27098943090944,96,101,96,101,-1,4,-1,4,-1,4,-1,4,96,101,96,101
1788325200.001,18.34,18.34,18.32,18.32,18.319982287253115,,,0,0,0,0,0,0,60.929376201664034,39.070623798335966,25.568792579319844,34.74357245851891,36.200312183822504,1,3,23797.333333333332,22.56025578806158,18.676304246035354,22.56025578806158,18.676304246035354,49.418021146214485,48.34450528856196,49.418021146214485,48.34450528856196,96,101,96,101,-1,4,-1,4,-1,4,-1,4,96,101,96,101
1788325200.002,18.32,18.32,18.3,18.3,18.319974442101955,,,0,0,0,0,0,0,60.44594398796451,39.55405601203549,20.025126635981458,15.844566120695244,18.04053955361236,1,2,23797.333333333332,22.209313147737838,19.181019803421425,22.209313147737838,19.181019803421425,47.755129236437654,48.04981726249981,47.755129236437654,48.04981726249981,96,101,96,101,-1,4,-1,4,-1,4,-1,4,96,101,96,101
1788325320,18.32,18.34,18.32,18.34,18.320084237812328,,,0,0,0,0,0,0,61.35629992585321,38.64370007414679,23.274430079336327,25.01608291167659,43.45764818636221,1,3,20752.5,22.855076494327967,19.705885044979503,22.855076494327967,19.705885044979503,48.23455521853377,48.14218624051679,48.23455521853377,48.14218624051679,96,101,96,101,-1,4,-1,4,-1,4,-1,4,96,101,96,101
1788325320.001,18.34,18.36,18.34,18.36,18.320370554739696,,,0,0,0,0,0,0,62.25452717945102,37.74547282054898,26.55675270059758,32.38497528081374,64.22411902542312,1,4,20752.5,23.901142459018796,20.305207532699402,23.901142459018796,20.305207532699402,50.232793361917714,49.187489801217254,50.232793361917714,49.187489801217254,96,101,96,101,-1,4,-1,4,-1,4,-1,4,96,101,96,101
1788325440,18.34,18.34,18.32,18.32,18.320705065810458,,,0,0,0,0,0,0,61.9424458628421,38.0575541371579,21.547379089937717,21.893898764753843,13.288521437253696,1,2,18175,23.979632283374574,20.83012535422443,23.979632283374574,20.83012535422443,50.04080700862797,49.61414840492262,50.04080700862797,49.61414840492262,96,101,96,101,-1,4,-1,4,-1,4,-1,4,96,101,96,101
1788325440.001,18.34,18.36,18.34,18.36,18.321056023789534,,,0,0,0,0,0,0,61.92216445852174,38.07783554147826,22.968321423266392,24.43102000869026,56.67097369169011,1,4,7700,24.945372834562075,21.41801785141552,24.945372834562075,21.41801785141552,51.78100918199846,50.697578793460536,51.78100918199846,50.697578793460536,96,101,96,101,-1,4,-1,4,-1,4,-1,4,96,101,96,101
1788325440.002,18.34,18.34,18.32,18.32,18.321896478553047,,,0,0,0,0,0,0,63.54566242068543,36.45433757931457,20.56624176802558,20.516288248681292,13.010616446689127,1,2,7700,24.949274774950478,21.922483126206227,24.949274774950478,21.922483126206227,50.93834400473836,50.817961399099445,50.93834400473836,50.817961399099445,96,101,96,101,-1,4,-1,4,-1,4,-1,4,96,101,96,101
1788325560,18.32,18.32,18.3,18.3,18.32315404022255,,,0,0,0,0,0,0,58.544593578998295,41.455406421001705,5.920250283549259,0.22528262265670393,10.22887046936786,1,2,49550,24.506469433882568,22.291624027302845,24.506469433882568,22.291624027302845,48.53538729817904,49.67667434863924,48.53538729817904,49.67667434863924,96,101,96,101,-1,4,-1,4,-1,4,-1,4,96,101,96,101
1788325560.001,18.32,18.34,18.32,18.34,18.32428070916217,,,1,0,0,0,0,0,58.38921234067814,41.61078765932186,10.945563184625621,6.848506766659687,22.03641012319659,1,3,20925,24.988150188605214,22.67684205034604,24.988150188605214,22.67684205034604,48.49251684381732,49.08459559622828,48.49251684381732,49.08459559622828,96,101,96,101,-1,4,-1,4,-1,4,-1,4,96,101,96,101
1788325680,18.32,18.35,18.3,18.3,18.324958407329273,,,0,0,0,0,0,0,55.57029335726682,44.42970664273318,-3.9257636080707425,-9.055561405924713,12.876600183141267,1,2,55125,24.542568032276254,22.943374333478925,24.542568032276254,22.943374333478925,46.943165698061854,48.01388064714507,46.943165698061854,48.01388064714507,96,101,96,101,-1,4,-1,4,-1,4,-1,4,96,101,96,101
1788325800,18.32,18.34,18.32,18.34,18.325491085327275,,,0,0,0,0,0,0,55.65833957567903,44.34166042432097,6.311039325847216,1.7784662825847466,15.273937724614445,1,3,40850,25.021670315685068,23.240273759508373,25.021670315685068,23.240273759508373,47.12775547228831,47.570818059716686,47.12775547228831,47.570818059716686,96,101,96,101,-1,4,-1,4,-1,4,-1,4,96,101,96,101
1788325800.001,18.32,18.32,18.3,18.3,18.32586876950577,,,0,0,0,0,0,0,55.32304375031598,44.67695624968402,2.3149415415366996,-1.7402247359845229,10.485739315135314,1,2,14725,24.662979578850404,23.44351744798581,24.662979578850404,23.44351744798581,45.26916855607899,46.41999330789784,45.26916855607899,46.41999330789784,96,101,96,101,-1,4,-1,4,-1,4,-1,4,96,101,96,101
1788325920,18.32,18.34,18.29,18.34,18.326892095242492,,,1,0,0,0,0,0,60.17114402639125,39.82885597360875,14.336086601473589,8.943742028211988,23.324404457441812,1,3,49975,25.452358588524323,23.730494753777027,25.452358588524323,23.730494753777027,45.18869909848785,45.80434620319285,45.18869909848785,45.80434620319285,96,101,96,101,-1,4,-1,4,-1,4,-1,4,96,101,96,101
1788325920.001,18.32,18.32,18.3,18.3,18.328630154677313,,,0,0,0,0,0,0,63.50546109640288,36.49453890359712,10.809359221047012,6.318710050507848,15.334815113824083,1,1,11750,25.282684623409924,23.952236163724585,25.282684623409924,23.952236163724585,43.6071202356786,44.70573321943573,43.6071202356786,44.70573321943573,96,101,96,101,-1,4,-1,4,-1,4,-1,4,96,101,96,101
1788326040,18.32,18.34,18.29,18.34,18.33026214240103,,,1,0,0,0,0,0,63.01688742569414,36.98311257430586,17.393044796116683,11.336892791224402,24.147108328349077,1,3,27600,26.452969055071076,24.309483719631224,26.452969055071076,24.309483719631224,42.71086496391501,43.70829909167537,42.71086496391501,43.70829909167537,96,101,96,101,-1,4,-1,4,-1,4,-1,4,96,101,96,101
1788326040.001,18.34,18.36,18.34,18.36,18.331758925379756,,,0,0,0,0,0,0,62.51505460583243,37.48494539416757,23.59679179149729,15.844796047505097,43.73153432240221,1,4,27600,28.459575161526974,24.902353925616328,28.459575161526974,24.902353925616328,44.41883663573663,44.063567863706,44.41883663573663,44.063567863706,96,101,96,101,-1,4,-1,4,-1,4,-1,4,96,101,96,101
1788326160,18.36,18.38,18.36,18.38,18.333163352767613,,,0,0,0,0,0,0,62.2918400414041,37.7081599585959,31.28386459445423,21.2656534912499,64.85753592428145,1,4,37375,31.42674836427496,25.834410273996134,31.42674836427496,25.834410273996134,47.78757425920272,45.92557106145436,47.78757425920272,45.92557106145436,96,101,96,101,-1,4,-1,4,-1,4,-1,4,96,101,96,101
1788326280,18.38,18.4,18.38,18.4,18.334285486127335,,,0,0,0,0,0,0,61.542986036890326,38.457013963109674,34.94175758346419,23.760554530594057,75.22138726843495,1,5,18987.5,35.197018217954515,27.17192569456162,35.197018217954515,27.17192569456162,52.579825555506915,49.25269830848064,52.579825555506915,49.25269830848064,96,101,96,101,-1,4,-1,4,-1,4,-1,4,96,101,96,101
1788326280.001,18.400000000000002,18.42,18.400000000000002,18.42,18.33472680211756,,,0,0,0,0,0,0,59.200176267939995,40.799823732060005,38.540525163515206,26.10219719603945,78.78563341573279,1,5,18987.5,39.44986278133378,28.925916706957643,39.44986278133378,28.925916706957643,58.59223142852983,53.92246486850523,58.59223142852983,53.92246486850523,96,101,96,101,-1,4,-1,4,-1,4,-1,4,96,101,96,101
1788326400,18.400000000000002,18.400000000000002,18.380000000000003,18.380000000000003,18.334627904455733,,,0,0,0,0,0,0,56.25890926171782,43.74109073828218,28.857129637195776,21.493593829629067,62.5202514206687,1,4,23450,41.89517333454687,30.778667653756106,41.89517333454687,30.778667653756106,61.46000789112119,57.691236379813205,61.46000789112119,57.691236379813205,96,101,96,101,-1,4,-1,4,-1,4,-1,4,96,101,96,101
1788326400.001,18.400000000000002,18.42,18.400000000000002,18.42,18.33448004149636,,,0,0,0,0,0,0,56.09600377178723,43.90399622821277,30.330470626349165,22.27490637975488,71.56322620366242,1,5,6450,45.66957824674096,32.905940595611085,45.66957824674096,32.905940595611085,66.20381628762777,61.94752633372049,66.20381628762777,61.94752633372049,96,101,96,101,-1,4,-1,4,-1,4,-1,4,96,101,96,101
1788326520,18.400000000000002,18.400000000000002,18.380000000000003,18.380000000000003,18.33435833337073,,,0,0,0,0,0,0,56.132760860413036,43.867239139586964,25.798566411768746,20.380314660404043,60.07215629802639,1,4,10200,47.96302107038648,35.05695209200757,47.96302107038648,35.05695209200757,67.9842234846337,64.9658749091771,67.9842234846337,64.9658749091771,96,101,96,101,-1,4,-1,4,-1,4,-1,4,96,101,96,101
1788326520.001,18.38,18.38,18.36,18.36,18.33410437527722,,,0,0,0,0,0,0,57.67635308741511,42.32364691258489,21.164082881181518,18.54353871445945,42.21408995863331,1,3,10200,49.29899575583498,37.09152975826863,49.29899575583498,37.09152975826863,67.60552489159056,66.28569990038383,67.60552489159056,66.28569990038383,96,101,96,101,-1,4,-1,4,-1,4,-1,4,96,101,96,101
1788326640,18.38,18.4,18.38,18.4,18.33396440577155,,,0,0,0,0,0,0,60.142732936313855,39.857267063686145,23.836471976607186,19.605627107083194,66.06525945021423,1,5,8831.5,52.1268452653387,39.23943197356436,52.1268452653387,39.23943197356436,69.56664038326792,67.92617014182588,69.56664038326792,67.92617014182588,96,101,96,101,-1,4,-1,4,-1,4,-1,4,96,101,96,101
1788326640.001,18.400000000000002,18.42,18.400000000000002,18.42,18.334077886397264,,,0,0,0,0,0,0,61.91471840692609,38.08528159307391,26.574361887286894,20.64037542264195,68.3288423859573,1,5,8831.5,55.54635631781451,41.56899259417152,55.54635631781451,41.56899259417152,73.15235842375355,70.53926428278972,73.15235842375355,70.53926428278972,96,101,96,101,-1,4,-1,4,-1,4,-1,4,96,101,96,101
1788326760,18.42,18.44,18.42,18.44,18.33445320830071,,,0,0,0,0,0,0,62.22391988877517,37.77608011122483,31.344718361568503,22.395513044791883,72.24413884381623,1,5,15518.5,58.72161658082776,44.01936744940813,58.72161658082776,44.01936744940813,76.31546688422581,73.42736558350776,76.31546688422581,73.42736558350776,96,101,96,101,-1,4,-1,4,-1,4,-1,4,96,101,96,101
1788326760.001,18.44,18.46,18.44,18.46,18.335157163213836,,,0,0,0,0,0,0,63.422049719751264,36.577950280248736,35.923939257341765,24.074696352606047,75.99918136596868,1,5,15518.5,61.67007253934006,46.54089674796984,61.67007253934006,46.54089674796984,79.09746785565227,76.26241671958002,79.09746785565227,76.26241671958002,96,101,96,101,-1,4,-1,4,-1,4,-1,4,96,101,96,101
1788326880,18.46,18.48,18.46,18.48,18.33651965104583,,,0,0,0,0,0,0,64.96143485090667,35.03856514909333,43.058034648592226,26.78012685273707,81.90289690079757,1,5,26500,64.40792450081577,49.09332928409068,64.40792450081577,49.09332928409068,81.5393261891986,78.90087145438932,81.5393261891986,78.90087145438932,96,101,96,101,-1,4,-1,4,-1,4,-1,4,96,101,96,101
1788327000,18.48,18.5,18.48,18.5,18.340519121344563,,,0,0,0,0,0,0,74.39217545225908,25.60782454774092,51.30587854281631,30.21899232008324,88.13139539204994,1,5,36650,66.95021560790035,51.64431304463492,66.95021560790035,51.64431304463492,83.67967089508954,81.29027117473943,83.67967089508954,81.29027117473943,96,101,96,101,-1,4,-1,4,-1,4,-1,4,96,101,96,101
1788327120,18.5,18.52,18.47,18.52,18.347820098238945,,,0,0,0,0,0,0,71.11216269123403,28.887837308765967,62.41954325711493,35.8142418655967,91.48854511935802,1,5,68025,69.31091449305032,54.168113251551404,69.31091449305032,54.168113251551404,85.14158126411407,83.21592621942675,85.14158126411407,83.21592621942675,96,101,96,101,-1,4,-1,4,-1,4,-1,4,96,101,96,101
1788327360,18.5,18.5,18.48,18.48,18.35545877719622,,,0,0,0,0,0,0,64.89120400345875,35.10879599654125,31.41527560176327,26.29768595095676,74.62777693163201,1,5,63925,70.48258386599572,56.49875191075773,70.48258386599572,56.49875191075773,85.27663487234622,84.24628054588649,85.27663487234622,84.24628054588649,96,101,96,101,-1,4,-1,4,-1,4,-1,4,96,101,96,101
1788327480,18.48,18.51,18.46,18.46,18.362175144712346,,,0,0,0,0,0,0,61.183818555071866,38.816181444928134,19.8777823115829,22.367637110143722,65.34725165303597,1,5,29300,71.06035848781238,58.57898142176554,71.06035848781238,58.57898142176554,84.52282989058274,84.38455521823462,84.52282989058274,84.38455521823462,96,101,96,101,-1,4,-1,4,-1,4,-1,4,96,101,96,101
1788327600,18.48,18.5,18.48,18.5,18.368470865394617,,,0,0,0,0,0,0,58.24723660340976,41.75276339659024,27.533023078067476,24.923098412463656,71.47367289431868,1,5,32050,72.59837520958241,60.58175196288223,72.59837520958241,60.58175196288223,84.99472375714554,84.68963948769007,84.99472375714554,84.68963948769007,96,101,96,101,-1,4,-1,4,-1,4,-1,4,96,101,96,101
1788327720,18.5,18.52,18.5,18.52,18.374101857323794,,,0,0,0,0,0,0,60.4680050396271,39.5319949603729,30.44675021992818,25.89540784775684,73.80529484061101,1,5,12775,74.55563412318368,62.57802084292529,74.55563412318368,62.57802084292529,86.64144023904406,85.66553986336706,86.64144023904406,85.66553986336706,96,101,96,101,-1,4,-1,4,-1,4,-1,4,96,101,96,101
1788327720.001,18.52,18.54,18.52,18.54,18.379425290508046,,,0,0,0,0,0,0,62.74614430882717,37.25385569117283,33.39268642717346,26.84285481241437,76.14132474375269,1,5,12775,76.37308882867056,64.5487448408889,76.37308882867056,64.5487448408889,88.09266306203781,86.87910146270244,88.09266306203781,86.87910146270244,96,101,96,101,-1,4,-1,4,-1,4,-1,4,96,101,96,101
1788327960,18.54,18.56,18.54,18.56,18.384718805034495,,,0,0,0,0,0,0,65.0755034918559,34.9244965081441,36.312838495068995,27.751911832341236,78.43885019644614,1,5,12572.333333333334,78.06072534090838,66.47902776946312,78.06072534090838,66.47902776946312,89.37043077275203,88.12476611772723,89.37043077275203,88.12476611772723,96,101,96,101,-1,4,-1,4,-1,4,-1,4,96,101,96,101
1788327960.001,18.56,18.58,18.56,18.58,18.38977791041682,,,0,0,0,0,0,0,64.73291971892661,35.26708028107339,39.24287769788861,28.638654094906492,80.72891907567707,1,5,12572.333333333334,79.62781638798636,68.35742614353786,79.62781638798636,68.35742614353786,90.49485199240819,89.30980905506772,90.49485199240819,89.30980905506772,96,101,96,101,-1,4,-1,4,-1,4,-1,4,96,101,96,101
1788327960.002,18.580000000000002,18.6,18.580000000000002,18.6,18.394629331239035,,,0,0,0,0,0,0,64.38354837225188,35.61645162774812,42.169528816412026,29.50389328333884,83.00405325985052,1,5,12572.333333333334,81.08297236027305,70.17536131735719,81.08297236027305,70.17536131735719,91.48406668473702,90.39693786990236,91.48406668473702,90.39693786990236,96,101,96,101,-1,4,-1,4,-1,4,-1,4,96,101,96,101
1788328080,18.580000000000002,18.580000000000002,18.560000000000002,18.560000000000002,18.40000733588377,,,0,0,0,0,0,0,63.51141645790551,36.48858354209449,26.441694141316376,25.919799555150476,71.41689621788011,1,5,29514,81.61786208964132,71.81000428482635,81.61786208964132,71.81000428482635,91.22597420903726,90.81145603946982,91.22597420903726,90.81145603946982,96,101,96,101,-1,4,-1,4,-1,4,-1,4,96,101,96,101
1788328200,18.56,18.56,18.54,18.54,18.405171865801144,,,0,0,0,0,0,0,61.14524653948449,38.85475346051551,13.565004193524716,22.75433118084555,61.791601224622156,1,5,27500,81.70638214446282,73.2237725504887,81.70638214446282,73.2237725504887,90.08309310083382,90.44727457015182,90.08309310083382,90.44727457015182,96,101,96,101,-1,4,-1,4,-1,4,-1,4,96,101,96,101
1788328320,18.54,18.54,18.52,18.52,18.410144051386833,,,0,0,0,0,0,0,59.53426326147525,40.46573673852475,0.8731458308659484,19.383543071527328,52.15401334143597,1,5,30887,81.28146740254228,74.37487181506778,81.28146740254228,74.37487181506778,88.18182173619847,89.31454815317514,88.18182173619847,89.31454815317514,96,101,96,101,-1,4,-1,4,-1,4,-1,4,96,101,96,101
1788328560,18.54,18.56,18.51,18.56,18.417500535998926,,,0,0,0,0,0,0,65.47878569498245,34.52121430501755,19.350341592040238,23.30821726065376,65.59513531161639,1,5,57562,81.7527045794169,75.42884792426051,81.7527045794169,75.42884792426051,87.38165365406866,88.3481009036219,87.38165365406866,88.3481009036219,96,101,96,101,-1,4,-1,4,-1,4,-1,4,96,101,96,101
1788328920,18.54,18.57,18.52,18.52,18.42583243004051,,,0,0,0,0,0,0,56.589558905921145,43.410441094078855,-17.102656565839933,11.650930789453742,57.252152413176205,1,5,123450,81.32448109214249,76.27108123395793,81.32448109214249,76.27108123395793,86.1427999062523,87.2454504049371,86.1427999062523,87.2454504049371,96,101,96,101,-1,4,-1,4,-1,4,-1,4,96,101,96,101
1788329280,18.52,18.52,18.5,18.5,18.434954127079806,,,0,0,0,0,0,0,55.32593784234579,44.67406215765421,-31.58015872113042,5.3767155713054,62.1741245754615,1,5,77750,80.49394456391585,76.87434742395192,80.49394456391585,76.87434742395192,83.88276858323923,85.56410949408817,83.88276858323923,85.56410949408817,96,101,96,101,-1,4,-1,4,-1,4,-1,4,96,101,96,101
1788329520,18.5,18.5,18.48,18.48,18.443324997697335,,,0,0,0,0,0,0,50.61736691404196,49.38263308595804,-39.68705714963633,1.3902169506188289,50.600438588669675,1,4,54400,79.28983164051924,77.21941659774724,79.28983164051924,77.21941659774724,81.02393989162435,83.29402469285625,81.02393989162435,83.29402469285625,96,101,96,101,-1,4,-1,4,-1,4,-1,4,96,101,96,101
1788329520.001,18.5,18.52,18.5,18.52,18.450464235991102,,,0,0,0,0,0,0,51.6974653055418,48.3025346944582,-37.31826337149258,1.8814996363767287,63.51985780472158,1,5,7200,79.03752764888038,77.47914674790913,79.03752764888038,77.47914674790913,79.67950608222178,81.48676538753901,79.67950608222178,81.48676538753901,96,101,96,101,-1,4,-1,4,-1,4,-1,4,96,101,96,101
1788329640,18.52,18.54,18.52,18.54,18.457941773172717,,,0,0,0,0,0,0,50.687513772311156,49.312486227688844,-27.69137724747626,3.818210553376341,58.90575268051156,1,5,29100,79.23614580383045,77.73014661304076,79.23614580383045,77.73014661304076,79.44879323176609,80.46777930965254,79.44879323176609,80.46777930965254,96,101,96,101,-1,4,-1,4,-1,4,-1,4,96,101,96,101
1788329760,18.52,18.52,18.5,18.5,18.464284202653875,,,0,0,0,0,0,0,50.62856256737458,49.37143743262542,-30.083839708979284,2.916810534232532,45.008136801854754,1,4,12912.5,78.55477608191181,77.84795082287948,78.55477608191181,77.84795082287948,78.14504857653675,79.30641394309464,78.14504857653675,79.30641394309464,96,101,96,101,-1,4,-1,4,-1,4,-1,4,96,101,96,101
1788329760.001,18.5,18.5,18.48,18.48,18.47011055872667,,,0,0,0,0,0,0,48.58116169385342,51.41883830614658,-32.53911264757499,2.030928563524355,27.73214706851355,1,3,12912.5,77.48917519294409,77.79669716146013,77.48917519294409,77.79669716146013,75.11333834032814,77.20987614171139,75.11333834032814,77.20987614171139,96,101,96,101,-1,4,-1,4,-1,4,-1,4,96,101,96,101
1788329880,18.48,18.48,18.46,18.46,18.475297390240517,,,0,0,0,0,0,0,45.97947080989849,54.02052919010151,-36.93502199734003,0.4703945511427789,16.635864374069314,1,2,23300,76.06678822028792,77.54956731272124,76.06678822028792,77.54956731272124,70.81143286313859,74.01065450242498,70.81143286313859,74.01065450242498,96,101,96,101,-1,4,-1,4,-1,4,-1,4,96,101,96,101
1788329880.001,18.46,18.46,18.44,18.44,18.480020191489576,,,0,0,0,0,0,0,42.781950997433995,57.218049002566005,-41.15308501619425,-1.0431227217654004,26.844017798528245,1,1,23300,74.31309988420676,77.08721482293345,74.31309988420676,77.08721482293345,65.93360912078548,69.97213181160524,65.93360912078548,69.97213181160524,96,101,96,101,-1,4,-1,4,-1,4,-1,4,96,101,96,101
1788330600,18.44,18.44,18.42,18.42,18.48002112869133,,,0,0,0,0,0,0,31.842270414906864,68.15772958509314,-69.35270566913903,-16.731062802825953,40.01931884084779,1,0,291400,72.25177456780241,76.39643764362901,72.25177456780241,76.39643764362901,60.562141151149504,65.26713648137738,60.562141151149504,65.26713648137738,96,101,96,101,-1,4,-1,4,-1,4,-1,4,96,101,96,101
1788330720,18.42,18.42,18.400000000000002,18.400000000000002,18.47881777245507,,,0,0,0,0,0,1,28.36606412399652,71.63393587600348,-74.20046863754976,-100,100,-1,0,103874,69.90478634109795,75.46905888612457,69.90478634109795,75.46905888612457,54.76754955812823,60.0173430197528,54.76754955812823,60.0173430197528,96,101,96,101,-1,4,-1,4,-1,4,-1,4,96,101,96,101
1788331320,18.400000000000002,18.43,18.380000000000003,18.380000000000003,18.475409530325127,,,0,0,0,0,0,0,25.030312685600613,74.96968731439938,-80.67153327155211,-100,100,-1,0,199868,67.29253969768624,74.30098471634767,67.29253969768624,74.30098471634767,48.96742343077671,54.49238322526476,48.96742343077671,54.49238322526476,96,101,96,101,-1,4,-1,4,-1,4,-1,4,96,101,96,101
1788331440,18.400000000000002,18.42,18.400000000000002,18.42,18.472558111305162,,,0,0,0,0,0,0,26.58647503878923,73.41352496121077,-71.6102837910632,-77.63105569720929,97.14491974108947,-1,1,38250,65.73268296603335,73.0769416091599,65.73268296603335,73.0769416091599,45.067315321618295,49.77984927344153,45.067315321618295,49.77984927344153,96,101,96,101,-1,4,-1,4,-1,4,-1,4,96,101,96,101
1788331920,18.400000000000002,18.43,18.380000000000003,18.380000000000003,18.46953965992118,,,0,0,0,0,0,0,25.42644911545167,74.57355088454833,-74.55025466337342,-81.87573148600048,100,-1,0,80094,63.11122404449647,71.65326767135083,63.11122404449647,71.65326767135083,40.65293694233962,45.216393107890575,40.65293694233962,45.216393107890575,96,101,96,101,-1,4,-1,4,-1,4,-1,4,96,101,96,101
1788332160,18.400000000000002,18.42,18.400000000000002,18.42,18.467060592527268,,,0,0,0,0,0,0,27.891597549845997,72.108402450154,-62.784866126705616,-62.33146685162316,93.06509856167374,-1,1,50818,61.59867117495874,70.21689674329483,61.59867117495874,70.21689674329483,36.923296599927674,41.069844853909125,36.923296599927674,41.069844853909125,96,101,96,101,-1,4,-1,4,-1,4,-1,4,96,101,96,101
1788332280,18.42,18.44,18.42,18.44,18.465193176106016,,,0,0,0,0,0,0,27.665611625907893,72.3343883740921,-61.910811698662926,-61.07124573020789,77.72726000731762,-1,2,3700,60.65498728918982,68.85090967842268,60.65498728918982,68.85090967842268,35.02516331941852,38.04750408666382,35.02516331941852,38.04750408666382,96,101,96,101,-1,4,-1,4,-1,4,-1,4,96,101,96,101
1788332280.001,18.44,18.46,18.44,18.46,18.46378789760887,,,0,0,0,0,0,0,27.43820478040687,72.56179521959314,-60.960129311402234,-59.83044072087678,62.66932165154562,-1,2,3700,60.23953888834909,67.62071385126931,60.23953888834909,67.62071385126931,34.696893234826234,36.37219866074503,34.696893234826234,36.37219866074503,96,101,96,101,-1,4,-1,4,-1,4,-1,4,96,101,96,101
1788399000,18.46,18.48,18.46,18.48,18.46273955771203,,,0,0,0,0,0,0,26.811024503961434,73.18897549603857,-60.53103213292588,-59.32250701873721,36.09068750598783,-1,3,1531.25,60.31459486637023,66.57698256771229,60.31459486637023,66.57698256771229,35.714220175305556,36.04320941802529,35.714220175305556,36.04320941802529,96,101,96,101,-1,4,-1,4,-1,4,-1,4,96,101,96,101
1788399000.001,18.48,18.5,18.48,18.5,18.461930865367872,,,0,0,0,0,0,0,26.17290776530032,73.82709223469968,-60.06165994953824,-58.817791468792315,43.45323881733188,-1,4,1531.25,60.845119196191696,65.75814494320936,60.845119196191696,65.75814494320936,37.88491599441768,36.96406270622148,37.88491599441768,36.96406270622148,96,101,96,101,-1,4,-1,4,-1,4,-1,4,96,101,96,101
1788399000.002,18.5,18.52,18.5,18.52,18.461237073828766,,,0,0,0,0,0,0,25.005702674803793,74.99429732519621,-59.548510591713544,-58.31626358340496,50,-1,5,1531.25,61.798578424113465,65.19249258333852,61.798578424113465,65.19249258333852,41.04421370950078,39.00413820786113,41.04421370950078,39.00413820786113,96,101,96,101,-1,4,-1,4,-1,4,-1,4,96,101,96,101
1788399000.003,18.52,18.54,18.52,18.54,18.4604980960309,,,0,0,0,0,0,0,23.30013780741155,76.69986219258845,-58.987833194113506,-57.8178932588312,50,-1,5,1531.25,63.14476291455693,64.89995977351258,63.14476291455693,64.89995977351258,45.05088447827328,42.027511343067204,45.05088447827328,42.027511343067204,96,101,96,101,-1,4,-1,4,-1,4,-1,4,96,101,96,101
1788399000.004,18.54,18.56,18.54,18.56,18.459311684911185,,,0,0,0,0,0,0,19.84876397472338,80.15123602527662,-58.37562193409004,-57.32265076919688,50,-1,5,1531.25,64.85562086305626,64.8936256434474,64.85562086305626,64.8936256434474,49.78387500735099,45.905693175209095,49.78387500735099,45.905693175209095,96,101,96,101,-1,4,-1,4,-1,4,-1,4,96,101,96,101
1788399000.005,18.56,18.58,18.56,18.58,18.458169605406777,,,0,0,0,0,0,0,20.831995274488406,79.1680047255116,-57.70761224132042,-56.83050676058726,50,-1,5,1531.25,66.90510416546462,65.18097971802128,66.90510416546462,65.18097971802128,55.13942533097602,50.52255925309255,55.13942533097602,50.52255925309255,96,101,96,101,-1,4,-1,4,-1,4,-1,4,96,101,96,101
1788399000.006,18.580000000000002,18.6,18.580000000000002,18.6,18.45728973724503,,,0,0,0,0,0,0,21.35926650836351,78.6407334916365,-56.97928014473833,-56.34143224524729,50,-1,5,1531.25,69.26902529650286,65.76498622923293,69.26902529650286,65.76498622923293,61.02859833564183,55.77557879436719,61.02859833564183,55.77557879436719,96,101,96,101,-1,4,-1,4,-1,4,-1,4,96,101,96,101
1788399000.007,18.6,18.62,18.6,18.62,18.45640664164464,,,0,0,0,0,0,0,19.59065857337717,80.40934142662283,-56.185845516092556,-55.855398595889994,50,-1,5,1531.25,71.46409491818123,66.5791446133684,71.46409491818123,66.5791446133684,66.11975095435972,60.947664874363454,66.11975095435972,60.947664874363454,96,101,96,101,-1,4,-1,4,-1,4,-1,4,96,101,96,101
1788399000.008,18.62,18.64,18.62,18.64,18.45576661777616,,,0,0,0,0,0,0,19.192429358489797,80.80757064151021,-52.80829916893273,-53.95268945725537,50,-1,5,6087.5,73.50237385259686,67.56817736182961,73.50237385259686,67.56817736182961,70.52022609274793,65.73394548355569,70.52022609274793,65.73394548355569,96,101,96,101,-1,4,-1,4,-1,4,-1,4,96,101,96,101
1788399000.009,18.64,18.66,18.64,18.66,18.455293995071358,,,0,0,0,0,0,0,18.790236031538328,81.20976396846167,-49.25780039906727,-52.09587719350384,49.77734011972018,-1,5,6087.5,75.39506143455424,68.68630365793312,75.39506143455424,68.68630365793312,74.32345909990643,70.02870229173107,74.32345909990643,70.02870229173107,96,101,96,101,-1,4,-1,4,-1,4,-1,4,96,101,96,101
1788399000.01,18.64,18.64,18.62,18.62,18.454816205526072,,,0,0,0,0,0,0,17.968397347554255,82.03160265244574,-50.10791120646863,-52.477983597600044,50,-1,5,4058.3333333333335,76.38035627417104,69.7854540316814,76.38035627417104,69.7854540316814,76.35888331012386,73.19379280092747,76.35888331012386,73.19379280092747,96,101,96,101,-1,4,-1,4,-1,4,-1,4,96,101,96,101
1788399000.011,18.62,18.62,18.6,18.6,18.4542772662276,,,0,0,0,0,0,0,17.136009737128663,82.86399026287134,-51.01072859195938,-52.85404250921491,50,-1,5,4058.3333333333335,76.90917252485768,70.80312810213515,76.90917252485768,70.80312810213515,77.08312446990226,75.13845863541486,77.08312446990226,75.13845863541486,96,101,96,101,-1,4,-1,4,-1,4,-1,4,96,101,96,101
1788399000.012,18.6,18.6,18.580000000000002,18.580000000000002,18.45363252782349,,,0,0,0,0,0,0,16.292868783059127,83.70713121694087,-51.96682612276703,-53.22419636915171,50,-1,5,4058.3333333333335,77.0141158001092,71.69041205898858,77.0141158001092,71.69041205898858,76.6834944435897,75.91097653950229,76.6834944435897,75.91097653950229,96,101,96,101,-1,4,-1,4,-1,4,-1,4,96,101,96,101
1788399120,18.580000000000002,18.580000000000002,18.560000000000002,18.560000000000002,18.4531046645555,,,0,0,0,0,0,0,16.310688017790557,83.68931198220945,-58.17777078258038,-55.63380540131894,50,-1,5,28074,76.72546274102808,72.40970501356566,76.72546274102808,72.40970501356566,75.32054625777079,75.61576139863654,75.32054625777079,75.61576139863654,96,101,96,101,-1,4,-1,4,-1,4,-1,4,96,101,96,101
1788399120.001,18.580000000000002,18.6,18.580000000000002,18.6,18.45247859426714,,,0,0,0,0,0,0,17.169428464376722,82.83057153562328,-52.05331116442342,-53.39610220498871,50,-1,5,7950,77.22962852979637,73.09826551588434,77.22962852979637,73.09826551588434,75.37679475155872,75.49627807509762,75.37679475155872,75.49627807509762,96,101,96,101,-1,4,-1,4,-1,4,-1,4,96,101,96,101
1788399240,18.6,18.62,18.57,18.62,18.452303134902888,,,0,0,0,0,0,0,19.07971211729956,80.92028788270044,-35.154988561868294,-47.18376583036305,44.7016263176694,-1,5,23338,77.9632264919538,73.79325994103712,77.9632264919538,73.79325994103712,76.13929346051977,75.81778576780869,76.13929346051977,75.81778576780869,96,101,96,101,-1,4,-1,4,-1,4,-1,4,96,101,96,101
1788399360,18.6,18.6,18.580000000000002,18.580000000000002,18.451802755982243,,,0,0,0,0,0,0,14.906247256697217,85.09375274330279,-44.57634425412178,-49.99950716095137,48.37275542452194,-1,5,32452,77.63251983776668,74.34172564056992,77.63251983776668,74.34172564056992,75.87449643554757,75.84614110167813,75.87449643554757,75.84614110167813,96,101,96,101,-1,4,-1,4,-1,4,-1,4,96,101,96,101
1788399360.001,18.580000000000002,18.580000000000002,18.560000000000002,18.560000000000002,18.4504539856723,,,0,0,0,0,0,0,16.062192944705544,83.93780705529446,-52.21354684936232,-52.53021819486251,50,-1,5,32452,76.84924461125959,74.69994263638273,76.84924461125959,74.69994263638273,74.62711939373467,75.2366302477064,74.62711939373467,75.2366302477064,96,101,96,101,-1,4,-1,4,-1,4,-1,4,96,101,96,101
1788399480,18.56,18.56,18.54,18.54,18.449245149939955,,,0,0,0,0,0,0,16.65291300736867,83.34708699263133,-59.11257581668361,-55.06212211813168,50,-1,5,36125,75.64572713902673,74.835054708189,75.64572713902673,74.835054708189,72.53753090891547,73.88708057831093,72.53753090891547,73.88708057831093,96,101,96,101,-1,4,-1,4,-1,4,-1,4,96,101,96,101
1788399480.001,18.56,18.58,18.56,18.58,18.448139157693983,,,0,0,0,0,0,0,18.109385363696664,81.89061463630334,-53.6416359364553,-53.229597531350535,50,-1,5,8100,75.48055615290573,74.9272692002914,75.48055615290573,74.9272692002914,71.97094486070297,72.92901271950694,71.97094486070297,72.92901271950694,96,101,96,101,-1,4,-1,4,-1,4,-1,4,96,101,96,101
1788399600,18.56,18.56,18.54,18.54,18.44771583985011,,,0,0,0,0,0,0,17.1115297561769,82.8884702438231,-59.0737350678234,-55.09204001008657,50,-1,5,28425,74.37480214198388,74.8483453348189,74.37480214198388,74.8483453348189,70.26080988060258,71.59491130005476,70.26080988060258,71.59491130005476,96,101,96,101,-1,4,-1,4,-1,4,-1,4,96,101,96,101
1788399720,18.54,18.57,18.52,18.52,18.44722186080231,,,0,0,0,0,0,0,14.52419248875216,85.47580751124784,-63.375115231052995,-56.66441356188828,50,-1,5,25900,72.87184008422312,74.56598744187666,72.87184008422312,74.56598744187666,68.08069418337352,69.83780274171414,68.08069418337352,69.83780274171414,96,101,96,101,-1,4,-1,4,-1,4,-1,4,96,101,96,101
1788399840,18.54,18.56,18.51,18.56,18.446924440634564,,,0,0,0,0,0,0,15.463514253327373,84.53648574667262,-56.46094937007771,-54.595395000133394,50,-1,5,9900,72.4286134115405,74.26064829468578,72.4286134115405,74.26064829468578,66.82426848370783,68.33103561271099,66.82426848370783,68.33103561271099,96,101,96,101,-1,4,-1,4,-1,4,-1,4,96,101,96,101
1788399840.001,18.56,18.58,18.56,18.58,18.446872756011203,,,0,0,0,0,0,0,16.407992565055764,83.59200743494424,-49.501235985227915,-52.58031388245208,49.850370795568374,-1,5,9900,72.35718184132838,73.98872451563473,72.35718184132838,73.98872451563473,67.07386278195355,67.70244919733227,67.07386278195355,67.70244919733227,96,101,96,101,-1,4,-1,4,-1,4,-1,4,96,101,96,101
1788399840.002,18.580000000000002,18.6,18.580000000000002,18.6,18.447080104470608,,,0,0,0,0,0,0,17.523982584953696,82.4760174150463,-42.52732785718083,-50.617088196303705,47.75819835715425,-1,5,9900,72.80105660776414,73.81905767165323,72.80105660776414,73.81905767165323,68.30820891514394,68.00532905623811,68.30820891514394,68.00532905623811,96,101,96,101,-1,4,-1,4,-1,4,-1,4,96,101,96,101
1788399960,18.580000000000002,18.580000000000002,18.560000000000002,18.560000000000002,18.447848692221722,,,0,0,0,0,0,0,17.499382854784812,82.50061714521519,-49.07907296864395,-52.1605451221539,49.72372189059318,-1,5,24824,72.1928178704749,73.58673770005632,72.1928178704749,73.58673770005632,68.14173009053157,68.07352957338483,68.14173009053157,68.07352957338483,96,101,96,101,-1,4,-1,4,-1,4,-1,4,96,101,96,101
1788400080,18.580000000000002,18.6,18.580000000000002,18.6,18.451190747966297,,,0,0,0,0,0,0,24.549711628147026,75.45028837185298,-44.246865205773936,-50.90057674370596,48.27405956173218,-1,5,6631.666666666667,72.64843292054304,73.45269416012584,72.64843292054304,73.45269416012584,69.22352375106796,68.6485266622264,69.22352375106796,68.6485266622264,96,101,96,101,-1,4,-1,4,-1,4,-1,4,96,101,96,101
1788400080.001,18.6,18.62,18.6,18.62,18.456182259761473,,,0,0,0,0,0,0,28.884977971481362,71.11502202851864,-39.2807951934946,-49.661303385480096,46.68262957369241,-1,5,6631.666666666667,73.58170812009611,73.47112472583589,73.58170812009611,73.47112472583589,71.17118362336444,69.90985514279542,71.17118362336444,69.90985514279542,96,101,96,101,-1,4,-1,4,-1,4,-1,4,96,101,96,101
1788400080.002,18.62,18.64,18.62,18.64,18.4686945647426,,,0,0,0,0,0,0,41.12014764977066,58.87985235022934,-34.198647542464464,-48.44221932618386,44.7922600605945,-1,5,6631.666666666667,74.95852488702803,73.68361046314905,74.95852488702803,73.68361046314905,73.86101453431243,71.88543483855392,73.86101453431243,71.88543483855392,96,101,96,101,-1,4,-1,4,-1,4,-1,4,96,101,96,101
1788400200,18.64,18.66,18.64,18.66,18.481819370716885,,,0,0,0,0,0,0,39.884859044346065,60.115140955653935,-14.893533434198202,-43.54728168751433,37.53224453651376,-1,5,27762,76.74720168081174,74.12126635138658,76.74720168081174,74.12126635138658,77.18699204981885,74.53621344418639,77.18699204981885,74.53621344418639,96,101,96,101,-1,4,-1,4,-1,4,-1,4,96,101,96,101
1788400320,18.64,18.64,18.62,18.62,18.498593349320196,,,0,0,0,0,0,0,46.48840634338362,53.51159365661638,-19.082930893156323,-44.149853130864535,38.96983520720626,-1,5,9083.333333333334,77.38770768320275,74.58790082736031,77.38770768320275,74.58790082736031,78.68775142731725,76.61198243575183,78.68775142731725,76.61198243575183,96,101,96,101,-1,4,-1,4,-1,4,-1,4,96,101,96,101
1788400320.001,18.62,18.62,18.6,18.6,18.515867254078962,,,0,0,0,0,0,0,38.37395210122161,61.62604789877839,-23.239359090068575,-44.73969683780695,40.39371677836266,-1,5,9083.333333333334,77.47225917521891,74.99995201991155,77.47225917521891,74.99995201991155,78.63712027103405,77.62455135339295,78.63712027103405,77.62455135339295,96,101,96,101,-1,4,-1,4,-1,4,-1,4,96,101,96,101
1788400320.002,18.6,18.6,18.580000000000002,18.580000000000002,18.529606951781442,,,0,0,0,0,0,0,36.90513492651834,63.09486507348166,-27.344618553591342,-45.317211853866596,39.6183313028514,-1,4,9083.333333333334,77.04056719331554,75.29146847325498,77.04056719331554,75.29146847325498,77.01363555699025,77.31909345519159,77.01363555699025,77.31909345519159,96,101,96,101,-1,4,-1,4,-1,4,-1,4,96,101,96,101
1788400440,18.580000000000002,18.580000000000002,18.560000000000002,18.560000000000002,18.54035947271556,,,0,0,0,0,0,0,34.71774768704103,65.28225231295897,-34.84536333728317,-46.41311676509653,31.332927982191226,-1,3,17775,76.12950627134406,75.41118815869628,76.12950627134406,75.41118815869628,73.72597333456314,75.52253339487737,73.72597333456314,75.52253339487737,96,101,96,101,-1,4,-1,4,-1,4,-1,4,96,101,96,101
1788400440.001,18.580000000000002,18.6,18.580000000000002,18.6,18.54887070863266,,,0,0,0,0,0,0,35.368439121217044,64.63156087878295,-30.16752871782134,-45.4903977475797,40.76638057710039,-1,4,5625,76.30392929277868,75.53872260642233,76.30392929277868,75.53872260642233,72.0825803185146,73.80255685669599,72.0825803185146,73.80255685669599,96,101,96,101,-1,4,-1,4,-1,4,-1,4,96,101,96,101
1788400560,18.580000000000002,18.580000000000002,18.560000000000002,18.560000000000002,18.555264903401024,,,0,0,0,0,0,0,32.69921364456916,67.30078635543083,-42.09871195945938,-47.28439766568501,28.484854449931838,-1,3,30375,75.44548536370269,75.52540300031953,75.44548536370269,75.52540300031953,67.85649741586978,70.82952713628288,67.85649741586978,70.82952713628288,96,101,96,101,-1,4,-1,4,-1,4,-1,4,96,101,96,101
1788400560.001,18.580000000000002,18.6,18.580000000000002,18.6,18.560418210352935,,,0,0,0,0,0,0,34.3195236712879,65.6804763287121,-31.99231491433218,-45.33567268718841,37.129059681162325,-1,4,12375,75.66876702139741,75.54588357475923,75.66876702139741,75.54588357475923,65.97223588026948,68.40088150827617,65.97223588026948,68.40088150827617,96,101,96,101,-1,4,-1,4,-1,4,-1,4,96,101,96,101
1788400680,18.6,18.62,18.6,18.62,18.564709921976565,,,0,0,0,0,0,0,35.91748450343292,64.08251549656708,-22.137709936425072,-43.37921457792648,39.14306702115414,-1,4,12762.5,76.38630407088944,75.66594364563498,76.38630407088944,75.66594364563498,66.26191646880254,67.33139898853935,66.26191646880254,67.33139898853935,96,101,96,101,-1,4,-1,4,-1,4,-1,4,96,101,96,101
1788400680.001,18.62,18.64,18.62,18.64,18.568423594861105,,,0,0,0,0,0,0,37.439537543161045,62.560462456838955,-12.868237782090983,-41.47473111676829,36.302890669657785,-1,5,12762.5,77.56279255562184,75.9369220613474,77.56279255562184,75.9369220613474,68.41497602087847,67.87318750470891,68.41497602087847,67.87318750470891,96,101,96,101,-1,4,-1,4,-1,4,-1,4,96,101,96,101
1788400680.002,18.62,18.62,18.6,18.6,18.57136981933421,,,0,0,0,0,0,0,36.72400318470339,63.27599681529661,-16.461148448592464,-41.872501682342694,27.58545706397387,-1,4,6575,77.63483798532233,76.17948147905811,77.63483798532233,76.17948147905811,67.9747413512295,67.9239644279692,67.9747413512295,67.9239644279692,96,101,96,101,-1,4,-1,4,-1,4,-1,4,96,101,96,101
1788400800,18.62,18.64,18.59,18.64,18.574221832814107,,,0,0,0,0,0,0,39.327358736155524,60.672641263844476,-1.0921180177879681,-38.71261326499828,31.941419384835875,-1,5,22037.5,78.72214547616667,76.54271919293078,78.72214547616667,76.54271919293078,69.31168306295869,68.61782374546394,69.31168306295869,68.61782374546394,96,101,96,101,-1,4,-1,4,-1,4,-1,4,96,101,96,101
1788400800.001,18.64,18.66,18.64,18.66,18.577131903251768,,,0,0,0,0,1,0,41.72496059137984,58.27503940862016,11.722563066231526,100,77.03353783973891,1,5,22037.5,80.24199222786906,77.07118676935053,80.24199222786906,77.07118676935053,72.93382357777419,70.77582366161906,72.93382357777419,70.77582366161906,96,101,96,101,-1,4,-1,4,-1,4,-1,4,96,101,96,101
1788400920,18.64,18.64,18.62,18.62,18.579821790046335,,,0,0,0,0,0,0,37.898455390195664,62.101544609804336,-11.918456786994525,-31.62055029360887,54.307592954971966,1,4,42419,80.6328703340417,77.57999870716355,80.6328703340417,77.57999870716355,73.75280116190166,72.26431241176036,73.75280116190166,72.26431241176036,96,101,96,101,-1,4,-1,4,-1,4,-1,4,96,101,96,101
1788401160,18.64,18.66,18.64,18.66,18.58317679841887,,,0,0,0,0,0,0,42.88575029938435,57.11424970061565,13.87294752071587,28.725231980307402,65.55890770061396,1,5,54573,82.01623673875301,78.21374699739063,82.01623673875301,78.21374699739063,76.74049623401102,74.5024043228857,76.74049623401102,74.5024043228857,96,101,96,101,-1,4,-1,4,-1,4,-1,4,96,101,96,101
1788401280,18.64,18.64,18.62,18.62,18.58594244214918,,,0,0,0,0,0,0,41.683908537899164,58.316091462100836,3.548367418849021,9.057973593366311,31.358837138186328,1,4,21465.5,82.28038309414822,78.79469501121314,82.28038309414822,78.79469501121314,77.01566343867609,75.75903388078089,77.01566343867609,75.75903388078089,96,101,96,101,-1,4,-1,4,-1,4,-1,4,96,101,96,101
1788401280.001,18.62,18.62,18.6,18.6,18.588120018461435,,,0,0,0,0,0,0,40.54759195264297,59.45240804735703,-5.842376732997809,-5.396068794551758,15.055791797349976,1,3,21465.5,82.01545777109685,79.25480397691081,82.01545777109685,79.25480397691081,75.34675913791317,75.55289650934702,75.34675913791317,75.55289650934702,96,101,96,101,-1,4,-1,4,-1,4,-1,4,96,101,96,101
1788401760,18.62,18.64,18.59,18.64,18.591643989654933,,,0,0,0,0,0,0,51.71272195701451,48.28727804298549,36.46836930067238,44.080913967487,82.03920180558123,1,4,143302,82.78986384867156,79.75981253001949,82.78986384867156,79.75981253001949,75.6305554515447,75.59172598044586,75.6305554515447,75.59172598044586,96,101,96,101,-1,4,-1,4,-1,4,-1,4,96,101,96,101
1788401880,18.64,18.66,18.64,18.66,18.595110470134966,,,0,0,0,0,0,0,55.028774864990424,44.971225135009576,40.65661079280843,47.99893378013023,93.1933267437632,1,5,23000,84.01915928805217,80.36829063830987,84.01915928805217,80.36829063830987,78.34999991084791,76.97086294564689,78.34999991084791,76.97086294564689,96,101,96,101,-1,4,-1,4,-1,4,-1,4,96,101,96,101
1788402000,18.66,18.68,18.66,18.68,18.599584565097526,,,0,0,0,0,0,0,59.51608449939595,40.48391550060405,54.17884472356265,59.5365788615959,100,1,5,93600,85.16064791033416,81.05291310574192,85.16064791033416,81.05291310574192,80.77058815887811,78.8707255522625,80.77058815887811,78.8707255522625,96,101,96,101,-1,4,-1,4,-1,4,-1,4,96,101,96,101
1788402120,18.68,18.7,18.68,18.7,18.604054216207526,,,0,0,0,0,0,0,60.63332782015872,39.36667217984128,59.368781381664334,63.646934427119774,100,1,5,47699,86.22060163102458,81.79115432363945,86.22060163102458,81.79115432363945,82.91614323392565,80.89343439309408,82.91614323392565,80.89343439309408,96,101,96,101,-1,4,-1,4,-1,4,-1,4,96,101,96,101
1788402120.001,18.68,18.68,18.66,18.66,18.607958197649538,,,0,0,0,0,0,0,62.283672196466135,37.716327803533865,55.68370370771236,60.54853136128919,96.37095251384031,1,4,9062,86.31198722880856,82.43698759580647,86.31198722880856,82.43698759580647,82.95067916291369,81.92205677800388,82.95067916291369,81.92205677800388,96,101,96,101,-1,4,-1,4,-1,4,-1,4,96,101,96,101
1788402240,18.66,18.66,18.64,18.64,18.611635976418476,,,0,0,0,0,0,0,62.831306773226395,37.168693226773605,45.49016366823252,52.59037442499833,77.14702545038547,1,3,24962,85.9504167124651,82.93890604104342,85.9504167124651,82.93890604104342,81.47652198926434,81.69928938363411,81.47652198926434,81.69928938363411,96,101,96,101,-1,4,-1,4,-1,4,-1,4,96,101,96,101
1788402360,18.64,18.64,18.62,18.62,18.6153051273647,,,0,0,0,0,0,0,64.79043791134764,35.20956208865236,41.264760474011084,49.51255191387784,57.757423213272745,1,3,10366.666666666666,85.16824409014619,83.25738290520097,85.16824409014619,83.25738290520097,78.70919929906869,80.2042443413514,78.70919929906869,80.2042443413514,96,101,96,101,-1,4,-1,4,-1,4,-1,4,96,101,96,101
1788402360.001,18.62,18.62,18.6,18.6,18.61818525518787,,,0,0,0,0,0,0,63.635317395326595,36.364682604673405,36.89151613600831,46.55643687539992,31.417725967988517,1,2,10366.666666666666,83.99551236942148,83.36282997151818,83.99551236942148,83.36282997151818,74.83344902326216,77.51884668230679,74.83344902326216,77.51884668230679,96,101,96,101,-1,4,-1,4,-1,4,-1,4,96,101,96,101
1788402360.002,18.6,18.6,18.580000000000002,18.580000000000002,18.62097620360017,,,0,0,0,0,0,0,65.0534860990443,34.94651390095569,32.38338970529191,43.71495019034554,37.23432100445907,1,1,10366.666666666666,82.46011862874855,83.23387120826537,82.46011862874855,83.23387120826537,70.00761795978865,73.76323232104772,70.00761795978865,73.76323232104772,96,101,96,101,-1,4,-1,4,-1,4,-1,4,96,101,96,101
1788402480,18.6,18.62,18.6,18.62,18.623806099626083,,,0,0,0,0,0,0,68.77391055268573,31.226089447314266,40.58445526199348,47.58697319942771,27.78671719400587,1,2,39500,81.9272530124094,83.04721146600023,81.9272530124094,83.04721146600023,67.67570261214978,70.71946746659876,67.67570261214978,70.71946746659876,96,101,96,101,-1,4,-1,4,-1,4,-1,4,96,101,96,101
1788402600,18.62,18.64,18.62,18.64,18.62623739498758,,,0,0,0,0,0,0,69.212975705256,30.787024294744,44.63319483542328,49.49142842277776,66.14583168174866,1,3,21650,81.7895920829516,82.86755155413614,81.7895920829516,82.86755155413614,65.35468387163883,68.03707566911879,65.35468387163883,68.03707566911879,96,101,96,101,-1,4,-1,4,-1,4,-1,4,96,101,96,101
1788402600.001,18.64,18.66,18.64,18.66,18.62841390807617,,,0,0,0,0,0,0,69.63986481064521,30.360135189354793,48.493937004576836,51.262337334236996,81.32512399850455,1,4,21650,82.0699273423326,82.75360523816421,82.0699273423326,82.75360523816421,65.40605556344559,66.72156561628219,65.40605556344559,66.72156561628219,96,101,96,101,-1,4,-1,4,-1,4,-1,4,96,101,96,101
1788402720,18.64,18.64,18.62,18.62,18.63006619768047,,,0,0,0,0,0,0,66.71975291322755,33.28024708677245,33.30951562423956,43.776471575214096,26.660645062726196,1,2,32150,81.15284462007811,82.5249251498662,81.15284462007811,82.5249251498662,63.00110885030023,64.86133723329121,63.00110885030023,64.86133723329121,96,101,96,101,-1,4,-1,4,-1,4,-1,4,96,101,96,101
1788402720.001,18.64,18.66,18.64,18.66,18.631906805780503,,,0,0,0,0,0,0,69.0674008218329,30.932599178167095,35.68891554306644,44.677038611170225,67.91016286864766,1,3,10575,81.30859381388207,82.3511635304399,81.30859381388207,82.3511635304399,63.38870554515537,64.12502138922329,63.38870554515537,64.12502138922329,96,101,96,101,-1,4,-1,4,-1,4,-1,4,96,101,96,101
1788402840,18.66,18.68,18.66,18.68,18.633661901058606,,,0,0,0,0,0,0,69.69733871540355,30.302661284596454,41.031765130419714,46.64987887520823,85.13612023592006,1,4,24414,81.994343606397,82.30018925557663,81.994343606397,82.30018925557663,65.76174761013324,64.94338449967827,65.76174761013324,64.94338449967827,96,101,96,101,-1,4,-1,4,-1,4,-1,4,96,101,96,101
1788402840.001,18.68,18.7,18.68,18.7,18.6354262768507,,,0,0,0,0,0,0,70.30213149792976,29.697868502070236,45.969406449669535,48.486859317230305,96.6737594601399,1,5,24414,83.28046192022578,82.44022820766936,83.28046192022578,82.44022820766936,69.83659999235918,67.38999224601872,69.83659999235918,67.38999224601872,96,101,96,101,-1,4,-1,4,-1,4,-1,4,96,101,96,101
1788403080,18.68,18.68,18.66,18.66,18.637060236220798,,,0,0,0,0,0,0,65.63717645513766,34.36282354486234,19.08079921279195,36.928518337160284,49.69957162681567,1,3,59851,82.97095524171343,82.51604635538995,82.97095524171343,82.51604635538995,70.88035101385881,69.13517162993877,70.88035101385881,69.13517162993877,96,101,96,101,-1,4,-1,4,-1,4,-1,4,96,101,96,101
1788403200,18.68,18.7,18.68,18.7,18.638520654668618,,,0,0,0,0,0,0,65.43907658581321,34.56092341418679,24.772985362448704,38.7100871480759,78.08984350631476,1,5,22350,84.18731558159104,82.7547991019901,84.18731558159104,82.7547991019901,74.22397433840966,71.67957298417421,74.22397433840966,71.67957298417421,96,101,96,101,-1,4,-1,4,-1,4,-1,4,96,101,96,101
1788403200.001,18.7,18.72,18.7,18.72,18.639792498732902,,,0,0,0,0,0,0,66.24815472550803,33.75184527449197,25.971173857851472,39.07008855850723,79.02475744981521,1,5,4675,85.31679304004881,83.12079823599848,85.31679304004881,83.12079823599848,77.1919780043512,74.43577549426271,77.1919780043512,74.43577549426271,96,101,96,101,-1,4,-1,4,-1,4,-1,4,96,101,96,101
1788403200.002,18.72,18.74,18.72,18.74,18.640984716357362,,,0,0,0,0,0,0,67.0649034851307,32.9350965148693,27.245855529706986,39.42588555058491,80.00304464817513,1,5,4675,86.36559353718818,83.58434042188273,86.36559353718818,83.58434042188273,79.81534622595188,77.1255608601073,79.81534622595188,77.1255608601073,96,101,96,101,-1,4,-1,4,-1,4,-1,4,96,101,96,101
1788403200.003,18.72,18.72,18.7,18.7,18.642115655589304,,,0,0,0,0,0,0,67.38432848721625,32.61567151278375,24.88054401770807,38.61644217521075,78.09819171575128,1,5,4675,86.09724368825859,83.94332660279358,86.09724368825859,83.94332660279358,80.15918565399045,78.64237325704887,80.15918565399045,78.64237325704887,96,101,96,101,-1,4,-1,4,-1,4,-1,4,96,101,96,101
1788403200.004,18.7,18.7,18.68,18.68,18.643406515778533,,,0,0,0,0,0,0,68.35175987339606,31.648240126603937,22.378231448824174,37.81634307253813,61.80160268123133,1,4,4675,85.22694367325876,84.12670047000289,85.22694367325876,84.12670047000289,78.86660357643649,78.75448841674267,78.86660357643649,78.75448841674267,96,101,96,101,-1,4,-1,4,-1,4,-1,4,96,101,96,101
1788403440,18.68,18.68,18.66,18.66,18.64457016083031,,,0,0,0,0,0,0,65.71861190151117,34.28138809848883,5.632048203967158,32.32289884176017,33.619293154331196,1,3,33625,83.7976899326223,84.07969896466281,83.7976899326223,84.07969896466281,76.17137449408837,77.46293145541551,76.17137449408837,77.46293145541551,96,101,96,101,-1,4,-1,4,-1,4,-1,4,96,101,96,101
1788403440.001,18.66,18.66,18.64,18.64,18.646040818136232,,,0,0,0,0,0,0,65.49228464070224,34.50771535929776,-8.187840737155469,27.250611184926406,12.757874570142874,1,2,33625,81.84940773246608,83.76108593149185,81.84940773246608,83.76108593149185,71.36117813778996,74.41205479660275,71.36117813778996,74.41205479660275,96,101,96,101,-1,4,-1,4,-1,4,-1,4,96,101,96,101
1788403680,18.64,18.64,18.62,18.62,18.646956538685423,,,0,0,0,0,0,0,61.55085175508395,38.44914824491605,-25.085157015304755,20.038886340796406,23.03984961544138,1,2,52700,79.41917053418436,83.14081230330507,79.41917053418436,83.14081230330507,65.45243840381991,69.93224660021133,65.45243840381991,69.93224660021133,96,101,96,101,-1,4,-1,4,-1,4,-1,4,96,101,96,101
1788403800,18.62,18.62,18.6,18.6,18.64723905002413,,,0,0,0,0,0,0,58.23223476572876,41.76776523427124,-36.526931353069436,14.272361845570474,31.916949447303143,1,1,46925,76.54140369478614,82.19803964494521,76.54140369478614,82.19803964494521,58.602090060417325,64.26716833031432,58.602090060417325,64.26716833031432,96,101,96,101,-1,4,-1,4,-1,4,-1,4,96,101,96,101
1788404520,18.62,18.64,18.59,18.64,18.647138372201027,,,0,0,0,0,0,0,65.55158372396876,34.44841627603124,24.994941797100285,30.55892436818696,19.176668679189756,1,2,229100,75.11142765447536,81.18566650344953,75.11142765447536,81.18566650344953,54.33750576607203,59.30233704819317,54.33750576607203,59.30233704819317,96,101,96,101,-1,4,-1,4,-1,4,-1,4,96,101,96,101
1788404520.001,18.64,18.66,18.64,18.66,18.647147235511447,,,0,0,0,0,0,0,66.2754011793541,33.724598820645895,27.13505763467346,31.33192208707004,44.13404588133572,1,3,13575,74.40471077232341,80.21695854186008,74.40471077232341,80.21695854186008,53.00357637091894,56.15295670955606,53.00357637091894,56.15295670955606,96,101,96,101,-1,4,-1,4,-1,4,-1,4,96,101,96,101
1788404520.002,18.66,18.68,18.66,18.68,18.647262935977455,,,0,0,0,0,0,0,66.04394985014976,33.95605014985024,29.35242015590137,32.08789970029954,59.9592552961833,1,4,13575,74.36959167989039,79.38162041872155,74.36959167989039,79.38162041872155,53.64592260364487,54.899439656600464,53.64592260364487,54.899439656600464,96,101,96,101,-1,4,-1,4,-1,4,-1,4,96,101,96,101
1788404880,18.68,18.7,18.65,18.7,18.6485846953554,,,0,0,0,0,0,0,69.22007024910644,30.779929750893558,48.3605570939659,39.42153863070541,88.80331192950986,1,4,149275,74.95809910648208,78.74968880268734,74.95809910648208,78.74968880268734,55.44650508883849,55.17297237271948,55.44650508883849,55.17297237271948,96,101,96,101,-1,4,-1,4,-1,4,-1,4,96,101,96,101
1788405120,18.7,18.72,18.7,18.72,18.65052490072278,,,0,0,0,0,0,0,72.76696668181698,27.23303331818302,54.16115021747676,42.095107437639356,95.25706446258361,1,5,63825,76.12568830073958,78.37483158812339,76.12568830073958,78.37483158812339,59.311290076147344,57.24213122443341,59.311290076147344,57.24213122443341,96,101,96,101,-1,4,-1,4,-1,4,-1,4,96,101,96,101
1788405240,18.72,18.74,18.72,18.74,18.652355441943246,,,0,0,0,0,0,0,72.18034523103198,27.81965476896802,56.31256283685367,43.09602732260489,95.85761639356294,1,5,25437.5,77.83099627925819,78.29714082971407,77.83099627925819,78.29714082971407,64.40967720812635,60.82590421627988,64.40967720812635,60.82590421627988,96,101,96,101,-1,4,-1,4,-1,4,-1,4,96,101,96,101
1788405240.001,18.740000000000002,18.76,18.740000000000002,18.76,18.65433736049305,,,0,0,0,0,0,0,73.84416803134728,26.15583196865272,58.4573156264811,44.06293220719961,96.43775932431976,1,5,25437.5,79.41449654502546,78.45676307475856,79.41449654502546,78.45676307475856,68.85908840061632,64.84249630844809,68.85908840061632,64.84249630844809,96,101,96,101,-1,4,-1,4,-1,4,-1,4,96,101,96,101
1788405360,18.740000000000002,18.740000000000002,18.720000000000002,18.720000000000002,18.65624022312157,,,0,0,0,0,0,0,74.19849318533568,25.80150681466432,53.571045540727205,42.6349529472688,95.58097176836128,1,5,14987.5,79.7420325060951,78.64037299352093,79.7420325060951,78.64037299352093,70.76810751798858,67.80530191321833,70.76810751798858,67.80530191321833,96,101,96,101,-1,4,-1,4,-1,4,-1,4,96,101,96,101
1788405360.001,18.72,18.72,18.7,18.7,18.658418256510558,,,0,0,0,0,0,0,70.26196805898412,29.738031941015876,48.53278992089625,41.23500464468412,83.19706178683208,1,4,14987.5,79.47474446994538,78.75956891872441,79.47474446994538,78.75956891872441,70.81710803129154,69.31120497225493,70.81710803129154,69.31120497225493,96,101,96,101,-1,4,-1,4,-1,4,-1,4,96,101,96,101
1788405960,18.7,18.73,18.68,18.68,18.660451320466233,,,0,0,0,0,0,0,62.593945950967914,37.406054049032086,11.906749595287232,29.690767463278128,38.69785322574409,1,3,135925,78.65511986494923,78.74464762532796,78.65511986494923,78.74464762532796,69.74799736015473,69.52960116620483,69.74799736015473,69.52960116620483,96,101,96,101,-1,4,-1,4,-1,4,-1,4,96,101,96,101
1788411600,18.7,18.72,18.7,18.72,18.66210141019382,,,0,0,0,0,0,0,60.713012589935126,39.286987410064874,16.83569905243909,30.92445260789436,68.65609099620008,1,5,29700,78.7511827317385,78.74558121195803,78.7511827317385,78.74558121195803,70.26018821346581,69.89489468983533,70.26018821346581,69.89489468983533,96,101,96,101,-1,4,-1,4,-1,4,-1,4,96,101,96,101
1788411600.001,18.72,18.74,18.72,18.74,18.6634929841448,,,0,0,0,0,0,0,60.14856582730539,39.85143417269461,21.65742222492456,32.11559045124378,72.263807605701,1,5,29700,79.55466967947135,78.86116527874563,79.55466967947135,78.86116527874563,72.28651053217686,71.0907026110061,72.28651053217686,71.0907026110061,96,101,96,101,-1,4,-1,4,-1,4,-1,4,96,101,96,101
1788411720,18.72,18.75,18.7,18.7,18.664733220874453,,,0,0,0,0,0,0,59.340342609822805,40.659657390177195,15.195054018766879,30.14156135283273,51.8819269251273,1,4,26125,78.87219327379474,78.86274070660978,78.87219327379474,78.86274070660978,72.59478680535771,71.8427447081819,72.59478680535771,71.8427447081819,96,101,96,101,-1,4,-1,4,-1,4,-1,4,96,101,96,101
1788411840,18.7,18.7,18.68,18.68,18.665885792584405,,,0,0,0,0,0,0,58.992475705162875,41.007524294837125,7.400178576877585,27.770255113313976,30.994336522004666,1,3,32450,77.5241794685236,78.67151767259747,77.5241794685236,78.67151767259747,70.79553154744953,71.3191381278157,70.79553154744953,71.3191381278157,96,101,96,101,-1,4,-1,4,-1,4,-1,4,96,101,96,101
1788411960,18.68,18.68,18.66,18.66,18.666850271884687,,,0,0,0,0,0,0,58.88605938349198,41.11394061650802,4.365869646007188,26.867323877620823,11.77409298097456,1,2,12675,75.55816664934329,78.22675324070403,75.55816664934329,78.22675324070403,67.66601116765496,69.49257464773532,67.66601116765496,69.49257464773532,96,101,96,101,-1,4,-1,4,-1,4,-1,4,96,101,96,101
1788411960.001,18.66,18.66,18.64,18.64,18.66766020919415,,,0,0,0,0,0,0,58.780026298566455,41.219973701433545,1.2201890660406196,25.97706482079452,17.881145958975267,1,2,12675,73.01829760296158,77.48268814959796,73.01829760296158,77.48268814959796,63.39626354052948,66.4444190941324,63.39626354052948,66.4444190941324,96,101,96,101,-1,4,-1,4,-1,4,-1,4,96,101,96,101
1788412080,18.64,18.64,18.62,18.62,18.668306742299304,,,0,0,0,0,0,0,58.49219175721557,41.50780824278443,-3.0103160893536876,24.824713052737078,25.35454638078928,1,1,16675,69.94556205989286,76.40595585106867,69.94556205989286,76.40595585106867,57.532931774235344,61.988675434183875,57.532931774235344,61.988675434183875,96,101,96,101,-1,4,-1,4,-1,4,-1,4,96,101,96,101
1788412320,18.62,18.62,18.6,18.6,18.668647064893225,,,0,0,0,0,0,0,55.332392047946655,44.667607952053345,-13.007164859567471,22.03449550967369,30.51249811077235,1,0,41680,66.37802191275763,74.97339385988138,66.37802191275763,74.97339385988138,50.8265465627903,56.40761099848709,50.8265465627903,56.40761099848709,96,101,96,101,-1,4,-1,4,-1,4,-1,4,96,101,96,101
1788412440,18.6,18.6,18.580000000000002,18.580000000000002,18.66861589429083,,,0,0,0,0,0,1,53.45850618722344,46.54149381277656,-18.832761638144436,-100,81.29965698288666,-1,0,26385,62.35102034756064,73.17019764383556,62.35102034756064,73.17019764383556,44.20053197445511,50.3040714864711,44.20053197445511,50.3040714864711,96,101,96,101,-1,4,-1,4,-1,4,-1,4,96,101,96,101
1788412560,18.580000000000002,18.580000000000002,18.560000000000002,18.560000000000002,18.668058608177684,,,0,0,0,0,0,0,51.434460800402434,48.565539199597566,-25.20674100189248,-100,85.1240446011355,-1,0,30525,57.89737603702059,70.98836598571914,57.89737603702059,70.98836598571914,38.457598835247175,44.380835160859135,38.457598835247175,44.380835160859135,96,101,96,101,-1,4,-1,4,-1,4,-1,4,96,101,96,101
1788412680,18.580000000000002,18.6,18.580000000000002,18.6,18.66740049777093,,,0,0,0,0,0,0,54.26374694827144,45.73625305172856,-11.757773087493058,-14.46673706441394,55.7347060911442,-1,0,42525,55.19042060580482,68.73151664573138,55.19042060580482,68.73151664573138,35.249370430211876,39.81510279553551,35.249370430211876,39.81510279553551,96,101,96,101,-1,4,-1,4,-1,4,-1,4,96,101,96,101
1788412920,18.580000000000002,18.580000000000002,18.560000000000002,18.560000000000002,18.665976093316306,,,0,0,0,0,0,0,51.76669412123525,48.23330587876475,-23.18670119096107,-44.40631434454359,80.55580932130279,-1,0,53550,51.24824770539019,66.2339067971112,51.24824770539019,66.2339067971112,30.785174654467262,35.30013872500139,30.785174654467262,35.30013872500139,96,101,96,101,-1,4,-1,4,-1,4,-1,4,96,101,96,101
1788413160,18.56,18.56,18.54,18.54,18.664436754282956,,,0,0,0,0,0,0,50.21121712340513,49.78878287659487,-26.667616624840946,-50.212691226974705,86.00056997490456,-1,0,17841.666666666668,47.58765858357661,63.570157052320546,47.58765858357661,63.570157052320546,26.906773080452627,31.103455902727006,26.906773080452627,31.103455902727006,96,101,96,101,-1,4,-1,4,-1,4,-1,4,96,101,96,101
1788413160.001,18.54,18.54,18.52,18.52,18.66266409416462,,,0,0,0,0,0,0,48.64052998104518,51.35947001895482,-30.149538487879298,-54.92089292497416,88.08972309272758,-1,0,17841.666666666668,44.18854011332114,60.801354632463486,44.18854011332114,60.801354632463486,23.5391388308641,27.321297366795555,23.5391388308641,27.321297366795555,96,101,96,101,-1,4,-1,4,-1,4,-1,4,96,101,96,101
1788413160.002,18.52,18.52,18.5,18.5,18.66077284182934,,,0,0,0,0,0,0,50.20963877626243,49.79036122373757,-33.616705089794635,-58.81555372621181,90.17002305387678,-1,0,17841.666666666668,41.03221581951249,57.97719194489906,41.03221581951249,57.97719194489906,20.61596515172962,23.968631259262587,20.61596515172962,23.968631259262587,96,101,96,101,-1,4,-1,4,-1,4,-1,4,96,101,96,101
1788413280,18.52,18.54,18.52,18.54,18.658687835548445,,,0,0,0,0,0,0,50.217284481434845,49.782715518565155,-24.99112303455987,-43.180825984458224,80.90316941141086,-1,0,22550,39.20024435987695,55.29477086132447,39.20024435987695,55.29477086132447,19.42906903115285,21.698850145207718,19.42906903115285,21.698850145207718,96,101,96,101,-1,4,-1,4,-1,4,-1,4,96,101,96,101
1788413400,18.54,18.56,18.54,18.56,18.656742514123458,,,0,0,0,0,0,0,50.700835984991045,49.299164015008955,-18.480591642215476,-33.045312563384854,70.9155425233602,-1,0,17450,38.04857855395163,52.83102910312835,38.04857855395163,52.83102910312835,19.510630598130973,20.604740371669344,19.510630598130973,20.604740371669344,96,101,96,101,-1,4,-1,4,-1,4,-1,4,96,101,96,101
1788413520,18.56,18.58,18.56,18.58,18.65502222056939,,,0,0,0,0,0,0,50.95951488198223,49.04048511801777,-14.128921567767858,-27.059826245290513,64.71324868783502,-1,0,11612.5,37.52862514075723,50.644971394218196,37.52862514075723,50.644971394218196,20.67944161158472,20.642090991627033,20.67944161158472,20.642090991627033,96,101,96,101,-1,4,-1,4,-1,4,-1,4,96,101,96,101
1788413520.001,18.580000000000002,18.6,18.580000000000002,18.6,18.653549210525497,,,0,0,0,0,0,0,51.567237734088735,48.432762265911265,-9.69695961697774,-21.5897084175209,56.737752194011954,-1,1,11612.5,37.59526180652734,48.78072716740521,37.59526180652734,48.78072716740521,22.780180722017768,21.711135856822402,22.780180722017768,21.711135856822402,96,101,96,101,-1,4,-1,4,-1,4,-1,4,96,101,96,101
1788413760,18.580000000000002,18.580000000000002,18.560000000000002,18.560000000000002,18.65196813497733,,,0,0,0,0,0,0,50.6661541219499,49.3338458780501,-18.214634978537163,-29.03815666965836,68.35167498891731,-1,0,28312.5,36.55823761155566,47.034657230855274,36.55823761155566,47.034657230855274,23.262132926564735,22.48663439169357,23.262132926564735,22.48663439169357,96,101,96,101,-1,4,-1,4,-1,4,-1,4,96,101,96,101
1788413760.001,18.56,18.56,18.54,18.54,18.650166191652854,,,0,0,0,0,0,0,50.86591733059227,49.13408266940773,-25.90264757955854,-35.19426400294154,76.65814694950005,-1,0,28312.5,35.04583602391704,45.32196848700696,35.04583602391704,45.32196848700696,22.57633371727535,22.53148405448446,22.57633371727535,22.53148405448446,96,101,96,101,-1,4,-1,4,-1,4,-1,4,96,101,96,101
1788413880,18.56,18.58,18.56,18.58,18.648572113822418,,,0,0,0,0,0,0,52.88970952596214,47.11029047403786,-17.27917194836982,-27.33879183706453,66.77077827126061,-1,0,20133,34.74036422001082,43.81031073457894,34.74036422001082,43.81031073457894,23.3071871422799,22.91933559838218,23.3071871422799,22.91933559838218,96,101,96,101,-1,4,-1,4,-1,4,-1,4,96,101,96,101
1788414360,18.56,18.59,18.54,18.54,18.6457841576582,,,0,0,0,0,0,0,50.87338259811132,49.12661740188868,-40.70465971864813,-44.30719680043888,91.00711391145221,-1,0,105569,33.357810731768254,42.31709644846313,33.357810731768254,42.31709644846313,22.94462194613012,22.93197877225615,22.94462194613012,22.93197877225615,96,101,96,101,-1,4,-1,4,-1,4,-1,4,96,101,96,101
1788414480,18.56,18.58,18.56,18.58,18.643675445951917,,,0,0,0,0,0,0,53.47578993225537,46.52421006774463,-31.531206866129374,-37.13700709273531,81.20092837531881,-1,0,23636,33.17291216301552,41.0107844076849,33.17291216301552,41.0107844076849,23.62286276701256,23.277420769634354,23.62286276701256,23.277420769634354,96,101,96,101,-1,4,-1,4,-1,4,-1,4,96,101,96,101
1788414600,18.580000000000002,18.6,18.580000000000002,18.6,18.641687743113046,,,0,0,0,0,0,0,45.363476085932334,54.636523914067666,-21.691115259793534,-29.8617691321554,60.27892450601118,-1,1,26650,33.55067118433861,39.945053947206866,33.55067118433861,39.945053947206866,25.303113140955915,24.290266955295134,25.303113140955915,24.290266955295134,96,101,96,101,-1,4,-1,4,-1,4,-1,4,96,101,96,101
1788414720,18.6,18.62,18.6,18.62,18.64000279415072,,,0,0,0,0,0,0,45.967302313062376,54.032697686937624,-12.470322246035677,-23.342875185763607,35.59028978064904,-1,2,26550,34.45089796787487,39.16017452158801,34.45089796787487,39.16017452158801,27.842228846094148,26.06624790069464,27.842228846094148,26.06624790069464,96,101,96,101,-1,4,-1,4,-1,4,-1,4,96,101,96,101
1788415200,18.62,18.64,18.62,18.64,18.638704302852606,,,0,0,0,0,0,0,50.35840667105936,49.64159332894064,17.823076876862743,-0.9337436544885452,6.084467055755353,-1,3,117425,35.83627338775194,38.68533150246857,35.83627338775194,38.68533150246857,31.117514835113703,28.591881367904172,31.117514835113703,28.591881367904172,96,101,96,101,-1,4,-1,4,-1,4,-1,4,96,101,96,101
1788415320,18.64,18.66,18.64,18.66,18.635946323672474,,,0,0,0,0,0,0,45.162745947235614,54.837254052764386,23.281783924250597,3.286025828622597,16.474528128989142,-1,3,28200,37.67214396994546,38.54059042639384,37.67214396994546,38.54059042639384,35.02380392460296,31.807842646253565,35.02380392460296,31.807842646253565,96,101,96,101,-1,4,-1,4,-1,4,-1,4,96,101,96,101
1788415800,18.64,18.67,18.62,18.62,18.632565883857154,,,0,0,0,0,0,0,37.515521751720684,62.484478248279316,-7.691911012233661,-13.349742482491173,21.476358609298483,-1,2,129500,38.277979840224084,38.50307462836959,38.277979840224084,38.50307462836959,37.38304072658273,34.59544168641815,37.38304072658273,34.59544168641815,96,101,96,101,-1,4,-1,4,-1,4,-1,4,96,101,96,101
1788416040,18.64,18.66,18.64,18.66,18.63004359090736,,,0,0,0,0,0,0,40.79142526386204,59.20857473613796,10.154345975338167,-1.5895699243560903,14.052250819350235,-1,4,93075,39.9394428186696,38.70827008412674,39.9394428186696,38.70827008412674,40.394254688719265,37.49484818756871,40.394254688719265,37.49484818756871,96,101,96,101,-1,4,-1,4,-1,4,-1,4,96,101,96,101
1788416280,18.66,18.68,18.66,18.68,18.628136498377003,,,0,0,0,0,0,0,42.58007386287185,57.41992613712815,20.386764383516525,5.335387229763909,25.972738466388023,-1,4,65625,42.03168041953382,39.1830429891849,42.03168041953382,39.1830429891849,44.452218304616544,40.97353324609263,44.452218304616544,40.97353324609263,96,101,96,101,-1,4,-1,4,-1,4,-1,4,96,101,96,101
1788416520,18.66,18.66,18.64,18.64,18.626580355247143,,,0,0,0,0,0,0,41.323941329522256,58.676058670477744,8.867888800106396,-0.3987632446363397,7.494129808693322,-1,3,55425,42.8755713785781,39.71054704481249,42.8755713785781,39.71054704481249,46.55904426109988,43.76628875359626,46.55904426109988,43.76628875359626,96,101,96,101,-1,4,-1,4,-1,4,-1,4,96,101,96,101
1788417120,18.64,18.64,18.62,18.62,18.625173088278203,,,0,0,0,0,0,0,39.4915991007714,60.5084008992286,-5.269285569246298,-7.535773210587237,11.322915925138037,-1,2,78587.5,43.10973386252583,40.196145161628685,43.10973386252583,40.196145161628685,47.22203793808561,45.49416334584093,47.22203793808561,45.49416334584093,96,101,96,101,-1,4,-1,4,-1,4,-1,4,96,101,96,101
1788417120.001,18.62,18.62,18.6,18.6,18.622511044843883,,,0,0,0,0,0,0,41.1360033347785,58.8639966652215,-17.1095164706035,-13.7183565709171,34.3594186624057,-1,2,78587.5,42.77771990531247,40.564941553583516,42.77771990531247,40.564941553583516,46.6474610897879,46.07081221781442,46.6474610897879,46.07081221781442,96,101,96,101,-1,4,-1,4,-1,4,-1,4,96,101,96,101