time,open,high,low,close,买入形状,卖出形状,Q-买入形状,Q-卖出形状,多头突破形状,空头突破形状,多头反转形状,空头反转形状,快速 MA,慢速 MA,支撑,阻力,red_green (开盘价),red_green (最高价,red_green (最低价),red_green (关闭),cyan_magenta (开盘价),cyan_magenta (最高价,cyan_magenta (最低价),cyan_magenta (关闭),yellow (开盘价),yellow (最高价,yellow (最低价),yellow (关闭),blue (开盘价),blue (最高价,blue (最低价),blue (关闭),fuchsia (开盘价),fuchsia (最高价,fuchsia (最低价),fuchsia (关闭),white (开盘价),white (最高价,white (最低价),white (关闭)
1787536560,19.11,19.11,19.07,19.07,0,0,0,0,0,0,0,0,19.104723168267515,18.66233310432351,18.96,19.23,75.42691172731762,75.48709195482708,75.42691172731762,75.48709195482708,71.23230372064872,72.05848382570275,71.23230372064872,72.05848382570275,96,101,96,101,-1,4,-1,4,-1,4,-1,4,96,101,96,101
1787536680,19.03,19.06,19.02,19.06,0,0,0,0,0,0,0,0,19.094167440703725,18.666157318874188,18.96,19.23,75.07686916032876,75.42848869847019,75.07686916032876,75.42848869847019,69.58854996016464,70.8235168929337,69.58854996016464,70.8235168929337,96,101,96,101,-1,4,-1,4,-1,4,-1,4,96,101,96,101
1787536740,19.07,19.07,19.03,19.07,0,0,0,0,0,0,0,0,19.087349118151533,18.670042984026352,18.96,19.19,74.82701760376392,75.3425642563693,74.82701760376392,75.3425642563693,63.481915003449416,67.15271594819156,63.481915003449416,67.15271594819156,96,101,96,101,-1,4,-1,4,-1,4,-1,4,96,101,96,101
1787536800,19.1,19.14,19.1,19.14,0,0,0,0,0,0,0,0,19.094497763336104,18.674586503256606,18.96,19.19,75.1213283764274,75.3109591306633,75.1213283764274,75.3109591306633,60.5784835367913,63.865599742491426,60.5784835367913,63.865599742491426,96,101,96,101,-1,4,-1,4,-1,4,-1,4,96,101,96,101
1787536860,19.17,19.17,19.130000000000003,19.130000000000003,0,0,0,0,0,0,0,0,19.103376957881053,18.679250650819558,18.96,19.19,75.31942898111869,75.31216910929979,75.31942898111869,75.31216910929979,58.91689566311437,61.3912477028029,58.91689566311437,61.3912477028029,96,101,96,101,-1,4,-1,4,-1,4,-1,4,96,101,96,101
1787536920,19.11,19.12,19.080000000000002,19.12,0,0,0,0,0,0,0,0,19.103975086751166,18.68350354649963,18.96,19.19,75.42819157269294,75.32874374692737,75.42819157269294,75.32874374692737,56.139294027030324,58.765270864916616,56.139294027030324,58.765270864916616,96,101,96,101,-1,4,-1,4,-1,4,-1,4,96,101,96,101
1787537100,19.150000000000002,19.18,19.14,19.14,0,0,0,0,0,0,0,0,19.11294931340247,18.688178469751705,18.96,19.19,75.67956134757578,75.37886054702001,75.67956134757578,75.37886054702001,55.262252023168784,57.0137614440427,55.262252023168784,57.0137614440427,96,101,96,101,-1,4,-1,4,-1,4,-1,4,96,101,96,101
1787537220,19.1,19.14,19.1,19.14,0,0,0,0,0,0,0,0,19.115443377632324,18.692541536387676,18.96,19.19,75.91297613853841,75.45516277437979,75.91297613853841,75.45516277437979,53.53305812512219,55.27340978458244,53.53305812512219,55.27340978458244,96,101,96,101,-1,4,-1,4,-1,4,-1,4,96,101,96,101
1787537280,19.19,19.22,19.18,19.22,0,0,0,0,0,0,0,0,19.132029430184023,18.697657209325776,18.96,19.22,76.73122220383077,75.63745697858705,76.73122220383077,75.63745697858705,55.13359869371373,55.20350423914809,55.13359869371373,55.20350423914809,96,101,96,101,-1,4,-1,4,-1,4,-1,4,96,101,96,101
1787537340,19.240000000000002,19.28,19.240000000000002,19.28,0,0,0,0,0,0,0,0,19.15650892772632,18.70331899497096,18.96,19.28,77.94214994115113,75.96669883038192,77.94214994115113,75.96669883038192,58.685941737469015,56.944722988308556,58.685941737469015,56.944722988308556,96,101,96,101,-1,4,-1,4,-1,4,-1,4,96,101,96,101
1787537460,19.29,19.29,19.25,19.25,0,0,0,0,0,0,0,0,19.175931546927597,18.708891276944716,18.96,19.29,78.84101893031702,76.3773159875155,78.84101893031702,76.3773159875155,61.80599517346961,59.37535908088908,61.80599517346961,59.37535908088908,96,101,96,101,-1,4,-1,4,-1,4,-1,4,96,101,96,101
1787537580,19.23,19.259999999999998,19.22,19.259999999999998,0,0,0,0,0,0,0,0,19.188792477789246,18.714242275847422,18.96,19.29,79.75087096161015,76.85925241238617,79.75087096161015,76.85925241238617,63.72844699079358,61.551903035841335,63.72844699079358,61.551903035841335,96,101,96,101,-1,4,-1,4,-1,4,-1,4,96,101,96,101
1787537640,19.28,19.28,19.240000000000002,19.240000000000002,0,0,0,0,0,0,0,0,19.200527178797262,18.71960636597166,19.02,19.29,80.43735890204228,77.37041048233705,80.43735890204228,77.37041048233705,65.7522026838381,63.65205285983972,65.7522026838381,63.65205285983972,96,101,96,101,-1,4,-1,4,-1,4,-1,4,96,101,96,101
1787537760,19.23,19.259999999999998,19.22,19.259999999999998,0,0,1,0,0,0,0,0,19.2089161765917,18.724850747073102,19.02,19.29,81.22678767347693,77.92132150964275,81.22678767347693,77.92132150964275,68.73998325281374,66.19601805632674,68.73998325281374,66.19601805632674,96,101,96,101,-1,4,-1,4,-1,4,-1,4,96,101,96,101
1787537940,19.27,19.27,19.23,19.23,0,0,0,0,0,0,0,0,19.215173841453815,18.730009777782158,19.02,19.29,81.73186514968755,78.465684886792,81.73186514968755,78.465684886792,71.30093802622143,68.74847804127408,71.30093802622143,68.74847804127408,96,101,96,101,-1,4,-1,4,-1,4,-1,4,96,101,96,101
1787538060,19.21,19.25,19.21,19.25,0,0,0,0,0,0,0,0,19.219081627856152,18.73505113986061,19.02,19.29,82.35284134720226,79.0209929525649,82.35284134720226,79.0209929525649,72.97656159823319,70.86251981975363,72.97656159823319,70.86251981975363,96,101,96,101,-1,4,-1,4,-1,4,-1,4,96,101,96,101
1787538180,19.26,19.26,19.220000000000002,19.220000000000002,0,0,0,0,0,0,0,0,19.221672847033823,18.74000917163646,19.02,19.29,82.66097172716402,79.54098992036477,82.66097172716402,79.54098992036477,74.4993904608233,72.68095514028846,74.4993904608233,72.68095514028846,96,101,96,101,-1,4,-1,4,-1,4,-1,4,96,101,96,101
1787538240,19.2,19.22,19.18,19.18,0,0,0,0,0,0,0,0,19.216520208179187,18.744519859812545,19.02,19.29,82.62963247681104,79.98222457128566,82.62963247681104,79.98222457128566,73.89991043828147,73.29043278928496,73.89991043828147,73.29043278928496,96,101,96,101,-1,4,-1,4,-1,4,-1,4,96,101,96,101
1787538360,19.16,19.17,19.130000000000003,19.130000000000003,0,0,0,0,0,0,0,0,19.203213503661757,18.748488153081407,19.02,19.29,82.10566713182875,80.2855735085061,82.10566713182875,80.2855735085061,71.30814834103772,72.29929056516134,71.30814834103772,72.29929056516134,96,101,96,101,-1,4,-1,4,-1,4,-1,4,96,101,96,101
1787538420,19.12,19.16,19.12,19.16,0,0,0,0,0,0,0,0,19.19293226057174,18.75245012834096,19.02,19.29,81.87122872325276,80.51209568204135,81.87122872325276,80.51209568204135,69.08663797197181,70.69296426856658,69.08663797197181,70.69296426856658,96,101,96,101,-1,4,-1,4,-1,4,-1,4,96,101,96,101
1787538480,19.18,19.19,19.150000000000002,19.150000000000002,0,0,0,0,0,0,0,0,19.187550637437486,18.756538518440387,19.02,19.29,81.56950230184397,80.66315377058459,81.56950230184397,80.66315377058459,68.04828709285918,69.37062568071289,68.04828709285918,69.37062568071289,96,101,96,101,-1,4,-1,4,-1,4,-1,4,96,101,96,101
1787538600,19.12,19.14,19.1,19.1,0,0,0,0,0,0,0,0,19.174056582145823,18.7600887156035,19.03,19.29,80.86915970045176,80.69258318913704,80.86915970045176,80.69258318913704,64.90718980253739,67.13890774162513,64.90718980253739,67.13890774162513,96,101,96,101,-1,4,-1,4,-1,4,-1,4,96,101,96,101
1787538780,19.07,19.1,19.060000000000002,19.060000000000002,0,0,0,0,0,0,0,0,19.155743264179915,18.76320557747146,19.060000000000002,19.29,79.82600973905978,80.56878698198315,79.82600973905978,80.56878698198315,60.39663887836538,63.767773309995256,60.39663887836538,63.767773309995256,96,101,96,101,-1,4,-1,4,-1,4,-1,4,96,101,96,101
1787538840,19.03,19.07,19.03,19.07,0,0,0,0,0,0,0,0,19.137729337359325,18.766125588309222,19.03,19.29,78.82577938699315,80.31978589698458,78.82577938699315,80.31978589698458,55.83781167929161,59.802792494643434,55.83781167929161,59.802792494643434,96,101,96,101,-1,4,-1,4,-1,4,-1,4,96,101,96,101
1787538900,19.080000000000002,19.080000000000002,19.040000000000003,19.040000000000003,0,0,0,0,0,0,0,0,19.1223846093546,18.768983376816927,19.03,19.29,77.40280297285376,79.90307405068019,77.40280297285376,79.90307405068019,52.016825595237144,55.90980904494029,52.016825595237144,55.90980904494029,96,101,96,101,-1,4,-1,4,-1,4,-1,4,96,101,96,101
1787538960,19.03,19.03,18.990000000000002,18.990000000000002,0,0,0,0,0,0,0,0,19.10073892280528,18.771315217180273,18.990000000000002,19.29,75.59223094054622,79.28723932066104,75.59223094054622,79.28723932066104,46.57719250154524,51.243500773242765,46.57719250154524,51.243500773242765,96,101,96,101,-1,4,-1,4,-1,4,-1,4,96,101,96,101
1787539140,18.95,18.99,18.95,18.99,0,0,0,0,0,0,0,0,19.07818033078008,18.773358515185112,18.95,19.29,73.91098548197489,78.51920305799159,73.91098548197489,78.51920305799159,40.93171121981193,46.087605996527344,40.93171121981193,46.087605996527344,96,101,96,101,-1,4,-1,4,-1,4,-1,4,96,101,96,101
1787539200,19.02,19.02,18.98,18.98,0,0,0,0,0,0,0,0,19.06275360397158,18.77554731934579,18.95,19.29,72.2519816266088,77.62388571065118,72.2519816266088,77.62388571065118,37.01709701193976,41.552351504233556,37.01709701193976,41.552351504233556,96,101,96,101,-1,4,-1,4,-1,4,-1,4,96,101,96,101
1787539440,18.94,18.96,18.92,18.92,0,0,0,0,0,0,0,0,19.039222645673718,18.777117329435217,18.92,19.29,67.09112579613674,76.1192057228634,67.09112579613674,76.1192057228634,32.19226075926871,36.87230613175113,32.19226075926871,36.87230613175113,96,101,96,101,-1,4,-1,4,-1,4,-1,4,96,101,96,101
1787539560,18.900000000000002,18.91,18.87,18.91,0,0,0,0,0,0,0,0,19.013303376763343,18.778306875079313,18.87,19.29,62.90680526054642,74.23171994253241,62.90680526054642,74.23171994253241,28.613774528352817,32.743040330051976,28.613774528352817,32.743040330051976,96,101,96,101,-1,4,-1,4,-1,4,-1,4,96,101,96,101
1787539860,18.95,18.95,18.91,18.91,0,0,0,0,0,0,0,0,18.996945187048794,18.779749924415174,18.87,19.28,59.021364763212546,72.05881205977242,59.021364763212546,72.05881205977242,26.430854357635667,29.58694734384382,26.430854357635667,29.58694734384382,96,101,96,101,-1,4,-1,4,-1,4,-1,4,96,101,96,101
1787540040,18.900000000000002,18.94,18.900000000000002,18.94,0,0,0,0,0,0,1,0,18.984167274252044,18.78121178254703,18.87,19.28,55.8693827816457,69.74603644861146,55.8693827816457,69.74603644861146,24.4917527147082,27.039350029276008,24.4917527147082,27.039350029276008,96,101,96,101,-1,4,-1,4,-1,4,-1,4,96,101,96,101
1787540220,18.96,18.96,18.92,18.92,0,0,0,0,0,0,0,0,18.974924739539553,18.782725429818534,18.87,19.27,52.63859100240962,67.30211567058264,52.63859100240962,67.30211567058264,23.23782885750496,25.138589443390487,23.23782885750496,25.138589443390487,96,101,96,101,-1,4,-1,4,-1,4,-1,4,96,101,96,101
1787540280,18.89,18.93,18.89,18.93,0,0,0,0,0,0,0,0,18.964332362653575,18.78405817844389,18.87,19.27,49.79054574843809,64.80046282456199,49.79054574843809,64.80046282456199,21.414737660174342,23.276663551782413,21.414737660174342,23.276663551782413,96,101,96,101,-1,4,-1,4,-1,4,-1,4,96,101,96,101
1787540640,18.94,18.97,18.93,18.97,0,0,0,0,0,0,0,0,18.962938599746863,18.78577567583914,18.87,19.26,47.753835033883966,62.36523028303656,47.753835033883966,62.36523028303656,21.280659491033752,22.278661521408083,21.280659491033752,22.278661521408083,96,101,96,101,-1,4,-1,4,-1,4,-1,4,96,101,96,101
1787540880,19,19,18.96,18.96,0,0,0,0,0,0,0,0,18.964828551308038,18.78764192118734,18.87,19.26,45.710627972193166,59.9860013814875,45.710627972193166,59.9860013814875,21.84600745489963,22.06233448815386,21.84600745489963,22.06233448815386,96,101,96,101,-1,4,-1,4,-1,4,-1,4,96,101,96,101
1787541060,18.94,18.95,18.91,18.95,0,0,0,0,0,0,0,0,18.95970820864597,18.789124754475694,18.87,19.22,43.66138858816111,57.65391383958373,43.66138858816111,57.65391383958373,21.106101628009107,21.584218058081483,21.106101628009107,21.584218058081483,96,101,96,101,-1,4,-1,4,-1,4,-1,4,96,101,96,101
1787541240,18.990000000000002,19.02,18.98,19.02,0,0,0,0,0,0,0,0,18.96824611010428,18.791289350616896,18.87,19.19,42.822353233079674,55.53511946722601,42.822353233079674,55.53511946722601,22.71679459271528,22.150506325398382,22.71679459271528,22.150506325398382,96,101,96,101,-1,4,-1,4,-1,4,-1,4,96,101,96,101
1787541300,19.03,19.04,19,19.04,0,0,0,0,0,0,0,0,18.97886802947926,18.793631413463164,18.87,19.19,42.34720034257092,53.65113102084671,42.34720034257092,53.65113102084671,24.913715093075712,23.532110709237045,24.913715093075712,23.532110709237045,96,101,96,101,-1,4,-1,4,-1,4,-1,4,96,101,96,101
1787541420,19.05,19.06,19.02,19.02,0,0,0,0,0,0,0,0,18.98877081199818,18.796016507193215,18.87,19.19,41.873420726264825,51.96860097876358,41.873420726264825,51.96860097876358,26.932844229439,25.232477469338022,26.932844229439,25.232477469338022,96,101,96,101,-1,4,-1,4,-1,4,-1,4,96,101,96,101
1787541480,19.01,19.02,18.98,18.98,0,0,0,0,0,0,0,0,18.989600361331846,18.797979858697097,18.87,19.14,40.75321040227992,50.3664023249802,40.75321040227992,50.3664023249802,27.302982128634884,26.26772979898645,27.302982128634884,26.26772979898645,96,101,96,101,-1,4,-1,4,-1,4,-1,4,96,101,96,101
1787541540,18.95,18.95,18.91,18.95,0,0,0,0,0,0,0,0,18.979976053210905,18.7993598269356,18.87,19.1,39.202811019804116,48.771603567097905,39.202811019804116,48.771603567097905,25.85153570209519,26.05963275054082,25.85153570209519,26.05963275054082,96,101,96,101,-1,4,-1,4,-1,4,-1,4,96,101,96,101
1787541840,18.96,18.98,18.94,18.94,0,0,0,0,0,0,0,0,18.975131922324074,18.800891901626123,18.87,19.080000000000002,37.593086423151455,47.174672546534126,37.593086423151455,47.174672546534126,24.94757481948287,25.503603785011848,24.94757481948287,25.503603785011848,96,101,96,101,-1,4,-1,4,-1,4,-1,4,96,101,96,101
1787547600,18.91,18.95,18.91,18.91,0,0,0,0,0,0,0,0,18.96571399705303,18.802110224329677,18.87,19.080000000000002,35.588138073198444,45.5194533360576,35.588138073198444,45.5194533360576,23.016288620781182,24.259946202896515,23.016288620781182,24.259946202896515,96,101,96,101,-1,4,-1,4,-1,4,-1,4,96,101,96,101
1787547840,18.88,18.919999999999998,18.88,18.919999999999998,0,0,0,0,0,0,0,0,18.954978118800963,18.803150586939996,18.87,19.06,33.896468346881505,43.85902690903244,33.896468346881505,43.85902690903244,20.91291637878789,22.586431290842203,20.91291637878789,22.586431290842203,96,101,96,101,-1,4,-1,4,-1,4,-1,4,96,101,96,101
1787547900,18.94,18.95,18.91,18.95,0,0,0,0,0,0,0,0,18.951648763867453,18.804479105146232,18.87,19.06,32.83583625407702,42.28428538689595,32.83583625407702,42.28428538689595,20.364381286347694,21.475406288594947,20.364381286347694,21.475406288594947,96,101,96,101,-1,4,-1,4,-1,4,-1,4,96,101,96,101
1787548140,18.96,18.96,18.92,18.92,0,0,0,0,0,0,0,0,18.94831868558852,18.805761236769985,18.87,19.06,31.340759514840247,40.72092454803085,31.340759514840247,40.72092454803085,19.812326816869422,20.643866552732185,19.812326816869422,20.643866552732185,96,101,96,101,-1,4,-1,4,-1,4,-1,4,96,101,96,101
1787548200,18.900000000000002,18.91,18.87,18.91,0,0,0,0,0,0,0,0,18.938927409420913,18.80666576841075,18.87,19.06,29.782405944052325,39.158279033176775,29.782405944052325,39.158279033176775,18.05342298588812,19.34864476931015,18.05342298588812,19.34864476931015,96,101,96,101,-1,4,-1,4,-1,4,-1,4,96,101,96,101
1787548620,18.92,18.92,18.880000000000003,18.880000000000003,0,0,0,0,0,0,0,0,18.93063757740499,18.807528132240826,18.87,19.06,27.825159260973784,37.53926192286207,27.825159260973784,37.53926192286207,16.426743511713617,17.887694140511883,16.426743511713617,17.887694140511883,96,101,96,101,-1,4,-1,4,-1,4,-1,4,96,101,96,101
1787548800,18.86,18.86,18.82,18.82,0,0,0,0,0,0,0,0,18.912945896664688,18.8077849004109,18.82,19.06,25.83764788518994,35.867602774623194,25.83764788518994,35.867602774623194,14.599546386663562,16.243620263587722,14.599546386663562,16.243620263587722,96,101,96,101,-1,4,-1,4,-1,4,-1,4,96,101,96,101
1787548920,18.81,18.849999999999998,18.81,18.849999999999998,0,0,0,0,0,0,0,0,18.899076945755954,18.808072281169665,18.81,19.06,24.587339702914456,34.25613662152195,24.587339702914456,34.25613662152195,13.350133836652422,14.796877050120072,13.350133836652422,14.796877050120072,96,101,96,101,-1,4,-1,4,-1,4,-1,4,96,101,96,101
1787549040,18.86,18.87,18.830000000000002,18.830000000000002,0,0,0,0,0,0,0,0,18.888941743497295,18.8084231374101,18.81,19.06,23.128720200325375,32.66650570420815,23.128720200325375,32.66650570420815,12.72116734870968,13.759022199414876,12.72116734870968,13.759022199414876,96,101,96,101,-1,4,-1,4,-1,4,-1,4,96,101,96,101
1787549340,18.76,18.8,18.76,18.8,0,0,0,0,0,0,0,0,18.870346274982634,18.808206655114144,18.76,19.06,22.015752315396462,31.14496950580648,22.015752315396462,31.14496950580648,11.7011999201565,12.730111059785688,11.7011999201565,12.730111059785688,96,101,96,101,-1,4,-1,4,-1,4,-1,4,96,101,96,101
1787549400,18.81,18.81,18.77,18.77,0,0,0,0,0,0,0,0,18.854525740137305,18.80795915937503,18.76,19.06,20.577969468070272,29.63539807184417,20.577969468070272,29.63539807184417,10.893387306977871,11.81174918338178,10.893387306977871,11.81174918338178,96,101,96,101,-1,4,-1,4,-1,4,-1,4,96,101,96,101
1787549460,18.76,18.77,18.73,18.77,0,0,0,0,0,0,0,0,18.836733181324462,18.807448786313255,18.73,19.06,19.618318587697896,28.20438671696613,19.618318587697896,28.20438671696613,10.382485287514173,11.097117235447977,10.382485287514173,11.097117235447977,96,101,96,101,-1,4,-1,4,-1,4,-1,4,96,101,96,101
1787549640,18.8,18.81,18.77,18.81,0,0,0,0,0,0,0,0,18.82944836047759,18.80734150154065,18.73,19.06,19.23741828041333,26.923391226030017,19.23741828041333,26.923391226030017,11.601975806286147,11.349546520867062,11.601975806286147,11.349546520867062,96,101,96,101,-1,4,-1,4,-1,4,-1,4,96,101,96,101
1787549700,18.82,18.84,18.8,18.84,0,0,0,0,0,0,1,0,18.828942597966513,18.807533791740912,18.73,19.06,19.266378199159313,25.829532222191343,19.266378199159313,25.829532222191343,13.94455069110221,12.647048605984637,13.94455069110221,12.647048605984637,96,101,96,101,-1,4,-1,4,-1,4,-1,4,96,101,96,101
1787550000,18.85,18.87,18.830000000000002,18.830000000000002,0,0,0,0,0,0,0,0,18.831559095305934,18.807890006085117,18.73,19.06,19.165718531872443,24.87755883786007,19.165718531872443,24.87755883786007,16.52390059237338,14.585474599179008,16.52390059237338,14.585474599179008,96,101,96,101,-1,4,-1,4,-1,4,-1,4,96,101,96,101
1787550300,18.82,18.84,18.8,18.8,0,0,0,0,0,0,0,0,18.828245320401823,18.807944168545298,18.73,19.06,18.689595779595845,23.993564115250894,18.689595779595845,23.993564115250894,17.71312691467507,16.14930075692704,17.71312691467507,16.14930075692704,96,101,96,101,-1,4,-1,4,-1,4,-1,4,96,101,96,101
1787550720,18.79,18.830000000000002,18.790000000000003,18.790000000000003,0,0,0,0,0,0,0,0,18.823715868207554,18.807898289587964,18.73,19.02,18.119930774930868,23.15447363806232,18.119930774930868,23.15447363806232,18.12640315630165,17.137851956614345,18.12640315630165,17.137851956614345,96,101,96,101,-1,4,-1,4,-1,4,-1,4,96,101,96,101
1787551020,18.78,18.81,18.77,18.81,0,0,0,0,0,0,0,0,18.818797831563757,18.80778653214596,18.73,18.98,17.846058168558237,22.39612857099031,17.846058168558237,22.39612857099031,18.394059848258525,17.765955902436435,18.394059848258525,17.765955902436435,96,101,96,101,-1,4,-1,4,-1,4,-1,4,96,101,96,101
1787551200,18.82,18.86,18.82,18.86,0,0,0,0,0,0,0,0,18.82386489249156,18.808173399156118,18.73,18.98,18.229502993253046,21.800896345599273,18.229502993253046,21.800896345599273,20.701401947858017,19.233678925147224,20.701401947858017,19.233678925147224,96,101,96,101,-1,4,-1,4,-1,4,-1,4,96,101,96,101
1787551320,18.87,18.91,18.87,18.91,0,0,0,0,0,0,0,0,18.837101578705216,18.809053929181097,18.73,18.96,19.223314003939056,21.432670296790672,19.223314003939056,21.432670296790672,24.84362591201693,22.038652418582075,24.84362591201693,22.038652418582075,96,101,96,101,-1,4,-1,4,-1,4,-1,4,96,101,96,101
1787551440,18.93,18.95,18.91,18.95,0,0,0,0,0,0,0,0,18.855204321970934,18.81032370766354,18.73,18.96,20.65634259549442,21.321766339462634,20.65634259549442,21.321766339462634,30.298865500343492,26.168758959462785,30.298865500343492,26.168758959462785,96,101,96,101,-1,4,-1,4,-1,4,-1,4,96,101,96,101
1787551680,18.97,18.990000000000002,18.950000000000003,18.950000000000003,0,0,0,0,0,0,0,1,18.874864142218645,18.81184619150105,18.73,18.990000000000002,21.98701200193873,21.416801434102076,21.98701200193873,21.416801434102076,36.01374618644163,31.091252572952207,36.01374618644163,31.091252572952207,96,101,96,101,-1,4,-1,4,-1,4,-1,4,96,101,96,101
1787551920,18.93,18.97,18.93,18.97,0,0,0,0,0,0,0,0,18.88973732848192,18.81328719125394,18.73,18.990000000000002,23.477735634453296,21.711220605580824,23.477735634453296,21.711220605580824,40.56589499963401,35.828573786293106,40.56589499963401,35.828573786293106,96,101,96,101,-1,4,-1,4,-1,4,-1,4,96,101,96,101
1787551980,18.990000000000002,19.009999999999998,18.97,19.009999999999998,0,0,0,0,0,0,0,0,18.909179026333693,18.815111862651083,18.73,19.009999999999998,25.37218308913518,22.23421524608859,25.37218308913518,22.23421524608859,46.37249874427513,41.10053626528412,46.37249874427513,41.10053626528412,96,101,96,101,-1,4,-1,4,-1,4,-1,4,96,101,96,101
1787552160,19.05,19.09,19.05,19.09,0,0,0,0,0,0,0,0,18.93963132457605,18.817714398014424,18.73,19.09,28.151721031747975,23.079573215468503,28.151721031747975,23.079573215468503,53.39864971731512,47.24959299129962,53.39864971731512,47.24959299129962,96,101,96,101,-1,4,-1,4,-1,4,-1,4,96,101,96,101
1787552280,19.14,19.14,19.1,19.1,0,0,0,0,0,0,0,0,18.971213507986466,18.820655879957897,18.73,19.14,30.860271570296614,24.19110155187252,30.860271570296614,24.19110155187252,59.219748538186444,53.23467076474303,59.219748538186444,53.23467076474303,96,101,96,101,-1,4,-1,4,-1,4,-1,4,96,101,96,101
1787552460,19.07,19.07,19.03,19.03,0,0,0,0,0,0,0,0,18.98432620350408,18.822871576011384,18.73,19.14,32.482497070377484,25.37558662594466,32.482497070377484,25.37558662594466,61.7702374229751,57.502454093859065,61.7702374229751,57.502454093859065,96,101,96,101,-1,4,-1,4,-1,4,-1,4,96,101,96,101
1787552580,19,19.02,18.98,18.98,0,0,0,0,0,0,0,0,18.985963863473035,18.82456771290016,18.73,19.14,33.40907195496091,26.523227387232698,33.40907195496091,26.523227387232698,62.0748376517487,59.78864587280388,62.0748376517487,59.78864587280388,96,101,96,101,-1,4,-1,4,-1,4,-1,4,96,101,96,101
1787552820,18.96,18.97,18.93,18.93,0,0,0,0,0,0,0,0,18.97821285799309,18.825749460367156,18.73,19.14,33.62011226986628,27.537068084751784,33.62011226986628,27.537068084751784,60.66344969453019,60.22604778366704,60.66344969453019,60.22604778366704,96,101,96,101,-1,4,-1,4,-1,4,-1,4,96,101,96,101
1787552940,18.92,18.94,18.900000000000002,18.900000000000002,0,0,0,0,0,0,0,0,18.966416580782226,18.8266209416902,18.73,19.14,33.467352927838824,28.38425163376422,33.467352927838824,28.38425163376422,58.33870600994582,59.282376896806426,58.33870600994582,59.282376896806426,96,101,96,101,-1,4,-1,4,-1,4,-1,4,96,101,96,101
1787553120,18.89,18.93,18.89,18.93,0,0,0,0,0,0,0,0,18.957371141852125,18.827516919053153,18.73,19.14,33.72233036421012,29.146834309542207,33.72233036421012,29.146834309542207,56.41575497716614,57.84906593698628,56.41575497716614,57.84906593698628,96,101,96,101,-1,4,-1,4,-1,4,-1,4,96,101,96,101
1787553300,18.97,18.99,18.95,18.99,0,0,0,0,0,0,0,0,18.960879419091132,18.829000996143833,18.77,19.14,34.817635607736854,29.95694878071287,34.817635607736854,29.95694878071287,56.99747639157798,57.42327116428213,56.99747639157798,57.42327116428213,96,101,96,101,-1,4,-1,4,-1,4,-1,4,96,101,96,101
1787553420,19,19,18.96,18.96,0,0,0,0,0,0,0,0,18.96314376713517,18.830437138802434,18.77,19.14,35.43039209397667,30.73886925403627,35.43039209397667,30.73886925403627,57.42640833563822,57.42483974996017,57.42640833563822,57.42483974996017,96,101,96,101,-1,4,-1,4,-1,4,-1,4,96,101,96,101
1787553480,18.95,18.990000000000002,18.950000000000003,18.950000000000003,0,0,0,0,0,0,0,0,18.963178233716654,18.83175948899677,18.77,19.14,36.10664688609792,31.505694630045078,36.10664688609792,31.505694630045078,57.16688658734152,57.29586316865085,57.16688658734152,57.29586316865085,96,101,96,101,-1,4,-1,4,-1,4,-1,4,96,101,96,101
1787553720,18.94,18.95,18.91,18.95,0,0,0,0,0,0,0,0,18.958357948798476,18.8328033415109,18.77,19.14,36.943749748271024,32.2825596469345,36.943749748271024,32.2825596469345,56.3172616741672,56.806562421409026,56.3172616741672,56.806562421409026,96,101,96,101,-1,4,-1,4,-1,4,-1,4,96,101,96,101
1787554080,18.96,19,18.96,18.96,0,0,0,0,0,0,0,0,18.96108074598663,18.83420164988724,18.77,19.14,37.87633905196595,33.081670990510425,37.87633905196595,33.081670990510425,56.56462150468685,56.68559196304794,56.56462150468685,56.68559196304794,96,101,96,101,-1,4,-1,4,-1,4,-1,4,96,101,96,101
1787621400,18.8,18.8,18.76,18.76,0,0,0,0,0,0,0,0,18.92694485277694,18.83359599499616,18.76,19.14,35.6367247718566,33.44667867355988,35.6367247718566,33.44667867355988,50.086748746177676,53.38617035461281,50.086748746177676,53.38617035461281,96,101,96,101,-1,4,-1,4,-1,4,-1,4,96,101,96,101
1787621400.001,18.68,18.72,18.68,18.72,0,0,0,0,0,0,0,0,18.886894273484163,18.83233301660482,18.68,19.14,33.71236244343204,33.484633497827325,33.71236244343204,33.484633497827325,43.67684054020201,48.53150544740741,43.67684054020201,48.53150544740741,96,101,96,101,-1,4,-1,4,-1,4,-1,4,96,101,96,101
1787621400.002,18.830000000000002,18.87,18.830000000000002,18.87,0,0,0,0,0,0,0,0,18.881398344971892,18.832575142476085,18.68,19.14,34.254647113621694,33.594635442940806,34.254647113621694,33.594635442940806,42.84101859967623,45.68626202354182,42.84101859967623,45.68626202354182,96,101,96,101,-1,4,-1,4,-1,4,-1,4,96,101,96,101
1787621460,18.91,18.91,18.87,18.87,0,0,0,0,0,0,0,0,18.88175016103761,18.83308019910153,18.68,19.14,34.75819716451208,33.76085854602241,34.75819716451208,33.76085854602241,43.11838861338717,44.40232531846449,43.11838861338717,44.40232531846449,96,101,96,101,-1,4,-1,4,-1,4,-1,4,96,101,96,101
1787621460.001,18.71,18.75,18.71,18.75,0,0,0,0,0,0,0,0,18.855371343879256,18.832120860470337,18.68,19.14,33.3624253173575,33.703939513356,33.3624253173575,33.703939513356,38.63563744501515,41.51898138173982,38.63563744501515,41.51898138173982,96,101,96,101,-1,4,-1,4,-1,4,-1,4,96,101,96,101
1787621460.002,18.76,18.8,18.76,18.76,0,0,0,0,0,0,0,0,18.840455341961817,18.831535909951562,18.68,19.14,32.221630962390996,33.492181148932424,32.221630962390996,33.492181148932424,35.84917992181436,38.684080651777094,35.84917992181436,38.684080651777094,96,101,96,101,-1,4,-1,4,-1,4,-1,4,96,101,96,101
1787621520,18.7,18.7,18.66,18.66,0,0,0,0,0,0,0,0,18.810069522211183,18.829961754960337,18.66,19.14,29.920085893648782,32.981881826749046,29.920085893648782,32.981881826749046,31.204058980602735,34.944069816189916,31.204058980602735,34.944069816189916,96,101,96,101,-1,4,-1,4,-1,4,-1,4,96,101,96,101
1787621580,18.63,18.67,18.630000000000003,18.630000000000003,0,0,0,0,0,0,0,0,18.77975385150612,18.828104755740167,18.630000000000003,19.14,27.7829369012453,32.23917540881994,27.7829369012453,32.23917540881994,26.970425904942278,30.9572478605661,26.970425904942278,30.9572478605661,96,101,96,101,-1,4,-1,4,-1,4,-1,4,96,101,96,101
1787621640,18.59,18.62,18.580000000000002,18.62,0,0,0,0,0,0,0,0,18.748283454262584,18.825901391669785,18.580000000000002,19.14,26.30864548993185,31.391956848978786,26.30864548993185,31.391956848978786,23.7807732246444,27.36901054260525,23.7807732246444,27.36901054260525,96,101,96,101,-1,4,-1,4,-1,4,-1,4,96,101,96,101
1787621700,18.63,18.65,18.61,18.65,0,0,0,0,0,0,0,0,18.72798949288151,18.82401845908269,18.580000000000002,19.07,25.32231366922239,30.52486496615644,25.32231366922239,30.52486496615644,21.86311174357266,24.616061143088956,21.86311174357266,24.616061143088956,96,101,96,101,-1,4,-1,4,-1,4,-1,4,96,101,96,101
1787621760,18.7,18.7,18.66,18.66,0,0,0,0,0,0,0,0,18.718052009327295,18.82251910459762,18.580000000000002,19.02,24.533985141828932,29.66902499125251,24.533985141828932,29.66902499125251,21.188789657756075,22.902425400422516,21.188789657756075,22.902425400422516,96,101,96,101,-1,4,-1,4,-1,4,-1,4,96,101,96,101
1787621820,18.62,18.66,18.62,18.66,0,0,0,0,0,0,0,0,18.70507285611627,18.82076932909582,18.580000000000002,19,23.801965794963582,28.83087367749695,23.801965794963582,28.83087367749695,19.79447276787256,21.34844908414754,19.79447276787256,21.34844908414754,96,101,96,101,-1,4,-1,4,-1,4,-1,4,96,101,96,101
1787621880,18.71,18.71,18.67,18.67,0,0,0,0,0,0,0,0,18.70112021561028,18.819401806749926,18.580000000000002,19,23.249784564711085,28.033575232813256,23.249784564711085,28.033575232813256,19.670772576543783,20.50961083034566,19.670772576543783,20.50961083034566,96,101,96,101,-1,4,-1,4,-1,4,-1,4,96,101,96,101
1787621940,18.62,18.66,18.62,18.66,0,0,0,0,0,0,0,0,18.691219570347805,18.81768304913716,18.580000000000002,19,22.609493830497005,27.258706461053787,22.609493830497005,27.258706461053787,18.493315269690594,19.501463050018128,18.493315269690594,19.501463050018128,96,101,96,101,-1,4,-1,4,-1,4,-1,4,96,101,96,101
1787622000,18.72,18.72,18.68,18.68,0,0,0,0,0,0,0,0,18.69160389089063,18.816445738532146,18.580000000000002,19,22.270040189543113,26.54603985083798,22.270040189543113,26.54603985083798,18.810596761775518,19.156029905896823,18.810596761775518,19.156029905896823,96,101,96,101,-1,4,-1,4,-1,4,-1,4,96,101,96,101
1787622000.001,18.64,18.64,18.6,18.6,0,0,0,0,0,0,0,0,18.677372880425665,18.814424719574944,18.580000000000002,19,20.9344250739635,25.744380596998763,20.9344250739635,25.744380596998763,17.041735999889166,18.098882952892993,17.041735999889166,18.098882952892993,96,101,96,101,-1,4,-1,4,-1,4,-1,4,96,101,96,101
1787622120,18.59,18.6,18.560000000000002,18.560000000000002,0,0,0,0,0,0,0,0,18.65845659913615,18.81202580030886,18.560000000000002,19,19.43910899725182,24.843627511320626,19.43910899725182,24.843627511320626,14.952029871826166,16.52545641235958,14.952029871826166,16.52545641235958,96,101,96,101,-1,4,-1,4,-1,4,-1,4,96,101,96,101
1787622120.001,18.51,18.53,18.490000000000002,18.53,0,0,0,0,0,0,1,0,18.63267661141443,18.8090869034567,18.490000000000002,19,18.490161651294265,23.935989531316864,18.490161651294265,23.935989531316864,13.431410219807095,14.978433316083338,13.431410219807095,14.978433316083338,96,101,96,101,-1,4,-1,4,-1,4,-1,4,96,101,96,101
1787622300,18.59,18.59,18.55,18.55,0,0,0,0,0,0,0,0,18.620068742672412,18.806641594301244,18.490000000000002,19,17.828776478399607,23.063530523757258,17.828776478399607,23.063530523757258,13.18296700159283,14.080700158838084,13.18296700159283,14.080700158838084,96,101,96,101,-1,4,-1,4,-1,4,-1,4,96,101,96,101
1787622360,18.51,18.55,18.51,18.51,0,0,0,0,0,0,0,0,18.602480486428945,18.80382260662992,18.490000000000002,18.91,16.775072664008423,22.165179400935994,16.775072664008423,22.165179400935994,11.915070616749949,12.997885387794017,11.915070616749949,12.997885387794017,96,101,96,101,-1,4,-1,4,-1,4,-1,4,96,101,96,101
1787622540,18.5,18.53,18.490000000000002,18.490000000000002,0,0,0,0,0,0,0,0,18.584453731320654,18.800832663612045,18.490000000000002,18.91,15.57685318800782,21.223989941946254,15.57685318800782,21.223989941946254,10.432697891280133,11.715291639537075,10.432697891280133,11.715291639537075,96,101,96,101,-1,4,-1,4,-1,4,-1,4,96,101,96,101
1787622600,18.47,18.509999999999998,18.47,18.509999999999998,0,0,0,0,0,0,0,0,18.56849244683811,18.797806136279256,18.47,18.91,14.890660049845206,20.31922852878896,14.890660049845206,20.31922852878896,9.45403955713139,10.584665598334233,9.45403955713139,10.584665598334233,96,101,96,101,-1,4,-1,4,-1,4,-1,4,96,101,96,101
1787622660,18.580000000000002,18.580000000000002,18.540000000000003,18.540000000000003,0,0,0,1,0,0,0,0,18.5657362443827,18.795373571075814,18.47,18.91,14.57331013157272,19.498383043472355,14.57331013157272,19.498383043472355,9.937151176901647,10.26090838761794,9.937151176901647,10.26090838761794,96,101,96,101,-1,4,-1,4,-1,4,-1,4,96,101,96,101
1787622780,18.43,18.44,18.400000000000002,18.400000000000002,0,0,0,0,0,0,0,0,18.538026624191904,18.79157217567539,18.400000000000002,18.8,13.532359407888956,18.646093952674725,13.532359407888956,18.646093952674725,8.816065614316614,9.538487000967276,8.816065614316614,9.538487000967276,96,101,96,101,-1,4,-1,4,-1,4,-1,4,96,101,96,101
1787622900,18.39,18.43,18.39,18.43,0,0,0,0,0,0,0,0,18.515961177369135,18.78784177260068,18.39,18.8,12.946714688277833,17.83189691490374,12.946714688277833,17.83189691490374,8.100845356489092,8.819666178728184,8.100845356489092,8.819666178728184,96,101,96,101,-1,4,-1,4,-1,4,-1,4,96,101,96,101
1787622960,18.44,18.48,18.44,18.48,0,0,0,0,0,0,0,0,18.506998539059595,18.78464600040233,18.39,18.72,12.8790922105437,17.12435338570945,12.8790922105437,17.12435338570945,8.676602811416837,8.74813449507251,8.676602811416837,8.74813449507251,96,101,96,101,-1,4,-1,4,-1,4,-1,4,96,101,96,101
1787622960.001,18.5,18.5,18.46,18.46,0,0,0,0,0,0,0,0,18.50087759256391,18.78154836192403,18.39,18.72,12.625823719314392,16.481706290510157,12.625823719314392,16.481706290510157,9.451139646319785,9.099637070696147,9.451139646319785,9.099637070696147,96,101,96,101,-1,4,-1,4,-1,4,-1,4,96,101,96,101
1787622960.002,18.45,18.48,18.44,18.44,0,0,0,0,0,0,0,0,18.492233181794713,18.778282540744023,18.39,18.72,12.200169644125276,15.87005819816946,12.200169644125276,15.87005819816946,9.506129064527,9.302883067611575,9.506129064527,9.302883067611575,96,101,96,101,-1,4,-1,4,-1,4,-1,4,96,101,96,101
1787623080,18.42,18.46,18.42,18.42,0,0,0,0,0,0,0,0,18.4815241184381,18.774850210322025,18.39,18.72,11.614443240973483,15.26211320428432,11.614443240973483,15.26211320428432,9.038040369126195,9.170461718368884,9.038040369126195,9.170461718368884,96,101,96,101,-1,4,-1,4,-1,4,-1,4,96,101,96,101
1787623200,18.41,18.419999999999998,18.38,18.419999999999998,0,0,0,0,0,0,0,0,18.467913672661474,18.771186692474707,18.38,18.72,11.160780001956569,14.676208461094642,11.160780001956569,14.676208461094642,8.43813598459659,8.804298851482738,8.43813598459659,8.804298851482738,96,101,96,101,-1,4,-1,4,-1,4,-1,4,96,101,96,101
1787623320,18.45,18.48,18.44,18.48,0,0,0,0,0,0,0,0,18.467686944298784,18.768156642466668,18.38,18.72,11.303431054448405,14.194383117288037,11.303431054448405,14.194383117288037,9.214254807073619,9.009276829278178,9.214254807073619,9.009276829278178,96,101,96,101,-1,4,-1,4,-1,4,-1,4,96,101,96,101
1787623440,18.490000000000002,18.52,18.48,18.48,0,0,0,0,0,0,0,0,18.472349924123247,18.765422082176784,18.38,18.72,11.435892746047967,13.800313064253741,11.435892746047967,13.800313064253741,10.43249490375902,9.7208858665186,10.43249490375902,9.7208858665186,96,101,96,101,-1,4,-1,4,-1,4,-1,4,96,101,96,101
1787623500,18.42,18.45,18.41,18.41,0,0,0,0,0,0,0,0,18.4634378167069,18.762018214029087,18.38,18.72,10.900998151405455,13.386125219561128,10.900998151405455,13.386125219561128,9.863797475111397,9.792341670814999,9.863797475111397,9.792341670814999,96,101,96,101,-1,4,-1,4,-1,4,-1,4,96,101,96,101
1787623560,18.400000000000002,18.42,18.380000000000003,18.380000000000003,0,0,0,0,0,0,0,0,18.450691547002616,18.758349707753506,18.38,18.72,10.122355426305097,12.919872391953122,10.122355426305097,12.919872391953122,8.77813368486648,9.28523767784074,8.77813368486648,9.28523767784074,96,101,96,101,-1,4,-1,4,-1,4,-1,4,96,101,96,101
1787623680,18.34,18.38,18.34,18.38,0,0,0,0,0,0,0,0,18.435414296032445,18.7544523640611,18.34,18.64,9.756472895854724,12.46795817822478,9.756472895854724,12.46795817822478,8.125618346426931,8.705428012133837,8.125618346426931,8.705428012133837,96,101,96,101,-1,4,-1,4,-1,4,-1,4,96,101,96,101
1787623740,18.39,18.4,18.36,18.4,0,0,0,0,0,0,0,0,18.426551090693213,18.750792804883044,18.34,18.6,9.595296260436518,12.057577904255028,9.595296260436518,12.057577904255028,8.217948557589015,8.461688284861426,8.217948557589015,8.461688284861426,96,101,96,101,-1,4,-1,4,-1,4,-1,4,96,101,96,101
1787623740.001,18.41,18.43,18.39,18.39,0,0,0,0,0,0,0,0,18.422329680264145,18.74733549670842,18.34,18.59,9.356346527548201,11.671687707582624,9.356346527548201,11.671687707582624,8.597840618284257,8.529764451572841,8.597840618284257,8.529764451572841,96,101,96,101,-1,4,-1,4,-1,4,-1,4,96,101,96,101
1787623860,18.38,18.41,18.37,18.37,0,0,0,0,0,0,0,0,18.415239435367635,18.743713584635035,18.34,18.59,8.955893204151911,11.283717064235379,8.955893204151911,11.283717064235379,8.61181369765988,8.57078907461636,8.61181369765988,8.57078907461636,96,101,96,101,-1,4,-1,4,-1,4,-1,4,96,101,96,101
1787623920,18.35,18.37,18.330000000000002,18.330000000000002,0,0,0,0,0,0,0,0,18.402165598634127,18.739729701537506,18.330000000000002,18.580000000000002,8.316186546712489,10.859784133160682,8.316186546712489,10.859784133160682,7.746296239331583,8.158542656973971,7.746296239331583,8.158542656973971,96,101,96,101,-1,4,-1,4,-1,4,-1,4,96,101,96,101
1787624040,18.3,18.34,18.3,18.34,0,0,0,0,0,0,0,0,18.38843852009459,18.735619621588544,18.3,18.580000000000002,8.062309276369072,10.46014486790474,8.062309276369072,10.46014486790474,7.456009021467802,7.807275839220886,7.456009021467802,7.807275839220886,96,101,96,101,-1,4,-1,4,-1,4,-1,4,96,101,96,101
1787624100,18.35,18.35,18.310000000000002,18.310000000000002,0,0,0,0,0,0,0,0,18.376601213410723,18.731517270461627,18.3,18.580000000000002,7.571464055948165,10.047476180482374,7.571464055948165,10.047476180482374,7.275218617040426,7.541247228130656,7.275218617040426,7.541247228130656,96,101,96,101,-1,4,-1,4,-1,4,-1,4,96,101,96,101
1787624160,18.3,18.34,18.3,18.34,0,0,0,0,0,0,0,0,18.367522204911804,18.727488906244762,18.3,18.580000000000002,7.370781249230772,9.665091190303572,7.370781249230772,9.665091190303572,7.0522282023610945,7.296737715245875,7.0522282023610945,7.296737715245875,96,101,96,101,-1,4,-1,4,-1,4,-1,4,96,101,96,101
1787624280,18.400000000000002,18.44,18.400000000000002,18.44,0,0,0,0,0,0,0,0,18.378275743412686,18.72449565012956,18.3,18.52,8.034773064761913,9.432188600940478,8.034773064761913,9.432188600940478,10.262454105425252,8.779595910335564,10.262454105425252,8.779595910335564,96,101,96,101,-1,4,-1,4,-1,4,-1,4,96,101,96,101
1787624640,18.5,18.5,18.46,18.46,0,0,0,0,0,0,0,0,18.395558941580077,18.721996522599248,18.3,18.52,8.821404920680282,9.344933789474736,8.821404920680282,9.344933789474736,14.782783791044746,11.781189850690154,14.782783791044746,11.781189850690154,96,101,96,101,-1,4,-1,4,-1,4,-1,4,96,101,96,101
1787624700,18.45,18.47,18.43,18.43,0,0,0,0,0,0,0,0,18.404245194626125,18.71922375454685,18.3,18.52,9.29674674607386,9.338049926131754,9.29674674607386,9.338049926131754,17.500889507970328,14.641039679330241,17.500889507970328,14.641039679330241,96,101,96,101,-1,4,-1,4,-1,4,-1,4,96,101,96,101
1787624760,18.41,18.44,18.400000000000002,18.400000000000002,0,0,0,0,0,0,0,0,18.40589758348198,18.71618006876363,18.3,18.52,9.483033543123017,9.35876187141622,9.483033543123017,9.35876187141622,18.74225903404271,16.691649356686476,18.74225903404271,16.691649356686476,96,101,96,101,-1,4,-1,4,-1,4,-1,4,96,101,96,101
1787625000,18.37,18.4,18.36,18.4,0,0,0,0,0,0,0,0,18.402401053151923,18.712901328444257,18.3,18.52,9.65601414038292,9.401226481268607,9.65601414038292,9.401226481268607,18.98996352577819,17.84080644123233,18.98996352577819,17.84080644123233,96,101,96,101,-1,4,-1,4,-1,4,-1,4,96,101,96,101
1787625120,18.41,18.41,18.37,18.37,0,0,0,0,0,0,0,0,18.39893419500309,18.709622044910816,18.3,18.52,9.56153693987938,9.424127975355859,9.56153693987938,9.424127975355859,19.202281661551456,18.521544051391892,19.202281661551456,18.521544051391892,96,101,96,101,-1,4,-1,4,-1,4,-1,4,96,101,96,101
1787625180,18.35,18.36,18.32,18.36,0,0,0,0,0,0,0,0,18.38943100803283,18.70601054860988,18.3,18.52,9.388774097234924,9.419077421338583,9.388774097234924,9.419077421338583,18.55993890317859,18.54074147728524,18.55993890317859,18.54074147728524,96,101,96,101,-1,4,-1,4,-1,4,-1,4,96,101,96,101
1787625600,18.37,18.37,18.330000000000002,18.330000000000002,0,0,0,0,0,0,0,0,18.38104961263292,18.702401820099663,18.3,18.52,8.996440511439861,9.35870071992448,8.996440511439861,9.35870071992448,18.098995250343517,18.31986836381438,18.098995250343517,18.31986836381438,96,101,96,101,-1,4,-1,4,-1,4,-1,4,96,101,96,101
1787625780,18.31,18.32,18.28,18.28,0,0,0,0,0,0,0,0,18.365101198214813,18.69833148689801,18.28,18.52,8.353837617765585,9.215148848187495,8.353837617765585,9.215148848187495,16.158585790616996,17.239227077215688,16.158585790616996,17.239227077215688,96,101,96,101,-1,4,-1,4,-1,4,-1,4,96,101,96,101
1787625900,18.25,18.28,18.240000000000002,18.240000000000002,0,0,0,0,0,0,0,0,18.34477976823636,18.693903644573982,18.240000000000002,18.5,7.757134930782328,9.006861145701041,7.757134930782328,9.006861145701041,14.25837965726347,15.748803367239578,14.25837965726347,15.748803367239578,96,101,96,101,-1,4,-1,4,-1,4,-1,4,96,101,96,101
1787626260,18.22,18.23,18.19,18.23,0,0,0,0,0,0,0,0,18.321486477041873,18.689155017928137,18.19,18.5,7.555787550364889,8.799564917795877,7.555787550364889,8.799564917795877,13.320369376555412,14.534586371897495,13.320369376555412,14.534586371897495,96,101,96,101,-1,4,-1,4,-1,4,-1,4,96,101,96,101
1787626860,18.27,18.3,18.26,18.3,0,0,0,0,0,0,0,0,18.3151556024282,18.685150158711604,18.19,18.5,7.9861060763088405,8.683356511869158,7.9861060763088405,8.683356511869158,14.933942982102439,14.734264676999967,14.933942982102439,14.734264676999967,96,101,96,101,-1,4,-1,4,-1,4,-1,4,96,101,96,101
1787627160,18.31,18.33,18.29,18.33,0,0,0,0,0,0,0,0,18.315430341380647,18.681483656303197,18.19,18.5,8.65023782923561,8.678625271492937,8.65023782923561,8.678625271492937,17.489167244732492,16.111715960866228,17.489167244732492,16.111715960866228,96,101,96,101,-1,4,-1,4,-1,4,-1,4,96,101,96,101
1787627520,18.36,18.36,18.32,18.32,0,0,0,0,0,0,0,0,18.31868543082659,18.67801947398509,18.19,18.5,9.17874817829373,8.750071401035907,9.17874817829373,8.750071401035907,20.338700129184517,18.225208045025372,20.338700129184517,18.225208045025372,96,101,96,101,-1,4,-1,4,-1,4,-1,4,96,101,96,101
1787627580,18.31,18.34,18.3,18.34,0,0,0,0,0,0,0,0,18.320136564615694,18.674523426151076,18.19,18.5,9.84587463116692,8.906614719626052,9.84587463116692,8.906614719626052,23.3206174267469,20.772912735886138,23.3206174267469,20.772912735886138,96,101,96,101,-1,4,-1,4,-1,4,-1,4,96,101,96,101
1787627760,18.36,18.36,18.32,18.32,0,0,0,0,0,0,0,0,18.322535977109812,18.671128499854383,18.19,18.5,10.28898235151566,9.104095809895997,10.28898235151566,9.104095809895997,26.309446971843574,23.541179853864854,26.309446971843574,23.541179853864854,96,101,96,101,-1,4,-1,4,-1,4,-1,4,96,101,96,101
1787627820,18.31,18.33,18.29,18.33,0,0,0,0,0,0,0,0,18.321468829756512,18.66760151643958,18.19,18.5,10.788622941927656,9.344742543043377,10.788622941927656,9.344742543043377,28.092080088420065,25.81662997114246,28.092080088420065,25.81662997114246,96,101,96,101,-1,4,-1,4,-1,4,-1,4,96,101,96,101
1787628120,18.34,18.34,18.3,18.3,0,0,0,0,0,0,0,0,18.31998964858866,18.66407645989126,18.19,18.5,11.10927685877409,9.59681887386205,11.10927685877409,9.59681887386205,29.533471244619722,27.67505060788109,29.533471244619722,27.67505060788109,96,101,96,101,-1,4,-1,4,-1,4,-1,4,96,101,96,101
1787628240,18.29,18.33,18.29,18.33,0,0,0,0,0,0,0,0,18.319385470057387,18.660619646028326,18.19,18.5,11.70464597203623,9.897937030744076,11.70464597203623,9.897937030744076,30.682369291925106,29.178709949903098,30.682369291925106,29.178709949903098,96,101,96,101,-1,4,-1,4,-1,4,-1,4,96,101,96,101
1787628240.001,18.34,18.34,18.3,18.3,0,0,0,0,0,0,0,0,18.318285081562106,18.65716406082738,18.19,18.5,11.959869672446336,10.192498836701542,11.959869672446336,10.192498836701542,31.75371913333833,30.466214541620715,31.75371913333833,30.466214541620715,96,101,96,101,-1,4,-1,4,-1,4,-1,4,96,101,96,101
1787628480,18.29,18.33,18.29,18.33,0,0,0,0,0,0,0,0,18.31799082430839,18.653776027054636,18.19,18.5,12.494482156160458,10.521353596624246,12.494482156160458,10.521353596624246,32.58543891082677,31.52582672622374,32.58543891082677,31.52582672622374,96,101,96,101,-1,4,-1,4,-1,4,-1,4,96,101,96,101
1787634060,18.38,18.419999999999998,18.38,18.419999999999998,0,0,0,0,0,0,0,0,18.334113704737167,18.651317227448786,18.19,18.47,14.295227575919455,11.060478450809276,14.295227575919455,11.060478450809276,37.194445473349184,34.36013609978646,37.194445473349184,34.36013609978646,96,101,96,101,-1,4,-1,4,-1,4,-1,4,96,101,96,101
1787634240,18.43,18.45,18.41,18.45,0,0,0,0,0,0,0,0,18.35275969781526,18.64918140097334,18.19,18.45,16.318636379044626,11.811643869128611,16.318636379044626,11.811643869128611,42.61688399880141,38.488510049293936,42.61688399880141,38.488510049293936,96,101,96,101,-1,4,-1,4,-1,4,-1,4,96,101,96,101
1787634360,18.46,18.5,18.46,18.46,0,0,0,0,0,0,0,0,18.374682177000363,18.647431668957022,18.19,18.5,18.791833510999673,12.808813817967335,18.791833510999673,12.808813817967335,49.33981762109245,43.91416383519319,49.33981762109245,43.91416383519319,96,101,96,101,-1,4,-1,4,-1,4,-1,4,96,101,96,101
1787634600,18.44,18.47,18.43,18.43,0,0,0,0,0,0,0,0,18.38716420542454,18.645400839746838,18.19,18.5,20.684061036494302,13.93384913489976,20.684061036494302,13.93384913489976,53.8120095738395,48.86308670451635,53.8120095738395,48.86308670451635,96,101,96,101,-1,4,-1,4,-1,4,-1,4,96,101,96,101
1787634780,18.42,18.44,18.400000000000002,18.44,0,0,0,0,0,0,0,0,18.394346471104928,18.643224380313203,18.19,18.5,22.57590034251292,15.168427878844497,22.57590034251292,15.168427878844497,57.09232157020363,52.97770413735999,57.09232157020363,52.97770413735999,96,101,96,101,-1,4,-1,4,-1,4,-1,4,96,101,96,101
1787634900,18.48,18.5,18.46,18.46,0,0,0,0,0,0,0,0,18.40870771878282,18.6415339221343,18.19,18.5,24.60215004850594,16.516102474510415,24.60215004850594,16.516102474510415,61.93166733667229,57.45468573701614,61.93166733667229,57.45468573701614,96,101,96,101,-1,4,-1,4,-1,4,-1,4,96,101,96,101
1787635080,18.45,18.490000000000002,18.450000000000003,18.450000000000003,0,0,0,0,0,0,0,0,18.418639648701095,18.639760781947228,18.19,18.5,26.348896743154476,17.920787370030997,26.348896743154476,17.920787370030997,65.43451670332287,61.4446012201695,65.43451670332287,61.4446012201695,96,101,96,101,-1,4,-1,4,-1,4,-1,4,96,101,96,101
1787635740,18.44,18.44,18.400000000000002,18.400000000000002,0,0,0,0,0,0,0,0,18.417674864088777,18.637507772508282,18.19,18.5,27.29702136931732,19.260249369929046,27.29702136931732,19.260249369929046,66.50147514662714,63.97303818339832,66.50147514662714,63.97303818339832,96,101,96,101,-1,4,-1,4,-1,4,-1,4,96,101,96,101
1787635920,18.38,18.419999999999998,18.38,18.419999999999998,0,0,0,0,0,0,0,0,18.415673373648392,18.635210846081996,18.19,18.5,28.4469645868728,20.57263725806387,28.4469645868728,20.57263725806387,66.86301556346824,65.41802687343328,66.86301556346824,65.41802687343328,96,101,96,101,-1,4,-1,4,-1,4,-1,4,96,101,96,101
1787636100,18.45,18.45,18.41,18.41,0,0,0,0,0,0,0,0,18.41706609359111,18.633102612124297,18.26,18.5,29.379998113686465,21.830831666009953,29.379998113686465,21.830831666009953,68.18673223412476,66.80237955377902,68.18673223412476,66.80237955377902,96,101,96,101,-1,4,-1,4,-1,4,-1,4,96,101,96,101
1787636220,18.400000000000002,18.41,18.37,18.41,0,0,0,0,0,0,0,0,18.413357106877573,18.630750015652083,18.29,18.5,30.246386388584874,23.033053769234943,30.246386388584874,23.033053769234943,68.12318984123144,67.46278469750523,68.12318984123144,67.46278469750523,96,101,96,101,-1,4,-1,4,-1,4,-1,4,96,101,96,101
1787637240,18.43,18.45,18.41,18.45,0,0,0,0,0,0,0,0,18.41759520865741,18.62881883805024,18.29,18.5,32.21291434495577,24.34446242290935,32.21291434495577,24.34446242290935,69.81987700676974,68.64133085213749,69.81987700676974,68.64133085213749,96,101,96,101,-1,4,-1,4,-1,4,-1,4,96,101,96,101
1787638020,18.46,18.47,18.43,18.43,0,0,0,0,0,0,0,0,18.422274867689396,18.626973211137635,18.29,18.5,34.09317656073416,25.737135871170036,34.09317656073416,25.737135871170036,71.5506779873694,70.09600441975344,71.5506779873694,70.09600441975344,96,101,96,101,-1,4,-1,4,-1,4,-1,4,96,101,96,101
1787638380,18.400000000000002,18.43,18.39,18.43,0,0,0,0,0,0,0,0,18.421255194776172,18.624880608705087,18.29,18.5,35.943663949253136,27.19521131089619,35.943663949253136,27.19521131089619,71.74389910438131,70.91995176206737,71.74389910438131,70.91995176206737,96,101,96,101,-1,4,-1,4,-1,4,-1,4,96,101,96,101
1787638620,18.44,18.47,18.43,18.47,0,0,0,0,0,0,0,0,18.42769364421081,18.62320683813754,18.29,18.5,38.376259381449316,28.79250389240378,38.376259381449316,28.79250389240378,73.75283517702726,72.33639346954732,73.75283517702726,72.33639346954732,96,101,96,101,-1,4,-1,4,-1,4,-1,4,96,101,96,101
1787639220,18.48,18.490000000000002,18.450000000000003,18.450000000000003,0,0,0,0,0,0,0,0,18.43417358768763,18.62161605699521,18.29,18.5,40.39700275896486,30.45028944476965,40.39700275896486,30.45028944476965,75.84344397662254,74.08991872308493,75.84344397662254,74.08991872308493,96,101,96,101,-1,4,-1,4,-1,4,-1,4,96,101,96,101
1787640180,18.44,18.45,18.41,18.41,0,0,0,0,0,0,0,0,18.432202632350485,18.619643094570716,18.29,18.5,41.540806591199946,32.034649037116836,41.540806591199946,32.034649037116836,75.79207640392526,74.9409975635051,75.79207640392526,74.9409975635051,96,101,96,101,-1,4,-1,4,-1,4,-1,4,96,101,96,101
1787640960,18.400000000000002,18.44,18.400000000000002,18.44,0,0,0,0,0,0,0,0,18.431196093135245,18.617722931108982,18.29,18.5,43.15236069915452,33.62289356026508,43.15236069915452,33.62289356026508,75.7480470558992,75.34452230970216,75.7480470558992,75.34452230970216,96,101,96,101,-1,4,-1,4,-1,4,-1,4,96,101,96,101
1787707800,18.56,18.599999999999998,18.56,18.599999999999998,0,0,0,0,0,0,0,0,18.459463470140957,18.617413913552344,18.29,18.599999999999998,47.21290636350063,35.56432396072729,47.21290636350063,35.56432396072729,78.65512047300076,76.99982139135146,78.65512047300076,76.99982139135146,96,101,96,101,-1,4,-1,4,-1,4,-1,4,96,101,96,101
1787707800.001,18.650000000000002,18.68,18.64,18.68,0,0,0,0,0,0,0,0,18.497136778600176,18.61790399069776,18.37,18.68,50.98341305182201,37.76705097374082,50.98341305182201,37.76705097374082,81.2962257115518,79.14802355145163,81.2962257115518,79.14802355145163,96,101,96,101,-1,4,-1,4,-1,4,-1,4,96,101,96,101
1787707860,18.740000000000002,18.740000000000002,18.700000000000003,18.700000000000003,0,0,0,0,0,0,0,0,18.536445243097113,18.618853536395626,18.37,18.740000000000002,53.96511731435421,40.0810604509713,53.96511731435421,40.0810604509713,83.34481684366776,81.2464201975597,83.34481684366776,81.2464201975597,96,101,96,101,-1,4,-1,4,-1,4,-1,4,96,101,96,101
1787707860.001,18.650000000000002,18.68,18.64,18.68,0,0,0,0,0,0,0,0,18.560121865564305,18.619329288935635,18.37,18.740000000000002,56.474102441250956,42.42292359243982,56.474102441250956,42.42292359243982,83.80205080106592,82.52423549931281,83.80205080106592,82.52423549931281,96,101,96,101,-1,4,-1,4,-1,4,-1,4,96,101,96,101
1787707920,18.73,18.73,18.69,18.73,0,0,0,0,0,0,0,0,18.588584556673826,18.62029782005734,18.37,18.740000000000002,59.45322499414859,44.85582379268393,59.45322499414859,44.85582379268393,85.64851107623831,84.08637328777556,85.64851107623831,84.08637328777556,96,101,96,101,-1,4,-1,4,-1,4,-1,4,96,101,96,101
1787707980,18.76,18.79,18.75,18.75,0,0,0,0,0,0,0,0,18.62035706152101,18.62172105899541,18.37,18.79,61.8732327326618,47.286882212680766,61.8732327326618,47.286882212680766,86.89009844270558,85.48823586524057,86.89009844270558,85.48823586524057,96,101,96,101,-1,4,-1,4,-1,4,-1,4,96,101,96,101
1787708100,18.73,18.73,18.69,18.69,0,0,0,0,0,0,0,0,18.635443656395978,18.62253312142663,18.37,18.79,63.406097061281216,49.58962719105226,63.406097061281216,49.58962719105226,86.36294152231908,85.92558869377982,86.36294152231908,85.92558869377982,96,101,96,101,-1,4,-1,4,-1,4,-1,4,96,101,96,101
1787708100.001,18.66,18.7,18.66,18.7,0,0,0,0,0,0,0,0,18.64475693099065,18.62317126615539,18.37,18.79,64.94851869976112,51.78375454943923,64.94851869976112,51.78375454943923,85.28252130484488,85.60405499931235,85.28252130484488,85.60405499931235,96,101,96,101,-1,4,-1,4,-1,4,-1,4,96,101,96,101
1787708100.002,18.71,18.73,18.69,18.73,0,0,0,0,0,0,0,0,18.657831428386288,18.624101568648037,18.37,18.79,66.73791022120677,53.92006250254888,66.73791022120677,53.92006250254888,85.32787540415278,85.46596520173256,85.32787540415278,85.46596520173256,96,101,96,101,-1,4,-1,4,-1,4,-1,4,96,101,96,101
1787708220,18.75,18.75,18.71,18.71,0,0,0,0,0,0,0,0,18.669740865649388,18.625088949391174,18.37,18.79,68.16139282445393,55.954538262821025,68.16139282445393,55.954538262821025,85.5953217749881,85.53064348836033,85.5953217749881,85.53064348836033,96,101,96,101,-1,4,-1,4,-1,4,-1,4,96,101,96,101
1787708280,18.68,18.72,18.68,18.72,0,0,0,0,0,0,0,0,18.67645464765253,18.625900667971028,18.37,18.79,69.60224571794531,57.904210756410215,69.60224571794531,57.904210756410215,85.19599009284698,85.36331679060365,85.19599009284698,85.36331679060365,96,101,96,101,-1,4,-1,4,-1,4,-1,4,96,101,96,101
1787708340,18.740000000000002,18.77,18.73,18.73,0,0,0,0,0,0,0,0,18.688614408685403,18.62706915220349,18.37,18.79,71.05922816666352,59.783498957874976,71.05922816666352,59.783498957874976,85.88227722244035,85.622797006522,85.88227722244035,85.622797006522,96,101,96,101,-1,4,-1,4,-1,4,-1,4,96,101,96,101
1787708460,18.7,18.74,18.7,18.74,0,0,0,0,0,0,0,0,18.695533001045632,18.6280601722479,18.39,18.79,72.53118805952087,61.60459740096725,72.53118805952087,61.60459740096725,86.01338047637748,85.81808874144974,86.01338047637748,85.81808874144974,96,101,96,101,-1,4,-1,4,-1,4,-1,4,96,101,96,101
1787708520,18.79,18.81,18.77,18.81,0,0,0,0,0,0,0,0,18.713920940249455,18.62973784880928,18.39,18.81,74.49324605526938,63.445832923010414,74.49324605526938,63.445832923010414,87.68179865008169,86.74994369576572,87.68179865008169,86.74994369576572,96,101,96,101,-1,4,-1,4,-1,4,-1,4,96,101,96,101
1787708640,18.85,18.88,18.84,18.88,0,0,0,0,0,0,0,0,18.741692890507128,18.63209534948448,18.39,18.88,76.31515705132156,65.28430779848343,76.31515705132156,65.28430779848343,89.10255864922266,87.92625117249419,89.10255864922266,87.92625117249419,96,101,96,101,-1,4,-1,4,-1,4,-1,4,96,101,96,101
1787708760,18.89,18.93,18.89,18.93,0,0,0,0,0,0,0,0,18.773506304354317,18.63492690487933,18.400000000000002,18.93,78.00693154765574,67.10182547693661,78.00693154765574,67.10182547693661,90.25117271974192,89.08871194611805,90.25117271974192,89.08871194611805,96,101,96,101,-1,4,-1,4,-1,4,-1,4,96,101,96,101
1787708820,18.96,18.99,18.95,18.99,0,0,0,0,0,0,0,0,18.81044455204747,18.638327300519006,18.400000000000002,18.99,79.57786500853747,68.88411683859388,79.57786500853747,68.88411683859388,91.32128168604608,90.20499681608206,91.32128168604608,90.20499681608206,96,101,96,101,-1,4,-1,4,-1,4,-1,4,96,101,96,101
1787708880,19.06,19.06,19.02,19.02,0,0,0,0,0,0,0,0,18.850969785008537,18.642257708805715,18.400000000000002,19.06,80.70818171154015,70.57326896330049,80.70818171154015,70.57326896330049,92.06420417810159,91.13460049709182,92.06420417810159,91.13460049709182,96,101,96,101,-1,4,-1,4,-1,4,-1,4,96,101,96,101
1787708880.001,19.01,19.04,19,19,0,0,0,0,0,0,0,0,18.8804904301585,18.645950003577134,18.400000000000002,19.06,81.59355789470601,72.14759595350128,81.59355789470601,72.14759595350128,92.16269260814504,91.64864655261843,92.16269260814504,91.64864655261843,96,101,96,101,-1,4,-1,4,-1,4,-1,4,96,101,96,101
1787708940,18.990000000000002,19.03,18.990000000000002,19.03,0,0,0,0,0,0,0,0,18.905249745887257,18.64963872659295,18.56,19.06,82.66199834065068,73.64965343737977,82.66199834065068,73.64965343737977,92.32992699745773,91.98928677503808,92.32992699745773,91.98928677503808,96,101,96,101,-1,4,-1,4,-1,4,-1,4,96,101,96,101
1787709000,19.07,19.11,19.07,19.11,0,0,0,0,0,0,0,0,18.940052822392605,18.654086765797665,18.64,19.11,83.9004270306042,75.11404966498326,83.9004270306042,75.11404966498326,93.11677140322635,92.55302908913222,93.11677140322635,92.55302908913222,96,101,96,101,-1,4,-1,4,-1,4,-1,4,96,101,96,101
1787709060,19.14,19.169999999999998,19.13,19.169999999999998,0,0,0,0,0,0,0,0,18.97943715771516,18.659087560831185,18.64,19.169999999999998,85.05039652841819,76.5335277883311,85.05039652841819,76.5335277883311,93.85008977419403,93.20155943166313,93.85008977419403,93.20155943166313,96,101,96,101,-1,4,-1,4,-1,4,-1,4,96,101,96,101
1787709180,19.21,19.21,19.17,19.17,0,0,0,0,0,0,0,0,19.01650918964574,18.664303936676976,18.64,19.21,85.83811330299898,77.86275429042651,85.83811330299898,77.86275429042651,94.32048511257446,93.7610222721188,94.32048511257446,93.7610222721188,96,101,96,101,-1,4,-1,4,-1,4,-1,4,96,101,96,101
1787709180.001,19.16,19.16,19.12,19.12,0,0,0,0,0,0,0,0,19.037749943043483,18.668970895847686,18.66,19.21,86.21942453765871,79.0565643257454,86.21942453765871,79.0565643257454,93.87334098084617,93.81718162648248,93.87334098084617,93.81718162648248,96,101,96,101,-1,4,-1,4,-1,4,-1,4,96,101,96,101
1787709240,19.11,19.15,19.11,19.15,0,0,0,0,0,0,0,0,19.05573480188406,18.673624585109565,18.66,19.21,86.78358328917047,80.16042417766326,86.78358328917047,80.16042417766326,93.4560609767797,93.6366213016311,93.4560609767797,93.6366213016311,96,101,96,101,-1,4,-1,4,-1,4,-1,4,96,101,96,101
1787709240.001,19.26,19.28,19.240000000000002,19.240000000000002,0,0,0,0,0,0,0,1,19.09166180760211,18.67939283136055,18.66,19.28,87.46548985632671,81.2040049889009,87.46548985632671,81.2040049889009,93.9513489691079,93.7939851353695,93.9513489691079,93.7939851353695,96,101,96,101,-1,4,-1,4,-1,4,-1,4,96,101,96,101
1787709360,19.23,19.27,19.23,19.27,0,0,0,0,0,0,0,0,19.121662691068394,18.6851368496223,18.66,19.28,88.29528120997047,82.21704444905369,88.29528120997047,82.21704444905369,94.39810650000581,94.09604581768765,94.39810650000581,94.09604581768765,96,101,96,101,-1,4,-1,4,-1,4,-1,4,96,101,96,101
1787709360.001,19.29,19.31,19.27,19.31,0,0,0,0,0,0,0,0,19.153481595722624,18.691221723423737,18.68,19.31,89.13133255211542,83.20479989234822,89.13133255211542,83.20479989234822,95.01204159627821,94.55404370698292,95.01204159627821,94.55404370698292,96,101,96,101,-1,4,-1,4,-1,4,-1,4,96,101,96,101
1787709420,19.34,19.34,19.3,19.3,0,0,0,0,0,0,0,0,19.18254554801548,18.697411888696468,18.68,19.34,89.65921873628109,84.12685972719578,89.65921873628109,84.12685972719578,95.36370482688507,94.958874266934,95.36370482688507,94.958874266934,96,101,96,101,-1,4,-1,4,-1,4,-1,4,96,101,96,101
1787709540,19.25,19.28,19.240000000000002,19.240000000000002,0,0,0,0,0,0,0,0,19.195416054436908,18.702943445359523,18.68,19.34,89.77672795698153,84.93398376002231,89.77672795698153,84.93398376002231,94.65825155374343,94.80856291033871,94.65825155374343,94.80856291033871,96,101,96,101,-1,4,-1,4,-1,4,-1,4,96,101,96,101
1787709600,19.23,19.259999999999998,19.22,19.259999999999998,0,0,0,0,0,0,0,0,19.20473434756959,18.70835362666606,18.7,19.34,90.0100672644021,85.65913854636229,90.0100672644021,85.65913854636229,93.99278704606583,94.40067497820226,93.99278704606583,94.40067497820226,96,101,96,101,-1,4,-1,4,-1,4,-1,4,96,101,96,101
1787709660,19.27,19.28,19.240000000000002,19.240000000000002,0,0,0,0,0,0,0,1,19.213570526799362,18.71377631031449,18.7,19.34,90.06225822699773,86.28815564359593,90.06225822699773,86.28815564359593,93.54396944374028,93.97232221097127,93.54396944374028,93.97232221097127,96,101,96,101,-1,4,-1,4,-1,4,-1,4,96,101,96,101
1787709780,19.23,19.25,19.21,19.25,0,0,0,0,0,0,0,0,19.217769824957053,18.71897919943242,18.77,19.34,90.15985202711012,86.84125512695509,90.15985202711012,86.84125512695509,92.91610754752212,93.44421487924669,92.91610754752212,93.44421487924669,96,101,96,101,-1,4,-1,4,-1,4,-1,4,96,101,96,101
1787709780.001,19.26,19.29,19.25,19.29,0,0,0,0,0,0,0,0,19.22847834163153,18.724528328459627,18.84,19.34,90.52258368503762,87.36715920668117,90.52258368503762,87.36715920668117,92.75593101142928,93.10007294533798,92.75593101142928,93.10007294533798,96,101,96,101,-1,4,-1,4,-1,4,-1,4,96,101,96,101
1787709900,19.32,19.32,19.28,19.32,0,0,0,0,0,0,0,0,19.242694400728826,18.73032074973532,18.89,19.34,91.06348757148051,87.89520611593822,91.06348757148051,87.89520611593822,93.21936943836798,93.15972119185298,93.21936943836798,93.15972119185298,96,101,96,101,-1,4,-1,4,-1,4,-1,4,96,101,96,101
1787710020,19.46,19.490000000000002,19.450000000000003,19.450000000000003,0,0,0,0,0,0,0,0,19.282810570293282,18.73761440728356,18.95,19.490000000000002,91.4637146497081,88.40499304933392,91.4637146497081,88.40499304933392,93.68382926650027,93.42177522917663,93.68382926650027,93.42177522917663,96,101,96,101,-1,4,-1,4,-1,4,-1,4,96,101,96,101
1787710140,19.400000000000002,19.44,19.400000000000002,19.44,0,0,0,0,0,0,0,0,19.30896622417935,18.744470648670454,18.990000000000002,19.490000000000002,91.77583026996703,88.88654122371008,91.77583026996703,88.88654122371008,93.47689567380696,93.4493354514918,93.47689567380696,93.4493354514918,96,101,96,101,-1,4,-1,4,-1,4,-1,4,96,101,96,101
1787710380,19.47,19.5,19.46,19.5,0,0,0,0,0,0,0,0,19.34127539554068,18.75185568367539,18.990000000000002,19.5,92.36327096496939,89.38321690103284,92.36327096496939,89.38321690103284,94.17067248231074,93.81000396690126,94.17067248231074,93.81000396690126,96,101,96,101,-1,4,-1,4,-1,4,-1,4,96,101,96,101
1787710500,19.63,19.63,19.59,19.59,0,0,0,0,0,0,0,0,19.388922293321162,18.760328098099848,18.990000000000002,19.63,92.69553199412404,89.85640477147444,92.69553199412404,89.85640477147444,94.64997258424872,94.22998827557498,94.64997258424872,94.22998827557498,96,101,96,101,-1,4,-1,4,-1,4,-1,4,96,101,96,101
1787710620,19.580000000000002,19.59,19.55,19.55,0,0,0,0,0,0,0,0,19.42063339150519,18.768318199942968,19.07,19.63,92.79084047642009,90.27560987218096,92.79084047642009,90.27560987218096,94.44224454202174,94.33611640879836,94.44224454202174,94.33611640879836,96,101,96,101,-1,4,-1,4,-1,4,-1,4,96,101,96,101
1787710620.001,19.53,19.55,19.51,19.51,0,0,0,0,0,0,0,0,19.43930610820122,18.77583078833491,19.11,19.63,92.66612159377601,90.61711154669455,92.66612159377601,90.61711154669455,93.64563523336771,93.99087582108304,93.64563523336771,93.99087582108304,96,101,96,101,-1,4,-1,4,-1,4,-1,4,96,101,96,101
1787710680,19.5,19.52,19.48,19.52,0,0,0,0,0,0,0,0,19.451553482467663,18.78310278712428,19.11,19.63,92.56638728492352,90.89557950929868,92.56638728492352,90.89557950929868,92.71881516243553,93.35484549175928,92.71881516243553,93.35484549175928,96,101,96,101,-1,4,-1,4,-1,4,-1,4,96,101,96,101
1787710800,19.55,19.55,19.51,19.55,0,0,0,0,0,0,0,0,19.46702860686748,18.79060093517943,19.11,19.63,92.64384488248568,91.14533170546827,92.64384488248568,91.14533170546827,92.4356761542681,92.89526082301369,92.4356761542681,92.89526082301369,96,101,96,101,-1,4,-1,4,-1,4,-1,4,96,101,96,101
1787710980,19.57,19.57,19.53,19.53,0,0,0,0,0,0,0,0,19.480902193497634,18.798090809787926,19.11,19.63,92.60239110970043,91.35348304893,92.60239110970043,91.35348304893,92.25313595177867,92.57419838739618,92.25313595177867,92.57419838739618,96,101,96,101,-1,4,-1,4,-1,4,-1,4,96,101,96,101
1787711040,19.51,19.53,19.490000000000002,19.490000000000002,0,0,0,0,0,0,0,1,19.48498058255867,18.805108148330667,19.21,19.63,92.33714095107106,91.49400560637874,92.33714095107106,91.49400560637874,91.39362497863677,91.98391168301647,91.39362497863677,91.98391168301647,96,101,96,101,-1,4,-1,4,-1,4,-1,4,96,101,96,101
1787711340,19.48,19.52,19.48,19.52,0,0,0,0,0,0,0,0,19.48892350694194,18.812088830105154,19.21,19.63,92.26090525955465,91.60356269968959,92.26090525955465,91.60356269968959,90.6876232535781,91.33576746829729,90.6876232535781,91.33576746829729,96,101,96,101,-1,4,-1,4,-1,4,-1,4,96,101,96,101
1787711340.001,19.54,19.56,19.52,19.56,0,0,0,0,0,0,0,0,19.49942226325553,18.819398062309745,19.21,19.63,92.41687234418963,91.71974979176103,92.41687234418963,91.71974979176103,90.65583654293398,90.99580200561564,90.65583654293398,90.99580200561564,96,101,96,101,-1,4,-1,4,-1,4,-1,4,96,101,96,101
1787711460,19.57,19.599999999999998,19.56,19.599999999999998,0,0,0,0,0,0,0,0,19.515284882057554,18.827032575785932,19.21,19.63,92.78845629239376,91.87242214899427,92.78845629239376,91.87242214899427,91.19505700063425,91.09542950312495,91.19505700063425,91.09542950312495,96,101,96,101,-1,4,-1,4,-1,4,-1,4,96,101,96,101
1787711460.001,19.63,19.66,19.62,19.66,0,0,0,0,0,0,0,0,19.53917247925921,18.83518813887927,19.21,19.66,93.30356655722278,92.07687135016978,93.30356655722278,92.07687135016978,92.1931657408034,91.64429762196417,92.1931657408034,91.64429762196417,96,101,96,101,-1,4,-1,4,-1,4,-1,4,96,101,96,101
1787711580,19.8,19.81,19.77,19.77,0,0,0,0,0,0,0,0,19.583565361818142,18.844622419421103,19.21,19.81,93.58347053329418,92.29209980490184,93.58347053329418,92.29209980490184,92.87653409012384,92.260415856044,92.87653409012384,92.260415856044,96,101,96,101,-1,4,-1,4,-1,4,-1,4,96,101,96,101
1787711640,19.72,19.740000000000002,19.700000000000003,19.700000000000003,0,0,0,0,0,0,0,0,19.607159538457267,18.853266309111774,19.21,19.81,93.4961591459954,92.46410828220091,93.4961591459954,92.46410828220091,92.18685500407828,92.22363543006114,92.18685500407828,92.22363543006114,96,101,96,101,-1,4,-1,4,-1,4,-1,4,96,101,96,101
1787711760,19.650000000000002,19.68,19.64,19.68,0,0,0,0,0,0,0,0,19.617979016313523,18.861359845007843,19.21,19.81,93.31587793715447,92.58578966147999,93.31587793715447,92.58578966147999,90.79430777353059,91.50897160179586,90.79430777353059,91.50897160179586,96,101,96,101,-1,4,-1,4,-1,4,-1,4,96,101,96,101
1787711820,19.69,19.69,19.650000000000002,19.650000000000002,0,0,0,0,0,0,0,0,19.626225255771672,18.869339680712574,19.25,19.81,92.98848625351468,92.64331774605637,92.98848625351468,92.64331774605637,89.60069586163257,90.55483373171421,89.60069586163257,90.55483373171421,96,101,96,101,-1,4,-1,4,-1,4,-1,4,96,101,96,101
1787711880,19.64,19.68,19.64,19.68,0,0,0,0,0,0,0,0,19.633578239570763,18.877273282562864,19.28,19.81,92.83538512273041,92.67075594272409,92.83538512273041,92.67075594272409,88.26777792000944,89.41130582586183,88.26777792000944,89.41130582586183,96,101,96,101,-1,4,-1,4,-1,4,-1,4,96,101,96,101
1787711880.001,19.7,19.71,19.67,19.71,0,0,0,0,0,0,0,0,19.64504886267911,18.885426450563898,19.400000000000002,19.81,92.84412521959777,92.69552298227747,92.84412521959777,92.69552298227747,87.69891168653878,88.5551087562003,87.69891168653878,88.5551087562003,96,101,96,101,-1,4,-1,4,-1,4,-1,4,96,101,96,101
1787712060,19.740000000000002,19.75,19.71,19.71,0,0,0,0,0,0,0,0,19.65928240279806,18.893763832482,19.400000000000002,19.81,92.84867351951506,92.71740163045426,92.84867351951506,92.71740163045426,87.70110797621695,88.12810836620862,87.70110797621695,88.12810836620862,96,101,96,101,-1,4,-1,4,-1,4,-1,4,96,101,96,101
1787712240,19.7,19.73,19.69,19.69,0,0,0,0,0,0,0,0,19.66729166289538,18.90181925040092,19.46,19.81,92.7515798182731,92.72228422871409,92.7515798182731,92.72228422871409,87.21319459185943,87.67065147903403,87.21319459185943,87.67065147903403,96,101,96,101,-1,4,-1,4,-1,4,-1,4,96,101,96,101
1787712420,19.68,19.68,19.64,19.64,0,0,0,0,0,0,0,0,19.664753784793188,18.9092970024699,19.48,19.81,92.40812857492128,92.67740484960083,92.40812857492128,92.67740484960083,85.89702393587952,86.78383770745677,85.89702393587952,86.78383770745677,96,101,96,101,-1,4,-1,4,-1,4,-1,4,96,101,96,101
1787712420.001,19.63,19.64,19.6,19.64,0,0,0,0,0,0,0,0,19.65782885422473,18.91643500907882,19.48,19.81,92.08920956323745,92.5933769515489,92.08920956323745,92.5933769515489,83.62602051646823,85.2049291119625,83.62602051646823,85.2049291119625,96,101,96,101,-1,4,-1,4,-1,4,-1,4,96,101,96,101
1787712600,19.650000000000002,19.69,19.650000000000002,19.69,0,0,0,0,0,0,0,0,19.661253911032354,18.923999503184174,19.48,19.81,91.96855173729192,92.50411620665504,91.96855173729192,92.50411620665504,82.72706520459191,83.9659971582772,82.72706520459191,83.9659971582772,96,101,96,101,-1,4,-1,4,-1,4,-1,4,96,101,96,101
1787712720,19.7,19.7,19.66,19.66,0,0,0,0,0,0,0,0,19.663450169632533,18.93145556119561,19.48,19.81,91.62647569744874,92.37873899105413,91.62647569744874,92.37873899105413,82.00415112774543,82.98507414301132,82.00415112774543,82.98507414301132,96,101,96,101,-1,4,-1,4,-1,4,-1,4,96,101,96,101
1787712780,19.63,19.65,19.61,19.65,0,0,1,0,0,0,0,0,19.658580441820558,18.938472587120692,19.48,19.81,91.24778359940142,92.21717393510373,91.24778359940142,92.21717393510373,80.47974858568654,81.73241136434893,80.47974858568654,81.73241136434893,96,101,96,101,-1,4,-1,4,-1,4,-1,4,96,101,96,101
1787712960,19.740000000000002,19.759999999999998,19.72,19.759999999999998,0,0,0,0,0,0,0,0,19.674596119065306,18.946514319255478,19.48,19.81,91.56769160847956,92.12439074558598,91.56769160847956,92.12439074558598,81.79216545439803,81.76228840937348,81.79216545439803,81.76228840937348,96,101,96,101,-1,4,-1,4,-1,4,-1,4,96,101,96,101
1787713080,19.77,19.77,19.73,19.77,0,0,0,0,0,0,0,0,19.68951803681101,18.954575536642654,19.48,19.81,91.92155214576208,92.09541380275401,91.92155214576208,92.09541380275401,83.2504275323412,82.50635797085735,83.2504275323412,82.50635797085735,96,101,96,101,-1,4,-1,4,-1,4,-1,4,96,101,96,101
1787713140,19.82,19.82,19.78,19.78,0,0,0,0,0,0,0,0,19.70839354526961,18.962921385365945,19.48,19.82,92.2522787166313,92.11782307616504,92.2522787166313,92.11782307616504,85.08116270921984,83.7937603400386,85.08116270921984,83.7937603400386,96,101,96,101,-1,4,-1,4,-1,4,-1,4,96,101,96,101
1787713200,19.76,19.78,19.740000000000002,19.740000000000002,0,0,0,0,0,0,0,1,19.716564415826653,18.970786180868107,19.52,19.82,92.31307654229066,92.1457164284687,92.31307654229066,92.1457164284687,85.6199193245304,84.7068398322845,85.6199193245304,84.7068398322845,96,101,96,101,-1,4,-1,4,-1,4,-1,4,96,101,96,101
1787713380,19.73,19.759999999999998,19.72,19.759999999999998,0,0,1,0,0,0,0,0,19.722037552343018,18.978506384706897,19.56,19.82,92.49268437547677,92.19528327804129,92.49268437547677,92.19528327804129,85.81957997240455,85.26320990234453,85.81957997240455,85.26320990234453,96,101,96,101,-1,4,-1,4,-1,4,-1,4,96,101,96,101
1787713620,19.8,19.8,19.76,19.76,0,0,0,0,0,0,0,0,19.731364057977622,18.986415110563875,19.6,19.82,92.65298135617581,92.26066871777479,92.65298135617581,92.26066871777479,86.68133309803996,85.97227150019225,86.68133309803996,85.97227150019225,96,101,96,101,-1,4,-1,4,-1,4,-1,4,96,101,96,101
1787713680,19.75,19.77,19.73,19.77,0,0,0,0,0,0,0,0,19.735964532284722,18.994079305151963,19.6,19.82,92.8644851941432,92.34692821439884,92.8644851941432,92.34692821439884,86.47515626090507,86.22371388054866,86.47515626090507,86.22371388054866,96,101,96,101,-1,4,-1,4,-1,4,-1,4,96,101,96,101
1787713740,19.78,19.78,19.740000000000002,19.78,0,0,0,0,0,0,0,0,19.741546738535984,19.001766741584944,19.6,19.82,93.12353825671694,92.45787250615857,93.12353825671694,92.45787250615857,86.77462373383705,86.49916880719286,86.77462373383705,86.49916880719286,96,101,96,101,-1,4,-1,4,-1,4,-1,4,96,101,96,101
1787714040,19.81,19.82,19.78,19.78,0,0,0,0,0,0,0,0,19.750962483044592,19.009643026079953,19.6,19.82,93.35961205470656,92.58669244166542,93.35961205470656,92.58669244166542,87.63221716868573,87.06569298793929,87.63221716868573,87.06569298793929,96,101,96,101,-1,4,-1,4,-1,4,-1,4,96,101,96,101
1787714160,19.77,19.79,19.75,19.79,0,0,0,0,0,0,0,0,19.755635970975877,19.017275102105692,19.6,19.82,93.64259894875813,92.73753622839295,93.64259894875813,92.73753622839295,87.6343374050919,87.35001519651559,87.6343374050919,87.35001519651559,96,101,96,101,-1,4,-1,4,-1,4,-1,4,96,101,96,101
1787714280,19.8,19.83,19.79,19.83,0,0,0,0,0,0,0,0,19.766732461101476,19.025229247026697,19.6,19.83,94.09669902384685,92.93170234202923,94.09669902384685,92.93170234202923,88.82943206150736,88.08972362901147,88.82943206150736,88.08972362901147,96,101,96,101,-1,4,-1,4,-1,4,-1,4,96,101,96,101
1787714400,19.84,19.86,19.82,19.86,0,0,0,0,0,0,0,0,19.78126595302242,19.03340275368978,19.6,19.86,94.51836337928637,93.15836820449454,94.51836337928637,93.15836820449454,89.97409966174327,89.03191164537736,89.97409966174327,89.03191164537736,96,101,96,101,-1,4,-1,4,-1,4,-1,4,96,101,96,101
1787714520,19.89,19.919999999999998,19.88,19.919999999999998,0,0,0,0,0,0,0,0,19.80406608277592,19.04209194685373,19.6,19.919999999999998,94.90990885219448,93.4085882970231,94.90990885219448,93.4085882970231,90.95182568409165,89.99186866473451,90.95182568409165,89.99186866473451,96,101,96,101,-1,4,-1,4,-1,4,-1,4,96,101,96,101
1787714580,19.95,19.98,19.94,19.98,0,0,0,0,0,0,0,0,19.83362982530151,19.05129169530958,19.6,19.98,95.27348679132344,93.67500236763742,95.27348679132344,93.67500236763742,91.84442201493572,90.91814533983512,91.84442201493572,90.91814533983512,96,101,96,101,-1,4,-1,4,-1,4,-1,4,96,101,96,101
1787714640,19.990000000000002,19.990000000000002,19.950000000000003,19.950000000000003,0,0,0,0,0,0,0,0,19.857212281307298,19.060366736483946,19.6,19.990000000000002,95.32538059194319,93.91077068539538,95.32538059194319,93.91077068539538,92.33723567666756,91.62769050825133,92.33723567666756,91.62769050825133,96,101,96,101,-1,4,-1,4,-1,4,-1,4,96,101,96,101
1787714820,19.94,19.95,19.91,19.91,0,0,0,0,0,0,0,1,19.869234290766578,19.068953468790905,19.6,19.990000000000002,95.08785340680437,94.07892535988238,95.08785340680437,94.07892535988238,91.5831767984881,91.60543365336972,91.5831767984881,91.60543365336972,96,101,96,101,-1,4,-1,4,-1,4,-1,4,96,101,96,101
1787720400,19.84,19.86,19.82,19.82,0,0,0,0,0,0,0,0,19.862706843960535,19.076559238587347,19.61,19.990000000000002,94.22443530631833,94.09971249508752,94.22443530631833,94.09971249508752,88.35980980486653,89.98262172911812,88.35980980486653,89.98262172911812,96,101,96,101,-1,4,-1,4,-1,4,-1,4,96,101,96,101
1787720520,19.8,19.8,19.76,19.76,0,0,0,0,0,0,0,0,19.84645711475559,19.08349231415696,19.61,19.990000000000002,92.85126135586701,93.92136233234173,92.85126135586701,93.92136233234173,83.51813484794039,86.75037828852925,83.51813484794039,86.75037828852925,96,101,96,101,-1,4,-1,4,-1,4,-1,4,96,101,96,101
1787721000,19.75,19.75,19.71,19.71,0,0,0,0,0,0,0,0,19.82407097267882,19.089858891462196,19.61,19.990000000000002,91.08915827200637,93.51676175229382,91.08915827200637,93.51676175229382,77.10192289291898,81.92615059072412,77.10192289291898,81.92615059072412,96,101,96,101,-1,4,-1,4,-1,4,-1,4,96,101,96,101
1787721120,19.67,19.68,19.64,19.64,0,0,0,0,0,0,0,0,19.793027765525093,19.095465602326584,19.64,19.990000000000002,88.88473787595397,92.85504405567384,88.88473787595397,92.85504405567384,68.06538445766677,74.99576752419544,68.06538445766677,74.99576752419544,96,101,96,101,-1,4,-1,4,-1,4,-1,4,96,101,96,101
1787721180,19.61,19.61,19.57,19.57,0,0,0,0,0,0,0,0,19.75490150512659,19.100320007610232,19.57,19.990000000000002,86.26959426143777,91.91426551364012,86.26959426143777,91.91426551364012,58.88597579364628,66.94087165892086,58.88597579364628,66.94087165892086,96,101,96,101,-1,4,-1,4,-1,4,-1,4,96,101,96,101
1787721240,19.53,19.57,19.53,19.57,0,0,0,0,0,0,0,0,19.718858807224787,19.104860770386914,19.53,19.990000000000002,83.84124661938702,90.7609771001754,83.84124661938702,90.7609771001754,51.21903515231796,59.079953405619406,51.21903515231796,59.079953405619406,96,101,96,101,-1,4,-1,4,-1,4,-1,4,96,101,96,101
1787721300,19.66,19.66,19.62,19.62,0,0,0,0,0,0,0,0,19.703308721062704,19.110119203849067,19.53,19.990000000000002,81.60716490115242,89.4532896431721,81.60716490115242,89.4532896431721,47.193955596396805,53.136954501008105,47.193955596396805,53.136954501008105,96,101,96,101,-1,4,-1,4,-1,4,-1,4,96,101,96,101
1787721360,19.580000000000002,19.599999999999998,19.56,19.599999999999998,0,0,0,0,0,0,0,0,19.68210107480888,19.114860969648248,19.53,19.990000000000002,79.34951026535578,88.00989258919834,79.34951026535578,88.00989258919834,42.25320417579353,47.69507933840082,42.25320417579353,47.69507933840082,96,101,96,101,-1,4,-1,4,-1,4,-1,4,96,101,96,101
1787721540,19.61,19.62,19.580000000000002,19.580000000000002,0,0,0,0,0,0,0,0,19.66596148544969,19.119621888689892,19.53,19.990000000000002,77.06996649182304,86.44704600385901,77.06996649182304,86.44704600385901,38.20460979043172,42.94984456441627,38.20460979043172,42.94984456441627,96,101,96,101,-1,4,-1,4,-1,4,-1,4,96,101,96,101
1787721660,19.57,19.59,19.55,19.59,0,0,0,0,0,0,0,0,19.649726063852775,19.12416959792349,19.53,19.990000000000002,75.04482236511772,84.81815691261026,75.04482236511772,84.81815691261026,34.237491621612115,38.59366809301419,34.237491621612115,38.59366809301419,96,101,96,101,-1,4,-1,4,-1,4,-1,4,96,101,96,101
1787721780,19.61,19.63,19.59,19.63,0,0,0,0,0,0,0,0,19.643715264364392,19.129070066269193,19.53,19.990000000000002,73.53063175662028,83.2056533188974,73.53063175662028,83.2056533188974,32.07934064461165,35.33650436881292,32.07934064461165,35.33650436881292,96,101,96,101,-1,4,-1,4,-1,4,-1,4,96,101,96,101
1787721900,19.72,19.740000000000002,19.700000000000003,19.700000000000003,0,0,0,0,0,0,0,0,19.656373095086018,19.134883631115603,19.53,19.990000000000002,72.76562326118405,81.71422045350978,72.76562326118405,81.71422045350978,33.14875160842484,34.24262798861888,33.14875160842484,34.24262798861888,96,101,96,101,-1,4,-1,4,-1,4,-1,4,96,101,96,101
1787722140,19.69,19.71,19.67,19.71,0,0,0,0,0,0,0,0,19.663699199009773,19.14047351206636,19.53,19.990000000000002,72.14683332128261,80.34745086319163,72.14683332128261,80.34745086319163,33.63060696871194,33.93661747866541,33.63060696871194,33.93661747866541,96,101,96,101,-1,4,-1,4,-1,4,-1,4,96,101,96,101
1787722440,19.72,19.72,19.68,19.68,0,0,0,0,0,0,0,0,19.66908722343224,19.145974604815287,19.53,19.990000000000002,71.29751738807742,79.05460322388959,71.29751738807742,79.05460322388959,33.98151404771571,33.959065763190566,33.98151404771571,33.959065763190566,96,101,96,101,-1,4,-1,4,-1,4,-1,4,96,101,96,101
1787722500,19.67,19.67,19.630000000000003,19.630000000000003,0,0,0,0,0,0,0,0,19.66440469795971,19.150923447885116,19.53,19.990000000000002,69.872791242597,77.74291579799065,69.872791242597,77.74291579799065,32.729496512948856,33.34428113806971,32.729496512948856,33.34428113806971,96,101,96,101,-1,4,-1,4,-1,4,-1,4,96,101,96,101
1787722560,19.61,19.62,19.580000000000002,19.580000000000002,0,0,0,0,0,0,0,0,19.651482631664006,19.155325536297536,19.53,19.990000000000002,67.89998623432298,76.336783003181,67.89998623432298,76.336783003181,30.041431793707712,31.69285646588871,30.041431793707712,31.69285646588871,96,101,96,101,-1,4,-1,4,-1,4,-1,4,96,101,96,101
1787722620,19.57,19.59,19.55,19.59,0,0,0,0,0,0,0,0,19.637879728937218,19.159517985355937,19.53,19.990000000000002,65.3502293483362,74.76727533820316,65.3502293483362,74.76727533820316,27.240481910134395,29.46666918801155,27.240481910134395,29.46666918801155,96,101,96,101,-1,4,-1,4,-1,4,-1,4,96,101,96,101
1787722920,19.6,19.61,19.57,19.57,0,0,0,0,0,0,0,0,19.627962202463785,19.163735053495014,19.53,19.990000000000002,62.740467203600296,73.04915989040276,62.740467203600296,73.04915989040276,25.026003127941124,27.246336157976337,25.026003127941124,27.246336157976337,96,101,96,101,-1,4,-1,4,-1,4,-1,4,96,101,96,101
1787723160,19.56,19.59,19.55,19.55,0,0,0,0,0,0,0,0,19.61621149898552,19.167711155781962,19.53,19.95,59.47194326587682,71.10955751547048,59.47194326587682,71.10955751547048,22.382536842582997,24.81443650027967,22.382536842582997,24.81443650027967,96,101,96,101,-1,4,-1,4,-1,4,-1,4,96,101,96,101
1787723520,19.53,19.57,19.53,19.57,0,0,0,0,0,0,1,0,19.60538516583664,19.171581359870366,19.53,19.86,56.484451519994856,69.02025665897396,56.484451519994856,69.02025665897396,19.930373194263716,22.372404847271692,19.930373194263716,22.372404847271692,96,101,96,101,-1,4,-1,4,-1,4,-1,4,96,101,96,101
1787723820,19.580000000000002,19.61,19.57,19.57,0,0,0,0,0,0,0,0,19.60137574174513,19.175678394432186,19.53,19.8,53.71035204167589,66.83312742793139,53.71035204167589,66.83312742793139,18.63597205471042,20.50418845099106,18.63597205471042,20.50418845099106,96,101,96,101,-1,4,-1,4,-1,4,-1,4,96,101,96,101
1787724180,19.56,19.58,19.54,19.58,0,0,0,0,0,0,0,0,19.595065000821773,19.179568825001684,19.53,19.75,51.27445854850293,64.6104604451559,51.27445854850293,64.6104604451559,17.153814556211422,18.82900150360124,17.153814556211422,18.82900150360124,96,101,96,101,-1,4,-1,4,-1,4,-1,4,96,101,96,101
1787724720,19.59,19.6,19.560000000000002,19.560000000000002,0,0,0,0,0,0,0,0,19.591113788551148,19.183486879810953,19.53,19.740000000000002,48.73244540288159,62.34217258197385,48.73244540288159,62.34217258197385,16.069729246938994,17.44936537527012,16.069729246938994,17.44936537527012,96,101,96,101,-1,4,-1,4,-1,4,-1,4,96,101,96,101
1787725020,19.55,19.57,19.53,19.53,0,0,0,0,0,0,0,0,19.582426433056998,19.187067441537543,19.53,19.740000000000002,45.95183655757773,60.00069600706012,45.95183655757773,60.00069600706012,14.146724447686744,15.798044911478431,14.146724447686744,15.798044911478431,96,101,96,101,-1,4,-1,4,-1,4,-1,4,96,101,96,101
1787725500,19.52,19.54,19.5,19.54,0,0,0,0,0,0,1,0,19.572288293713303,19.190446538304997,19.5,19.740000000000002,43.50989865220451,57.64486781350932,43.50989865220451,57.64486781350932,12.942090342915126,14.370067627196779,12.942090342915126,14.370067627196779,96,101,96,101,-1,4,-1,4,-1,4,-1,4,96,101,96,101
1787725860,19.55,19.56,19.52,19.56,0,0,0,0,0,0,0,0,19.56762981606846,19.19399101719417,19.5,19.740000000000002,41.5224969277473,55.34167197268617,41.5224969277473,55.34167197268617,12.550946241449028,13.460506934322904,12.550946241449028,13.460506934322904,96,101,96,101,-1,4,-1,4,-1,4,-1,4,96,101,96,101
1787727060,19.57,19.59,19.55,19.55,0,0,0,0,0,0,0,0,19.566848637389345,19.19766606511595,19.5,19.740000000000002,39.53699644691381,53.08386118329012,39.53699644691381,53.08386118329012,12.565534096169165,13.013020515246033,12.565534096169165,13.013020515246033,96,101,96,101,-1,4,-1,4,-1,4,-1,4,96,101,96,101
1787794200,19.23,19.25,19.21,19.25,0,0,0,0,0,0,0,0,19.506815551803403,19.198054130803023,19.21,19.740000000000002,37.07922563843461,50.797484676882185,37.07922563843461,50.797484676882185,11.28327830953698,12.148149412391508,11.28327830953698,12.148149412391508,96,101,96,101,-1,4,-1,4,-1,4,-1,4,96,101,96,101
1787794200.001,19.32,19.36,19.32,19.36,0,0,0,0,0,0,0,0,19.47769757268763,19.19953286250316,19.21,19.740000000000002,35.80433589502992,48.65560627947472,35.80433589502992,48.65560627947472,12.125593862387012,12.136871637389259,12.125593862387012,12.136871637389259,96,101,96,101,-1,4,-1,4,-1,4,-1,4,96,101,96,101
1787794260,19.39,19.39,19.35,19.35,0,0,0,0,0,0,0,0,19.456904074623214,19.201162717934306,19.21,19.740000000000002,34.5289346131505,46.63751032714269,34.5289346131505,46.63751032714269,13.250509024903128,12.693690331146193,13.250509024903128,12.693690331146193,96,101,96,101,-1,4,-1,4,-1,4,-1,4,96,101,96,101
1787794260.001,19.28,19.32,19.28,19.32,0,0,0,0,0,0,0,0,19.42958818226748,19.202212508468957,19.21,19.740000000000002,33.06990814810861,44.699281444423534,33.06990814810861,44.699281444423534,13.079190885814421,12.886440608480306,13.079190885814421,12.886440608480306,96,101,96,101,-1,4,-1,4,-1,4,-1,4,96,101,96,101
1787794320,19.34,19.34,19.3,19.3,0,0,0,0,0,0,0,0,19.408450937006727,19.203318188318352,19.21,19.72,31.531947675990956,42.81823376321888,31.531947675990956,42.81823376321888,13.152126986375693,13.019283797427999,13.152126986375693,13.019283797427999,96,101,96,101,-1,4,-1,4,-1,4,-1,4,96,101,96,101
1787794380,19.22,19.259999999999998,19.22,19.259999999999998,0,0,0,0,0,0,0,0,19.379035615126714,19.203749516461123,19.21,19.72,29.73754115700989,40.949563390903315,29.73754115700989,40.949563390903315,11.929622358978374,12.474453078203187,11.929622358978374,12.474453078203187,96,101,96,101,-1,4,-1,4,-1,4,-1,4,96,101,96,101
1787794440,19.35,19.349999999999998,19.31,19.349999999999998,0,0,0,0,0,0,0,0,19.371332169952158,19.205072075169635,19.21,19.67,28.89548235641758,39.227551814548214,28.89548235641758,39.227551814548214,13.126489494508974,12.80047128635608,13.126489494508974,12.80047128635608,96,101,96,101,-1,4,-1,4,-1,4,-1,4,96,101,96,101
1787794500,19.36,19.36,19.32,19.32,0,0,0,0,0,0,0,0,19.36442329056692,19.20634830659415,19.21,19.62,27.838845338285186,37.60059374651064,27.838845338285186,37.60059374651064,14.302124167206182,13.551297726781131,14.302124167206182,13.551297726781131,96,101,96,101,-1,4,-1,4,-1,4,-1,4,96,101,96,101
1787794500.001,19.28,19.31,19.27,19.27,0,0,0,0,0,0,0,0,19.349679661978993,19.20711432676071,19.21,19.61,26.399806935001067,36.000481344866415,26.399806935001067,36.000481344866415,14.110815423742782,13.831056575261957,14.110815423742782,13.831056575261957,96,101,96,101,-1,4,-1,4,-1,4,-1,4,96,101,96,101
1787794560,19.25,19.26,19.220000000000002,19.220000000000002,0,0,0,0,0,0,0,0,19.328525784043418,19.207375212398247,19.21,19.61,24.605681531218952,34.37265280005963,24.605681531218952,34.37265280005963,12.741884918464187,13.286470746863072,12.741884918464187,13.286470746863072,96,101,96,101,-1,4,-1,4,-1,4,-1,4,96,101,96,101
1787794620,19.19,19.23,19.19,19.23,0,0,0,0,0,0,0,0,19.30818776270219,19.207467664679527,19.19,19.61,23.205275707560446,32.777313215416896,23.205275707560446,32.777313215416896,11.544992267774429,12.41573150731875,11.544992267774429,12.41573150731875,96,101,96,101,-1,4,-1,4,-1,4,-1,4,96,101,96,101
1787794680,19.27,19.31,19.27,19.31,0,0,0,0,0,0,0,0,19.306093017968458,19.208355216938106,19.19,19.61,22.619184585591817,31.326151982584744,22.619184585591817,31.326151982584744,12.597006359390953,12.506368933354851,12.597006359390953,12.506368933354851,96,101,96,101,-1,4,-1,4,-1,4,-1,4,96,101,96,101
1787794740,19.34,19.34,19.3,19.3,0,0,0,0,0,0,0,0,19.30740943894389,19.209399775310196,19.19,19.61,21.985671400906682,29.991797613773592,21.985671400906682,29.991797613773592,14.070161295062311,13.288265114208581,14.070161295062311,13.288265114208581,96,101,96,101,-1,4,-1,4,-1,4,-1,4,96,101,96,101
1787794860,19.28,19.3,19.26,19.26,0,0,0,0,0,0,0,0,19.301213783378333,19.210035930116398,19.19,19.6,21.040266300841918,28.713007426211924,21.040266300841918,28.713007426211924,14.190008382780698,13.73913674849464,14.190008382780698,13.73913674849464,96,101,96,101,-1,4,-1,4,-1,4,-1,4,96,101,96,101
1787794920,19.21,19.240000000000002,19.200000000000003,19.200000000000003,0,0,0,0,0,0,0,0,19.28523551973379,19.210068740098656,19.19,19.6,19.626675850781794,27.41496005829333,19.626675850781794,27.41496005829333,12.68234484757825,13.210740798036445,12.68234484757825,13.210740798036445,96,101,96,101,-1,4,-1,4,-1,4,-1,4,96,101,96,101
1787795040,19.19,19.23,19.19,19.23,0,0,0,0,0,0,0,0,19.272768455539765,19.210134391109282,19.19,19.59,18.58191329001166,26.153096234253095,18.58191329001166,26.153096234253095,11.493957921300769,12.352349359668608,11.493957921300769,12.352349359668608,96,101,96,101,-1,4,-1,4,-1,4,-1,4,96,101,96,101
1787795100,19.28,19.29,19.25,19.25,0,0,0,0,0,0,0,0,19.27105297877496,19.210663733817977,19.19,19.59,17.790348055010814,24.958417922932767,17.790348055010814,24.958417922932767,11.774041854621386,12.063195607144998,11.774041854621386,12.063195607144998,96,101,96,101,-1,4,-1,4,-1,4,-1,4,96,101,96,101
1787795160,19.23,19.26,19.220000000000002,19.220000000000002,0,0,0,0,0,0,0,0,19.264194861421938,19.210889301972358,19.19,19.59,16.78746605108148,23.79113908409687,16.78746605108148,23.79113908409687,11.130996914350774,11.597096260747886,11.130996914350774,11.597096260747886,96,101,96,101,-1,4,-1,4,-1,4,-1,4,96,101,96,101
1787795220,19.19,19.21,19.17,19.21,0,0,0,0,0,0,1,0,19.25191700783007,19.210747783213098,19.17,19.59,15.93679338889621,22.669089699068202,15.93679338889621,22.669089699068202,10.268127225287646,10.932611743017766,10.268127225287646,10.932611743017766,96,101,96,101,-1,4,-1,4,-1,4,-1,4,96,101,96,101
1787795400,19.25,19.25,19.21,19.21,0,0,0,0,0,0,0,0,19.24671997610339,19.21087301256753,19.17,19.39,15.146883059724173,21.594488750590482,15.146883059724173,21.594488750590482,10.255797361934805,10.594204552476285,10.255797361934805,10.594204552476285,96,101,96,101,-1,4,-1,4,-1,4,-1,4,96,101,96,101
1787795520,19.2,19.2,19.16,19.2,0,0,0,0,0,0,0,0,19.23580119256944,19.210632153404337,19.16,19.39,14.409196920346277,20.568018489127024,14.409196920346277,20.568018489127024,9.687041996504341,10.140623274490313,9.687041996504341,10.140623274490313,96,101,96,101,-1,4,-1,4,-1,4,-1,4,96,101,96,101
1787795640,19.22,19.25,19.21,19.25,0,0,0,0,0,0,0,0,19.235958551496207,19.210891203287545,19.16,19.39,14.154495247034104,19.651800883113747,14.154495247034104,19.651800883113747,10.66342730135156,10.402025287920935,10.66342730135156,10.402025287920935,96,101,96,101,-1,4,-1,4,-1,4,-1,4,96,101,96,101
1787795700,19.27,19.3,19.26,19.26,0,0,0,0,0,0,0,0,19.242753966375684,19.21151251801437,19.16,19.36,14.004045070180558,18.84497862412329,14.004045070180558,18.84497862412329,12.632144036079215,11.517084662000075,12.632144036079215,11.517084662000075,96,101,96,101,-1,4,-1,4,-1,4,-1,4,96,101,96,101
1787795820,19.25,19.29,19.25,19.25,0,0,0,0,0,0,0,0,19.24649566945889,19.212028148017545,19.16,19.36,13.778282814737365,18.12116493706816,13.778282814737365,18.12116493706816,13.938663142036125,12.7278739020181,13.938663142036125,12.7278739020181,96,101,96,101,-1,4,-1,4,-1,4,-1,4,96,101,96,101
1787795940,19.240000000000002,19.25,19.21,19.25,0,0,0,0,0,0,0,0,19.244708578042122,19.212273307407088,19.16,19.36,13.568646434682972,17.47080515101313,13.568646434682972,17.47080515101313,14.48710808999928,13.60749099600869,14.48710808999928,13.60749099600869,96,101,96,101,-1,4,-1,4,-1,4,-1,4,96,101,96,101
1787796180,19.31,19.31,19.27,19.27,0,0,0,0,0,0,0,0,19.251731260822343,19.212980372341676,19.16,19.36,13.546101121362236,16.91013314677729,13.546101121362236,16.91013314677729,16.417521219999315,15.012506108004002,16.417521219999315,15.012506108004002,96,101,96,101,-1,4,-1,4,-1,4,-1,4,96,101,96,101
1787796300,19.25,19.27,19.23,19.27,0,0,0,0,0,0,0,0,19.252628607339492,19.21341506183745,19.16,19.36,13.52516618756441,16.426566438318307,13.52516618756441,16.426566438318307,17.183272156824895,16.097889132414448,17.183272156824895,16.097889132414448,96,101,96,101,-1,4,-1,4,-1,4,-1,4,96,101,96,101
1787796420,19.32,19.32,19.28,19.32,0,0,0,0,0,0,0,0,19.26245370903534,19.214342938502416,19.16,19.34,13.936019205148018,16.070773976436836,13.936019205148018,16.070773976436836,19.66358392662915,17.880736529521798,19.66358392662915,17.880736529521798,96,101,96,101,-1,4,-1,4,-1,4,-1,4,96,101,96,101
1787796600,19.330000000000002,19.36,19.32,19.36,0,0,0,0,0,0,0,0,19.2777651558774,19.215659592514,19.16,19.36,14.661759657792341,15.869486216630479,14.661759657792341,15.869486216630479,22.89346154750029,20.387099038511046,22.89346154750029,20.387099038511046,96,101,96,101,-1,4,-1,4,-1,4,-1,4,96,101,96,101
1787796840,19.38,19.38,19.34,19.34,0,0,0,0,0,0,0,0,19.29150482450575,19.217029480482353,19.16,19.38,15.163544467089439,15.768637395267474,15.163544467089439,15.768637395267474,26.134594947691333,23.26084699310119,26.134594947691333,23.26084699310119,96,101,96,101,-1,4,-1,4,-1,4,-1,4,96,101,96,101
1787796960,19.3,19.34,19.3,19.34,0,0,0,0,0,0,0,0,19.297897886716825,19.21812039775782,19.16,19.38,15.629487504293888,15.748758839414105,15.629487504293888,15.748758839414105,27.84958636712407,25.55521668011263,27.84958636712407,25.55521668011263,96,101,96,101,-1,4,-1,4,-1,4,-1,4,96,101,96,101
1787797080,19.37,19.37,19.330000000000002,19.330000000000002,0,0,0,0,0,0,0,0,19.306158877010734,19.21936629761429,19.16,19.38,16.05016606411378,15.791817014371201,16.05016606411378,15.791817014371201,30.05047602231897,27.8028463512158,30.05047602231897,27.8028463512158,96,101,96,101,-1,4,-1,4,-1,4,-1,4,96,101,96,101
1787797140,19.3,19.34,19.3,19.34,0,0,0,0,0,0,0,0,19.309887566039087,19.220433962977996,19.16,19.38,16.74046032484035,15.927337487295363,16.74046032484035,15.927337487295363,31.206055859662044,29.50445110543892,31.206055859662044,29.50445110543892,96,101,96,101,-1,4,-1,4,-1,4,-1,4,96,101,96,101
1787797260,19.400000000000002,19.42,19.380000000000003,19.380000000000003,0,0,0,0,0,0,0,0,19.32505952372895,19.222154354722825,19.16,19.42,18.00007030163749,16.223442175058526,18.00007030163749,16.223442175058526,39.49530062696315,34.49987586620104,39.49530062696315,34.49987586620104,96,101,96,101,-1,4,-1,4,-1,4,-1,4,96,101,96,101
1787797380,19.34,19.34,19.3,19.3,0,0,0,0,0,0,0,0,19.322927489111564,19.223061608241338,19.16,19.42,18.409266248614962,16.53570275699516,18.409266248614962,16.53570275699516,42.424543394539725,38.46220963037038,42.424543394539725,38.46220963037038,96,101,96,101,-1,4,-1,4,-1,4,-1,4,96,101,96,101
1787797440,19.29,19.31,19.27,19.27,0,0,0,0,0,0,0,0,19.31572855169734,19.22366132689897,19.16,19.42,18.44899846238383,16.809030714907827,18.44899846238383,16.809030714907827,43.06719104147356,40.76470033592197,43.06719104147356,40.76470033592197,96,101,96,101,-1,4,-1,4,-1,4,-1,4,96,101,96,101
1787797800,19.23,19.25,19.21,19.21,0,0,0,0,0,0,0,0,19.298929421085703,19.223658063281402,19.16,19.42,17.746976404725878,16.943022956310408,17.746976404725878,16.943022956310408,40.321328584999364,40.54301446046067,40.321328584999364,40.54301446046067,96,101,96,101,-1,4,-1,4,-1,4,-1,4,96,101,96,101
1787797980,19.18,19.22,19.18,19.22,0,0,0,0,0,0,0,0,19.282154374827694,19.22348899465837,19.16,19.42,17.21825148911736,16.982341318139973,17.21825148911736,16.982341318139973,36.97872120472474,38.76086783259271,36.97872120472474,38.76086783259271,96,101,96,101,-1,4,-1,4,-1,4,-1,4,96,101,96,101
1787798040,19.26,19.3,19.26,19.26,0,0,0,0,0,0,0,0,19.28055054910145,19.223984958227277,19.16,19.42,17.219903476347906,17.016278769312535,17.219903476347906,17.016278769312535,37.63011268097304,38.195490256782875,37.63011268097304,38.195490256782875,96,101,96,101,-1,4,-1,4,-1,4,-1,4,96,101,96,101
1787798160,19.25,19.29,19.25,19.29,0,0,0,0,0,0,0,0,19.279844388658763,19.22450915433115,19.16,19.42,17.590895592569343,17.09836688692065,17.590895592569343,17.09836688692065,38.51811856171316,38.356804409248014,38.51811856171316,38.356804409248014,96,101,96,101,-1,4,-1,4,-1,4,-1,4,96,101,96,101
1787798340,19.3,19.3,19.26,19.26,0,0,0,0,0,0,0,0,19.278660560417777,19.22499496705754,19.18,19.42,17.565930143839033,17.16516163790899,17.565930143839033,17.16516163790899,39.389156569380646,38.87298048931433,39.389156569380646,38.87298048931433,96,101,96,101,-1,4,-1,4,-1,4,-1,4,96,101,96,101
1787798460,19.25,19.29,19.25,19.29,0,0,0,0,0,0,0,0,19.27829803428121,19.225509113322307,19.18,19.42,17.91220606952539,17.271882270997047,17.91220606952539,17.271882270997047,40.025870466062536,39.449425477688436,40.025870466062536,39.449425477688436,96,101,96,101,-1,4,-1,4,-1,4,-1,4,96,101,96,101
1787798520,19.3,19.31,19.27,19.31,0,0,0,0,0,0,0,0,19.28163778562402,19.226217148678966,19.18,19.42,18.480053419239066,17.444478149317337,18.480053419239066,17.444478149317337,42.000196663218226,40.72481107045333,42.000196663218226,40.72481107045333,96,101,96,101,-1,4,-1,4,-1,4,-1,4,96,101,96,101
1787798640,19.34,19.36,19.32,19.36,0,0,0,0,0,0,0,0,19.293461218540866,19.22741565134551,19.18,19.42,19.623103790771236,17.755710383810754,19.623103790771236,17.755710383810754,46.329838898143166,43.52732498429825,46.329838898143166,43.52732498429825,96,101,96,101,-1,4,-1,4,-1,4,-1,4,96,101,96,101
1787798760,19.39,19.41,19.37,19.41,0,0,0,0,0,0,0,0,19.31222584547283,19.2290997410502,19.18,19.42,21.41022903020595,18.277784476152927,21.41022903020595,18.277784476152927,52.78821356104588,48.15776927267206,52.78821356104588,48.15776927267206,96,101,96,101,-1,4,-1,4,-1,4,-1,4,96,101,96,101
1787799000,19.42,19.42,19.380000000000003,19.380000000000003,0,0,0,0,0,0,0,0,19.326972661447467,19.23073390614754,19.18,19.42,22.687049405599442,18.90767946607386,22.687049405599442,18.90767946607386,58.21407316221511,53.185921217443585,58.21407316221511,53.185921217443585,96,101,96,101,-1,4,-1,4,-1,4,-1,4,96,101,96,101
1787799180,19.37,19.400000000000002,19.360000000000003,19.360000000000003,0,0,0,0,0,0,0,0,19.335401874517625,19.232152805920535,19.18,19.42,23.867666324807356,19.6162490173215,23.867666324807356,19.6162490173215,61.436238534645895,57.311079876044744,61.436238534645895,57.311079876044744,96,101,96,101,-1,4,-1,4,-1,4,-1,4,96,101,96,101
1787799660,19.35,19.39,19.35,19.39,0,0,0,0,0,0,0,0,19.34290456399927,19.23359075478368,19.18,19.42,25.734261587321118,20.490250813035733,25.734261587321118,20.490250813035733,64.41787478793829,60.864477331991516,64.41787478793829,60.864477331991516,96,101,96,101,-1,4,-1,4,-1,4,-1,4,96,101,96,101
1787799840,19.400000000000002,19.419999999999998,19.38,19.419999999999998,0,0,0,0,0,0,0,0,19.35449767357516,19.235312903160626,19.18,19.42,28.023084172353713,21.566369864366873,28.023084172353713,21.566369864366873,68.84169487317766,64.85308610258458,68.84169487317766,64.85308610258458,96,101,96,101,-1,4,-1,4,-1,4,-1,4,96,101,96,101
1787800260,19.44,19.45,19.41,19.45,0,0,0,0,0,0,0,0,19.36943749050089,19.237316423195512,19.18,19.45,30.624609906074472,22.860404156039387,30.624609906074472,22.860404156039387,72.80027048242806,68.82667829250633,72.80027048242806,68.82667829250633,96,101,96,101,-1,4,-1,4,-1,4,-1,4,96,101,96,101
1787800380,19.47,19.49,19.45,19.49,0,0,0,0,0,0,0,0,19.388933704349213,19.23969801765791,19.18,19.49,33.675233008021515,24.40537970632255,33.675233008021515,24.40537970632255,76.1664656083151,72.49657195041071,76.1664656083151,72.49657195041071,96,101,96,101,-1,4,-1,4,-1,4,-1,4,96,101,96,101
1787800980,19.5,19.52,19.48,19.48,0,0,0,0,0,0,0,0,19.4079154550736,19.242221752142243,19.18,19.52,36.349224301099355,26.111643219862092,36.349224301099355,26.111643219862092,78.46014512458758,75.47835853749915,78.46014512458758,75.47835853749915,96,101,96,101,-1,4,-1,4,-1,4,-1,4,96,101,96,101
1787801160,19.47,19.48,19.44,19.44,0,0,0,0,0,0,0,0,19.416173251120824,19.24432236489041,19.18,19.52,38.19729558117958,27.838164985764593,38.19729558117958,27.838164985764593,78.91821963059891,77.19828908404904,78.91821963059891,77.19828908404904,96,101,96,101,-1,4,-1,4,-1,4,-1,4,96,101,96,101
1787806800,19.330000000000002,19.36,19.32,19.36,0,0,0,0,0,0,0,0,19.403535690310978,19.245340716151865,19.18,19.52,38.71567057213427,29.392094355245977,38.71567057213427,29.392094355245977,75.02514063575146,76.11171485990025,75.02514063575146,76.11171485990025,96,101,96,101,-1,4,-1,4,-1,4,-1,4,96,101,96,101
1787807040,19.39,19.400000000000002,19.360000000000003,19.360000000000003,0,0,0,0,0,0,0,0,19.398044352678678,19.24661427453178,19.18,19.52,39.197018778020826,30.792797844213815,39.197018778020826,30.792797844213815,72.45852390627446,74.28511938308736,72.45852390627446,74.28511938308736,96,101,96,101,-1,4,-1,4,-1,4,-1,4,96,101,96,101
1787807100,19.35,19.39,19.35,19.39,0,0,0,0,0,0,0,0,19.394157500676496,19.247908328184863,19.18,19.52,40.217829729092436,32.13923097062504,40.217829729092436,32.13923097062504,70.25856670957991,72.27184304633363,70.25856670957991,72.27184304633363,96,101,96,101,-1,4,-1,4,-1,4,-1,4,96,101,96,101
1787807340,19.400000000000002,19.43,19.39,19.43,0,0,0,0,0,0,0,0,19.398250076311072,19.24958751563244,19.18,19.52,41.83017743947288,33.52365189474616,41.83017743947288,33.52365189474616,70.13759499476615,71.20471902054989,70.13759499476615,71.20471902054989,96,101,96,101,-1,4,-1,4,-1,4,-1,4,96,101,96,101
1787807580,19.48,19.509999999999998,19.47,19.509999999999998,0,0,0,0,0,0,0,0,19.416144001830272,19.252046014647707,19.25,19.52,44.65626111073973,35.11402463988809,44.65626111073973,35.11402463988809,73.39524949131227,72.29998425593108,73.39524949131227,72.29998425593108,96,101,96,101,-1,4,-1,4,-1,4,-1,4,96,101,96,101
1787807700,19.52,19.54,19.5,19.54,0,0,0,0,0,0,0,0,19.436239031800525,19.25477855844889,19.25,19.54,47.77882053306229,36.92328119605583,47.77882053306229,36.92328119605583,76.71973765922002,74.50986095757554,76.71973765922002,74.50986095757554,96,101,96,101,-1,4,-1,4,-1,4,-1,4,96,101,96,101
1787807880,19.59,19.61,19.57,19.57,0,0,0,0,0,0,0,0,19.462983450261035,19.258047760189033,19.25,19.61,50.87398414578008,38.91623876030216,50.87398414578008,38.91623876030216,79.11525686404909,76.81255891081231,79.11525686404909,76.81255891081231,96,101,96,101,-1,4,-1,4,-1,4,-1,4,96,101,96,101
1787808000,19.52,19.56,19.52,19.56,0,0,0,0,0,0,0,0,19.478198580516604,19.260919590104233,19.25,19.61,53.58933448457355,41.01239529234093,53.58933448457355,41.01239529234093,79.90610056785594,78.35932973933413,79.90610056785594,78.35932973933413,96,101,96,101,-1,4,-1,4,-1,4,-1,4,96,101,96,101
1787808060,19.580000000000002,19.61,19.57,19.57,0,0,0,0,0,0,0,0,19.497313990119647,19.264127687051786,19.27,19.61,56.269461386469104,43.19197616293068,56.269461386469104,43.19197616293068,81.77997988872698,80.06965481403056,81.77997988872698,80.06965481403056,96,101,96,101,-1,4,-1,4,-1,4,-1,4,96,101,96,101
1787808180,19.53,19.57,19.53,19.57,0,0,0,0,0,0,0,0,19.50810538585547,19.267038522669846,19.32,19.61,58.75815065251498,45.41571537572844,58.75815065251498,45.41571537572844,82.52237478834414,81.29601480118734,82.52237478834414,81.29601480118734,96,101,96,101,-1,4,-1,4,-1,4,-1,4,96,101,96,101
1787808240,19.580000000000002,19.580000000000002,19.540000000000003,19.540000000000003,0,0,0,0,0,0,0,0,19.516328649033262,19.269887227253562,19.32,19.61,60.592885923367135,47.583882596819684,60.592885923367135,47.583882596819684,83.22515845645461,82.26058662882097,83.22515845645461,82.26058662882097,96,101,96,101,-1,4,-1,4,-1,4,-1,4,96,101,96,101
1787808420,19.52,19.55,19.51,19.55,0,0,0,0,0,0,0,0,19.520026470421154,19.27254174903877,19.32,19.61,62.45529883360284,49.70837063064585,62.45529883360284,49.70837063064585,83.16309263044953,82.71183962963525,83.16309263044953,82.71183962963525,96,101,96,101,-1,4,-1,4,-1,4,-1,4,96,101,96,101
1787808540,19.56,19.56,19.52,19.52,0,0,0,0,0,0,0,0,19.52244590004155,19.27513669017603,19.32,19.61,63.70849177405978,51.70838793684784,63.70849177405978,51.70838793684784,83.10989335101648,82.91086649032587,83.10989335101648,82.91086649032587,96,101,96,101,-1,4,-1,4,-1,4,-1,4,96,101,96,101
1787808660,19.48,19.49,19.45,19.49,0,0,0,0,0,0,0,0,19.5141224030643,19.277141963573946,19.32,19.61,64.39598045686502,53.52090115399316,64.39598045686502,53.52090115399316,81.20382885236631,82.0573476713461,81.20382885236631,82.0573476713461,96,101,96,101,-1,4,-1,4,-1,4,-1,4,96,101,96,101
1787808780,19.5,19.5,19.46,19.46,0,0,0,0,0,0,0,0,19.50670620856776,19.279094116506876,19.32,19.61,64.55817232899373,55.097654178993245,64.55817232899373,55.097654178993245,79.4371689166462,80.74725829399614,79.4371689166462,80.74725829399614,96,101,96,101,-1,4,-1,4,-1,4,-1,4,96,101,96,101
1787808900,19.44,19.48,19.44,19.48,0,0,0,0,0,0,0,0,19.49942629185847,19.280960510040803,19.32,19.61,65.02623938485928,56.51602349411696,65.02623938485928,56.51602349411696,77.52421787539771,79.13573808469692,77.52421787539771,79.13573808469692,96,101,96,101,-1,4,-1,4,-1,4,-1,4,96,101,96,101
1787808960,19.5,19.509999999999998,19.47,19.509999999999998,0,0,0,0,0,0,0,0,19.498924541823595,19.28310683995748,19.32,19.61,65.93706355578202,57.86188636006911,65.93706355578202,57.86188636006911,77.08055884336416,78.10814846403053,77.08055884336416,78.10814846403053,96,101,96,101,-1,4,-1,4,-1,4,-1,4,96,101,96,101
1787809020,19.53,19.53,19.490000000000002,19.490000000000002,0,0,0,0,0,0,0,0,19.49972614027991,19.28529814834928,19.32,19.61,66.46536853989286,59.09095524290108,66.46536853989286,59.09095524290108,76.89961522122246,77.5038818426265,76.89961522122246,77.5038818426265,96,101,96,101,-1,4,-1,4,-1,4,-1,4,96,101,96,101
1787809320,19.48,19.52,19.48,19.52,0,0,0,0,0,0,0,0,19.500988054168413,19.287500820173335,19.32,19.61,67.43212792990052,60.282551341043856,67.43212792990052,60.282551341043856,75.99332098327011,76.7486014129483,75.99332098327011,76.7486014129483,96,101,96,101,-1,4,-1,4,-1,4,-1,4,96,101,96,101
1787809560,19.55,19.59,19.55,19.55,0,0,0,0,0,0,0,0,19.512323559471128,19.29024542229433,19.32,19.61,68.80602355395527,61.50019022860262,68.80602355395527,61.50019022860262,77.35935449359661,77.05397795327247,77.35935449359661,77.05397795327247,96,101,96,101,-1,4,-1,4,-1,4,-1,4,96,101,96,101
1787809800,19.53,19.56,19.52,19.52,0,0,0,0,0,0,0,0,19.516143518355165,19.292664207478797,19.35,19.61,69.60559330010132,62.65810495310244,69.60559330010132,62.65810495310244,77.41912924847956,77.23655360087602,77.41912924847956,77.23655360087602,96,101,96,101,-1,4,-1,4,-1,4,-1,4,96,101,96,101
1787809860,19.47,19.47,19.43,19.47,0,0,0,0,0,0,0,0,19.505329545320894,19.29429607274435,19.35,19.61,69.55440012787184,63.6432899780695,69.55440012787184,63.6432899780695,74.77195205425232,76.00425282756417,74.77195205425232,76.00425282756417,96,101,96,101,-1,4,-1,4,-1,4,-1,4,96,101,96,101
1787810040,19.490000000000002,19.509999999999998,19.47,19.509999999999998,0,0,0,0,0,0,0,0,19.503754476474672,19.296309710494818,19.39,19.61,70.14178424572223,64.57164630201989,70.14178424572223,64.57164630201989,73.67007655070374,74.83716468913396,73.67007655070374,74.83716468913396,96,101,96,101,-1,4,-1,4,-1,4,-1,4,96,101,96,101
1787810400,19.54,19.54,19.5,19.5,0,0,0,0,0,0,0,0,19.50549608681261,19.298469149528035,19.43,19.61,70.52848219642462,65.42262285836343,70.52848219642462,65.42262285836343,72.80095231439624,73.8190585017651,72.80095231439624,73.8190585017651,96,101,96,101,-1,4,-1,4,-1,4,-1,4,96,101,96,101
1787810880,19.490000000000002,19.5,19.46,19.5,0,0,0,0,0,0,0,0,19.502072555876985,19.30034176163887,19.43,19.61,70.88755886493398,66.20332800215922,70.88755886493398,66.20332800215922,70.7752005059358,72.29712950385044,70.7752005059358,72.29712950385044,96,101,96,101,-1,4,-1,4,-1,4,-1,4,96,101,96,101
1787812080,19.51,19.53,19.490000000000002,19.490000000000002,0,0,0,0,0,0,0,0,19.502301788141775,19.302361578272645,19.43,19.61,71.06225704124826,66.89746072202908,71.06225704124826,66.89746072202908,69.62997481789584,70.96355216087315,69.62997481789584,70.96355216087315,96,101,96,101,-1,4,-1,4,-1,4,-1,4,96,101,96,101
1787880641,19.48,19.48,19.44,19.44,0,0,0,0,0,0,0,0,19.49339843272206,19.30386378479066,19.43,19.61,70.43082598274643,67.40222718784584,70.43082598274643,67.40222718784584,66.38234294735898,68.67294755411606,66.38234294735898,68.67294755411606,96,101,96,101,-1,4,-1,4,-1,4,-1,4,96,101,96,101
1787880668,19.41,19.41,19.37,19.37,0,0,0,0,0,0,0,0,19.473386596469563,19.304654526567205,19.37,19.61,68.55619887766656,67.56708028639166,68.55619887766656,67.56708028639166,60.150382624829994,64.41166508947303,60.150382624829994,64.41166508947303,96,101,96,101,-1,4,-1,4,-1,4,-1,4,96,101,96,101
1787880695,19.36,19.4,19.36,19.4,0,0,0,0,0,0,0,0,19.4576193365054,19.305470567762224,19.36,19.59,67.31381257909568,67.53089918534937,67.31381257909568,67.53089918534937,54.71018018088878,59.5609226351809,54.71018018088878,59.5609226351809,96,101,96,101,-1,4,-1,4,-1,4,-1,4,96,101,96,101
1787880719,19.41,19.44,19.400000000000002,19.400000000000002,0,0,0,0,0,0,0,0,19.44956733592866,19.30654382911119,19.36,19.59,66.16016815899421,67.33508046729864,66.16016815899421,67.33508046729864,51.32793769199352,55.444430163587214,51.32793769199352,55.444430163587214,96,101,96,101,-1,4,-1,4,-1,4,-1,4,96,101,96,101
1787880737,19.39,19.4,19.36,19.4,0,0,0,0,0,0,0,0,19.438130850608296,19.30734107127592,19.36,19.59,65.08892691175706,67.01420138793556,65.08892691175706,67.01420138793556,47.44365102663486,51.444040595111034,47.44365102663486,51.444040595111034,96,101,96,101,-1,4,-1,4,-1,4,-1,4,96,101,96,101
1787880812,19.41,19.44,19.400000000000002,19.400000000000002,0,0,0,0,0,0,0,0,19.433622211103756,19.308395720649628,19.36,19.59,64.09420289646549,66.59705874629698,64.09420289646549,66.59705874629698,45.09948413120445,48.27176236315774,45.09948413120445,48.27176236315774,96,101,96,101,-1,4,-1,4,-1,4,-1,4,96,101,96,101
1787880932,19.39,19.39,19.35,19.35,0,0,0,0,0,0,0,0,19.420842415145497,19.308942363561904,19.35,19.59,62.33996581249871,65.98890261289723,62.33996581249871,65.98890261289723,40.92271053610625,44.59723644963199,40.92271053610625,44.59723644963199,96,101,96,101,-1,4,-1,4,-1,4,-1,4,96,101,96,101
1787880953,19.34,19.37,19.330000000000002,19.37,0,0,0,0,0,0,0,0,19.409174097240257,19.309417232249515,19.330000000000002,19.59,61.043257291007954,65.28238185262734,61.043257291007954,65.28238185262734,36.85000804572661,40.7236222476793,36.85000804572661,40.7236222476793,96,101,96,101,-1,4,-1,4,-1,4,-1,4,96,101,96,101
1787880968,19.400000000000002,19.400000000000002,19.360000000000003,19.360000000000003,0,0,0,0,0,0,0,0,19.402657594711727,19.310053213354827,19.330000000000002,19.59,59.67305784995595,64.48104985224572,59.67305784995595,64.48104985224572,33.932659957561576,37.328141102620435,33.932659957561576,37.328141102620435,96,101,96,101,-1,4,-1,4,-1,4,-1,4,96,101,96,101
1787881022,19.34,19.37,19.330000000000002,19.37,0,0,0,0,0,0,0,0,19.394295607794444,19.310517028810665,19.330000000000002,19.59,58.56684275436111,63.63616312397649,58.56684275436111,63.63616312397649,30.41166771872625,33.86990441067334,30.41166771872625,33.86990441067334,96,101,96,101,-1,4,-1,4,-1,4,-1,4,96,101,96,101
1787881058,19.38,19.38,19.34,19.34,0,0,0,0,0,0,0,0,19.386847921528787,19.31094306169149,19.330000000000002,19.59,57.04130415230542,62.69404041373777,57.04130415230542,62.69404041373777,27.393674371153114,30.631789390913227,27.393674371153114,30.631789390913227,96,101,96,101,-1,4,-1,4,-1,4,-1,4,96,101,96,101
1787881106,19.330000000000002,19.35,19.310000000000002,19.310000000000002,0,0,0,0,0,0,0,0,19.37529981458416,19.31106634797648,19.310000000000002,19.59,55.12639372282185,61.61294802932121,55.12639372282185,61.61294802932121,24.05172088955967,27.34175514023645,24.05172088955967,27.34175514023645,96,101,96,101,-1,4,-1,4,-1,4,-1,4,96,101,96,101
1787881202,19.29,19.29,19.25,19.25,0,0,0,0,0,0,0,0,19.354942272538555,19.3105913926069,19.25,19.59,52.35158486886614,60.2898961492562,52.35158486886614,60.2898961492562,21.250681397400285,24.296218268818368,21.250681397400285,24.296218268818368,96,101,96,101,-1,4,-1,4,-1,4,-1,4,96,101,96,101
1787881256,19.240000000000002,19.27,19.23,19.27,0,0,0,0,0,0,0,0,19.337073980561847,19.310054828169683,19.23,19.56,50.1072025609571,58.83522563664204,50.1072025609571,58.83522563664204,19.192313378222796,21.744265823520582,19.192313378222796,21.744265823520582,96,101,96,101,-1,4,-1,4,-1,4,-1,4,96,101,96,101
1787881343,19.28,19.3,19.26,19.3,0,0,0,0,0,0,0,0,19.327909014399086,19.30982211014478,19.23,19.54,48.52147214547347,57.36183228076082,48.52147214547347,57.36183228076082,18.631005452010648,20.187635637765617,18.631005452010648,20.187635637765617,96,101,96,101,-1,4,-1,4,-1,4,-1,4,96,101,96,101
1787881457,19.31,19.35,19.310000000000002,19.310000000000002,0,0,0,0,0,0,0,0,19.32707707238713,19.309956550176505,19.23,19.54,47.21512114504933,55.91230211851632,47.21512114504933,55.91230211851632,19.27770392127233,19.73266977951897,19.27770392127233,19.73266977951897,96,101,96,101,-1,4,-1,4,-1,4,-1,4,96,101,96,101
1787881532,19.3,19.31,19.27,19.27,0,0,0,0,0,0,0,0,19.31912366528644,19.309691642546223,19.23,19.54,45.337629103127206,54.401634544889305,45.337629103127206,54.401634544889305,18.666603361090512,19.19963657030474,18.666603361090512,19.19963657030474,96,101,96,101,-1,4,-1,4,-1,4,-1,4,96,101,96,101
1787881634,19.26,19.26,19.220000000000002,19.220000000000002,0,1,0,0,0,0,0,0,19.303525423113147,19.30893185837495,19.220000000000002,19.53,42.76367885157497,52.7390694458444,42.76367885157497,52.7390694458444,16.617706355838138,17.90867146307144,16.617706355838138,17.90867146307144,96,101,96,101,-1,4,-1,4,-1,4,-1,4,96,101,96,101
1787881922,19.21,19.22,19.18,19.18,0,0,0,0,0,0,0,0,19.283490497698637,19.307781624294936,19.18,19.53,39.709130362176765,50.87764957674903,39.709130362176765,50.87764957674903,14.731553183052876,16.32011232306216,14.731553183052876,16.32011232306216,96,101,96,101,-1,4,-1,4,-1,4,-1,4,96,101,96,101
1787881997,19.17,19.17,19.130000000000003,19.130000000000003,0,0,0,0,0,0,0,0,19.258007376904946,19.306145322892334,19.130000000000003,19.48,36.87276390773557,48.87695162403282,36.87276390773557,48.87695162403282,13.12393999541173,14.722026159236943,13.12393999541173,14.722026159236943,96,101,96,101,-1,4,-1,4,-1,4,-1,4,96,101,96,101
1787882036,19.12,19.16,19.12,19.16,0,0,0,0,0,0,0,0,19.237763611407075,19.30455847059158,19.12,19.44,34.82208543619176,46.869113597198385,34.82208543619176,46.869113597198385,11.978574707313427,13.350300433275185,11.978574707313427,13.350300433275185,96,101,96,101,-1,4,-1,4,-1,4,-1,4,96,101,96,101
1787882147,19.17,19.169999999999998,19.13,19.169999999999998,0,0,0,0,0,0,0,0,19.223018712363366,19.30308691035352,19.12,19.44,33.06365659308182,44.89690545375316,33.06365659308182,44.89690545375316,11.54394549380659,12.447122963540888,11.54394549380659,12.447122963540888,96,101,96,101,-1,4,-1,4,-1,4,-1,4,96,101,96,101
1787882276,19.18,19.2,19.16,19.16,0,0,0,0,0,0,0,0,19.213985007085178,19.30179582998516,19.12,19.44,31.28505721544185,42.952355705422974,31.28505721544185,42.952355705422974,11.475357535724681,11.961240249632784,11.475357535724681,11.961240249632784,96,101,96,101,-1,4,-1,4,-1,4,-1,4,96,101,96,101
1787882432,19.150000000000002,19.19,19.150000000000002,19.19,0,0,0,0,0,0,0,0,19.20719985428181,19.300550763683482,19.12,19.44,30.07081843474703,41.11213609532641,30.07081843474703,41.11213609532641,11.477358130925174,11.719299190278978,11.477358130925174,11.719299190278978,96,101,96,101,-1,4,-1,4,-1,4,-1,4,96,101,96,101
1787882441,19.2,19.2,19.16,19.2,0,0,0,0,0,0,0,0,19.203466547442694,19.29941758858879,19.12,19.44,29.08908359028257,39.39455716603444,29.08908359028257,39.39455716603444,12.026185388817302,11.872742289548139,12.026185388817302,11.872742289548139,96,101,96,101,-1,4,-1,4,-1,4,-1,4,96,101,96,101
1787882495,19.21,19.25,19.21,19.25,0,0,0,0,0,0,0,0,19.209502932756145,19.29879320130598,19.12,19.400000000000002,28.906335637040804,37.896239804749634,28.906335637040804,37.896239804749634,13.773204497405743,12.822973393476941,13.773204497405743,12.822973393476941,96,101,96,101,-1,4,-1,4,-1,4,-1,4,96,101,96,101
1787882570,19.26,19.28,19.240000000000002,19.240000000000002,0,0,0,1,0,0,0,0,19.217472096497453,19.29834086431123,19.12,19.400000000000002,28.590868514278437,36.566901048968035,28.590868514278437,36.566901048968035,15.817761909630509,14.320367651553724,15.817761909630509,14.320367651553724,96,101,96,101,-1,4,-1,4,-1,4,-1,4,96,101,96,101
1787882663,19.23,19.27,19.23,19.23,0,0,0,0,0,0,0,0,19.222174139558522,19.297793525694534,19.12,19.400000000000002,28.152162162675456,35.36479549378338,28.152162162675456,35.36479549378338,17.38925046799507,15.854809059774396,17.38925046799507,15.854809059774396,96,101,96,101,-1,4,-1,4,-1,4,-1,4,96,101,96,101
1787882774,19.22,19.22,19.18,19.22,0,0,0,0,0,0,0,0,19.21935459903273,19.296886790778835,19.12,19.38,27.599019384291903,34.25539890671317,27.599019384291903,34.25539890671317,18.034323530390303,16.94456629508235,18.034323530390303,16.94456629508235,96,101,96,101,-1,4,-1,4,-1,4,-1,4,96,101,96,101
1787882972,19.23,19.24,19.2,19.24,0,0,0,0,0,0,0,0,19.220684065875265,19.296188083076228,19.12,19.38,27.376931993868688,33.27276077630681,27.376931993868688,33.27276077630681,19.199488196116857,18.072027245599603,19.199488196116857,18.072027245599603,96,101,96,101,-1,4,-1,4,-1,4,-1,4,96,101,96,101
1787883215,19.25,19.26,19.220000000000002,19.220000000000002,0,0,0,0,0,0,0,0,19.22298393268582,19.295562662680776,19.12,19.35,26.879162798971386,32.35938963668746,26.879162798971386,32.35938963668746,20.33425518850837,19.203141217053986,20.33425518850837,19.203141217053986,96,101,96,101,-1,4,-1,4,-1,4,-1,4,96,101,96,101
1787883311,19.21,19.24,19.2,19.24,0,0,0,0,0,0,0,0,19.223653520682337,19.29487713038213,19.12,19.35,26.708493736071066,31.55211879374226,26.708493736071066,31.55211879374226,21.12274138109073,20.162941299072358,21.12274138109073,20.162941299072358,96,101,96,101,-1,4,-1,4,-1,4,-1,4,96,101,96,101
1787883611,19.25,19.28,19.240000000000002,19.28,0,0,0,0,0,0,0,0,19.231474092679488,19.294596429250632,19.12,19.35,27.133105699529555,30.92083120885473,27.133105699529555,30.92083120885473,23.192314912015078,21.677628105543718,23.192314912015078,21.677628105543718,96,101,96,101,-1,4,-1,4,-1,4,-1,4,96,101,96,101
1787883671,19.29,19.32,19.28,19.32,0,0,0,0,0,0,0,0,19.245145469768065,19.29471653111547,19.12,19.35,28.11047861603546,30.519352267023404,28.11047861603546,30.519352267023404,27.260079448393885,24.4688537769688,27.260079448393885,24.4688537769688,96,101,96,101,-1,4,-1,4,-1,4,-1,4,96,101,96,101
1787883713,19.330000000000002,19.330000000000002,19.290000000000003,19.290000000000003,0,0,0,0,0,0,0,0,19.255725081325387,19.29480227044102,19.12,19.35,28.58072139710585,30.242404999892326,28.58072139710585,30.242404999892326,31.669353812909193,28.069103794938997,31.669353812909193,28.069103794938997,96,101,96,101,-1,4,-1,4,-1,4,-1,4,96,101,96,101
1787883788,19.28,19.31,19.27,19.31,0,0,0,0,0,0,0,0,19.26316900593289,19.294820821647246,19.12,19.330000000000002,29.308920597604097,30.109050085279723,29.308920597604097,30.109050085279723,35.002303268207804,31.5357035315734,35.002303268207804,31.5357035315734,96,101,96,101,-1,4,-1,4,-1,4,-1,4,96,101,96,101
1787883860,19.32,19.36,19.32,19.36,0,0,0,0,0,0,0,0,19.278350398793577,19.295336700702165,19.12,19.36,30.71396854325627,30.195467007847803,30.71396854325627,30.195467007847803,40.001974229892404,35.7688388807329,40.001974229892404,35.7688388807329,96,101,96,101,-1,4,-1,4,-1,4,-1,4,96,101,96,101
1787883974,19.37,19.37,19.330000000000002,19.37,0,0,0,0,0,0,0,0,19.29258972022505,19.295946949119724,19.12,19.37,32.16442851611407,30.476747223314412,32.16442851611407,30.476747223314412,45.090977911336374,40.429908396034634,45.090977911336374,40.429908396034634,96,101,96,101,-1,4,-1,4,-1,4,-1,4,96,101,96,101
1787884127,19.38,19.41,19.37,19.41,0,0,0,0,0,0,0,0,19.31151280139625,19.29694913536397,19.12,19.41,34.09437458420505,30.99355113201307,34.09437458420505,30.99355113201307,50.970838209716874,45.700373302875754,50.970838209716874,45.700373302875754,96,101,96,101,-1,4,-1,4,-1,4,-1,4,96,101,96,101
1787884196,19.42,19.46,19.42,19.46,0,0,0,0,0,0,0,0,19.336086231445417,19.2984388620436,19.12,19.46,36.615330335479044,31.796662446793928,36.615330335479044,31.796662446793928,57.30273527219437,51.50155428753506,57.30273527219437,51.50155428753506,96,101,96,101,-1,4,-1,4,-1,4,-1,4,96,101,96,101
1787884271,19.47,19.5,19.46,19.5,0,0,0,0,0,0,0,0,19.363464492394737,19.300311775522438,19.13,19.5,39.53930819781363,32.902754696939596,39.53930819781363,32.902754696939596,62.876028729550086,57.18879150854257,62.876028729550086,57.18879150854257,96,101,96,101,-1,4,-1,4,-1,4,-1,4,96,101,96,101
1787884319,19.51,19.55,19.51,19.55,0,0,0,0,0,0,0,0,19.394955796807814,19.30266356548407,19.150000000000002,19.55,42.98329347231384,34.3428316648502,42.98329347231384,34.3428316648502,67.64789173496325,62.418341621752916,67.64789173496325,62.418341621752916,96,101,96,101,-1,4,-1,4,-1,4,-1,4,96,101,96,101
1787884388,19.56,19.59,19.55,19.55,0,0,0,0,0,0,0,0,19.42556989435791,19.305257294517396,19.150000000000002,19.59,46.448012631586266,36.07214323152679,46.448012631586266,36.07214323152679,71.35776738376786,66.88805450276038,71.35776738376786,66.88805450276038,96,101,96,101,-1,4,-1,4,-1,4,-1,4,96,101,96,101
1787884427,19.54,19.56,19.52,19.56,0,0,0,0,0,0,0,0,19.447587489323137,19.307659377822365,19.16,19.59,49.817227534801205,38.03572670342313,49.817227534801205,38.03572670342313,74.17291915569145,70.53048682922591,74.17291915569145,70.53048682922591,96,101,96,101,-1,4,-1,4,-1,4,-1,4,96,101,96,101
1787884466,19.57,19.61,19.57,19.61,0,0,0,0,0,0,0,0,19.47469279429469,19.310535072238725,19.18,19.61,53.40171128231541,40.2308673575506,53.40171128231541,40.2308673575506,77.39602983024287,73.96325832973439,77.39602983024287,73.96325832973439,96,101,96,101,-1,4,-1,4,-1,4,-1,4,96,101,96,101
1787884493,19.63,19.63,19.59,19.59,0,0,0,0,0,0,0,0,19.498081983210806,19.313448487772003,19.18,19.63,56.169936386799904,42.50787721887193,56.169936386799904,42.50787721887193,79.9528995183595,76.95807892404694,79.9528995183595,76.95807892404694,96,101,96,101,-1,4,-1,4,-1,4,-1,4,96,101,96,101
1787884532,19.580000000000002,19.599999999999998,19.56,19.599999999999998,0,0,0,0,0,0,0,0,19.51418828929369,19.316167076616725,19.18,19.63,58.88048714908729,44.84682149461698,58.88048714908729,44.84682149461698,81.64030042750147,79.29918967577422,81.64030042750147,79.29918967577422,96,101,96,101,-1,4,-1,4,-1,4,-1,4,96,101,96,101
1787884553,19.61,19.61,19.57,19.61,0,0,0,0,0,0,0,0,19.529184357906956,19.31895811731374,19.18,19.63,61.53748316504884,47.2312017332501,61.53748316504884,47.2312017332501,83.47880092665396,81.3889953012141,83.47880092665396,81.3889953012141,96,101,96,101,-1,4,-1,4,-1,4,-1,4,96,101,96,101
1787884667,19.62,19.66,19.62,19.66,0,0,0,0,0,0,0,0,19.55054477768145,19.322218898899344,19.2,19.66,64.28480579611679,49.6674308850882,64.28480579611679,49.6674308850882,85.41569179956588,83.40234355038999,85.41569179956588,83.40234355038999,96,101,96,101,-1,4,-1,4,-1,4,-1,4,96,101,96,101
1787884733,19.67,19.71,19.67,19.71,0,0,0,0,0,0,0,0,19.57711239386058,19.32594474733484,19.2,19.71,66.83589109639415,52.120068058131906,66.83589109639415,52.120068058131906,87.11175519865941,85.2570493745247,87.11175519865941,85.2570493745247,96,101,96,101,-1,4,-1,4,-1,4,-1,4,96,101,96,101
1787884781,19.72,19.72,19.68,19.68,0,0,0,0,0,0,0,0,19.598243473764718,19.329600355155723,19.2,19.72,68.72856554188982,54.492710555811605,68.72856554188982,54.492710555811605,88.38150445599375,86.81927691525922,88.38150445599375,86.81927691525922,96,101,96,101,-1,4,-1,4,-1,4,-1,4,96,101,96,101
1787884802,19.67,19.67,19.630000000000003,19.630000000000003,0,0,0,0,0,0,0,0,19.606441630049922,19.33272207633162,19.240000000000002,19.72,69.8908108603263,56.69243917074227,69.8908108603263,56.69243917074227,88.2793847718042,87.54933084353172,88.2793847718042,87.54933084353172,96,101,96,101,-1,4,-1,4,-1,4,-1,4,96,101,96,101
1787884844,19.62,19.62,19.580000000000002,19.580000000000002,0,0,0,0,0,0,0,0,19.604058303374178,19.33531522316746,19.27,19.72,70.3748005607792,58.647062226461834,70.3748005607792,58.647062226461834,87.00137742345125,87.27535413349148,87.00137742345125,87.27535413349148,96,101,96,101,-1,4,-1,4,-1,4,-1,4,96,101,96,101
1787884862,19.57,19.57,19.53,19.53,0,0,0,0,0,0,0,0,19.59301739973039,19.337385055109408,19.27,19.72,70.22898147310453,60.30162211883936,70.22898147310453,60.30162211883936,84.71546636295821,85.99541024822484,84.71546636295821,85.99541024822484,96,101,96,101,-1,4,-1,4,-1,4,-1,4,96,101,96,101
1787884925,19.52,19.52,19.48,19.48,0,0,0,0,0,0,0,0,19.574893024021833,19.33893677927084,19.27,19.72,69.49833993931135,61.61543895033536,69.49833993931135,61.61543895033536,81.47524235469065,83.73532630145775,81.47524235469065,83.73532630145775,96,101,96,101,-1,4,-1,4,-1,4,-1,4,96,101,96,101
1787884985,19.47,19.49,19.45,19.49,0,0,0,0,0,0,0,0,19.557033686320892,19.340307225911594,19.32,19.72,68.938934705551,62.661652629651876,68.938934705551,62.661652629651876,78.05647339675242,80.89589984910509,78.05647339675242,80.89589984910509,96,101,96,101,-1,4,-1,4,-1,4,-1,4,96,101,96,101
1787885090,19.5,19.52,19.48,19.48,0,0,0,0,0,0,0,0,19.54545180395952,19.341829873746637,19.330000000000002,19.72,68.30043936944023,63.46719359247878,68.30043936944023,63.46719359247878,75.47697719721639,78.18643852316075,75.47697719721639,78.18643852316075,96,101,96,101,-1,4,-1,4,-1,4,-1,4,96,101,96,101
1787885171,19.46,19.46,19.42,19.42,0,0,0,0,0,0,0,0,19.52506662748203,19.34274035593158,19.37,19.72,66.99326512876596,63.97091809766266,66.99326512876596,63.97091809766266,71.73536820985895,74.96090336650985,71.73536820985895,74.96090336650985,96,101,96,101,-1,4,-1,4,-1,4,-1,4,96,101,96,101
1787885258,19.41,19.419999999999998,19.38,19.419999999999998,0,0,0,0,0,0,0,0,19.503539361879238,19.34337643862546,19.38,19.72,65.77946047671122,64.2292812946696,65.77946047671122,64.2292812946696,67.5721145502494,71.26650895837963,67.5721145502494,71.26650895837963,96,101,96,101,-1,4,-1,4,-1,4,-1,4,96,101,96,101
1787885351,19.43,19.44,19.400000000000002,19.44,0,0,0,0,0,0,0,0,19.489562508204223,19.344205197113432,19.38,19.72,64.89045139504138,64.3237341661513,64.89045139504138,64.3237341661513,64.53271194254182,67.89961045046073,64.53271194254182,67.89961045046073,96,101,96,101,-1,4,-1,4,-1,4,-1,4,96,101,96,101
1787885480,19.45,19.490000000000002,19.450000000000003,19.450000000000003,0,0,0,0,0,0,0,0,19.484793567318608,19.345390551702685,19.38,19.72,64.18399058110988,64.30377079685967,64.18399058110988,64.30377079685967,62.6682504481047,65.2839304492827,62.6682504481047,65.2839304492827,96,101,96,101,-1,4,-1,4,-1,4,-1,4,96,101,96,101
1787885534,19.44,19.46,19.42,19.42,0,0,0,0,0,0,0,0,19.475437161139467,19.346265604256224,19.38,19.72,63.170848396744915,64.14192473970041,63.170848396744915,64.14192473970041,60.38230990789925,62.833120178590974,60.38230990789925,62.833120178590974,96,101,96,101,-1,4,-1,4,-1,4,-1,4,96,101,96,101
1787885600,19.41,19.43,19.39,19.39,0,0,0,0,0,0,0,0,19.462327374265623,19.346833442356495,19.38,19.72,61.87293065412029,63.817782727474686,61.87293065412029,63.817782727474686,57.305716184792715,60.069418181691844,57.305716184792715,60.069418181691844,96,101,96,101,-1,4,-1,4,-1,4,-1,4,96,101,96,101
1787885681,19.38,19.41,19.37,19.41,0,0,0,0,0,0,0,0,19.450389063793086,19.347329295334706,19.37,19.72,60.905816559778366,63.40178756066093,60.905816559778366,63.40178756066093,54.50380068586633,57.28660943377909,54.50380068586633,57.28660943377909,96,101,96,101,-1,4,-1,4,-1,4,-1,4,96,101,96,101
1787885840,19.42,19.44,19.400000000000002,19.44,0,0,0,0,0,0,0,0,19.44607590067919,19.348118721915124,19.37,19.72,60.364924900746594,62.967950037816024,60.364924900746594,62.967950037816024,52.981279708764696,55.1339445712719,52.981279708764696,55.1339445712719,96,101,96,101,-1,4,-1,4,-1,4,-1,4,96,101,96,101
1787885915,19.45,19.46,19.42,19.46,0,0,0,0,0,0,0,0,19.446183312676915,19.349099298479818,19.37,19.72,60.10076359831233,62.55835197502978,60.10076359831233,62.55835197502978,51.662525464655516,53.39823501796371,51.662525464655516,53.39823501796371,96,101,96,101,-1,4,-1,4,-1,4,-1,4,96,101,96,101
1787886038,19.47,19.509999999999998,19.47,19.509999999999998,0,0,0,0,0,0,0,0,19.455362104311416,19.350567630501576,19.37,19.72,60.450709055575715,62.25726012939349,60.450709055575715,62.25726012939349,51.39327579510157,52.39575540653264,51.39327579510157,52.39575540653264,96,101,96,101,-1,4,-1,4,-1,4,-1,4,96,101,96,101
1787886125,19.52,19.52,19.48,19.48,0,0,0,0,0,0,0,0,19.462265964133582,19.351988184758607,19.37,19.72,60.418515551606035,61.99458233256671,60.418515551606035,61.99458233256671,51.22598242754748,51.81086891704006,51.22598242754748,51.81086891704006,96,101,96,101,-1,4,-1,4,-1,4,-1,4,96,101,96,101
1787886167,19.47,19.5,19.46,19.5,0,0,0,0,0,0,0,0,19.466702455503235,19.353328269155703,19.37,19.72,60.62671682172942,61.79917297387566,60.62671682172942,61.79917297387566,50.76512779504074,51.287998356040404,50.76512779504074,51.287998356040404,96,101,96,101,-1,4,-1,4,-1,4,-1,4,96,101,96,101
1787886260,19.51,19.54,19.5,19.54,0,0,0,0,0,0,0,0,19.477605039351133,19.35505302932994,19.37,19.72,61.29623704874874,61.727324984571815,61.29623704874874,61.727324984571815,50.870109538606485,51.079053947323445,50.870109538606485,51.079053947323445,96,101,96,101,-1,4,-1,4,-1,4,-1,4,96,101,96,101
1787886305,19.55,19.57,19.53,19.53,0,0,0,0,0,0,0,0,19.489555638256988,19.35692646519067,19.37,19.67,61.798886783361944,61.737548098684684,61.798886783361944,61.737548098684684,51.36851879865896,51.2237863729912,51.36851879865896,51.2237863729912,96,101,96,101,-1,4,-1,4,-1,4,-1,4,96,101,96,101
1787886419,19.52,19.55,19.51,19.51,0,0,0,0,0,0,0,0,19.49569703736178,19.358582254923434,19.37,19.62,62.02753772740754,61.77897518850224,62.02753772740754,61.77897518850224,50.15260794987107,50.688197161431134,50.15260794987107,50.688197161431134,96,101,96,101,-1,4,-1,4,-1,4,-1,4,96,101,96,101
1787886485,19.5,19.51,19.470000000000002,19.470000000000002,0,0,0,0,0,0,0,0,19.49344909117479,19.359823559186218,19.37,19.57,61.763665984973706,61.77678815942674,61.763665984973706,61.77678815942674,47.641010895807916,49.16460402861952,47.641010895807916,49.16460402861952,96,101,96,101,-1,4,-1,4,-1,4,-1,4,96,101,96,101
1787886521,19.46,19.5,19.46,19.5,0,0,0,0,0,0,0,0,19.4922159230824,19.36108567965866,19.37,19.57,61.875785081285116,61.79093057683508,61.875785081285116,61.79093057683508,45.48821342089664,47.32640872475808,45.48821342089664,47.32640872475808,96,101,96,101,-1,4,-1,4,-1,4,-1,4,96,101,96,101
1787886626,19.51,19.51,19.470000000000002,19.470000000000002,0,0,0,0,0,0,0,0,19.49060090676439,19.362302074222587,19.37,19.57,61.62275281357431,61.76690518208354,61.62275281357431,61.76690518208354,43.72459109546244,45.52549991011026,43.72459109546244,45.52549991011026,96,101,96,101,-1,4,-1,4,-1,4,-1,4,96,101,96,101
1787886815,19.46,19.5,19.46,19.5,0,0,0,0,0,0,0,0,19.489885590382986,19.36353953285387,19.37,19.57,61.744937136414244,61.763766889845066,61.744937136414244,61.763766889845066,42.13128216345766,43.82839103678396,42.13128216345766,43.82839103678396,96,101,96,101,-1,4,-1,4,-1,4,-1,4,96,101,96,101
1787886971,19.52,19.55,19.51,19.55,0,0,0,0,0,0,0,0,19.49839124061638,19.36526219090176,19.37,19.57,62.45363210286086,61.862319063133036,62.45363210286086,61.862319063133036,42.88803777275969,43.35821440477183,42.88803777275969,43.35821440477183,96,101,96,101,-1,4,-1,4,-1,4,-1,4,96,101,96,101
1787887337,19.56,19.58,19.54,19.58,0,0,0,0,0,0,0,0,19.510804954443707,19.367266215536237,19.37,19.58,63.4688488574184,62.091823319459515,63.4688488574184,62.091823319459515,44.842807886855304,44.10051114581357,44.842807886855304,44.10051114581357,96,101,96,101,-1,4,-1,4,-1,4,-1,4,96,101,96,101
1787887508,19.62,19.62,19.580000000000002,19.62,0,0,0,0,0,0,0,0,19.528234356666065,19.369648309577336,19.37,19.62,64.88774060569806,62.49124007463645,64.88774060569806,62.49124007463645,48.31424349485567,46.207377320334615,48.31424349485567,46.207377320334615,96,101,96,101,-1,4,-1,4,-1,4,-1,4,96,101,96,101
1787887742,19.63,19.64,19.6,19.6,0,0,0,0,0,0,0,0,19.543706897878295,19.372073036181874,19.37,19.64,65.96718770529108,62.987804021872826,65.96718770529108,62.987804021872826,51.37139238334558,48.7893848518401,51.37139238334558,48.7893848518401,96,101,96,101,-1,4,-1,4,-1,4,-1,4,96,101,96,101
1787893214,19.580000000000002,19.580000000000002,19.540000000000003,19.540000000000003,0,0,0,0,0,0,0,0,19.54545715887012,19.373876621228156,19.37,19.64,66.21892611375097,63.449392892141134,66.21892611375097,63.449392892141134,51.624458777561706,50.206921814700905,51.624458777561706,50.206921814700905,96,101,96,101,-1,4,-1,4,-1,4,-1,4,96,101,96,101
1787893247,19.52,19.52,19.48,19.48,0,0,0,0,0,0,0,0,19.535980099681616,19.3750652452292,19.37,19.64,65.62434116577627,63.760099788374724,65.62434116577627,63.760099788374724,49.39239323791011,49.79965752630551,49.39239323791011,49.79965752630551,96,101,96,101,-1,4,-1,4,-1,4,-1,4,96,101,96,101
1787893286,19.44,19.48,19.44,19.48,0,0,0,0,0,0,0,0,19.52337765731526,19.375976702158926,19.37,19.64,65.07222657122834,63.94754647163952,65.07222657122834,63.94754647163952,46.17307175494329,47.9863646406244,46.17307175494329,47.9863646406244,96,101,96,101,-1,4,-1,4,-1,4,-1,4,96,101,96,101
1787893295,19.490000000000002,19.5,19.46,19.46,0,0,0,0,0,0,0,0,19.514278689318548,19.37694542485718,19.400000000000002,19.64,64.25074099981408,63.990859975664456,64.25074099981408,63.990859975664456,43.82181660627791,45.904090623451154,43.82181660627791,45.904090623451154,96,101,96,101,-1,4,-1,4,-1,4,-1,4,96,101,96,101
1787893379,19.45,19.47,19.43,19.43,0,0,0,0,0,0,0,0,19.501379533684872,19.377606001060922,19.42,19.64,62.96828066384854,63.84477721683361,62.96828066384854,63.84477721683361,40.99012851966673,43.44710957155894,40.99012851966673,43.44710957155894,96,101,96,101,-1,4,-1,4,-1,4,-1,4,96,101,96,101
1787893817,19.41,19.44,19.400000000000002,19.44,0,0,0,0,0,0,0,0,19.4877953760452,19.378094166887845,19.400000000000002,19.64,61.90969976986997,63.56833758155309,61.90969976986997,63.56833758155309,38.097358836963075,40.77223420426101,38.097358836963075,40.77223420426101,96,101,96,101,-1,4,-1,4,-1,4,-1,4,96,101,96,101
1787893931,19.45,19.47,19.43,19.47,0,0,0,0,0,0,0,0,19.482135610703647,19.378875982806044,19.400000000000002,19.64,61.323557193715224,63.24765466900482,61.323557193715224,63.24765466900482,37.31096365919592,39.041598931728466,37.31096365919592,39.041598931728466,96,101,96,101,-1,4,-1,4,-1,4,-1,4,96,101,96,101
1787894108,19.48,19.509999999999998,19.47,19.509999999999998,0,0,0,0,0,0,0,0,19.48477762087874,19.380048029411622,19.400000000000002,19.64,61.3083824735292,62.97061578393687,61.3083824735292,62.97061578393687,38.64749266026325,38.844545795995856,38.64749266026325,38.844545795995856,96,101,96,101,-1,4,-1,4,-1,4,-1,4,96,101,96,101
1787894237,19.52,19.54,19.5,19.54,0,0,0,0,0,0,0,0,19.492393811022,19.381506921324608,19.400000000000002,19.64,61.59954196717821,62.77474809582849,61.59954196717821,62.77474809582849,41.486210640013894,40.165378218004875,41.486210640013894,40.165378218004875,96,101,96,101,-1,4,-1,4,-1,4,-1,4,96,101,96,101
1787894435,19.56,19.56,19.52,19.52,0,0,0,0,0,0,0,0,19.499837360533153,19.38301763189186,19.400000000000002,19.64,61.595179079412745,62.60623823634052,61.595179079412745,62.60623823634052,44.342677903080535,42.25402806054271,44.342677903080535,42.25402806054271,96,101,96,101,-1,4,-1,4,-1,4,-1,4,96,101,96,101
1787894495,19.51,19.52,19.48,19.48,0,0,0,0,0,0,0,0,19.498654810133186,19.384115300562918,19.400000000000002,19.64,61.04167727703713,62.38272952786861,61.04167727703713,62.38272952786861,44.56885619205858,43.41144212630064,44.56885619205858,43.41144212630064,96,101,96,101,-1,4,-1,4,-1,4,-1,4,96,101,96,101
1787894591,19.47,19.5,19.46,19.46,0,0,0,0,0,0,0,0,19.494050905260487,19.385003042182525,19.400000000000002,19.64,59.955366995344,62.03596345179367,59.955366995344,62.03596345179367,43.4928820270554,43.45216207667802,43.4928820270554,43.45216207667802,96,101,96,101,-1,4,-1,4,-1,4,-1,4,96,101,96,101
1787895077,19.45,19.490000000000002,19.450000000000003,19.450000000000003,0,0,0,0,0,0,0,0,19.488465892182823,19.385782448064624,19.400000000000002,19.64,58.52998363853377,61.53510919275654,58.52998363853377,61.53510919275654,41.9356978221322,42.69392994940511,41.9356978221322,42.69392994940511,96,101,96,101,-1,4,-1,4,-1,4,-1,4,96,101,96,101
1787895287,19.44,19.45,19.41,19.41,0,0,0,0,0,0,0,0,19.47662360875564,19.386156088714063,19.400000000000002,19.64,56.57149274371788,60.82602112860816,56.57149274371788,60.82602112860816,38.802026704684664,40.74797832704489,38.802026704684664,40.74797832704489,96,101,96,101,-1,4,-1,4,-1,4,-1,4,96,101,96,101
1787895599,19.400000000000002,19.44,19.400000000000002,19.44,0,0,0,0,0,0,0,0,19.467540528375828,19.38655917904195,19.400000000000002,19.64,55.22908453186505,60.02645875764487,55.22908453186505,60.02645875764487,36.11602288972983,38.432000608387355,36.11602288972983,38.432000608387355,96,101,96,101,-1,4,-1,4,-1,4,-1,4,96,101,96,101
1787895977,19.46,19.5,19.46,19.5,0,0,0,0,0,0,0,0,19.471018008065073,19.387555273446175,19.400000000000002,19.64,54.498435636731834,59.236741168943006,54.498435636731834,59.236741168943006,36.988337080085934,37.71016884423665,36.988337080085934,37.71016884423665,96,101,96,101,-1,4,-1,4,-1,4,-1,4,96,101,96,101
1787896343,19.51,19.51,19.470000000000002,19.470000000000002,0,0,0,0,0,0,0,0,19.47325715811385,19.38850828896744,19.400000000000002,19.64,53.16979279821073,58.370034258838395,53.16979279821073,58.370034258838395,37.841855063354075,37.77601195379536,37.841855063354075,37.77601195379536,96,101,96,101,-1,4,-1,4,-1,4,-1,4,96,101,96,101
1787896661,19.46,19.490000000000002,19.450000000000003,19.450000000000003,0,0,0,0,0,0,0,0,19.471452826335575,19.389252816772075,19.400000000000002,19.64,51.00460351670593,57.31782986710518,51.00460351670593,57.31782986710518,36.007304340017726,36.89165814690654,36.007304340017726,36.89165814690654,96,101,96,101,-1,4,-1,4,-1,4,-1,4,96,101,96,101
1787896802,19.44,19.46,19.42,19.46,0,0,0,0,0,0,0,0,19.46694625185032,19.38982409886058,19.400000000000002,19.64,49.19815224510449,56.15787592110508,49.19815224510449,56.15787592110508,33.72054657715797,35.306102362032256,33.72054657715797,35.306102362032256,96,101,96,101,-1,4,-1,4,-1,4,-1,4,96,101,96,101
1787897435,19.47,19.49,19.45,19.49,0,0,0,0,0,0,0,0,19.468713599998747,19.39068820401288,19.400000000000002,19.580000000000002,48.13297810514801,55.01146194739693,48.13297810514801,55.01146194739693,33.54618278042111,34.426142571226684,33.54618278042111,34.426142571226684,96,101,96,101,-1,4,-1,4,-1,4,-1,4,96,101,96,101
1787898560,19.5,19.51,19.470000000000002,19.470000000000002,0,0,0,0,0,0,0,0,19.471371733332308,19.391610046095668,19.400000000000002,19.56,46.73572456702523,53.82921375020097,46.73572456702523,53.82921375020097,33.75387095464668,34.09000676293668,33.75387095464668,34.09000676293668,96,101,96,101,-1,4,-1,4,-1,4,-1,4,96,101,96,101
1787899367,19.46,19.49,19.45,19.49,0,0,0,0,0,0,0,0,19.47233444848401,19.392456380628712,19.400000000000002,19.56,45.846438118360126,52.68881723136656,45.846438118360126,52.68881723136656,33.455698913506524,33.7728528382216,33.455698913506524,33.7728528382216,96,101,96,101,-1,4,-1,4,-1,4,-1,4,96,101,96,101
1787900090,19.5,19.52,19.48,19.48,0,0,0,0,0,0,0,0,19.47615242754752,19.39346013140189,19.400000000000002,19.56,44.81659049766093,51.56421341226576,44.81659049766093,51.56421341226576,34.1525038306246,33.9626783344231,34.1525038306246,33.9626783344231,96,101,96,101,-1,4,-1,4,-1,4,-1,4,96,101,96,101
1788139800,18.88,18.88,18.84,18.84,0,0,0,0,0,0,0,0,19.36291259223585,19.38808573540121,18.84,19.56,41.61540546211372,50.14295513367261,41.61540546211372,50.14295513367261,29.559288997678262,31.760983666050684,29.559288997678262,31.760983666050684,96,101,96,101,-1,4,-1,4,-1,4,-1,4,96,101,96,101
1788139821,18.81,18.81,18.77,18.77,0,0,0,0,0,0,0,0,19.257534545162667,19.38206829856471,18.77,19.56,38.642876500534165,48.50008675750997,38.642876500534165,48.50008675750997,25.5992592065485,28.680121436299594,25.5992592065485,28.680121436299594,96,101,96,101,-1,4,-1,4,-1,4,-1,4,96,101,96,101
1788139839,18.76,18.76,18.720000000000002,18.720000000000002,0,0,0,0,0,0,0,0,19.16222523392097,19.375613224283804,18.720000000000002,19.56,35.8826710362103,46.697598797324304,35.8826710362103,46.697598797324304,22.190669382010487,25.435395409155042,22.190669382010487,25.435395409155042,96,101,96,101,-1,4,-1,4,-1,4,-1,4,96,101,96,101
1788139854,18.69,18.69,18.650000000000002,18.650000000000002,0,0,0,0,0,0,0,0,19.07151761563231,19.368525862184793,18.650000000000002,19.56,33.31962310505242,44.78645941271403,33.31962310505242,44.78645941271403,19.251453986889246,22.343424698022144,19.251453986889246,22.343424698022144,96,101,96,101,-1,4,-1,4,-1,4,-1,4,96,101,96,101
1788139860,18.63,18.63,18.59,18.59,0,0,0,0,0,0,0,0,18.98639320066886,19.36091200617632,18.59,19.56,30.93965002612011,42.808343786057755,30.93965002612011,42.808343786057755,16.718933349306454,19.5311790236643,16.718933349306454,19.5311790236643,96,101,96,101,-1,4,-1,4,-1,4,-1,4,96,101,96,101
1788139866,18.56,18.56,18.52,18.52,0,0,0,0,0,0,0,0,18.904018679335127,19.352677392516192,18.52,19.56,28.729675024254387,40.79710539151442,28.729675024254387,40.79710539151442,14.53459593205857,17.032887477861436,14.53459593205857,17.032887477861436,96,101,96,101,-1,4,-1,4,-1,4,-1,4,96,101,96,101
1788139881,18.51,18.52,18.48,18.52,0,0,0,0,0,0,0,0,18.831772858849952,19.344259375343558,18.48,19.52,26.90797012620856,38.81294321075644,26.90797012620856,38.81294321075644,12.827683212700464,14.93028534528095,12.827683212700464,14.93028534528095,96,101,96,101,-1,4,-1,4,-1,4,-1,4,96,101,96,101
1788139908,18.580000000000002,18.580000000000002,18.540000000000003,18.540000000000003,0,0,0,0,0,0,0,0,18.781147490574202,19.336389464477787,18.48,19.52,25.346116317673868,36.88911079745893,25.346116317673868,36.88911079745893,11.931117630590595,13.430701487935773,11.931117630590595,13.430701487935773,96,101,96,101,-1,4,-1,4,-1,4,-1,4,96,101,96,101
1788139938,18.52,18.56,18.52,18.56,0,0,0,0,0,0,0,0,18.738514613500104,19.32853152619111,18.48,19.52,24.028290275278433,35.05185072286172,24.028290275278433,35.05185072286172,11.014849594693374,12.222775541314572,11.014849594693374,12.222775541314572,96,101,96,101,-1,4,-1,4,-1,4,-1,4,96,101,96,101
1788139947,18.6,18.6,18.560000000000002,18.560000000000002,0,0,0,0,0,0,0,0,18.708481653469782,19.32101711631193,18.48,19.52,22.804594664482693,33.30224271452186,22.804594664482693,33.30224271452186,10.623565662446538,11.423170601880555,10.623565662446538,11.423170601880555,96,101,96,101,-1,4,-1,4,-1,4,-1,4,96,101,96,101
1788139950,18.55,18.59,18.55,18.59,0,0,0,0,0,0,0,0,18.684515292232852,19.313610644176155,18.48,19.52,21.8530349470689,31.66664160488572,21.8530349470689,31.66664160488572,10.326692645733363,10.874931623806958,10.326692645733363,10.874931623806958,96,101,96,101,-1,4,-1,4,-1,4,-1,4,96,101,96,101
1788139953,18.6,18.6,18.560000000000002,18.560000000000002,0,0,0,0,0,0,0,0,18.66430039061476,19.306244700784685,18.48,19.52,20.784714716859554,30.112080620881983,20.784714716859554,30.112080620881983,10.121292109041299,10.498111866424129,10.121292109041299,10.498111866424129,96,101,96,101,-1,4,-1,4,-1,4,-1,4,96,101,96,101
1788139956,18.55,18.57,18.53,18.57,0,0,0,0,0,0,0,0,18.6447306226242,19.298786212883012,18.48,19.52,19.854279429202098,28.646680450642002,19.854279429202098,28.646680450642002,9.70713926806714,10.102625567245635,9.70713926806714,10.102625567245635,96,101,96,101,-1,4,-1,4,-1,4,-1,4,96,101,96,101
1788139977,18.59,18.59,18.55,18.59,0,0,0,0,0,0,0,0,18.632355357904647,19.291600943766433,18.48,19.52,19.11345651430835,27.28479131688005,19.11345651430835,27.28479131688005,9.669611436121047,9.886118501683342,9.669611436121047,9.886118501683342,96,101,96,101,-1,4,-1,4,-1,4,-1,4,96,101,96,101
1788140004,18.6,18.64,18.6,18.64,0,0,0,0,0,0,0,0,18.631321050406832,19.284984682302753,18.48,19.52,18.73343129530603,26.063168456655188,18.73343129530603,26.063168456655188,10.193000278579973,10.039559390131657,10.193000278579973,10.039559390131657,96,101,96,101,-1,4,-1,4,-1,4,-1,4,96,101,96,101
1788140046,18.650000000000002,18.69,18.650000000000002,18.650000000000002,0,0,0,0,0,0,0,0,18.63714146548438,19.27879909674087,18.48,19.52,18.442127089483687,24.97444826134497,18.442127089483687,24.97444826134497,11.091354736137394,10.565457063134525,11.091354736137394,10.565457063134525,96,101,96,101,-1,4,-1,4,-1,4,-1,4,96,101,96,101
1788140067,18.64,18.68,18.64,18.68,0,0,0,0,0,0,0,0,18.64250968388116,19.27270822678988,18.48,19.52,18.35635939097376,24.029006994149082,18.35635939097376,24.029006994149082,11.940737921980217,11.253097492557371,11.940737921980217,11.253097492557371,96,101,96,101,-1,4,-1,4,-1,4,-1,4,96,101,96,101
1788140073,18.69,18.7,18.66,18.7,0,0,0,0,0,0,0,0,18.650538226205796,19.26687696748517,18.48,19.52,18.399870666002723,23.224844661556745,18.399870666002723,23.224844661556745,13.012695996617932,12.13289674458765,13.012695996617932,12.13289674458765,96,101,96,101,-1,4,-1,4,-1,4,-1,4,96,101,96,101
1788140097,18.71,18.75,18.71,18.75,0,0,0,0,0,0,0,0,18.666197942653227,19.261601243098916,18.48,19.52,18.74815576621435,22.58531767650783,18.74815576621435,22.58531767650783,14.513527785460896,13.323212265024274,14.513527785460896,13.323212265024274,96,101,96,101,-1,4,-1,4,-1,4,-1,4,96,101,96,101
1788140118,18.76,18.8,18.76,18.8,0,0,0,0,0,0,0,0,18.688101347019305,19.256875525920485,18.48,18.88,19.379445132667023,22.127335884530574,19.379445132667023,22.127335884530574,16.46133069441625,14.892271479720263,16.46133069441625,14.892271479720263,96,101,96,101,-1,4,-1,4,-1,4,-1,4,96,101,96,101
1788140151,18.81,18.81,18.77,18.81,0,0,0,0,0,0,0,0,18.7078404960461,19.252296333291092,18.48,18.81,20.027218756195726,21.827319151911315,20.027218756195726,21.827319151911315,18.532788946862272,16.712530213291267,18.532788946862272,16.712530213291267,96,101,96,101,-1,4,-1,4,-1,4,-1,4,96,101,96,101
1788140178,18.830000000000002,18.849999999999998,18.81,18.849999999999998,0,0,0,0,0,0,0,0,18.73126343615893,19.248160714717713,18.48,18.849999999999998,20.875028253905867,21.691277595053396,20.875028253905867,21.691277595053396,20.802830086321517,18.75768014980639,20.802830086321517,18.75768014980639,96,101,96,101,-1,4,-1,4,-1,4,-1,4,96,101,96,101
1788140241,18.86,18.89,18.85,18.85,0,0,0,0,0,0,0,0,18.755276144736094,19.244331586544735,18.48,18.89,21.66227993035102,21.687135071524487,21.66227993035102,21.687135071524487,23.050777436627225,20.90422879321681,23.050777436627225,20.90422879321681,96,101,96,101,-1,4,-1,4,-1,4,-1,4,96,101,96,101
1788140262,18.84,18.84,18.8,18.8,0,0,0,0,0,0,0,0,18.76583199720832,19.240043046711786,18.48,18.89,22.08541757079393,21.74403257142012,22.08541757079393,21.74403257142012,24.373193846779362,22.638711319998087,24.373193846779362,22.638711319998087,96,101,96,101,-1,4,-1,4,-1,4,-1,4,96,101,96,101
1788140289,18.79,18.82,18.78,18.82,0,0,0,0,0,0,0,0,18.773256482564385,19.235730843925268,18.48,18.89,22.60148380342195,21.86652560456324,22.60148380342195,21.86652560456324,25.369330989547155,24.004021154772623,25.369330989547155,24.004021154772623,96,101,96,101,-1,4,-1,4,-1,4,-1,4,96,101,96,101
1788140310,18.830000000000002,18.830000000000002,18.790000000000003,18.790000000000003,0,0,0,1,0,0,0,0,18.778725000886013,19.23142838113331,18.48,18.89,22.895959098251428,22.013587532232982,22.895959098251428,22.013587532232982,26.223162826205314,25.11359199048897,26.223162826205314,25.11359199048897,96,101,96,101,-1,4,-1,4,-1,4,-1,4,96,101,96,101
1788140413,18.78,18.78,18.740000000000002,18.78,0,0,0,0,0,0,0,0,18.776532576482495,19.226803886462,18.52,18.89,23.10782408877042,22.169907040309763,23.10782408877042,22.169907040309763,26.48798571916502,25.800788854826997,26.48798571916502,25.800788854826997,96,101,96,101,-1,4,-1,4,-1,4,-1,4,96,101,96,101
1788140473,18.8,18.82,18.78,18.82,0,0,0,0,0,0,0,0,18.782011501970526,19.222623416613292,18.52,18.89,23.55086128440012,22.367186218036956,23.55086128440012,22.367186218036956,27.209482264778806,26.505135559802902,27.209482264778806,26.505135559802902,96,101,96,101,-1,4,-1,4,-1,4,-1,4,96,101,96,101
1788140529,18.830000000000002,18.849999999999998,18.81,18.849999999999998,0,0,0,0,0,0,0,0,18.79194880464255,19.218783050942182,18.53,18.89,24.14698203009566,22.621442762616773,24.14698203009566,22.621442762616773,28.239995787392832,27.37256567359787,28.239995787392832,27.37256567359787,96,101,96,101,-1,4,-1,4,-1,4,-1,4,96,101,96,101
1788140595,18.86,18.88,18.84,18.84,0,0,0,0,0,0,0,0,18.803109628040875,19.215146735344085,18.53,18.89,24.638946367847446,22.909657563364014,24.638946367847446,22.909657563364014,29.315600784798253,28.344083229198063,29.315600784798253,28.344083229198063,96,101,96,101,-1,4,-1,4,-1,4,-1,4,96,101,96,101
1788140649,18.82,18.82,18.78,18.78,0,0,0,1,0,0,0,0,18.80133211991223,19.21094958706537,18.53,18.89,24.72631226768101,23.169179663980724,24.72631226768101,23.169179663980724,29.46831715620069,28.906200192699377,29.46831715620069,28.906200192699377,96,101,96,101,-1,4,-1,4,-1,4,-1,4,96,101,96,101
1788140691,18.77,18.78,18.740000000000002,18.740000000000002,0,0,0,0,0,0,0,0,18.792605067806978,19.20639619150585,18.53,18.89,24.561132327378683,23.368030044466146,24.561132327378683,23.368030044466146,29.022293826193966,28.964247009446673,29.022293826193966,28.964247009446673,96,101,96,101,-1,4,-1,4,-1,4,-1,4,96,101,96,101
1788140781,18.73,18.740000000000002,18.700000000000003,18.700000000000003,0,0,0,0,0,0,0,0,18.778192025175407,19.20149009341458,18.55,18.89,24.1614455355216,23.481375114616927,24.1614455355216,23.481375114616927,28.09053756530914,28.527392287377907,28.09053756530914,28.527392287377907,96,101,96,101,-1,4,-1,4,-1,4,-1,4,96,101,96,101
1788140886,18.69,18.69,18.650000000000002,18.650000000000002,0,0,0,1,0,0,0,0,18.757308626658666,19.196135299781933,18.6,18.89,23.48242602682672,23.481525244932612,23.48242602682672,23.481525244932612,30.558439864341754,29.54291607585983,30.558439864341754,29.54291607585983,96,101,96,101,-1,4,-1,4,-1,4,-1,4,96,101,96,101
1788141006,18.64,18.650000000000002,18.610000000000003,18.610000000000003,0,0,0,0,0,0,0,0,18.7329494824177,19.190435777727718,18.610000000000003,18.89,22.605602492890835,23.356393423212356,22.605602492890835,23.356393423212356,31.210370057937595,30.376643066898712,31.210370057937595,30.376643066898712,96,101,96,101,-1,4,-1,4,-1,4,-1,4,96,101,96,101
1788141060,18.6,18.599999999999998,18.56,18.599999999999998,0,0,0,0,0,0,0,0,18.706352606826602,19.18442812488134,18.56,18.89,21.72983285669911,23.12402762799618,21.72983285669911,23.12402762799618,30.654184788336817,30.515413927617765,30.654184788336817,30.515413927617765,96,101,96,101,-1,4,-1,4,-1,4,-1,4,96,101,96,101
1788141138,18.61,18.65,18.61,18.65,0,0,0,0,0,0,1,0,18.693682435888434,19.178977762113036,18.56,18.89,21.281598042259553,22.860823401462376,21.281598042259553,22.860823401462376,31.64086919139671,31.078141559507237,31.64086919139671,31.078141559507237,96,101,96,101,-1,4,-1,4,-1,4,-1,4,96,101,96,101
1788141231,18.66,18.7,18.66,18.7,0,0,0,0,0,0,0,0,18.692406841484477,19.174079144247898,18.56,18.89,21.216510351410324,22.62592153716923,21.216510351410324,22.62592153716923,34.228758958479304,32.653450258993274,34.228758958479304,32.653450258993274,96,101,96,101,-1,4,-1,4,-1,4,-1,4,96,101,96,101
1788141303,18.71,18.72,18.68,18.72,0,0,0,0,0,0,0,0,18.694999536972148,19.169428273824202,18.56,18.89,21.288346913611168,22.43483944808951,21.288346913611168,22.43483944808951,37.3528735323551,35.00316189567418,37.3528735323551,35.00316189567418,96,101,96,101,-1,4,-1,4,-1,4,-1,4,96,101,96,101
1788141366,18.73,18.759999999999998,18.72,18.759999999999998,0,0,0,0,0,0,0,0,18.70439356055297,19.165221690668407,18.56,18.89,21.619602557347925,22.318377035126424,21.619602557347925,22.318377035126424,41.28504142494554,38.14410166030986,41.28504142494554,38.14410166030986,96,101,96,101,-1,4,-1,4,-1,4,-1,4,96,101,96,101
1788141474,18.77,18.79,18.75,18.75,0,0,0,0,0,0,0,0,18.71510988287667,19.161222801540696,18.56,18.89,21.86105951753736,22.253045961185133,21.86105951753736,22.253045961185133,44.73080770786825,41.437454684089055,44.73080770786825,41.437454684089055,96,101,96,101,-1,4,-1,4,-1,4,-1,4,96,101,96,101
1788141546,18.740000000000002,18.74,18.7,18.74,0,0,0,0,0,0,0,0,18.717211116293033,19.156898859900156,18.56,18.89,22.0191319858614,22.21962967899603,22.0191319858614,22.21962967899603,46.52602050635809,43.98173759522357,46.52602050635809,43.98173759522357,96,101,96,101,-1,4,-1,4,-1,4,-1,4,96,101,96,101
1788141597,18.75,18.75,18.71,18.71,0,0,0,0,0,0,0,0,18.718324246663997,19.152584775058695,18.56,18.88,21.96750086517818,22.18361127702205,21.96750086517818,22.18361127702205,47.65722392608464,45.8194807606541,47.65722392608464,45.8194807606541,96,101,96,101,-1,4,-1,4,-1,4,-1,4,96,101,96,101
1788141639,18.7,18.740000000000002,18.700000000000003,18.700000000000003,0,0,0,0,0,0,0,0,18.717416807876603,19.148214113947,18.56,18.88,21.853420115549067,22.136441111097334,21.853420115549067,22.136441111097334,47.91254114299323,46.86601095182367,47.91254114299323,46.86601095182367,96,101,96,101,-1,4,-1,4,-1,4,-1,4,96,101,96,101
1788141795,18.69,18.7,18.66,18.7,0,0,0,0,0,0,0,0,18.71182587311116,19.14362160203376,18.56,18.88,21.74748799089344,22.080876379639637,21.74748799089344,22.080876379639637,47.41709875748613,47.1415548546549,47.41709875748613,47.1415548546549,96,101,96,101,-1,4,-1,4,-1,4,-1,4,96,101,96,101
1788141852,18.71,18.75,18.71,18.75,0,0,0,0,0,0,0,0,18.716342381030344,19.13957229919429,18.56,18.88,21.979810277258196,22.066438365013717,21.979810277258196,22.066438365013717,48.738465601654816,47.94001022815486,48.738465601654816,47.94001022815486,96,101,96,101,-1,4,-1,4,-1,4,-1,4,96,101,96,101
1788141900,18.76,18.8,18.76,18.8,0,0,0,0,0,0,0,0,18.729128614782404,19.13606080036317,18.56,18.88,22.607626026684812,22.14375088810959,22.607626026684812,22.14375088810959,51.60776043167059,49.77388532991273,51.60776043167059,49.77388532991273,96,101,96,101,-1,4,-1,4,-1,4,-1,4,96,101,96,101
1788142011,18.82,18.830000000000002,18.790000000000003,18.790000000000003,0,0,0,0,0,0,0,0,18.742620381791664,19.132750079298194,18.56,18.88,23.12191647532822,22.283488829140822,23.12191647532822,22.283488829140822,54.797993789916866,52.285939559914794,54.797993789916866,52.285939559914794,96,101,96,101,-1,4,-1,4,-1,4,-1,4,96,101,96,101
1788142260,18.78,18.81,18.77,18.77,0,0,0,0,0,0,0,0,18.75002273661742,19.129273295756256,18.56,18.88,23.462109254563014,22.451863175629708,23.462109254563014,22.451863175629708,56.493518486595306,54.38972902325505,56.493518486595306,54.38972902325505,96,101,96,101,-1,4,-1,4,-1,4,-1,4,96,101,96,101
1788142389,18.76,18.8,18.76,18.8,0,0,0,0,0,0,0,0,18.756685269353646,19.125864274571285,18.56,18.830000000000002,23.984046505610713,22.670746508484136,23.984046505610713,22.670746508484136,58.11998554262293,56.254857282938985,58.11998554262293,56.254857282938985,96,101,96,101,-1,4,-1,4,-1,4,-1,4,96,101,96,101
1788142491,18.81,18.81,18.77,18.77,0,0,0,0,0,0,0,0,18.761530371895407,19.122456006499267,18.56,18.830000000000002,24.262658568396755,22.89816251704308,24.262658568396755,22.89816251704308,59.60068024865506,57.927768765797026,59.60068024865506,57.927768765797026,96,101,96,101,-1,4,-1,4,-1,4,-1,4,96,101,96,101
1788142542,18.76,18.8,18.76,18.76,0,0,0,0,0,0,0,0,18.763676364884123,19.11898214905483,18.56,18.830000000000002,24.45268845087392,23.120237650447486,24.45268845087392,23.120237650447486,60.09062636031924,59.00919756305814,60.09062636031924,59.00919756305814,96,101,96,101,-1,4,-1,4,-1,4,-1,4,96,101,96,101
1788142716,18.75,18.76,18.720000000000002,18.720000000000002,0,0,0,0,0,0,0,0,18.758159450056706,19.11514484740586,18.56,18.830000000000002,24.35441949559173,23.296549342610952,24.35441949559173,23.296549342610952,59.03871869845555,59.02395813075684,59.03871869845555,59.02395813075684,96,101,96,101,-1,4,-1,4,-1,4,-1,4,96,101,96,101
1788142746,18.71,18.71,18.67,18.67,0,0,0,0,0,0,0,0,18.744554701561547,19.110848215425037,18.56,18.830000000000002,23.91976315799453,23.385579887665752,23.91976315799453,23.385579887665752,56.05916148179309,57.54155980627496,56.05916148179309,57.54155980627496,96,101,96,101,-1,4,-1,4,-1,4,-1,4,96,101,96,101
1788142767,18.650000000000002,18.69,18.650000000000002,18.69,0,0,0,0,0,0,0,0,18.73221142248975,19.10652800100953,18.56,18.830000000000002,23.653516339016907,23.423856523573058,23.653516339016907,23.423856523573058,52.98577477660203,55.263667291438495,52.98577477660203,55.263667291438495,96,101,96,101,-1,4,-1,4,-1,4,-1,4,96,101,96,101
1788142770,18.71,18.72,18.68,18.72,0,0,0,0,0,0,0,0,18.72756692143101,19.102549281264825,18.61,18.830000000000002,23.612331106010195,23.450781463921224,23.612331106010195,23.450781463921224,51.90988487345115,53.58677608244482,51.90988487345115,53.58677608244482,96,101,96,101,-1,4,-1,4,-1,4,-1,4,96,101,96,101
1788142896,18.73,18.74,18.7,18.74,0,0,0,0,0,0,0,0,18.727403238746582,19.098809155746434,18.650000000000002,18.830000000000002,23.71145031272374,23.48801987089301,23.71145031272374,23.48801987089301,52.083472748672484,52.83512441555865,52.083472748672484,52.83512441555865,96,101,96,101,-1,4,-1,4,-1,4,-1,4,96,101,96,101
1788143103,18.75,18.75,18.71,18.71,0,0,0,0,0,0,0,0,18.726663255944175,19.095073077911476,18.650000000000002,18.830000000000002,23.597445620056668,23.50365212077353,23.597445620056668,23.50365212077353,52.05369092743357,52.44440767149611,52.05369092743357,52.44440767149611,96,101,96,101,-1,4,-1,4,-1,4,-1,4,96,101,96,101
1788143250,18.7,18.74,18.7,18.74,0,0,0,0,0,0,0,0,18.726663876075538,19.091407342476202,18.650000000000002,18.830000000000002,23.697628075766893,23.531362971486868,23.697628075766893,23.531362971486868,51.938877937800264,52.19164280464818,51.938877937800264,52.19164280464818,96,101,96,101,-1,4,-1,4,-1,4,-1,4,96,101,96,101
1788143322,18.75,18.75,18.71,18.71,0,0,0,0,0,0,0,0,18.72605832284968,19.08774491452453,18.650000000000002,18.830000000000002,26.011908997184246,23.885726689443633,26.011908997184246,23.885726689443633,51.92975251811452,52.060697661381354,51.92975251811452,52.060697661381354,96,101,96,101,-1,4,-1,4,-1,4,-1,4,96,101,96,101
1788143493,18.7,18.71,18.67,18.67,0,0,0,0,0,0,0,0,18.71829014293762,19.08372091869178,18.650000000000002,18.830000000000002,27.464020027002118,24.396911451951986,27.464020027002118,24.396911451951986,50.046930729812544,51.05381419559695,50.046930729812544,51.05381419559695,96,101,96,101,-1,4,-1,4,-1,4,-1,4,96,101,96,101
1788143580,18.66,18.669999999999998,18.63,18.669999999999998,0,0,0,0,0,0,0,0,18.70708587452472,19.07947162265173,18.63,18.830000000000002,28.812408840404366,25.02769679315947,28.812408840404366,25.02769679315947,47.3616549112678,49.207734553432374,47.3616549112678,49.207734553432374,96,101,96,101,-1,4,-1,4,-1,4,-1,4,96,101,96,101
1788143910,18.68,18.68,18.64,18.64,0,0,0,0,0,0,0,0,18.697312685217195,19.075231440668464,18.63,18.830000000000002,29.541836083511374,25.672573834638317,29.541836083511374,25.672573834638317,44.8814184953724,47.04457652440239,44.8814184953724,47.04457652440239,96,101,96,101,-1,4,-1,4,-1,4,-1,4,96,101,96,101
1788144534,18.63,18.65,18.61,18.65,0,0,0,0,0,0,1,0,18.686286136389825,19.07086761207143,18.61,18.830000000000002,30.393377408556695,26.346974345198085,30.393377408556695,26.346974345198085,42.59677140873182,44.8206739665671,42.59677140873182,44.8206739665671,96,101,96,101,-1,4,-1,4,-1,4,-1,4,96,101,96,101
1788144921,18.66,18.66,18.62,18.62,0,0,0,0,0,0,0,0,18.676658354015917,19.066514037158615,18.61,18.830000000000002,30.661446269617986,26.963327477258073,30.661446269617986,26.963327477258073,40.53268237150575,42.67667816903642,40.53268237150575,42.67667816903642,96,101,96,101,-1,4,-1,4,-1,4,-1,4,96,101,96,101
1788144936,18.6,18.64,18.6,18.64,0,0,0,0,0,0,0,0,18.667568956316053,19.06213744640745,18.6,18.830000000000002,31.258799410638307,27.57696632488382,31.258799410638307,27.57696632488382,38.1285425618199,40.40261036542816,38.1285425618199,40.40261036542816,96,101,96,101,-1,4,-1,4,-1,4,-1,4,96,101,96,101
1788145068,18.650000000000002,18.68,18.64,18.68,0,0,0,0,0,0,0,0,18.66740490365253,19.058202413773216,18.6,18.830000000000002,32.114831112967224,28.225232723181453,32.114831112967224,28.225232723181453,38.29007351859716,39.34634194201266,38.29007351859716,39.34634194201266,96,101,96,101,-1,4,-1,4,-1,4,-1,4,96,101,96,101
1788145374,18.69,18.73,18.69,18.73,0,0,0,0,0,0,0,0,18.67636158783692,19.054804048130364,18.6,18.81,33.8749686589522,29.03233785686299,33.8749686589522,29.03233785686299,40.96821116408847,40.157276553050565,40.96821116408847,40.157276553050565,96,101,96,101,-1,4,-1,4,-1,4,-1,4,96,101,96,101
1788145737,18.740000000000002,18.75,18.71,18.75,0,0,0,0,0,0,0,0,18.687326147624145,19.05163850204615,18.6,18.81,35.820407405534965,30.00206207810184,35.820407405534965,30.00206207810184,44.63941909302828,42.39834782303942,44.63941909302828,42.39834782303942,96,101,96,101,-1,4,-1,4,-1,4,-1,4,96,101,96,101
1788146097,18.76,18.79,18.75,18.79,0,0,0,0,0,0,0,0,18.703569878359147,19.04890246388317,18.6,18.81,38.42053703529831,31.204701357701335,38.42053703529831,31.204701357701335,49.194036241229306,45.796192032134364,49.194036241229306,45.796192032134364,96,101,96,101,-1,4,-1,4,-1,4,-1,4,96,101,96,101
1788146586,18.8,18.82,18.78,18.78,0,0,0,0,0,0,0,0,18.71989050653627,19.04635948745979,18.6,18.82,40.636530421665896,32.55210550969627,40.636530421665896,32.55210550969627,54.09178261670563,49.94398732441999,54.09178261670563,49.94398732441999,96,101,96,101,-1,4,-1,4,-1,4,-1,4,96,101,96,101
1788146970,18.76,18.79,18.75,18.79,0,0,0,0,0,0,0,0,18.730213444741796,19.04367597680513,18.6,18.82,42.892651264562744,34.02932633182005,42.892651264562744,34.02932633182005,57.29606211866704,53.620024721543516,57.29606211866704,53.620024721543516,96,101,96,101,-1,4,-1,4,-1,4,-1,4,96,101,96,101
1788152418,18.8,18.82,18.78,18.82,0,0,0,0,0,0,0,0,18.744114030546317,19.04131767521171,18.6,18.82,45.50115936751414,35.668159622633496,45.50115936751414,35.668159622633496,62.03016504581386,57.82509488367869,62.03016504581386,57.82509488367869,96,101,96,101,-1,4,-1,4,-1,4,-1,4,96,101,96,101
1788152493,18.830000000000002,18.830000000000002,18.790000000000003,18.790000000000003,0,0,0,0,0,0,0,0,18.754881176507595,19.038949671809938,18.6,18.830000000000002,47.229431533903885,37.31976989567212,47.229431533903885,37.31976989567212,65.96374395231267,61.89441941799568,65.96374395231267,61.89441941799568,96,101,96,101,-1,4,-1,4,-1,4,-1,4,96,101,96,101
1788152859,18.78,18.8,18.76,18.8,0,0,0,0,0,0,0,0,18.760660356536516,19.036439393151795,18.6,18.830000000000002,49.05070590485882,38.995617896984506,49.05070590485882,38.995617896984506,68.21737059266565,65.05589500533065,68.21737059266565,65.05589500533065,96,101,96,101,-1,4,-1,4,-1,4,-1,4,96,101,96,101
1788153051,18.82,18.849999999999998,18.81,18.849999999999998,0,0,0,0,0,0,0,0,18.774479685651087,19.03445160482856,18.6,18.849999999999998,51.82414033156799,40.82826395906786,51.82414033156799,40.82826395906786,71.95774622228507,68.50682061380786,71.95774622228507,68.50682061380786,96,101,96,101,-1,4,-1,4,-1,4,-1,4,96,101,96,101
1788153201,18.86,18.9,18.86,18.9,0,0,0,0,0,0,0,0,18.79487731856301,19.032981107931427,18.6,18.9,55.265273165027416,42.89069384563351,55.265273165027416,42.89069384563351,75.20187771433966,71.85434916407377,75.20187771433966,71.85434916407377,96,101,96,101,-1,4,-1,4,-1,4,-1,4,96,101,96,101
1788153439,18.91,18.94,18.900000000000002,18.94,0,0,0,0,0,0,0,0,18.81883901821822,19.031923252794464,18.6,18.94,58.46061079609689,45.114967695699704,58.46061079609689,45.114967695699704,78.15623131817351,75.00529024112365,78.15623131817351,75.00529024112365,96,101,96,101,-1,4,-1,4,-1,4,-1,4,96,101,96,101
1788153636,18.95,18.96,18.92,18.96,0,0,0,0,0,0,0,0,18.84208040884521,19.031074928554386,18.6,18.96,61.42771002494711,47.44535945702076,61.42771002494711,47.44535945702076,80.87994430446626,77.94261727279496,80.87994430446626,77.94261727279496,96,101,96,101,-1,4,-1,4,-1,4,-1,4,96,101,96,101
1788154077,18.97,18.97,18.93,18.93,0,0,0,0,0,0,0,0,18.860490031479415,19.030201877855667,18.6,18.97,63.48600948309551,49.736880889317156,63.48600948309551,49.736880889317156,82.68473990575869,80.31367858927683,82.68473990575869,80.31367858927683,96,101,96,101,-1,4,-1,4,-1,4,-1,4,96,101,96,101
1788154110,18.92,18.93,18.89,18.89,0,0,0,0,0,0,0,0,18.868279722725582,19.02893950427833,18.6,18.97,64.70042343987792,51.87452982511155,64.70042343987792,51.87452982511155,82.61008594238778,81.46188226583232,82.61008594238778,81.46188226583232,96,101,96,101,-1,4,-1,4,-1,4,-1,4,96,101,96,101
1788154179,18.87,18.91,18.87,18.91,0,0,0,0,0,0,0,0,18.873440985260324,19.027623356640404,18.6,18.97,66.17652559835356,53.91767207843184,66.17652559835356,53.91767207843184,82.15999644482669,81.81093935532951,82.15999644482669,81.81093935532951,96,101,96,101,-1,4,-1,4,-1,4,-1,4,96,101,96,101
1788154209,18.92,18.96,18.92,18.92,0,0,0,0,0,0,0,0,18.88433050309178,19.026685147453268,18.6,18.97,67.72140791624125,55.889634340976045,67.72140791624125,55.889634340976045,83.08694675965846,82.44894305749398,83.08694675965846,82.44894305749398,96,101,96,101,-1,4,-1,4,-1,4,-1,4,96,101,96,101
1788154344,18.91,18.93,18.89,18.93,0,0,0,0,0,0,0,0,18.89020980555994,19.02559043620166,18.6,18.97,69.33015752501149,57.80970908155253,69.33015752501149,57.80970908155253,83.49537521484238,82.97215913616819,83.49537521484238,82.97215913616819,96,101,96,101,-1,4,-1,4,-1,4,-1,4,96,101,96,101
1788154431,18.94,18.95,18.91,18.95,0,0,0,0,0,0,0,0,18.898656507579346,19.024705622574448,18.6,18.97,71.17242850319012,59.71866899892933,71.17242850319012,59.71866899892933,84.69487759727798,83.83351836672308,84.69487759727798,83.83351836672308,96,101,96,101,-1,4,-1,4,-1,4,-1,4,96,101,96,101
1788154635,18.96,18.99,18.95,18.99,0,0,0,0,0,0,0,0,18.91284017286795,19.024227623013175,18.64,18.99,73.23154075296225,61.64907924950546,73.23154075296225,61.64907924950546,86.36850314198921,85.10101075435614,86.36850314198921,85.10101075435614,96,101,96,101,-1,4,-1,4,-1,4,-1,4,96,101,96,101
1788154986,19,19.01,18.970000000000002,18.970000000000002,0,0,0,0,0,0,0,0,18.92565711113438,19.02382071465815,18.69,19.01,74.50865292140146,63.48616120263346,74.50865292140146,63.48616120263346,87.40993649104303,86.25547362269958,87.40993649104303,86.25547362269958,96,101,96,101,-1,4,-1,4,-1,4,-1,4,96,101,96,101
1788155217,18.96,18.990000000000002,18.950000000000003,18.950000000000003,0,0,0,0,0,0,0,0,18.932507333352373,19.023218850167357,18.71,19.01,75.37708247463472,65.18486424149079,75.37708247463472,65.18486424149079,87.46635671357693,86.86091516813826,87.46635671357693,86.86091516813826,96,101,96,101,-1,4,-1,4,-1,4,-1,4,96,101,96,101
1788155490,18.94,18.98,18.94,18.98,0,0,0,0,0,0,0,0,18.938718121227698,19.022656141873817,18.75,19.01,76.6596718216846,66.82412246723275,76.6596718216846,66.82412246723275,87.65408972661984,87.25750244737905,87.65408972661984,87.25750244737905,96,101,96,101,-1,4,-1,4,-1,4,-1,4,96,101,96,101
1788155649,18.990000000000002,19,18.96,18.96,0,0,0,0,0,0,0,0,18.945011796155995,19.022165367659483,18.75,19.01,77.5331873264849,68.35398887569734,77.5331873264849,68.35398887569734,88.16343579354867,87.71046912046387,88.16343579354867,87.71046912046387,96,101,96,101,-1,4,-1,4,-1,4,-1,4,96,101,96,101
1788155772,18.95,18.97,18.93,18.97,0,0,0,0,0,0,0,0,18.947130863521572,19.021513639291395,18.75,19.01,78.50303902538674,69.80385318279583,78.50303902538674,69.80385318279583,88.04252684743197,87.87649798394793,88.04252684743197,87.87649798394793,96,101,96,101,-1,4,-1,4,-1,4,-1,4,96,101,96,101
1788155895,18.990000000000002,19.01,18.970000000000002,18.970000000000002,0,0,0,0,0,0,0,0,18.953713130760075,19.021133735749522,18.76,19.01,79.4036156029385,71.17524781424478,79.4036156029385,71.17524781424478,88.7751275417012,88.32581276282457,88.7751275417012,88.32581276282457,96,101,96,101,-1,4,-1,4,-1,4,-1,4,96,101,96,101
1788156099,18.96,18.96,18.92,18.92,0,0,0,0,0,0,0,0,18.950007713046123,19.020260099904586,18.76,19.01,79.44621448844292,72.35681448198737,79.44621448844292,72.35681448198737,87.80028353748598,88.06304815015528,87.80028353748598,88.06304815015528,96,101,96,101,-1,4,-1,4,-1,4,-1,4,96,101,96,101
1788156183,18.91,18.95,18.91,18.95,0,0,0,0,0,0,0,0,18.947582068249858,19.019428324449482,18.76,19.01,79.96196107260174,73.44326399493228,79.96196107260174,73.44326399493228,86.89501655129446,87.47903235072488,86.89501655129446,87.47903235072488,96,101,96,101,-1,4,-1,4,-1,4,-1,4,96,101,96,101
1788156288,18.96,18.98,18.94,18.98,0,0,0,0,0,0,0,0,18.95105199523473,19.01890333282975,18.81,19.01,80.9170590912254,74.51094900868843,80.9170590912254,74.51094900868843,87.30374240982029,87.39138738027259,87.30374240982029,87.39138738027259,96,101,96,101,-1,4,-1,4,-1,4,-1,4,96,101,96,101
1788157146,18.990000000000002,19.02,18.98,19.02,0,0,0,0,0,0,0,0,18.9611637536769,19.018781574957483,18.86,19.02,82.28012629899501,75.62083147873223,82.28012629899501,75.62083147873223,88.64130301794123,88.01634519910691,88.64130301794123,88.01634519910691,96,101,96,101,-1,4,-1,4,-1,4,-1,4,96,101,96,101
1788157329,19.03,19.04,19,19,0,0,0,0,0,0,0,1,18.97064913179625,19.01872736359804,18.87,19.04,82.89648091400188,76.66020996948505,82.89648091400188,76.66020996948505,89.41981817122235,88.71808168516463,89.41981817122235,88.71808168516463,96,101,96,101,-1,4,-1,4,-1,4,-1,4,96,101,96,101
1788157800,18.990000000000002,19.03,18.990000000000002,19.03,0,0,0,0,0,0,0,0,18.979015956318143,19.01870685915096,18.87,19.04,83.95582318637841,77.70244042904126,83.95582318637841,77.70244042904126,90.08711687403486,89.40259927959974,90.08711687403486,89.40259927959974,96,101,96,101,-1,4,-1,4,-1,4,-1,4,96,101,96,101
1788157983,19.04,19.07,19.03,19.07,0,0,0,0,0,0,0,0,18.993134267290603,19.01908456867848,18.87,19.07,85.1018358159228,78.75949691288147,85.1018358159228,78.75949691288147,91.07771111999342,90.24015519979659,91.07771111999342,90.24015519979659,96,101,96,101,-1,4,-1,4,-1,4,-1,4,96,101,96,101
1788158064,19.080000000000002,19.080000000000002,19.040000000000003,19.040000000000003,0,0,0,0,0,0,0,0,19.004079552025647,19.01942535240639,18.87,19.080000000000002,85.57075230526165,79.73253339750723,85.57075230526165,79.73253339750723,91.57310303791652,90.90662911885656,91.57310303791652,90.90662911885656,96,101,96,101,-1,4,-1,4,-1,4,-1,4,96,101,96,101
1788158310,19.03,19.07,19.03,19.07,0,0,0,0,0,0,0,0,19.013640845596743,19.019795912747288,18.87,19.080000000000002,86.45260333107626,80.69254338801709,86.45260333107626,80.69254338801709,91.82456450869036,91.36559681377346,91.82456450869036,91.36559681377346,96,101,96,101,-1,4,-1,4,-1,4,-1,4,96,101,96,101
1788158568,19.080000000000002,19.09,19.05,19.05,1,0,0,0,0,0,0,1,19.022675843367033,19.020229120912322,18.89,19.09,86.83718414270493,81.57034921011534,86.83718414270493,81.57034921011534,92.01504025556919,91.69031853467132,92.01504025556919,91.69031853467132,96,101,96,101,-1,4,-1,4,-1,4,-1,4,96,101,96,101
1788159165,19.03,19.05,19.01,19.05,0,0,1,0,0,0,0,0,19.02521962942151,19.02039267858152,18.89,19.09,87.19429489636013,82.37377002243602,87.19429489636013,82.37377002243602,90.97087484090821,91.33059668778976,90.97087484090821,91.33059668778976,96,101,96,101,-1,4,-1,4,-1,4,-1,4,96,101,96,101
1788159599,19.06,19.099999999999998,19.06,19.099999999999998,0,0,0,0,0,0,0,0,19.036391818011538,19.02105212124903,18.91,19.099999999999998,88.1089881180487,83.19308689323783,88.1089881180487,83.19308689323783,91.60768863914588,91.46914266346782,91.60768863914588,91.46914266346782,96,101,96,101,-1,4,-1,4,-1,4,-1,4,96,101,96,101
1788226200,19.12,19.16,19.12,19.16,0,0,0,0,0,0,0,0,19.056441790494286,19.022302017223335,18.91,19.16,88.95834610961664,84.01669535272052,88.95834610961664,84.01669535272052,92.24909897292649,91.85912081819716,92.24909897292649,91.85912081819716,96,101,96,101,-1,4,-1,4,-1,4,-1,4,96,101,96,101
1788226200.001,19.18,19.22,19.18,19.22,0,0,0,0,0,0,0,0,19.083755404343812,19.02413649134715,18.91,19.22,89.74703567321545,84.8353153985055,89.74703567321545,84.8353153985055,92.85947613828488,92.35929847824102,92.85947613828488,92.35929847824102,96,101,96,101,-1,4,-1,4,-1,4,-1,4,96,101,96,101
1788226215,19.23,19.27,19.23,19.27,0,0,0,0,0,0,0,0,19.11519381567524,19.026450224434907,18.91,19.27,90.47939026798578,85.64161180843125,90.47939026798578,85.64161180843125,93.43137170396412,92.89533509110257,93.43137170396412,92.89533509110257,96,101,96,101,-1,4,-1,4,-1,4,-1,4,96,101,96,101
1788226227,19.28,19.32,19.28,19.32,0,0,0,0,0,0,0,0,19.150007061310045,19.029238447740696,18.91,19.32,91.15943382027251,86.42987209583714,91.15943382027251,86.42987209583714,93.96158390952031,93.42845950031145,93.96158390952031,93.42845950031145,96,101,96,101,-1,4,-1,4,-1,4,-1,4,96,101,96,101
1788226236,19.35,19.36,19.32,19.36,0,0,0,0,0,0,0,0,19.185763353193067,19.032396937481252,18.91,19.36,91.7909028331102,87.19573362973328,91.7909028331102,87.19573362973328,94.56447451984863,93.99646701008004,94.56447451984863,93.99646701008004,96,101,96,101,-1,4,-1,4,-1,4,-1,4,96,101,96,101
1788226248,19.38,19.38,19.34,19.34,0,0,0,0,0,0,0,0,19.216230622309478,19.035590334454906,18.91,19.38,92.0109665501591,87.88362404693696,92.0109665501591,87.88362404693696,94.68163750052966,94.33905225530485,94.68163750052966,94.33905225530485,96,101,96,101,-1,4,-1,4,-1,4,-1,4,96,101,96,101
1788226269,19.32,19.32,19.28,19.28,0,0,0,0,0,0,0,0,19.230249297041087,19.03815494140892,18.91,19.38,91.66586088082542,88.4239435946353,91.66586088082542,88.4239435946353,93.08846239541198,93.71375732535842,93.08846239541198,93.71375732535842,96,101,96,101,-1,4,-1,4,-1,4,-1,4,96,101,96,101
1788226284,19.26,19.3,19.26,19.3,0,0,0,0,0,0,0,0,19.240507000609373,19.04062769489407,18.91,19.38,91.5285557995943,88.86745962391515,91.5285557995943,88.86745962391515,91.38674928010111,92.55025330272977,91.38674928010111,92.55025330272977,96,101,96,101,-1,4,-1,4,-1,4,-1,4,96,101,96,101
1788226296,19.32,19.32,19.28,19.28,0,0,0,0,0,0,0,0,19.250111788377367,19.04314217885864,18.91,19.38,91.21790804101524,89.20323796921517,91.21790804101524,89.20323796921517,90.26427249218752,91.40726289745865,90.26427249218752,91.40726289745865,96,101,96,101,-1,4,-1,4,-1,4,-1,4,96,101,96,101
1788226299,19.27,19.31,19.27,19.31,0,0,0,0,0,0,0,0,19.258576311702694,19.045664810578124,18.94,19.38,91.20417468277421,89.48908607115219,91.20417468277421,89.48908607115219,89.24612712215506,90.32669500980685,89.24612712215506,90.32669500980685,96,101,96,101,-1,4,-1,4,-1,4,-1,4,96,101,96,101
1788226308,19.330000000000002,19.330000000000002,19.290000000000003,19.290000000000003,0,0,0,0,0,0,0,0,19.266713951999176,19.048228676476185,18.98,19.38,91.0082720955431,89.70611264606518,91.0082720955431,89.70611264606518,88.7095655444804,89.51813027714363,88.7095655444804,89.51813027714363,96,101,96,101,-1,4,-1,4,-1,4,-1,4,96,101,96,101
1788226338,19.28,19.29,19.25,19.29,0,0,0,0,0,0,0,0,19.268523536484174,19.05050169130395,18.990000000000002,19.38,90.82636255025704,89.866148346664,90.82636255025704,89.866148346664,87.4070328573681,88.46258156725585,87.4070328573681,88.46258156725585,96,101,96,101,-1,4,-1,4,-1,4,-1,4,96,101,96,101
1788226410,19.3,19.31,19.27,19.27,0,0,0,0,0,0,0,0,19.271216226820385,19.05281842406046,18.990000000000002,19.38,90.47429636076983,89.95302663439341,90.47429636076983,89.95302663439341,86.40719434421638,87.43488795573612,86.40719434421638,87.43488795573612,96,101,96,101,-1,4,-1,4,-1,4,-1,4,96,101,96,101
1788226434,19.26,19.3,19.26,19.3,0,0,0,0,0,0,0,0,19.27402539770153,19.055145272245596,19.01,19.38,90.42210303097126,90.02003754819025,90.42210303097126,90.02003754819025,85.43109059291506,86.43298927432559,85.43109059291506,86.43298927432559,96,101,96,101,-1,4,-1,4,-1,4,-1,4,96,101,96,101
1788226455,19.31,19.349999999999998,19.31,19.349999999999998,0,0,0,0,0,0,0,0,19.285414719331552,19.057946480150285,19.01,19.38,90.83151325403374,90.13596264902503,90.83151325403374,90.13596264902503,86.11418707356246,86.27358817394403,86.11418707356246,86.27358817394403,96,101,96,101,-1,4,-1,4,-1,4,-1,4,96,101,96,101
1788226473,19.37,19.400000000000002,19.360000000000003,19.360000000000003,0,0,0,0,0,0,0,0,19.30139992187733,19.0610846577939,19.01,19.400000000000002,91.12926230731705,90.2778626002096,91.12926230731705,90.2778626002096,87.22323906596897,86.7484136199565,87.22323906596897,86.7484136199565,96,101,96,101,-1,4,-1,4,-1,4,-1,4,96,101,96,101
1788226530,19.35,19.37,19.330000000000002,19.330000000000002,0,0,0,0,0,0,0,0,19.309024178505695,19.06389310232663,19.01,19.400000000000002,91.13788642822297,90.40072314706866,91.13788642822297,90.40072314706866,87.35752852884805,87.05297107440228,87.35752852884805,87.05297107440228,96,101,96,101,-1,4,-1,4,-1,4,-1,4,96,101,96,101
1788226575,19.31,19.31,19.27,19.27,0,0,0,0,0,0,0,0,19.304353115747084,19.06607658721227,19.01,19.400000000000002,90.61018025477846,90.4306455910272,90.61018025477846,90.4306455910272,85.8399807215198,86.44647589796104,85.8399807215198,86.44647589796104,96,101,96,101,-1,4,-1,4,-1,4,-1,4,96,101,96,101
1788226596,19.26,19.3,19.26,19.3,0,0,0,0,0,0,0,0,19.30113739773246,19.068271513375993,19.06,19.400000000000002,90.38802452229426,90.42455686692249,90.38802452229426,90.42455686692249,84.48091642019483,85.46369615907793,84.48091642019483,85.46369615907793,96,101,96,101,-1,4,-1,4,-1,4,-1,4,96,101,96,101
1788226602,19.31,19.32,19.28,19.32,0,0,0,0,0,0,0,0,19.302142719356862,19.07064360445351,19.12,19.400000000000002,90.36030848498751,90.41537852664605,90.36030848498751,90.41537852664605,84.07402165462766,84.76885890685278,84.07402165462766,84.76885890685278,96,101,96,101,-1,4,-1,4,-1,4,-1,4,96,101,96,101
1788226632,19.34,19.34,19.3,19.3,0,0,0,0,0,0,0,0,19.304177376443494,19.073058427626446,19.18,19.400000000000002,90.15600073605981,90.3783245565623,90.15600073605981,90.3783245565623,83.90018182641546,84.33452036663412,83.90018182641546,84.33452036663412,96,101,96,101,-1,4,-1,4,-1,4,-1,4,96,101,96,101
1788226659,19.29,19.3,19.26,19.26,0,0,0,0,0,0,0,0,19.298569368605285,19.075051212757856,19.23,19.400000000000002,89.54335406694277,90.25904305804524,89.54335406694277,90.25904305804524,82.52668646345813,83.43060341504614,82.52668646345813,83.43060341504614,96,101,96,101,-1,4,-1,4,-1,4,-1,4,96,101,96,101
1788226680,19.25,19.25,19.21,19.21,0,0,0,0,0,0,0,0,19.28489008946493,19.07652665674368,19.21,19.400000000000002,88.37878853499817,89.99043526903851,88.37878853499817,89.99043526903851,79.94998781415939,81.69029561460276,79.94998781415939,81.69029561460276,96,101,96,101,-1,4,-1,4,-1,4,-1,4,96,101,96,101
1788226698,19.2,19.24,19.2,19.24,0,0,0,0,0,0,0,0,19.27430401259252,19.078020587190675,19.2,19.400000000000002,87.55256036841958,89.64216742609294,87.55256036841958,89.64216742609294,77.34843675996265,79.51936618728271,77.34843675996265,79.51936618728271,96,101,96,101,-1,4,-1,4,-1,4,-1,4,96,101,96,101
1788226707,19.26,19.26,19.220000000000002,19.220000000000002,0,0,0,0,0,0,0,0,19.266854798181758,19.079565987649808,19.2,19.400000000000002,86.46364122122478,89.1880922539689,86.46364122122478,89.1880922539689,75.00614307316523,77.26275463022398,75.00614307316523,77.26275463022398,96,101,96,101,-1,4,-1,4,-1,4,-1,4,96,101,96,101
1788226725,19.21,19.25,19.21,19.25,0,0,0,0,0,0,0,0,19.261366046997196,19.081129178485796,19.2,19.400000000000002,85.78217234278563,88.70153226665703,85.78217234278563,88.70153226665703,72.7927219372775,75.02773828375075,72.7927219372775,75.02773828375075,96,101,96,101,-1,4,-1,4,-1,4,-1,4,96,101,96,101
1788226782,19.26,19.3,19.26,19.3,0,0,0,0,0,0,0,0,19.265966159664373,19.083174327621922,19.2,19.400000000000002,85.69883036225698,88.27257485174275,85.69883036225698,88.27257485174275,72.63766409954798,73.83270119164936,72.63766409954798,73.83270119164936,96,101,96,101,-1,4,-1,4,-1,4,-1,4,96,101,96,101
1788226815,19.32,19.32,19.28,19.28,0,0,0,0,0,0,0,0,19.270942009422367,19.08526546200711,19.2,19.400000000000002,85.38105676495289,87.85950083934418,85.38105676495289,87.85950083934418,72.73704541866007,73.28487330515472,72.73704541866007,73.28487330515472,96,101,96,101,-1,4,-1,4,-1,4,-1,4,96,101,96,101
1788226848,19.27,19.27,19.23,19.23,0,0,0,0,0,0,0,0,19.265922250133453,19.086838276647175,19.2,19.400000000000002,84.52794556745623,87.38356437193161,84.52794556745623,87.38356437193161,70.99072757496872,72.13780044006171,70.99072757496872,72.13780044006171,96,101,96,101,-1,4,-1,4,-1,4,-1,4,96,101,96,101
1788226884,19.22,19.259999999999998,19.22,19.259999999999998,0,0,0,0,0,0,0,0,19.262421234957674,19.088428608886176,19.2,19.400000000000002,84.07059231263788,86.91028264917539,84.07059231263788,86.91028264917539,69.42062363568739,70.77921203787454,69.42062363568739,70.77921203787454,96,101,96,101,-1,4,-1,4,-1,4,-1,4,96,101,96,101
1788226923,19.27,19.3,19.26,19.26,0,0,0,0,0,0,0,0,19.26440525284416,19.090268456890627,19.2,19.400000000000002,83.51349189321219,86.42502682689494,83.51349189321219,86.42502682689494,69.02720121154162,69.90320662470808,69.02720121154162,69.90320662470808,96,101,96,101,-1,4,-1,4,-1,4,-1,4,96,101,96,101
1788227034,19.25,19.27,19.23,19.27,0,0,1,0,0,0,0,0,19.262998237175523,19.091924160470487,19.2,19.400000000000002,82.97152289554887,85.93166912241692,82.97152289554887,85.93166912241692,68.25042155128479,69.07681408799644,68.25042155128479,69.07681408799644,96,101,96,101,-1,4,-1,4,-1,4,-1,4,96,101,96,101
1788227076,19.28,19.28,19.240000000000002,19.28,0,0,0,0,0,0,0,0,19.26366522435573,19.093662891875425,19.2,19.400000000000002,82.57059201486949,85.45151524991014,82.57059201486949,85.45151524991014,67.40792435488281,68.24236922143962,67.40792435488281,68.24236922143962,96,101,96,101,-1,4,-1,4,-1,4,-1,4,96,101,96,101
1788227184,19.29,19.29,19.25,19.25,0,0,0,0,0,0,0,0,19.263604880533475,19.09535115497451,19.2,19.400000000000002,81.79398638577501,84.92901112646227,81.79398638577501,84.92901112646227,65.2272004674504,66.73478484444502,65.2272004674504,66.73478484444502,96,101,96,101,-1,4,-1,4,-1,4,-1,4,96,101,96,101
1788227232,19.23,19.26,19.220000000000002,19.220000000000002,0,0,0,0,0,0,0,0,19.258100962860723,19.096724111973103,19.2,19.400000000000002,80.66853991886657,84.32037238252003,80.66853991886657,84.32037238252003,59.1557822188536,62.94528353164931,59.1557822188536,62.94528353164931,96,101,96,101,-1,4,-1,4,-1,4,-1,4,96,101,96,101
1788227337,19.21,19.21,19.17,19.17,0,0,0,0,0,0,0,0,19.244506848401198,19.09758589527022,19.17,19.37,78.94962803786936,83.55312319042709,78.94962803786936,83.55312319042709,51.69874500746447,57.32201426955689,51.69874500746447,57.32201426955689,96,101,96,101,-1,4,-1,4,-1,4,-1,4,96,101,96,101
1788227385,19.16,19.19,19.150000000000002,19.19,0,0,0,0,0,0,0,0,19.23217226990401,19.09837276861745,19.150000000000002,19.34,77.62303735591911,82.70596807121167,77.62303735591911,82.70596807121167,45.79892429211239,51.56046928083464,45.79892429211239,51.56046928083464,96,101,96,101,-1,4,-1,4,-1,4,-1,4,96,101,96,101
1788227421,19.21,19.25,19.21,19.25,0,0,0,0,0,0,0,0,19.232989432951765,19.099748827304506,19.150000000000002,19.34,77.12055149436183,81.90805141737599,77.12055149436183,81.90805141737599,44.0562208218106,47.80834505132262,44.0562208218106,47.80834505132262,96,101,96,101,-1,4,-1,4,-1,4,-1,4,96,101,96,101
1788227457,19.26,19.26,19.220000000000002,19.220000000000002,0,0,0,0,0,0,0,0,19.233051960293867,19.101078026369468,19.150000000000002,19.34,76.2337894128318,81.09744255958397,76.2337894128318,81.09744255958397,42.676760704409,45.242552877865805,42.676760704409,45.242552877865805,96,101,96,101,-1,4,-1,4,-1,4,-1,4,96,101,96,101
1788227469,19.21,19.22,19.18,19.18,0,0,0,0,0,0,0,0,19.225830391755586,19.10199598962284,19.150000000000002,19.34,74.72437879879568,80.18700487947136,74.72437879879568,80.18700487947136,39.09436631806468,42.16845959796524,39.09436631806468,42.16845959796524,96,101,96,101,-1,4,-1,4,-1,4,-1,4,96,101,96,101
1788227532,19.17,19.2,19.16,19.16,0,0,0,0,0,0,0,0,19.21628547204245,19.102705813938368,19.150000000000002,19.32,73.03123803911492,79.16475247370614,73.03123803911492,79.16475247370614,34.652313986912354,38.4103867924388,34.652313986912354,38.4103867924388,96,101,96,101,-1,4,-1,4,-1,4,-1,4,96,101,96,101
1788227640,19.150000000000002,19.15,19.11,19.15,0,0,0,0,0,0,0,0,19.20180932561049,19.103043732870987,19.11,19.32,71.31326331037344,78.04311116465863,71.31326331037344,78.04311116465863,31.278338097156563,34.84436244479768,31.278338097156563,34.84436244479768,96,101,96,101,-1,4,-1,4,-1,4,-1,4,96,101,96,101
1788227712,19.17,19.19,19.150000000000002,19.19,0,0,0,0,0,0,0,0,19.19723793307525,19.103776299376417,19.11,19.32,70.30109144126513,76.93710834703099,70.30109144126513,76.93710834703099,30.159757777858548,32.50206011132811,30.159757777858548,32.50206011132811,96,101,96,101,-1,4,-1,4,-1,4,-1,4,96,101,96,101
1788227748,19.2,19.2,19.16,19.16,0,0,0,0,0,0,0,0,19.192891642213084,19.104468409167033,19.11,19.32,68.92389977855085,75.79236426581954,68.92389977855085,75.79236426581954,29.102452479543697,30.802256295435903,29.102452479543697,30.802256295435903,96,101,96,101,-1,4,-1,4,-1,4,-1,4,96,101,96,101
1788227832,19.14,19.14,19.1,19.14,0,0,0,0,0,0,0,0,19.18085073756828,19.10468928735111,19.1,19.32,67.35353375938321,74.58681705061436,67.35353375938321,74.58681705061436,26.468768791989834,28.63551254371287,26.468768791989834,28.63551254371287,96,101,96,101,-1,4,-1,4,-1,4,-1,4,96,101,96,101
1788228006,19.150000000000002,19.18,19.14,19.18,0,0,0,0,0,0,0,0,19.17827181558617,19.10530597769256,19.1,19.32,66.47842712059342,73.42847563203995,66.47842712059342,73.42847563203995,25.830373250277113,27.23294289699499,25.830373250277113,27.23294289699499,96,101,96,101,-1,4,-1,4,-1,4,-1,4,96,101,96,101
1788228063,19.2,19.2,19.16,19.16,0,0,0,0,0,0,0,0,19.177373909722018,19.105982866803412,19.1,19.32,65.37428290935568,72.27787667165649,65.37428290935568,72.27787667165649,25.75936754785642,26.496155222425706,25.75936754785642,26.496155222425706,96,101,96,101,-1,4,-1,4,-1,4,-1,4,96,101,96,101
1788228105,19.150000000000002,19.17,19.130000000000003,19.130000000000003,0,0,0,0,0,0,0,0,19.171184714014984,19.106354513236546,19.1,19.3,63.91168835752126,71.08270691249432,63.91168835752126,71.08270691249432,24.07945789816272,25.287806560294214,24.07945789816272,25.287806560294214,96,101,96,101,-1,4,-1,4,-1,4,-1,4,96,101,96,101
1788228192,19.12,19.14,19.1,19.14,0,0,0,0,0,0,0,0,19.163090523588018,19.10655662421595,19.1,19.3,62.69933743985574,69.88508270211739,62.69933743985574,69.88508270211739,21.972868674615768,23.63033761745499,21.972868674615768,23.63033761745499,96,101,96,101,-1,4,-1,4,-1,4,-1,4,96,101,96,101
1788228300,19.16,19.2,19.16,19.2,0,0,0,0,0,0,0,0,19.167377095056864,19.107353739066205,19.1,19.3,62.25808041775421,68.79551094720837,62.25808041775421,68.79551094720837,23.27833187982919,23.45433474864209,23.27833187982919,23.45433474864209,96,101,96,101,-1,4,-1,4,-1,4,-1,4,96,101,96,101
1788228342,19.22,19.22,19.18,19.18,0,0,0,0,0,0,0,0,19.17209641110713,19.108209257417123,19.1,19.29,61.21243521784657,67.7122144144424,61.21243521784657,67.7122144144424,25.66714161128199,24.56073817996204,25.66714161128199,24.56073817996204,96,101,96,101,-1,4,-1,4,-1,4,-1,4,96,101,96,101
1788228399,19.17,19.19,19.150000000000002,19.19,0,0,0,0,0,0,0,0,19.17292736666341,19.108890425668363,19.1,19.29,60.32443897406309,66.65681792295963,60.32443897406309,66.65681792295963,26.643264238241912,25.602001209101978,26.643264238241912,25.602001209101978,96,101,96,101,-1,4,-1,4,-1,4,-1,4,96,101,96,101
1788228477,19.2,19.2,19.16,19.16,0,0,0,0,0,0,0,0,19.173001178785213,19.109531648630202,19.1,19.29,58.9772229497833,65.55973292679158,58.9772229497833,65.55973292679158,27.360893156588155,26.481447182845066,27.360893156588155,26.481447182845066,96,101,96,101,-1,4,-1,4,-1,4,-1,4,96,101,96,101
1788228519,19.150000000000002,19.16,19.12,19.16,0,0,0,0,0,0,0,0,19.16821308567275,19.109901151297233,19.1,19.26,57.511816914908636,64.41003063937974,57.511816914908636,64.41003063937974,26.428384610408955,26.45491589662701,26.428384610408955,26.45491589662701,96,101,96,101,-1,4,-1,4,-1,4,-1,4,96,101,96,101
1788228666,19.18,19.2,19.16,19.2,0,0,0,0,0,0,0,0,19.1715682822171,19.110664987271058,19.1,19.26,56.883683472268594,63.3348381869353,56.883683472268594,63.3348381869353,28.367186808921822,27.411051352774415,28.367186808921822,27.411051352774415,96,101,96,101,-1,4,-1,4,-1,4,-1,4,96,101,96,101
1788228714,19.21,19.24,19.2,19.24,0,0,0,0,0,0,0,0,19.181586170298836,19.111819232837185,19.1,19.26,57.03301743670356,62.43457807975933,57.03301743670356,62.43457807975933,32.49654973232249,29.953800542548453,32.49654973232249,29.953800542548453,96,101,96,101,-1,4,-1,4,-1,4,-1,4,96,101,96,101
1788228771,19.25,19.28,19.240000000000002,19.28,0,0,0,0,0,0,0,0,19.197055351456623,19.11336000332305,19.1,19.28,57.904285421993954,61.78739341436428,57.904285421993954,61.78739341436428,38.63340626406871,34.29360340330858,38.63340626406871,34.29360340330858,96,101,96,101,-1,4,-1,4,-1,4,-1,4,96,101,96,101
1788228843,19.29,19.33,19.29,19.33,0,0,0,0,0,0,0,0,19.218802863312995,19.115382955197113,19.1,19.33,59.62907089551447,61.479061625957165,59.62907089551447,61.479061625957165,46.40627369218321,40.34993854774589,46.40627369218321,40.34993854774589,96,101,96,101,-1,4,-1,4,-1,4,-1,4,96,101,96,101
1788228915,19.34,19.37,19.330000000000002,19.37,0,0,0,0,0,0,0,0,19.2438690093773,19.117783788147058,19.1,19.37,61.88245658785165,61.536689477656374,61.88245658785165,61.536689477656374,53.3217795668449,46.835859057295394,53.3217795668449,46.835859057295394,96,101,96,101,-1,4,-1,4,-1,4,-1,4,96,101,96,101
1788228963,19.38,19.41,19.37,19.37,0,0,0,0,0,0,0,0,19.269226159187486,19.120426072178763,19.1,19.41,63.683479273972864,61.843373734273015,63.683479273972864,61.843373734273015,58.60760829231878,52.72173367480708,58.60760829231878,52.72173367480708,96,101,96,101,-1,4,-1,4,-1,4,-1,4,96,101,96,101
1788229029,19.36,19.38,19.34,19.38,0,0,0,0,0,0,0,0,19.28694261509279,19.122876227347795,19.1,19.41,65.58627222905771,62.37807351924226,65.58627222905771,62.37807351924226,62.58532323673415,57.65352845577061,62.58532323673415,57.65352845577061,96,101,96,101,-1,4,-1,4,-1,4,-1,4,96,101,96,101
1788229131,19.39,19.42,19.380000000000003,19.380000000000003,0,0,0,0,0,0,0,0,19.306286382045617,19.125567342830237,19.1,19.42,67.15153849841076,63.059997087694896,67.15153849841076,63.059997087694896,66.59099134577208,62.12225990077135,66.59099134577208,62.12225990077135,96,101,96,101,-1,4,-1,4,-1,4,-1,4,96,101,96,101
1788229158,19.37,19.4,19.36,19.4,0,0,0,0,0,0,0,0,19.320900979249444,19.12816534605249,19.1,19.42,69.05142860566707,63.91591587597663,69.05142860566707,63.91591587597663,69.84584972494756,65.98405481285945,69.84584972494756,65.98405481285945,96,101,96,101,-1,4,-1,4,-1,4,-1,4,96,101,96,101
1788229200,19.41,19.41,19.37,19.37,0,0,0,0,0,0,0,0,19.332252316355607,19.13070433100056,19.1,19.42,70.14596941954798,64.80592352505825,70.14596941954798,64.80592352505825,72.63572833566938,69.30989157426441,72.63572833566938,69.30989157426441,96,101,96,101,-1,4,-1,4,-1,4,-1,4,96,101,96,101
1788229251,19.36,19.39,19.35,19.35,0,0,0,0,0,0,0,0,19.337903410351558,19.13301904744168,19.1,19.42,70.71590017529455,65.65020590366343,70.71590017529455,65.65020590366343,73.86633857343081,71.5881150738476,73.86633857343081,71.5881150738476,96,101,96,101,-1,4,-1,4,-1,4,-1,4,96,101,96,101
1788229359,19.34,19.34,19.3,19.3,0,0,0,0,0,0,0,0,19.33343612362097,19.134813219440602,19.1,19.42,70.1290501627735,66.29004079782202,70.1290501627735,66.29004079782202,72.95686163436915,72.27248835410838,72.95686163436915,72.27248835410838,96,101,96,101,-1,4,-1,4,-1,4,-1,4,96,101,96,101
1788229425,19.29,19.3,19.26,19.26,0,0,0,0,0,0,0,0,19.322508343568675,19.136191529031574,19.1,19.42,68.69126086543254,66.63307223605209,68.69126086543254,66.63307223605209,70.30230997231638,71.28739916321237,70.30230997231638,71.28739916321237,96,101,96,101,-1,4,-1,4,-1,4,-1,4,96,101,96,101
1788229551,19.25,19.25,19.21,19.21,0,0,0,0,0,0,0,0,19.304476523525885,19.13705861166144,19.1,19.42,66.24009937504448,66.57693325590813,66.24009937504448,66.57693325590813,65.88412283341393,68.58576099831315,65.88412283341393,68.58576099831315,96,101,96,101,-1,4,-1,4,-1,4,-1,4,96,101,96,101
1788229740,19.2,19.21,19.17,19.17,0,0,0,0,0,0,0,0,19.282450488945422,19.1375190566532,19.12,19.42,63.071163705398455,66.07610903440676,63.071163705398455,66.07610903440676,60.22210528578334,64.40393314204825,60.22210528578334,64.40393314204825,96,101,96,101,-1,4,-1,4,-1,4,-1,4,96,101,96,101
1788229902,19.16,19.17,19.130000000000003,19.130000000000003,0,0,0,0,0,0,0,0,19.257156460652315,19.137576910152504,19.12,19.42,59.23572344072716,65.09891109245252,59.23572344072716,65.09891109245252,53.58323310209987,58.99358312207406,53.58323310209987,58.99358312207406,96,101,96,101,-1,4,-1,4,-1,4,-1,4,96,101,96,101
1788230229,19.12,19.14,19.1,19.1,0,0,0,0,0,0,0,0,19.231006801139774,19.137335680532413,19.1,19.42,55.00460033781808,63.65686669893332,55.00460033781808,63.65686669893332,46.46419980179991,52.72889146193698,46.46419980179991,52.72889146193698,96,101,96,101,-1,4,-1,4,-1,4,-1,4,96,101,96,101
1788230634,19.09,19.12,19.080000000000002,19.080000000000002,0,0,0,0,0,0,0,0,19.205975261538605,19.136897846231925,19.080000000000002,19.42,51.07570031368822,61.85955721532688,51.07570031368822,61.85955721532688,40.246625040198154,46.48775825106757,40.246625040198154,46.48775825106757,96,101,96,101,-1,4,-1,4,-1,4,-1,4,96,101,96,101
1788230814,19.07,19.11,19.07,19.11,0,0,0,0,0,0,0,0,19.18610097156189,19.136497535987495,19.07,19.42,48.24376253617986,59.914443689734455,48.24376253617986,59.914443689734455,35.47669901404743,40.9822286325575,35.47669901404743,40.9822286325575,96,101,96,101,-1,4,-1,4,-1,4,-1,4,96,101,96,101
1788230922,19.12,19.13,19.09,19.13,0,0,0,0,0,0,0,0,19.17347655249003,19.1363002139047,19.07,19.42,46.02226929379963,57.92984734745805,46.02226929379963,57.92984734745805,32.44941548142843,36.71582205699296,32.44941548142843,36.71582205699296,96,101,96,101,-1,4,-1,4,-1,4,-1,4,96,101,96,101
1788231054,19.14,19.150000000000002,19.110000000000003,19.110000000000003,0,0,0,0,0,0,0,0,19.164359603552448,19.136171190217425,19.07,19.42,43.551290874854814,55.87576785137187,43.551290874854814,55.87576785137187,30.017866331020365,33.36684419400666,30.017866331020365,33.36684419400666,96,101,96,101,-1,4,-1,4,-1,4,-1,4,96,101,96,101
1788231318,19.1,19.14,19.1,19.14,0,0,0,0,0,0,0,0,19.15750634230049,19.136076617843784,19.07,19.42,41.86905581236518,53.874808988656625,41.86905581236518,53.874808988656625,27.933681344956305,30.650262769481483,27.933681344956305,30.650262769481483,96,101,96,101,-1,4,-1,4,-1,4,-1,4,96,101,96,101
1788231471,19.150000000000002,19.169999999999998,19.13,19.169999999999998,0,0,0,0,0,0,0,0,19.15735367400343,19.136281493951476,19.07,19.42,40.91922529515538,52.02401131815645,40.91922529515538,52.02401131815645,27.53499217322773,29.092627471354607,27.53499217322773,29.092627471354607,96,101,96,101,-1,4,-1,4,-1,4,-1,4,96,101,96,101
1788231606,19.18,19.19,19.150000000000002,19.19,0,0,0,0,0,0,0,0,19.16086512721493,19.136683336466053,19.07,19.42,40.44540308019531,50.36992442701914,40.44540308019531,50.36992442701914,28.09121778113393,28.59192262624427,28.09121778113393,28.59192262624427,96,101,96,101,-1,4,-1,4,-1,4,-1,4,96,101,96,101
1788231780,19.2,19.21,19.17,19.17,0,0,0,0,0,0,0,0,19.164950255600093,19.137147515539358,19.07,19.42,39.597262043854855,48.83097265799567,39.597262043854855,48.83097265799567,28.731247894033178,28.66158526013872,28.731247894033178,28.66158526013872,96,101,96,101,-1,4,-1,4,-1,4,-1,4,96,101,96,101
1788232116,19.16,19.2,19.16,19.16,0,0,0,0,0,0,0,0,19.16647445155159,19.137507573427854,19.07,19.42,38.60562087745705,47.37020811791872,38.60562087745705,47.37020811791872,28.626783909171237,28.64418458465498,28.626783909171237,28.64418458465498,96,101,96,101,-1,4,-1,4,-1,4,-1,4,96,101,96,101
1788232665,19.150000000000002,19.16,19.12,19.16,0,0,0,0,0,0,0,0,19.16287303611797,19.13759870868396,19.07,19.42,37.6848112229448,45.98657999006531,37.6848112229448,45.98657999006531,27.802549473167247,28.223367028911113,27.802549473167247,28.223367028911113,96,101,96,101,-1,4,-1,4,-1,4,-1,4,96,101,96,101
1788233133,19.17,19.19,19.150000000000002,19.19,0,0,0,0,0,0,0,0,19.165380968945005,19.137987444584287,19.07,19.41,37.4420185845712,44.765928360709005,37.4420185845712,44.765928360709005,28.238919956592483,28.231143492751798,28.238919956592483,28.231143492751798,96,101,96,101,-1,4,-1,4,-1,4,-1,4,96,101,96,101
1788233298,19.2,19.2,19.16,19.16,0,0,0,0,0,0,0,0,19.166826853379245,19.138339144969848,19.07,19.41,36.6043233795508,43.59998479197212,36.6043233795508,43.59998479197212,28.53131914646693,28.381231319609363,28.53131914646693,28.381231319609363,96,101,96,101,-1,4,-1,4,-1,4,-1,4,96,101,96,101
1788238809,19.150000000000002,19.150000000000002,19.110000000000003,19.110000000000003,0,0,0,0,0,0,0,0,19.158918940643623,19.138189833411275,19.07,19.39,34.80605538305232,42.34370916212642,34.80605538305232,42.34370916212642,26.741130696971684,27.561181008290525,26.741130696971684,27.561181008290525,96,101,96,101,-1,4,-1,4,-1,4,-1,4,96,101,96,101
1788238824,19.1,19.13,19.09,19.13,0,0,0,0,0,0,0,0,19.15123670901145,19.137975672548144,19.07,19.34,33.54439836589549,41.08666476266486,33.54439836589549,41.08666476266486,24.798520189241145,26.179850598765835,24.798520189241145,26.179850598765835,96,101,96,101,-1,4,-1,4,-1,4,-1,4,96,101,96,101
1788238935,19.150000000000002,19.169999999999998,19.13,19.169999999999998,0,0,0,0,0,0,0,0,19.15222397403967,19.138161652589126,19.07,19.3,33.189186237719234,39.958453544815484,33.189186237719234,39.958453544815484,24.847711182614738,25.513780890690285,24.847711182614738,25.513780890690285,96,101,96,101,-1,4,-1,4,-1,4,-1,4,96,101,96,101
1788239175,19.19,19.19,19.150000000000002,19.150000000000002,0,0,0,0,0,0,0,0,19.15424385754761,19.138412117074143,19.07,19.25,32.45118313910667,38.88598634399994,32.45118313910667,38.88598634399994,25.216405503465825,25.365093197078053,25.216405503465825,25.365093197078053,96,101,96,101,-1,4,-1,4,-1,4,-1,4,96,101,96,101
1788239274,19.14,19.17,19.130000000000003,19.130000000000003,0,0,0,0,0,0,0,0,19.152260125872285,19.138461084400106,19.07,19.21,31.357731282231747,37.810521335175906,31.357731282231747,37.810521335175906,24.471204717256423,24.91814895716724,24.471204717256423,24.91814895716724,96,101,96,101,-1,4,-1,4,-1,4,-1,4,96,101,96,101
1788239832,19.12,19.14,19.1,19.1,0,0,0,0,0,0,0,0,19.14518252722884,19.138211057026307,19.07,19.21,29.73013823146011,36.65618089178793,29.73013823146011,36.65618089178793,22.689604043362706,23.803876500264973,22.689604043362706,23.803876500264973,96,101,96,101,-1,4,-1,4,-1,4,-1,4,96,101,96,101
1788240405,19.09,19.12,19.080000000000002,19.12,0,0,0,0,0,0,1,0,19.138179643490265,19.137897182495365,19.07,19.21,28.62696509247828,35.509150063315126,28.62696509247828,35.509150063315126,20.917619792270123,22.360748146267547,20.917619792270123,22.360748146267547,96,101,96,101,-1,4,-1,4,-1,4,-1,4,96,101,96,101
1788240933,19.13,19.14,19.1,19.14,0,0,0,0,0,0,0,0,19.136086374976884,19.13778543606921,19.07,19.21,28.010753300158402,34.437950525721305,28.010753300158402,34.437950525721305,20.37836798521121,21.369558065739376,20.37836798521121,21.369558065739376,96,101,96,101,-1,4,-1,4,-1,4,-1,4,96,101,96,101
1788241152,19.150000000000002,19.17,19.130000000000003,19.130000000000003,0,0,0,0,0,0,0,0,19.137404003768967,19.13784063902706,19.07,19.21,27.234475003208356,33.40888259393374,27.234475003208356,33.40888259393374,20.405948068956647,20.88775306734801,20.405948068956647,20.88775306734801,96,101,96,101,-1,4,-1,4,-1,4,-1,4,96,101,96,101
1788241284,19.12,19.150000000000002,19.110000000000003,19.110000000000003,0,0,0,0,0,0,0,0,19.134845700053397,19.137696287726627,19.080000000000002,19.21,26.105481890734342,32.36553963633383,26.105481890734342,32.36553963633383,19.531628957064903,20.209691012206456,19.531628957064903,20.209691012206456,96,101,96,101,-1,4,-1,4,-1,4,-1,4,96,101,96,101
1788241905,19.1,19.11,19.07,19.07,0,0,0,0,0,0,0,0,19.125479815195202,19.13715536280729,19.07,19.21,24.240804612824746,31.204863204403956,24.240804612824746,31.204863204403956,17.31282482034117,18.761257916273813,17.31282482034117,18.761257916273813,96,101,96,101,-1,4,-1,4,-1,4,-1,4,96,101,96,101
1788242595,19.06,19.07,19.03,19.03,0,0,0,0,0,0,0,0,19.110544091220316,19.136221810275213,19.03,19.21,22.509318569051548,29.962642542210755,22.509318569051548,29.962642542210755,15.352384644541491,17.056821280407654,15.352384644541491,17.056821280407654,96,101,96,101,-1,4,-1,4,-1,4,-1,4,96,101,96,101
1788243006,19.02,19.03,18.990000000000002,18.990000000000002,0,0,0,0,0,0,0,0,19.091051226149954,19.134899536872805,18.990000000000002,19.21,20.90151009983358,28.668195050442588,20.90151009983358,28.668195050442588,13.635377314368757,15.346099297388205,13.635377314368757,15.346099297388205,96,101,96,101,-1,4,-1,4,-1,4,-1,4,96,101,96,101
1788243726,18.98,19.02,18.98,19.02,0,0,0,0,0,0,0,0,19.075708578971174,19.13362358791553,18.98,19.21,20.057895742053244,27.43815229210125,20.057895742053244,27.43815229210125,12.484808462149996,13.9154538797691,12.484808462149996,13.9154538797691,96,101,96,101,-1,4,-1,4,-1,4,-1,4,96,101,96,101
1788244023,19.03,19.06,19.02,19.06,0,0,0,0,0,0,1,0,19.070428231279447,19.132758344918027,18.98,19.21,19.92389020203642,26.36468627923485,19.92389020203642,26.36468627923485,13.000915964072782,13.45818492192094,13.000915964072782,13.45818492192094,96,101,96,101,-1,4,-1,4,-1,4,-1,4,96,101,96,101
1788244905,19.07,19.080000000000002,19.040000000000003,19.040000000000003,0,0,0,1,0,0,0,0,19.067320068016517,19.131968046295295,18.98,19.2,19.47478116163126,25.380414119577193,19.47478116163126,25.380414119577193,14.080150191427531,13.769167556674237,14.080150191427531,13.769167556674237,96,101,96,101,-1,4,-1,4,-1,4,-1,4,96,101,96,101
1788312600,18.6,18.62,18.580000000000002,18.580000000000002,0,0,0,0,0,0,0,0,18.981140661710484,19.12660849691259,18.580000000000002,19.2,18.083725364371883,24.338030011690716,18.083725364371883,24.338030011690716,12.30679540217599,13.037981479425113,12.30679540217599,13.037981479425113,96,101,96,101,-1,4,-1,4,-1,4,-1,4,96,101,96,101
1788312637,18.56,18.580000000000002,18.540000000000003,18.540000000000003,0,0,0,0,0,0,0,0,18.903357511096456,19.120904266429214,18.540000000000003,19.2,16.792030695488176,23.260030109376064,16.792030695488176,23.260030109376064,10.790130465446634,11.914055972435873,10.790130465446634,11.914055972435873,96,101,96,101,-1,4,-1,4,-1,4,-1,4,96,101,96,101
1788312652,18.53,18.56,18.52,18.52,0,0,0,0,0,0,0,0,18.836080387866797,19.115057789482986,18.52,19.2,15.592599931524735,22.16468294111159,15.592599931524735,22.16468294111159,9.455722593571194,10.684889283003534,9.455722593571194,10.684889283003534,96,101,96,101,-1,4,-1,4,-1,4,-1,4,96,101,96,101
1788312664,18.51,18.55,18.51,18.55,0,0,0,0,0,0,0,0,18.781641529466775,19.109302653932573,18.51,19.19,14.792814536101845,21.111558883253053,14.792814536101845,21.111558883253053,8.594700998571247,9.63979514078739,8.594700998571247,9.63979514078739,96,101,96,101,-1,4,-1,4,-1,4,-1,4,96,101,96,101
1788312694,18.56,18.57,18.53,18.53,0,0,0,0,0,0,0,0,18.738312766533422,19.103671118404222,18.51,19.19,13.893170797651868,20.080360585310025,13.893170797651868,20.080360585310025,8.060764121224313,8.85027963100585,8.060764121224313,8.85027963100585,96,101,96,101,-1,4,-1,4,-1,4,-1,4,96,101,96,101
1788312715,18.52,18.54,18.5,18.54,0,0,0,0,0,0,0,0,18.69983165746674,19.09792978057599,18.5,19.19,13.211360461173621,19.09907485329054,13.211360461173621,19.09907485329054,7.472606671310953,8.161443151158402,7.472606671310953,8.161443151158402,96,101,96,101,-1,4,-1,4,-1,4,-1,4,96,101,96,101
1788312739,18.55,18.55,18.51,18.51,0,0,0,0,0,0,0,0,18.667741053078846,19.092212402991485,18.5,19.19,12.345331608356885,18.13425438972859,12.345331608356885,18.13425438972859,6.928230265550301,7.544836708354351,6.928230265550301,7.544836708354351,96,101,96,101,-1,4,-1,4,-1,4,-1,4,96,101,96,101
1788312763,18.5,18.53,18.490000000000002,18.53,0,0,0,0,0,0,0,0,18.640272982822086,19.086485579744473,18.490000000000002,19.17,11.770741869818329,17.22518117259855,11.770741869818329,17.22518117259855,6.454356100630414,6.999596404492383,6.454356100630414,6.999596404492383,96,101,96,101,-1,4,-1,4,-1,4,-1,4,96,101,96,101
1788312781,18.54,18.57,18.53,18.57,0,0,0,0,0,0,0,0,18.62507183443019,19.0812137497636,18.490000000000002,19.17,11.544413917519464,16.413642993301536,11.544413917519464,16.413642993301536,6.8418290386355745,6.920712721563978,6.8418290386355745,6.920712721563978,96,101,96,101,-1,4,-1,4,-1,4,-1,4,96,101,96,101
1788312886,18.580000000000002,18.59,18.55,18.55,0,0,0,0,0,0,0,0,18.61384665241258,19.076060710794142,18.490000000000002,19.17,11.18064241649848,15.666071482329672,11.18064241649848,15.666071482329672,7.332678858512996,7.126695790038488,7.332678858512996,7.126695790038488,96,101,96,101,-1,4,-1,4,-1,4,-1,4,96,101,96,101
1788312919,18.54,18.55,18.51,18.55,0,0,0,0,0,0,0,0,18.599813927731503,19.07069360587745,18.490000000000002,19.17,10.842854594121851,14.977040498299983,10.842854594121851,14.977040498299983,7.277216799360362,7.201956294699425,7.277216799360362,7.201956294699425,96,101,96,101,-1,4,-1,4,-1,4,-1,4,96,101,96,101
1788312979,18.57,18.580000000000002,18.540000000000003,18.540000000000003,0,0,0,0,0,0,0,0,18.5913629105682,19.06554574246905,18.490000000000002,19.17,10.452389557828976,14.330661792518411,10.452389557828976,14.330661792518411,7.5074556692930114,7.354705981996219,7.5074556692930114,7.354705981996219,96,101,96,101,-1,4,-1,4,-1,4,-1,4,96,101,96,101
1788312985,18.53,18.55,18.51,18.51,0,0,0,0,0,0,0,0,18.5789938965255,19.060150594119442,18.490000000000002,19.150000000000002,9.859400134727517,13.691910127119712,9.859400134727517,13.691910127119712,7.069882637171789,7.212294309584004,7.069882637171789,7.212294309584004,96,101,96,101,-1,4,-1,4,-1,4,-1,4,96,101,96,101
1788313003,18.5,18.52,18.48,18.52,0,0,0,0,0,0,0,0,18.565843491096622,19.05464329135872,18.48,19.11,9.459108635742414,13.087224199780097,9.459108635742414,13.087224199780097,6.615454958845706,6.913874634214855,6.615454958845706,6.913874634214855,96,101,96,101,-1,4,-1,4,-1,4,-1,4,96,101,96,101
1788313153,18.53,18.56,18.52,18.52,0,0,0,0,0,0,0,0,18.559932553321477,19.04945612759727,18.48,19.080000000000002,9.087409386684817,12.515822083623629,9.087409386684817,12.515822083623629,6.662453456788327,6.788164045501591,6.662453456788327,6.788164045501591,96,101,96,101,-1,4,-1,4,-1,4,-1,4,96,101,96,101
1788313273,18.51,18.54,18.5,18.54,0,0,0,0,0,0,0,0,18.55388421029333,19.04425424241388,18.48,19.080000000000002,8.894235767879051,11.998452609945831,8.894235767879051,11.998452609945831,6.623372804231324,6.7057684248664575,6.623372804231324,6.7057684248664575,96,101,96,101,-1,4,-1,4,-1,4,-1,4,96,101,96,101
1788313321,18.55,18.55,18.51,18.51,0,0,0,0,0,0,0,0,18.548329505391514,19.039070949786215,18.48,19.080000000000002,8.486896738866422,11.496801771220202,8.486896738866422,11.496801771220202,6.589875102039607,6.647821763453033,6.589875102039607,6.647821763453033,96,101,96,101,-1,4,-1,4,-1,4,-1,4,96,101,96,101
1788313435,18.5,18.51,18.470000000000002,18.470000000000002,0,0,0,0,0,0,0,0,18.536512019562753,19.03354122225932,18.470000000000002,19.080000000000002,7.880689828947392,10.980214350895514,7.880689828947392,10.980214350895514,5.926242150954572,6.287031957203802,5.926242150954572,6.287031957203802,96,101,96,101,-1,4,-1,4,-1,4,-1,4,96,101,96,101
1788313486,18.46,18.47,18.43,18.43,0,0,0,0,0,0,0,0,18.519570440248312,19.027668506946622,18.43,19.080000000000002,7.317783412594006,10.457009931138156,7.317783412594006,10.457009931138156,5.342794024126462,5.814912990665132,5.342794024126462,5.814912990665132,96,101,96,101,-1,4,-1,4,-1,4,-1,4,96,101,96,101
1788313576,18.42,18.419999999999998,18.38,18.419999999999998,0,0,0,0,0,0,0,0,18.499042481415287,19.021489384157768,18.38,18.62,7.069809872133988,9.973124208423275,7.069809872133988,9.973124208423275,5.1439116326727685,5.47941231166895,5.1439116326727685,5.47941231166895,96,101,96,101,-1,4,-1,4,-1,4,-1,4,96,101,96,101
1788313669,18.44,18.44,18.400000000000002,18.400000000000002,0,0,0,0,0,0,0,0,18.483458999945842,19.015438080169464,18.38,18.59,6.702186090058505,9.505847334371166,6.702186090058505,9.505847334371166,5.043987748640236,5.261700030154593,5.043987748640236,5.261700030154593,96,101,96,101,-1,4,-1,4,-1,4,-1,4,96,101,96,101
1788313834,18.39,18.41,18.37,18.37,0,0,0,0,0,0,0,0,18.465254333289025,19.009148480698457,18.37,18.59,6.223458512197183,9.036934645489168,6.223458512197183,9.036934645489168,4.537703784548781,4.899701907351687,4.537703784548781,4.899701907351687,96,101,96,101,-1,4,-1,4,-1,4,-1,4,96,101,96,101
1788313951,18.36,18.38,18.34,18.38,0,0,0,0,0,0,0,0,18.44732930299405,19.002755626827494,18.34,18.59,6.0459484582551895,8.609650904455743,6.0459484582551895,8.609650904455743,4.371388097599509,4.635545002475599,4.371388097599509,4.635545002475599,96,101,96,101,-1,4,-1,4,-1,4,-1,4,96,101,96,101
1788314080,18.39,18.39,18.35,18.35,0,0,0,0,0,0,0,0,18.432057308510284,18.996393215946956,18.34,18.59,5.680850671183569,8.191250871131148,5.680850671183569,8.191250871131148,4.194408386582707,4.4149766945291535,4.194408386582707,4.4149766945291535,96,101,96,101,-1,4,-1,4,-1,4,-1,4,96,101,96,101
1788314140,18.34,18.38,18.34,18.34,0,0,0,0,0,0,0,0,18.41774385847811,18.989994610149804,18.34,18.59,5.275075623241885,7.774654407146968,5.275075623241885,7.774654407146968,3.7329008201690446,4.073938757349099,3.7329008201690446,4.073938757349099,96,101,96,101,-1,4,-1,4,-1,4,-1,4,96,101,96,101
1788314302,18.330000000000002,18.330000000000002,18.290000000000003,18.290000000000003,0,0,0,0,0,0,0,0,18.396941944815424,18.98316215963422,18.290000000000003,18.59,4.898284507296036,7.363744421453977,4.898284507296036,7.363744421453977,3.4593695341708988,3.7666541457599987,3.4593695341708988,3.7666541457599987,96,101,96,101,-1,4,-1,4,-1,4,-1,4,96,101,96,101
1788314416,18.28,18.29,18.25,18.25,0,0,0,0,0,0,0,0,18.3726494700005,18.97599968375063,18.25,18.59,4.548407042489176,6.9615533673161485,4.548407042489176,6.9615533673161485,3.1873961086544105,3.4770251272072046,3.1873961086544105,3.4770251272072046,96,101,96,101,-1,4,-1,4,-1,4,-1,4,96,101,96,101
1788314485,18.240000000000002,18.28,18.240000000000002,18.28,0,0,0,0,0,0,1,0,18.35337986939435,18.968941643779644,18.240000000000002,18.59,4.5064062565687975,6.610818065780812,4.5064062565687975,6.610818065780812,3.126142477368821,3.301583802288013,3.126142477368821,3.301583802288013,96,101,96,101,-1,4,-1,4,-1,4,-1,4,96,101,96,101
1788314536,18.29,18.29,18.25,18.25,0,0,0,0,0,0,0,0,18.33700777192871,18.961920665566247,18.240000000000002,18.59,4.2581577978889795,6.274723741796264,4.2581577978889795,6.274723741796264,3.1217275656357963,3.2116556839619044,3.1217275656357963,3.2116556839619044,96,101,96,101,-1,4,-1,4,-1,4,-1,4,96,101,96,101
1788314680,18.240000000000002,18.27,18.23,18.27,0,0,0,0,0,0,0,0,18.322400298244702,18.95490321284088,18.23,18.580000000000002,4.245548858972705,5.984841615678612,4.245548858972705,5.984841615678612,3.1127412747466447,3.1621984793542746,3.1127412747466447,3.1621984793542746,96,101,96,101,-1,4,-1,4,-1,4,-1,4,96,101,96,101
1788315208,18.28,18.31,18.27,18.31,0,0,0,0,0,0,0,0,18.317721456139605,18.94835359546601,18.23,18.580000000000002,4.525385748054817,5.776347920303785,4.525385748054817,5.776347920303785,3.7773076472618103,3.4697530633080422,3.7773076472618103,3.4697530633080422,96,101,96,101,-1,4,-1,4,-1,4,-1,4,96,101,96,101
1788315388,18.32,18.33,18.29,18.33,0,0,0,0,0,0,0,0,18.317529676235434,18.942068153388405,18.23,18.56,4.931006882668962,5.655584914927381,4.931006882668962,5.655584914927381,4.750297311098354,4.110025187203198,4.750297311098354,4.110025187203198,96,101,96,101,-1,4,-1,4,-1,4,-1,4,96,101,96,101
1788315619,18.34,18.34,18.3,18.3,0,0,0,0,0,0,0,0,18.316766704798688,18.93581208552716,18.23,18.56,5.088996186968119,5.574643668076058,5.088996186968119,5.574643668076058,5.517061560773351,4.813543373988274,5.517061560773351,4.813543373988274,96,101,96,101,-1,4,-1,4,-1,4,-1,4,96,101,96,101
1788315736,18.29,18.330000000000002,18.290000000000003,18.290000000000003,0,0,0,0,0,0,0,0,18.31432427362317,18.92951876460981,18.23,18.56,5.162814243584116,5.515810893148638,5.162814243584116,5.515810893148638,7.219752400076839,6.016647887032557,7.219752400076839,6.016647887032557,96,101,96,101,-1,4,-1,4,-1,4,-1,4,96,101,96,101
1788316213,18.27,18.29,18.25,18.29,0,0,0,0,0,0,1,0,18.307477435994716,18.923022723834258,18.23,18.55,5.231359581870372,5.475174991537457,5.231359581870372,5.475174991537457,8.0931211048277,7.0548844959301285,8.0931211048277,7.0548844959301285,96,101,96,101,-1,4,-1,4,-1,4,-1,4,96,101,96,101
1788316450,18.3,18.32,18.28,18.32,0,0,0,0,0,0,0,0,18.307330023389618,18.916889827743038,18.23,18.55,5.513667716693042,5.4806739522739685,5.513667716693042,5.4806739522739685,10.032199042233248,8.543541769081688,10.032199042233248,8.543541769081688,96,101,96,101,-1,4,-1,4,-1,4,-1,4,96,101,96,101
1788316555,18.330000000000002,18.36,18.32,18.36,0,0,0,0,0,0,0,0,18.31448214034908,18.91121596544377,18.23,18.51,6.06735617424703,5.56448569827012,6.06735617424703,5.56448569827012,13.202202353660239,10.872872061370963,13.202202353660239,10.872872061370963,96,101,96,101,-1,4,-1,4,-1,4,-1,4,96,101,96,101
1788316813,18.37,18.39,18.35,18.39,0,0,0,0,0,0,0,0,18.32578841786137,18.905897066948476,18.23,18.47,6.800154348389737,5.741009791144352,6.800154348389737,5.741009791144352,17.189189319010502,14.031030690190732,17.189189319010502,14.031030690190732,96,101,96,101,-1,4,-1,4,-1,4,-1,4,96,101,96,101
1788317041,18.400000000000002,18.42,18.380000000000003,18.380000000000003,0,0,0,1,0,0,0,0,18.338069311583546,18.900796930295588,18.23,18.44,7.407723498431885,5.979111749328285,7.407723498431885,5.979111749328285,21.162162273437687,17.59659648181421,21.162162273437687,17.59659648181421,96,101,96,101,-1,4,-1,4,-1,4,-1,4,96,101,96,101
1788317296,18.36,18.39,18.35,18.35,0,0,0,0,0,0,0,0,18.342662770083507,18.8954490338084,18.23,18.44,7.7622528214452275,6.2338461882021345,7.7622528214452275,6.2338461882021345,23.297726393105286,20.447161437459748,23.297726393105286,20.447161437459748,96,101,96,101,-1,4,-1,4,-1,4,-1,4,96,101,96,101
1788317389,18.34,18.37,18.330000000000002,18.330000000000002,0,0,0,0,0,0,0,0,18.342784690674385,18.88995534524646,18.23,18.42,7.9441832163788275,6.478180049370232,7.9441832163788275,6.478180049370232,24.334559130598166,22.390860284028957,24.334559130598166,22.390860284028957,96,101,96,101,-1,4,-1,4,-1,4,-1,4,96,101,96,101
1788317473,18.32,18.330000000000002,18.290000000000003,18.290000000000003,0,0,0,1,0,0,0,0,18.335611716612377,18.88411831030205,18.23,18.42,7.818567773088163,6.669664009901366,7.818567773088163,6.669664009901366,23.79470147702072,23.09278088052484,23.79470147702072,23.09278088052484,96,101,96,101,-1,4,-1,4,-1,4,-1,4,96,101,96,101
1788317920,18.28,18.31,18.27,18.31,0,0,0,0,0,0,1,0,18.32853079844043,18.87827302031563,18.23,18.42,7.8492002664684515,6.838169189410949,7.8492002664684515,6.838169189410949,23.014506027922483,23.05364345422366,23.014506027922483,23.05364345422366,96,101,96,101,-1,4,-1,4,-1,4,-1,4,96,101,96,101
1788318733,18.32,18.34,18.3,18.34,0,0,0,0,0,0,0,0,18.328191865390654,18.87278439988131,18.23,18.42,8.106995485530224,7.01943008885656,8.106995485530224,7.01943008885656,23.72671945250478,23.39018145336422,23.72671945250478,23.39018145336422,96,101,96,101,-1,4,-1,4,-1,4,-1,4,96,101,96,101
1788319084,18.35,18.37,18.330000000000002,18.37,0,0,0,0,0,0,0,0,18.333369101986293,18.86764890004833,18.23,18.42,8.569591046087591,7.240881654175278,8.569591046087591,7.240881654175278,25.56167789806516,24.47592967571469,25.56167789806516,24.47592967571469,96,101,96,101,-1,4,-1,4,-1,4,-1,4,96,101,96,101
1788319510,18.38,18.38,18.34,18.34,0,0,0,0,0,0,0,0,18.33699896223121,18.86253133222032,18.23,18.42,8.775929780890854,7.460174243706075,8.775929780890854,7.460174243706075,27.36455508145853,25.920242378586607,27.36455508145853,25.920242378586607,96,101,96,101,-1,4,-1,4,-1,4,-1,4,96,101,96,101
1788325219,18.32,18.35,18.310000000000002,18.310000000000002,0,0,0,0,0,0,0,0,18.334514302431597,18.85716617800254,18.23,18.42,8.744315748922473,7.643623030165561,8.744315748922473,7.643623030165561,27.351436823068365,26.635839600827488,27.351436823068365,26.635839600827488,96,101,96,101,-1,4,-1,4,-1,4,-1,4,96,101,96,101
1788325279,18.3,18.34,18.3,18.34,0,0,0,0,0,0,0,0,18.333087459565245,18.851887575899696,18.23,18.42,8.955588028254752,7.831046601321161,8.955588028254752,7.831046601321161,27.51335277475116,27.074596187789325,27.51335277475116,27.074596187789325,96,101,96,101,-1,4,-1,4,-1,4,-1,4,96,101,96,101
1788325330,18.35,18.349999999999998,18.31,18.349999999999998,0,0,0,0,0,0,0,0,18.333738224492777,18.84676099968842,18.23,18.42,9.227757272437143,8.030576697194872,9.227757272437143,8.030576697194872,28.582873806929644,27.828734997359483,28.582873806929644,27.828734997359483,96,101,96,101,-1,4,-1,4,-1,4,-1,4,96,101,96,101
1788325438,18.36,18.36,18.32,18.32,0,0,0,0,0,0,0,0,18.333664607918333,18.841652266689863,18.25,18.42,9.252522330484945,8.205140359093454,9.252522330484945,8.205140359093454,29.231748977368177,28.53024198736383,29.231748977368177,28.53024198736383,96,101,96,101,-1,4,-1,4,-1,4,-1,4,96,101,96,101
1788325474,18.31,18.349999999999998,18.31,18.349999999999998,0,0,0,0,0,0,0,0,18.334210436781667,18.836627534351322,18.25,18.42,9.503481981650893,8.390617733744516,9.503481981650893,8.390617733744516,30.36190728672368,29.446074637043758,30.36190728672368,29.446074637043758,96,101,96,101,-1,4,-1,4,-1,4,-1,4,96,101,96,101
1788325477,18.36,18.36,18.32,18.32,0,0,0,0,0,0,0,0,18.334050963427426,18.83161963185363,18.25,18.42,9.508552417611996,8.550322688582728,9.508552417611996,8.550322688582728,32.33401576957261,30.890045203308183,32.33401576957261,30.890045203308183,96,101,96,101,-1,4,-1,4,-1,4,-1,4,96,101,96,101
1788325504,18.31,18.35,18.310000000000002,18.310000000000002,0,0,0,0,0,0,0,0,18.33210230341032,18.826562056743978,18.25,18.42,9.450488114490655,8.678917749426718,9.450488114490655,8.678917749426718,33.701265217456836,32.295655210382506,33.701265217456836,32.295655210382506,96,101,96,101,-1,4,-1,4,-1,4,-1,4,96,101,96,101
1788325624,18.3,18.34,18.3,18.34,0,0,0,0,0,0,0,0,18.331114005820567,18.82158797326062,18.25,18.42,9.668310392027035,8.820259555512479,9.668310392027035,8.820259555512479,35.28135658094921,33.78850589566586,35.28135658094921,33.78850589566586,96,101,96,101,-1,4,-1,4,-1,4,-1,4,96,101,96,101
1788325645,18.35,18.35,18.310000000000002,18.310000000000002,0,0,0,0,0,0,0,0,18.329699338095615,18.816630215649404,18.27,18.42,9.649985700159572,8.938791861890635,9.649985700159572,8.938791861890635,37.45920789645266,35.62385689605926,37.45920789645266,35.62385689605926,96,101,96,101,-1,4,-1,4,-1,4,-1,4,96,101,96,101
1788325648,18.3,18.34,18.3,18.34,0,0,0,0,0,0,0,0,18.32914794329035,18.811754956455545,18.27,18.42,9.885070755190185,9.073974560933427,9.885070755190185,9.073974560933427,39.17556165560582,37.399709275832535,39.17556165560582,37.399709275832535,96,101,96,101,-1,4,-1,4,-1,4,-1,4,96,101,96,101
1788325678,18.35,18.35,18.310000000000002,18.310000000000002,0,0,0,0,0,0,0,0,18.328090741479986,18.80689503980756,18.27,18.42,9.85126318023964,9.185015792262886,9.85126318023964,9.185015792262886,40.79709796044404,39.09840361813829,40.79709796044404,39.09840361813829,96,101,96,101,-1,4,-1,4,-1,4,-1,4,96,101,96,101
1788325792,18.3,18.34,18.3,18.3,0,0,0,0,0,0,0,0,18.325407576362412,18.8019839780516,18.27,18.42,9.735836818625884,9.263704510314742,9.735836818625884,9.263704510314742,40.83360276308729,39.966003190612795,40.83360276308729,39.966003190612795,96,101,96,101,-1,4,-1,4,-1,4,-1,4,96,101,96,101
1788326035,18.29,18.33,18.29,18.33,0,0,0,0,0,0,0,0,18.323818320054094,18.79715495007762,18.27,18.39,9.880756037463511,9.351854728478852,9.880756037463511,9.351854728478852,41.31602041347325,40.641011802043025,41.31602041347325,40.641011802043025,96,101,96,101,-1,4,-1,4,-1,4,-1,4,96,101,96,101
1788326098,18.34,18.37,18.330000000000002,18.37,0,0,0,0,0,0,0,0,18.329790746710927,18.79277198208348,18.27,18.38,11.739090313175833,9.692888383435562,11.739090313175833,9.692888383435562,44.88741599350341,42.76421389777322,44.88741599350341,42.76421389777322,96,101,96,101,-1,4,-1,4,-1,4,-1,4,96,101,96,101
1788326269,18.38,18.41,18.37,18.41,0,0,0,0,0,0,0,0,18.341950004884698,18.788830635661423,18.27,18.41,14.472012433663272,10.37562039061095,14.472012433663272,10.37562039061095,50.95613100195023,46.86017244986172,50.95613100195023,46.86017244986172,96,101,96,101,-1,4,-1,4,-1,4,-1,4,96,101,96,101
1788326398,18.42,18.42,18.380000000000003,18.380000000000003,0,0,0,0,0,0,0,0,18.351292428238995,18.784895339120844,18.27,18.42,16.414487736020703,11.238315725669485,16.414487736020703,11.238315725669485,56.15788672347608,51.5090295866689,56.15788672347608,51.5090295866689,96,101,96,101,-1,4,-1,4,-1,4,-1,4,96,101,96,101
1788326593,18.37,18.4,18.36,18.4,0,0,0,0,0,0,0,0,18.357724107953118,18.780932864768065,18.29,18.42,18.61504019932078,12.29213350761967,18.61504019932078,12.29213350761967,59.86465478553599,55.686842186102446,59.86465478553599,55.686842186102446,96,101,96,101,-1,4,-1,4,-1,4,-1,4,96,101,96,101
1788326722,18.41,18.44,18.400000000000002,18.44,0,0,0,0,0,0,0,0,18.370259118628308,18.777407827971036,18.29,18.44,21.45206113746456,13.600694597597514,21.45206113746456,13.600694597597514,64.5456439515121,60.11624306880728,64.5456439515121,60.11624306880728,96,101,96,101,-1,4,-1,4,-1,4,-1,4,96,101,96,101
1788326839,18.45,18.49,18.45,18.49,0,0,0,0,0,0,0,0,18.38960594554437,18.77441537860482,18.29,18.49,25.078501214947217,15.2403812572189,25.078501214947217,15.2403812572189,68.6581710060581,64.38720703743269,68.6581710060581,64.38720703743269,96,101,96,101,-1,4,-1,4,-1,4,-1,4,96,101,96,101
1788327073,18.5,18.509999999999998,18.47,18.509999999999998,0,0,0,0,0,0,0,0,18.40907153120297,18.771651709829317,18.29,18.509999999999998,28.842735255149364,17.18357468549468,28.842735255149364,17.18357468549468,72.58612459859935,68.48666581801602,72.58612459859935,68.48666581801602,96,101,96,101,-1,4,-1,4,-1,4,-1,4,96,101,96,101
1788327238,18.52,18.52,18.48,18.48,0,0,0,0,0,0,0,1,18.424391858863036,18.768882372749754,18.29,18.52,31.74285734009902,19.263472207581014,31.74285734009902,19.263472207581014,75.23255124324403,71.85960853063003,75.23255124324403,71.85960853063003,96,101,96,101,-1,4,-1,4,-1,4,-1,4,96,101,96,101
1788327502,18.47,18.5,18.46,18.5,0,0,0,0,0,0,0,0,18.43571455119097,18.766074256271317,18.29,18.52,34.83265324437766,21.48764092712339,34.83265324437766,21.48764092712339,76.97181640955314,74.41571247009159,76.97181640955314,74.41571247009159,96,101,96,101,-1,4,-1,4,-1,4,-1,4,96,101,96,101
1788327718,18.51,18.54,18.5,18.54,0,0,0,0,0,0,0,0,18.452251299459277,18.763692091200625,18.29,18.54,38.49540023485861,23.91732082822842,38.49540023485861,23.91732082822842,79.52081618173361,76.9682643259126,79.52081618173361,76.9682643259126,96,101,96,101,-1,4,-1,4,-1,4,-1,4,96,101,96,101
1788327967,18.55,18.59,18.55,18.59,0,0,0,0,0,0,0,0,18.474872275315168,18.761831141702775,18.29,18.59,42.888585932368706,26.62750155739132,42.888585932368706,26.62750155739132,81.73212815577159,79.3501962408421,81.73212815577159,79.3501962408421,96,101,96,101,-1,4,-1,4,-1,4,-1,4,96,101,96,101
1788328006,18.6,18.6,18.560000000000002,18.560000000000002,0,0,0,0,0,0,0,0,18.492774285863923,18.759955541619497,18.29,18.6,46.19577187928447,29.4229687462332,46.19577187928447,29.4229687462332,83.30286309455744,81.32652966769976,83.30286309455744,81.32652966769976,96,101,96,101,-1,4,-1,4,-1,4,-1,4,96,101,96,101
1788328240,18.55,18.55,18.51,18.55,0,0,0,0,0,0,0,0,18.50075471873715,18.75773376176922,18.29,18.6,49.07368006551318,32.230213220416054,49.07368006551318,32.230213220416054,83.17734585594103,82.25193776182039,83.17734585594103,82.25193776182039,96,101,96,101,-1,4,-1,4,-1,4,-1,4,96,101,96,101
1788328597,18.56,18.57,18.53,18.53,0,0,0,0,0,0,0,1,18.508496285027363,18.755600424172844,18.29,18.6,51.3599229951966,34.96302890252756,51.3599229951966,34.96302890252756,83.15633973799271,82.70413874990655,83.15633973799271,82.70413874990655,96,101,96,101,-1,4,-1,4,-1,4,-1,4,96,101,96,101
1788328930,18.52,18.54,18.5,18.5,0,0,0,0,0,0,0,0,18.50937574835572,18.753189806353546,18.29,18.6,52.903712279323464,37.52598367064127,52.903712279323464,37.52598367064127,81.75305310875548,82.22859592933102,81.75305310875548,82.22859592933102,96,101,96,101,-1,4,-1,4,-1,4,-1,4,96,101,96,101
1788329494,18.490000000000002,18.52,18.48,18.52,0,0,0,0,0,0,0,0,18.508883188048618,18.750736839789496,18.29,18.6,54.72333128639879,39.98274761574948,54.72333128639879,39.98274761574948,80.2904957382406,81.25954583378581,80.2904957382406,81.25954583378581,96,101,96,101,-1,4,-1,4,-1,4,-1,4,96,101,96,101
1788329632,18.53,18.54,18.5,18.5,0,0,0,0,0,0,0,0,18.50969230537311,18.74837461584466,18.29,18.6,56.02687712115407,42.27476611652157,56.02687712115407,42.27476611652157,79.38319548126243,80.32137065752411,79.38319548126243,80.32137065752411,96,101,96,101,-1,4,-1,4,-1,4,-1,4,96,101,96,101
1788329785,18.490000000000002,18.490000000000002,18.450000000000003,18.450000000000003,0,0,0,0,0,0,0,0,18.50126340136588,18.74553838417788,18.29,18.6,56.272061573890205,44.27437975328852,56.272061573890205,44.27437975328852,76.15333806228027,78.23735435990218,76.15333806228027,78.23735435990218,96,101,96,101,-1,4,-1,4,-1,4,-1,4,96,101,96,101
1788329959,18.44,18.45,18.41,18.41,0,0,0,1,0,0,0,0,18.487094298087236,18.742332363771467,18.29,18.6,55.72753207923007,45.910544371280174,55.72753207923007,45.910544371280174,71.44940497504204,74.8433796674721,71.44940497504204,74.8433796674721,96,101,96,101,-1,4,-1,4,-1,4,-1,4,96,101,96,101
1788330826,18.400000000000002,18.43,18.39,18.39,0,0,0,0,0,0,0,0,18.471865031768345,18.73895923909049,18.330000000000002,18.6,54.835797162373865,47.18558048429356,54.835797162373865,47.18558048429356,66.31147154542768,70.57742560644989,66.31147154542768,70.57742560644989,96,101,96,101,-1,4,-1,4,-1,4,-1,4,96,101,96,101
1788331348,18.38,18.419999999999998,18.38,18.419999999999998,0,0,0,0,0,0,0,0,18.46001078356804,18.73565284533503,18.36,18.6,54.5869081758722,48.24291301166194,54.5869081758722,48.24291301166194,62.09186040299314,66.33464300472151,62.09186040299314,66.33464300472151,96,101,96,101,-1,4,-1,4,-1,4,-1,4,96,101,96,101
1788331510,18.43,18.43,18.39,18.39,0,0,0,0,0,0,0,0,18.449705792616275,18.732346183524065,18.36,18.6,53.77664639497012,49.03344635213454,53.77664639497012,49.03344635213454,58.56721675095259,62.450929877837055,58.56721675095259,62.450929877837055,96,101,96,101,-1,4,-1,4,-1,4,-1,4,96,101,96,101
1788332032,18.38,18.419999999999998,18.38,18.419999999999998,0,0,0,0,0,0,0,0,18.44188049698907,18.72910559131653,18.36,18.6,53.603411034711584,49.68629844964555,53.603411034711584,49.68629844964555,55.4539277220145,58.95242879992578,55.4539277220145,58.95242879992578,96,101,96,101,-1,4,-1,4,-1,4,-1,4,96,101,96,101
1788332191,18.43,18.46,18.42,18.46,0,0,0,0,0,0,0,0,18.442750709657727,18.726295253757822,18.38,18.6,54.214750400958046,50.333220156975905,54.214750400958046,50.333220156975905,54.720878139607116,56.836653469766446,54.720878139607116,56.836653469766446,96,101,96,101,-1,4,-1,4,-1,4,-1,4,96,101,96,101
1788399000,18.63,18.66,18.62,18.62,0,0,0,0,0,0,0,0,18.477402095780565,18.72537025952474,18.38,18.66,56.82067354507568,51.259999212418734,56.82067354507568,51.259999212418734,60.03102296136218,58.433838215564315,60.03102296136218,58.433838215564315,96,101,96,101,-1,4,-1,4,-1,4,-1,4,96,101,96,101
1788399055,18.61,18.61,18.57,18.57,0,0,0,0,0,0,0,0,18.496662320790158,18.72395695677657,18.38,18.66,58.40989453770316,52.28141283031651,58.40989453770316,52.28141283031651,62.88373396688181,60.658786091223064,62.88373396688181,60.658786091223064,96,101,96,101,-1,4,-1,4,-1,4,-1,4,96,101,96,101
1788399130,18.56,18.59,18.55,18.59,0,0,0,0,0,0,0,0,18.51120856549498,18.7224913817506,18.38,18.66,60.21782565876423,53.415186091523324,60.21782565876423,53.415186091523324,64.94281444265548,62.80080026693927,64.94281444265548,62.80080026693927,96,101,96,101,-1,4,-1,4,-1,4,-1,4,96,101,96,101
1788399178,18.6,18.61,18.57,18.61,0,0,0,0,0,0,0,0,18.526746402071648,18.721239394535836,18.38,18.66,62.22884475622789,54.67428018648112,62.22884475622789,54.67428018648112,67.63438149138814,65.21759087916371,67.63438149138814,65.21759087916371,96,101,96,101,-1,4,-1,4,-1,4,-1,4,96,101,96,101
1788399292,18.62,18.62,18.580000000000002,18.580000000000002,0,0,0,0,0,0,0,0,18.5388531168465,18.719966697409443,18.38,18.66,63.59788076201231,55.94908026869986,63.59788076201231,55.94908026869986,69.78699880729023,67.50229484322696,69.78699880729023,67.50229484322696,96,101,96,101,-1,4,-1,4,-1,4,-1,4,96,101,96,101
1788399382,18.57,18.59,18.55,18.55,0,0,0,0,0,0,0,0,18.543304065298653,18.718408156473362,18.38,18.66,64.37078961123736,57.152181603348076,64.37078961123736,57.152181603348076,70.31935805103646,68.91082644713171,70.31935805103646,68.91082644713171,96,101,96,101,-1,4,-1,4,-1,4,-1,4,96,101,96,101
1788399489,18.54,18.57,18.53,18.57,0,0,0,0,0,0,0,0,18.545733629183747,18.716798788415584,18.38,18.66,65.34778895956362,58.32298265423601,65.34778895956362,58.32298265423601,70.54400574258727,69.72741609485949,70.54400574258727,69.72741609485949,96,101,96,101,-1,4,-1,4,-1,4,-1,4,96,101,96,101
1788399556,18.580000000000002,18.580000000000002,18.540000000000003,18.540000000000003,0,0,0,0,0,0,0,0,18.547115393574582,18.715172266474468,18.38,18.66,65.73235455652862,59.381464354563526,65.73235455652862,59.381464354563526,70.73656090677383,70.23198850081667,70.73656090677383,70.23198850081667,96,101,96,101,-1,4,-1,4,-1,4,-1,4,96,101,96,101
1788399826,18.53,18.55,18.51,18.55,0,0,0,0,0,0,0,0,18.54521562504587,18.713396091352003,18.38,18.66,66.26366721015638,60.36463619107679,66.26366721015638,60.36463619107679,70.20662749538158,70.21930799809913,70.20662749538158,70.21930799809913,96,101,96,101,-1,4,-1,4,-1,4,-1,4,96,101,96,101
1788399897,18.56,18.6,18.560000000000002,18.560000000000002,0,0,0,0,0,0,0,0,18.55032793564359,18.712002432068235,18.38,18.66,66.93124498782818,61.302723162041275,66.93124498782818,61.302723162041275,70.48013958478597,70.34972379144256,70.48013958478597,70.34972379144256,96,101,96,101,-1,4,-1,4,-1,4,-1,4,96,101,96,101
1788400012,18.55,18.59,18.55,18.59,0,0,0,0,0,0,0,0,18.555116795829605,18.710655807536877,18.38,18.66,68.07378672214706,62.2700179563421,68.07378672214706,62.2700179563421,70.60202440600693,70.47587409872474,70.60202440600693,70.47587409872474,96,101,96,101,-1,4,-1,4,-1,4,-1,4,96,101,96,101
1788400111,18.6,18.63,18.59,18.63,0,0,0,0,0,0,0,0,18.566307681436342,18.709720592204835,18.38,18.66,69.80477997825741,63.34641253090144,69.80477997825741,63.34641253090144,72.70649710991086,71.5911856043178,72.70649710991086,71.5911856043178,96,101,96,101,-1,4,-1,4,-1,4,-1,4,96,101,96,101
1788400173,18.64,18.67,18.630000000000003,18.630000000000003,0,0,0,0,0,0,0,0,18.580312345417614,18.709060022464822,18.38,18.67,71.2472956940962,64.47511012564355,71.2472956940962,64.47511012564355,75.22308047208945,73.40713303820363,75.22308047208945,73.40713303820363,96,101,96,101,-1,4,-1,4,-1,4,-1,4,96,101,96,101
1788400335,18.62,18.63,18.59,18.59,0,0,0,0,0,0,0,0,18.584497979584107,18.708008015607792,18.38,18.67,71.87248885880358,65.53187851609499,71.87248885880358,65.53187851609499,75.51140887755459,74.45927095787911,75.51140887755459,74.45927095787911,96,101,96,101,-1,4,-1,4,-1,4,-1,4,96,101,96,101
1788400425,18.580000000000002,18.6,18.560000000000002,18.560000000000002,0,0,0,0,0,0,0,0,18.58246804390215,18.706667969017996,18.38,18.67,71.91731108317478,66.44408316853496,71.91731108317478,66.44408316853496,74.1821928310073,74.32073189444321,74.1821928310073,74.32073189444321,96,101,96,101,-1,4,-1,4,-1,4,-1,4,96,101,96,101
1788400596,18.55,18.59,18.55,18.59,0,0,0,0,0,0,0,0,18.58141324804115,18.70537442372097,18.38,18.67,72.49464600580514,67.30844928814498,72.49464600580514,67.30844928814498,73.14138695859725,73.73105942652023,73.14138695859725,73.73105942652023,96,101,96,101,-1,4,-1,4,-1,4,-1,4,96,101,96,101
1788400669,18.6,18.64,18.6,18.6,0,0,0,0,0,0,0,0,18.58721689991246,18.70445859197582,18.38,18.67,73.20931414824763,68.15142998244536,73.20931414824763,68.15142998244536,73.92414448667921,73.82760195659972,73.92414448667921,73.82760195659972,96,101,96,101,-1,4,-1,4,-1,4,-1,4,96,101,96,101
1788400798,18.59,18.63,18.59,18.63,0,0,0,0,0,0,0,0,18.59257140295868,18.703585040480206,18.38,18.67,74.40864885194419,69.04531839237377,74.40864885194419,69.04531839237377,74.8906460132127,74.3591239849062,74.8906460132127,74.3591239849062,96,101,96,101,-1,4,-1,4,-1,4,-1,4,96,101,96,101
1788400875,18.64,18.66,18.62,18.62,0,0,0,0,0,0,0,1,18.5999826630268,18.702886018518544,18.42,18.67,75.3437453625196,69.94509367382318,75.3437453625196,69.94509367382318,76.60577540048774,75.48244969269697,76.60577540048774,75.48244969269697,96,101,96,101,-1,4,-1,4,-1,4,-1,4,96,101,96,101
1788401002,18.61,18.65,18.61,18.65,0,0,0,0,0,0,0,0,18.606652481870412,18.70222711949514,18.51,18.67,76.72896655842979,70.91421837162412,76.72896655842979,70.91421837162412,78.17440847135397,76.82842908202548,78.17440847135397,76.82842908202548,96,101,96,101,-1,4,-1,4,-1,4,-1,4,96,101,96,101
1788401167,18.66,18.67,18.630000000000003,18.630000000000003,0,0,0,0,0,0,0,0,18.613321727590943,18.701641111672636,18.51,18.67,77.63930353357956,71.87494482333203,77.63930353357956,71.87494482333203,80.01156194096335,78.41999551149442,80.01156194096335,78.41999551149442,96,101,96,101,-1,4,-1,4,-1,4,-1,4,96,101,96,101
1788401349,18.62,18.63,18.59,18.63,0,0,0,0,0,0,0,0,18.613929898331982,18.700795594806905,18.51,18.67,78.48461643907571,72.81918362558112,78.48461643907571,72.81918362558112,80.40399890506217,79.4119972082783,80.40399890506217,79.4119972082783,96,101,96,101,-1,4,-1,4,-1,4,-1,4,96,101,96,101
1788401817,18.64,18.66,18.62,18.66,0,0,0,0,0,0,0,0,18.619882038029196,18.700256998507,18.51,18.67,79.83345962575824,73.82122305417785,79.83345962575824,73.82122305417785,82.11968379054598,80.76584049941214,82.11968379054598,80.76584049941214,96,101,96,101,-1,4,-1,4,-1,4,-1,4,96,101,96,101
1788402009,18.67,18.69,18.650000000000002,18.69,0,0,0,0,0,0,0,0,18.63020651596328,18.70002226883695,18.51,18.69,81.27392679534694,74.885895017202,81.27392679534694,74.885895017202,84.12101928590592,82.44342989265903,84.12101928590592,82.44342989265903,96,101,96,101,-1,4,-1,4,-1,4,-1,4,96,101,96,101
1788402157,18.7,18.7,18.66,18.66,0,0,0,0,0,0,0,0,18.638047755485108,18.69975670728965,18.51,18.7,81.91463934132392,75.89000134921942,81.91463934132392,75.89000134921942,85.31801653077646,83.88072321171774,85.31801653077646,83.88072321171774,96,101,96,101,-1,4,-1,4,-1,4,-1,4,96,101,96,101
1788402246,18.650000000000002,18.66,18.62,18.62,0,0,0,0,0,0,0,0,18.63719058782115,18.69909577819556,18.51,18.7,81.81272259394716,76.73610438418052,81.81272259394716,76.73610438418052,84.46901416923717,84.17486869047745,84.46901416923717,84.17486869047745,96,101,96,101,-1,4,-1,4,-1,4,-1,4,96,101,96,101
1788402420,18.61,18.62,18.580000000000002,18.62,0,0,0,0,0,0,0,0,18.63164078397488,18.69817608554353,18.51,18.7,81.71808561424017,77.44781598847476,81.71808561424017,77.44781598847476,82.66986928791758,83.42236898919751,82.66986928791758,83.42236898919751,96,101,96,101,-1,4,-1,4,-1,4,-1,4,96,101,96,101
1788402631,18.63,18.66,18.62,18.66,0,0,0,0,0,0,0,0,18.634372762646112,18.697663554012415,18.51,18.7,82.32707253029619,78.14485263730639,82.32707253029619,78.14485263730639,82.73488796107227,83.07862847513489,82.73488796107227,83.07862847513489,96,101,96,101,-1,4,-1,4,-1,4,-1,4,96,101,96,101
1788402870,18.67,18.7,18.66,18.66,0,0,0,0,0,0,0,0,18.64145650277106,18.697421462264366,18.55,18.7,82.89256038091966,78.82309660067972,82.89256038091966,78.82309660067972,83.86204682377618,83.47033764945553,83.86204682377618,83.47033764945553,96,101,96,101,-1,4,-1,4,-1,4,-1,4,96,101,96,101
1788403105,18.650000000000002,18.69,18.650000000000002,18.69,0,0,0,0,0,0,0,0,18.64785835075208,18.697214946885286,18.55,18.7,83.94030432583658,79.55412627570213,83.94030432583658,79.55412627570213,85.00675442037975,84.23854603491765,85.00675442037975,84.23854603491765,96,101,96,101,-1,4,-1,4,-1,4,-1,4,96,101,96,101
1788403200,18.7,18.740000000000002,18.700000000000003,18.700000000000003,0,0,0,0,0,0,0,0,18.65976289303958,18.697375328839993,18.55,18.740000000000002,84.45250481049905,80.25389463781597,84.45250481049905,80.25389463781597,85.87880537619853,85.05867570555809,85.87880537619853,85.05867570555809,96,101,96,101,-1,4,-1,4,-1,4,-1,4,96,101,96,101
1788403285,18.68,18.7,18.66,18.66,0,0,0,0,0,0,0,0,18.66223024582026,18.697136105004105,18.55,18.740000000000002,84.2931989113364,80.83093810546175,84.2931989113364,80.83093810546175,85.19770619547158,85.12819095051483,85.19770619547158,85.12819095051483,96,101,96,101,-1,4,-1,4,-1,4,-1,4,96,101,96,101
1788403458,18.650000000000002,18.650000000000002,18.610000000000003,18.610000000000003,0,0,0,0,0,0,0,0,18.655158079913548,18.696401749067082,18.55,18.740000000000002,83.35162121132034,81.19103569201297,83.35162121132034,81.19103569201297,82.22303388183275,83.67561241617379,82.22303388183275,83.67561241617379,96,101,96,101,-1,4,-1,4,-1,4,-1,4,96,101,96,101
1788403909,18.6,18.63,18.59,18.63,0,0,0,0,0,0,0,0,18.648159641141387,18.6956083651626,18.55,18.740000000000002,82.79475937876566,81.42013907583478,82.79475937876566,81.42013907583478,77.06073711610517,80.36817476613948,77.06073711610517,80.36817476613948,96,101,96,101,-1,4,-1,4,-1,4,-1,4,96,101,96,101
1788404520,18.64,18.669999999999998,18.63,18.669999999999998,0,0,0,0,0,0,0,0,18.649706373055075,18.695220885575576,18.55,18.740000000000002,82.9125940263141,81.63334692590327,82.9125940263141,81.63334692590327,75.12038336659927,77.74427906636937,75.12038336659927,77.74427906636937,96,101,96,101,-1,4,-1,4,-1,4,-1,4,96,101,96,101
1788404635,18.68,18.69,18.650000000000002,18.69,0,0,0,0,0,0,0,0,18.654608244620817,18.695036266481956,18.580000000000002,18.740000000000002,83.26204288506167,81.86601777721161,83.26204288506167,81.86601777721161,74.94790623969365,76.34609265303152,74.94790623969365,76.34609265303152,96,101,96,101,-1,4,-1,4,-1,4,-1,4,96,101,96,101
1788404913,18.7,18.72,18.68,18.72,0,0,0,0,0,0,0,0,18.664073412265516,18.695151991856928,18.580000000000002,18.740000000000002,84.08167140079031,82.18253972343715,84.08167140079031,82.18253972343715,76.53919913712872,76.44264589508012,76.53919913712872,76.44264589508012,96,101,96,101,-1,4,-1,4,-1,4,-1,4,96,101,96,101
1788405183,18.73,18.75,18.71,18.75,0,0,0,0,0,0,0,0,18.677272185792997,18.695565073198317,18.580000000000002,18.75,85.21869487216244,82.61627617325505,85.21869487216244,82.61627617325505,79.17645640325337,77.80955114916674,79.17645640325337,77.80955114916674,96,101,96,101,-1,4,-1,4,-1,4,-1,4,96,101,96,101
1788405318,18.76,18.76,18.720000000000002,18.720000000000002,0,0,0,0,0,0,0,0,18.687465121709423,18.69594087678175,18.580000000000002,18.76,85.560216667008,83.03683910093403,85.560216667008,83.03683910093403,80.77981977421712,79.29468546169193,80.77981977421712,79.29468546169193,96,101,96,101,-1,4,-1,4,-1,4,-1,4,96,101,96,101
1788405430,18.71,18.73,18.69,18.69,0,0,0,0,0,0,0,0,18.690350251095587,18.69601443356336,18.580000000000002,18.76,85.27584028853751,83.35669641344882,85.27584028853751,83.35669641344882,80.2112740921859,79.75297977693891,80.2112740921859,79.75297977693891,96,101,96,101,-1,4,-1,4,-1,4,-1,4,96,101,96,101
1788405987,18.68,18.72,18.68,18.72,0,0,0,0,0,0,0,0,18.69331687210851,18.696120425932545,18.580000000000002,18.76,85.57568628296524,83.67369496623688,85.57568628296524,83.67369496623688,79.8382349361593,79.79560735654911,79.8382349361593,79.79560735654911,96,101,96,101,-1,4,-1,4,-1,4,-1,4,96,101,96,101
1788411618,18.73,18.75,18.71,18.71,0,0,0,0,0,0,0,0,18.698774410513025,18.696391201130563,18.580000000000002,18.76,85.66614478155043,83.9583306541388,85.66614478155043,83.9583306541388,80.54705851670795,80.17133293662853,80.54705851670795,80.17133293662853,96,101,96,101,-1,4,-1,4,-1,4,-1,4,96,101,96,101
1788411781,18.7,18.7,18.66,18.66,0,0,0,0,0,0,0,0,18.694148760116718,18.696161769610192,18.580000000000002,18.76,84.81029233474794,84.0800394656544,84.81029233474794,84.0800394656544,77.61176444289234,78.89154868976044,77.61176444289234,78.89154868976044,96,101,96,101,-1,4,-1,4,-1,4,-1,4,96,101,96,101
1788412017,18.650000000000002,18.66,18.62,18.62,0,0,0,0,0,0,0,0,18.683091409792468,18.695536611040275,18.580000000000002,18.76,83.26369250632611,83.96341847146464,83.26369250632611,83.96341847146464,72.23865523676506,75.56510196326275,72.23865523676506,75.56510196326275,96,101,96,101,-1,4,-1,4,-1,4,-1,4,96,101,96,101
1788412275,18.61,18.63,18.59,18.59,0,0,0,0,0,0,0,0,18.668589941345353,18.694619165490952,18.580000000000002,18.76,81.26365431978401,83.5777378783674,81.26365431978401,83.5777378783674,65.45626231178497,70.51068213752386,65.45626231178497,70.51068213752386,96,101,96,101,-1,4,-1,4,-1,4,-1,4,96,101,96,101
1788412512,18.580000000000002,18.6,18.560000000000002,18.560000000000002,0,0,0,0,0,0,0,0,18.65127055807044,18.69341234129038,18.560000000000002,18.76,78.84256622927316,82.90128478563965,78.84256622927316,82.90128478563965,57.60196633527136,64.05632423639761,57.60196633527136,64.05632423639761,96,101,96,101,-1,4,-1,4,-1,4,-1,4,96,101,96,101
1788413035,18.55,18.57,18.53,18.53,0,0,0,0,0,0,0,0,18.631645608118237,18.69191901782812,18.53,18.76,76.03050322793412,81.91974456311029,76.03050322793412,81.91974456311029,50.1184556165678,57.08738992648271,50.1184556165678,57.08738992648271,96,101,96,101,-1,4,-1,4,-1,4,-1,4,96,101,96,101
1788413221,18.51,18.54,18.5,18.54,0,0,0,0,0,0,0,0,18.612558527854315,18.690274715826515,18.5,18.76,73.60727179435987,80.7322484532888,73.60727179435987,80.7322484532888,44.38724767134401,50.73731879891336,44.38724767134401,50.73731879891336,96,101,96,101,-1,4,-1,4,-1,4,-1,4,96,101,96,101
1788413397,18.55,18.57,18.53,18.57,0,0,0,0,0,0,0,0,18.602396371274743,18.688945282501543,18.5,18.76,71.92103809476274,79.47350411635651,71.92103809476274,79.47350411635651,41.23302547653659,45.98517213772497,41.23302547653659,45.98517213772497,96,101,96,101,-1,4,-1,4,-1,4,-1,4,96,101,96,101
1788413562,18.580000000000002,18.6,18.560000000000002,18.560000000000002,0,0,0,0,0,0,0,0,18.597112182558124,18.687794914848126,18.5,18.76,70.16727973461055,78.1440434903928,70.16727973461055,78.1440434903928,39.29863722164668,42.64190467968582,39.29863722164668,42.64190467968582,96,101,96,101,-1,4,-1,4,-1,4,-1,4,96,101,96,101
1788413808,18.55,18.58,18.54,18.58,0,0,0,0,0,0,0,0,18.591576634214224,18.686589658647314,18.5,18.76,68.91472967837892,76.82557008867653,68.91472967837892,76.82557008867653,37.31091981635642,39.97641224802112,37.31091981635642,39.97641224802112,96,101,96,101,-1,4,-1,4,-1,4,-1,4,96,101,96,101
1788414265,18.59,18.59,18.55,18.55,0,0,0,0,0,0,0,0,18.586441488599515,18.68536322754966,18.5,18.76,67.18773770887067,75.44873689156141,67.18773770887067,75.44873689156141,35.607162040393334,37.79178714420723,35.607162040393334,37.79178714420723,96,101,96,101,-1,4,-1,4,-1,4,-1,4,96,101,96,101
1788414403,18.54,18.58,18.54,18.58,0,0,0,0,0,0,0,0,18.582846066429905,18.68418216724237,18.5,18.76,66.14801208304904,74.12006191891679,66.14801208304904,74.12006191891679,34.036908122534925,35.91434763337108,34.036908122534925,35.91434763337108,96,101,96,101,-1,4,-1,4,-1,4,-1,4,96,101,96,101
1788414663,18.59,18.62,18.580000000000002,18.62,0,0,0,0,0,0,0,0,18.587177084654773,18.68341086872918,18.5,18.76,65.93443227260569,72.95068625515806,65.93443227260569,72.95068625515806,34.99866850063439,35.45650806700273,34.99866850063439,35.45650806700273,96,101,96,101,-1,4,-1,4,-1,4,-1,4,96,101,96,101
1788415221,18.63,18.66,18.62,18.66,0,0,0,0,0,0,0,0,18.5979933722933,18.68304525477831,18.5,18.76,66.4879878621564,72.0274436275864,66.4879878621564,72.0274436275864,38.02083673680749,36.738672401905106,38.02083673680749,36.738672401905106,96,101,96,101,-1,4,-1,4,-1,4,-1,4,96,101,96,101
1788415543,18.67,18.67,18.630000000000003,18.630000000000003,0,0,0,0,0,0,0,0,18.606237001573305,18.682650111281344,18.5,18.76,66.43809399230317,71.22896510826021,66.43809399230317,71.22896510826021,40.611266653527295,38.6749695277162,40.611266653527295,38.6749695277162,96,101,96,101,-1,4,-1,4,-1,4,-1,4,96,101,96,101
1788415912,18.62,18.66,18.62,18.66,0,0,0,0,0,0,0,0,18.6135878497721,18.682292067056324,18.5,18.76,66.95567374473264,70.61849491347056,66.95567374473264,70.61849491347056,42.721745043682795,40.6983572856995,42.721745043682795,40.6983572856995,96,101,96,101,-1,4,-1,4,-1,4,-1,4,96,101,96,101
1788416286,18.67,18.68,18.64,18.64,0,0,0,0,0,0,0,0,18.620814301328686,18.682003920452114,18.5,18.76,67.06034366522165,70.11018759229214,67.06034366522165,70.11018759229214,45.08017707040937,42.88926717805444,45.08017707040937,42.88926717805444,96,101,96,101,-1,4,-1,4,-1,4,-1,4,96,101,96,101
1788417138,18.63,18.64,18.6,18.6,0,0,0,0,0,0,0,0,18.61945412532953,18.681320631028047,18.5,18.75,66.05183172274783,69.53042246807152,66.05183172274783,69.53042246807152,44.90388803837268,43.89657760821356,44.90388803837268,43.89657760821356,96,101,96,101,-1,4,-1,4,-1,4,-1,4,96,101,96,101